DTD,FARE_YQ_TICKET,stay_length_days,pax_total,ADULTS,TEENAGERS,CHILDREN,INFANTS,has_child_or_infant,has_teenager,is_logged_in,has_loyalty,segment_count,has_connection,travel_span_hours,HOUR_OF_THE_DAY_PL_TIME,emd_price,display_position,is_hub_caj_route,product,MARKET,LANGUAGE,FLIGHT_TYPE,BROWSER_TYPE,FIRST_TOUCH_CHANNEL,LAST_TOUCH_CHANNEL,LOGIN_STATUS,origin_area,destination_area,route_direction,origin_prefix,destination_prefix,dtd_bucket,fare_bucket,stay_bucket,first_booking_class,first_rbd,actual_sold,predicted_probability,expected_revenue
,490.4283414,,2,2,0,0,0,0,0,1,0,1,0,19.333333333333332,11.0,118.0129254,3,0,PET,EAST ZENITH,LANG_08,One-Way,google,Paid Search,Paid Search,Logged-In,AREA_B,AREA_C,AREA_B_TO_AREA_C,BE,CA,MISSING,very_high,unknown_or_oneway,P,A,1,0.9952960022549214,117.45779286502828
31.0,646.0335861,,2,1,1,0,0,0,1,0,0,2,1,11.5,17.0,107.7337254,4,0,PET,NEW HORIZON,LANG_02,One-Way,google,Direct,Organic Search,Logged-Out,AREA_C,AREA_C,AREA_C_TO_AREA_C,CA,CE,31_60,very_high,unknown_or_oneway,C,F,0,0.8553612868541738,92.15125799573819
0.0,254.21489520000003,,1,1,0,0,0,0,0,1,0,1,0,20.833333333333332,13.0,106.0830572,5,1,PET,UPPER VERTEX,LANG_11,One-Way,apple,Direct,Direct,Logged-In,AREA_C,AREA_B,AREA_C_TO_AREA_B,CA,BU,invalid_or_past,very_high,unknown_or_oneway,Y,M,0,0.7639911640695763,81.04651835828746
14.0,371.2680003,,3,1,0,2,0,1,0,1,0,1,0,14.916666666666666,15.0,114.3561,2,1,PET,LOWER VERTEX,LANG_02,One-Way,microsoft,MetaSearches,Organic Search,Logged-In,AREA_B,AREA_C,AREA_B_TO_AREA_C,BU,CA,8_14,very_high,unknown_or_oneway,Y,K,0,0.6929771359949595,79.24616266155319
38.0,202.1426095,,2,2,0,0,0,0,0,0,0,2,1,16.5,13.0,107.7337254,5,0,PET,NEW HORIZON,LANG_02,One-Way,google,MetaSearches,MetaSearches,Logged-Out,AREA_C,AREA_C,AREA_C_TO_AREA_C,CA,CE,31_60,very_high,unknown_or_oneway,Y,T,0,0.7140770377404297,76.9301794983729
144.0,176.6129314,,2,2,0,0,0,0,0,1,0,2,1,11.666666666666666,11.0,107.7337254,5,0,PET,NEW HORIZON,LANG_02,One-Way,apple,Direct,Direct,Logged-In,AREA_C,AREA_C,AREA_C_TO_AREA_C,CA,CE,120_plus,very_high,unknown_or_oneway,Y,S,0,0.6898203158509099,74.31691248322319
10.0,241.3504764,,4,2,0,2,0,1,0,0,0,1,0,16.166666666666668,15.0,100.6359378,3,1,PET,LOWER VERTEX,LANG_02,One-Way,microsoft,Paid Search,Paid Search,Logged-Out,AREA_B,AREA_C,AREA_B_TO_AREA_C,BU,CA,8_14,very_high,unknown_or_oneway,Y,U,0,0.7361082942532301,74.07894851453216
0.0,124.4481329,,2,1,0,0,1,1,0,0,0,1,0,16.166666666666668,23.0,114.3561,3,1,PET,LOWER VERTEX,LANG_02,One-Way,google,Paid Search,Paid Search,Logged-Out,AREA_B,AREA_C,AREA_B_TO_AREA_C,BU,CA,invalid_or_past,very_high,unknown_or_oneway,Y,T,0,0.6429169317920791,73.52147294370818
70.0,104.5835789,14.854166666666666,4,2,0,2,0,1,0,1,0,2,1,358.9166666666667,18.0,84.2920098,4,0,PET,NORTH HORIZON,LANG_09,Round-Trip,apple,Direct,Direct,Logged-In,AREA_B,AREA_B,AREA_B_TO_AREA_B,BA,BE,61_120,very_high,15_30,Y,W,0,0.8639235037563047,72.82184844507677
1.0,164.9130603,,2,2,0,0,0,0,0,0,0,1,0,16.166666666666668,23.0,100.6359378,3,1,PET,LOWER VERTEX,LANG_02,One-Way,apple,MetaSearches,MetaSearches,Logged-Out,AREA_B,AREA_C,AREA_B_TO_AREA_C,BU,CA,0_3,very_high,unknown_or_oneway,Y,W,0,0.7208190140944379,72.54029746746518
23.0,133.0479686,20.73263888888889,2,2,0,0,0,0,0,0,0,2,1,502.6666666666667,20.0,111.2020988,2,1,PET,GREAT MERIDIAN,LANG_02,Round-Trip,mozilla,Direct,Organic Search,Logged-Out,AREA_B,AREA_C,AREA_B_TO_AREA_C,BE,CA,15_30,very_high,15_30,Y,W,1,0.6511298349042901,72.40700423265456
8.0,132.7892754,,1,1,0,0,0,0,0,0,0,2,1,16.5,1.0,107.7337254,5,0,PET,EAST ZENITH,LANG_02,One-Way,google,Direct,Direct,Logged-Out,AREA_C,AREA_C,AREA_C_TO_AREA_C,CA,CE,8_14,very_high,unknown_or_oneway,Y,K,0,0.6522311717353402,70.26729395305537
0.0,140.78906279999998,,1,1,0,0,0,0,0,0,0,1,0,20.833333333333332,19.0,106.0830572,5,1,PET,UPPER APEX,LANG_02,One-Way,apple,Paid Search,Paid Search,Logged-Out,AREA_C,AREA_B,AREA_C_TO_AREA_B,CA,BU,invalid_or_past,very_high,unknown_or_oneway,Y,Q,0,0.6586846756421386,69.87528412290844
1.0,95.5417376,,1,1,0,0,0,0,0,1,0,1,0,16.166666666666668,14.0,94.2362792,3,1,PET,LOWER VERTEX,LANG_02,One-Way,google,Paid Search,Organic Search,Logged-In,AREA_B,AREA_C,AREA_B_TO_AREA_C,BU,CA,0_3,high,unknown_or_oneway,Y,W,0,0.7291283037574314,68.71033840550771
3.0,104.7000765,,1,1,0,0,0,0,0,1,1,1,0,16.166666666666668,15.0,114.3561,3,1,PET,UPPER APEX,LANG_09,One-Way,google,Direct,Push Notifications,Logged-In,AREA_B,AREA_C,AREA_B_TO_AREA_C,BU,CA,0_3,very_high,unknown_or_oneway,Y,S,1,0.5980560402469629,68.39135634408571
16.0,125.4529247,,1,1,0,0,0,0,0,0,0,2,1,14.333333333333334,13.0,107.7337254,5,0,PET,NEW HORIZON,LANG_02,One-Way,google,Paid Search,Paid Search,Logged-Out,AREA_C,AREA_C,AREA_C_TO_AREA_C,CA,CE,15_30,very_high,unknown_or_oneway,Y,Q,0,0.632048645059811,68.09295516631573
143.0,109.0503196,,1,1,0,0,0,0,0,1,0,3,1,883.5833333333334,12.0,170.4634,4,1,PET,UPPER VERTEX,LANG_11,Multi-City,google,Direct,Organic Search,Logged-In,AREA_C,AREA_B,AREA_C_TO_AREA_B,CA,BI,120_plus,very_high,unknown_or_oneway,Y,O,0,0.3926094306046886,66.92553841293928
67.0,88.1205835,,1,1,0,0,0,0,0,0,0,2,1,14.333333333333334,22.0,107.7337254,5,0,PET,NEW HORIZON,LANG_02,One-Way,apple,Direct,Paid Search,Logged-Out,AREA_C,AREA_C,AREA_C_TO_AREA_C,CA,CE,61_120,high,unknown_or_oneway,Y,S,0,0.6099017809834287,65.70699099343965
8.0,116.2658897,,1,1,0,0,0,0,0,0,0,1,0,20.833333333333332,23.0,106.0830572,5,1,PET,SOUTH ZENITH,LANG_02,One-Way,google,Paid Search,Paid Search,Logged-Out,AREA_C,AREA_B,AREA_C_TO_AREA_B,CA,BU,8_14,very_high,unknown_or_oneway,Y,S,0,0.6172553216754207,65.48033159629806
23.0,565.8472601,,1,1,0,0,0,0,0,0,0,1,0,16.166666666666668,14.0,72.811,3,1,PET,UPPER APEX,LANG_02,One-Way,google,Organic Search,Organic Search,Logged-Out,AREA_B,AREA_C,AREA_B_TO_AREA_C,BO,CA,15_30,very_high,unknown_or_oneway,C,Z,0,0.8955618823829303,65.20675621818354
2.0,394.1794805,,1,1,0,0,0,0,0,0,0,2,1,257.9166666666667,18.0,76.2374,3,1,PET,UPPER MERIDIAN,LANG_02,Multi-City,google,Direct,Direct,Logged-Out,AREA_C,AREA_C,AREA_C_TO_AREA_C,CA,CA,0_3,very_high,unknown_or_oneway,Y,Y,0,0.8548041923308387,65.16804913240308
30.0,126.2178685,,1,1,0,0,0,0,0,0,0,1,0,20.833333333333332,7.0,106.0830572,5,1,PET,UPPER APEX,LANG_02,One-Way,google,Direct,MetaSearches,Logged-Out,AREA_C,AREA_B,AREA_C_TO_AREA_B,CA,BU,15_30,very_high,unknown_or_oneway,Y,S,0,0.6013499143034675,63.79303735626984
10.0,80.9692584,,1,1,0,0,0,0,0,0,0,1,0,16.166666666666668,22.0,100.6359378,3,1,PET,LOWER VERTEX,LANG_02,One-Way,google,Direct,Direct,Logged-Out,AREA_B,AREA_C,AREA_B_TO_AREA_C,BU,CA,8_14,high,unknown_or_oneway,Y,U,0,0.6211582337905486,62.5108413797035
4.0,156.9745198,,1,1,0,0,0,0,0,0,0,1,0,20.833333333333332,12.0,76.2374,2,1,PET,UPPER APEX,LANG_02,One-Way,google,MetaSearches,Organic Search,Logged-Out,AREA_C,AREA_B,AREA_C_TO_AREA_B,CA,BU,4_7,very_high,unknown_or_oneway,Y,K,1,0.8106490275070843,61.80177416966859
39.0,186.9812178,,2,2,0,0,0,0,0,1,0,1,0,20.583333333333332,20.0,74.7991686,3,1,PET,LOWER VERTEX,LANG_02,One-Way,apple,Direct,Direct,Logged-In,AREA_D,AREA_C,AREA_D_TO_AREA_C,DA,CA,31_60,very_high,unknown_or_oneway,Y,V,0,0.8243295070563423,61.65916178026224
40.0,108.2648174,,1,1,0,0,0,0,0,0,0,1,0,15.916666666666666,20.0,114.3561,3,1,PET,LOWER VERTEX,LANG_09,One-Way,google,Paid Search,Paid Search,Logged-Out,AREA_B,AREA_C,AREA_B_TO_AREA_C,BU,CA,31_60,very_high,unknown_or_oneway,Y,V,0,0.5388081723541511,61.61600123854854
21.0,172.3534879,,2,2,0,0,0,0,0,0,0,1,0,20.583333333333332,17.0,71.2879652,4,1,PET,LOWER VERTEX,LANG_02,One-Way,google,Direct,Direct,Logged-Out,AREA_D,AREA_C,AREA_D_TO_AREA_C,DA,CA,15_30,very_high,unknown_or_oneway,Y,V,0,0.8480146253245188,60.45323709922533
2.0,126.6431704,,1,1,0,0,0,0,0,0,0,1,0,20.833333333333332,10.0,106.0830572,5,1,PET,UPPER APEX,LANG_09,One-Way,google,Direct,MetaSearches,Logged-Out,AREA_C,AREA_B,AREA_C_TO_AREA_B,CA,BU,0_3,very_high,unknown_or_oneway,Y,S,0,0.5603488021458481,59.443514029989494
2.0,190.4594421,,1,1,0,0,0,0,0,0,0,2,1,429.75,15.0,76.2374,3,1,PET,UPPER APEX,LANG_02,Multi-City,google,Direct,Organic Search,Logged-Out,AREA_C,AREA_C,AREA_C_TO_AREA_C,CA,CA,0_3,very_high,unknown_or_oneway,Y,K,0,0.7745333939058293,59.04841216455627
15.0,94.2349943,,2,1,0,0,1,1,0,0,0,1,0,15.916666666666666,10.0,114.3561,3,1,PET,LOWER VERTEX,LANG_02,One-Way,mozilla,Direct,Affiliate,Logged-Out,AREA_B,AREA_C,AREA_B_TO_AREA_C,BU,CA,15_30,high,unknown_or_oneway,Y,V,0,0.5102746786904118,58.353022183788596
85.0,141.1359858,,1,1,0,0,0,0,0,1,1,1,0,20.833333333333332,20.0,106.0830572,4,1,PET,UPPER AURORA,LANG_02,One-Way,apple,Direct,Direct,Logged-In,AREA_C,AREA_B,AREA_C_TO_AREA_B,CA,BU,61_120,very_high,unknown_or_oneway,Y,Q,0,0.5437864888810698,57.6865332045577
57.0,241.28494649999996,,1,1,0,0,0,0,0,1,0,4,1,341.5833333333333,15.0,76.2374,2,1,PET,UPPER VERTEX,LANG_02,Multi-City,google,Direct,Direct,Logged-In,AREA_C,AREA_C,AREA_C_TO_AREA_C,CA,CA,31_60,very_high,unknown_or_oneway,Y,T,0,0.7499668798843427,57.17552500849459
7.0,1260.7164688,,2,2,0,0,0,0,0,0,0,1,0,16.166666666666668,10.0,72.811,3,1,PET,UPPER APEX,LANG_09,One-Way,apple,Paid Search,Paid Search,Logged-Out,AREA_B,AREA_C,AREA_B_TO_AREA_C,BO,CA,4_7,very_high,unknown_or_oneway,C,Z,0,0.782582058629757,56.98058227089125
4.0,220.5783547,,1,1,0,0,0,0,0,1,0,1,0,0.8333333333333334,13.0,75.5915236,5,0,PET,NORTH MERIDIAN,LANG_02,Round-Trip,apple,Direct,Direct,Logged-In,AREA_C,AREA_B,AREA_C_TO_AREA_B,CI,BI,4_7,very_high,unknown_or_oneway,Y,V,1,0.7487236396384157,56.597160675605195
15.0,80.9692584,,1,1,0,0,0,0,0,1,0,1,0,16.166666666666668,19.0,100.6359378,3,1,PET,LOWER VERTEX,LANG_02,One-Way,google,Direct,Paid Search,Logged-In,AREA_B,AREA_C,AREA_B_TO_AREA_C,BU,CA,15_30,high,unknown_or_oneway,Y,U,0,0.5608091436636922,56.43755409941058
12.0,66.133803,,1,1,0,0,0,0,0,0,0,1,0,16.166666666666668,16.0,94.2362792,3,1,PET,LOWER VERTEX,LANG_02,One-Way,google,Direct,Paid Search,Logged-Out,AREA_B,AREA_C,AREA_B_TO_AREA_C,BU,CA,8_14,high,unknown_or_oneway,Y,U,0,0.5971376064279431,56.27202620016336
30.0,97.6455472,44.68055555555556,1,1,0,0,0,0,0,0,0,2,1,1078.0,11.0,87.6635874,2,1,PET,LOWER VERTEX,LANG_02,Round-Trip,google,Paid Search,Paid Search,Logged-Out,AREA_B,AREA_C,AREA_B_TO_AREA_C,BO,CA,15_30,high,30_plus,Y,O,0,0.6377291365431749,55.90562389887914
1.0,131.7540743,,1,1,0,0,0,0,0,0,0,1,0,20.583333333333332,12.0,74.7991686,4,1,PET,UPPER APEX,LANG_09,One-Way,apple,Direct,Organic Search,Logged-Out,AREA_D,AREA_C,AREA_D_TO_AREA_C,DA,CA,0_3,very_high,unknown_or_oneway,C,I,0,0.7363519674396296,55.078514961458566
1.0,131.7540743,,1,1,0,0,0,0,0,0,0,1,0,20.583333333333332,12.0,74.7991686,4,1,PET,UPPER APEX,LANG_09,One-Way,apple,Direct,Organic Search,Logged-Out,AREA_D,AREA_C,AREA_D_TO_AREA_C,DA,CA,0_3,very_high,unknown_or_oneway,C,I,0,0.7363519674396296,55.078514961458566
79.0,309.6947357,10.854166666666666,3,1,2,0,0,0,1,0,0,2,1,262.9166666666667,12.0,84.2920098,2,0,PET,NORTH HORIZON,LANG_02,Round-Trip,mozilla,Paid Search,Paid Search,Logged-Out,AREA_B,AREA_B,AREA_B_TO_AREA_B,BA,BE,61_120,very_high,9_14,C,Z,1,0.6467985507657185,54.51994977976974
17.0,81.3324568,,1,1,0,0,0,0,0,0,0,1,0,16.166666666666668,14.0,100.6359378,3,1,PET,LOWER VERTEX,LANG_02,One-Way,apple,Paid Search,Paid Search,Logged-Out,AREA_B,AREA_C,AREA_B_TO_AREA_C,BU,CA,15_30,high,unknown_or_oneway,Y,U,0,0.5396173628954092,54.30489936814242
18.0,604.1188632000001,,4,3,1,0,0,0,1,0,0,1,0,20.833333333333332,20.0,106.0830572,5,1,PET,UPPER APEX,LANG_09,One-Way,opera,Direct,Paid Search,Logged-Out,AREA_C,AREA_B,AREA_C_TO_AREA_B,CA,BU,15_30,very_high,unknown_or_oneway,Y,Q,0,0.5077417432255059,53.86279638941905
64.0,104.27734440000002,,1,1,0,0,0,0,0,0,0,6,1,380.0833333333333,9.0,170.4634,4,1,PET,UPPER APEX,LANG_02,Multi-City,google,Direct,Direct,Logged-Out,AREA_C,AREA_B,AREA_C_TO_AREA_B,CA,BI,61_120,very_high,unknown_or_oneway,Y,O,0,0.3150937293477342,53.71194842329456
0.0,114.9141749,,1,1,0,0,0,0,0,0,0,1,0,16.166666666666668,13.0,100.6359378,2,1,PET,LOWER VERTEX,LANG_02,One-Way,apple,MetaSearches,MetaSearches,Logged-Out,AREA_B,AREA_C,AREA_B_TO_AREA_C,BU,CA,invalid_or_past,very_high,unknown_or_oneway,Y,T,0,0.5317973704766664,53.517927097493356
6.0,389.3919431,,1,1,0,0,0,0,0,0,0,1,0,0.8333333333333334,20.0,65.4583739,2,0,PET,NORTH MERIDIAN,LANG_02,Round-Trip,apple,Direct,Direct,Logged-Out,AREA_C,AREA_B,AREA_C_TO_AREA_B,CI,BI,4_7,very_high,unknown_or_oneway,Y,Y,0,0.8150999723576916,53.35511875646944
136.0,218.93839399999996,79.36111111111111,1,1,0,0,0,0,0,1,0,2,1,1911.9166666666667,9.0,126.4547184,3,1,PET,CENTRAL MERIDIAN,LANG_09,Round-Trip,other,Direct,Referrals,Logged-In,AREA_C,AREA_B,AREA_C_TO_AREA_B,CA,BU,120_plus,very_high,30_plus,Y,S,0,0.42180444133414907,53.33916184877914
141.0,145.54790409999998,141.69791666666666,2,2,0,0,0,0,0,0,0,2,1,3406.0,16.0,87.6635874,2,1,PET,LOWER VERTEX,LANG_02,Round-Trip,google,Paid Search,Paid Search,Logged-Out,AREA_B,AREA_C,AREA_B_TO_AREA_C,BO,CA,120_plus,very_high,30_plus,Y,O,0,0.6031357814426047,52.87304629056108
42.0,90.1704273,,1,1,0,0,0,0,0,0,0,1,0,20.583333333333332,23.0,74.9525,4,1,PET,LOWER VERTEX,LANG_02,One-Way,google,Organic Search,Paid Search,Logged-Out,AREA_D,AREA_C,AREA_D_TO_AREA_C,DA,CA,31_60,high,unknown_or_oneway,Y,V,0,0.7043727265561442,52.7944967871994
6.0,86.7320349,,1,1,0,0,0,0,0,0,0,1,0,16.166666666666668,10.0,94.2362792,3,1,PET,LOWER VERTEX,LANG_02,One-Way,google,MetaSearches,Organic Search,Logged-Out,AREA_B,AREA_C,AREA_B_TO_AREA_C,BU,CA,4_7,high,unknown_or_oneway,Y,L,0,0.5564210354364361,52.435048048141084
7.0,207.656972,,1,1,0,0,0,0,0,0,0,3,1,-409.6666666666667,14.0,76.2374,2,0,PET,UPPER APEX,LANG_02,Round-Trip,apple,Direct,Direct,Logged-Out,AREA_B,AREA_C,AREA_B_TO_AREA_C,BE,CA,4_7,very_high,unknown_or_oneway,Y,V,0,0.6830615986927088,52.07484032417551
36.0,104.655105,,1,1,0,0,0,0,0,0,0,2,1,16.5,20.0,107.7337254,5,0,PET,EAST ZENITH,LANG_02,One-Way,apple,MetaSearches,MetaSearches,Logged-Out,AREA_C,AREA_C,AREA_C_TO_AREA_C,CA,CE,31_60,very_high,unknown_or_oneway,Y,T,0,0.4825270302473357,51.98443457474396
90.0,329.46206559999996,,2,2,0,0,0,0,0,1,0,2,1,-171.41666666666666,12.0,126.4547184,4,1,PET,UPPER APEX,LANG_02,Round-Trip,google,Email,Email,Logged-In,AREA_C,AREA_B,AREA_C_TO_AREA_B,CA,BU,61_120,very_high,unknown_or_oneway,Y,S,0,0.409805825577853,51.82188027212692
95.0,276.02949909999995,,2,2,0,0,0,0,0,0,0,1,0,19.583333333333332,12.0,76.2374,5,1,PET,SOUTH ZENITH,LANG_07,One-Way,microsoft,Paid Search,Paid Search,Logged-Out,AREA_C,AREA_B,AREA_C_TO_AREA_B,CA,BU,61_120,very_high,unknown_or_oneway,Y,T,0,0.6784836657289247,51.72583061764232
115.0,88.3064657,,1,1,0,0,0,0,0,0,0,2,1,19.666666666666668,13.0,107.7337254,5,0,PET,NEW HORIZON,LANG_02,One-Way,google,Paid Search,MetaSearches,Logged-Out,AREA_C,AREA_C,AREA_C_TO_AREA_C,CA,CE,61_120,high,unknown_or_oneway,Y,S,0,0.47967854074236954,51.67755618861115
19.0,81.4699411,,1,1,0,0,0,0,0,0,0,1,0,16.166666666666668,13.0,100.6359378,2,1,PET,UPPER APEX,LANG_09,One-Way,mozilla,Direct,Direct,Logged-Out,AREA_B,AREA_C,AREA_B_TO_AREA_C,BU,CA,15_30,high,unknown_or_oneway,C,I,0,0.5131293199622415,51.63925032707643
4.0,153.39692989999998,,1,1,0,0,0,0,0,0,0,1,0,20.833333333333332,19.0,76.2374,5,1,PET,SOUTH ZENITH,LANG_07,One-Way,google,Paid Search,Paid Search,Logged-Out,AREA_C,AREA_B,AREA_C_TO_AREA_B,CA,BU,4_7,very_high,unknown_or_oneway,Y,T,0,0.6675941280848199,50.895640580453644
153.0,653.8804704,23.697916666666668,4,2,0,2,0,1,0,1,0,2,1,574.0,10.0,87.6635874,1,1,PET,LOWER VERTEX,LANG_02,Round-Trip,google,Direct,Direct,Logged-In,AREA_B,AREA_C,AREA_B_TO_AREA_C,BO,CA,120_plus,very_high,15_30,Y,O,0,0.5787755028561506,50.73753687960911
41.0,107.8052515,,1,1,0,0,0,0,0,1,0,1,0,16.166666666666668,19.0,100.6359378,3,1,PET,LOWER VERTEX,LANG_02,One-Way,google,Paid Search,Referrals,Logged-In,AREA_B,AREA_C,AREA_B_TO_AREA_C,BU,CA,31_60,very_high,unknown_or_oneway,Y,V,0,0.5037043887180321,50.6907635326149
22.0,61.576691,24.010416666666668,2,2,0,0,0,0,0,1,1,4,1,579.1666666666666,12.0,57.6560328,4,0,PET,UPPER APEX,LANG_02,Round-Trip,google,Paid Search,Paid Search,Logged-In,AREA_C,AREA_B,AREA_C_TO_AREA_B,CU,BE,15_30,high,15_30,Y,S,0,0.8693856945569408,50.12533012122576
24.0,198.5731573,31.78125,2,1,0,1,0,1,0,0,0,2,1,766.0833333333334,13.0,100.7353034,3,1,PET,LOWER VERTEX,LANG_02,Round-Trip,google,Organic Search,Organic Search,Logged-Out,AREA_B,AREA_C,AREA_B_TO_AREA_C,BU,CA,15_30,very_high,30_plus,Y,O,0,0.49063184978802704,49.42394824610013
23.0,138.1657253,,1,1,0,0,0,0,0,0,0,1,0,20.833333333333332,19.0,106.0830572,5,1,PET,UPPER APEX,LANG_02,One-Way,apple,MetaSearches,MetaSearches,Logged-Out,AREA_C,AREA_B,AREA_C_TO_AREA_B,CA,BU,15_30,very_high,unknown_or_oneway,Y,T,0,0.4624156713094828,49.05446810970026
21.0,100.2671715,,1,1,0,0,0,0,0,1,0,1,0,20.583333333333332,20.0,71.2879652,3,1,PET,UPPER APEX,LANG_02,One-Way,apple,Direct,Direct,Logged-In,AREA_D,AREA_C,AREA_D_TO_AREA_C,DA,CA,15_30,high,unknown_or_oneway,Y,V,0,0.6876981157766191,49.024599345589195
41.0,57.2842684,9.208333333333334,2,2,0,0,0,0,0,0,0,4,1,223.25,22.0,58.42012,4,0,PET,UPPER APEX,LANG_02,Round-Trip,google,Direct,Email,Logged-Out,AREA_C,AREA_C,AREA_C_TO_AREA_C,CE,CI,31_60,high,9_14,Y,O,0,0.8383001536690331,48.973595573363355
1.0,279.8122447,,1,1,0,0,0,0,0,1,0,1,0,19.333333333333332,10.0,76.2374,2,0,PET,UPPER APEX,LANG_02,Round-Trip,google,Organic Search,Organic Search,Logged-In,AREA_B,AREA_C,AREA_B_TO_AREA_C,BE,CA,0_3,very_high,unknown_or_oneway,Y,E,0,0.6414095298898973,48.899394894028056
132.0,529.3736604,,1,1,0,0,0,0,0,1,0,1,0,16.25,21.0,72.811,3,1,PET,LOWER VERTEX,LANG_02,One-Way,google,Paid Search,Paid Search,Logged-In,AREA_B,AREA_C,AREA_B_TO_AREA_C,BO,CA,120_plus,very_high,unknown_or_oneway,C,Z,0,0.6703340217927362,48.80769046075092
21.0,114.4571788,,1,1,0,0,0,0,0,0,0,2,1,16.166666666666668,22.0,107.7337254,5,0,PET,EAST ZENITH,LANG_02,One-Way,google,MetaSearches,MetaSearches,Logged-Out,AREA_C,AREA_C,AREA_C_TO_AREA_C,CA,CE,15_30,very_high,unknown_or_oneway,Y,H,0,0.45237463687805474,48.73600490734506
,659.8908043,29.006944444444443,4,3,1,0,0,0,1,1,0,2,1,699.5,11.0,50.4417476,1,1,PET,LOWER VERTEX,LANG_02,Round-Trip,google,Paid Search,Paid Search,Logged-In,AREA_D,AREA_C,AREA_D_TO_AREA_C,DA,CA,MISSING,very_high,15_30,Y,O,1,0.9660734519419022,48.73043322591416
39.0,234.8081939,9.229166666666666,2,2,0,0,0,0,0,0,0,2,1,231.58333333333334,11.0,97.8185804,1,1,PET,NEW VERTEX,LANG_02,Round-Trip,google,Direct,Organic Search,Logged-Out,AREA_C,AREA_C,AREA_C_TO_AREA_C,CE,CA,31_60,very_high,9_14,Y,S,1,0.49503501600618316,48.42362251401612
35.0,167.242584,90.01041666666667,1,1,0,0,0,0,0,0,0,2,1,2166.9166666666665,13.0,126.4547184,3,1,PET,UPPER APEX,LANG_02,Round-Trip,google,Paid Search,Organic Search,Logged-Out,AREA_C,AREA_B,AREA_C_TO_AREA_B,CA,BU,31_60,very_high,30_plus,Y,L,0,0.3827311747534213,48.39816292634508
38.0,46.07651400000001,6.430555555555555,2,2,0,0,0,0,0,1,0,4,1,155.58333333333334,22.0,57.6046368,5,0,PET,CENTRAL MERIDIAN,LANG_02,Round-Trip,google,Paid Search,Paid Search,Logged-In,AREA_B,AREA_C,AREA_B_TO_AREA_C,BI,CI,31_60,mid,6_8,Y,V,0,0.8378297157267386,48.262876474686024
6.0,95.7006369,,1,1,0,0,0,0,0,0,0,1,0,20.583333333333332,14.0,74.7991686,4,1,PET,LOWER VERTEX,LANG_02,One-Way,samsung,Paid Search,Paid Search,Logged-Out,AREA_D,AREA_C,AREA_D_TO_AREA_C,DA,CA,4_7,high,unknown_or_oneway,Y,S,0,0.643272377150299,48.116238994188
23.0,100.6787678,,1,1,0,0,0,0,0,0,0,1,0,20.583333333333332,,74.7991686,3,1,PET,LOWER VERTEX,LANG_02,One-Way,apple,Paid Search,Paid Search,Logged-Out,AREA_D,AREA_C,AREA_D_TO_AREA_C,DA,CA,15_30,high,unknown_or_oneway,Y,V,0,0.6425140569419949,48.05951727307428
18.0,79.8475407,8.465277777777779,4,2,1,1,0,1,1,1,0,4,1,204.08333333333334,9.0,57.8736092,3,0,PET,GREAT MERIDIAN,LANG_02,Round-Trip,google,Direct,Paid Search,Logged-In,AREA_B,AREA_B,AREA_B_TO_AREA_B,BE,BA,15_30,high,9_14,Y,W,1,0.8299574571819839,48.03263352957587
49.0,138.2976417,114.01041666666667,3,1,1,1,0,1,1,1,1,3,1,2737.4166666666665,15.0,55.4537142,3,1,PET,NEW ZENITH,LANG_09,Round-Trip,apple,Direct,Organic Social,Logged-In,AREA_B,AREA_C,AREA_B_TO_AREA_C,BA,CA,31_60,very_high,30_plus,Y,Q,0,0.8636517320390188,47.89269631682673
4.0,25.0024408,,1,1,0,0,0,0,0,0,0,1,0,2.6666666666666665,9.0,52.869352,4,1,PET,WEST MERIDIAN,LANG_02,One-Way,google,Direct,Direct,Logged-Out,AREA_B,AREA_C,AREA_B_TO_AREA_C,BO,CA,4_7,low,unknown_or_oneway,Y,O,0,0.8932666535098416,47.22642913427385
58.0,110.7549536,9.680555555555555,1,1,0,0,0,0,0,0,0,2,1,238.0,7.0,87.6635874,1,1,PET,LOWER VERTEX,LANG_09,Round-Trip,apple,Direct,Direct,Logged-Out,AREA_B,AREA_C,AREA_B_TO_AREA_C,BO,CA,31_60,very_high,9_14,Y,O,0,0.5385252605287404,47.209056243469
24.0,53.320351900000006,10.885416666666666,2,2,0,0,0,0,0,1,0,2,1,263.3333333333333,15.0,55.4537142,3,1,PET,NEW ZENITH,LANG_09,Round-Trip,apple,Direct,Direct,Logged-In,AREA_B,AREA_C,AREA_B_TO_AREA_C,BA,CA,15_30,mid,9_14,Y,U,0,0.8504541462556577,47.160841166666245
213.0,179.590473,,2,2,0,0,0,0,0,0,0,2,1,19.666666666666668,20.0,107.7337254,4,0,PET,NEW HORIZON,LANG_02,One-Way,google,Paid Search,Organic Search,Logged-Out,AREA_C,AREA_C,AREA_C_TO_AREA_C,CA,CE,120_plus,very_high,unknown_or_oneway,Y,S,0,0.4368290328337313,47.061219070056794
107.0,32.8835891,49.142361111111114,2,2,0,0,0,0,0,0,0,2,1,1181.6666666666667,13.0,55.59334,1,0,PET,NORTH HORIZON,LANG_04,Round-Trip,google,Direct,Paid Search,Logged-Out,AREA_B,AREA_B,AREA_B_TO_AREA_B,BE,BA,61_120,low,30_plus,Y,U,0,0.8360889994337962,46.48098001578284
4.0,409.13571649999994,,2,2,0,0,0,0,0,0,0,2,1,30.5,14.0,51.3236173,5,0,PET,NORTH MERIDIAN,LANG_02,One-Way,google,Paid Search,Organic Search,Logged-Out,AREA_B,AREA_B,AREA_B_TO_AREA_B,BI,BO,4_7,very_high,unknown_or_oneway,Y,K,0,0.9004981195096128,46.21682086508103
119.0,102.5581482,20.697916666666668,1,1,0,0,0,0,0,0,0,2,1,502.0,9.0,87.6635874,1,1,PET,UPPER APEX,LANG_02,Round-Trip,apple,Direct,Direct,Logged-Out,AREA_B,AREA_C,AREA_B_TO_AREA_C,BO,CA,61_120,very_high,15_30,Y,O,0,0.5271389156252136,46.21088840185214
,769.5129044,138.90277777777777,5,2,1,2,0,1,1,0,0,4,1,3337.0,16.0,46.7420922,3,0,PET,NORTH MERIDIAN,LANG_02,Round-Trip,mozilla,Paid Search,Paid Search,Logged-Out,AREA_B,AREA_C,AREA_B_TO_AREA_C,BI,CI,MISSING,very_high,30_plus,Y,V,1,0.980772490897877,45.84335819677223
4.0,192.6060817,,2,2,0,0,0,0,0,0,0,1,0,10.083333333333334,10.0,52.9730006,2,1,PET,CENTRAL AURORA,LANG_02,One-Way,google,Organic Search,MetaSearches,Logged-Out,AREA_C,AREA_C,AREA_C_TO_AREA_C,CA,CE,4_7,very_high,unknown_or_oneway,Y,Q,0,0.8633507749488425,45.734281119375495
0.0,99.9853501,126.78125,1,1,0,0,0,0,0,0,0,2,1,3045.9166666666665,16.0,100.7353034,2,1,PET,UPPER VERTEX,LANG_10,Round-Trip,google,Email,Email,Logged-Out,AREA_B,AREA_C,AREA_B_TO_AREA_C,BU,CA,invalid_or_past,high,30_plus,Y,W,0,0.4536119157002156,45.69473395391644
15.0,80.7855177,,1,1,0,0,0,0,0,0,0,1,0,16.166666666666668,20.0,100.6359378,3,1,PET,LOWER VERTEX,LANG_02,One-Way,google,Paid Search,Paid Search,Logged-Out,AREA_B,AREA_C,AREA_B_TO_AREA_C,BU,CA,15_30,high,unknown_or_oneway,Y,U,0,0.4530934407555022,45.5974833214587
9.0,53.6638485,,1,1,0,0,0,0,0,0,0,1,0,4.916666666666667,21.0,57.3922,5,1,PET,WEST APEX,LANG_09,One-Way,apple,Organic Search,Organic Search,Logged-Out,AREA_C,AREA_B,AREA_C_TO_AREA_B,CA,BU,8_14,mid,unknown_or_oneway,Y,S,0,0.7944190344641607,45.59345610977401
14.0,307.2200183,,2,2,0,0,0,0,0,0,0,2,1,30.5,15.0,51.3236173,5,0,PET,NORTH MERIDIAN,LANG_02,One-Way,google,Direct,Paid Search,Logged-Out,AREA_B,AREA_B,AREA_B_TO_AREA_B,BI,BO,8_14,very_high,unknown_or_oneway,Y,V,0,0.8789724170288054,45.11204394884241
28.0,238.7232842,,2,1,1,0,0,0,1,0,0,1,0,20.583333333333332,14.0,53.4124364,4,1,PET,UPPER VERTEX,LANG_10,One-Way,google,Organic Search,Organic Search,Logged-Out,AREA_D,AREA_C,AREA_D_TO_AREA_C,DA,CA,15_30,very_high,unknown_or_oneway,Y,S,0,0.8444102730081292,45.102010002553335
4.0,181.1267851,,1,1,0,0,0,0,0,0,0,2,1,30.5,1.0,51.3236173,5,0,PET,NORTH MERIDIAN,LANG_02,One-Way,apple,Organic Search,Organic Search,Logged-Out,AREA_B,AREA_B,AREA_B_TO_AREA_B,BI,BO,4_7,very_high,unknown_or_oneway,Y,S,0,0.8759779941378085,44.95835933435053
172.0,459.8173121,,3,2,0,1,0,1,0,0,0,1,0,20.583333333333332,17.0,71.2879652,4,1,PET,LOWER VERTEX,LANG_02,One-Way,google,Direct,Organic Search,Logged-Out,AREA_D,AREA_C,AREA_D_TO_AREA_C,DA,CA,120_plus,very_high,unknown_or_oneway,Y,T,0,0.6298861903127628,44.90330481497681
180.0,33.287476000000005,86.78472222222223,1,1,0,0,0,0,0,0,0,2,1,2087.0,17.0,52.860786,1,1,PET,GREAT MERIDIAN,LANG_09,Round-Trip,mozilla,Direct,Paid Search,Logged-Out,AREA_C,AREA_C,AREA_C_TO_AREA_C,CI,CA,120_plus,low,30_plus,Y,L,1,0.848457483035505,44.85012944083846
73.0,73.684732,10.854166666666666,2,2,0,0,0,0,0,0,0,2,1,262.9166666666667,17.0,84.2920098,2,0,PET,NEW AURORA,LANG_04,Round-Trip,apple,Paid Search,Paid Search,Logged-Out,AREA_B,AREA_B,AREA_B_TO_AREA_B,BA,BE,61_120,high,9_14,Y,O,0,0.5310835415842456,44.766099091837944
22.0,278.9128147,,2,2,0,0,0,0,0,0,0,2,1,30.5,10.0,51.3236173,5,0,PET,NORTH MERIDIAN,LANG_02,One-Way,apple,Paid Search,Paid Search,Logged-Out,AREA_B,AREA_B,AREA_B_TO_AREA_B,BI,BO,15_30,very_high,unknown_or_oneway,Y,V,0,0.8704891016643221,44.67664951764046
2.0,105.5181295,0.19791666666666666,1,1,0,0,0,0,0,0,0,2,1,7.583333333333333,18.0,57.6046368,2,0,PET,LOWER VERTEX,LANG_02,Round-Trip,apple,Direct,Direct,Logged-Out,AREA_B,AREA_C,AREA_B_TO_AREA_C,BI,CI,0_3,very_high,1_2,C,C,0,0.7746301116694229,44.62228623706055
2.0,308.02350909999996,,1,1,0,0,0,0,0,0,0,2,1,30.5,9.0,51.3236173,5,0,PET,LOWER VERTEX,LANG_02,One-Way,google,Direct,Direct,Logged-Out,AREA_B,AREA_B,AREA_B_TO_AREA_B,BI,BO,0_3,very_high,unknown_or_oneway,Y,Y,0,0.8678221238058531,44.53977056668483
93.0,214.3778556,89.0,1,1,0,0,0,0,0,0,0,2,1,2143.25,14.0,126.4547184,3,1,PET,UPPER APEX,LANG_09,Round-Trip,google,Direct,Paid Search,Logged-Out,AREA_C,AREA_B,AREA_C_TO_AREA_B,CA,BU,61_120,very_high,30_plus,Y,T,0,0.3500978323041005,44.271522796465455
2.0,135.7158493,8.819444444444445,1,1,0,0,0,0,0,1,0,2,1,221.75,22.0,97.8185804,1,1,PET,UPPER VERTEX,LANG_11,Round-Trip,apple,Paid Search,Paid Search,Logged-In,AREA_C,AREA_C,AREA_C_TO_AREA_C,CE,CA,0_3,very_high,9_14,Y,T,0,0.4514419137761631,44.15940713864348
5.0,25.5939231,,1,1,0,0,0,0,0,1,0,1,0,2.6666666666666665,17.0,52.869352,4,1,PET,UPPER VERTEX,LANG_02,One-Way,google,Organic Search,Organic Search,Logged-In,AREA_B,AREA_C,AREA_B_TO_AREA_C,BO,CA,4_7,low,unknown_or_oneway,Y,T,0,0.8327643515234221,44.027711633743536
26.0,207.4749445,,2,1,0,1,0,1,0,0,0,1,0,16.166666666666668,12.0,51.90996,4,1,PET,LOWER VERTEX,LANG_02,One-Way,apple,Organic Search,Organic Search,Logged-Out,AREA_B,AREA_C,AREA_B_TO_AREA_C,BO,CA,15_30,very_high,unknown_or_oneway,Y,S,0,0.8476618044775694,44.00209036395845
40.0,662.2348902,,2,1,1,0,0,0,1,1,0,1,0,20.833333333333332,22.0,76.2374,5,1,PET,UPPER APEX,LANG_09,One-Way,apple,Direct,MetaSearches,Logged-In,AREA_C,AREA_B,AREA_C_TO_AREA_B,CA,BU,31_60,very_high,unknown_or_oneway,Y,Y,0,0.577108739460227,43.997269813725104
13.0,73.04185369999999,10.850694444444445,2,2,0,0,0,0,0,0,0,4,1,263.25,11.0,57.6560328,4,0,PET,NEW APEX,LANG_02,Round-Trip,google,Organic Search,Paid Search,Logged-Out,AREA_C,AREA_B,AREA_C_TO_AREA_B,CU,BE,8_14,high,9_14,Y,W,0,0.7619757027490576,43.93249611050271
21.0,192.7923922,,2,2,0,0,0,0,0,0,0,1,0,10.083333333333334,17.0,52.9730006,5,1,PET,GREAT APEX,LANG_10,One-Way,google,Paid Search,Organic Search,Logged-Out,AREA_C,AREA_C,AREA_C_TO_AREA_C,CA,CE,15_30,very_high,unknown_or_oneway,Y,K,0,0.8288580164209732,43.90709620118302
210.0,173.5651486,26.78472222222222,2,2,0,0,0,0,0,0,0,2,1,646.0,13.0,100.7353034,3,1,PET,LOWER VERTEX,LANG_02,Round-Trip,apple,Direct,Direct,Logged-Out,AREA_B,AREA_C,AREA_B_TO_AREA_C,BU,CA,120_plus,very_high,15_30,Y,O,0,0.4358094927250813,43.90140147426116
162.0,326.47510139999997,41.642361111111114,2,1,0,1,0,1,0,1,0,2,1,1005.3333333333334,2.0,76.2374,2,0,PET,UPPER APEX,LANG_02,Round-Trip,samsung,Direct,Direct,Logged-In,AREA_B,AREA_C,AREA_B_TO_AREA_C,BE,CA,120_plus,very_high,30_plus,Y,V,0,0.57494490161001,43.83230444200297
85.0,202.5567756,,2,2,0,0,0,0,0,1,0,1,0,20.583333333333332,18.0,53.4124364,4,1,PET,UPPER VERTEX,LANG_11,One-Way,samsung,Direct,Direct,Logged-In,AREA_D,AREA_C,AREA_D_TO_AREA_C,DA,CA,61_120,very_high,unknown_or_oneway,Y,V,0,0.8193109514499399,43.761394086143405
5.0,155.2304822,,1,1,0,0,0,0,0,1,0,2,1,30.5,11.0,51.3236173,5,0,PET,NORTH MERIDIAN,LANG_02,One-Way,apple,Direct,Direct,Logged-In,AREA_B,AREA_B,AREA_B_TO_AREA_B,BI,BO,4_7,very_high,unknown_or_oneway,Y,T,0,0.8500769904707716,43.629026134457625
6.0,141.28246439999998,,1,1,0,0,0,0,0,0,0,2,1,5.583333333333333,9.0,52.9220329,4,0,PET,GREAT ZENITH,LANG_02,One-Way,microsoft,Organic Search,Organic Search,Logged-Out,AREA_C,AREA_B,AREA_C_TO_AREA_B,CI,BI,4_7,very_high,unknown_or_oneway,Y,Q,0,0.8212222150674947,43.46074908401283
0.0,30.4337131,13.916666666666666,1,1,0,0,0,0,0,0,0,5,1,335.25,9.0,57.6046368,6,0,PET,UPPER VERTEX,LANG_11,Round-Trip,google,Paid Search,Paid Search,Logged-Out,AREA_B,AREA_C,AREA_B_TO_AREA_C,BI,CI,invalid_or_past,low,9_14,Y,V,0,0.7527883410241808,43.364098971972474
50.0,84.0817145,33.78125,1,1,0,0,0,0,0,0,0,2,1,814.0833333333334,5.0,80.9649754,3,1,PET,LOWER VERTEX,LANG_09,Round-Trip,google,Paid Search,Paid Search,Logged-Out,AREA_B,AREA_C,AREA_B_TO_AREA_C,BU,CA,31_60,high,30_plus,Y,U,0,0.5350160893185276,43.31756451027879
18.0,42.6308405,7.854166666666667,1,1,0,0,0,0,0,1,0,2,1,190.91666666666666,16.0,76.6579906,3,0,PET,NORTH HORIZON,LANG_09,Round-Trip,apple,Direct,Paid Search,Logged-In,AREA_B,AREA_B,AREA_B_TO_AREA_B,BA,BE,15_30,mid,6_8,Y,S,0,0.5650178930338348,43.313136333019514
6.0,133.8544575,6.680555555555555,1,1,0,0,0,0,0,1,1,2,1,166.0,19.0,87.6635874,5,1,PET,LOWER VERTEX,LANG_02,Round-Trip,google,Organic Search,Organic Search,Logged-In,AREA_B,AREA_C,AREA_B_TO_AREA_C,BO,CA,4_7,very_high,6_8,Y,V,0,0.49282746633482793,43.203023668163745
6.0,44.87084949999999,,1,1,0,0,0,0,0,0,0,1,0,4.416666666666667,22.0,46.2564,5,1,PET,WEST MERIDIAN,LANG_02,One-Way,apple,Email,Paid Search,Logged-Out,AREA_C,AREA_B,AREA_C_TO_AREA_B,CA,BO,4_7,mid,unknown_or_oneway,Y,T,0,0.9326993949420904,43.14331629219931
6.0,250.1224887,,2,1,0,1,0,1,0,0,0,2,1,30.5,21.0,51.3236173,4,0,PET,NORTH MERIDIAN,LANG_02,One-Way,google,MetaSearches,Paid Search,Logged-Out,AREA_B,AREA_B,AREA_B_TO_AREA_B,BI,BO,4_7,very_high,unknown_or_oneway,Y,S,0,0.8397123696011777,43.097076299487
76.0,40.91892539999999,12.010416666666666,2,2,0,0,0,0,0,0,0,4,1,291.0833333333333,9.0,57.6560328,5,0,PET,LOWER VERTEX,LANG_02,Round-Trip,google,Direct,Direct,Logged-Out,AREA_C,AREA_B,AREA_C_TO_AREA_B,CU,BE,61_120,mid,9_14,Y,O,0,0.7467618862971634,43.055327810139126
32.0,118.6720791,115.00347222222223,1,1,0,0,0,0,0,0,0,4,1,2762.8333333333335,14.0,65.4583739,3,0,PET,NORTH MERIDIAN,LANG_02,Round-Trip,google,Paid Search,Paid Search,Logged-Out,AREA_C,AREA_B,AREA_C_TO_AREA_B,CI,BI,31_60,very_high,30_plus,Y,W,0,0.6542158579340505,42.82390623995636
1.0,179.0649489,,1,1,0,0,0,0,0,0,0,2,1,28.583333333333332,23.0,51.3236173,5,0,PET,NORTH MERIDIAN,LANG_02,One-Way,google,Organic Search,Organic Search,Logged-Out,AREA_B,AREA_B,AREA_B_TO_AREA_B,BI,BO,0_3,very_high,unknown_or_oneway,Y,T,0,0.8318235682812816,42.69219447958891
0.0,582.458019,3.78125,2,2,0,0,0,0,0,1,1,2,1,94.08333333333333,16.0,100.7353034,4,1,PET,LOWER VERTEX,LANG_02,Round-Trip,apple,Direct,Direct,Logged-In,AREA_B,AREA_C,AREA_B_TO_AREA_C,BU,CA,invalid_or_past,very_high,3_5,Y,K,0,0.42372767541463513,42.684335941869996
36.0,36.2303253,,1,1,0,0,0,0,0,1,0,1,0,6.666666666666667,18.0,56.19296,3,1,PET,GREAT MERIDIAN,LANG_02,One-Way,google,Paid Search,Paid Search,Logged-In,AREA_B,AREA_C,AREA_B_TO_AREA_C,BE,CA,31_60,mid,unknown_or_oneway,Y,L,0,0.7567632584060346,42.524767509079965
25.0,14.3373425,26.430555555555557,1,1,0,0,0,0,0,0,0,4,1,635.5833333333334,21.0,57.6046368,3,0,PET,CENTRAL MERIDIAN,LANG_02,Round-Trip,apple,Direct,Direct,Logged-Out,AREA_B,AREA_C,AREA_B_TO_AREA_C,BI,CI,15_30,very_low,15_30,Y,O,0,0.7367212209591737,42.438558356205746
16.0,178.6799072,,2,2,0,0,0,0,0,0,0,1,0,14.5,15.0,48.8262,3,1,PET,UPPER VERTEX,LANG_11,One-Way,google,Organic Search,Organic Search,Logged-Out,AREA_B,AREA_C,AREA_B_TO_AREA_C,BU,CA,15_30,very_high,unknown_or_oneway,Y,S,0,0.868290836268566,42.395342029816256
34.0,90.9289466,32.78125,1,1,0,0,0,0,0,1,1,2,1,790.0833333333334,18.0,100.7353034,3,1,PET,LOWER VERTEX,LANG_09,Round-Trip,apple,Direct,Paid Search,Logged-In,AREA_B,AREA_C,AREA_B_TO_AREA_C,BU,CA,31_60,high,30_plus,Y,O,0,0.4203956896447117,42.348687344412276
102.0,50.691018199999995,9.833333333333334,2,1,0,1,0,1,0,0,0,2,1,239.33333333333334,9.0,58.42012,1,0,PET,GREAT MERIDIAN,LANG_03,Round-Trip,apple,Direct,Direct,Logged-Out,AREA_B,AREA_B,AREA_B_TO_AREA_B,BE,BA,61_120,mid,9_14,Y,U,0,0.723155725223851,42.246844246264395
188.0,212.8663849,,2,2,0,0,0,0,0,0,0,1,0,20.583333333333332,18.0,74.7991686,4,1,PET,LOWER VERTEX,LANG_02,One-Way,apple,Direct,Direct,Logged-Out,AREA_D,AREA_C,AREA_D_TO_AREA_C,DA,CA,120_plus,very_high,unknown_or_oneway,Y,V,0,0.5643586345021513,42.21355665299219
0.0,338.5677236,,2,1,0,1,0,1,0,0,0,2,1,30.5,21.0,51.3236173,4,0,PET,NORTH MERIDIAN,LANG_02,One-Way,google,Direct,Paid Search,Logged-Out,AREA_B,AREA_B,AREA_B_TO_AREA_B,BI,BO,invalid_or_past,very_high,unknown_or_oneway,Y,Q,0,0.8223646781122192,42.20673002046923
71.0,230.502494,,2,2,0,0,0,0,0,1,0,3,1,390.5833333333333,17.0,76.2374,2,1,PET,UPPER APEX,LANG_02,Multi-City,apple,Direct,Direct,Logged-In,AREA_C,AREA_C,AREA_C_TO_AREA_C,CA,CA,61_120,very_high,unknown_or_oneway,Y,W,0,0.5508718054985164,41.99703418451259
51.0,92.564196,,2,2,0,0,0,0,0,1,1,1,0,12.333333333333334,13.0,51.396,5,1,PET,UPPER APEX,LANG_02,One-Way,apple,Direct,Paid Search,Logged-In,AREA_C,AREA_C,AREA_C_TO_AREA_C,CA,CE,31_60,high,unknown_or_oneway,Y,O,0,0.8169968827009433,41.99037178329768
8.0,128.794093,,1,1,0,0,0,0,0,0,0,1,0,15.916666666666666,15.0,100.7353034,3,1,PET,LOWER VERTEX,LANG_02,Round-Trip,apple,Paid Search,Organic Search,Logged-Out,AREA_B,AREA_C,AREA_B_TO_AREA_C,BU,CA,8_14,very_high,unknown_or_oneway,Y,W,0,0.41649579210244736,41.95582998226336
1.0,175.4813628,,1,1,0,0,0,0,0,0,0,2,1,28.583333333333332,23.0,51.3236173,5,0,PET,NORTH MERIDIAN,LANG_02,One-Way,google,Paid MetaSearches,Organic Search,Logged-Out,AREA_B,AREA_B,AREA_B_TO_AREA_B,BI,BO,0_3,very_high,unknown_or_oneway,Y,Q,0,0.814849785704836,41.82103855850202
53.0,410.855341,,4,2,0,1,1,1,0,0,0,2,1,30.5,12.0,51.3236173,4,0,PET,NORTH MERIDIAN,LANG_02,One-Way,google,MetaSearches,MetaSearches,Logged-Out,AREA_B,AREA_B,AREA_B_TO_AREA_B,BI,BO,31_60,very_high,unknown_or_oneway,Y,S,0,0.8147419871477368,41.815505946611964
41.0,71.71540859999999,20.680555555555557,1,1,0,0,0,0,0,0,0,2,1,502.0,15.0,87.6635874,2,1,PET,LOWER VERTEX,LANG_02,Round-Trip,apple,Direct,Email,Logged-Out,AREA_B,AREA_C,AREA_B_TO_AREA_C,BO,CA,31_60,high,15_30,Y,O,0,0.4768280995887637,41.80046178307549
30.0,111.12371989999998,,2,2,0,0,0,0,0,0,0,1,0,6.666666666666667,15.0,46.551927,3,1,PET,GREAT MERIDIAN,LANG_02,One-Way,mozilla,Direct,Direct,Logged-Out,AREA_B,AREA_C,AREA_B_TO_AREA_C,BE,CA,15_30,very_high,unknown_or_oneway,Y,T,1,0.8977850357080525,41.79362344397365
32.0,53.8779985,16.822916666666668,3,2,0,1,0,1,0,0,0,2,1,407.1666666666667,20.0,48.3979,1,1,PET,CENTRAL AURORA,LANG_01,Round-Trip,apple,Direct,Direct,Logged-Out,AREA_B,AREA_C,AREA_B_TO_AREA_C,BO,CA,31_60,mid,15_30,Y,O,0,0.862184551906516,41.72792172471637
19.0,100.1553852,,1,1,0,0,0,0,0,1,0,1,0,16.166666666666668,11.0,94.2362792,3,1,PET,UPPER APEX,LANG_09,One-Way,mozilla,Organic Search,Organic Search,Logged-In,AREA_B,AREA_C,AREA_B_TO_AREA_C,BU,CA,15_30,high,unknown_or_oneway,Y,V,0,0.44263320753679913,41.71210652862935
10.0,95.4115344,,3,2,0,0,1,1,0,1,0,1,0,11.666666666666666,16.0,51.396,4,1,PET,UPPER APEX,LANG_02,One-Way,google,Direct,Direct,Logged-In,AREA_C,AREA_C,AREA_C_TO_AREA_C,CA,CE,8_14,high,unknown_or_oneway,Y,O,0,0.8110107603342531,41.68270903813927
20.0,164.3091573,20.680555555555557,1,1,0,0,0,0,0,1,0,2,1,502.0,12.0,87.6635874,2,1,PET,UPPER APEX,LANG_09,Round-Trip,apple,Direct,Direct,Logged-In,AREA_B,AREA_C,AREA_B_TO_AREA_C,BO,CA,15_30,very_high,15_30,Y,H,0,0.4753009338831446,41.66658495876666
18.0,47.682638999999995,,1,1,0,0,0,0,0,0,0,1,0,4.916666666666667,9.0,57.3922,5,1,PET,LOWER APEX,LANG_02,One-Way,apple,Direct,Direct,Logged-Out,AREA_C,AREA_B,AREA_C_TO_AREA_B,CA,BU,15_30,mid,unknown_or_oneway,Y,V,0,0.725156265204086,41.618313403845946
15.0,171.881073,,1,1,0,0,0,0,0,0,0,2,1,30.5,4.0,51.3236173,5,0,PET,NORTH MERIDIAN,LANG_02,One-Way,apple,Direct,Direct,Logged-Out,AREA_B,AREA_B,AREA_B_TO_AREA_B,BI,BO,15_30,very_high,unknown_or_oneway,Y,T,0,0.8105148530134091,41.59855413202596
37.0,68.67405029999999,9.875,3,2,0,1,0,1,0,1,0,2,1,239.16666666666666,10.0,52.4401954,3,1,PET,WEST APEX,LANG_09,Round-Trip,apple,Direct,Direct,Logged-In,AREA_B,AREA_C,AREA_B_TO_AREA_C,BE,CA,31_60,high,9_14,Y,W,0,0.7925103044315162,41.559395220902196
3.0,162.76599240000002,,1,1,0,0,0,0,0,0,0,2,1,30.5,21.0,51.3236173,5,0,PET,NORTH MERIDIAN,LANG_02,One-Way,apple,Paid Search,Paid Search,Logged-Out,AREA_B,AREA_B,AREA_B_TO_AREA_B,BI,BO,0_3,very_high,unknown_or_oneway,Y,T,0,0.8094782621458637,41.545352539043385
48.0,297.38582199999996,,2,2,0,0,0,0,0,0,0,2,1,497.9166666666667,15.0,76.2374,4,1,PET,UPPER APEX,LANG_09,Multi-City,google,Direct,Direct,Logged-Out,AREA_C,AREA_C,AREA_C_TO_AREA_C,CA,CA,31_60,very_high,unknown_or_oneway,Y,V,0,0.5435539313974018,41.43913848951628
6.0,170.44070010000002,,2,1,0,0,1,1,0,0,0,2,1,30.5,20.0,51.3236173,4,0,PET,NORTH MERIDIAN,LANG_02,One-Way,google,MetaSearches,Paid Search,Logged-Out,AREA_B,AREA_B,AREA_B_TO_AREA_B,BI,BO,4_7,very_high,unknown_or_oneway,Y,S,0,0.8070093386335493,41.418638453554394
9.0,123.4420562,,1,1,0,0,0,0,0,1,0,2,1,30.5,17.0,51.3236173,5,0,PET,NORTH MERIDIAN,LANG_02,One-Way,apple,Direct,Direct,Logged-In,AREA_B,AREA_B,AREA_B_TO_AREA_B,BI,BO,8_14,very_high,unknown_or_oneway,Y,V,0,0.806775759230331,41.40665031365445
13.0,124.1988623,,1,1,0,0,0,0,0,0,0,2,1,6.0,12.0,52.9220329,4,0,PET,NORTH MERIDIAN,LANG_02,One-Way,google,Organic Search,Organic Search,Logged-Out,AREA_C,AREA_B,AREA_C_TO_AREA_B,CI,BI,8_14,very_high,unknown_or_oneway,Y,T,0,0.7823429010282416,41.40317674729804
12.0,23.3826102,16.083333333333332,1,1,0,0,0,0,0,0,0,4,1,388.8333333333333,15.0,57.6560328,5,0,PET,NEW APEX,LANG_02,Round-Trip,apple,Direct,Direct,Logged-Out,AREA_C,AREA_B,AREA_C_TO_AREA_B,CU,BE,8_14,low,15_30,Y,L,0,0.7154434818272489,41.24963285477806
190.0,141.4233751,,1,1,0,0,0,0,0,0,0,1,0,19.583333333333332,3.0,106.0830572,5,1,PET,SOUTH ZENITH,LANG_02,One-Way,microsoft,Organic Search,Paid Search,Logged-Out,AREA_C,AREA_B,AREA_C_TO_AREA_B,CA,BU,120_plus,very_high,unknown_or_oneway,Y,S,0,0.38821163232832545,41.18267679799112
1.0,347.82114509999997,,2,2,0,0,0,0,0,1,0,1,0,12.333333333333334,14.0,51.396,5,1,PET,OLD HORIZON,LANG_02,One-Way,google,Organic Search,Paid Search,Logged-In,AREA_C,AREA_C,AREA_C_TO_AREA_C,CA,CE,0_3,very_high,unknown_or_oneway,Y,K,0,0.8009096104693237,41.163550339681365
84.0,153.4753088,102.6875,1,1,0,0,0,0,0,0,0,2,1,2468.0,16.0,53.8668627,1,1,PET,UPPER VERTEX,LANG_02,Round-Trip,apple,Direct,Organic Search,Logged-Out,AREA_B,AREA_C,AREA_B_TO_AREA_C,BU,CA,61_120,very_high,30_plus,Y,V,0,0.7639453315468094,41.15133828473796
44.0,96.21459690000002,4.770833333333333,3,2,0,0,1,1,0,1,0,2,1,119.0,14.0,50.4614494,1,1,PET,WEST MERIDIAN,LANG_02,Round-Trip,apple,Direct,Direct,Logged-In,AREA_B,AREA_C,AREA_B_TO_AREA_C,BO,CA,31_60,high,3_5,Y,S,0,0.8150549298906055,41.128853102895334
44.0,24.291891100000004,14.243055555555555,1,1,0,0,0,0,0,1,0,4,1,344.6666666666667,11.0,57.6560328,5,0,PET,NEW APEX,LANG_02,Round-Trip,samsung,Direct,Direct,Logged-In,AREA_C,AREA_B,AREA_C_TO_AREA_B,CU,BE,31_60,low,15_30,Y,L,0,0.7105937255525674,40.970015147933026
1.0,120.8495563,,1,1,0,0,0,0,0,0,0,1,0,16.416666666666668,2.0,51.90996,3,1,PET,UPPER VERTEX,LANG_10,One-Way,google,Paid Search,Organic Search,Logged-Out,AREA_B,AREA_C,AREA_B_TO_AREA_C,BO,CA,0_3,very_high,unknown_or_oneway,Y,S,0,0.7884492775136964,40.92837045776488
6.0,81.4442431,,1,1,0,0,0,0,0,0,0,1,0,10.083333333333334,20.0,52.9730006,5,1,PET,GREAT APEX,LANG_10,One-Way,google,Organic Search,MetaSearches,Logged-Out,AREA_C,AREA_C,AREA_C_TO_AREA_C,CA,CE,4_7,high,unknown_or_oneway,Y,Q,0,0.7690089352462968,40.73671078820744
30.0,105.383215,,1,1,0,0,0,0,0,0,0,1,0,20.583333333333332,13.0,74.7991686,1,1,PET,UPPER APEX,LANG_09,One-Way,mozilla,Direct,Email,Logged-Out,AREA_D,AREA_C,AREA_D_TO_AREA_C,DA,CA,15_30,very_high,unknown_or_oneway,Y,V,0,0.5437888917511815,40.674956996903774
6.0,273.3513392,,4,1,0,3,0,1,0,0,0,1,0,10.083333333333334,14.0,52.9730006,5,1,PET,UPPER APEX,LANG_02,One-Way,google,Paid Search,Paid Search,Logged-Out,AREA_C,AREA_C,AREA_C_TO_AREA_C,CA,CE,4_7,very_high,unknown_or_oneway,Y,Q,0,0.7667340971704774,40.61620578945215
7.0,174.8796013,,2,2,0,0,0,0,0,0,0,1,0,14.166666666666666,18.0,50.0515663,4,1,PET,LOWER VERTEX,LANG_02,One-Way,apple,Paid Search,Organic Search,Logged-Out,AREA_B,AREA_C,AREA_B_TO_AREA_C,BU,CA,4_7,very_high,unknown_or_oneway,Y,S,0,0.8107642571718033,40.580020971504766
33.0,203.2737498,,2,2,0,0,0,0,0,1,0,1,0,12.333333333333334,13.0,51.396,5,1,PET,UPPER APEX,LANG_02,One-Way,google,Paid Search,Paid Search,Logged-In,AREA_C,AREA_C,AREA_C_TO_AREA_C,CA,CE,31_60,very_high,unknown_or_oneway,Y,S,0,0.789043600327827,40.553684882449
13.0,106.8458595,,1,1,0,0,0,0,0,1,0,1,0,16.416666666666668,7.0,51.90996,4,1,PET,UPPER VERTEX,LANG_10,One-Way,google,Organic Search,Organic Search,Logged-In,AREA_B,AREA_C,AREA_B_TO_AREA_C,BO,CA,8_14,very_high,unknown_or_oneway,Y,S,0,0.7762735238376511,40.296327571471515
25.0,349.8894058,,1,1,0,0,0,0,0,0,0,1,0,20.833333333333332,13.0,76.2374,2,1,PET,UPPER APEX,LANG_09,One-Way,mozilla,Paid Search,Paid Search,Logged-Out,AREA_C,AREA_B,AREA_C_TO_AREA_B,CA,BU,15_30,very_high,unknown_or_oneway,P,P,0,0.5279891791693493,40.25252224800535
93.0,53.995781,14.256944444444445,1,1,0,0,0,0,0,1,0,2,1,344.3333333333333,21.0,59.8660608,2,1,PET,CENTRAL APEX,LANG_09,Round-Trip,apple,Direct,Direct,Logged-In,AREA_C,AREA_C,AREA_C_TO_AREA_C,CU,CA,61_120,mid,15_30,Y,T,0,0.669798798997319,40.09821562454048
101.0,142.7489636,47.197916666666664,3,1,1,1,0,1,1,1,1,2,1,1136.25,21.0,51.396,4,1,PET,UPPER APEX,LANG_02,Round-Trip,google,Internal,Paid Search,Logged-In,AREA_C,AREA_B,AREA_C_TO_AREA_B,CA,BA,61_120,very_high,30_plus,Y,V,1,0.7787904342675772,40.0267131596164
47.0,284.7835228,84.36111111111111,1,1,0,0,0,0,0,1,0,2,1,2039.8333333333333,23.0,50.1762016,4,1,PET,UPPER VERTEX,LANG_10,Round-Trip,apple,Direct,Direct,Logged-In,AREA_C,AREA_B,AREA_C_TO_AREA_B,CA,BO,31_60,very_high,30_plus,P,A,0,0.7959055047615751,39.935515061466546
5.0,294.15344189999996,,1,1,0,0,0,0,0,1,0,1,0,14.166666666666666,11.0,50.3676517,4,1,PET,LOWER VERTEX,LANG_02,One-Way,google,Direct,Direct,Logged-In,AREA_B,AREA_C,AREA_B_TO_AREA_C,BU,CA,4_7,very_high,unknown_or_oneway,Y,B,0,0.7927811241911947,39.93052353759654
59.0,148.42479519999998,45.427083333333336,1,1,0,0,0,0,0,0,0,2,1,1106.4166666666667,16.0,56.1073,5,1,PET,CENTRAL MERIDIAN,LANG_02,Round-Trip,apple,Direct,Organic Search,Logged-Out,AREA_C,AREA_B,AREA_C_TO_AREA_B,CA,BO,31_60,very_high,30_plus,Y,V,0,0.7114625071537524,39.91824032762773
41.0,114.8816241,16.885416666666668,2,2,0,0,0,0,0,0,0,2,1,407.3333333333333,21.0,55.4537142,2,1,PET,NEW ZENITH,LANG_09,Round-Trip,google,Direct,Organic Search,Logged-Out,AREA_B,AREA_C,AREA_B_TO_AREA_C,BA,CA,31_60,very_high,15_30,Y,U,0,0.7193783564314834,39.89220177921721
44.0,130.0151763,157.84722222222223,1,1,0,0,0,0,0,0,0,4,1,3791.1666666666665,8.0,65.4583739,3,0,PET,NORTH MERIDIAN,LANG_02,Round-Trip,apple,Direct,Direct,Logged-Out,AREA_C,AREA_B,AREA_C_TO_AREA_B,CI,BI,31_60,very_high,30_plus,Y,L,0,0.6092792136914441,39.88242657931254
63.0,92.8391646,,2,2,0,0,0,0,0,1,0,1,0,12.333333333333334,15.0,51.396,5,1,PET,UPPER APEX,LANG_02,One-Way,google,Direct,Direct,Logged-In,AREA_C,AREA_C,AREA_C_TO_AREA_C,CA,CE,61_120,high,unknown_or_oneway,Y,O,0,0.7752552614902312,39.845019419551924
4.0,83.428557,14.260416666666666,2,2,0,0,0,0,0,0,0,2,1,344.3333333333333,12.0,52.4401954,3,1,PET,WEST APEX,LANG_02,Round-Trip,microsoft,Direct,Direct,Logged-Out,AREA_B,AREA_C,AREA_B_TO_AREA_C,BE,CA,4_7,high,15_30,Y,S,0,0.7581482775507397,39.75744381693422
72.0,46.731812999999995,,2,2,0,0,0,0,0,0,0,2,1,-112.75,15.0,54.1568218,2,1,PET,EAST HORIZON,LANG_02,Round-Trip,apple,Direct,Direct,Logged-Out,AREA_C,AREA_C,AREA_C_TO_AREA_C,CE,CA,61_120,mid,unknown_or_oneway,Y,W,0,0.7336895008488926,39.73429155400443
6.0,123.5080144,,1,1,0,0,0,0,0,1,0,2,1,30.5,15.0,51.3236173,5,0,PET,NORTH MERIDIAN,LANG_02,One-Way,google,Paid Search,Paid Search,Logged-In,AREA_B,AREA_B,AREA_B_TO_AREA_B,BI,BO,4_7,very_high,unknown_or_oneway,Y,V,0,0.7739726738625864,39.7230773139811
0.0,351.2633922,,3,2,0,1,0,1,0,0,0,2,1,30.5,23.0,51.3236173,5,0,PET,NORTH MERIDIAN,LANG_02,One-Way,apple,MetaSearches,MetaSearches,Logged-Out,AREA_B,AREA_B,AREA_B_TO_AREA_B,BI,BO,invalid_or_past,very_high,unknown_or_oneway,Y,V,0,0.773156318615116,39.681179009679084
0.0,123.7024626,,1,1,0,0,0,0,0,0,0,2,1,28.583333333333332,23.0,51.3236173,5,0,PET,NORTH MERIDIAN,LANG_02,One-Way,apple,Direct,Direct,Logged-Out,AREA_B,AREA_B,AREA_B_TO_AREA_B,BI,BO,invalid_or_past,very_high,unknown_or_oneway,Y,V,0,0.7728771419795805,39.666850654877756
4.0,100.003767,18.78125,1,1,0,0,0,0,0,0,0,2,1,454.0833333333333,8.0,100.7353034,3,1,PET,LOWER VERTEX,LANG_02,Round-Trip,apple,Direct,Direct,Logged-Out,AREA_B,AREA_C,AREA_B_TO_AREA_C,BU,CA,4_7,high,15_30,Y,W,0,0.3933671076516337,39.625954936867785
61.0,123.8356639,,1,1,0,0,0,0,0,0,0,2,1,30.5,5.0,51.3236173,5,0,PET,NORTH MERIDIAN,LANG_02,One-Way,apple,Direct,Email,Logged-Out,AREA_B,AREA_B,AREA_B_TO_AREA_B,BI,BO,61_120,very_high,unknown_or_oneway,Y,V,0,0.7716261545601234,39.60264545531442
33.0,110.659871,,2,2,0,0,0,0,0,1,0,1,0,12.333333333333334,22.0,51.396,5,1,PET,UPPER APEX,LANG_02,One-Way,google,Organic Search,Organic Search,Logged-In,AREA_C,AREA_C,AREA_C_TO_AREA_C,CA,CE,31_60,very_high,unknown_or_oneway,Y,U,0,0.7683163400743627,39.488386614461945
44.0,87.40789230000001,119.27083333333333,1,1,0,0,0,0,0,1,0,2,1,2880.5833333333335,7.0,77.7827064,1,1,PET,EAST ZENITH,LANG_08,Round-Trip,samsung,Direct,Direct,Logged-In,AREA_C,AREA_C,AREA_C_TO_AREA_C,CA,CA,31_60,high,30_plus,Y,O,0,0.507390002321507,39.4661675808691
6.0,90.2843551,8.0,3,2,0,0,1,1,0,0,0,2,1,194.16666666666666,15.0,52.4401954,4,1,PET,WEST APEX,LANG_02,Round-Trip,apple,Direct,Organic Search,Logged-Out,AREA_B,AREA_C,AREA_B_TO_AREA_C,BE,CA,4_7,high,6_8,Y,W,0,0.7523780589143165,39.45485242413947
11.0,758.2700294,,1,1,0,0,0,0,0,0,0,1,0,16.166666666666668,16.0,72.811,3,1,PET,UPPER APEX,LANG_09,One-Way,microsoft,Paid Search,Paid Search,Logged-Out,AREA_B,AREA_C,AREA_B_TO_AREA_C,BO,CA,8_14,very_high,unknown_or_oneway,C,D,0,0.5418263877939895,39.45092112166817
7.0,191.471515,,2,2,0,0,0,0,0,0,0,1,0,16.166666666666668,16.0,50.218175,3,1,PET,LOWER VERTEX,LANG_09,One-Way,apple,Direct,Direct,Logged-Out,AREA_B,AREA_C,AREA_B_TO_AREA_C,BU,CA,4_7,very_high,unknown_or_oneway,Y,W,0,0.7842547200861758,39.3838407778636
70.0,241.2074242,67.23611111111111,2,2,0,0,0,0,0,0,0,2,1,1628.0833333333333,13.0,82.2224642,3,1,PET,UPPER VERTEX,LANG_11,Round-Trip,google,Paid Search,Paid Search,Logged-Out,AREA_C,AREA_B,AREA_C_TO_AREA_B,CA,BI,61_120,very_high,30_plus,Y,L,0,0.4789792252522252,39.38285220084482
28.0,166.9008006,,2,2,0,0,0,0,0,1,0,1,0,16.416666666666668,20.0,51.90996,4,1,PET,UPPER APEX,LANG_09,One-Way,apple,Direct,Direct,Logged-In,AREA_B,AREA_C,AREA_B_TO_AREA_C,BO,CA,15_30,very_high,unknown_or_oneway,Y,L,0,0.7574935600338487,39.32146040161469
68.0,71.1440564,,2,2,0,0,0,0,0,1,0,1,0,12.333333333333334,12.0,51.396,5,1,PET,UPPER APEX,LANG_02,One-Way,google,Paid MetaSearches,Paid Search,Logged-In,AREA_C,AREA_C,AREA_C_TO_AREA_C,CA,CE,61_120,high,unknown_or_oneway,Y,O,0,0.7643792940431817,39.28603819664337
38.0,89.853057,,2,2,0,0,0,0,0,1,0,1,0,12.333333333333334,21.0,51.396,5,1,PET,UPPER APEX,LANG_09,One-Way,apple,Direct,Direct,Logged-In,AREA_C,AREA_C,AREA_C_TO_AREA_C,CA,CE,31_60,high,unknown_or_oneway,Y,U,0,0.7643599353693108,39.2850432382411
21.0,93.1818046,,2,1,1,0,0,0,1,1,0,1,0,12.333333333333334,23.0,51.396,5,1,PET,OLD HORIZON,LANG_02,One-Way,apple,Direct,Direct,Logged-In,AREA_C,AREA_C,AREA_C_TO_AREA_C,CA,CE,15_30,high,unknown_or_oneway,Y,O,0,0.7622749098261778,39.17788126542624
,430.3297137,15.48263888888889,2,2,0,0,0,0,0,0,0,4,1,373.6666666666667,15.0,39.7145458,3,0,PET,SOUTH MERIDIAN,LANG_02,Round-Trip,google,Organic Search,Organic Search,Logged-Out,AREA_B,AREA_B,AREA_B_TO_AREA_B,BI,BU,MISSING,very_high,15_30,Y,W,1,0.985933050741774,39.15588329941791
27.0,124.5689135,,1,1,0,0,0,0,0,0,0,2,1,6.0,9.0,52.9220329,4,0,PET,NORTH MERIDIAN,LANG_02,One-Way,google,Paid Search,Paid Search,Logged-Out,AREA_C,AREA_B,AREA_C_TO_AREA_B,CI,BI,15_30,very_high,unknown_or_oneway,Y,T,0,0.7394436620355915,39.13286180994405
55.0,132.353266,4.145833333333333,2,2,0,0,0,0,0,1,0,2,1,101.83333333333333,22.0,57.5566672,3,0,PET,NORTH HORIZON,LANG_02,Round-Trip,google,Paid Search,Paid Search,Logged-In,AREA_B,AREA_B,AREA_B_TO_AREA_B,BE,BA,31_60,very_high,3_5,C,F,0,0.6783792349679769,39.04524786244245
86.0,212.7734438,,1,1,0,0,0,0,0,0,0,1,0,19.583333333333332,15.0,106.0830572,5,1,PET,UPPER APEX,LANG_09,One-Way,google,Direct,Direct,Logged-Out,AREA_C,AREA_B,AREA_C_TO_AREA_B,CA,BU,61_120,very_high,unknown_or_oneway,Y,E,0,0.367330844833304,38.96757902377571
4.0,160.8621989,,1,1,0,0,0,0,0,0,0,2,1,30.5,11.0,51.3236173,5,0,PET,SOUTH AURORA,LANG_02,One-Way,google,Paid Search,Paid Search,Logged-Out,AREA_B,AREA_B,AREA_B_TO_AREA_B,BI,BO,4_7,very_high,unknown_or_oneway,Y,S,0,0.7573126430423102,38.868024267955036
17.0,130.5167156,,1,1,0,0,0,0,0,0,0,2,1,28.583333333333332,22.0,51.3236173,5,0,PET,NORTH MERIDIAN,LANG_02,One-Way,google,Organic Search,Organic Search,Logged-Out,AREA_B,AREA_B,AREA_B_TO_AREA_B,BI,BO,15_30,very_high,unknown_or_oneway,Y,V,0,0.7572646916160207,38.86556322730317
5.0,128.11994879999995,,2,2,0,0,0,0,0,0,0,1,0,14.166666666666666,14.0,50.3676517,4,1,PET,LOWER VERTEX,LANG_02,One-Way,google,Paid Search,Paid Search,Logged-Out,AREA_B,AREA_C,AREA_B_TO_AREA_C,BU,CA,4_7,very_high,unknown_or_oneway,Y,W,0,0.7693881170132401,38.752272699841726
16.0,36.9091808,,1,1,0,0,0,0,0,0,0,1,0,4.916666666666667,16.0,57.3922,5,1,PET,NORTH HORIZON,LANG_02,One-Way,google,Paid Search,Paid Search,Logged-Out,AREA_C,AREA_B,AREA_C_TO_AREA_B,CA,BU,15_30,mid,unknown_or_oneway,Y,V,0,0.6750013353572667,38.73981163909132
7.0,240.15551939999995,,2,2,0,0,0,0,0,0,0,1,0,3.25,18.0,50.5783753,4,1,PET,LOWER VERTEX,LANG_02,One-Way,google,Email,Email,Logged-Out,AREA_C,AREA_B,AREA_C_TO_AREA_B,CA,BI,4_7,very_high,unknown_or_oneway,Y,Q,0,0.7655002131721875,38.717757074052905
46.0,119.3081046,33.21527777777778,1,1,0,0,0,0,0,0,0,2,1,813.25,21.0,74.0959,3,1,PET,UPPER APEX,LANG_02,Round-Trip,google,Direct,MetaSearches,Logged-Out,AREA_C,AREA_B,AREA_C_TO_AREA_B,CA,BU,31_60,very_high,30_plus,P,A,0,0.5221443487227995,38.688755448529676
38.0,235.7928556,,2,2,0,0,0,0,0,0,0,1,0,3.3333333333333335,21.0,50.5783753,5,1,PET,NORTH MERIDIAN,LANG_02,One-Way,google,Paid Search,Paid Search,Logged-Out,AREA_C,AREA_B,AREA_C_TO_AREA_B,CA,BI,31_60,very_high,unknown_or_oneway,Y,T,0,0.7644628073175487,38.66528677139856
71.0,519.9686207000001,57.25347222222222,1,1,0,0,0,0,0,0,0,2,1,1389.25,11.0,50.1762016,4,1,PET,LOWER VERTEX,LANG_02,Round-Trip,google,Direct,Direct,Logged-Out,AREA_C,AREA_B,AREA_C_TO_AREA_B,CA,BO,61_120,very_high,30_plus,C,F,0,0.7696429468243191,38.61775965987511
24.0,80.96283389999999,4.770833333333333,2,2,0,0,0,0,0,0,0,2,1,119.0,14.0,55.6858528,4,1,PET,WEST MERIDIAN,LANG_02,Round-Trip,google,Organic Search,Organic Search,Logged-Out,AREA_B,AREA_C,AREA_B_TO_AREA_C,BO,CA,15_30,high,3_5,Y,S,0,0.6922495055151734,38.54850406499073
19.0,127.7987238,,2,2,0,0,0,0,0,1,0,1,0,12.333333333333334,19.0,51.396,5,1,PET,UPPER APEX,LANG_02,One-Way,google,Paid Search,Paid Search,Logged-In,AREA_C,AREA_C,AREA_C_TO_AREA_C,CA,CE,15_30,very_high,unknown_or_oneway,Y,U,0,0.7489584556850944,38.49346878839111
30.0,158.6564539,,1,1,0,0,0,0,0,0,0,4,1,369.0,9.0,76.2374,3,1,PET,UPPER APEX,LANG_02,Multi-City,google,Direct,Direct,Logged-Out,AREA_C,AREA_C,AREA_C_TO_AREA_C,CA,CA,15_30,very_high,unknown_or_oneway,Y,W,0,0.504788597865542,38.48377025091447
33.0,190.1416435,,2,2,0,0,0,0,0,0,0,1,0,16.083333333333332,19.0,49.9993137,2,0,PET,LOWER VERTEX,LANG_02,One-Way,google,Direct,Direct,Logged-Out,AREA_B,AREA_B,AREA_B_TO_AREA_B,BU,BE,31_60,very_high,unknown_or_oneway,Y,V,0,0.7687266501393993,38.43580492986998
0.0,136.340739,,1,1,0,0,0,0,0,0,0,2,1,28.583333333333332,20.0,51.3236173,5,0,PET,NORTH MERIDIAN,LANG_02,One-Way,google,Direct,Organic Search,Logged-Out,AREA_B,AREA_B,AREA_B_TO_AREA_B,BI,BO,invalid_or_past,very_high,unknown_or_oneway,Y,V,0,0.7476049019074728,38.36978787710317
3.0,68.6569183,,1,1,0,0,0,0,0,0,0,1,0,5.083333333333333,18.0,51.396,5,1,PET,UPPER VERTEX,LANG_11,One-Way,apple,Paid Search,Paid Search,Logged-Out,AREA_C,AREA_B,AREA_C_TO_AREA_B,CA,BU,0_3,high,unknown_or_oneway,Y,Q,0,0.7450140898997033,38.290744164485154
90.0,254.423049,,2,2,0,0,0,0,0,0,0,1,0,19.583333333333332,11.0,76.2374,5,1,PET,UPPER APEX,LANG_09,One-Way,apple,Paid MetaSearches,Paid Search,Logged-Out,AREA_C,AREA_B,AREA_C_TO_AREA_B,CA,BU,61_120,very_high,unknown_or_oneway,Y,T,0,0.5022458981811672,38.28992143799691
146.0,226.0528853,33.770833333333336,2,2,0,0,0,0,0,0,0,2,1,814.0,13.0,53.8668627,1,1,PET,LOWER VERTEX,LANG_09,Round-Trip,apple,Direct,Direct,Logged-Out,AREA_B,AREA_C,AREA_B_TO_AREA_C,BU,CA,120_plus,very_high,30_plus,Y,W,0,0.7100476054340815,38.24803687238144
52.0,162.6006686,,2,2,0,0,0,0,0,1,0,1,0,10.083333333333334,15.0,52.9730006,5,1,PET,UPPER APEX,LANG_09,One-Way,apple,Direct,Direct,Logged-In,AREA_C,AREA_C,AREA_C_TO_AREA_C,CA,CE,31_60,very_high,unknown_or_oneway,Y,Q,0,0.7213176352034578,38.21035952242335
18.0,130.8186671,,1,1,0,0,0,0,0,0,0,2,1,30.5,10.0,51.3236173,5,0,PET,NORTH MERIDIAN,LANG_02,One-Way,apple,Paid Search,Paid Search,Logged-Out,AREA_B,AREA_B,AREA_B_TO_AREA_B,BI,BO,15_30,very_high,unknown_or_oneway,Y,V,0,0.7430484568174739,38.135934633055605
2.0,173.8932264,,1,1,0,0,0,0,0,0,0,2,1,28.583333333333332,13.0,51.3236173,5,0,PET,NORTH MERIDIAN,LANG_02,One-Way,google,MetaSearches,MetaSearches,Logged-Out,AREA_B,AREA_B,AREA_B_TO_AREA_B,BI,BO,0_3,very_high,unknown_or_oneway,Y,T,0,0.7424099361940316,38.1031634449399
14.0,202.2227016,,2,2,0,0,0,0,0,0,0,1,0,16.166666666666668,21.0,50.218175,3,1,PET,UPPER APEX,LANG_09,One-Way,apple,Direct,Direct,Logged-Out,AREA_B,AREA_C,AREA_B_TO_AREA_C,BU,CA,8_14,very_high,unknown_or_oneway,Y,V,0,0.7563902630953455,37.984538600418105
58.0,706.5048348,30.01388888888889,4,4,0,0,0,0,0,1,1,2,1,726.25,12.0,71.9544,2,1,PET,UPPER APEX,LANG_09,Round-Trip,apple,Direct,Direct,Logged-In,AREA_C,AREA_C,AREA_C_TO_AREA_C,CA,CA,31_60,very_high,30_plus,Y,W,0,0.5271055603224858,37.92756432966827
47.0,69.2154215,,2,1,0,1,0,1,0,1,0,1,0,4.833333333333333,12.0,47.4761984,4,1,PET,NEW HORIZON,LANG_02,One-Way,apple,Direct,Direct,Logged-In,AREA_C,AREA_C,AREA_C_TO_AREA_C,CA,CE,31_60,high,unknown_or_oneway,Y,S,0,0.7981746941798671,37.89430013874269
10.0,143.2081012,,1,1,0,0,0,0,0,0,0,1,0,3.3333333333333335,7.0,50.5783753,5,1,PET,UPPER VERTEX,LANG_11,One-Way,apple,Paid Search,Paid Search,Logged-Out,AREA_C,AREA_B,AREA_C_TO_AREA_B,CA,BI,8_14,very_high,unknown_or_oneway,Y,Q,0,0.7488332999922063,37.87477168414329
2.0,145.8858328,,1,1,0,0,0,0,0,0,0,2,1,30.5,23.0,51.3236173,5,0,PET,NORTH MERIDIAN,LANG_02,One-Way,google,Paid Search,Paid Search,Logged-Out,AREA_B,AREA_B,AREA_B_TO_AREA_B,BI,BO,0_3,very_high,unknown_or_oneway,Y,V,0,0.7374432237513402,37.848253796292056
85.0,56.8512571,15.875,1,1,0,0,0,0,0,0,0,2,1,383.1666666666667,11.0,59.8660608,3,1,PET,CENTRAL APEX,LANG_09,Round-Trip,google,Email,MetaSearches,Logged-Out,AREA_C,AREA_C,AREA_C_TO_AREA_C,CU,CA,61_120,high,15_30,Y,K,0,0.6320544257682795,37.838608681952905
42.0,172.5903378,,2,2,0,0,0,0,0,0,0,1,0,14.166666666666666,11.0,50.3676517,4,1,PET,LOWER VERTEX,LANG_02,One-Way,google,Paid Search,Paid Search,Logged-Out,AREA_B,AREA_C,AREA_B_TO_AREA_C,BU,CA,31_60,very_high,unknown_or_oneway,Y,S,0,0.7509061147485754,37.82137764705648
3.0,78.0782334,,1,1,0,0,0,0,0,0,0,1,0,4.5,17.0,45.3998,5,1,PET,UPPER APEX,LANG_02,One-Way,google,Paid Search,Organic Search,Logged-Out,AREA_C,AREA_B,AREA_C_TO_AREA_B,CA,BO,0_3,high,unknown_or_oneway,Y,E,0,0.8311155870946602,37.73248143098015
23.0,68.9537302,,2,2,0,0,0,0,0,1,0,1,0,6.0,14.0,51.396,4,1,PET,UPPER APEX,LANG_09,One-Way,apple,Direct,Direct,Logged-In,AREA_B,AREA_C,AREA_B_TO_AREA_C,BI,CA,15_30,high,unknown_or_oneway,Y,W,1,0.7336670777203816,37.707553126516736
14.0,103.7102752,,2,2,0,0,0,0,0,1,0,1,0,12.333333333333334,19.0,51.396,5,1,PET,UPPER APEX,LANG_02,One-Way,google,Paid Search,Paid Search,Logged-In,AREA_C,AREA_C,AREA_C_TO_AREA_C,CA,CE,8_14,very_high,unknown_or_oneway,Y,U,0,0.7313512276531222,37.58852769645987
1.0,188.2845347,12.78125,1,1,0,0,0,0,0,0,0,2,1,310.0833333333333,22.0,100.7353034,3,1,PET,LOWER VERTEX,LANG_02,Round-Trip,apple,Direct,Organic Search,Logged-Out,AREA_B,AREA_C,AREA_B_TO_AREA_C,BU,CA,0_3,very_high,9_14,Y,W,0,0.3729839159595779,37.57264793750819
2.0,128.2492954,,1,1,0,0,0,0,0,0,0,1,0,10.083333333333334,15.0,52.9730006,5,1,PET,UPPER APEX,LANG_02,One-Way,apple,Direct,Paid Search,Logged-Out,AREA_C,AREA_C,AREA_C_TO_AREA_C,CA,CE,0_3,very_high,unknown_or_oneway,Y,E,0,0.7090764545333309,37.56190745144001
132.0,447.4784174,30.82986111111111,2,1,1,0,0,0,1,1,1,2,1,745.8333333333334,15.0,71.9544,2,1,PET,UPPER APEX,LANG_02,Round-Trip,microsoft,Direct,Direct,Logged-In,AREA_C,AREA_C,AREA_C_TO_AREA_C,CA,CA,120_plus,very_high,30_plus,Y,S,0,0.5217030227735028,37.53882798185373
7.0,171.9817235,,1,1,0,0,0,0,0,0,0,2,1,30.5,,51.3236173,5,0,PET,NORTH MERIDIAN,LANG_02,One-Way,google,Direct,Paid Search,Logged-Out,AREA_B,AREA_B,AREA_B_TO_AREA_B,BI,BO,4_7,very_high,unknown_or_oneway,Y,T,0,0.7301503659293125,37.47395795241099
1.0,149.1229242,,1,1,0,0,0,0,0,0,0,2,1,28.583333333333332,17.0,51.3236173,5,0,PET,NORTH MERIDIAN,LANG_02,One-Way,microsoft,Paid Search,Paid Search,Logged-Out,AREA_B,AREA_B,AREA_B_TO_AREA_B,BI,BO,0_3,very_high,unknown_or_oneway,Y,T,0,0.7294950212788005,37.44032329436852
45.0,73.3870635,,1,1,0,0,0,0,0,1,0,1,0,14.166666666666666,20.0,49.888384,4,1,PET,UPPER VERTEX,LANG_11,One-Way,apple,Direct,Direct,Logged-In,AREA_B,AREA_C,AREA_B_TO_AREA_C,BU,CA,31_60,high,unknown_or_oneway,Y,S,0,0.7493654543678868,37.38463154383962
2.0,230.73848730000003,,1,1,0,0,0,0,0,1,0,2,1,-1995.4166666666667,8.0,126.4547184,3,1,PET,SOUTH ZENITH,LANG_07,Round-Trip,google,Direct,Paid Search,Logged-In,AREA_C,AREA_B,AREA_C_TO_AREA_B,CA,BU,0_3,very_high,unknown_or_oneway,Y,L,0,0.29527100532659173,37.338411830259055
66.0,125.1295582,17.572916666666668,1,1,0,0,0,0,0,1,0,2,1,428.4166666666667,15.0,87.6635874,1,1,PET,LOWER VERTEX,LANG_02,Round-Trip,apple,Direct,Direct,Logged-In,AREA_B,AREA_C,AREA_B_TO_AREA_C,BO,CA,61_120,very_high,15_30,Y,L,0,0.4258934686778726,37.33534931453185
22.0,41.4217496,10.26388888888889,2,2,0,0,0,0,0,0,0,4,1,248.25,13.0,49.8609728,3,0,PET,UPPER APEX,LANG_02,Round-Trip,google,Paid Search,Organic Search,Logged-Out,AREA_C,AREA_B,AREA_C_TO_AREA_B,CU,BE,15_30,mid,9_14,Y,O,0,0.7479413143424464,37.29308153042497
2.0,78.1728877,,1,1,0,0,0,0,0,1,0,1,0,10.083333333333334,16.0,52.9730006,1,1,PET,UPPER VERTEX,LANG_02,One-Way,google,Direct,Direct,Logged-In,AREA_C,AREA_C,AREA_C_TO_AREA_C,CA,CE,0_3,high,unknown_or_oneway,Y,Q,0,0.703988401140323,37.292377995999374
2.0,134.858821,,1,1,0,0,0,0,0,0,0,2,1,30.5,1.0,51.3236173,5,0,PET,NORTH MERIDIAN,LANG_02,One-Way,apple,MetaSearches,MetaSearches,Logged-Out,AREA_B,AREA_B,AREA_B_TO_AREA_B,BI,BO,0_3,very_high,unknown_or_oneway,Y,S,0,0.7265816338389358,37.29079771235827
113.0,328.0375398,34.697916666666664,1,1,0,0,0,0,0,0,0,2,1,838.0,11.0,49.5495987,1,1,PET,LOWER VERTEX,LANG_02,Round-Trip,microsoft,Email,Email,Logged-Out,AREA_B,AREA_C,AREA_B_TO_AREA_C,BO,CA,61_120,very_high,30_plus,P,R,0,0.7525303779385089,37.28757823641244
0.0,426.8296461,,5,3,0,0,2,1,0,0,0,2,1,31.583333333333332,13.0,51.3236173,5,0,PET,NORTH MERIDIAN,LANG_02,One-Way,apple,Organic Search,Paid Search,Logged-Out,AREA_B,AREA_B,AREA_B_TO_AREA_B,BI,BO,invalid_or_past,very_high,unknown_or_oneway,Y,V,0,0.7260006312630731,37.260978558504384
27.0,116.0397473,,1,1,0,0,0,0,0,1,0,2,1,242.33333333333334,18.0,76.2374,2,1,PET,UPPER APEX,LANG_09,Multi-City,google,Paid Search,Organic Search,Logged-In,AREA_C,AREA_C,AREA_C_TO_AREA_C,CA,CA,15_30,very_high,unknown_or_oneway,Y,O,0,0.488499706524182,37.24194752616667
17.0,209.8331643,,2,2,0,0,0,0,0,0,0,1,0,16.083333333333332,11.0,49.9993137,4,0,PET,LOWER VERTEX,LANG_02,One-Way,google,Paid Search,Paid Search,Logged-Out,AREA_B,AREA_B,AREA_B_TO_AREA_B,BU,BE,15_30,very_high,unknown_or_oneway,Y,S,0,0.7446943457579971,37.23420620417036
27.0,142.0191404,,1,1,0,0,0,0,0,1,0,1,0,16.416666666666668,11.0,51.90996,4,1,PET,LOWER VERTEX,LANG_02,One-Way,apple,Direct,Direct,Logged-In,AREA_B,AREA_C,AREA_B_TO_AREA_C,BO,CA,15_30,very_high,unknown_or_oneway,Y,S,0,0.7167348337921396,37.205676552756614
49.0,144.3906375,131.27777777777777,1,1,0,0,0,0,0,0,0,2,1,3164.0833333333335,8.0,91.3345467,3,1,PET,NORTH MERIDIAN,LANG_02,Round-Trip,apple,Direct,Direct,Logged-Out,AREA_C,AREA_B,AREA_C_TO_AREA_B,CA,BI,31_60,very_high,30_plus,Y,L,0,0.40661306436114497,37.1378199157231
13.0,148.0872948,,1,1,0,0,0,0,0,0,0,2,1,30.5,21.0,51.3236173,5,0,PET,LOWER VERTEX,LANG_02,One-Way,google,Direct,Paid Search,Logged-Out,AREA_B,AREA_B,AREA_B_TO_AREA_B,BI,BO,8_14,very_high,unknown_or_oneway,Y,V,0,0.7231176084766758,37.11301140034815
37.0,117.4287242,55.78125,1,1,0,0,0,0,0,0,0,2,1,1341.9166666666667,10.0,100.7353034,3,1,PET,LOWER VERTEX,LANG_02,Round-Trip,google,Organic Search,Organic Search,Logged-Out,AREA_B,AREA_C,AREA_B_TO_AREA_C,BU,CA,31_60,very_high,30_plus,Y,O,0,0.36833371671114645,37.10420870534699
88.0,84.0170412,31.17013888888889,2,2,0,0,0,0,0,0,0,2,1,751.0833333333334,23.0,48.3979,4,1,PET,UPPER APEX,LANG_09,Round-Trip,google,Paid Search,Paid Search,Logged-Out,AREA_C,AREA_B,AREA_C_TO_AREA_B,CA,BO,61_120,high,30_plus,Y,T,0,0.7657052526690433,37.05852624815109
26.0,267.3414336,,2,1,0,1,0,1,0,1,1,1,0,12.333333333333334,10.0,51.396,4,1,PET,UPPER APEX,LANG_02,One-Way,google,Paid Search,Paid Search,Logged-In,AREA_C,AREA_C,AREA_C_TO_AREA_C,CA,CE,15_30,very_high,unknown_or_oneway,P,R,0,0.7194877687732086,36.97879336386783
9.0,93.1436859,,1,1,0,0,0,0,0,0,0,1,0,16.416666666666668,11.0,51.90996,3,1,PET,LOWER VERTEX,LANG_02,One-Way,apple,Direct,Direct,Logged-Out,AREA_B,AREA_C,AREA_B_TO_AREA_C,BO,CA,8_14,high,unknown_or_oneway,Y,L,0,0.7121954257430604,36.97003606250524
11.0,84.49759379999999,,2,2,0,0,0,0,0,0,0,1,0,4.416666666666667,15.0,46.2564,4,1,PET,UPPER APEX,LANG_09,One-Way,google,Direct,Direct,Logged-Out,AREA_C,AREA_B,AREA_C_TO_AREA_B,CA,BO,8_14,high,unknown_or_oneway,Y,Q,0,0.7992327581083747,36.96963015216422
74.0,300.670883,,2,1,1,0,0,0,1,0,0,1,0,5.083333333333333,12.0,57.3922,5,1,PET,UPPER APEX,LANG_09,One-Way,google,Direct,Organic Search,Logged-Out,AREA_C,AREA_B,AREA_C_TO_AREA_B,CA,BU,61_120,very_high,unknown_or_oneway,Y,Y,0,0.6439780148970926,36.95931502657692
31.0,30.1514634,,1,1,0,0,0,0,0,0,0,2,1,6.666666666666667,17.0,61.7068942,5,0,PET,NEW MERIDIAN,LANG_10,One-Way,microsoft,Direct,Direct,Logged-Out,AREA_C,AREA_C,AREA_C_TO_AREA_C,CE,CI,31_60,low,unknown_or_oneway,Y,V,0,0.5988647132359003,36.95408149976104
45.0,141.3351453,,1,1,0,0,0,0,0,0,0,2,1,30.5,12.0,51.3236173,5,0,PET,NORTH MERIDIAN,LANG_02,One-Way,google,MetaSearches,Paid Search,Logged-Out,AREA_B,AREA_B,AREA_B_TO_AREA_B,BI,BO,31_60,very_high,unknown_or_oneway,Y,S,0,0.7172973483514986,36.8142945970971
9.0,142.8461877,,1,1,0,0,0,0,0,1,0,1,0,16.083333333333332,7.0,49.9993137,4,0,PET,LOWER VERTEX,LANG_02,One-Way,apple,Direct,Direct,Logged-In,AREA_B,AREA_B,AREA_B_TO_AREA_B,BU,BE,8_14,very_high,unknown_or_oneway,Y,K,0,0.7350887527056368,36.75393314387086
2.0,93.6961929,,1,1,0,0,0,0,0,1,1,1,0,16.416666666666668,13.0,51.90996,4,1,PET,LOWER VERTEX,LANG_02,One-Way,apple,Direct,Direct,Logged-In,AREA_B,AREA_C,AREA_B_TO_AREA_C,BO,CA,0_3,high,unknown_or_oneway,Y,L,0,0.7076887632800433,36.736095394316514
47.0,230.0189433,,3,2,0,1,0,1,0,0,0,1,0,16.083333333333332,20.0,49.9993137,3,0,PET,LOWER VERTEX,LANG_09,One-Way,google,Paid Search,Paid Search,Logged-Out,AREA_B,AREA_B,AREA_B_TO_AREA_B,BU,BE,31_60,very_high,unknown_or_oneway,Y,V,0,0.7340886507425342,36.70392873208571
5.0,64.519112,22.774305555555557,1,1,0,0,0,0,0,1,0,2,1,551.0833333333334,13.0,50.4614494,3,1,PET,NORTH HORIZON,LANG_02,Round-Trip,samsung,Direct,Direct,Logged-In,AREA_B,AREA_C,AREA_B_TO_AREA_C,BO,CA,4_7,high,15_30,Y,E,0,0.726999421501873,36.68544452194604
39.0,27.6099312,18.82986111111111,1,1,0,0,0,0,0,0,0,4,1,455.0833333333333,12.0,42.0783335,5,0,PET,GREAT MERIDIAN,LANG_02,Round-Trip,google,Direct,Direct,Logged-Out,AREA_B,AREA_C,AREA_B_TO_AREA_C,BO,CE,31_60,low,15_30,Y,S,0,0.870528254698068,36.630378222358246
16.0,105.0521391,132.73958333333334,1,1,0,0,0,0,0,0,0,2,1,3190.0833333333335,1.0,80.9649754,4,1,PET,LOWER VERTEX,LANG_02,Round-Trip,apple,Direct,Direct,Logged-Out,AREA_B,AREA_C,AREA_B_TO_AREA_C,BU,CA,15_30,very_high,30_plus,Y,U,0,0.4523328175480243,36.62311544538848
2.0,37.0034068,0.9895833333333334,1,1,0,0,0,0,0,1,0,3,1,26.25,22.0,76.6579906,5,0,PET,NORTH HORIZON,LANG_02,Round-Trip,apple,Direct,MetaSearches,Logged-In,AREA_B,AREA_B,AREA_B_TO_AREA_B,BA,BE,0_3,mid,1_2,Y,K,0,0.47745134025483743,36.60046035321273
33.0,92.5736186,,2,2,0,0,0,0,0,0,0,1,0,12.333333333333334,18.0,51.396,5,1,PET,UPPER APEX,LANG_02,One-Way,google,Referrals,Paid Search,Logged-Out,AREA_C,AREA_C,AREA_C_TO_AREA_C,CA,CE,31_60,high,unknown_or_oneway,Y,O,0,0.7112409911056015,36.554941978863496
48.0,105.2401628,,3,1,0,2,0,1,0,0,0,1,0,12.333333333333334,12.0,51.396,4,1,PET,UPPER APEX,LANG_02,One-Way,google,Organic Search,Organic Search,Logged-Out,AREA_C,AREA_C,AREA_C_TO_AREA_C,CA,CE,31_60,very_high,unknown_or_oneway,Y,O,0,0.7108919421860123,36.53700226059229
169.0,523.5723369,34.90277777777778,2,2,0,0,0,0,0,0,1,4,1,841.0,,45.2601742,4,0,PET,NORTH MERIDIAN,LANG_02,Round-Trip,apple,Direct,Direct,Logged-Out,AREA_B,AREA_C,AREA_B_TO_AREA_C,BI,CE,120_plus,very_high,30_plus,P,R,1,0.8071949485564632,36.533783985025565
235.0,464.2703472,44.0,2,1,0,1,0,1,0,0,0,2,1,1063.25,13.0,126.4547184,3,1,PET,UPPER APEX,LANG_09,Round-Trip,mozilla,Paid Search,Paid Search,Logged-Out,AREA_C,AREA_B,AREA_C_TO_AREA_B,CA,BU,120_plus,very_high,30_plus,Y,V,0,0.2885548684115332,36.48912462792949
39.0,190.4187536,,2,2,0,0,0,0,0,0,0,1,0,16.083333333333332,14.0,49.9993137,3,0,PET,UPPER APEX,LANG_09,One-Way,google,Direct,Paid Search,Logged-Out,AREA_B,AREA_B,AREA_B_TO_AREA_B,BU,BE,31_60,very_high,unknown_or_oneway,Y,V,0,0.7294548899640847,36.47224387331325
46.0,107.7007463,129.27777777777777,1,1,0,0,0,0,0,0,0,2,1,3116.0833333333335,9.0,91.3345467,4,1,PET,NORTH MERIDIAN,LANG_02,Round-Trip,google,Direct,Direct,Logged-Out,AREA_C,AREA_B,AREA_C_TO_AREA_B,CA,BI,31_60,very_high,30_plus,Y,L,0,0.39921630103970573,36.46223989071226
29.0,14.4439892,,1,1,0,0,0,0,0,0,0,1,0,4.5,19.0,45.3998,5,1,PET,WEST MERIDIAN,LANG_02,One-Way,apple,Paid Search,Paid Search,Logged-Out,AREA_C,AREA_B,AREA_C_TO_AREA_B,CA,BO,15_30,very_low,unknown_or_oneway,Y,O,0,0.803020773105859,36.456982494851374
75.0,46.901848099999995,77.22916666666667,1,1,0,0,0,0,0,0,0,2,1,1856.1666666666667,18.0,45.3998,4,1,PET,WEST MERIDIAN,LANG_02,Round-Trip,google,Paid Search,Paid Search,Logged-Out,AREA_C,AREA_B,AREA_C_TO_AREA_B,CA,BO,61_120,mid,30_plus,Y,S,0,0.8017122582076432,36.39757618017536
167.0,253.3103256,,2,2,0,0,0,0,0,0,0,1,0,19.583333333333332,12.0,106.0830572,4,1,PET,UPPER APEX,LANG_02,One-Way,google,MetaSearches,MetaSearches,Logged-Out,AREA_C,AREA_B,AREA_C_TO_AREA_B,CA,BU,120_plus,very_high,unknown_or_oneway,Y,S,0,0.3429977539267476,36.38625034928269
29.0,139.1011325,116.97569444444444,1,1,0,0,0,0,0,0,0,2,1,2813.3333333333335,15.0,71.9544,2,1,PET,UPPER APEX,LANG_02,Round-Trip,google,Paid Search,Paid Search,Logged-Out,AREA_C,AREA_C,AREA_C_TO_AREA_C,CA,CA,15_30,very_high,30_plus,Y,W,0,0.5056483673989802,36.383624887173184
7.0,53.539641499999995,,1,1,0,0,0,0,0,1,0,1,0,4.916666666666667,12.0,57.3922,5,1,PET,UPPER APEX,LANG_02,One-Way,apple,Direct,Direct,Logged-In,AREA_C,AREA_B,AREA_C_TO_AREA_B,CA,BU,4_7,mid,unknown_or_oneway,Y,S,0,0.6330398130078776,36.33154755611071
0.0,161.67939529999998,,1,1,0,0,0,0,0,1,0,2,1,30.5,7.0,51.3236173,5,0,PET,NORTH MERIDIAN,LANG_02,One-Way,apple,Paid Search,Paid Search,Logged-In,AREA_B,AREA_B,AREA_B_TO_AREA_B,BI,BO,invalid_or_past,very_high,unknown_or_oneway,Y,T,0,0.7066976784910991,36.270281197675615
66.0,305.71582870000003,54.31944444444444,3,2,0,0,1,1,0,0,0,2,1,1319.8333333333333,15.0,56.1073,5,1,PET,LOWER VERTEX,LANG_02,Round-Trip,google,Paid Search,Organic Search,Logged-Out,AREA_C,AREA_B,AREA_C_TO_AREA_B,CA,BO,61_120,very_high,30_plus,Y,W,0,0.6459923602423553,36.2448871538259
3.0,83.1720053,,1,1,0,0,0,0,0,0,0,1,0,10.083333333333334,20.0,52.9730006,5,1,PET,LOWER VERTEX,LANG_02,One-Way,apple,Organic Search,Organic Search,Logged-Out,AREA_C,AREA_C,AREA_C_TO_AREA_C,CA,CE,0_3,high,unknown_or_oneway,Y,Q,0,0.6838395945062467,36.22503525008316
5.0,53.2873728,,1,1,0,0,0,0,0,1,1,1,0,4.916666666666667,18.0,57.3922,5,1,PET,LOWER VERTEX,LANG_02,One-Way,apple,Direct,Push Notifications,Logged-In,AREA_C,AREA_B,AREA_C_TO_AREA_B,CA,BU,4_7,mid,unknown_or_oneway,Y,S,0,0.6308977202839953,36.208608142083115
36.0,92.3894496,12.21875,3,2,0,0,1,1,0,0,0,2,1,297.25,12.0,51.396,3,1,PET,UPPER APEX,LANG_09,Round-Trip,mozilla,Paid Search,Paid Search,Logged-Out,AREA_C,AREA_C,AREA_C_TO_AREA_C,CA,CI,31_60,high,9_14,Y,T,0,0.7039890128648674,36.18221930520272
0.0,42.6856629,4.854166666666667,1,1,0,0,0,0,0,1,0,2,1,118.91666666666667,16.0,76.6579906,2,0,PET,NORTH HORIZON,LANG_09,Round-Trip,apple,Direct,Direct,Logged-In,AREA_B,AREA_B,AREA_B_TO_AREA_B,BA,BE,invalid_or_past,mid,3_5,Y,K,0,0.47192119711654823,36.1765306925011
13.0,155.1294034,100.97569444444444,1,1,0,0,0,0,0,1,0,2,1,2429.3333333333335,15.0,71.9544,2,1,PET,UPPER APEX,LANG_02,Round-Trip,apple,MetaSearches,MetaSearches,Logged-In,AREA_C,AREA_C,AREA_C_TO_AREA_C,CA,CA,8_14,very_high,30_plus,Y,V,0,0.5023878973986945,36.149019724584626
5.0,25.5806458,,1,1,0,0,0,0,0,0,0,1,0,2.6666666666666665,9.0,52.869352,4,1,PET,UPPER APEX,LANG_09,One-Way,apple,Direct,Direct,Logged-Out,AREA_B,AREA_C,AREA_B_TO_AREA_C,BO,CA,4_7,low,unknown_or_oneway,Y,T,0,0.6835420776919723,36.13842671230823
38.0,292.1151622,146.11111111111111,1,1,0,0,0,0,0,1,0,4,1,3508.0,15.0,46.5527836,1,0,PET,CENTRAL AURORA,LANG_02,Round-Trip,google,MetaSearches,MetaSearches,Logged-In,AREA_C,AREA_B,AREA_C_TO_AREA_B,CI,BI,31_60,very_high,30_plus,Y,Y,1,0.7748166665825887,36.069872609092606
112.0,530.9639383,43.78472222222222,2,2,0,0,0,0,0,0,0,2,1,1054.0,14.0,55.0862328,3,1,PET,LOWER VERTEX,LANG_02,Round-Trip,mozilla,Paid Search,Paid Search,Logged-Out,AREA_B,AREA_C,AREA_B_TO_AREA_C,BU,CA,61_120,very_high,30_plus,P,R,0,0.6542901455357665,36.04237927572911
85.0,152.03193779999998,,2,2,0,0,0,0,0,1,0,1,0,12.333333333333334,18.0,51.396,5,1,PET,UPPER APEX,LANG_09,One-Way,apple,Direct,Direct,Logged-In,AREA_C,AREA_C,AREA_C_TO_AREA_C,CA,CE,61_120,very_high,unknown_or_oneway,Y,W,0,0.7004973366715503,36.002761115571005
22.0,111.370849,,1,1,0,0,0,0,0,0,0,1,0,20.583333333333332,20.0,50.0729813,4,1,PET,UPPER APEX,LANG_02,One-Way,apple,Direct,Organic Search,Logged-Out,AREA_D,AREA_C,AREA_D_TO_AREA_C,DA,CA,15_30,very_high,unknown_or_oneway,Y,S,0,0.7188818207950504,35.99655596958051
196.0,139.9020535,45.576388888888886,1,1,0,0,0,0,0,0,0,2,1,1097.3333333333333,8.0,50.5355453,1,1,PET,LOWER VERTEX,LANG_02,Round-Trip,microsoft,Direct,Email,Logged-Out,AREA_B,AREA_C,AREA_B_TO_AREA_C,BU,CA,120_plus,very_high,30_plus,P,R,0,0.7120516701005064,35.9839194303048
2.0,65.2724917,,1,1,0,0,0,0,0,0,0,2,1,9.083333333333334,16.0,39.797636,4,0,PET,CENTRAL AURORA,LANG_02,One-Way,apple,Direct,Organic Search,Logged-Out,AREA_C,AREA_B,AREA_C_TO_AREA_B,CU,BA,0_3,high,unknown_or_oneway,Y,H,1,0.9040743358060034,35.980021333349086
219.0,1239.9285,8.0,2,2,0,0,0,0,0,1,1,2,1,199.25,12.0,126.4547184,2,1,PET,UPPER APEX,LANG_02,Round-Trip,apple,Direct,Direct,Logged-In,AREA_C,AREA_B,AREA_C_TO_AREA_B,CA,BU,120_plus,very_high,6_8,C,F,0,0.283978058173414,35.910365378097886
81.0,189.5308877,,2,2,0,0,0,0,0,0,0,1,0,16.083333333333332,20.0,49.9993137,3,0,PET,LOWER VERTEX,LANG_09,One-Way,google,Paid Search,Paid Search,Logged-Out,AREA_B,AREA_B,AREA_B_TO_AREA_B,BU,BE,61_120,very_high,unknown_or_oneway,Y,V,0,0.7175170928276315,35.87536220940077
60.0,255.4843764,177.61458333333334,2,2,0,0,0,0,0,1,0,4,1,4268.416666666667,11.0,42.8989563,4,0,PET,NORTH MERIDIAN,LANG_02,Round-Trip,apple,Direct,Direct,Logged-In,AREA_C,AREA_B,AREA_C_TO_AREA_B,CE,BI,31_60,very_high,30_plus,Y,Q,0,0.8352531877987027,35.831490002812245
8.0,81.025794,,1,1,0,0,0,0,0,0,0,1,0,10.083333333333334,13.0,52.9730006,5,1,PET,UPPER VERTEX,LANG_11,One-Way,google,Paid Search,Paid Search,Logged-Out,AREA_C,AREA_C,AREA_C_TO_AREA_C,CA,CE,8_14,high,unknown_or_oneway,Y,Q,0,0.6763547090915302,35.828538410518455
19.0,50.8610533,,2,2,0,0,0,0,0,0,0,2,1,9.416666666666666,16.0,39.797636,5,0,PET,WEST HORIZON,LANG_02,One-Way,apple,Direct,Direct,Logged-Out,AREA_C,AREA_B,AREA_C_TO_AREA_B,CU,BA,15_30,mid,unknown_or_oneway,Y,L,0,0.9000985014289693,35.8217925240156
108.0,37.5811835,8.14236111111111,2,2,0,0,0,0,0,1,1,2,1,197.66666666666666,21.0,55.59334,1,0,PET,WEST VERTEX,LANG_02,Round-Trip,other,Direct,Direct,Logged-In,AREA_B,AREA_B,AREA_B_TO_AREA_B,BE,BA,61_120,mid,9_14,Y,U,0,0.6431016936487374,35.752171109590094
6.0,80.6154826,,2,2,0,0,0,0,0,0,0,1,0,1.5,21.0,43.6977358,3,1,PET,NORTH ZENITH,LANG_02,One-Way,apple,Paid Search,Paid Search,Logged-Out,AREA_B,AREA_C,AREA_B_TO_AREA_C,BI,CA,4_7,high,unknown_or_oneway,Y,S,0,0.8169724930200293,35.69984815585658
3.0,147.1792988,,1,1,0,0,0,0,0,0,0,2,1,29.5,11.0,51.3236173,5,0,PET,NORTH MERIDIAN,LANG_02,One-Way,google,MetaSearches,MetaSearches,Logged-Out,AREA_B,AREA_B,AREA_B_TO_AREA_B,BI,BO,0_3,very_high,unknown_or_oneway,Y,V,0,0.6952626593670503,35.683394652334755
49.0,107.0073286,59.78125,1,1,0,0,0,0,0,0,0,2,1,1438.0833333333333,10.0,80.9649754,3,1,PET,LOWER VERTEX,LANG_02,Round-Trip,microsoft,Direct,Paid Search,Logged-Out,AREA_B,AREA_C,AREA_B_TO_AREA_C,BU,CA,31_60,very_high,30_plus,Y,U,0,0.44069506292656596,35.680864928750864
4.0,134.8609625,,1,1,0,0,0,0,0,1,1,1,0,13.5,11.0,48.8262,4,1,PET,UPPER APEX,LANG_02,One-Way,apple,Direct,Direct,Logged-In,AREA_B,AREA_C,AREA_B_TO_AREA_C,BU,CA,4_7,very_high,unknown_or_oneway,Y,K,0,0.7305837796484043,35.67162974186892
61.0,34.5402535,21.774305555555557,1,1,0,0,0,0,0,1,0,2,1,525.0,15.0,55.2061568,5,1,PET,NORTH HORIZON,LANG_02,Round-Trip,apple,Direct,Direct,Logged-In,AREA_C,AREA_C,AREA_C_TO_AREA_C,CA,CE,61_120,mid,15_30,Y,U,0,0.6456424964798066,35.64344089740766
52.0,39.5547899,,1,1,0,0,0,0,0,1,0,1,0,4.5,11.0,51.396,5,1,PET,UPPER APEX,LANG_02,One-Way,microsoft,Organic Search,Organic Search,Logged-In,AREA_C,AREA_B,AREA_C_TO_AREA_B,CA,BO,31_60,mid,unknown_or_oneway,Y,S,0,0.6930470159054595,35.619844429477
10.0,26.9580586,,1,1,0,0,0,0,0,1,0,1,0,3.4166666666666665,23.0,40.9998741,5,1,PET,UPPER VERTEX,LANG_11,One-Way,apple,Direct,Direct,Logged-In,AREA_C,AREA_B,AREA_C_TO_AREA_B,CA,BO,8_14,low,unknown_or_oneway,Y,S,0,0.8682724152657987,35.59905971040067
6.0,300.5192648,4.788194444444445,1,1,0,0,0,0,0,0,0,2,1,120.58333333333333,13.0,87.6635874,5,1,PET,LOWER VERTEX,LANG_02,Round-Trip,google,Paid Search,Paid Search,Logged-Out,AREA_B,AREA_C,AREA_B_TO_AREA_C,BO,CA,4_7,very_high,3_5,Y,E,0,0.40607852635572766,35.598300386448535
7.0,149.0346944,,1,1,0,0,0,0,0,0,0,2,1,30.5,8.0,51.3236173,5,0,PET,LOWER VERTEX,LANG_02,One-Way,microsoft,Direct,Direct,Logged-Out,AREA_B,AREA_B,AREA_B_TO_AREA_B,BI,BO,4_7,very_high,unknown_or_oneway,Y,T,0,0.6932263138438616,35.57888203401205
2.0,42.8411358,,1,1,0,0,0,0,0,0,0,1,0,4.916666666666667,10.0,57.3922,5,1,PET,UPPER APEX,LANG_02,One-Way,google,Paid Search,Organic Search,Logged-Out,AREA_C,AREA_B,AREA_C_TO_AREA_B,CA,BU,0_3,mid,unknown_or_oneway,Y,S,0,0.618161518462158,35.47764949988387
1.0,83.5236396,,1,1,0,0,0,0,0,0,0,1,0,10.083333333333334,13.0,52.9730006,5,1,PET,UPPER APEX,LANG_02,One-Way,apple,Organic Search,Paid Search,Logged-Out,AREA_C,AREA_C,AREA_C_TO_AREA_C,CA,CE,0_3,high,unknown_or_oneway,Y,Q,0,0.6693659127557287,35.45832089802876
35.0,652.7853073,163.76388888888889,2,2,0,0,0,0,0,0,0,2,1,3933.6666666666665,10.0,42.457379,2,1,PET,NORTH MERIDIAN,LANG_02,Round-Trip,google,Direct,Paid Search,Logged-Out,AREA_B,AREA_C,AREA_B_TO_AREA_C,BI,CA,31_60,very_high,30_plus,P,R,0,0.8341652725465343,35.4164711251465
52.0,57.9408523,,2,2,0,0,0,0,0,0,0,1,0,4.5,16.0,46.2564,5,1,PET,UPPER APEX,LANG_09,One-Way,mozilla,Paid Search,Paid Search,Logged-Out,AREA_C,AREA_B,AREA_C_TO_AREA_B,CA,BO,31_60,high,unknown_or_oneway,Y,W,0,0.7655084789753468,35.40966640687523
95.0,357.10026459999995,,2,2,0,0,0,0,0,0,0,2,1,426.9166666666667,18.0,76.2374,2,1,PET,UPPER APEX,LANG_09,Multi-City,google,Direct,MetaSearches,Logged-Out,AREA_C,AREA_C,AREA_C_TO_AREA_C,CA,CA,61_120,very_high,unknown_or_oneway,P,R,0,0.4644336930756925,35.4072172324888
44.0,148.67749220000002,,1,1,0,0,0,0,0,1,0,1,0,3.25,4.0,50.5783753,4,1,PET,LOWER VERTEX,LANG_02,One-Way,apple,Direct,Direct,Logged-In,AREA_C,AREA_B,AREA_C_TO_AREA_B,CA,BI,31_60,very_high,unknown_or_oneway,Y,T,0,0.7000301392133581,35.40638710244447
44.0,154.25952610000002,,2,2,0,0,0,0,0,1,0,2,1,6.083333333333333,13.0,39.1457634,4,0,PET,UPPER VERTEX,LANG_11,One-Way,google,Direct,Paid Search,Logged-In,AREA_C,AREA_B,AREA_C_TO_AREA_B,CU,BI,31_60,very_high,unknown_or_oneway,Y,S,0,0.9040510303917632,35.38976773724217
4.0,217.3305558,,2,2,0,0,0,0,0,0,0,4,1,-267.8333333333333,21.0,42.6612498,4,0,PET,NORTH MERIDIAN,LANG_02,Round-Trip,apple,Organic Search,Organic Search,Logged-Out,AREA_C,AREA_B,AREA_C_TO_AREA_B,CO,BI,4_7,very_high,unknown_or_oneway,Y,V,0,0.8285711982988629,35.347882867713125
17.0,92.8177496,,2,2,0,0,0,0,0,1,0,3,1,42.68333333333333,20.0,51.396,5,1,PET,UPPER APEX,LANG_02,One-Way,samsung,Direct,Direct,Logged-In,AREA_C,AREA_C,AREA_C_TO_AREA_C,CA,CE,15_30,high,unknown_or_oneway,Y,O,0,0.686556902849533,35.2862785788546
1.0,83.04223040000001,,1,1,0,0,0,0,0,0,0,1,0,10.083333333333334,21.0,52.9730006,5,1,PET,NEW VERTEX,LANG_10,One-Way,google,Organic Search,Organic Search,Logged-Out,AREA_C,AREA_C,AREA_C_TO_AREA_C,CA,CE,0_3,high,unknown_or_oneway,Y,Q,0,0.6660153931512407,35.28083382100991
28.0,1345.6063854,60.21180555555556,2,2,0,0,0,0,0,0,0,2,1,1461.25,14.0,43.3799372,4,1,PET,LOWER VERTEX,LANG_02,Round-Trip,google,Direct,Organic Search,Logged-Out,AREA_C,AREA_B,AREA_C_TO_AREA_B,CA,BO,15_30,very_high,30_plus,C,D,0,0.8123223188151313,35.23849117635877
47.0,2480.0548746,8.010416666666666,3,3,0,0,0,0,0,0,0,2,1,198.91666666666666,7.0,126.4547184,2,1,PET,UPPER APEX,LANG_02,Round-Trip,apple,Direct,Direct,Logged-Out,AREA_C,AREA_B,AREA_C_TO_AREA_B,CA,BU,31_60,very_high,9_14,P,A,0,0.2785416860395679,35.22291047079477
3.0,175.2200998,12.78125,1,1,0,0,0,0,0,0,0,2,1,310.0833333333333,21.0,100.7353034,4,1,PET,LOWER VERTEX,LANG_02,Round-Trip,google,MetaSearches,MetaSearches,Logged-Out,AREA_B,AREA_C,AREA_B_TO_AREA_C,BU,CA,0_3,very_high,9_14,Y,V,0,0.3495437130755078,35.21139198822383
41.0,158.8067872,11.854166666666666,1,1,0,0,0,0,0,1,0,5,1,287.25,14.0,65.4583739,5,0,PET,UPPER VERTEX,LANG_02,Round-Trip,google,Paid Search,Organic Search,Logged-In,AREA_C,AREA_B,AREA_C_TO_AREA_B,CI,BI,31_60,very_high,9_14,Y,S,0,0.5373323478226213,35.172901732338
115.0,264.31592240000003,96.67361111111111,2,2,0,0,0,0,0,1,0,4,1,2325.75,13.0,40.7480337,5,0,PET,LOWER VERTEX,LANG_02,Round-Trip,apple,Direct,Organic Search,Logged-In,AREA_C,AREA_D,AREA_C_TO_AREA_D,CU,DA,61_120,very_high,30_plus,Y,V,0,0.8620823430106668,35.128160365173606
6.0,130.113257,,1,1,0,0,0,0,0,1,0,2,1,-369.6666666666667,16.0,97.8185804,1,1,PET,NEW VERTEX,LANG_09,Round-Trip,apple,Organic Search,Organic Search,Logged-In,AREA_C,AREA_C,AREA_C_TO_AREA_C,CE,CA,4_7,very_high,unknown_or_oneway,Y,L,0,0.35901515061259986,35.11835237501671
193.0,252.9132915,36.302083333333336,2,2,0,0,0,0,0,1,0,2,1,887.5,15.0,57.0898202,5,1,PET,UPPER VERTEX,LANG_11,Round-Trip,apple,Direct,Direct,Logged-In,AREA_C,AREA_B,AREA_C_TO_AREA_B,CA,BO,120_plus,very_high,30_plus,Y,O,0,0.6148216245886244,35.10005600283647
50.0,350.0290316,49.267361111111114,2,1,0,1,0,1,0,1,1,2,1,1189.0833333333333,10.0,48.3979,3,1,PET,UPPER APEX,LANG_09,Round-Trip,apple,Direct,Direct,Logged-In,AREA_C,AREA_B,AREA_C_TO_AREA_B,CA,BE,31_60,very_high,30_plus,C,Z,1,0.725180870212753,35.097231238469796
58.0,51.5955878,,2,2,0,0,0,0,0,1,0,1,0,3.4166666666666665,20.0,40.9998741,5,1,PET,UPPER APEX,LANG_02,One-Way,apple,Email,Email,Logged-In,AREA_C,AREA_B,AREA_C_TO_AREA_B,CA,BO,31_60,mid,unknown_or_oneway,Y,L,0,0.8559476482235532,35.09374581335677
0.0,131.57376,,1,1,0,0,0,0,0,1,0,2,1,30.5,21.0,51.3236173,2,0,PET,NORTH MERIDIAN,LANG_02,One-Way,google,Direct,MetaSearches,Logged-In,AREA_B,AREA_B,AREA_B_TO_AREA_B,BI,BO,invalid_or_past,very_high,unknown_or_oneway,Y,V,0,0.6836532741948717,35.08755901066956
2.0,137.22603510000002,,1,1,0,0,0,0,0,0,0,2,1,28.583333333333332,,51.3236173,5,0,PET,NORTH MERIDIAN,LANG_02,One-Way,google,Direct,MetaSearches,Logged-Out,AREA_B,AREA_B,AREA_B_TO_AREA_B,BI,BO,0_3,very_high,unknown_or_oneway,Y,V,0,0.6830864997383018,35.05847009536515
29.0,21.1207579,,1,1,0,0,0,0,0,1,1,1,0,4.5,16.0,45.3998,4,1,PET,WEST MERIDIAN,LANG_02,One-Way,microsoft,Direct,Direct,Logged-In,AREA_C,AREA_B,AREA_C_TO_AREA_B,CA,BO,15_30,very_low,unknown_or_oneway,Y,O,0,0.7715082597597926,35.026320691442635
61.0,90.3006305,17.819444444444443,1,1,0,0,0,0,0,0,0,2,1,436.6666666666667,14.0,97.8185804,1,1,PET,UPPER VERTEX,LANG_11,Round-Trip,google,Direct,MetaSearches,Logged-Out,AREA_C,AREA_C,AREA_C_TO_AREA_C,CE,CA,61_120,high,15_30,Y,L,0,0.35738499314578265,34.95889268578419
107.0,434.1381573000001,79.66666666666667,2,2,0,0,0,0,0,0,0,2,1,1915.5,13.0,41.6710202,1,1,PET,LOWER VERTEX,LANG_02,Round-Trip,apple,Direct,MetaSearches,Logged-Out,AREA_B,AREA_C,AREA_B_TO_AREA_C,BU,CA,61_120,very_high,30_plus,P,R,0,0.8388373357609563,34.95520756300899
1.0,43.2630113,,1,1,0,0,0,0,0,0,0,1,0,3.4166666666666665,13.0,40.9998741,4,1,PET,GREAT MERIDIAN,LANG_03,One-Way,google,Direct,Direct,Logged-Out,AREA_C,AREA_B,AREA_C_TO_AREA_B,CA,BO,0_3,mid,unknown_or_oneway,Y,T,0,0.851618640360848,34.91625703600795
9.0,50.329533,,2,2,0,0,0,0,0,0,0,1,0,2.6666666666666665,17.0,36.5455541,2,1,PET,WEST MERIDIAN,LANG_02,One-Way,apple,Paid Search,Organic Search,Logged-Out,AREA_B,AREA_C,AREA_B_TO_AREA_C,BO,CA,8_14,mid,unknown_or_oneway,Y,S,1,0.9553075017352207,34.912241986800346
0.0,283.8635344,3.78125,1,1,0,0,0,0,0,0,0,2,1,94.08333333333333,10.0,100.7353034,3,1,PET,LOWER VERTEX,LANG_09,Round-Trip,apple,Direct,Paid Search,Logged-Out,AREA_B,AREA_C,AREA_B_TO_AREA_C,BU,CA,invalid_or_past,very_high,3_5,Y,K,0,0.34627901951117884,34.882522091513124
62.0,46.3116507,,1,1,0,0,0,0,0,1,0,1,0,12.333333333333334,12.0,51.396,5,1,PET,OLD HORIZON,LANG_02,One-Way,apple,Direct,Direct,Logged-In,AREA_C,AREA_C,AREA_C_TO_AREA_C,CA,CE,61_120,mid,unknown_or_oneway,Y,O,0,0.6782042397515952,34.85698510627299
7.0,46.4285766,,1,1,0,0,0,0,0,0,0,1,0,11.666666666666666,8.0,51.396,5,1,PET,UPPER APEX,LANG_02,One-Way,google,Direct,Organic Search,Logged-Out,AREA_C,AREA_C,AREA_C_TO_AREA_C,CA,CE,4_7,mid,unknown_or_oneway,Y,O,0,0.6780847444050693,34.85084352344294
1.0,72.76859830000001,,1,1,0,0,0,0,0,0,0,1,0,14.166666666666666,14.0,50.3676517,4,1,PET,LOWER VERTEX,LANG_02,One-Way,google,Organic Search,Paid Search,Logged-Out,AREA_B,AREA_C,AREA_B_TO_AREA_C,BU,CA,0_3,high,unknown_or_oneway,C,I,0,0.6916759135756504,34.83809150425766
2.0,68.6046657,,1,1,0,0,0,0,0,0,0,1,0,5.083333333333333,14.0,51.396,5,1,PET,UPPER VERTEX,LANG_10,One-Way,apple,MetaSearches,MetaSearches,Logged-Out,AREA_C,AREA_B,AREA_C_TO_AREA_B,CA,BU,0_3,high,unknown_or_oneway,Y,Q,0,0.6775825264138238,34.82503152756489
19.0,22.524297,,1,1,0,0,0,0,0,0,0,1,0,4.5,22.0,51.396,5,1,PET,WEST MERIDIAN,LANG_02,One-Way,google,MetaSearches,MetaSearches,Logged-Out,AREA_C,AREA_B,AREA_C_TO_AREA_B,CA,BO,15_30,low,unknown_or_oneway,Y,O,0,0.6771950064579101,34.80511455191075
77.0,328.090649,,2,2,0,0,0,0,0,0,0,1,0,19.583333333333332,19.0,76.2374,5,1,PET,UPPER APEX,LANG_09,One-Way,google,Direct,Direct,Logged-Out,AREA_C,AREA_B,AREA_C_TO_AREA_B,CA,BU,61_120,very_high,unknown_or_oneway,Y,Q,0,0.4555662759370254,34.73118840512138
7.0,171.31957169999998,,1,1,0,0,0,0,0,1,0,1,0,0.9166666666666666,16.0,71.9544,2,1,PET,UPPER APEX,LANG_02,Round-Trip,google,Paid Search,Paid Search,Logged-In,AREA_C,AREA_C,AREA_C_TO_AREA_C,CA,CA,4_7,very_high,unknown_or_oneway,Y,T,0,0.48234944030075094,34.707164567176356
49.0,44.935094500000005,,1,1,0,0,0,0,0,0,0,1,0,12.333333333333334,22.0,51.396,5,1,PET,LOWER MERIDIAN,LANG_02,One-Way,apple,Direct,Organic Search,Logged-Out,AREA_C,AREA_C,AREA_C_TO_AREA_C,CA,CE,31_60,mid,unknown_or_oneway,Y,U,0,0.6752364010262576,34.70445006714554
24.0,295.41221559999997,,1,1,0,0,0,0,0,0,0,3,1,-188.41666666666666,17.0,74.0959,5,1,PET,SOUTH HORIZON,LANG_02,Multi-City,google,Paid Search,Referrals,Logged-Out,AREA_C,AREA_B,AREA_C_TO_AREA_B,CA,BI,15_30,very_high,unknown_or_oneway,MISSING,Q,0,0.468277081838103,34.697411828167894
189.0,103.807071,,1,1,0,0,0,0,0,0,0,1,0,20.583333333333332,4.0,74.9525,4,1,PET,GREAT ZENITH,LANG_02,One-Way,opera,Direct,Organic Search,Logged-Out,AREA_D,AREA_C,AREA_D_TO_AREA_C,DA,CA,120_plus,very_high,unknown_or_oneway,Y,V,0,0.4627429466026799,34.68374070523736
100.0,48.0544034,17.875,1,1,0,0,0,0,0,0,0,2,1,431.1666666666667,13.0,52.4401954,4,1,PET,NEW APEX,LANG_02,Round-Trip,apple,Direct,Direct,Logged-Out,AREA_B,AREA_C,AREA_B_TO_AREA_C,BE,CA,61_120,mid,15_30,Y,U,0,0.661281836573359,34.677748724377814
33.0,142.7596711,38.739583333333336,2,2,0,0,0,0,0,0,0,2,1,932.9166666666666,13.0,55.0862328,3,1,PET,LOWER VERTEX,LANG_02,Round-Trip,apple,Paid Search,Organic Search,Logged-Out,AREA_B,AREA_C,AREA_B_TO_AREA_C,BU,CA,31_60,very_high,30_plus,Y,O,0,0.6291897555665105,34.65969335051189
12.0,130.8636386,,1,1,0,0,0,0,0,0,0,2,1,30.5,12.0,51.3236173,5,0,PET,NORTH MERIDIAN,LANG_02,One-Way,google,Paid Search,Paid Search,Logged-Out,AREA_B,AREA_B,AREA_B_TO_AREA_B,BI,BO,8_14,very_high,unknown_or_oneway,Y,V,0,0.6751951069785264,34.65345527339845
91.0,374.29993600000006,,2,1,1,0,0,0,1,0,0,2,1,257.8333333333333,18.0,76.2374,2,1,PET,UPPER APEX,LANG_09,Multi-City,google,Direct,Direct,Logged-Out,AREA_C,AREA_C,AREA_C_TO_AREA_C,CA,CA,61_120,very_high,unknown_or_oneway,Y,W,0,0.4544812610591718,34.6484696918725
193.0,301.0465021,,3,3,0,0,0,0,0,0,0,1,0,20.583333333333332,18.0,74.7991686,4,1,PET,LOWER VERTEX,LANG_02,One-Way,apple,Direct,Direct,Logged-Out,AREA_D,AREA_C,AREA_D_TO_AREA_C,DA,CA,120_plus,very_high,unknown_or_oneway,Y,V,0,0.4630789465201723,34.63792019587275
160.0,219.5996892,35.22222222222222,2,2,0,0,0,0,0,1,0,2,1,859.9166666666666,14.0,90.2783589,2,1,PET,UPPER VERTEX,LANG_10,Round-Trip,opera,Organic Search,Organic Search,Logged-In,AREA_C,AREA_B,AREA_C_TO_AREA_B,CA,BI,120_plus,very_high,30_plus,Y,L,0,0.3834685336570166,34.618909908344875
72.0,129.6065781,,1,1,0,0,0,0,0,0,0,2,1,30.5,14.0,51.3236173,5,0,PET,NORTH MERIDIAN,LANG_02,One-Way,apple,MetaSearches,MetaSearches,Logged-Out,AREA_B,AREA_B,AREA_B_TO_AREA_B,BI,BO,61_120,very_high,unknown_or_oneway,Y,V,0,0.6744705650636647,34.616269161442276
20.0,88.0601932,,1,1,0,0,0,0,0,1,0,1,0,20.583333333333332,23.0,53.4124364,4,1,PET,LOWER VERTEX,LANG_02,One-Way,apple,Direct,Direct,Logged-In,AREA_D,AREA_C,AREA_D_TO_AREA_C,DA,CA,15_30,high,unknown_or_oneway,Y,V,0,0.6474163105417836,34.580082511135664
15.0,92.0292493,,2,2,0,0,0,0,0,1,0,1,0,4.0,18.0,40.024635,4,1,PET,UPPER MERIDIAN,LANG_02,One-Way,apple,Direct,Direct,Logged-In,AREA_B,AREA_C,AREA_B_TO_AREA_C,BO,CA,15_30,high,unknown_or_oneway,Y,W,0,0.8638292319699985,34.574449711929525
10.0,46.5240875,,1,1,0,0,0,0,0,1,0,1,0,12.333333333333334,18.0,51.396,5,1,PET,OLD HORIZON,LANG_02,One-Way,apple,Direct,Direct,Logged-In,AREA_C,AREA_C,AREA_C_TO_AREA_C,CA,CE,8_14,mid,unknown_or_oneway,Y,U,0,0.6726829235250987,34.57321153749597
64.0,50.80066299999999,,2,2,0,0,0,0,0,1,0,2,1,9.416666666666666,23.0,39.797636,5,0,PET,GREAT MERIDIAN,LANG_02,One-Way,microsoft,Paid Search,Organic Search,Logged-In,AREA_C,AREA_B,AREA_C_TO_AREA_B,CU,BA,61_120,mid,unknown_or_oneway,Y,L,0,0.8684666135518416,34.56291816428886
23.0,180.0466125,,2,2,0,0,0,0,0,1,0,1,0,16.333333333333332,21.0,40.140276,3,0,PET,NEW HORIZON,LANG_02,One-Way,apple,Direct,Direct,Logged-In,AREA_B,AREA_B,AREA_B_TO_AREA_B,BU,BE,15_30,very_high,unknown_or_oneway,P,J,0,0.8600192021656167,34.52140814022765
0.0,114.3312586,39.68055555555556,1,1,0,0,0,0,0,0,0,2,1,958.0,13.0,87.6635874,1,1,PET,LOWER VERTEX,LANG_02,Round-Trip,apple,Paid Search,Organic Search,Logged-Out,AREA_B,AREA_C,AREA_B_TO_AREA_C,BO,CA,invalid_or_past,very_high,30_plus,Y,S,0,0.3937804866876026,34.52021011115319
0.0,202.692975,,1,1,0,0,0,0,0,0,0,2,1,30.5,,51.3236173,5,0,PET,NORTH MERIDIAN,LANG_02,One-Way,google,Direct,Direct,Logged-Out,AREA_B,AREA_B,AREA_B_TO_AREA_B,BI,BO,invalid_or_past,very_high,unknown_or_oneway,Y,K,0,0.6723507196943458,34.507471028972176
23.0,32.727259600000004,,1,1,0,0,0,0,0,1,0,1,0,5.083333333333333,16.0,51.396,5,1,PET,SOUTH AURORA,LANG_02,One-Way,apple,Direct,Direct,Logged-In,AREA_C,AREA_B,AREA_C_TO_AREA_B,CA,BU,15_30,low,unknown_or_oneway,Y,W,0,0.6709464279936642,34.48396261316237
0.0,124.4130123,,1,1,0,0,0,0,0,0,0,1,0,25.833333333333332,2.0,51.3236173,5,0,PET,NORTH MERIDIAN,LANG_02,One-Way,apple,MetaSearches,MetaSearches,Logged-Out,AREA_B,AREA_B,AREA_B_TO_AREA_B,BI,BO,invalid_or_past,very_high,unknown_or_oneway,MISSING,Y,0,0.6718466075667126,34.48159817105724
53.0,198.4146863,,2,2,0,0,0,0,0,0,0,1,0,16.083333333333332,13.0,40.140276,4,0,PET,UPPER VERTEX,LANG_11,One-Way,apple,Paid Search,Paid Search,Logged-Out,AREA_B,AREA_B,AREA_B_TO_AREA_B,BU,BE,31_60,very_high,unknown_or_oneway,Y,V,0,0.8584708977610214,34.45925877409518
49.0,172.4798364,,1,1,0,0,0,0,0,1,0,2,1,217.83333333333334,20.0,76.2374,2,1,PET,UPPER APEX,LANG_09,Multi-City,apple,Direct,Direct,Logged-In,AREA_C,AREA_C,AREA_C_TO_AREA_C,CA,CA,31_60,very_high,unknown_or_oneway,Y,W,0,0.45173955113327685,34.43944885556808
58.0,124.0245442,,1,1,0,0,0,0,0,0,0,2,1,30.5,22.0,51.3236173,5,0,PET,NORTH MERIDIAN,LANG_02,One-Way,google,Paid Search,Paid Search,Logged-Out,AREA_B,AREA_B,AREA_B_TO_AREA_B,BI,BO,31_60,very_high,unknown_or_oneway,Y,Q,0,0.6700450751213005,34.38913700927538
53.0,370.3647156,27.427083333333332,2,2,0,0,0,0,0,0,0,2,1,674.4166666666666,20.0,56.1073,5,1,PET,UPPER VERTEX,LANG_02,Round-Trip,apple,Direct,Direct,Logged-Out,AREA_C,AREA_B,AREA_C_TO_AREA_B,CA,BO,31_60,very_high,15_30,Y,K,0,0.6127524194636614,34.37988382457349
19.0,154.1828604,,2,2,0,0,0,0,0,0,0,3,1,37.416666666666664,13.0,48.8262,4,1,PET,UPPER APEX,LANG_09,One-Way,apple,Direct,Paid Search,Logged-Out,AREA_B,AREA_C,AREA_B_TO_AREA_C,BU,CA,15_30,very_high,unknown_or_oneway,Y,S,0,0.7026622033909299,34.30832527520622
29.0,76.8340219,,1,1,0,0,0,0,0,0,0,1,0,10.083333333333334,17.0,52.9730006,5,1,PET,SOUTH HORIZON,LANG_02,One-Way,google,Organic Search,Organic Search,Logged-Out,AREA_C,AREA_C,AREA_C_TO_AREA_C,CA,CE,15_30,high,unknown_or_oneway,Y,Q,0,0.6464978193491963,34.24692937228367
51.0,144.7833886,60.760416666666664,2,2,0,0,0,0,0,1,0,2,1,1461.75,14.0,50.5355453,1,1,PET,LOWER VERTEX,LANG_02,Round-Trip,google,Direct,Direct,Logged-In,AREA_B,AREA_C,AREA_B_TO_AREA_C,BU,CA,31_60,very_high,30_plus,Y,O,0,0.676776335317642,34.20126115141269
12.0,46.8251824,,1,1,0,0,0,0,0,1,0,1,0,12.333333333333334,19.0,51.396,5,1,PET,WEST MERIDIAN,LANG_02,One-Way,apple,MetaSearches,MetaSearches,Logged-In,AREA_C,AREA_C,AREA_C_TO_AREA_C,CA,CE,8_14,mid,unknown_or_oneway,Y,U,0,0.6650660942234772,34.181736978709836
2.0,85.25739800000001,5.145833333333333,2,2,0,0,0,0,0,0,0,2,1,125.83333333333333,14.0,47.79828,4,0,PET,UPPER VERTEX,LANG_11,Round-Trip,apple,Paid Search,Paid Search,Logged-Out,AREA_B,AREA_B,AREA_B_TO_AREA_B,BE,BA,0_3,high,6_8,Y,T,0,0.7150010372486174,34.17581977869985
0.0,124.0245442,,1,1,0,0,0,0,0,0,0,2,1,28.583333333333332,23.0,51.3236173,5,0,PET,NORTH MERIDIAN,LANG_02,One-Way,apple,MetaSearches,MetaSearches,Logged-Out,AREA_B,AREA_B,AREA_B_TO_AREA_B,BI,BO,invalid_or_past,very_high,unknown_or_oneway,Y,V,0,0.6657569330411349,34.169054046224936
38.0,56.381412000000005,10.163194444444445,4,2,2,0,0,0,1,1,0,2,1,246.91666666666666,9.0,53.1092,6,1,PET,UPPER APEX,LANG_09,Round-Trip,google,Direct,Paid Search,Logged-In,AREA_C,AREA_C,AREA_C_TO_AREA_C,CA,CI,31_60,high,9_14,Y,O,0,0.6423476092223859,34.114567647713535
60.0,81.2133894,,1,1,0,0,0,0,0,1,0,1,0,10.083333333333334,16.0,52.9730006,5,1,PET,UPPER MERIDIAN,LANG_02,One-Way,apple,Direct,Direct,Logged-In,AREA_C,AREA_C,AREA_C_TO_AREA_C,CA,CE,31_60,high,unknown_or_oneway,Y,Q,0,0.6413373841953647,33.97356563778348
9.0,241.90598149999997,,1,1,0,0,0,0,0,1,0,1,0,14.75,14.0,40.2075191,3,1,PET,LOWER VERTEX,LANG_02,One-Way,apple,Organic Search,Paid Search,Logged-In,AREA_B,AREA_C,AREA_B_TO_AREA_C,BU,CA,8_14,very_high,unknown_or_oneway,P,A,0,0.8446638750422271,33.961838888840354
59.0,31.358841100000003,,1,1,0,0,0,0,0,0,0,1,0,4.5,13.0,46.2564,5,1,PET,LOWER VERTEX,LANG_02,One-Way,google,Direct,Organic Search,Logged-Out,AREA_C,AREA_B,AREA_C_TO_AREA_B,CA,BO,31_60,low,unknown_or_oneway,Y,W,0,0.7335513296794045,33.93144372618241
6.0,298.961966,,2,2,0,0,0,0,0,0,0,1,0,4.416666666666667,11.0,37.1781532,4,1,PET,NEW MERIDIAN,LANG_02,One-Way,apple,Email,Email,Logged-Out,AREA_C,AREA_B,AREA_C_TO_AREA_B,CA,BO,4_7,very_high,unknown_or_oneway,C,C,0,0.9119430208559062,33.90435733905167
96.0,204.7638055,178.77777777777777,2,2,0,0,0,0,0,1,1,2,1,4294.0,10.0,45.0717222,1,1,PET,NORTH MERIDIAN,LANG_02,Round-Trip,google,Email,Email,Logged-In,AREA_B,AREA_C,AREA_B_TO_AREA_C,BI,CA,61_120,very_high,30_plus,Y,O,0,0.7520313000054483,33.89534583955042
35.0,482.9151028,33.21527777777778,2,2,0,0,0,0,0,0,0,2,1,813.25,17.0,74.0959,3,1,PET,LOWER VERTEX,LANG_02,Round-Trip,google,Direct,Organic Search,Logged-Out,AREA_C,AREA_B,AREA_C_TO_AREA_B,CA,BU,31_60,very_high,30_plus,P,R,0,0.4572320101351659,33.87901729977424
52.0,98.8066685,,1,1,0,0,0,0,0,1,0,1,0,14.5,12.0,49.888384,4,1,PET,LOWER VERTEX,LANG_02,One-Way,apple,Direct,Direct,Logged-In,AREA_B,AREA_C,AREA_B_TO_AREA_C,BU,CA,31_60,high,unknown_or_oneway,P,J,1,0.6776138452053928,33.805059713323196
7.0,26.315180300000005,2.4305555555555554,1,1,0,0,0,0,0,0,0,4,1,59.583333333333336,20.0,57.6046368,3,0,PET,CENTRAL MERIDIAN,LANG_02,Round-Trip,apple,Direct,Direct,Logged-Out,AREA_B,AREA_C,AREA_B_TO_AREA_C,BI,CI,4_7,low,3_5,Y,W,0,0.5866841315844799,33.79572631624737
0.0,158.2894008,,2,2,0,0,0,0,0,0,0,1,0,14.333333333333334,20.0,40.4824877,4,1,PET,UPPER VERTEX,LANG_02,One-Way,apple,Organic Search,Organic Search,Logged-Out,AREA_B,AREA_C,AREA_B_TO_AREA_C,BU,CA,invalid_or_past,very_high,unknown_or_oneway,Y,S,0,0.8340558959514874,33.76465754896857
48.0,61.29015829999999,12.381944444444445,1,1,0,0,0,0,0,1,0,4,1,299.0,19.0,49.8609728,3,0,PET,SOUTH VERTEX,LANG_02,Round-Trip,mozilla,Direct,Organic Search,Logged-In,AREA_C,AREA_B,AREA_C_TO_AREA_B,CU,BE,31_60,high,9_14,Y,T,0,0.6769015103728004,33.75096779697712
144.0,134.0827414,92.78472222222223,1,1,0,0,0,0,0,0,0,2,1,2230.0,14.0,55.0862328,2,1,PET,LOWER VERTEX,LANG_09,Round-Trip,apple,Paid Search,MetaSearches,Logged-Out,AREA_B,AREA_C,AREA_B_TO_AREA_C,BU,CA,120_plus,very_high,30_plus,Y,L,0,0.6125280943075796,33.741865199567684
3.0,313.656939,,2,2,0,0,0,0,0,0,0,1,0,3.6666666666666665,10.0,41.7995102,5,1,PET,NORTH MERIDIAN,LANG_02,One-Way,google,Paid Search,Paid Search,Logged-Out,AREA_C,AREA_B,AREA_C_TO_AREA_B,CA,BI,0_3,very_high,unknown_or_oneway,Y,K,0,0.8069044317235052,33.72821002425186
41.0,165.5392349,,2,2,0,0,0,0,0,0,0,4,1,-215.16666666666666,9.0,47.6856371,3,0,PET,LOWER VERTEX,LANG_02,Round-Trip,apple,Direct,Paid Search,Logged-Out,AREA_B,AREA_B,AREA_B_TO_AREA_B,BU,BE,31_60,very_high,unknown_or_oneway,Y,L,0,0.7071432337198506,33.72057562088528
14.0,66.62634800000001,50.982638888888886,1,1,0,0,0,0,0,0,0,2,1,1225.4166666666667,13.0,53.640292,2,1,PET,UPPER MERIDIAN,LANG_01,Round-Trip,google,Direct,Paid Search,Logged-Out,AREA_C,AREA_B,AREA_C_TO_AREA_B,CA,BA,8_14,high,30_plus,C,Z,0,0.6283828774471057,33.70664103406297
65.0,101.4724077,,1,1,0,0,0,0,0,1,0,1,0,12.333333333333334,17.0,51.396,5,1,PET,UPPER APEX,LANG_02,One-Way,google,Direct,Direct,Logged-In,AREA_C,AREA_C,AREA_C_TO_AREA_C,CA,CE,61_120,high,unknown_or_oneway,Y,T,1,0.6555825143284582,33.69431890642544
,141.6242478,,3,3,0,0,0,0,0,1,0,1,0,5.083333333333333,14.0,34.812224,5,1,PET,UPPER APEX,LANG_09,One-Way,opera,Paid Search,Organic Search,Logged-In,AREA_C,AREA_B,AREA_C_TO_AREA_B,CA,BU,MISSING,very_high,unknown_or_oneway,Y,V,1,0.9677543922662312,33.689682680555904
53.0,235.2206468,42.041666666666664,2,2,0,0,0,0,0,0,0,4,1,1011.6666666666666,18.0,42.2350913,2,0,PET,OLD HORIZON,LANG_02,Round-Trip,apple,Direct,Direct,Logged-Out,AREA_C,AREA_B,AREA_C_TO_AREA_B,CI,BO,31_60,very_high,30_plus,Y,L,1,0.7971227804554822,33.66655340984715
0.0,161.8734152,,1,1,0,0,0,0,0,0,0,2,1,30.5,,51.3236173,5,0,PET,NORTH MERIDIAN,LANG_02,One-Way,apple,Direct,Paid Search,Logged-Out,AREA_B,AREA_B,AREA_B_TO_AREA_B,BI,BO,invalid_or_past,very_high,unknown_or_oneway,Y,Q,0,0.6556895841864451,33.65236128638124
24.0,88.9480591,36.78125,1,1,0,0,0,0,0,0,0,2,1,886.0833333333334,15.0,80.9649754,3,1,PET,LOWER VERTEX,LANG_02,Round-Trip,apple,Direct,Direct,Logged-Out,AREA_B,AREA_C,AREA_B_TO_AREA_C,BU,CA,15_30,high,30_plus,Y,U,0,0.41560063875974157,33.64909549340676
174.0,19.8401409,34.56944444444444,1,1,0,0,0,0,0,0,0,2,1,833.5833333333334,16.0,46.517663,1,1,PET,GREAT MERIDIAN,LANG_03,Round-Trip,google,Paid Search,Organic Search,Logged-Out,AREA_B,AREA_C,AREA_B_TO_AREA_C,BA,CA,120_plus,very_low,30_plus,Y,O,0,0.7225046474596722,33.60922770646284
36.0,59.4600324,20.87847222222222,1,1,0,0,0,0,0,1,0,2,1,503.1666666666667,10.0,52.76656,2,1,PET,SOUTH MERIDIAN,LANG_09,Round-Trip,apple,Direct,Direct,Logged-In,AREA_B,AREA_C,AREA_B_TO_AREA_C,BI,CA,31_60,high,15_30,Y,T,0,0.635031913599057,33.50844957083945
20.0,131.04609440000002,,1,1,0,0,0,0,0,0,1,2,1,30.5,20.0,51.3236173,5,0,PET,NORTH MERIDIAN,LANG_02,One-Way,apple,Paid Search,Paid Search,Logged-Out,AREA_B,AREA_B,AREA_B_TO_AREA_B,BI,BO,15_30,very_high,unknown_or_oneway,Y,V,0,0.6528359181148518,33.50590082102079
7.0,73.41233319999999,,1,1,0,0,0,0,0,1,0,1,0,14.166666666666666,12.0,50.0515663,4,1,PET,LOWER VERTEX,LANG_02,One-Way,apple,Direct,Direct,Logged-In,AREA_B,AREA_C,AREA_B_TO_AREA_C,BU,CA,4_7,high,unknown_or_oneway,Y,S,0,0.6690706037669181,33.48803168382093
46.0,82.0978289,,2,1,1,0,0,0,1,1,0,1,0,4.0,20.0,40.024635,4,1,PET,UPPER VERTEX,LANG_11,One-Way,apple,Direct,Direct,Logged-In,AREA_B,AREA_C,AREA_B_TO_AREA_C,BO,CA,31_60,high,unknown_or_oneway,Y,L,0,0.8365987748161002,33.48456060346161
28.0,18.1483559,,1,1,0,0,0,0,0,1,0,1,0,3.4166666666666665,15.0,40.9998741,5,1,PET,UPPER VERTEX,LANG_11,One-Way,google,Direct,Direct,Logged-In,AREA_C,AREA_B,AREA_C_TO_AREA_B,CA,BO,15_30,very_low,unknown_or_oneway,Y,L,1,0.8166587305980592,33.48290513718624
58.0,563.0521742999999,157.27083333333334,2,2,0,0,0,0,0,1,1,4,1,3792.5833333333335,17.0,39.836183,2,0,PET,EAST ZENITH,LANG_08,Round-Trip,google,Paid Search,Paid Search,Logged-In,AREA_C,AREA_C,AREA_C_TO_AREA_C,CA,CI,31_60,very_high,30_plus,C,F,0,0.8391972942896377,33.43041698842686
0.0,130.50900620000002,,1,1,0,0,0,0,0,0,0,2,1,30.5,7.0,51.3236173,5,0,PET,NORTH MERIDIAN,LANG_02,One-Way,apple,Paid Search,Paid Search,Logged-Out,AREA_B,AREA_B,AREA_B_TO_AREA_B,BI,BO,invalid_or_past,very_high,unknown_or_oneway,Y,V,0,0.6511868792875692,33.4212661833365
7.0,87.74153799999999,,1,1,0,0,0,0,0,1,0,1,0,13.166666666666666,22.0,40.5818533,4,1,PET,UPPER VERTEX,LANG_02,One-Way,apple,Direct,Direct,Logged-In,AREA_C,AREA_C,AREA_C_TO_AREA_C,CA,CA,4_7,high,unknown_or_oneway,Y,S,0,0.8233003853199394,33.411055458887255
129.0,122.4351229,61.770833333333336,1,1,0,0,0,0,0,0,0,2,1,1486.0,10.0,53.8668627,4,1,PET,LOWER VERTEX,LANG_02,Round-Trip,apple,Direct,Direct,Logged-Out,AREA_B,AREA_C,AREA_B_TO_AREA_C,BU,CA,120_plus,very_high,30_plus,Y,V,0,0.6195880698939146,33.3752654915335
90.0,130.8623537,,1,1,0,0,0,0,0,0,0,2,1,28.583333333333332,23.0,51.3236173,5,0,PET,NORTH MERIDIAN,LANG_02,One-Way,google,Paid Search,Paid Search,Logged-Out,AREA_B,AREA_B,AREA_B_TO_AREA_B,BI,BO,61_120,very_high,unknown_or_oneway,Y,V,0,0.6491503410943262,33.316743676489665
54.0,308.33317,30.319444444444443,2,2,0,0,0,0,0,1,0,2,1,743.8333333333334,23.0,50.1762016,5,1,PET,UPPER APEX,LANG_09,Round-Trip,apple,Direct,Direct,Logged-In,AREA_C,AREA_B,AREA_C_TO_AREA_B,CA,BO,31_60,very_high,30_plus,Y,K,0,0.6639004397705897,33.31200230825776
7.0,42.3044759,13.815972222222221,1,1,0,0,0,0,0,1,0,2,1,335.0,17.0,48.3979,1,1,PET,LOWER APEX,LANG_02,Round-Trip,google,Organic Search,Organic Search,Logged-In,AREA_B,AREA_C,AREA_B_TO_AREA_C,BO,CA,4_7,mid,9_14,Y,U,0,0.6881843416526763,33.30667694887206
35.0,145.6695413,123.97569444444444,1,1,0,0,0,0,0,0,0,2,1,2981.3333333333335,13.0,71.9544,2,1,PET,UPPER APEX,LANG_09,Round-Trip,google,Paid Search,Organic Search,Logged-Out,AREA_C,AREA_C,AREA_C_TO_AREA_C,CA,CA,31_60,very_high,30_plus,Y,L,0,0.46280776735931856,33.301055215679355
4.0,192.5773856,,2,2,0,0,0,0,0,1,1,1,0,10.083333333333334,3.0,52.9730006,5,1,PET,UPPER APEX,LANG_02,One-Way,samsung,Direct,Direct,Logged-In,AREA_C,AREA_C,AREA_C_TO_AREA_C,CA,CE,4_7,very_high,unknown_or_oneway,Y,K,0,0.6284446171446415,33.29059708106986
187.0,326.2562401,38.645833333333336,2,2,0,0,0,0,0,1,0,2,1,930.6666666666666,13.0,52.9704308,1,1,PET,NORTH MERIDIAN,LANG_02,Round-Trip,google,Direct,Direct,Logged-In,AREA_B,AREA_C,AREA_B_TO_AREA_C,BI,CA,120_plus,very_high,30_plus,Y,O,0,0.628297461127154,33.281187186451604
52.0,126.5121106,,2,2,0,0,0,0,0,1,0,1,0,4.0,1.0,40.024635,4,1,PET,UPPER APEX,LANG_02,One-Way,google,Direct,Direct,Logged-In,AREA_B,AREA_C,AREA_B_TO_AREA_C,BO,CA,31_60,very_high,unknown_or_oneway,Y,V,0,0.8313800859134678,33.27568448495519
14.0,46.5287988,,1,1,0,0,0,0,0,0,0,1,0,12.333333333333334,13.0,51.396,5,1,PET,OLD HORIZON,LANG_02,One-Way,apple,Paid Search,Organic Search,Logged-Out,AREA_C,AREA_C,AREA_C_TO_AREA_C,CA,CE,8_14,mid,unknown_or_oneway,Y,U,0,0.6474029769603472,33.273923403854006
44.0,164.9828732,69.31944444444444,1,1,0,0,0,0,0,1,0,2,1,1679.8333333333333,16.0,56.1073,5,1,PET,UPPER VERTEX,LANG_10,Round-Trip,google,Direct,Direct,Logged-In,AREA_C,AREA_B,AREA_C_TO_AREA_B,CA,BO,31_60,very_high,30_plus,Y,S,0,0.5930399901289809,33.27387263816377
29.0,364.5543978,49.31944444444444,2,2,0,0,0,0,0,0,0,2,1,1199.8333333333333,20.0,57.0898202,5,1,PET,UPPER APEX,LANG_09,Round-Trip,apple,Paid Search,Paid Search,Logged-Out,AREA_C,AREA_B,AREA_C_TO_AREA_B,CA,BO,15_30,very_high,30_plus,Y,T,0,0.5820412719564715,33.22863156497426
13.0,229.22830149999996,,3,2,0,1,0,1,0,1,0,1,0,3.3333333333333335,13.0,37.51908,3,1,PET,WEST ZENITH,LANG_10,One-Way,apple,Direct,Direct,Logged-In,AREA_C,AREA_C,AREA_C_TO_AREA_C,CE,CA,8_14,very_high,unknown_or_oneway,Y,S,1,0.8847709153180723,33.195790753491984
8.0,45.8105397,22.73611111111111,1,1,0,0,0,0,0,1,0,2,1,552.3333333333334,18.0,54.1568218,4,1,PET,UPPER VERTEX,LANG_02,Round-Trip,apple,Internal,Organic Search,Logged-In,AREA_C,AREA_C,AREA_C_TO_AREA_C,CE,CA,8_14,mid,15_30,Y,T,0,0.6124196751774434,33.16670321539869
124.0,160.4060594,59.34027777777778,2,2,0,0,0,0,0,1,1,4,1,1425.4166666666667,18.0,46.7095414,5,0,PET,LOWER HORIZON,LANG_02,Round-Trip,google,Referrals,Affiliate,Logged-In,AREA_B,AREA_B,AREA_B_TO_AREA_B,BI,BO,120_plus,very_high,30_plus,Y,L,0,0.7097329526416932,33.151300734361406
75.0,82.25972630000001,46.5625,1,1,0,0,0,0,0,0,0,2,1,1126.5833333333333,13.0,53.3935912,2,1,PET,UPPER APEX,LANG_02,Round-Trip,apple,Direct,Direct,Logged-Out,AREA_C,AREA_C,AREA_C_TO_AREA_C,CE,CA,61_120,high,30_plus,Y,O,0,0.6206344470321603,33.137901949473225
1.0,69.28266459999999,,2,2,0,0,0,0,0,1,0,1,0,2.75,20.0,36.5279938,4,1,PET,UPPER VERTEX,LANG_11,One-Way,apple,Direct,Direct,Logged-In,AREA_C,AREA_C,AREA_C_TO_AREA_C,CA,CI,0_3,high,unknown_or_oneway,Y,K,0,0.9068018633619372,33.12365284271329
4.0,213.4728577,,3,2,0,1,0,1,0,1,1,1,0,4.0,19.0,40.024635,4,1,PET,OLD HORIZON,LANG_02,One-Way,google,Paid Search,Organic Search,Logged-In,AREA_B,AREA_C,AREA_B_TO_AREA_C,BO,CA,4_7,very_high,unknown_or_oneway,Y,T,0,0.8272661471447607,33.111025587325344
81.0,211.45085339999997,,3,2,0,0,1,1,0,1,1,1,0,4.0,12.0,40.024635,3,1,PET,UPPER APEX,LANG_02,One-Way,apple,Direct,Direct,Logged-In,AREA_B,AREA_C,AREA_B_TO_AREA_C,BO,CA,61_120,very_high,unknown_or_oneway,P,R,0,0.8266607610592481,33.08679523021862
27.0,37.7379413,,2,1,0,0,1,1,0,1,0,2,1,-112.08333333333333,22.0,55.2061568,4,1,PET,NORTH HORIZON,LANG_02,Round-Trip,apple,Direct,Direct,Logged-In,AREA_C,AREA_C,AREA_C_TO_AREA_C,CA,CE,15_30,mid,unknown_or_oneway,Y,W,0,0.5990235698732286,33.069789125317214
3.0,235.5825603,27.680555555555557,1,1,0,0,0,0,0,0,0,2,1,670.0,13.0,87.6635874,2,1,PET,LOWER VERTEX,LANG_02,Round-Trip,google,Direct,Paid Search,Logged-Out,AREA_B,AREA_C,AREA_B_TO_AREA_C,BO,CA,0_3,very_high,15_30,Y,K,0,0.37716575397720975,33.06370303806802
29.0,17.3131709,9.26388888888889,1,1,0,0,0,0,0,1,0,4,1,224.25,8.0,49.8609728,3,0,PET,NEW APEX,LANG_02,Round-Trip,apple,Direct,Direct,Logged-In,AREA_C,AREA_B,AREA_C_TO_AREA_B,CU,BE,15_30,very_low,9_14,Y,O,0,0.6630303787742086,33.05933968163451
31.0,18.9419958,42.77430555555556,1,1,0,0,0,0,0,1,0,2,1,1030.0,21.0,48.3979,1,1,PET,LOWER APEX,LANG_02,Round-Trip,google,Paid Search,Paid Search,Logged-In,AREA_B,AREA_C,AREA_B_TO_AREA_C,BO,CA,31_60,very_low,30_plus,Y,O,0,0.6826929823762515,33.04090669174759
10.0,224.8973319,,2,2,0,0,0,0,0,0,0,1,0,4.0,15.0,40.024635,3,1,PET,OLD HORIZON,LANG_02,One-Way,google,Paid Search,Paid Search,Logged-Out,AREA_B,AREA_C,AREA_B_TO_AREA_C,BO,CA,8_14,very_high,unknown_or_oneway,P,R,0,0.8251618635174321,33.02680240320504
55.0,223.8599893,14.78125,1,1,0,0,0,0,0,1,1,2,1,359.0833333333333,13.0,100.7353034,3,1,PET,LOWER VERTEX,LANG_02,Round-Trip,google,Direct,MetaSearches,Logged-In,AREA_B,AREA_C,AREA_B_TO_AREA_C,BU,CA,31_60,very_high,15_30,P,R,0,0.32782718723128784,33.02377116851239
46.0,189.4966237,,2,2,0,0,0,0,0,0,0,1,0,16.083333333333332,9.0,40.140276,4,0,PET,LOWER VERTEX,LANG_02,One-Way,apple,Direct,Direct,Logged-Out,AREA_B,AREA_B,AREA_B_TO_AREA_B,BU,BE,31_60,very_high,unknown_or_oneway,Y,V,0,0.821994190539623,32.99507367865706
22.0,93.7107551,38.21527777777778,1,1,0,0,0,0,0,0,0,2,1,933.25,12.0,74.0959,3,1,PET,UPPER APEX,LANG_02,Round-Trip,google,Direct,Paid Search,Logged-Out,AREA_C,AREA_B,AREA_C_TO_AREA_B,CA,BU,15_30,high,30_plus,Y,O,0,0.4452572269465048,32.991734962105525
27.0,23.059672,,1,1,0,0,0,0,0,0,0,1,0,6.75,14.0,45.3998,5,1,PET,EAST HORIZON,LANG_02,One-Way,apple,Paid Search,Paid Search,Logged-Out,AREA_C,AREA_C,AREA_C_TO_AREA_C,CA,CE,15_30,low,unknown_or_oneway,Y,V,0,0.7265747467455389,32.98634818729812
68.0,89.8038025,,2,2,0,0,0,0,0,0,0,2,1,7.916666666666667,21.0,39.797636,5,0,PET,WEST AURORA,LANG_02,One-Way,google,Paid Search,Paid Search,Logged-Out,AREA_C,AREA_B,AREA_C_TO_AREA_B,CU,BA,61_120,high,unknown_or_oneway,Y,T,0,0.8287654946681707,32.982907486163796
49.0,14.4341383,4.440972222222222,1,1,0,0,0,0,0,0,0,6,1,107.83333333333333,12.0,57.6046368,3,0,PET,CENTRAL MERIDIAN,LANG_09,Round-Trip,apple,Direct,Direct,Logged-Out,AREA_B,AREA_C,AREA_B_TO_AREA_C,BI,CI,31_60,very_low,3_5,Y,O,0,0.5724582873133197,32.97625172383383
29.0,47.549866,,1,1,0,0,0,0,0,1,0,1,0,5.083333333333333,9.0,57.3922,5,1,PET,UPPER APEX,LANG_02,One-Way,apple,Direct,Direct,Logged-In,AREA_C,AREA_B,AREA_C_TO_AREA_B,CA,BU,15_30,mid,unknown_or_oneway,Y,V,0,0.5742098397064989,32.95516596240333
45.0,554.288728,24.010416666666668,4,3,0,1,0,1,0,0,0,2,1,582.9166666666666,14.0,126.4547184,4,1,PET,UPPER APEX,LANG_09,Round-Trip,google,Direct,Email,Logged-Out,AREA_C,AREA_B,AREA_C_TO_AREA_B,CA,BU,31_60,very_high,15_30,Y,V,0,0.2603697885946964,32.92498829660987
110.0,742.8743576,18.77777777777778,4,2,0,2,0,1,0,0,0,4,1,454.0,14.0,46.7420922,3,0,PET,NORTH MERIDIAN,LANG_02,Round-Trip,google,MetaSearches,MetaSearches,Logged-Out,AREA_B,AREA_C,AREA_B_TO_AREA_C,BI,CI,61_120,very_high,15_30,Y,S,0,0.7042245535150586,32.916929009904706
55.0,299.60098960000005,50.010416666666664,2,2,0,0,0,0,0,0,0,2,1,1206.9166666666667,14.0,76.2374,4,1,PET,LOWER ZENITH,LANG_02,Round-Trip,apple,Paid Search,Paid Search,Logged-Out,AREA_C,AREA_B,AREA_C_TO_AREA_B,CA,BU,31_60,very_high,30_plus,Y,W,0,0.4310842023416737,32.864738767603114
18.0,333.1878473,196.66666666666666,2,2,0,0,0,0,0,1,0,4,1,4725.666666666667,20.0,42.8989563,1,0,PET,NORTH MERIDIAN,LANG_02,Round-Trip,apple,Direct,Direct,Logged-In,AREA_C,AREA_B,AREA_C_TO_AREA_B,CE,BI,15_30,very_high,30_plus,Y,Y,0,0.7657142332485259,32.848341430416525
42.0,188.649018,8.770833333333334,5,3,0,2,0,1,0,1,0,2,1,215.0,14.0,50.4614494,3,1,PET,UPPER APEX,LANG_09,Round-Trip,google,Paid Search,Email,Logged-In,AREA_B,AREA_C,AREA_B_TO_AREA_C,BO,CA,31_60,very_high,9_14,Y,T,0,0.6509071608932392,32.84571876351185
6.0,52.2971432,,1,1,0,0,0,0,0,0,0,1,0,11.666666666666666,21.0,51.396,5,1,PET,OLD HORIZON,LANG_02,One-Way,google,Direct,Paid Search,Logged-Out,AREA_C,AREA_C,AREA_C_TO_AREA_C,CA,CE,4_7,mid,unknown_or_oneway,Y,U,0,0.6387526354810895,32.829330453186074
33.0,44.1059057,,1,1,0,0,0,0,0,0,0,1,0,4.75,11.0,47.4761984,5,1,PET,NEW HORIZON,LANG_02,One-Way,apple,Direct,Paid Search,Logged-Out,AREA_C,AREA_C,AREA_C_TO_AREA_C,CA,CE,31_60,mid,unknown_or_oneway,Y,T,0,0.690960804702883,32.804192250697724
13.0,265.2967294,,3,1,1,1,0,1,1,0,0,1,0,16.166666666666668,11.0,50.218175,3,1,PET,LOWER VERTEX,LANG_02,One-Way,google,Paid Search,Referrals,Logged-Out,AREA_B,AREA_C,AREA_B_TO_AREA_C,BU,CA,8_14,very_high,unknown_or_oneway,Y,V,0,0.6530195040008121,32.79344773032599
23.0,175.21153379999998,,2,1,1,0,0,0,1,0,0,1,0,14.5,18.0,40.2075191,3,1,PET,UPPER VERTEX,LANG_10,One-Way,apple,Direct,Direct,Logged-Out,AREA_B,AREA_C,AREA_B_TO_AREA_C,BU,CA,15_30,very_high,unknown_or_oneway,Y,S,0,0.8155843451596033,32.79262313566574
30.0,236.275978,,1,1,0,0,0,0,0,1,0,2,1,426.25,22.0,76.2374,2,1,PET,UPPER APEX,LANG_09,Multi-City,opera,Referrals,Paid Search,Logged-In,AREA_C,AREA_C,AREA_C_TO_AREA_C,CA,CA,15_30,very_high,unknown_or_oneway,Y,Q,0,0.4297249606916008,32.76111371822984
6.0,120.896241,85.42708333333333,1,1,0,0,0,0,0,0,0,2,1,2066.4166666666665,11.0,56.1073,5,1,PET,UPPER APEX,LANG_02,Round-Trip,google,Internal,Internal,Logged-Out,AREA_C,AREA_B,AREA_C_TO_AREA_B,CA,BO,4_7,very_high,30_plus,Y,V,0,0.5831867009706139,32.721031187368524
1.0,154.39529720000002,,2,2,0,0,0,0,0,0,0,1,0,4.0,20.0,40.024635,4,1,PET,UPPER APEX,LANG_09,One-Way,apple,Direct,Paid Search,Logged-Out,AREA_B,AREA_C,AREA_B_TO_AREA_C,BO,CA,0_3,very_high,unknown_or_oneway,Y,T,0,0.8172009626976966,32.708170253623926
6.0,46.8333201,,1,1,0,0,0,0,0,0,0,1,0,11.666666666666666,19.0,51.396,5,1,PET,UPPER APEX,LANG_02,One-Way,google,Direct,Direct,Logged-Out,AREA_C,AREA_C,AREA_C_TO_AREA_C,CA,CE,4_7,mid,unknown_or_oneway,Y,U,0,0.6360000727584451,32.68785973949304
9.0,46.3840334,,1,1,0,0,0,0,0,0,0,2,1,20.35,23.0,51.396,5,1,PET,UPPER APEX,LANG_02,One-Way,google,Organic Search,Organic Search,Logged-Out,AREA_C,AREA_C,AREA_C_TO_AREA_C,CA,CE,8_14,mid,unknown_or_oneway,MISSING,K,0,0.6359383328322037,32.68468655424394
103.0,117.9221258,22.24652777777778,1,1,0,0,0,0,0,1,0,2,1,542.8333333333334,12.0,97.8185804,1,1,PET,UPPER APEX,LANG_09,Round-Trip,apple,Direct,Direct,Logged-In,AREA_C,AREA_C,AREA_C_TO_AREA_C,CE,CA,61_120,very_high,15_30,Y,S,0,0.3340676896321251,32.678027157322276
40.0,52.03845,,1,1,0,0,0,0,0,1,0,1,0,12.333333333333334,16.0,51.396,5,1,PET,UPPER APEX,LANG_02,One-Way,apple,Direct,Direct,Logged-In,AREA_C,AREA_C,AREA_C_TO_AREA_C,CA,CE,31_60,mid,unknown_or_oneway,Y,U,0,0.635174637273719,32.645435657320064
10.0,77.1244093,,2,1,0,1,0,1,0,0,0,2,1,5.416666666666667,1.0,42.2552214,4,0,PET,EAST HORIZON,LANG_02,One-Way,google,Paid Search,Paid Search,Logged-Out,AREA_C,AREA_B,AREA_C_TO_AREA_B,CE,BI,8_14,high,unknown_or_oneway,Y,S,0,0.7720063191899023,32.62129793956839
8.0,81.1255879,,1,1,0,0,0,0,0,1,0,1,0,10.083333333333334,18.0,52.9730006,5,1,PET,UPPER APEX,LANG_02,One-Way,apple,Direct,Direct,Logged-In,AREA_C,AREA_C,AREA_C_TO_AREA_C,CA,CE,8_14,high,unknown_or_oneway,Y,Q,0,0.6154825255928347,32.60395619751875
1.0,83.2919293,,1,1,0,0,0,0,0,0,0,1,0,10.083333333333334,13.0,52.9730006,5,1,PET,LOWER APEX,LANG_02,One-Way,google,MetaSearches,Paid Search,Logged-Out,AREA_C,AREA_C,AREA_C_TO_AREA_C,CA,CE,0_3,high,unknown_or_oneway,Y,Q,0,0.6151663431242875,32.58720706342269
51.0,248.3681719,53.236111111111114,2,2,0,0,0,0,0,0,0,2,1,1292.0833333333333,11.0,82.2224642,3,1,PET,NORTH MERIDIAN,LANG_02,Round-Trip,google,MetaSearches,MetaSearches,Logged-Out,AREA_C,AREA_B,AREA_C_TO_AREA_B,CA,BI,31_60,very_high,30_plus,Y,L,0,0.39612525881421723,32.57039491156771
2.0,31.8196919,,1,1,0,0,0,0,0,0,0,2,1,7.916666666666667,18.0,37.827456,2,0,PET,CENTRAL AURORA,LANG_02,One-Way,apple,Direct,Organic Search,Logged-Out,AREA_C,AREA_B,AREA_C_TO_AREA_B,CU,BA,0_3,low,unknown_or_oneway,Y,S,1,0.8609308153932407,32.566822538331934
96.0,184.1707132,8.010416666666666,1,1,0,0,0,0,0,1,0,2,1,198.91666666666666,12.0,126.4547184,3,1,PET,UPPER VERTEX,LANG_02,Round-Trip,apple,Direct,Direct,Logged-In,AREA_C,AREA_B,AREA_C_TO_AREA_B,CA,BU,61_120,very_high,9_14,Y,S,0,0.25749911938040737,32.561978629497396
0.0,240.6180834,,1,1,0,0,0,0,0,0,0,1,0,14.416666666666666,8.0,51.3236173,2,0,PET,LOWER VERTEX,LANG_02,One-Way,opera,Direct,Direct,Logged-Out,AREA_B,AREA_B,AREA_B_TO_AREA_B,BI,BO,invalid_or_past,very_high,unknown_or_oneway,Y,M,0,0.6342644391536647,32.552745342121824
14.0,77.4255042,24.802083333333332,1,1,0,0,0,0,0,0,0,2,1,599.0833333333334,21.0,43.5341252,4,1,PET,UPPER VERTEX,LANG_02,Round-Trip,apple,Direct,Direct,Logged-Out,AREA_B,AREA_C,AREA_B_TO_AREA_C,BA,CA,8_14,high,15_30,C,I,0,0.7476763930569632,32.549437704426246
126.0,271.058221,133.58680555555554,2,2,0,0,0,0,0,0,0,2,1,3209.3333333333335,10.0,41.6830126,3,0,PET,LOWER VERTEX,LANG_09,Round-Trip,apple,Direct,Direct,Logged-Out,AREA_B,AREA_B,AREA_B_TO_AREA_B,BU,BE,120_plus,very_high,30_plus,Y,W,0,0.7795881787944772,32.49558387950124
69.0,166.78044830000002,191.32291666666666,1,1,0,0,0,0,0,1,1,2,1,4608.0,12.0,56.1073,5,1,PET,LOWER VERTEX,LANG_02,Round-Trip,google,Direct,Organic Search,Logged-In,AREA_C,AREA_B,AREA_C_TO_AREA_B,CA,BO,61_120,very_high,30_plus,Y,W,0,0.5784589614953588,32.455770490308545
92.0,277.3486631,,3,2,0,1,0,1,0,1,0,1,0,16.333333333333332,13.0,40.140276,3,0,PET,LOWER VERTEX,LANG_02,One-Way,microsoft,Paid Search,Organic Search,Logged-In,AREA_B,AREA_B,AREA_B_TO_AREA_B,BU,BE,61_120,very_high,unknown_or_oneway,Y,V,0,0.8084242371992243,32.45037200626633
3.0,54.7345985,,1,1,0,0,0,0,0,0,0,1,0,11.666666666666666,13.0,51.396,5,1,PET,UPPER APEX,LANG_02,One-Way,google,Direct,Paid Search,Logged-Out,AREA_C,AREA_C,AREA_C_TO_AREA_C,CA,CE,0_3,high,unknown_or_oneway,Y,L,0,0.6313543111296365,32.449086174818795
37.0,73.5797985,,2,2,0,0,0,0,0,0,0,2,1,4.416666666666667,13.0,37.7113867,5,0,PET,UPPER MERIDIAN,LANG_02,One-Way,apple,Paid Search,Paid Search,Logged-Out,AREA_C,AREA_C,AREA_C_TO_AREA_C,CU,CU,31_60,high,unknown_or_oneway,Y,S,0,0.8598990527901103,32.42798570273156
9.0,33.5461692,,1,1,0,0,0,0,0,0,0,2,1,7.916666666666667,15.0,39.797636,5,0,PET,GREAT MERIDIAN,LANG_02,One-Way,google,Paid Search,Paid Search,Logged-Out,AREA_C,AREA_B,AREA_C_TO_AREA_B,CU,BA,8_14,low,unknown_or_oneway,Y,V,0,0.8147258504140564,32.42416283456907
41.0,22.889636900000003,,1,1,0,0,0,0,0,0,0,2,1,8.25,14.0,61.7068942,6,0,PET,NEW MERIDIAN,LANG_02,One-Way,google,MetaSearches,MetaSearches,Logged-Out,AREA_C,AREA_C,AREA_C_TO_AREA_C,CE,CI,31_60,low,unknown_or_oneway,Y,V,0,0.5245473123541188,32.36818550632996
66.0,136.8401368,7.163194444444445,4,2,1,1,0,1,1,1,0,2,1,174.91666666666666,15.0,53.1092,5,1,PET,UPPER APEX,LANG_09,Round-Trip,google,Direct,Direct,Logged-In,AREA_C,AREA_C,AREA_C_TO_AREA_C,CA,CI,61_120,very_high,6_8,Y,T,0,0.6092063752119655,32.35446322240732
100.0,318.8689217,36.576388888888886,2,2,0,0,0,0,0,0,0,2,1,881.3333333333334,10.0,53.8668627,1,1,PET,LOWER VERTEX,LANG_02,Round-Trip,google,Direct,Direct,Logged-Out,AREA_B,AREA_C,AREA_B_TO_AREA_C,BU,CA,61_120,very_high,30_plus,Y,W,0,0.6003074335889906,32.33667810292753
29.0,81.6695289,,2,2,0,0,0,0,0,0,0,1,0,4.0,17.0,40.024635,4,1,PET,OLD HORIZON,LANG_02,One-Way,apple,Paid Search,Paid Search,Logged-Out,AREA_B,AREA_C,AREA_B_TO_AREA_C,BO,CA,15_30,high,unknown_or_oneway,Y,L,0,0.8075391851552024,32.3214611340344
47.0,44.8828419,,1,1,0,0,0,0,0,1,1,1,0,12.333333333333334,8.0,51.396,5,1,PET,UPPER APEX,LANG_02,One-Way,apple,Direct,Direct,Logged-In,AREA_C,AREA_C,AREA_C_TO_AREA_C,CA,CE,31_60,mid,unknown_or_oneway,Y,U,0,0.6284219240132821,32.298373206586646
3.0,181.3559256,8.381944444444445,6,6,0,0,0,0,0,1,1,4,1,203.08333333333334,14.0,49.8609728,3,0,PET,LOWER HORIZON,LANG_02,Round-Trip,google,Direct,Direct,Logged-In,AREA_C,AREA_B,AREA_C_TO_AREA_B,CU,BE,0_3,very_high,9_14,Y,V,0,0.6477653561027509,32.298210801421575
33.0,82.507712,,2,2,0,0,0,0,0,0,0,1,0,4.0,1.0,40.024635,4,1,PET,UPPER APEX,LANG_02,One-Way,google,Direct,Direct,Logged-Out,AREA_B,AREA_C,AREA_B_TO_AREA_C,BO,CA,31_60,high,unknown_or_oneway,Y,L,0,0.8057594111792384,32.25022633026394
45.0,37.6008853,,1,1,0,0,0,0,0,1,0,1,0,4.0,17.0,40.024635,4,1,PET,UPPER VERTEX,LANG_11,One-Way,apple,Paid Search,Paid Search,Logged-In,AREA_B,AREA_C,AREA_B_TO_AREA_C,BO,CA,31_60,mid,unknown_or_oneway,Y,U,0,0.8054569440589179,32.23812019417361
147.0,158.9267112,185.01041666666666,1,1,0,0,0,0,0,0,0,4,1,4443.25,13.0,44.2082694,2,0,PET,NORTH MERIDIAN,LANG_02,Round-Trip,google,Direct,Paid Search,Logged-Out,AREA_B,AREA_B,AREA_B_TO_AREA_B,BO,BI,120_plus,very_high,30_plus,Y,V,0,0.7291870151278068,32.23609600775196
117.0,126.06967670000002,,1,1,0,0,0,0,0,0,0,1,0,14.416666666666666,11.0,40.5818533,1,1,PET,UPPER VERTEX,LANG_11,One-Way,apple,Direct,Direct,Logged-Out,AREA_C,AREA_C,AREA_C_TO_AREA_C,CA,CA,61_120,very_high,unknown_or_oneway,Y,S,0,0.7942042660406773,32.230281014696935
44.0,87.99851799999999,,1,1,0,0,0,0,0,0,0,1,0,12.333333333333334,8.0,51.396,5,1,PET,UPPER APEX,LANG_02,One-Way,google,Paid Search,Paid Search,Logged-Out,AREA_C,AREA_C,AREA_C_TO_AREA_C,CA,CE,31_60,high,unknown_or_oneway,Y,V,0,0.6270800259876368,32.22940501566058
72.0,33.5735804,17.854166666666668,1,1,0,0,0,0,0,0,0,2,1,430.9166666666667,19.0,84.2920098,4,0,PET,UPPER APEX,LANG_09,Round-Trip,google,Organic Search,Organic Search,Logged-Out,AREA_B,AREA_B,AREA_B_TO_AREA_B,BA,BE,61_120,low,15_30,Y,S,0,0.382153215021119,32.21246254566167
79.0,681.8655924,,4,2,1,1,0,1,1,0,0,2,1,401.8333333333333,11.0,76.2374,2,1,PET,UPPER APEX,LANG_09,Multi-City,google,Paid Search,Paid Search,Logged-Out,AREA_C,AREA_C,AREA_C_TO_AREA_C,CA,CA,61_120,very_high,unknown_or_oneway,Y,W,0,0.4223936564243757,32.202194142287695
44.0,50.9574208,,2,2,0,0,0,0,0,0,0,1,0,0.5833333333333334,14.0,43.6977358,4,1,PET,GREAT APEX,LANG_10,One-Way,google,Organic Search,Organic Search,Logged-Out,AREA_B,AREA_C,AREA_B_TO_AREA_C,BI,CA,31_60,mid,unknown_or_oneway,Y,L,0,0.7363701908274874,32.17771004977513
99.0,110.625607,,2,2,0,0,0,0,0,0,0,1,0,5.083333333333333,23.0,56.19296,4,1,PET,UPPER APEX,LANG_02,One-Way,google,MetaSearches,MetaSearches,Logged-Out,AREA_C,AREA_B,AREA_C_TO_AREA_B,CA,BE,61_120,very_high,unknown_or_oneway,Y,Q,0,0.5725768953712075,32.17479057851845
63.0,275.8611772,7.319444444444445,2,2,0,0,0,0,0,1,0,2,1,191.83333333333334,14.0,56.1073,5,1,PET,UPPER VERTEX,LANG_10,Round-Trip,apple,Direct,Direct,Logged-In,AREA_C,AREA_B,AREA_C_TO_AREA_B,CA,BO,61_120,very_high,6_8,Y,S,0,0.5725095585662915,32.121965555346485
3.0,107.8232401,,1,1,0,0,0,0,0,0,0,1,0,14.5,8.0,48.8262,4,1,PET,LOWER VERTEX,LANG_02,One-Way,apple,Paid Search,Paid Search,Logged-Out,AREA_B,AREA_C,AREA_B_TO_AREA_C,BU,CA,0_3,very_high,unknown_or_oneway,Y,K,0,0.6576102094498862,32.10860760864204
4.0,217.6723392,,2,2,0,0,0,0,0,0,0,1,0,5.666666666666667,12.0,42.0701958,5,1,PET,UPPER APEX,LANG_02,Round-Trip,apple,Direct,Direct,Logged-Out,AREA_C,AREA_B,AREA_C_TO_AREA_B,CA,BO,4_7,very_high,unknown_or_oneway,Y,L,0,0.7632056271905108,32.10821017156659
4.0,61.7775637,,1,1,0,0,0,0,0,0,0,1,0,4.0,14.0,40.024635,4,1,PET,NEW APEX,LANG_02,One-Way,google,Paid Search,Paid Search,Logged-Out,AREA_B,AREA_C,AREA_B_TO_AREA_C,BO,CA,4_7,high,unknown_or_oneway,Y,S,0,0.8017284683136241,32.088889313361875
73.0,478.2295008,,3,2,0,1,0,1,0,0,0,1,0,14.166666666666666,18.0,40.4824877,3,1,PET,UPPER APEX,LANG_09,One-Way,apple,Direct,Paid Search,Logged-Out,AREA_B,AREA_C,AREA_B_TO_AREA_C,BU,CA,61_120,very_high,unknown_or_oneway,P,R,0,0.7920897403888805,32.065763172589044
25.0,96.3092512,,1,1,0,0,0,0,0,0,0,1,0,10.083333333333334,8.0,52.9730006,4,1,PET,UPPER APEX,LANG_02,One-Way,google,Paid Search,Paid Search,Logged-Out,AREA_C,AREA_C,AREA_C_TO_AREA_C,CA,CE,15_30,high,unknown_or_oneway,Y,K,0,0.6049381334414241,32.045388105755436
28.0,402.0974626,,2,1,0,1,0,1,0,1,0,3,1,-552.6666666666666,14.0,50.059704,3,0,PET,LOWER VERTEX,LANG_02,Round-Trip,google,Paid Search,Paid Search,Logged-In,AREA_B,AREA_B,AREA_B_TO_AREA_B,BU,BE,15_30,very_high,unknown_or_oneway,Y,T,0,0.6398880569440923,32.03260672375641
4.0,82.9124555,,2,2,0,0,0,0,0,0,0,1,0,1.5,23.0,43.6977358,3,1,PET,GREAT APEX,LANG_10,One-Way,apple,Referrals,Referrals,Logged-Out,AREA_B,AREA_C,AREA_B_TO_AREA_C,BI,CA,4_7,high,unknown_or_oneway,Y,T,0,0.7330077083729607,32.03077717984508
6.0,50.2340221,,1,1,0,0,0,0,0,1,0,1,0,14.5,14.0,40.5818533,4,1,PET,SOUTH HORIZON,LANG_02,One-Way,apple,Direct,Direct,Logged-In,AREA_C,AREA_C,AREA_C_TO_AREA_C,CA,CA,4_7,mid,unknown_or_oneway,Y,W,0,0.7891135179555425,32.02368902271874
79.0,46.76650529999999,5.503472222222222,1,1,0,0,0,0,0,0,0,4,1,134.91666666666666,16.0,57.6560328,5,0,PET,NEW APEX,LANG_02,Round-Trip,google,MetaSearches,Paid Search,Logged-Out,AREA_C,AREA_B,AREA_C_TO_AREA_B,CU,BE,61_120,mid,6_8,Y,V,0,0.5549574785304756,31.9966465847584
6.0,42.8321415,,1,1,0,0,0,0,0,0,0,1,0,6.083333333333333,14.0,57.3922,5,1,PET,UPPER APEX,LANG_02,One-Way,google,MetaSearches,MetaSearches,Logged-Out,AREA_C,AREA_B,AREA_C_TO_AREA_B,CA,BU,4_7,mid,unknown_or_oneway,Y,S,0,0.557327409020639,31.98624612399432
15.0,276.3254544,,2,2,0,0,0,0,0,1,0,1,0,12.333333333333334,22.0,51.396,5,1,PET,UPPER APEX,LANG_09,One-Way,google,Paid Search,Organic Search,Logged-In,AREA_C,AREA_C,AREA_C_TO_AREA_C,CA,CE,15_30,very_high,unknown_or_oneway,Y,Q,0,0.6217480020217987,31.955360311912365
8.0,92.4952397,,1,1,0,0,0,0,0,0,0,1,0,16.083333333333332,10.0,49.9993137,3,0,PET,LOWER VERTEX,LANG_02,One-Way,google,Direct,Direct,Logged-Out,AREA_B,AREA_B,AREA_B_TO_AREA_B,BU,BE,8_14,high,unknown_or_oneway,Y,S,0,0.6390415739576948,31.951640123652535
41.0,81.3226059,,1,1,0,0,0,0,0,1,0,1,0,10.083333333333334,10.0,52.9730006,5,1,PET,UPPER APEX,LANG_02,One-Way,apple,Direct,Direct,Logged-In,AREA_C,AREA_C,AREA_C_TO_AREA_C,CA,CE,31_60,high,unknown_or_oneway,Y,Q,0,0.6025750405257497,31.920207983315564
33.0,83.0649303,,1,1,0,0,0,0,0,0,0,1,0,16.416666666666668,19.0,51.90996,4,1,PET,UPPER APEX,LANG_02,One-Way,google,Direct,Paid Search,Logged-Out,AREA_B,AREA_C,AREA_B_TO_AREA_C,BO,CA,31_60,high,unknown_or_oneway,P,J,0,0.6145298877765872,31.90022189328713
158.0,331.68065959999996,35.0,2,1,0,1,0,1,0,0,0,2,1,859.5833333333334,6.0,51.396,2,1,PET,UPPER VERTEX,LANG_11,Round-Trip,apple,Email,MetaSearches,Logged-Out,AREA_B,AREA_C,AREA_B_TO_AREA_C,BU,CA,120_plus,very_high,30_plus,Y,V,0,0.6206280294358973,31.89779820088738
1.0,64.0634008,,4,4,0,0,0,0,0,1,0,1,0,3.0833333333333335,14.0,51.396,5,1,PET,UPPER APEX,LANG_09,One-Way,apple,Organic Search,Organic Search,Logged-In,AREA_C,AREA_C,AREA_C_TO_AREA_C,CA,CI,0_3,high,unknown_or_oneway,C,I,0,0.6206090194625467,31.896821164297048
6.0,215.8439265,,2,2,0,0,0,0,0,1,0,1,0,14.5,,40.2075191,4,1,PET,UPPER VERTEX,LANG_11,One-Way,apple,Direct,Direct,Logged-In,AREA_B,AREA_C,AREA_B_TO_AREA_C,BU,CA,4_7,very_high,unknown_or_oneway,Y,T,0,0.7929233855266926,31.881482168401156
103.0,132.07272949999998,88.65625,1,1,0,0,0,0,0,1,0,2,1,2131.0,9.0,52.9704308,1,1,PET,NORTH MERIDIAN,LANG_02,Round-Trip,google,Direct,Paid Search,Logged-In,AREA_B,AREA_C,AREA_B_TO_AREA_C,BI,CA,61_120,very_high,30_plus,Y,O,0,0.6015303976822667,31.86332430452499
2.0,87.48241650000001,,1,1,0,0,0,0,0,0,0,1,0,14.75,16.0,48.8262,4,1,PET,LOWER VERTEX,LANG_02,One-Way,apple,Direct,MetaSearches,Logged-Out,AREA_B,AREA_C,AREA_B_TO_AREA_C,BU,CA,0_3,high,unknown_or_oneway,Y,S,0,0.6520814798743685,31.83866075264189
4.0,157.3779784,,1,1,0,0,0,0,0,1,0,1,0,3.6666666666666665,22.0,38.1773771,5,1,PET,UPPER VERTEX,LANG_11,One-Way,apple,Direct,Direct,Logged-In,AREA_C,AREA_B,AREA_C_TO_AREA_B,CA,BI,4_7,very_high,unknown_or_oneway,Y,K,0,0.8332501587672463,31.811305529892035
17.0,208.1353831,,3,2,0,1,0,1,0,0,0,1,0,4.0,11.0,40.024635,4,1,PET,OLD HORIZON,LANG_02,One-Way,google,Paid Search,Paid Search,Logged-Out,AREA_B,AREA_C,AREA_B_TO_AREA_C,BO,CA,15_30,very_high,unknown_or_oneway,Y,V,0,0.7940587763066752,31.781912690221326
36.0,176.3323949,,2,2,0,0,0,0,0,1,0,1,0,14.166666666666666,8.0,40.4824877,4,1,PET,LOWER VERTEX,LANG_02,One-Way,google,Paid Search,Organic Search,Logged-In,AREA_B,AREA_C,AREA_B_TO_AREA_C,BU,CA,31_60,very_high,unknown_or_oneway,Y,S,0,0.7848423318637082,31.772370046111885
1.0,101.6167448,,1,1,0,0,0,0,0,0,0,1,0,12.333333333333334,15.0,51.396,2,1,PET,OLD HORIZON,LANG_02,One-Way,google,Paid Search,Paid Search,Logged-Out,AREA_C,AREA_C,AREA_C_TO_AREA_C,CA,CE,0_3,high,unknown_or_oneway,Y,S,0,0.6176729671541688,31.745919819855658
66.0,40.7416092,14.770833333333334,1,1,0,0,0,0,0,0,0,2,1,359.0,15.0,51.396,2,1,PET,UPPER APEX,LANG_09,Round-Trip,google,Paid Search,Paid Search,Logged-Out,AREA_B,AREA_C,AREA_B_TO_AREA_C,BO,CA,61_120,mid,15_30,Y,V,1,0.6176198193838336,31.743188237051513
41.0,78.031977,,2,2,0,0,0,0,0,0,0,1,0,3.4166666666666665,19.0,40.9998741,5,1,PET,UPPER APEX,LANG_09,One-Way,mozilla,Paid Search,Paid Search,Logged-Out,AREA_C,AREA_B,AREA_C_TO_AREA_B,CA,BO,31_60,high,unknown_or_oneway,Y,K,0,0.7738442184083633,31.727515527755795
67.0,90.9126712,,2,2,0,0,0,0,0,1,1,1,0,4.0,21.0,40.024635,4,1,PET,UPPER APEX,LANG_09,One-Way,apple,Direct,Direct,Logged-In,AREA_B,AREA_C,AREA_B_TO_AREA_C,BO,CA,61_120,high,unknown_or_oneway,P,J,0,0.7920818076406638,31.702785240957784
24.0,105.3181134,6.680555555555555,1,1,0,0,0,0,0,1,0,2,1,166.0,20.0,87.6635874,5,1,PET,LOWER VERTEX,LANG_02,Round-Trip,google,Direct,Direct,Logged-In,AREA_B,AREA_C,AREA_B_TO_AREA_C,BO,CA,15_30,very_high,6_8,C,I,0,0.3612945760888493,31.67237864811079
3.0,145.352171,,1,1,0,0,0,0,0,1,0,4,1,-1269.0833333333333,20.0,39.8481754,3,0,PET,NORTH MERIDIAN,LANG_02,Round-Trip,apple,Direct,Direct,Logged-In,AREA_B,AREA_C,AREA_B_TO_AREA_C,BI,CU,0_3,very_high,unknown_or_oneway,Y,W,0,0.7946111143095391,31.663803057795967
15.0,81.9641993,,2,2,0,0,0,0,0,0,0,1,0,4.0,16.0,40.024635,4,1,PET,OLD HORIZON,LANG_02,One-Way,google,Paid Search,Paid Search,Logged-Out,AREA_B,AREA_C,AREA_B_TO_AREA_C,BO,CA,15_30,high,unknown_or_oneway,Y,L,0,0.790898334915253,31.655417177090758
46.0,44.87941549999999,,1,1,0,0,0,0,0,0,0,1,0,12.333333333333334,17.0,51.396,5,1,PET,UPPER APEX,LANG_02,One-Way,apple,Direct,Direct,Logged-Out,AREA_C,AREA_C,AREA_C_TO_AREA_C,CA,CE,31_60,mid,unknown_or_oneway,Y,U,0,0.6157965990611126,31.649482005344943
11.0,81.0163714,,1,1,0,0,0,0,0,0,0,1,0,16.083333333333332,21.0,49.9993137,3,0,PET,LOWER VERTEX,LANG_02,One-Way,apple,Direct,Direct,Logged-Out,AREA_B,AREA_B,AREA_B_TO_AREA_B,BU,BE,8_14,high,unknown_or_oneway,Y,V,0,0.63219518416629,31.609325332759607
3.0,32.4257364,,1,1,0,0,0,0,0,1,0,1,0,2.75,15.0,36.5279938,5,1,PET,UPPER VERTEX,LANG_02,One-Way,apple,Direct,Direct,Logged-In,AREA_C,AREA_C,AREA_C_TO_AREA_C,CA,CI,0_3,low,unknown_or_oneway,Y,Q,0,0.8651041319128985,31.600518366868734
32.0,184.0387968,,1,1,0,0,0,0,0,1,0,1,0,20.833333333333332,13.0,38.1187,5,1,PET,UPPER VERTEX,LANG_02,One-Way,apple,Direct,Direct,Logged-In,AREA_C,AREA_B,AREA_C_TO_AREA_B,CA,BU,31_60,very_high,unknown_or_oneway,Y,K,0,0.8280820262655383,31.56541033460817
70.0,103.7578165,,2,2,0,0,0,0,0,0,0,1,0,12.333333333333334,13.0,51.396,5,1,PET,OLD HORIZON,LANG_02,One-Way,google,MetaSearches,MetaSearches,Logged-Out,AREA_C,AREA_C,AREA_C_TO_AREA_C,CA,CE,61_120,very_high,unknown_or_oneway,Y,U,0,0.6140308094018596,31.55872748001798
3.0,81.9526352,,1,1,0,0,0,0,0,0,0,1,0,9.166666666666666,19.0,52.9730006,5,1,PET,UPPER APEX,LANG_02,One-Way,google,Paid Search,Organic Search,Logged-Out,AREA_C,AREA_C,AREA_C_TO_AREA_C,CA,CE,0_3,high,unknown_or_oneway,Y,Q,0,0.5956847519662046,31.555208723316607
2.0,67.4666726,17.17013888888889,2,2,0,0,0,0,0,0,0,2,1,415.0833333333333,19.0,49.8335616,6,1,PET,GREAT MERIDIAN,LANG_02,Round-Trip,google,MetaSearches,MetaSearches,Logged-Out,AREA_C,AREA_B,AREA_C_TO_AREA_B,CA,BO,0_3,high,15_30,Y,S,0,0.6327335766578999,31.53136766876978
157.0,108.2502552,9.159722222222221,6,4,1,1,0,1,1,0,0,2,1,222.5,7.0,51.396,1,0,PET,UPPER APEX,LANG_09,Round-Trip,google,Direct,Direct,Logged-Out,AREA_B,AREA_B,AREA_B_TO_AREA_B,BE,BO,120_plus,very_high,9_14,Y,U,0,0.6134089625982722,31.526767041700797
41.0,71.3445008,14.82986111111111,1,1,0,0,0,0,0,1,1,2,1,359.25,18.0,48.3979,1,1,PET,UPPER APEX,LANG_09,Round-Trip,google,Display,Paid Search,Logged-In,AREA_B,AREA_C,AREA_B_TO_AREA_C,BO,CA,31_60,high,15_30,C,Z,0,0.6512357333821776,31.51844190065729
38.0,258.09272339999995,39.21180555555556,2,2,0,0,0,0,0,1,0,2,1,957.25,11.0,42.0701958,5,1,PET,LOWER VERTEX,LANG_02,Round-Trip,apple,Direct,Direct,Logged-In,AREA_C,AREA_B,AREA_C_TO_AREA_B,CA,BO,31_60,very_high,30_plus,Y,S,0,0.7486632713440224,31.496410413711555
17.0,461.4195824,,3,2,0,1,0,1,0,0,0,2,1,-1178.6666666666667,10.0,50.059704,4,0,PET,LOWER VERTEX,LANG_02,Round-Trip,apple,Direct,Direct,Logged-Out,AREA_B,AREA_B,AREA_B_TO_AREA_B,BU,BE,15_30,very_high,unknown_or_oneway,Y,U,1,0.6290362433368244,31.489368146713403
50.0,270.9370121,204.72916666666666,2,2,0,0,0,0,0,0,0,4,1,4920.083333333333,11.0,40.7480337,5,0,PET,LOWER VERTEX,LANG_02,Round-Trip,google,Paid Search,Paid Search,Logged-Out,AREA_C,AREA_D,AREA_C_TO_AREA_D,CU,DA,31_60,very_high,30_plus,Y,V,0,0.7723715562643502,31.47262220358119
100.0,323.4110432,58.666666666666664,2,2,0,0,0,0,0,0,0,2,1,1411.5,12.0,41.6710202,1,1,PET,LOWER VERTEX,LANG_02,Round-Trip,apple,Direct,Direct,Logged-Out,AREA_B,AREA_C,AREA_B_TO_AREA_C,BU,CA,61_120,very_high,30_plus,P,R,0,0.7551399988121433,31.4674541443288
19.0,69.5627728,5.048611111111111,2,2,0,0,0,0,0,1,0,4,1,122.75,9.0,52.779409,5,0,PET,CENTRAL AURORA,LANG_01,Round-Trip,microsoft,Direct,Paid Search,Logged-In,AREA_B,AREA_C,AREA_B_TO_AREA_C,BI,CU,15_30,high,6_8,Y,O,0,0.5961188246062025,31.462799256490026
57.0,33.2279423,,2,2,0,0,0,0,0,1,0,1,0,0.4166666666666667,18.0,42.1006051,3,1,PET,NEW APEX,LANG_02,One-Way,apple,Direct,Direct,Logged-In,AREA_B,AREA_C,AREA_B_TO_AREA_C,BE,CA,31_60,low,unknown_or_oneway,Y,L,0,0.7471771105558251,31.45660847126984
17.0,80.40475900000001,,1,1,0,0,0,0,0,1,1,2,1,11.166666666666666,21.0,37.51908,5,0,PET,NORTH ZENITH,LANG_06,One-Way,apple,Direct,Direct,Logged-In,AREA_C,AREA_B,AREA_C_TO_AREA_B,CE,BA,15_30,high,unknown_or_oneway,Y,S,0,0.8380233234411142,31.44186411405304
0.0,231.5980854,,3,3,0,0,0,0,0,0,0,1,0,5.083333333333333,1.0,51.396,4,1,PET,UPPER APEX,LANG_02,One-Way,google,Direct,Direct,Logged-Out,AREA_C,AREA_B,AREA_C_TO_AREA_B,CA,BU,invalid_or_past,very_high,unknown_or_oneway,Y,H,0,0.6114612657905609,31.42666321657167
52.0,19.8427107,8.802083333333334,1,1,0,0,0,0,0,0,0,2,1,215.08333333333334,9.0,46.517663,1,1,PET,GREAT MERIDIAN,LANG_03,Round-Trip,apple,Direct,Direct,Logged-Out,AREA_B,AREA_C,AREA_B_TO_AREA_C,BA,CA,31_60,very_low,9_14,Y,O,0,0.6755357029165826,31.424342172741706
66.0,91.591955,,2,2,0,0,0,0,0,0,0,1,0,4.0,20.0,40.024635,4,1,PET,UPPER APEX,LANG_09,One-Way,apple,Direct,Direct,Logged-Out,AREA_B,AREA_C,AREA_B_TO_AREA_C,BO,CA,61_120,high,unknown_or_oneway,Y,W,0,0.782763623000475,31.32982830187162
53.0,123.2570306,,1,1,0,0,0,0,0,0,0,2,1,30.5,22.0,51.3236173,5,0,PET,NORTH MERIDIAN,LANG_02,One-Way,apple,MetaSearches,MetaSearches,Logged-Out,AREA_B,AREA_B,AREA_B_TO_AREA_B,BI,BO,31_60,very_high,unknown_or_oneway,Y,V,0,0.6102642856477695,31.320970648444003
4.0,70.6378058,11.618055555555555,2,1,0,0,1,1,0,0,0,2,1,285.5833333333333,11.0,54.1568218,2,1,PET,UPPER APEX,LANG_02,Round-Trip,apple,Direct,Direct,Logged-Out,AREA_C,AREA_C,AREA_C_TO_AREA_C,CE,CA,4_7,high,9_14,Y,V,0,0.5778959111320368,31.297005878126352
6.0,338.1484179,,1,1,0,0,0,0,0,0,0,2,1,-173.58333333333334,16.0,38.1187,5,1,PET,UPPER APEX,LANG_02,Round-Trip,google,Direct,Direct,Logged-Out,AREA_C,AREA_B,AREA_C_TO_AREA_B,CA,BO,4_7,very_high,unknown_or_oneway,C,F,0,0.8210238001432913,31.296359930522076
24.0,144.78253199999995,,1,1,0,0,0,0,0,1,0,1,0,13.5,11.0,40.2075191,4,1,PET,UPPER VERTEX,LANG_11,One-Way,google,Organic Search,Organic Search,Logged-In,AREA_B,AREA_C,AREA_B_TO_AREA_C,BU,CA,15_30,very_high,unknown_or_oneway,Y,H,0,0.7782184450961642,31.290232995176325
20.0,187.9684493,,2,2,0,0,0,0,0,0,0,1,0,15.916666666666666,7.0,40.2700509,3,1,PET,LOWER VERTEX,LANG_02,One-Way,google,Paid Search,Organic Search,Logged-Out,AREA_B,AREA_C,AREA_B_TO_AREA_C,BU,CA,15_30,very_high,unknown_or_oneway,Y,V,0,0.776968024970923,31.288541913251542
5.0,45.38138310000001,,1,1,0,0,0,0,0,1,0,1,0,2.75,20.0,36.5279938,5,1,PET,UPPER VERTEX,LANG_10,One-Way,apple,Direct,Direct,Logged-In,AREA_C,AREA_C,AREA_C_TO_AREA_C,CA,CI,4_7,mid,unknown_or_oneway,Y,H,0,0.8563317544222318,31.2800810162784
10.0,220.5123965,,1,1,0,0,0,0,0,1,0,1,0,3.6666666666666665,12.0,38.2480466,4,1,PET,NORTH MERIDIAN,LANG_02,One-Way,apple,Direct,Direct,Logged-In,AREA_C,AREA_B,AREA_C_TO_AREA_B,CA,BI,8_14,very_high,unknown_or_oneway,C,I,0,0.8177388217841938,31.27691256223094
18.0,111.5481652,,1,1,0,0,0,0,0,1,0,1,0,12.333333333333334,20.0,51.396,5,1,PET,UPPER APEX,LANG_09,One-Way,apple,Direct,Direct,Logged-In,AREA_C,AREA_C,AREA_C_TO_AREA_C,CA,CE,15_30,very_high,unknown_or_oneway,Y,S,0,0.6084063510687884,31.269652819531448
71.0,100.7580033,8.489583333333334,3,3,0,0,0,0,0,0,0,3,1,207.08333333333334,21.0,58.42012,3,0,PET,UPPER APEX,LANG_09,Round-Trip,google,Direct,Direct,Logged-Out,AREA_B,AREA_B,AREA_B_TO_AREA_B,BE,BA,61_120,high,9_14,Y,W,0,0.5352250508487336,31.267911697589117
39.0,128.7868119,,3,2,1,0,0,0,1,0,0,1,0,5.083333333333333,8.0,51.396,5,1,PET,UPPER APEX,LANG_09,One-Way,microsoft,Paid Search,Organic Search,Logged-Out,AREA_C,AREA_B,AREA_C_TO_AREA_B,CA,BU,31_60,very_high,unknown_or_oneway,Y,S,0,0.6080887534421663,31.25332957191358
24.0,59.9739924,8.524305555555555,2,2,0,0,0,0,0,0,0,4,1,205.5,21.0,51.396,3,0,PET,UPPER APEX,LANG_02,Round-Trip,google,Direct,Direct,Logged-Out,AREA_C,AREA_B,AREA_C_TO_AREA_B,CA,BA,15_30,high,9_14,Y,O,0,0.607237861635823,31.209597136634763
30.0,148.9862965,,2,2,0,0,0,0,0,0,0,3,1,346.0,14.0,49.6883679,4,0,PET,UPPER APEX,LANG_09,Multi-City,google,Paid Search,Paid Search,Logged-Out,AREA_B,AREA_B,AREA_B_TO_AREA_B,BE,BU,15_30,very_high,unknown_or_oneway,Y,L,0,0.6281054337011824,31.209533869733413
55.0,95.8484004,,1,1,0,0,0,0,0,0,0,1,0,16.083333333333332,18.0,49.9993137,3,0,PET,LOWER VERTEX,LANG_09,One-Way,google,Paid Search,Paid Search,Logged-Out,AREA_B,AREA_B,AREA_B_TO_AREA_B,BU,BE,31_60,high,unknown_or_oneway,Y,V,0,0.6240340187747506,31.201272664190448
17.0,63.8698092,,1,1,0,0,0,0,0,1,0,1,0,4.0,11.0,40.024635,4,1,PET,UPPER VERTEX,LANG_02,One-Way,opera,Organic Search,Organic Search,Logged-In,AREA_B,AREA_C,AREA_B_TO_AREA_C,BO,CA,15_30,high,unknown_or_oneway,Y,V,0,0.77934083462164,31.19283244632651
59.0,429.901842,42.31944444444444,3,1,0,2,0,1,0,1,0,2,1,1031.8333333333333,10.0,43.3799372,5,1,PET,LOWER VERTEX,LANG_02,Round-Trip,apple,Direct,Direct,Logged-In,AREA_C,AREA_B,AREA_C_TO_AREA_B,CA,BO,31_60,very_high,30_plus,Y,T,0,0.7186217704003123,31.173767270518365
10.0,117.7405266,53.78125,1,1,0,0,0,0,0,0,0,2,1,1294.0833333333333,7.0,100.7353034,3,1,PET,LOWER VERTEX,LANG_02,Round-Trip,apple,Direct,Direct,Logged-Out,AREA_B,AREA_C,AREA_B_TO_AREA_C,BU,CA,8_14,very_high,30_plus,Y,V,0,0.30941420207014886,31.168933521805354
114.0,90.6218555,31.90277777777778,1,1,0,0,0,0,0,1,0,2,1,769.0,5.0,43.90075,1,1,PET,UPPER VERTEX,LANG_10,Round-Trip,mozilla,Direct,Organic Search,Logged-In,AREA_D,AREA_C,AREA_D_TO_AREA_C,DA,CA,61_120,high,30_plus,Y,O,0,0.7099366596624572,31.16675181167662
27.0,31.698482999999996,5.430555555555555,1,1,0,0,0,0,0,0,0,4,1,131.58333333333334,17.0,57.6046368,5,0,PET,CENTRAL MERIDIAN,LANG_02,Round-Trip,google,Paid Search,Paid Search,Logged-Out,AREA_B,AREA_C,AREA_B_TO_AREA_C,BI,CI,15_30,low,6_8,Y,S,0,0.540970784618487,31.162425567358973
88.0,160.48401,133.22222222222223,1,1,0,0,0,0,0,0,0,2,1,3211.9166666666665,13.0,63.9267731,3,1,PET,NORTH MERIDIAN,LANG_02,Round-Trip,apple,Direct,Direct,Logged-Out,AREA_C,AREA_B,AREA_C_TO_AREA_B,CA,BI,61_120,very_high,30_plus,Y,S,0,0.48742579268179337,31.159558051856646
21.0,20.010176,,1,1,0,0,0,0,0,0,0,1,0,2.6666666666666665,12.0,52.869352,4,1,PET,NORTH HORIZON,LANG_04,One-Way,google,Paid Search,Paid Search,Logged-Out,AREA_B,AREA_C,AREA_B_TO_AREA_C,BO,CA,15_30,very_low,unknown_or_oneway,Y,W,0,0.5891473683716815,31.147839598316093
66.0,41.2577107,,1,1,0,0,0,0,0,0,0,1,0,12.333333333333334,,51.396,5,1,PET,WEST MERIDIAN,LANG_02,One-Way,google,Paid Search,Paid Search,Logged-Out,AREA_C,AREA_C,AREA_C_TO_AREA_C,CA,CE,61_120,mid,unknown_or_oneway,Y,O,0,0.6058643694590776,31.139005132718754
34.0,286.9879829,135.22222222222223,2,2,0,0,0,0,0,0,0,2,1,3259.9166666666665,8.0,82.2224642,5,1,PET,NORTH MERIDIAN,LANG_02,Round-Trip,google,Direct,Email,Logged-Out,AREA_C,AREA_B,AREA_C_TO_AREA_B,CA,BI,31_60,very_high,30_plus,Y,L,0,0.37870185475384105,31.137799694971296
131.0,159.3323113,41.78472222222222,2,2,0,0,0,0,0,0,0,2,1,1006.0,21.0,100.7353034,3,1,PET,LOWER VERTEX,LANG_02,Round-Trip,apple,Direct,Direct,Logged-Out,AREA_B,AREA_C,AREA_B_TO_AREA_C,BU,CA,120_plus,very_high,30_plus,Y,O,0,0.3090971195817652,31.136992121135204
9.0,46.4088748,,1,1,0,0,0,0,0,1,0,1,0,11.666666666666666,12.0,51.396,5,1,PET,UPPER APEX,LANG_02,One-Way,google,Direct,Direct,Logged-In,AREA_C,AREA_C,AREA_C_TO_AREA_C,CA,CE,8_14,mid,unknown_or_oneway,Y,O,0,0.6042643138060603,31.056768672376275
2.0,87.3530699,,1,1,0,0,0,0,0,0,0,1,0,14.5,16.0,48.8262,4,1,PET,LOWER VERTEX,LANG_02,One-Way,google,Organic Search,MetaSearches,Logged-Out,AREA_B,AREA_C,AREA_B_TO_AREA_C,BU,CA,0_3,high,unknown_or_oneway,Y,T,0,0.6359713134218289,31.0520625433969
34.0,82.2575848,,2,2,0,0,0,0,0,0,0,1,0,4.0,19.0,40.024635,4,1,PET,UPPER APEX,LANG_02,One-Way,google,Direct,Direct,Logged-Out,AREA_B,AREA_C,AREA_B_TO_AREA_C,BO,CA,31_60,high,unknown_or_oneway,Y,L,0,0.77579595467191,31.050949920219743
40.0,83.4444041,,3,1,2,0,0,0,1,1,0,1,0,4.75,11.0,47.4761984,5,1,PET,NEW HORIZON,LANG_02,One-Way,other,Direct,Direct,Logged-In,AREA_C,AREA_C,AREA_C_TO_AREA_C,CA,CE,31_60,high,unknown_or_oneway,Y,L,0,0.6533153786748673,31.01693053573913
65.0,194.8653642,,2,2,0,0,0,0,0,1,1,1,0,15.916666666666666,7.0,37.5156536,3,1,PET,LOWER VERTEX,LANG_02,One-Way,apple,Direct,Direct,Logged-In,AREA_B,AREA_C,AREA_B_TO_AREA_C,BU,CA,61_120,very_high,unknown_or_oneway,Y,V,0,0.8265786509395927,31.009638341805076
6.0,69.1824424,,1,1,0,0,0,0,0,0,0,1,0,14.5,13.0,48.8262,3,1,PET,LOWER VERTEX,LANG_02,One-Way,apple,Paid Search,Paid Search,Logged-Out,AREA_B,AREA_C,AREA_B_TO_AREA_C,BU,CA,4_7,high,unknown_or_oneway,Y,L,0,0.6350849443971702,31.008784512125114
66.0,46.3244997,,1,1,0,0,0,0,0,0,0,1,0,12.333333333333334,,51.396,5,1,PET,WEST MERIDIAN,LANG_02,One-Way,google,Paid Search,Paid Search,Logged-Out,AREA_C,AREA_C,AREA_C_TO_AREA_C,CA,CE,61_120,mid,unknown_or_oneway,Y,O,0,0.6027342723154197,30.97813065992331
15.0,177.2313966,,2,2,0,0,0,0,0,0,0,1,0,14.5,13.0,42.500209,4,1,PET,LOWER VERTEX,LANG_02,One-Way,google,Email,Email,Logged-Out,AREA_B,AREA_C,AREA_B_TO_AREA_C,BU,CA,15_30,very_high,unknown_or_oneway,Y,S,0,0.7284953974290361,30.961206646272096
13.0,126.5318124,8.222222222222221,1,1,0,0,0,0,0,0,0,2,1,211.83333333333334,11.0,91.3345467,4,1,PET,NEW MERIDIAN,LANG_02,Round-Trip,apple,Organic Search,Organic Search,Logged-Out,AREA_C,AREA_B,AREA_C_TO_AREA_B,CA,BI,8_14,very_high,9_14,Y,S,0,0.3387288668367994,30.93764750674374
80.0,230.990756,,2,2,0,0,0,0,0,0,0,1,0,19.583333333333332,18.0,76.2374,5,1,PET,UPPER APEX,LANG_09,One-Way,mozilla,Organic Search,Organic Search,Logged-Out,AREA_C,AREA_B,AREA_C_TO_AREA_B,CA,BU,61_120,very_high,unknown_or_oneway,Y,S,0,0.4055524395200244,30.918263552663905
99.0,874.8815572,245.32986111111111,4,2,0,2,0,1,0,1,0,2,1,5906.083333333333,14.0,39.4036,2,0,PET,UPPER APEX,LANG_09,Round-Trip,google,Email,Email,Logged-In,AREA_C,AREA_B,AREA_C_TO_AREA_B,CA,BE,61_120,very_high,30_plus,P,A,0,0.7842017749861457,30.90037306084409
64.0,87.7646662,24.21875,2,2,0,0,0,0,0,0,0,2,1,586.3333333333334,14.0,45.3998,2,1,PET,UPPER APEX,LANG_02,Round-Trip,google,Paid Search,Paid Search,Logged-Out,AREA_B,AREA_C,AREA_B_TO_AREA_C,BU,CA,61_120,high,15_30,Y,U,0,0.6806195829840681,30.899992943560093
32.0,62.2713936,,2,2,0,0,0,0,0,0,0,1,0,4.833333333333333,12.0,40.024635,4,1,PET,UPPER APEX,LANG_09,One-Way,apple,Direct,Paid Search,Logged-Out,AREA_B,AREA_C,AREA_B_TO_AREA_C,BO,CA,31_60,high,unknown_or_oneway,Y,L,0,0.771919287543982,30.89578773340793
57.0,248.1437427,178.58680555555554,1,1,0,0,0,0,0,0,0,2,1,4289.333333333333,19.0,44.9997678,3,0,PET,LOWER VERTEX,LANG_09,Round-Trip,google,Paid Search,Paid Search,Logged-Out,AREA_B,AREA_B,AREA_B_TO_AREA_B,BU,BE,31_60,very_high,30_plus,P,A,0,0.6861782200835221,30.877860573175795
14.0,203.5984012,,2,1,0,1,0,1,0,0,0,1,0,13.5,13.0,40.4824877,4,1,PET,LOWER VERTEX,LANG_02,One-Way,apple,Direct,Paid Search,Logged-Out,AREA_B,AREA_C,AREA_B_TO_AREA_C,BU,CA,8_14,very_high,unknown_or_oneway,Y,S,0,0.7626656487182846,30.874602743450478
2.0,252.4845632,10.875,1,1,0,0,0,0,0,0,0,3,1,266.0,12.0,76.2374,2,0,PET,EAST ZENITH,LANG_08,Round-Trip,microsoft,MetaSearches,MetaSearches,Logged-Out,AREA_B,AREA_C,AREA_B_TO_AREA_C,BE,CA,0_3,very_high,9_14,P,A,0,0.4049289042908323,30.870726847981896
6.0,63.554580400000006,12.524305555555555,2,2,0,0,0,0,0,1,0,4,1,301.5,9.0,51.396,3,0,PET,UPPER APEX,LANG_09,Round-Trip,apple,Paid Search,Paid Search,Logged-In,AREA_C,AREA_B,AREA_C_TO_AREA_B,CA,BA,4_7,high,9_14,Y,U,0,0.6005514312655437,30.865941361323884
22.0,116.313431,,1,1,0,0,0,0,0,0,0,4,1,314.6666666666667,13.0,39.3410682,5,0,PET,OLD APEX,LANG_02,Multi-City,apple,Organic Search,Organic Search,Logged-Out,AREA_C,AREA_D,AREA_C_TO_AREA_D,CO,DA,15_30,very_high,unknown_or_oneway,Y,L,1,0.7843727908435032,30.858063458798597
5.0,117.9491087,6.236111111111111,1,1,0,0,0,0,0,0,0,2,1,164.08333333333334,21.0,90.2783589,5,1,PET,UPPER VERTEX,LANG_02,Round-Trip,apple,Direct,Direct,Logged-Out,AREA_C,AREA_B,AREA_C_TO_AREA_B,CA,BI,4_7,very_high,6_8,Y,W,0,0.3415864429107366,30.83786348846984
4.0,237.8268523,,2,2,0,0,0,0,0,0,0,1,0,16.333333333333332,10.0,40.140276,3,0,PET,LOWER VERTEX,LANG_02,One-Way,microsoft,Direct,Direct,Logged-Out,AREA_B,AREA_B,AREA_B_TO_AREA_B,BU,BE,4_7,very_high,unknown_or_oneway,Y,T,0,0.7680134117693217,30.828270320122222
39.0,81.3487322,,1,1,0,0,0,0,0,1,0,1,0,10.083333333333334,18.0,52.9730006,5,1,PET,UPPER APEX,LANG_02,One-Way,apple,Direct,Direct,Logged-In,AREA_C,AREA_C,AREA_C_TO_AREA_C,CA,CE,31_60,high,unknown_or_oneway,Y,Q,0,0.581846029029904,30.82213004490872
39.0,81.3487322,,1,1,0,0,0,0,0,1,0,1,0,10.083333333333334,18.0,52.9730006,5,1,PET,UPPER APEX,LANG_02,One-Way,apple,Direct,Direct,Logged-In,AREA_C,AREA_C,AREA_C_TO_AREA_C,CA,CE,31_60,high,unknown_or_oneway,Y,Q,0,0.581846029029904,30.82213004490872
80.0,38.7714292,,1,1,0,0,0,0,0,0,0,2,1,9.416666666666666,12.0,39.797636,4,0,PET,GREAT MERIDIAN,LANG_02,One-Way,microsoft,Paid Search,Paid Search,Logged-Out,AREA_C,AREA_B,AREA_C_TO_AREA_B,CU,BA,61_120,mid,unknown_or_oneway,Y,S,0,0.7744382644374331,30.820812152552705
93.0,33.5268957,6.875,1,1,0,0,0,0,0,0,0,2,1,167.16666666666666,10.0,59.8660608,5,1,PET,CENTRAL APEX,LANG_09,Round-Trip,apple,Direct,Direct,Logged-Out,AREA_C,AREA_C,AREA_C_TO_AREA_C,CU,CA,61_120,low,6_8,Y,T,0,0.513843215025679,30.76176915239477
12.0,80.6792993,,1,1,0,0,0,0,0,0,0,1,0,10.083333333333334,17.0,52.9730006,5,1,PET,CENTRAL VERTEX,LANG_02,One-Way,google,Organic Search,Organic Search,Logged-Out,AREA_C,AREA_C,AREA_C_TO_AREA_C,CA,CE,8_14,high,unknown_or_oneway,Y,Q,0,0.5806586401418972,30.7592304926319
38.0,82.4618839,,2,2,0,0,0,0,0,0,0,1,0,4.0,18.0,40.024635,4,1,PET,UPPER VERTEX,LANG_11,One-Way,apple,MetaSearches,MetaSearches,Logged-Out,AREA_B,AREA_C,AREA_B_TO_AREA_C,BO,CA,31_60,high,unknown_or_oneway,Y,L,0,0.7684921259678973,30.758616842239114
41.0,55.3299355,,1,1,0,0,0,0,0,0,0,1,0,12.333333333333334,12.0,51.396,5,1,PET,UPPER APEX,LANG_02,One-Way,google,Direct,Paid Search,Logged-Out,AREA_C,AREA_C,AREA_C_TO_AREA_C,CA,CE,31_60,high,unknown_or_oneway,Y,U,0,0.5982599460641174,30.748168187911375
2.0,204.2678341,20.680555555555557,1,1,0,0,0,0,0,0,0,2,1,502.0,13.0,87.6635874,4,1,PET,LOWER VERTEX,LANG_02,Round-Trip,mozilla,Direct,Direct,Logged-Out,AREA_B,AREA_C,AREA_B_TO_AREA_C,BO,CA,0_3,very_high,15_30,Y,V,0,0.3505880043780399,30.73380216318588
56.0,108.5701953,,2,2,0,0,0,0,0,0,0,1,0,10.083333333333334,21.0,52.9730006,5,1,PET,UPPER MERIDIAN,LANG_01,One-Way,yandex,MetaSearches,MetaSearches,Logged-Out,AREA_C,AREA_C,AREA_C_TO_AREA_C,CA,CE,31_60,very_high,unknown_or_oneway,Y,V,0,0.5798526516398967,30.71653486323184
1.0,83.4221325,,1,1,0,0,0,0,0,0,0,1,0,10.083333333333334,22.0,52.9730006,5,1,PET,UPPER APEX,LANG_02,One-Way,google,Direct,Email,Logged-Out,AREA_C,AREA_C,AREA_C_TO_AREA_C,CA,CE,0_3,high,unknown_or_oneway,Y,Q,0,0.5796701390083571,30.70686662149178
193.0,477.84231759999994,28.90277777777778,4,3,1,0,0,0,1,1,0,4,1,697.0,14.0,39.9244128,3,0,PET,NORTH MERIDIAN,LANG_02,Round-Trip,google,Paid Search,Paid Search,Logged-In,AREA_B,AREA_C,AREA_B_TO_AREA_C,BI,CO,120_plus,very_high,15_30,Y,O,0,0.7685324547474329,30.68320697353383
7.0,99.8590016,14.78125,1,1,0,0,0,0,0,0,0,2,1,358.0833333333333,17.0,100.7353034,3,1,PET,LOWER VERTEX,LANG_02,Round-Trip,microsoft,Paid Search,MetaSearches,Logged-Out,AREA_B,AREA_C,AREA_B_TO_AREA_C,BU,CA,4_7,high,15_30,Y,L,0,0.30442712470596794,30.66655877044532
56.0,176.30712520000003,174.96527777777777,2,2,0,0,0,0,0,0,0,4,1,4202.666666666667,13.0,44.5851734,5,0,PET,LOWER VERTEX,LANG_02,Round-Trip,google,Paid Search,Organic Search,Logged-Out,AREA_B,AREA_B,AREA_B_TO_AREA_B,BU,BE,31_60,very_high,30_plus,Y,O,0,0.6876050993194112,30.65699258388017
40.0,135.6100592,7.21875,4,2,0,2,0,1,0,0,0,2,1,177.25,21.0,51.396,3,1,PET,UPPER APEX,LANG_09,Round-Trip,apple,Direct,Direct,Logged-Out,AREA_C,AREA_C,AREA_C_TO_AREA_C,CA,CI,31_60,very_high,6_8,Y,W,0,0.5964312879458391,30.654182475264346
29.0,47.96360380000001,,1,1,0,0,0,0,0,0,0,1,0,12.333333333333334,19.0,51.396,5,1,PET,GREAT HORIZON,LANG_02,One-Way,apple,Paid Search,Paid Search,Logged-Out,AREA_C,AREA_C,AREA_C_TO_AREA_C,CA,CE,15_30,mid,unknown_or_oneway,Y,U,0,0.5958955974350135,30.626650125769956
109.0,216.0854877,32.65625,2,2,0,0,0,0,0,0,0,2,1,787.0,6.0,52.9704308,1,1,PET,NORTH MERIDIAN,LANG_02,Round-Trip,apple,Paid Search,Paid Search,Logged-Out,AREA_B,AREA_C,AREA_B_TO_AREA_C,BI,CA,61_120,very_high,30_plus,Y,O,0,0.5780309412059735,30.618547971409892
69.0,131.29322349999998,30.229166666666668,2,2,0,0,0,0,0,0,0,2,1,740.1666666666666,12.0,76.2374,5,1,PET,LOWER VERTEX,LANG_02,Round-Trip,google,Paid Search,Paid Search,Logged-Out,AREA_C,AREA_B,AREA_C_TO_AREA_B,CA,BU,61_120,very_high,30_plus,Y,O,0,0.40160569720409744,30.617374180027657
5.0,117.1083558,2.9965277777777777,1,1,0,0,0,0,0,0,0,5,1,72.83333333333333,16.0,58.42012,4,0,PET,UPPER APEX,LANG_02,Round-Trip,google,Paid Search,Paid Search,Logged-Out,AREA_C,AREA_C,AREA_C_TO_AREA_C,CE,CI,4_7,very_high,3_5,Y,H,0,0.5239059579613214,30.606648932815354
9.0,68.7211633,,1,1,0,0,0,0,0,1,0,1,0,4.0,13.0,40.024635,3,1,PET,OLD HORIZON,LANG_02,One-Way,apple,Direct,Direct,Logged-In,AREA_B,AREA_C,AREA_B_TO_AREA_C,BO,CA,8_14,high,unknown_or_oneway,P,R,0,0.764669349166836,30.60561159609017
192.0,89.797378,11.565972222222221,5,3,1,1,0,1,1,1,0,2,1,280.25,19.0,51.396,1,0,PET,UPPER APEX,LANG_09,Round-Trip,google,Direct,Organic Search,Logged-In,AREA_B,AREA_B,AREA_B_TO_AREA_B,BE,BO,120_plus,high,9_14,Y,U,0,0.595445306038467,30.60350694915305
37.0,81.8155792,,2,2,0,0,0,0,0,1,0,1,0,4.0,18.0,40.024635,4,1,PET,UPPER APEX,LANG_02,One-Way,google,Paid Search,Organic Search,Logged-In,AREA_B,AREA_C,AREA_B_TO_AREA_C,BO,CA,31_60,high,unknown_or_oneway,Y,L,0,0.7642919578008487,30.590506644414376
0.0,178.6122358,,1,1,0,0,0,0,0,0,0,3,1,48.833333333333336,17.0,51.3236173,5,0,PET,LOWER VERTEX,LANG_02,One-Way,microsoft,Paid Search,Paid Search,Logged-Out,AREA_B,AREA_B,AREA_B_TO_AREA_B,BI,BO,invalid_or_past,very_high,unknown_or_oneway,Y,T,0,0.5957776040992158,30.57746174869906
27.0,25.9070104,,1,1,0,0,0,0,0,1,0,1,0,3.4166666666666665,21.0,40.9998741,5,1,PET,LOWER APEX,LANG_02,One-Way,google,Organic Search,MetaSearches,Logged-In,AREA_C,AREA_B,AREA_C_TO_AREA_B,CA,BO,15_30,low,unknown_or_oneway,Y,L,0,0.7450911787908703,30.54864452344627
42.0,81.4378186,,1,1,0,0,0,0,0,1,0,1,0,10.083333333333334,9.0,52.9730006,5,1,PET,UPPER APEX,LANG_02,One-Way,google,Direct,Paid Search,Logged-In,AREA_C,AREA_C,AREA_C_TO_AREA_C,CA,CE,31_60,high,unknown_or_oneway,Y,Q,0,0.576607838183231,30.544647358045
248.0,708.6501895,42.673611111111114,6,3,2,0,1,1,1,1,0,4,1,1029.75,14.0,40.7480337,5,0,PET,LOWER VERTEX,LANG_02,Round-Trip,microsoft,Paid Search,Paid Search,Logged-In,AREA_C,AREA_D,AREA_C_TO_AREA_D,CU,DA,120_plus,very_high,30_plus,Y,K,0,0.7495361159328621,30.54212291139937
3.0,78.4075961,,1,1,0,0,0,0,0,1,1,1,0,10.083333333333334,20.0,52.9730006,5,1,PET,UPPER APEX,LANG_02,One-Way,apple,Direct,Direct,Logged-In,AREA_C,AREA_C,AREA_C_TO_AREA_C,CA,CE,0_3,high,unknown_or_oneway,Y,Q,0,0.5764914155241224,30.538480100454187
18.0,56.8388364,8.26388888888889,3,3,0,0,0,0,0,0,0,4,1,200.25,15.0,49.8609728,3,0,PET,LOWER VERTEX,LANG_02,Round-Trip,google,Paid Search,Paid Search,Logged-Out,AREA_C,AREA_B,AREA_C_TO_AREA_B,CU,BE,15_30,high,9_14,Y,U,0,0.6119839818921083,30.514116675158107
5.0,86.4519267,,1,1,0,0,0,0,0,0,0,1,0,14.166666666666666,17.0,50.3676517,4,1,PET,LOWER VERTEX,LANG_02,One-Way,apple,Paid Search,MetaSearches,Logged-Out,AREA_B,AREA_C,AREA_B_TO_AREA_C,BU,CA,4_7,high,unknown_or_oneway,Y,S,0,0.6057884901423906,30.512143675360814
55.0,99.3296228,,2,2,0,0,0,0,0,1,0,1,0,4.083333333333333,16.0,38.1187,4,1,PET,UPPER APEX,LANG_02,One-Way,apple,Direct,Direct,Logged-In,AREA_C,AREA_C,AREA_C_TO_AREA_C,CE,CA,31_60,high,unknown_or_oneway,Y,W,1,0.8000380221279195,30.496409354087522
83.0,87.2357157,,1,1,0,0,0,0,0,0,0,1,0,14.166666666666666,10.0,50.3676517,4,1,PET,LOWER VERTEX,LANG_02,One-Way,apple,Paid Search,Paid Search,Logged-Out,AREA_B,AREA_C,AREA_B_TO_AREA_C,BU,CA,61_120,high,unknown_or_oneway,Y,S,0,0.6054518037898109,30.49518557442194
31.0,43.296847,,1,1,0,0,0,0,0,0,0,1,0,3.4166666666666665,20.0,40.9998741,5,1,PET,UPPER APEX,LANG_09,One-Way,apple,Paid Search,Organic Search,Logged-Out,AREA_C,AREA_B,AREA_C_TO_AREA_B,CA,BO,31_60,mid,unknown_or_oneway,Y,K,0,0.743298114949187,30.475129131683993
3.0,91.1739342,,1,1,0,0,0,0,0,1,0,1,0,15.083333333333334,11.0,49.9993137,3,0,PET,LOWER VERTEX,LANG_02,One-Way,google,Paid Search,Paid Search,Logged-In,AREA_B,AREA_B,AREA_B_TO_AREA_B,BU,BE,0_3,high,unknown_or_oneway,Y,S,0,0.6093618051686501,30.46767205342562
80.0,174.56308760000002,,2,2,0,0,0,0,0,1,0,1,0,14.5,12.0,40.2075191,4,1,PET,UPPER APEX,LANG_02,One-Way,google,Paid MetaSearches,Organic Search,Logged-In,AREA_B,AREA_C,AREA_B_TO_AREA_C,BU,CA,61_120,very_high,unknown_or_oneway,Y,S,0,0.7577480001092306,30.467167187378692
17.0,162.5818234,,2,2,0,0,0,0,0,0,0,1,0,10.083333333333334,18.0,52.9730006,5,1,PET,UPPER APEX,LANG_09,One-Way,google,Paid MetaSearches,Paid MetaSearches,Logged-Out,AREA_C,AREA_C,AREA_C_TO_AREA_C,CA,CE,15_30,very_high,unknown_or_oneway,Y,Q,0,0.5747356137650778,30.44547001281883
43.0,157.4336574,13.559027777777779,2,2,0,0,0,0,0,0,0,2,1,334.5,12.0,53.3935912,2,1,PET,SOUTH AURORA,LANG_02,Round-Trip,apple,Organic Search,Organic Search,Logged-Out,AREA_C,AREA_C,AREA_C_TO_AREA_C,CE,CA,31_60,very_high,9_14,Y,O,0,0.5698617404672558,30.426964811029155
2.0,631.9557934,,1,1,0,0,0,0,0,1,0,1,0,15.916666666666666,19.0,34.8362088,2,1,PET,UPPER VERTEX,LANG_02,One-Way,google,Direct,Direct,Logged-In,AREA_B,AREA_C,AREA_B_TO_AREA_C,BU,CA,0_3,very_high,unknown_or_oneway,C,D,0,0.8730123211776787,30.41243950551828
111.0,159.323317,,1,1,0,0,0,0,0,1,0,2,1,377.8333333333333,14.0,76.2374,2,1,PET,UPPER APEX,LANG_09,Multi-City,google,Direct,Organic Search,Logged-In,AREA_C,AREA_C,AREA_C_TO_AREA_C,CA,CA,61_120,very_high,unknown_or_oneway,Y,O,0,0.39878860120102405,30.40260610520295
28.0,37.026535,14.774305555555555,1,1,0,0,0,0,0,0,0,2,1,357.0,17.0,55.2061568,4,1,PET,UPPER VERTEX,LANG_02,Round-Trip,apple,Direct,Direct,Logged-Out,AREA_C,AREA_C,AREA_C_TO_AREA_C,CA,CE,15_30,mid,15_30,Y,O,0,0.5504694189731479,30.3893010574365
18.0,51.9887672,,1,1,0,0,0,0,0,1,0,1,0,12.333333333333334,18.0,51.396,5,1,PET,UPPER APEX,LANG_02,One-Way,google,Direct,Organic Search,Logged-In,AREA_C,AREA_C,AREA_C_TO_AREA_C,CA,CE,15_30,mid,unknown_or_oneway,Y,U,0,0.591104324123739,30.38039784266369
27.0,177.7920413,,2,2,0,0,0,0,0,0,0,1,0,16.333333333333332,22.0,40.140276,3,0,PET,LOWER VERTEX,LANG_09,One-Way,google,Paid Search,Organic Search,Logged-Out,AREA_B,AREA_B,AREA_B_TO_AREA_B,BU,BE,15_30,very_high,unknown_or_oneway,Y,V,0,0.7568463990953689,30.38002334929426
65.0,74.56831489999999,5.746527777777778,1,1,0,0,0,0,0,0,0,2,1,144.58333333333334,14.0,87.6635874,5,1,PET,LOWER VERTEX,LANG_02,Round-Trip,apple,Direct,Direct,Logged-Out,AREA_B,AREA_C,AREA_B_TO_AREA_C,BO,CA,61_120,high,6_8,Y,O,0,0.34648169563121134,30.373828407466892
93.0,102.5371615,27.697916666666668,2,2,0,0,0,0,0,0,1,4,1,670.0,10.0,42.83,5,0,PET,LOWER VERTEX,LANG_02,Round-Trip,google,Direct,Direct,Logged-Out,AREA_B,AREA_B,AREA_B_TO_AREA_B,BO,BE,61_120,very_high,15_30,Y,O,0,0.7091498619722563,30.372888588271735
226.0,39.979235200000005,8.159722222222221,2,2,0,0,0,0,0,1,0,2,1,198.5,15.0,51.396,1,0,PET,CENTRAL MERIDIAN,LANG_02,Round-Trip,microsoft,Direct,Email,Logged-In,AREA_B,AREA_B,AREA_B_TO_AREA_B,BE,BO,120_plus,mid,9_14,Y,U,0,0.5908296136120205,30.366278821203405
4.0,87.6091933,,1,1,0,0,0,0,0,0,0,1,0,14.5,19.0,49.888384,4,1,PET,UPPER APEX,LANG_02,One-Way,google,Direct,Affiliate,Logged-Out,AREA_B,AREA_C,AREA_B_TO_AREA_C,BU,CA,4_7,high,unknown_or_oneway,Y,S,0,0.6085040976674785,30.35728609000867
36.0,157.51589099999998,,2,1,0,1,0,1,0,1,0,1,0,4.0,17.0,40.024635,4,1,PET,UPPER APEX,LANG_02,One-Way,google,Paid Search,Paid Search,Logged-In,AREA_B,AREA_C,AREA_B_TO_AREA_C,BO,CA,31_60,very_high,unknown_or_oneway,Y,Q,0,0.7581996548788177,30.34666444365065
61.0,196.0453307,17.51388888888889,4,2,2,0,0,0,1,1,0,2,1,422.6666666666667,11.0,55.2061568,4,1,PET,NORTH HORIZON,LANG_04,Round-Trip,samsung,Direct,Direct,Logged-In,AREA_C,AREA_C,AREA_C_TO_AREA_C,CA,CE,61_120,very_high,15_30,Y,W,0,0.5492829972459482,30.323803273533787
22.0,131.68126329999998,9.239583333333334,2,2,0,0,0,0,0,1,0,2,1,228.41666666666666,15.0,52.6714774,3,1,PET,CENTRAL AURORA,LANG_01,Round-Trip,apple,Direct,Direct,Logged-In,AREA_C,AREA_B,AREA_C_TO_AREA_B,CA,BE,15_30,very_high,9_14,Y,U,0,0.575596342783968,30.317509760468422
93.0,54.595400999999995,8.875,2,1,0,1,0,1,0,0,0,2,1,215.16666666666666,18.0,59.8660608,2,1,PET,CENTRAL APEX,LANG_09,Round-Trip,google,Paid Search,Paid Search,Logged-Out,AREA_C,AREA_C,AREA_C_TO_AREA_C,CU,CA,61_120,high,9_14,Y,U,0,0.5060508244448165,30.295269424103513
94.0,90.8347206,72.52083333333333,1,1,0,0,0,0,0,0,0,2,1,1743.6666666666667,15.0,52.9704308,4,1,PET,NORTH MERIDIAN,LANG_09,Round-Trip,google,Direct,Email,Logged-Out,AREA_B,AREA_C,AREA_B_TO_AREA_C,BI,CA,61_120,high,30_plus,Y,O,0,0.5715304642987027,30.274214909226302
50.0,345.175536,107.32291666666667,1,1,0,0,0,0,0,1,1,2,1,2592.0,20.0,42.0701958,4,1,PET,LOWER VERTEX,LANG_02,Round-Trip,apple,Paid Search,Paid Search,Logged-In,AREA_C,AREA_B,AREA_C_TO_AREA_B,CA,BO,31_60,very_high,30_plus,P,A,0,0.7189603143498242,30.246801197126654
62.0,46.4067333,,1,1,0,0,0,0,0,1,0,1,0,12.333333333333334,16.0,51.396,5,1,PET,UPPER APEX,LANG_02,One-Way,apple,Direct,Direct,Logged-In,AREA_C,AREA_C,AREA_C_TO_AREA_C,CA,CE,61_120,mid,unknown_or_oneway,Y,O,0,0.5884192210852044,30.242394286895166
55.0,46.119344,,1,1,0,0,0,0,0,0,0,1,0,12.333333333333334,15.0,51.396,5,1,PET,OLD HORIZON,LANG_02,One-Way,google,Paid Search,Paid Search,Logged-Out,AREA_C,AREA_C,AREA_C_TO_AREA_C,CA,CE,31_60,mid,unknown_or_oneway,Y,V,0,0.5883482706029916,30.238747715911355
83.0,206.50398839999997,31.739583333333332,2,2,0,0,0,0,0,0,0,2,1,764.9166666666666,19.0,100.7353034,3,1,PET,LOWER VERTEX,LANG_02,Round-Trip,google,Paid Search,Paid Search,Logged-Out,AREA_B,AREA_C,AREA_B_TO_AREA_C,BU,CA,61_120,very_high,30_plus,Y,O,0,0.300173664865867,30.238085202953034
91.0,73.2911243,61.576388888888886,1,1,0,0,0,0,0,0,0,2,1,1481.3333333333333,12.0,50.5355453,1,1,PET,UPPER APEX,LANG_09,Round-Trip,google,Email,Email,Logged-Out,AREA_B,AREA_C,AREA_B_TO_AREA_C,BU,CA,61_120,high,30_plus,Y,U,0,0.5982973811257857,30.235284406753507
10.0,82.2789998,,1,1,0,0,0,0,0,0,0,1,0,16.083333333333332,14.0,49.9993137,3,0,PET,LOWER VERTEX,LANG_02,One-Way,google,Paid Search,Paid Search,Logged-Out,AREA_B,AREA_B,AREA_B_TO_AREA_B,BU,BE,8_14,high,unknown_or_oneway,Y,V,0,0.6043186012199274,30.215515317140355
19.0,88.0601932,,1,1,0,0,0,0,0,0,0,1,0,20.583333333333332,9.0,53.4124364,4,1,PET,LOWER VERTEX,LANG_09,One-Way,google,Paid Search,Email,Logged-Out,AREA_D,AREA_C,AREA_D_TO_AREA_C,DA,CA,15_30,high,unknown_or_oneway,Y,V,0,0.5650888634550458,30.18277297964092
18.0,87.75995490000001,,1,1,0,0,0,0,0,1,0,1,0,14.416666666666666,12.0,50.0515663,4,1,PET,LOWER VERTEX,LANG_02,One-Way,google,Paid Search,Organic Search,Logged-In,AREA_B,AREA_C,AREA_B_TO_AREA_C,BU,CA,15_30,high,unknown_or_oneway,Y,S,0,0.6025592216191114,30.159032830545343
16.0,144.2587211,215.99652777777777,1,1,0,0,0,0,0,1,1,4,1,5186.75,9.0,65.4583739,5,0,PET,NORTH MERIDIAN,LANG_02,Round-Trip,google,Paid Search,Paid Search,Logged-In,AREA_C,AREA_B,AREA_C_TO_AREA_B,CI,BI,15_30,very_high,30_plus,Y,Q,0,0.46052237667876644,30.145045921955333
1.0,43.2630113,,1,1,0,0,0,0,0,0,0,1,0,3.4166666666666665,12.0,40.9998741,4,1,PET,LOWER APEX,LANG_02,One-Way,microsoft,Direct,Direct,Logged-Out,AREA_C,AREA_B,AREA_C_TO_AREA_B,CA,BO,0_3,mid,unknown_or_oneway,Y,T,0,0.7352305762646454,30.144361061320907
42.0,78.00927709999999,,1,1,0,0,0,0,0,0,0,1,0,14.5,15.0,48.8262,4,1,PET,LOWER VERTEX,LANG_09,One-Way,google,Paid Search,Paid Search,Logged-Out,AREA_B,AREA_C,AREA_B_TO_AREA_C,BU,CA,31_60,high,unknown_or_oneway,Y,S,0,0.6172647605004458,30.138692649146865
50.0,187.5692737,,2,2,0,0,0,0,0,1,0,1,0,15.083333333333334,11.0,34.5719477,4,0,PET,UPPER VERTEX,LANG_11,One-Way,google,Paid Search,Organic Search,Logged-In,AREA_B,AREA_B,AREA_B_TO_AREA_B,BU,BE,31_60,very_high,unknown_or_oneway,Y,V,0,0.8716132926320277,30.13336916749926
10.0,15.9995748,,1,1,0,0,0,0,0,1,0,1,0,4.5,17.0,35.4216949,5,1,PET,UPPER VERTEX,LANG_02,One-Way,apple,Direct,Direct,Logged-In,AREA_C,AREA_B,AREA_C_TO_AREA_B,CA,BO,8_14,very_low,unknown_or_oneway,Y,O,0,0.8504666094824247,30.124968763723892
63.0,91.07499690000002,,1,1,0,0,0,0,0,0,0,1,0,14.166666666666666,22.0,50.3676517,4,1,PET,LOWER VERTEX,LANG_02,One-Way,apple,Direct,Direct,Logged-Out,AREA_B,AREA_C,AREA_B_TO_AREA_C,BU,CA,61_120,high,unknown_or_oneway,Y,S,0,0.598088218396197,30.124299070053183
,19.1544326,32.232638888888886,1,1,0,0,0,0,0,0,0,2,1,776.0833333333334,20.0,30.2148518,1,1,PET,NORTH HORIZON,LANG_04,Round-Trip,apple,Paid Search,Paid Search,Logged-Out,AREA_C,AREA_C,AREA_C_TO_AREA_C,CU,CA,MISSING,very_low,30_plus,Y,O,1,0.9968815309081719,30.120627718547535
120.0,177.3063491,14.975694444444445,1,1,0,0,0,0,0,0,0,2,1,365.3333333333333,16.0,51.396,4,1,PET,GREAT MERIDIAN,LANG_09,Round-Trip,apple,Direct,Direct,Logged-Out,AREA_C,AREA_C,AREA_C_TO_AREA_C,CA,CA,61_120,very_high,15_30,Y,Q,0,0.5858124355587407,30.10841593797704
162.0,967.3832214,49.795138888888886,3,2,1,0,0,0,1,0,0,2,1,1198.5833333333333,10.0,41.6710202,1,1,PET,LOWER VERTEX,LANG_02,Round-Trip,microsoft,Paid Search,Paid Search,Logged-Out,AREA_B,AREA_C,AREA_B_TO_AREA_C,BU,CA,120_plus,very_high,30_plus,P,R,1,0.7224559556055568,30.10547671964946
282.0,983.0885541,29.770833333333332,2,2,0,0,0,0,0,1,0,2,1,718.0,6.0,41.6710202,2,1,PET,LOWER VERTEX,LANG_02,Round-Trip,apple,Direct,Paid Search,Logged-In,AREA_B,AREA_C,AREA_B_TO_AREA_C,BU,CA,120_plus,very_high,15_30,C,F,0,0.722403887423322,30.103306985375777
5.0,29.3059992,,1,1,0,0,0,0,0,1,0,2,1,16.083333333333332,14.0,38.3979516,4,0,PET,NEW MERIDIAN,LANG_02,One-Way,google,Paid Search,Paid Search,Logged-In,AREA_B,AREA_C,AREA_B_TO_AREA_C,BA,CI,4_7,low,unknown_or_oneway,Y,H,0,0.7839134328178671,30.10067005193031
6.0,130.3068486,,1,1,0,0,0,0,0,0,0,1,0,3.25,22.0,50.5783753,4,1,PET,NORTH MERIDIAN,LANG_02,One-Way,microsoft,Paid Search,Paid Search,Logged-Out,AREA_C,AREA_B,AREA_C_TO_AREA_B,CA,BI,4_7,very_high,unknown_or_oneway,Y,Q,0,0.5947756692310663,30.082787017677532
20.0,47.64494859999999,,1,1,0,0,0,0,0,1,0,1,0,4.916666666666667,19.0,57.3922,5,1,PET,NORTH VERTEX,LANG_02,One-Way,google,MetaSearches,Organic Search,Logged-In,AREA_C,AREA_B,AREA_C_TO_AREA_B,CA,BU,15_30,mid,unknown_or_oneway,Y,V,0,0.5237657028027991,30.06006596839881
171.0,150.9573331,41.979166666666664,1,1,0,0,0,0,0,0,0,2,1,1010.6666666666666,10.0,50.5175567,3,1,PET,LOWER VERTEX,LANG_02,Round-Trip,apple,Direct,Organic Search,Logged-Out,AREA_B,AREA_C,AREA_B_TO_AREA_C,BU,CA,120_plus,very_high,30_plus,Y,W,0,0.5949874197970458,30.057310715383966
10.0,23.5556434,,1,1,0,0,0,0,0,1,0,1,0,3.4166666666666665,9.0,40.9998741,5,1,PET,UPPER APEX,LANG_09,One-Way,apple,Direct,Direct,Logged-In,AREA_C,AREA_B,AREA_C_TO_AREA_B,CA,BO,8_14,low,unknown_or_oneway,Y,V,0,0.7328851288112884,30.048198011025107
39.0,45.0550185,,1,1,0,0,0,0,0,0,0,1,0,3.4166666666666665,9.0,40.9998741,5,1,PET,UPPER APEX,LANG_09,One-Way,apple,Direct,Direct,Logged-Out,AREA_C,AREA_B,AREA_C_TO_AREA_B,CA,BO,31_60,mid,unknown_or_oneway,Y,H,0,0.7325760908097458,30.035527491869747
3.0,71.1988788,,1,1,0,0,0,0,0,0,0,1,0,12.333333333333334,11.0,51.396,5,1,PET,UPPER APEX,LANG_02,One-Way,google,MetaSearches,Organic Search,Logged-Out,AREA_C,AREA_C,AREA_C_TO_AREA_C,CA,CE,0_3,high,unknown_or_oneway,Y,W,0,0.5843692436141448,30.034241644792584
12.0,184.3471728,,1,1,0,0,0,0,0,0,0,1,0,20.833333333333332,21.0,126.4547184,3,1,PET,UPPER APEX,LANG_02,Round-Trip,google,MetaSearches,Organic Search,Logged-Out,AREA_C,AREA_B,AREA_C_TO_AREA_B,CA,BU,8_14,very_high,unknown_or_oneway,Y,L,0,0.23750148818389719,30.03318380787565
28.0,357.34953520000005,,4,2,1,1,0,1,1,0,0,1,0,16.083333333333332,20.0,34.5719477,4,0,PET,LOWER VERTEX,LANG_09,One-Way,apple,Direct,Direct,Logged-Out,AREA_B,AREA_B,AREA_B_TO_AREA_B,BU,BE,15_30,very_high,unknown_or_oneway,Y,V,0,0.8686887343530675,30.032261491633445
1.0,63.6856402,,1,1,0,0,0,0,0,0,0,1,0,11.666666666666666,17.0,51.396,5,1,PET,UPPER APEX,LANG_02,One-Way,google,Paid Search,Paid Search,Logged-Out,AREA_C,AREA_C,AREA_C_TO_AREA_C,CA,CE,0_3,high,unknown_or_oneway,Y,W,0,0.5838268217335271,30.006363329816356
55.0,58.8381408,,5,3,1,1,0,1,1,0,0,1,0,2.5833333333333335,21.0,36.5455541,2,1,PET,WEST MERIDIAN,LANG_02,One-Way,google,Paid Search,Paid Search,Logged-Out,AREA_B,AREA_C,AREA_B_TO_AREA_C,BO,CA,31_60,high,unknown_or_oneway,Y,L,0,0.821049432160593,30.00570644179923
26.0,82.0524291,,1,1,0,0,0,0,0,0,0,1,0,10.083333333333334,19.0,52.9730006,5,1,PET,UPPER APEX,LANG_02,One-Way,apple,Direct,Direct,Logged-Out,AREA_C,AREA_C,AREA_C_TO_AREA_C,CA,CE,15_30,high,unknown_or_oneway,Y,Q,0,0.5660800270424509,29.986957612167764
58.0,67.8093126,13.46875,4,2,0,1,1,1,0,1,0,2,1,326.25,12.0,48.3979,5,1,PET,UPPER APEX,LANG_09,Round-Trip,google,Paid Search,Organic Search,Logged-In,AREA_C,AREA_B,AREA_C_TO_AREA_B,CA,BO,31_60,high,9_14,Y,W,0,0.6194578957453175,29.9804612924923
17.0,118.6917809,,3,2,0,1,0,1,0,1,0,1,0,4.083333333333333,17.0,38.1187,4,1,PET,UPPER APEX,LANG_02,One-Way,apple,Direct,Direct,Logged-In,AREA_C,AREA_C,AREA_C_TO_AREA_C,CE,CA,15_30,very_high,unknown_or_oneway,Y,L,0,0.7863534222570603,29.974770196990203
24.0,173.5051866,,1,1,0,0,0,0,0,0,0,1,0,13.166666666666666,9.0,40.4824877,3,1,PET,LOWER VERTEX,LANG_02,One-Way,google,Organic Search,Organic Search,Logged-Out,AREA_B,AREA_C,AREA_B_TO_AREA_C,BU,CA,15_30,very_high,unknown_or_oneway,P,R,0,0.7393473916626715,29.930621689011183
58.0,61.3021507,,1,1,0,0,0,0,0,0,0,1,0,5.083333333333333,13.0,56.19296,4,1,PET,UPPER APEX,LANG_09,One-Way,google,Paid Search,Paid Search,Logged-Out,AREA_C,AREA_B,AREA_C_TO_AREA_B,CA,BE,31_60,high,unknown_or_oneway,Y,K,0,0.5324292985409042,29.918778275737086
135.0,280.0285362,37.770833333333336,2,1,0,1,0,1,0,0,0,2,1,910.0,11.0,53.8668627,1,1,PET,LOWER VERTEX,LANG_02,Round-Trip,apple,Paid Search,Paid Search,Logged-Out,AREA_B,AREA_C,AREA_B_TO_AREA_C,BU,CA,120_plus,very_high,30_plus,Y,V,0,0.5554068661861296,29.91802540348551
1.0,71.4412966,,1,1,0,0,0,0,0,0,0,1,0,11.666666666666666,12.0,51.396,5,1,PET,UPPER APEX,LANG_02,One-Way,google,Paid Search,Paid Search,Logged-Out,AREA_C,AREA_C,AREA_C_TO_AREA_C,CA,CE,0_3,high,unknown_or_oneway,Y,W,0,0.5817934917682811,29.901858302922577
1.0,39.0639581,,1,1,0,0,0,0,0,1,0,1,0,2.75,1.0,36.5279938,5,1,PET,UPPER VERTEX,LANG_10,One-Way,apple,Direct,Direct,Logged-In,AREA_C,AREA_C,AREA_C_TO_AREA_C,CA,CI,0_3,mid,unknown_or_oneway,Y,K,0,0.8178018851081621,29.872662188859255
28.0,57.9181524,17.864583333333332,1,1,0,0,0,0,0,1,0,2,1,431.0,19.0,55.3380732,3,1,PET,CENTRAL APEX,LANG_09,Round-Trip,google,Paid Search,Organic Search,Logged-In,AREA_C,AREA_C,AREA_C_TO_AREA_C,CU,CA,15_30,high,15_30,Y,H,0,0.5396218554046237,29.86163373470088
29.0,81.4378186,,1,1,0,0,0,0,0,0,0,1,0,10.083333333333334,16.0,52.9730006,5,1,PET,UPPER APEX,LANG_02,One-Way,apple,Paid Search,Paid Search,Logged-Out,AREA_C,AREA_C,AREA_C_TO_AREA_C,CA,CE,15_30,high,unknown_or_oneway,Y,Q,0,0.563314518773724,29.84046034098919
35.0,45.4661865,19.87847222222222,1,1,0,0,0,0,0,0,0,2,1,479.1666666666667,8.0,52.76656,3,1,PET,SOUTH MERIDIAN,LANG_09,Round-Trip,google,Direct,Direct,Logged-Out,AREA_B,AREA_C,AREA_B_TO_AREA_C,BI,CA,31_60,mid,15_30,Y,U,0,0.5649091124301057,29.808310575589914
45.0,87.3624925,58.229166666666664,1,1,0,0,0,0,0,0,0,2,1,1412.1666666666667,12.0,76.2374,5,1,PET,UPPER APEX,LANG_09,Round-Trip,mozilla,Direct,Email,Logged-Out,AREA_C,AREA_B,AREA_C_TO_AREA_B,CA,BU,31_60,high,30_plus,Y,O,0,0.39097954444205363,29.807263921446616
42.0,142.2367168,,2,2,0,0,0,0,0,0,0,1,0,4.0,16.0,40.024635,4,1,PET,UPPER APEX,LANG_09,One-Way,google,Direct,Direct,Logged-Out,AREA_B,AREA_C,AREA_B_TO_AREA_C,BO,CA,31_60,very_high,unknown_or_oneway,Y,T,0,0.7447072852703289,29.806637274785793
6.0,52.1947795,1.9583333333333333,2,2,0,0,0,0,0,0,0,2,1,48.416666666666664,15.0,51.396,6,1,PET,GREAT MERIDIAN,LANG_09,Round-Trip,mozilla,Direct,Paid Search,Logged-Out,AREA_C,AREA_B,AREA_C_TO_AREA_B,CA,BA,4_7,mid,1_2,Y,V,0,0.5798472885799273,29.801831243853943
1.0,83.45853799999999,,1,1,0,0,0,0,0,0,0,1,0,10.083333333333334,14.0,52.9730006,5,1,PET,UPPER APEX,LANG_02,One-Way,google,Paid Search,Paid Search,Logged-Out,AREA_C,AREA_C,AREA_C_TO_AREA_C,CA,CE,0_3,high,unknown_or_oneway,Y,Q,0,0.5623883706632,29.791399496574716
6.0,39.8498886,,1,1,0,0,0,0,0,1,0,1,0,1.5,13.0,43.6977358,4,1,PET,UPPER VERTEX,LANG_02,One-Way,apple,Direct,Direct,Logged-In,AREA_B,AREA_C,AREA_B_TO_AREA_C,BI,CA,4_7,mid,unknown_or_oneway,Y,S,0,0.6816160760708155,29.785079209175198
12.0,51.774617199999994,,1,1,0,0,0,0,0,0,0,1,0,12.333333333333334,16.0,51.396,5,1,PET,UPPER APEX,LANG_02,One-Way,google,Direct,Paid Search,Logged-Out,AREA_C,AREA_C,AREA_C_TO_AREA_C,CA,CE,8_14,mid,unknown_or_oneway,Y,U,0,0.5785913823184969,29.737282685641468
47.0,76.6352907,,1,1,0,0,0,0,0,0,0,1,0,10.083333333333334,21.0,52.9730006,5,1,PET,NEW VERTEX,LANG_02,One-Way,google,Organic Search,Organic Search,Logged-Out,AREA_C,AREA_C,AREA_C_TO_AREA_C,CA,CE,31_60,high,unknown_or_oneway,Y,Q,0,0.5612598640731787,29.731619116304415
91.0,227.7596608,69.77777777777777,2,2,0,0,0,0,0,1,0,4,1,1678.0,6.0,39.8481754,3,0,PET,NORTH MERIDIAN,LANG_02,Round-Trip,google,Paid Search,Paid Search,Logged-In,AREA_B,AREA_C,AREA_B_TO_AREA_C,BI,CU,61_120,very_high,30_plus,Y,O,0,0.7459471707917112,29.724633700841867
21.0,116.6183806,,1,1,0,0,0,0,0,1,0,1,0,3.25,11.0,50.5783753,5,1,PET,LOWER VERTEX,LANG_02,One-Way,google,Paid Search,Paid Search,Logged-In,AREA_C,AREA_B,AREA_C_TO_AREA_B,CA,BI,15_30,very_high,unknown_or_oneway,Y,T,0,0.5874156202794958,29.710527699578627
52.0,140.3436308,,3,2,0,1,0,1,0,1,0,1,0,4.0,17.0,40.024635,4,1,PET,OLD HORIZON,LANG_02,One-Way,google,MetaSearches,Paid Search,Logged-In,AREA_B,AREA_C,AREA_B_TO_AREA_C,BO,CA,31_60,very_high,unknown_or_oneway,Y,L,1,0.7416343189347255,29.683642918835982
112.0,152.6653935,,1,1,0,0,0,0,0,0,0,1,0,14.166666666666666,21.0,50.0515663,3,1,PET,LOWER VERTEX,LANG_02,One-Way,apple,Paid Search,Organic Search,Logged-Out,AREA_B,AREA_C,AREA_B_TO_AREA_C,BU,CA,61_120,very_high,unknown_or_oneway,P,R,0,0.5923635680117721,29.648724398045772
86.0,86.6438051,,1,1,0,0,0,0,0,0,0,1,0,14.416666666666666,20.0,50.3676517,4,1,PET,LOWER VERTEX,LANG_02,One-Way,apple,Direct,Direct,Logged-Out,AREA_B,AREA_C,AREA_B_TO_AREA_C,BU,CA,61_120,high,unknown_or_oneway,Y,S,0,0.5884812626059231,29.640419266911373
59.0,58.75676380000001,,2,2,0,0,0,0,0,0,0,1,0,3.8333333333333335,16.0,34.812224,5,1,PET,UPPER VERTEX,LANG_10,One-Way,google,Direct,Organic Search,Logged-Out,AREA_C,AREA_B,AREA_C_TO_AREA_B,CA,BU,31_60,high,unknown_or_oneway,Y,L,0,0.8513972687819708,29.639032433826173
0.0,187.02490439999997,,1,1,0,0,0,0,0,0,0,1,0,9.083333333333334,12.0,52.9730006,3,1,PET,EAST ZENITH,LANG_02,One-Way,google,Paid Search,Paid Search,Logged-Out,AREA_C,AREA_C,AREA_C_TO_AREA_C,CA,CE,invalid_or_past,very_high,unknown_or_oneway,P,A,0,0.5593889415907555,29.632510738520455
4.0,37.3636071,,1,1,0,0,0,0,0,1,0,1,0,4.833333333333333,21.0,40.024635,4,1,PET,OLD HORIZON,LANG_02,One-Way,apple,Direct,Direct,Logged-In,AREA_B,AREA_C,AREA_B_TO_AREA_C,BO,CA,4_7,mid,unknown_or_oneway,Y,U,0,0.7395694615457071,29.600997755513465
26.0,89.80594400000001,,2,2,0,0,0,0,0,0,0,1,0,12.333333333333334,15.0,51.396,5,1,PET,UPPER APEX,LANG_09,One-Way,mozilla,Organic Search,Organic Search,Logged-Out,AREA_C,AREA_C,AREA_C_TO_AREA_C,CA,CE,15_30,high,unknown_or_oneway,Y,U,0,0.5755731159547838,29.582155867612066
9.0,43.9816987,8.82638888888889,1,1,0,0,0,0,0,1,0,2,1,215.25,10.0,48.3979,1,1,PET,LOWER APEX,LANG_02,Round-Trip,google,Paid Search,Paid Search,Logged-In,AREA_B,AREA_C,AREA_B_TO_AREA_C,BO,CA,8_14,mid,9_14,Y,T,0,0.611198572586433,29.580727396180922
132.0,473.6364116,34.770833333333336,2,2,0,0,0,0,0,0,0,2,1,838.0,13.0,41.6710202,1,1,PET,LOWER VERTEX,LANG_02,Round-Trip,mozilla,Internal,Paid Search,Logged-Out,AREA_B,AREA_C,AREA_B_TO_AREA_C,BU,CA,120_plus,very_high,30_plus,P,R,0,0.7097291856110276,29.57513923012668
68.0,46.2945187,,1,1,0,0,0,0,0,1,0,1,0,12.333333333333334,18.0,51.396,5,1,PET,UPPER APEX,LANG_02,One-Way,apple,Direct,Direct,Logged-In,AREA_C,AREA_C,AREA_C_TO_AREA_C,CA,CE,61_120,mid,unknown_or_oneway,Y,O,0,0.5754120229942616,29.57387633381307
103.0,97.635268,21.697916666666668,1,1,0,0,0,0,0,0,0,2,1,526.0,21.0,87.6635874,1,1,PET,LOWER VERTEX,LANG_02,Round-Trip,apple,Direct,Direct,Logged-Out,AREA_B,AREA_C,AREA_B_TO_AREA_C,BO,CA,61_120,high,15_30,Y,O,0,0.3369910254790431,29.54184221509772
14.0,54.1276974,,1,1,0,0,0,0,0,0,0,1,0,4.0,16.0,40.024635,3,1,PET,OLD HORIZON,LANG_02,One-Way,apple,Direct,Direct,Logged-Out,AREA_B,AREA_C,AREA_B_TO_AREA_C,BO,CA,8_14,high,unknown_or_oneway,Y,V,0,0.737805437833153,29.53039335028714
39.0,44.8704212,,1,1,0,0,0,0,0,1,0,1,0,12.333333333333334,20.0,51.396,5,1,PET,UPPER APEX,LANG_02,One-Way,apple,Direct,Direct,Logged-In,AREA_C,AREA_C,AREA_C_TO_AREA_C,CA,CE,31_60,mid,unknown_or_oneway,Y,U,0,0.5744293127675448,29.523368959000734
33.0,47.646233499999994,,1,1,0,0,0,0,0,0,0,1,0,4.0,6.0,40.024635,4,1,PET,OLD HORIZON,LANG_02,One-Way,apple,Direct,Direct,Logged-Out,AREA_B,AREA_C,AREA_B_TO_AREA_C,BO,CA,31_60,mid,unknown_or_oneway,Y,V,0,0.7375934882488585,29.521910145537355
35.0,50.9193021,,1,1,0,0,0,0,0,0,0,1,0,14.166666666666666,5.0,50.3676517,4,1,PET,LOWER VERTEX,LANG_02,One-Way,apple,Direct,MetaSearches,Logged-Out,AREA_B,AREA_C,AREA_B_TO_AREA_C,BU,CA,31_60,mid,unknown_or_oneway,Y,W,0,0.5861253606613955,29.521758018330054
12.0,105.8312168,22.680555555555557,1,1,0,0,0,0,0,0,0,2,1,550.0,22.0,87.6635874,1,1,PET,LOWER VERTEX,LANG_02,Round-Trip,google,Direct,Direct,Logged-Out,AREA_B,AREA_C,AREA_B_TO_AREA_C,BO,CA,8_14,very_high,15_30,Y,O,0,0.33660445951924367,29.50795445629498
79.0,232.8165989,8.003472222222221,2,2,0,0,0,0,0,1,0,4,1,194.91666666666666,14.0,43.4840141,2,0,PET,NORTH MERIDIAN,LANG_02,Round-Trip,apple,Direct,Direct,Logged-In,AREA_C,AREA_B,AREA_C_TO_AREA_B,CI,BI,61_120,very_high,9_14,Y,T,0,0.6785281813094177,29.505129003306077
24.0,545.1303891,11.430555555555555,2,2,0,0,0,0,0,0,0,4,1,275.5833333333333,16.0,46.7095414,5,0,PET,CENTRAL MERIDIAN,LANG_02,Round-Trip,google,Paid Search,Paid Search,Logged-Out,AREA_B,AREA_B,AREA_B_TO_AREA_B,BI,BO,15_30,very_high,9_14,Y,M,0,0.6316276513978516,29.503037932352715
202.0,38.2232052,10.753472222222221,2,2,0,0,0,0,0,0,0,2,1,260.75,12.0,51.396,1,0,PET,UPPER APEX,LANG_09,Round-Trip,google,Paid Search,Paid Search,Logged-Out,AREA_B,AREA_B,AREA_B_TO_AREA_B,BE,BO,120_plus,mid,9_14,Y,O,0,0.5738752397808454,29.49489182377633
0.0,100.0204707,65.78125,1,1,0,0,0,0,0,0,0,2,1,1582.0833333333333,22.0,100.7353034,2,1,PET,LOWER VERTEX,LANG_02,Round-Trip,apple,Paid Search,Paid Search,Logged-Out,AREA_B,AREA_C,AREA_B_TO_AREA_C,BU,CA,invalid_or_past,high,30_plus,Y,W,0,0.29264030418218284,29.47920982886048
53.0,95.7340443,23.49652777777778,1,1,0,0,0,0,0,0,0,4,1,565.75,15.0,30.3570474,2,0,PET,LOWER MERIDIAN,LANG_09,Round-Trip,samsung,Direct,Direct,Logged-Out,AREA_B,AREA_C,AREA_B_TO_AREA_C,BO,CI,31_60,high,15_30,C,D,0,0.9708789539429061,29.473018424507217
16.0,76.1226156,,1,1,0,0,0,0,0,0,0,1,0,10.083333333333334,12.0,52.9730006,5,1,PET,UPPER APEX,LANG_02,One-Way,google,Direct,Organic Search,Logged-Out,AREA_C,AREA_C,AREA_C_TO_AREA_C,CA,CE,15_30,high,unknown_or_oneway,Y,Q,0,0.5560999335842318,29.45828211541747
166.0,45.849515,37.854166666666664,2,2,0,0,0,0,0,0,0,2,1,911.0,12.0,31.3798278,1,0,PET,NORTH HORIZON,LANG_09,Round-Trip,google,Direct,Paid Search,Logged-Out,AREA_B,AREA_B,AREA_B_TO_AREA_B,BA,BE,120_plus,mid,30_plus,Y,W,0,0.9386463017517294,29.454559314076107
147.0,169.3493917,147.78125,2,2,0,0,0,0,0,1,1,2,1,3550.0,9.0,47.6856371,3,0,PET,LOWER VERTEX,LANG_02,Round-Trip,microsoft,Paid Search,Paid Search,Logged-In,AREA_B,AREA_B,AREA_B_TO_AREA_B,BU,BE,120_plus,very_high,30_plus,Y,U,0,0.6173099811108368,29.436819737459217
42.0,39.3068042,10.770833333333334,3,3,0,0,0,0,0,1,0,4,1,262.25,10.0,44.5851734,5,0,PET,LOWER VERTEX,LANG_02,Round-Trip,apple,Direct,Direct,Logged-In,AREA_B,AREA_B,AREA_B_TO_AREA_B,BU,BE,31_60,mid,9_14,Y,O,0,0.6601550526681325,29.43312749409482
16.0,116.0298964,,1,1,0,0,0,0,0,1,0,1,0,20.833333333333332,10.0,38.1187,5,1,PET,UPPER VERTEX,LANG_11,One-Way,apple,Direct,Direct,Logged-In,AREA_C,AREA_B,AREA_C_TO_AREA_B,CA,BU,15_30,very_high,unknown_or_oneway,Y,S,0,0.7721004808593842,29.431466599734605
62.0,83.7917554,,3,2,0,1,0,1,0,1,0,1,0,4.083333333333333,13.0,38.1187,4,1,PET,UPPER APEX,LANG_02,One-Way,google,Paid MetaSearches,Paid MetaSearches,Logged-In,AREA_C,AREA_C,AREA_C_TO_AREA_C,CE,CA,61_120,high,unknown_or_oneway,Y,W,0,0.7720493779782202,29.429518624338378
17.0,124.3860294,,2,2,0,0,0,0,0,1,0,1,0,4.083333333333333,2.0,33.3941227,3,1,PET,WEST APEX,LANG_02,One-Way,apple,Direct,Direct,Logged-In,AREA_C,AREA_C,AREA_C_TO_AREA_C,CE,CA,15_30,very_high,unknown_or_oneway,Y,V,0,0.8812343389963662,29.428047643898044
47.0,87.7522455,5.170138888888889,2,2,0,0,0,0,0,1,0,2,1,127.08333333333333,18.0,52.76656,4,1,PET,SOUTH HORIZON,LANG_02,Round-Trip,apple,Paid Search,Paid Search,Logged-In,AREA_C,AREA_B,AREA_C_TO_AREA_B,CA,BO,31_60,high,6_8,Y,S,0,0.5576994751994753,29.427882820081624
15.0,269.5595993,,2,2,0,0,0,0,0,1,0,1,0,14.416666666666666,9.0,38.1187,4,1,PET,NEW MERIDIAN,LANG_10,One-Way,apple,Direct,Direct,Logged-In,AREA_B,AREA_C,AREA_B_TO_AREA_C,BI,CA,15_30,very_high,unknown_or_oneway,Y,T,0,0.7717954926597501,29.419840846049215
50.0,46.3994522,,1,1,0,0,0,0,0,1,0,1,0,12.333333333333334,12.0,51.396,5,1,PET,UPPER APEX,LANG_02,One-Way,google,Paid Search,Organic Search,Logged-In,AREA_C,AREA_C,AREA_C_TO_AREA_C,CA,CE,31_60,mid,unknown_or_oneway,Y,O,0,0.57213347917094,29.405372295469636
47.0,94.7922126,,1,1,0,0,0,0,0,1,0,2,1,18.25,21.0,49.9993137,4,0,PET,UPPER APEX,LANG_09,One-Way,google,Direct,Direct,Logged-In,AREA_B,AREA_B,AREA_B_TO_AREA_B,BU,BE,31_60,high,unknown_or_oneway,Y,V,0,0.5880249639689992,29.40084463691719
6.0,36.9464429,,2,2,0,0,0,0,0,0,0,1,0,4.5,12.0,35.4216949,5,1,PET,LOWER VERTEX,LANG_02,One-Way,microsoft,Organic Search,Paid Search,Logged-Out,AREA_C,AREA_B,AREA_C_TO_AREA_B,CA,BO,4_7,mid,unknown_or_oneway,Y,U,0,0.8298236875560346,29.393761481402784
1.0,120.0345014,,1,1,0,0,0,0,0,0,0,1,0,14.166666666666666,8.0,50.3676517,4,1,PET,LOWER VERTEX,LANG_02,One-Way,google,Direct,Direct,Logged-Out,AREA_B,AREA_C,AREA_B_TO_AREA_C,BU,CA,0_3,very_high,unknown_or_oneway,Y,K,0,0.5834876186407272,29.388901146958577
23.0,90.1597198,,2,2,0,0,0,0,0,0,0,1,0,4.916666666666667,20.0,57.3922,5,1,PET,UPPER APEX,LANG_09,One-Way,microsoft,Paid MetaSearches,Paid MetaSearches,Logged-Out,AREA_C,AREA_B,AREA_C_TO_AREA_B,CA,BU,15_30,high,unknown_or_oneway,Y,V,0,0.5120677983408221,29.38869749593613
7.0,63.20208950000001,,1,1,0,0,0,0,0,1,0,1,0,4.0,12.0,40.024635,4,1,PET,OLD HORIZON,LANG_02,One-Way,google,Organic Search,Organic Search,Logged-In,AREA_B,AREA_C,AREA_B_TO_AREA_C,BO,CA,4_7,high,unknown_or_oneway,P,J,0,0.7334448867037126,29.35586388293245
21.0,59.5996582,,1,1,0,0,0,0,0,0,0,1,0,4.0,17.0,40.024635,4,1,PET,OLD HORIZON,LANG_02,One-Way,google,Organic Search,Paid Search,Logged-Out,AREA_B,AREA_C,AREA_B_TO_AREA_C,BO,CA,15_30,high,unknown_or_oneway,Y,T,0,0.7334186376701332,29.354813274944334
18.0,39.5851992,,1,1,0,0,0,0,0,0,1,1,0,4.416666666666667,17.0,37.1781532,5,1,PET,UPPER VERTEX,LANG_10,One-Way,google,MetaSearches,Organic Search,Logged-Out,AREA_C,AREA_B,AREA_C_TO_AREA_B,CA,BO,15_30,mid,unknown_or_oneway,Y,S,0,0.7894375900012028,29.349831662903505
3.0,36.3892246,,1,1,0,0,0,0,0,0,0,1,0,2.6666666666666665,18.0,36.5455541,2,1,PET,WEST VERTEX,LANG_02,One-Way,google,Organic Search,Organic Search,Logged-Out,AREA_B,AREA_C,AREA_B_TO_AREA_C,BO,CA,0_3,mid,unknown_or_oneway,Y,Q,0,0.8030313165852453,29.347224424260308
6.0,37.5237913,,1,1,0,0,0,0,0,0,0,2,1,4.333333333333333,14.0,31.43722,4,0,PET,GREAT MERIDIAN,LANG_09,One-Way,apple,Direct,Direct,Logged-Out,AREA_C,AREA_B,AREA_C_TO_AREA_B,CU,BE,4_7,mid,unknown_or_oneway,Y,S,0,0.9320884441995786,29.302269479759875
1.0,156.9269785,,1,1,0,0,0,0,0,0,0,1,0,3.25,18.0,50.5783753,4,1,PET,SOUTH HORIZON,LANG_02,One-Way,samsung,Direct,Referrals,Logged-Out,AREA_C,AREA_B,AREA_C_TO_AREA_B,CA,BI,0_3,very_high,unknown_or_oneway,Y,K,0,0.579244254562073,29.29723329760926
6.0,70.6001154,,1,1,0,0,0,0,0,1,0,1,0,4.0,12.0,40.024635,4,1,PET,UPPER APEX,LANG_02,One-Way,google,Direct,Direct,Logged-In,AREA_B,AREA_C,AREA_B_TO_AREA_C,BO,CA,4_7,high,unknown_or_oneway,Y,S,0,0.7316993921923508,29.286001102220695
61.0,172.71625799999998,,2,2,0,0,0,0,0,0,0,1,0,4.666666666666667,22.0,40.024635,3,1,PET,UPPER APEX,LANG_09,One-Way,apple,Paid Search,Paid Search,Logged-Out,AREA_B,AREA_C,AREA_B_TO_AREA_C,BO,CA,61_120,very_high,unknown_or_oneway,Y,Q,0,0.7316402030819873,29.28363207968242
30.0,227.4298698,58.31944444444444,2,2,0,0,0,0,0,0,0,2,1,1415.8333333333333,15.0,50.1762016,5,1,PET,UPPER APEX,LANG_09,Round-Trip,mozilla,Organic Search,Organic Search,Logged-Out,AREA_C,AREA_B,AREA_C_TO_AREA_B,CA,BO,15_30,very_high,30_plus,Y,O,0,0.583225081379568,29.264019261477607
12.0,85.3897427,13.78125,1,1,0,0,0,0,0,0,0,2,1,334.0833333333333,2.0,100.7353034,3,1,PET,LOWER VERTEX,LANG_02,Round-Trip,google,Paid Search,Paid Search,Logged-Out,AREA_B,AREA_C,AREA_B_TO_AREA_C,BU,CA,8_14,high,9_14,Y,U,0,0.2904779548467514,29.261384912499
232.0,288.9410309,13.697916666666666,3,3,0,0,0,0,0,0,1,2,1,334.0,12.0,87.6635874,1,1,PET,LOWER VERTEX,LANG_02,Round-Trip,apple,Email,Email,Logged-Out,AREA_B,AREA_C,AREA_B_TO_AREA_C,BO,CA,120_plus,very_high,9_14,Y,U,0,0.33369672578871,29.25305208627241
25.0,55.3050941,,1,1,0,0,0,0,0,1,0,1,0,12.333333333333334,14.0,51.396,5,1,PET,UPPER APEX,LANG_02,One-Way,google,Paid Search,Paid Search,Logged-In,AREA_C,AREA_C,AREA_C_TO_AREA_C,CA,CE,15_30,high,unknown_or_oneway,Y,U,0,0.5686229494696937,29.22494511094438
52.0,57.657746,7.163194444444445,2,2,0,0,0,0,0,0,0,2,1,174.91666666666666,13.0,53.1092,4,1,PET,UPPER APEX,LANG_09,Round-Trip,microsoft,Paid Search,Paid Search,Logged-Out,AREA_C,AREA_C,AREA_C_TO_AREA_C,CA,CI,31_60,high,6_8,Y,U,0,0.5502354131953955,29.2225626064769
7.0,22.3898108,,1,1,0,0,0,0,0,0,0,2,1,7.916666666666667,21.0,39.797636,5,0,PET,WEST APEX,LANG_02,One-Way,apple,Paid Search,Paid Search,Logged-Out,AREA_C,AREA_B,AREA_C_TO_AREA_B,CU,BA,4_7,low,unknown_or_oneway,Y,W,0,0.734238437001907,29.220954053010825
60.0,110.9943733,14.875,2,2,0,0,0,0,0,0,0,2,1,359.0833333333333,12.0,31.5991174,1,1,PET,CENTRAL APEX,LANG_09,Round-Trip,apple,Direct,Direct,Logged-Out,AREA_C,AREA_C,AREA_C_TO_AREA_C,CU,CA,31_60,very_high,15_30,C,Z,0,0.9243738925537918,29.209399152302254
13.0,46.4050201,,1,1,0,0,0,0,0,1,0,1,0,11.666666666666666,15.0,51.396,5,1,PET,UPPER APEX,LANG_02,One-Way,google,Direct,Direct,Logged-In,AREA_C,AREA_C,AREA_C_TO_AREA_C,CA,CE,8_14,mid,unknown_or_oneway,Y,O,0,0.5683035403943664,29.208528762108855
4.0,42.0517789,11.572916666666666,1,1,0,0,0,0,0,0,0,2,1,279.75,15.0,59.8660608,3,1,PET,CENTRAL APEX,LANG_09,Round-Trip,google,Paid Search,Paid Search,Logged-Out,AREA_C,AREA_C,AREA_C_TO_AREA_C,CU,CA,4_7,mid,9_14,Y,H,0,0.48770984167113735,29.19726703424268
,110.5425168,9.26388888888889,2,2,0,0,0,0,0,0,0,4,1,224.16666666666666,8.0,29.21006,4,0,PET,UPPER APEX,LANG_09,Round-Trip,apple,Direct,Direct,Logged-Out,AREA_C,AREA_B,AREA_C_TO_AREA_B,CU,BE,MISSING,very_high,9_14,C,F,1,0.9979558178582861,29.150349316989608
37.0,209.8802773,13.684027777777779,1,1,0,0,0,0,0,0,0,2,1,333.75,11.0,76.2374,2,0,PET,UPPER APEX,LANG_09,Round-Trip,google,Internal,Paid Search,Logged-Out,AREA_B,AREA_C,AREA_B_TO_AREA_C,BE,CA,31_60,very_high,9_14,Y,E,0,0.38233571292335233,29.14828068042278
24.0,39.6807101,6.802083333333333,2,2,0,0,0,0,0,0,0,2,1,167.08333333333334,15.0,46.517663,1,1,PET,GREAT MERIDIAN,LANG_03,Round-Trip,microsoft,Paid Search,Paid Search,Logged-Out,AREA_B,AREA_C,AREA_B_TO_AREA_C,BA,CA,15_30,mid,6_8,Y,L,0,0.6264412546367735,29.140583172490615
110.0,624.9158262999999,,2,2,0,0,0,0,0,0,0,2,1,-265.9166666666667,14.0,40.4165295,4,1,PET,CENTRAL AURORA,LANG_02,Round-Trip,apple,Direct,Direct,Logged-Out,AREA_C,AREA_D,AREA_C_TO_AREA_D,CA,DA,61_120,very_high,unknown_or_oneway,P,A,0,0.7209202954762922,29.137096389266283
36.0,146.8829152,13.684027777777779,1,1,0,0,0,0,0,1,0,2,1,333.75,12.0,76.2374,2,0,PET,UPPER APEX,LANG_02,Round-Trip,google,Organic Search,Organic Search,Logged-In,AREA_B,AREA_C,AREA_B_TO_AREA_C,BE,CA,31_60,very_high,9_14,Y,W,0,0.3821570933869208,29.13466319137603
,118.9234912,15.20138888888889,2,2,0,0,0,0,0,0,0,2,1,369.9166666666667,23.0,29.21006,1,1,PET,UPPER APEX,LANG_09,Round-Trip,apple,Direct,Direct,Logged-Out,AREA_C,AREA_B,AREA_C_TO_AREA_B,CA,BO,MISSING,very_high,15_30,Y,V,1,0.9968469215433695,29.117958389097115
95.0,560.9856268,38.010416666666664,1,1,0,0,0,0,0,1,1,2,1,918.9166666666666,9.0,76.2374,2,1,PET,UPPER APEX,LANG_02,Round-Trip,google,Paid Search,Paid Search,Logged-In,AREA_C,AREA_B,AREA_C_TO_AREA_B,CA,BU,61_120,very_high,30_plus,P,P,0,0.3818472632421505,29.111042546697124
20.0,369.2862562,20.12152777777778,2,2,0,0,0,0,0,0,0,4,1,484.25,13.0,46.5527836,1,0,PET,UPPER HORIZON,LANG_02,Round-Trip,google,Paid Search,Paid Search,Logged-Out,AREA_C,AREA_B,AREA_C_TO_AREA_B,CI,BI,15_30,very_high,15_30,Y,Y,0,0.6253107702263084,29.109956969094657
32.0,96.2527156,,1,1,0,0,0,0,0,0,0,1,0,10.083333333333334,21.0,52.9730006,5,1,PET,UPPER APEX,LANG_02,One-Way,google,Paid Search,Paid Search,Logged-Out,AREA_C,AREA_C,AREA_C_TO_AREA_C,CA,CE,31_60,high,unknown_or_oneway,Y,K,0,0.5494647462807798,29.106796334410596
31.0,127.7884446,,1,1,0,0,0,0,0,1,0,1,0,3.6666666666666665,18.0,38.2480466,5,1,PET,NORTH MERIDIAN,LANG_02,One-Way,apple,Direct,Direct,Logged-In,AREA_C,AREA_B,AREA_C_TO_AREA_B,CA,BI,31_60,very_high,unknown_or_oneway,Y,T,0,0.7609759036507229,29.10584182430996
42.0,55.8186258,14.086805555555555,1,1,0,0,0,0,0,1,1,4,1,339.3333333333333,11.0,55.4537142,4,1,PET,UPPER APEX,LANG_02,Round-Trip,apple,Direct,Direct,Logged-In,AREA_B,AREA_C,AREA_B_TO_AREA_C,BA,CA,31_60,high,15_30,Y,T,0,0.5248621556652314,29.105555974655655
8.0,89.78752709999999,29.77777777777778,2,2,0,0,0,0,0,0,0,4,1,718.0,9.0,44.5851734,4,0,PET,LOWER VERTEX,LANG_02,Round-Trip,apple,Direct,Direct,Logged-Out,AREA_B,AREA_B,AREA_B_TO_AREA_B,BU,BE,8_14,high,15_30,Y,O,0,0.652632379925708,29.097727825442373
83.0,353.8940108,13.010416666666666,2,2,0,0,0,0,0,0,0,2,1,318.9166666666667,11.0,126.4547184,3,1,PET,UPPER VERTEX,LANG_11,Round-Trip,google,Organic Search,Organic Search,Logged-Out,AREA_C,AREA_B,AREA_C_TO_AREA_B,CA,BU,61_120,very_high,9_14,Y,W,0,0.23009449343699034,29.096534372965262
66.0,567.4401078,,2,1,0,1,0,1,0,0,0,2,1,-482.8333333333333,17.0,80.9649754,4,1,PET,LOWER VERTEX,LANG_02,Round-Trip,google,Direct,Direct,Logged-Out,AREA_B,AREA_C,AREA_B_TO_AREA_C,BU,CA,61_120,very_high,unknown_or_oneway,P,A,0,0.3593674572916908,29.096177339182294
9.0,45.8846356,,1,1,0,0,0,0,0,1,0,1,0,4.0,19.0,40.024635,4,1,PET,UPPER MERIDIAN,LANG_02,One-Way,apple,Direct,Direct,Logged-In,AREA_B,AREA_C,AREA_B_TO_AREA_C,BO,CA,8_14,mid,unknown_or_oneway,Y,W,0,0.7269480450096584,29.09583016547515
236.0,63.7507418,15.097222222222221,2,2,0,0,0,0,0,0,0,2,1,363.75,20.0,51.396,4,1,PET,LOWER MERIDIAN,LANG_02,Round-Trip,google,Organic Search,Organic Search,Logged-Out,AREA_C,AREA_B,AREA_C_TO_AREA_B,CA,BA,120_plus,high,15_30,Y,V,0,0.5656108312132304,29.07013428103519
35.0,293.9928294,11.211805555555555,2,2,0,0,0,0,0,0,0,2,1,285.25,13.0,57.0898202,5,1,PET,UPPER APEX,LANG_02,Round-Trip,apple,Direct,Direct,Logged-Out,AREA_C,AREA_B,AREA_C_TO_AREA_B,CA,BO,31_60,very_high,9_14,Y,V,0,0.5090659725274324,29.06248484152925
20.0,125.7583026,234.84722222222223,1,1,0,0,0,0,0,1,0,4,1,5639.166666666667,12.0,43.4840141,5,0,PET,UPPER VERTEX,LANG_10,Round-Trip,apple,Direct,Direct,Logged-In,AREA_C,AREA_B,AREA_C_TO_AREA_B,CI,BI,15_30,very_high,30_plus,Y,L,0,0.667837465469425,29.040253764980744
30.0,165.32422830000002,91.00694444444444,2,2,0,0,0,0,0,1,0,4,1,2185.0833333333335,23.0,39.4036,4,0,PET,NORTH MERIDIAN,LANG_02,Round-Trip,samsung,Direct,Direct,Logged-In,AREA_C,AREA_B,AREA_C_TO_AREA_B,CU,BI,15_30,very_high,30_plus,Y,W,0,0.7369036092714598,29.036655058288893
,50.4785814,3.2847222222222223,3,2,1,0,0,0,1,0,1,2,1,80.75,21.0,29.21006,3,1,PET,UPPER APEX,LANG_02,Round-Trip,google,Paid Search,Paid Search,Logged-Out,AREA_C,AREA_B,AREA_C_TO_AREA_B,CA,BE,MISSING,mid,3_5,Y,U,1,0.9938945774703174,29.03172024158262
42.0,245.3512267,22.22222222222222,2,2,0,0,0,0,0,0,0,2,1,547.9166666666666,13.0,90.2783589,2,1,PET,NORTH MERIDIAN,LANG_02,Round-Trip,google,Direct,Paid Search,Logged-Out,AREA_C,AREA_B,AREA_C_TO_AREA_B,CA,BI,31_60,very_high,15_30,Y,W,0,0.321316723624365,29.00794649593253
1.0,76.245966,29.618055555555557,1,1,0,0,0,0,0,1,0,2,1,717.5833333333334,17.0,54.1568218,4,1,PET,EAST HORIZON,LANG_02,Round-Trip,google,Direct,Paid Search,Logged-In,AREA_C,AREA_C,AREA_C_TO_AREA_C,CE,CA,0_3,high,15_30,Y,H,0,0.5354855097092883,29.000193325808098
8.0,80.9666886,,1,1,0,0,0,0,0,0,0,1,0,10.083333333333334,17.0,52.9730006,5,1,PET,UPPER APEX,LANG_02,One-Way,google,Paid Search,Paid Search,Logged-Out,AREA_C,AREA_C,AREA_C_TO_AREA_C,CA,CE,8_14,high,unknown_or_oneway,Y,Q,0,0.5472011430423274,28.986886478701894
11.0,46.4701217,,1,1,0,0,0,0,0,0,0,1,0,11.666666666666666,16.0,51.396,5,1,PET,UPPER APEX,LANG_02,One-Way,google,Direct,Organic Search,Logged-Out,AREA_C,AREA_C,AREA_C_TO_AREA_C,CA,CE,8_14,mid,unknown_or_oneway,Y,O,0,0.5638967351987896,28.982036602276988
5.0,34.9856855,,1,1,0,0,0,0,0,0,0,1,0,4.75,22.0,47.4761984,5,1,PET,UPPER APEX,LANG_02,One-Way,google,Referrals,Referrals,Logged-Out,AREA_C,AREA_C,AREA_C_TO_AREA_C,CA,CE,4_7,mid,unknown_or_oneway,Y,V,0,0.6099562069566767,28.958401896786647
13.0,62.3536272,10.836805555555555,2,2,0,0,0,0,0,0,0,2,1,263.1666666666667,7.0,31.5168838,2,1,PET,EAST APEX,LANG_02,Round-Trip,apple,Direct,Direct,Logged-Out,AREA_C,AREA_C,AREA_C_TO_AREA_C,CI,CA,8_14,high,9_14,Y,L,1,0.9187341086627501,28.955636145820467
59.0,41.1403565,,1,1,0,0,0,0,0,1,0,1,0,12.333333333333334,16.0,51.396,5,1,PET,UPPER APEX,LANG_09,One-Way,apple,Direct,Direct,Logged-In,AREA_C,AREA_C,AREA_C_TO_AREA_C,CA,CE,31_60,mid,unknown_or_oneway,Y,O,0,0.5633078803504108,28.951771818489714
2.0,106.4548216,13.28125,3,2,0,1,0,1,0,0,0,2,1,325.4166666666667,12.0,48.3979,6,1,PET,UPPER APEX,LANG_02,Round-Trip,google,Paid Search,Paid Search,Logged-Out,AREA_C,AREA_B,AREA_C_TO_AREA_B,CA,BE,0_3,very_high,9_14,Y,O,0,0.5981765327897542,28.950488016305247
,45.3646794,22.135416666666668,1,1,0,0,0,0,0,0,0,2,1,533.3333333333334,14.0,29.21006,3,1,PET,UPPER APEX,LANG_09,Round-Trip,google,Paid Search,Email,Logged-Out,AREA_C,AREA_B,AREA_C_TO_AREA_B,CA,BI,MISSING,mid,15_30,Y,L,1,0.9909150042494802,28.94468672902757
133.0,229.6000659,21.697916666666668,2,2,0,0,0,0,0,1,0,2,1,526.0,9.0,87.6635874,1,1,PET,LOWER VERTEX,LANG_02,Round-Trip,mozilla,Direct,Affiliate,Logged-In,AREA_B,AREA_C,AREA_B_TO_AREA_C,BO,CA,120_plus,very_high,15_30,Y,U,0,0.33011880247093844,28.939398492794446
1.0,83.2670879,,1,1,0,0,0,0,0,0,0,1,0,10.083333333333334,13.0,52.9730006,5,1,PET,UPPER APEX,LANG_02,One-Way,google,Paid Search,Paid Search,Logged-Out,AREA_C,AREA_C,AREA_C_TO_AREA_C,CA,CE,0_3,high,unknown_or_oneway,Y,Q,0,0.5461651395103928,28.932006262983123
32.0,60.022390300000005,,2,2,0,0,0,0,0,0,0,1,0,3.0,22.0,30.2491158,4,1,PET,GREAT MERIDIAN,LANG_09,One-Way,google,Organic Search,Paid Search,Logged-Out,AREA_B,AREA_C,AREA_B_TO_AREA_C,BO,CA,31_60,high,unknown_or_oneway,Y,L,1,0.9563312858415149,28.928175808582886
22.0,97.8781141,15.03125,1,1,0,0,0,0,0,1,1,4,1,363.5,12.0,42.2350913,4,0,PET,NEW MERIDIAN,LANG_02,Round-Trip,google,Direct,Paid Search,Logged-In,AREA_C,AREA_B,AREA_C_TO_AREA_B,CI,BO,15_30,high,15_30,Y,W,0,0.6841192045121757,28.893837062655113
142.0,50.436608,9.753472222222221,3,2,0,1,0,1,0,0,0,2,1,236.75,23.0,51.396,1,0,PET,UPPER APEX,LANG_09,Round-Trip,samsung,Direct,Paid Search,Logged-Out,AREA_B,AREA_B,AREA_B_TO_AREA_B,BE,BO,120_plus,mid,9_14,Y,U,0,0.5620186815344315,28.88551215614364
12.0,81.6189895,,1,1,0,0,0,0,0,0,0,1,0,14.166666666666666,17.0,50.3676517,4,1,PET,UPPER APEX,LANG_02,One-Way,google,Paid Search,Paid Search,Logged-Out,AREA_B,AREA_C,AREA_B_TO_AREA_C,BU,CA,8_14,high,unknown_or_oneway,Y,T,0,0.5734035256601913,28.880989064004527
231.0,174.6234779,20.854166666666668,2,2,0,0,0,0,0,0,0,2,1,503.6666666666667,12.0,100.7353034,3,1,PET,LOWER VERTEX,LANG_02,Round-Trip,google,Paid Search,Paid Search,Logged-Out,AREA_B,AREA_C,AREA_B_TO_AREA_C,BU,CA,120_plus,very_high,15_30,Y,O,0,0.2866924699216318,28.880052940050952
4.0,55.3560618,3.8645833333333335,2,2,0,0,0,0,0,1,0,2,1,95.0,17.0,55.3380732,2,1,PET,CENTRAL APEX,LANG_09,Round-Trip,apple,Direct,Direct,Logged-In,AREA_C,AREA_C,AREA_C_TO_AREA_C,CU,CA,4_7,high,3_5,Y,S,0,0.521381477264384,28.852246353980615
11.0,11.6471902,,1,1,0,0,0,0,0,1,0,1,0,3.0833333333333335,22.0,51.396,5,1,PET,UPPER APEX,LANG_09,One-Way,apple,Direct,Direct,Logged-In,AREA_C,AREA_C,AREA_C_TO_AREA_C,CA,CI,8_14,very_low,unknown_or_oneway,Y,O,0,0.5610600871701554,28.83624424019731
13.0,46.4786877,,1,1,0,0,0,0,0,1,1,1,0,11.666666666666666,18.0,51.396,5,1,PET,UPPER APEX,LANG_02,One-Way,apple,Direct,Paid Search,Logged-In,AREA_C,AREA_C,AREA_C_TO_AREA_C,CA,CE,8_14,mid,unknown_or_oneway,Y,O,0,0.5609810875729546,28.832183976899575
71.0,49.8378446,27.85763888888889,2,2,0,0,0,0,0,0,0,2,1,671.0833333333334,20.0,31.3798278,1,0,PET,NORTH HORIZON,LANG_09,Round-Trip,google,Direct,Organic Search,Logged-Out,AREA_B,AREA_B,AREA_B_TO_AREA_B,BA,BE,61_120,mid,15_30,Y,L,1,0.9179314827944516,28.804531862288556
38.0,91.1919228,88.78472222222223,1,1,0,0,0,0,0,0,0,4,1,2134.1666666666665,16.0,39.9244128,6,0,PET,NORTH MERIDIAN,LANG_02,Round-Trip,apple,Direct,Direct,Logged-Out,AREA_B,AREA_C,AREA_B_TO_AREA_C,BI,CO,31_60,high,30_plus,Y,O,0,0.7212516467086487,28.79554847587585
32.0,38.6724919,,1,1,0,0,0,0,0,0,0,1,0,4.75,15.0,47.4761984,5,1,PET,NEW HORIZON,LANG_02,One-Way,google,Direct,Organic Search,Logged-Out,AREA_C,AREA_C,AREA_C_TO_AREA_C,CA,CE,31_60,mid,unknown_or_oneway,Y,L,0,0.6063829689473467,28.78875814012527
,20.9614303,10.833333333333334,1,1,0,0,0,0,0,0,0,2,1,262.5,19.0,28.8233051,1,1,PET,NORTH ZENITH,LANG_09,Round-Trip,apple,Direct,Direct,Logged-Out,AREA_B,AREA_C,AREA_B_TO_AREA_C,BA,CA,MISSING,very_low,9_14,Y,O,1,0.9987522704492482,28.787341410476394
6.0,42.928080699999995,,1,1,0,0,0,0,0,0,0,1,0,5.083333333333333,12.0,51.396,5,1,PET,UPPER APEX,LANG_09,One-Way,google,Organic Search,Organic Search,Logged-Out,AREA_C,AREA_B,AREA_C_TO_AREA_B,CA,BU,4_7,mid,unknown_or_oneway,Y,S,0,0.5597686496203154,28.76986951588573
4.0,116.0573076,,1,1,0,0,0,0,0,1,0,1,0,14.416666666666666,15.0,38.1187,4,1,PET,NORTH MERIDIAN,LANG_02,One-Way,apple,Direct,Direct,Logged-In,AREA_B,AREA_C,AREA_B_TO_AREA_C,BI,CA,4_7,very_high,unknown_or_oneway,Y,T,0,0.7547437706315108,28.769851369571366
28.0,183.1226631,158.77777777777777,2,2,0,0,0,0,0,1,0,2,1,3815.3333333333335,8.0,38.499887,2,1,PET,NORTH MERIDIAN,LANG_02,Round-Trip,apple,Direct,Direct,Logged-In,AREA_B,AREA_C,AREA_B_TO_AREA_C,BI,CA,15_30,very_high,30_plus,Y,O,0,0.7472654340720327,28.76963477077921
11.0,81.3136116,,1,1,0,0,0,0,0,0,0,1,0,10.083333333333334,8.0,52.9730006,5,1,PET,UPPER APEX,LANG_02,One-Way,google,Direct,Paid Search,Logged-Out,AREA_C,AREA_C,AREA_C_TO_AREA_C,CA,CE,8_14,high,unknown_or_oneway,Y,Q,0,0.5430146894681288,28.765117471004
93.0,323.6508912,,3,2,1,0,0,0,1,1,0,1,0,4.666666666666667,14.0,40.024635,4,1,PET,UPPER APEX,LANG_02,One-Way,google,Paid Search,Paid Search,Logged-In,AREA_B,AREA_C,AREA_B_TO_AREA_C,BO,CA,61_120,very_high,unknown_or_oneway,Y,Q,0,0.7184779038143575,28.756815855734768
83.0,86.7423141,17.802083333333332,2,2,0,0,0,0,0,0,0,4,1,431.0833333333333,19.0,30.9001318,5,0,PET,GREAT MERIDIAN,LANG_02,Round-Trip,microsoft,Direct,Paid Search,Logged-Out,AREA_B,AREA_B,AREA_B_TO_AREA_B,BA,BE,61_120,high,15_30,Y,U,0,0.9302358374904774,28.744409983539136
5.0,183.4336089,,1,1,0,0,0,0,0,0,0,1,0,20.833333333333332,6.0,38.1187,5,1,PET,LOWER APEX,LANG_02,One-Way,google,Paid Search,Email,Logged-Out,AREA_C,AREA_B,AREA_C_TO_AREA_B,CA,BU,4_7,very_high,unknown_or_oneway,Y,K,0,0.7539067036671525,28.737943465077084
13.0,51.8894016,,1,1,0,0,0,0,0,1,0,1,0,12.333333333333334,23.0,51.396,5,1,PET,UPPER APEX,LANG_02,One-Way,apple,Direct,Direct,Logged-In,AREA_C,AREA_C,AREA_C_TO_AREA_C,CA,CE,8_14,mid,unknown_or_oneway,Y,U,0,0.5590003684639933,28.7303829375754
,48.2942514,4.121527777777778,2,2,0,0,0,0,0,0,0,2,1,100.83333333333333,23.0,29.21006,3,1,PET,UPPER APEX,LANG_09,Round-Trip,mozilla,Direct,Direct,Logged-Out,AREA_C,AREA_B,AREA_C_TO_AREA_B,CA,BI,MISSING,mid,3_5,Y,U,1,0.9833539369522984,28.723827499612852
36.0,154.5533399,175.22222222222223,1,1,0,0,0,0,0,0,0,2,1,4219.916666666667,17.0,91.3345467,3,1,PET,NORTH MERIDIAN,LANG_02,Round-Trip,apple,Direct,Organic Search,Logged-Out,AREA_C,AREA_B,AREA_C_TO_AREA_B,CA,BI,31_60,very_high,30_plus,Y,W,0,0.31435729806818097,28.711681320894094
48.0,32.927275699999996,19.49652777777778,1,1,0,0,0,0,0,0,0,4,1,469.75,14.0,30.3570474,4,0,PET,LOWER MERIDIAN,LANG_02,Round-Trip,apple,Direct,Paid Search,Logged-Out,AREA_B,AREA_C,AREA_B_TO_AREA_C,BO,CI,31_60,low,15_30,Y,W,0,0.9450998202287652,28.690440040416103
8.0,44.098624599999994,4.854166666666667,2,1,0,0,1,1,0,0,0,2,1,118.91666666666667,14.0,76.6579906,1,0,PET,NORTH HORIZON,LANG_04,Round-Trip,apple,MetaSearches,MetaSearches,Logged-Out,AREA_B,AREA_B,AREA_B_TO_AREA_B,BA,BE,8_14,mid,3_5,Y,T,0,0.37418905403033803,28.684580986480547
20.0,83.1227508,,1,1,0,0,0,0,0,1,0,1,0,3.3333333333333335,14.0,37.51908,3,1,PET,GREAT MERIDIAN,LANG_03,One-Way,google,Direct,Direct,Logged-In,AREA_C,AREA_C,AREA_C_TO_AREA_C,CE,CA,15_30,high,unknown_or_oneway,Y,S,0,0.7645005075037352,28.683355701073243
1.0,87.2087328,,1,1,0,0,0,0,0,1,0,1,0,4.0,1.0,40.024635,4,1,PET,UPPER APEX,LANG_02,One-Way,apple,Direct,Direct,Logged-In,AREA_B,AREA_C,AREA_B_TO_AREA_C,BO,CA,0_3,high,unknown_or_oneway,Y,Q,0,0.7162356451751045,28.667070272123073
17.0,98.5942317,87.625,1,1,0,0,0,0,0,0,0,4,1,2108.5833333333335,14.0,40.7480337,5,0,PET,LOWER VERTEX,LANG_02,Round-Trip,apple,Direct,Organic Search,Logged-Out,AREA_C,AREA_D,AREA_C_TO_AREA_D,CU,DA,15_30,high,30_plus,Y,W,0,0.7032009841248231,28.65405739899146
4.0,82.2914205,,1,1,0,0,0,0,0,0,0,1,0,16.333333333333332,12.0,40.140276,2,0,PET,LOWER VERTEX,LANG_02,One-Way,apple,Direct,Organic Search,Logged-Out,AREA_B,AREA_B,AREA_B_TO_AREA_B,BU,BE,4_7,high,unknown_or_oneway,Y,S,0,0.7138281516415859,28.65325902346311
23.0,81.0579165,,1,1,0,0,0,0,0,0,0,1,0,10.083333333333334,11.0,52.9730006,1,1,PET,GREAT APEX,LANG_10,One-Way,other,Direct,Direct,Logged-Out,AREA_C,AREA_C,AREA_C_TO_AREA_C,CA,CE,15_30,high,unknown_or_oneway,Y,Q,0,0.5408003777642402,28.64781873578532
24.0,46.399880499999995,,1,1,0,0,0,0,0,1,0,1,0,12.333333333333334,22.0,51.396,5,1,PET,UPPER APEX,LANG_02,One-Way,google,Organic Search,Organic Search,Logged-In,AREA_C,AREA_C,AREA_C_TO_AREA_C,CA,CE,15_30,mid,unknown_or_oneway,Y,B,0,0.5573204600809328,28.644042366319624
34.0,111.1361406,35.076388888888886,1,1,0,0,0,0,0,0,0,2,1,856.25,12.0,90.2783589,2,1,PET,NORTH MERIDIAN,LANG_02,Round-Trip,apple,Direct,Direct,Logged-Out,AREA_C,AREA_B,AREA_C_TO_AREA_B,CA,BI,31_60,very_high,30_plus,Y,W,0,0.3170639600473719,28.624013979411902
9.0,111.1986724,8.26388888888889,1,1,0,0,0,0,0,0,0,4,1,200.25,15.0,49.8609728,3,0,PET,LOWER HORIZON,LANG_02,Round-Trip,google,Direct,Direct,Logged-Out,AREA_C,AREA_B,AREA_C_TO_AREA_B,CU,BE,8_14,very_high,9_14,Y,Y,0,0.5739944103766966,28.61991968314451
5.0,120.3655773,,1,1,0,0,0,0,0,0,0,1,0,20.583333333333332,19.0,40.6533794,4,1,PET,LOWER VERTEX,LANG_02,One-Way,google,Paid Search,Organic Search,Logged-Out,AREA_D,AREA_C,AREA_D_TO_AREA_C,DA,CA,4_7,very_high,unknown_or_oneway,Y,S,0,0.7038206141767143,28.61268645766698
12.0,81.8883902,,1,1,0,0,0,0,0,0,0,1,0,9.083333333333334,15.0,52.9730006,5,1,PET,WEST APEX,LANG_02,One-Way,google,Paid Search,Paid Search,Logged-Out,AREA_C,AREA_C,AREA_C_TO_AREA_C,CA,CE,8_14,high,unknown_or_oneway,Y,Q,0,0.5400617152114185,28.608689563931502
29.0,227.2354216,105.36111111111111,2,2,0,0,0,0,0,0,0,2,1,2543.8333333333335,10.0,50.1762016,5,1,PET,LOWER VERTEX,LANG_02,Round-Trip,google,Paid Search,Paid Search,Logged-Out,AREA_C,AREA_B,AREA_C_TO_AREA_B,CA,BO,15_30,very_high,30_plus,Y,L,0,0.5700761652055786,28.604256592710016
5.0,221.35914560000003,,1,1,0,0,0,0,0,0,0,1,0,15.916666666666666,15.0,37.5156536,3,1,PET,LOWER VERTEX,LANG_02,One-Way,apple,Direct,Direct,Logged-Out,AREA_B,AREA_C,AREA_B_TO_AREA_C,BU,CA,4_7,very_high,unknown_or_oneway,Y,E,0,0.7624325446696127,28.603155239191718
35.0,36.0007565,,1,1,0,0,0,0,0,0,0,2,1,6.666666666666667,9.0,42.2552214,6,0,PET,CENTRAL MERIDIAN,LANG_02,One-Way,google,Organic Search,Organic Search,Logged-Out,AREA_C,AREA_B,AREA_C_TO_AREA_B,CE,BI,31_60,mid,unknown_or_oneway,Y,W,0,0.67677838061247,28.59742031151339
53.0,168.7454887,,1,1,0,0,0,0,0,0,0,1,0,14.5,20.0,49.888384,3,1,PET,LOWER VERTEX,LANG_02,One-Way,google,Paid Search,Paid Search,Logged-Out,AREA_B,AREA_C,AREA_B_TO_AREA_C,BU,CA,31_60,very_high,unknown_or_oneway,Y,E,0,0.5727405255130524,28.57309926915696
52.0,82.2909922,,2,2,0,0,0,0,0,0,0,1,0,4.083333333333333,18.0,38.1187,4,1,PET,UPPER APEX,LANG_02,One-Way,google,Direct,Paid Search,Logged-Out,AREA_C,AREA_C,AREA_C_TO_AREA_C,CE,CA,31_60,high,unknown_or_oneway,Y,L,0,0.7489085795821145,28.547421472516746
88.0,216.9240991,14.78125,2,2,0,0,0,0,0,0,1,2,1,358.0833333333333,15.0,80.9649754,4,1,PET,LOWER VERTEX,LANG_02,Round-Trip,apple,Direct,Direct,Logged-Out,AREA_B,AREA_C,AREA_B_TO_AREA_C,BU,CA,61_120,very_high,15_30,Y,U,0,0.35252474434018605,28.542157253394453
179.0,421.2763083,32.520833333333336,3,3,0,0,0,0,0,0,0,2,1,783.6666666666666,11.0,45.0717222,1,1,PET,NORTH MERIDIAN,LANG_02,Round-Trip,apple,Paid Search,Paid Search,Logged-Out,AREA_B,AREA_C,AREA_B_TO_AREA_C,BI,CA,120_plus,very_high,30_plus,Y,O,0,0.6320770062989908,28.488799236915764
4.0,326.7008155,,3,3,0,0,0,0,0,1,0,1,0,14.5,13.0,42.500209,4,1,PET,LOWER VERTEX,LANG_02,One-Way,google,Paid Search,Organic Search,Logged-In,AREA_B,AREA_C,AREA_B_TO_AREA_C,BU,CA,4_7,very_high,unknown_or_oneway,Y,S,1,0.6699290076938387,28.47212284215075
5.0,102.83483,51.02430555555556,1,1,0,0,0,0,0,1,1,4,1,1227.3333333333333,11.0,42.2350913,3,0,PET,NEW MERIDIAN,LANG_02,Round-Trip,apple,Direct,Direct,Logged-In,AREA_C,AREA_B,AREA_C_TO_AREA_B,CI,BO,4_7,very_high,30_plus,Y,S,0,0.674121527063945,28.47158424284114
33.0,87.45286379999999,,1,1,0,0,0,0,0,0,0,1,0,14.166666666666666,18.0,50.0515663,4,1,PET,LOWER VERTEX,LANG_02,One-Way,google,Paid Search,Paid Search,Logged-Out,AREA_B,AREA_C,AREA_B_TO_AREA_C,BU,CA,31_60,high,unknown_or_oneway,Y,S,0,0.5687723336796248,28.467946168771462
181.0,77.13169040000001,30.5625,2,2,0,0,0,0,0,1,0,2,1,737.4166666666666,22.0,31.4432162,1,1,PET,GREAT MERIDIAN,LANG_03,Round-Trip,microsoft,Paid Search,Paid Search,Logged-In,AREA_B,AREA_C,AREA_B_TO_AREA_C,BA,CA,120_plus,high,30_plus,Y,O,0,0.9043720781722364,28.43636677921293
0.0,60.5033712,23.01388888888889,2,2,0,0,0,0,0,1,0,2,1,554.5833333333334,15.0,52.4401954,4,1,PET,UPPER APEX,LANG_09,Round-Trip,apple,Direct,Direct,Logged-In,AREA_B,AREA_C,AREA_B_TO_AREA_C,BE,CA,invalid_or_past,high,15_30,Y,V,0,0.5418800009290501,28.41629313207157
77.0,69.4518431,5.274305555555555,1,1,0,0,0,0,0,1,0,2,1,128.66666666666666,11.0,52.76656,4,1,PET,SOUTH MERIDIAN,LANG_09,Round-Trip,apple,Paid Search,Paid Search,Logged-In,AREA_B,AREA_C,AREA_B_TO_AREA_C,BI,CA,61_120,high,6_8,C,F,0,0.53846842415111,28.41312641107499
26.0,82.1530796,20.677083333333332,3,2,0,1,0,1,0,1,0,4,1,503.0,16.0,30.2217046,5,0,PET,EAST ZENITH,LANG_02,Round-Trip,apple,Organic Search,Organic Search,Logged-In,AREA_C,AREA_C,AREA_C_TO_AREA_C,CE,CI,15_30,high,15_30,Y,L,0,0.9395479637264097,28.39474101727107
79.0,42.3635813,95.79513888888889,1,1,0,0,0,0,0,1,0,2,1,2303.0,11.0,31.4432162,2,1,PET,GREAT MERIDIAN,LANG_03,Round-Trip,apple,Direct,Direct,Logged-In,AREA_B,AREA_C,AREA_B_TO_AREA_C,BA,CA,61_120,mid,30_plus,Y,U,0,0.9028135218978995,28.387360757319087
13.0,96.4728618,,1,1,0,0,0,0,0,0,0,1,0,14.5,15.0,42.500209,4,1,PET,SOUTH MERIDIAN,LANG_02,One-Way,apple,Paid Search,Paid Search,Logged-Out,AREA_B,AREA_C,AREA_B_TO_AREA_C,BU,CA,8_14,high,unknown_or_oneway,Y,S,0,0.6677976391695342,28.381539234411786
11.0,448.7761664,115.21527777777777,4,1,2,1,0,1,1,0,0,2,1,2781.25,8.0,74.0959,3,1,PET,UPPER APEX,LANG_02,Round-Trip,apple,Paid Search,Paid Search,Logged-Out,AREA_C,AREA_B,AREA_C_TO_AREA_B,CA,BU,8_14,very_high,30_plus,Y,L,0,0.3826154191263193,28.35023383404184
25.0,51.7827549,,1,1,0,0,0,0,0,0,0,1,0,12.333333333333334,7.0,51.396,5,1,PET,UPPER APEX,LANG_02,One-Way,google,Paid Search,Paid Search,Logged-Out,AREA_C,AREA_C,AREA_C_TO_AREA_C,CA,CE,15_30,mid,unknown_or_oneway,Y,U,0,0.5513968646935459,28.339593257789485
9.0,127.9627627,,1,1,0,0,0,0,0,0,0,4,1,-3240.1666666666665,11.0,42.83,3,0,PET,UPPER APEX,LANG_02,Round-Trip,google,Paid Search,Paid Search,Logged-Out,AREA_C,AREA_B,AREA_C_TO_AREA_B,CU,BU,8_14,very_high,unknown_or_oneway,Y,W,0,0.6615999993648233,28.33632797279538
0.0,194.5047356,,1,1,0,0,0,0,0,1,0,4,1,-696.75,15.0,39.8481754,6,0,PET,NORTH MERIDIAN,LANG_02,Round-Trip,google,Paid Search,Paid Search,Logged-In,AREA_B,AREA_C,AREA_B_TO_AREA_C,BI,CU,invalid_or_past,very_high,unknown_or_oneway,Y,S,0,0.7110286208310267,28.333193197294847
48.0,133.3537748,110.23611111111111,1,1,0,0,0,0,0,0,0,2,1,2660.0833333333335,16.0,91.3345467,3,1,PET,NORTH MERIDIAN,LANG_02,Round-Trip,apple,Direct,Paid Search,Logged-Out,AREA_C,AREA_B,AREA_C_TO_AREA_B,CA,BI,31_60,very_high,30_plus,Y,O,0,0.310187273836838,28.330814047996366
6.0,109.3287146,,1,1,0,0,0,0,0,0,0,1,0,16.166666666666668,19.0,40.2700509,4,1,PET,LOWER VERTEX,LANG_02,One-Way,apple,Direct,Paid Search,Logged-Out,AREA_B,AREA_C,AREA_B_TO_AREA_C,BU,CA,4_7,very_high,unknown_or_oneway,Y,V,0,0.7033832847004093,28.325280677094675
44.0,81.7423399,,1,1,0,0,0,0,0,0,0,1,0,6.666666666666667,23.0,56.19296,3,1,PET,UPPER APEX,LANG_09,One-Way,mozilla,Direct,Paid Search,Logged-Out,AREA_B,AREA_C,AREA_B_TO_AREA_C,BE,CA,31_60,high,unknown_or_oneway,C,F,0,0.5038983710001177,28.315541005674774
86.0,51.124029500000006,24.82986111111111,2,1,1,0,0,0,1,1,0,2,1,599.0833333333334,13.0,29.2982898,3,1,PET,GREAT MERIDIAN,LANG_09,Round-Trip,microsoft,Paid Search,Paid Search,Logged-In,AREA_B,AREA_C,AREA_B_TO_AREA_C,BO,CA,61_120,mid,15_30,Y,O,1,0.965952903836115,28.300768109742027
70.0,179.23755379999997,12.229166666666666,3,2,0,1,0,1,0,0,0,2,1,296.1666666666667,12.0,45.3998,4,1,PET,UPPER APEX,LANG_02,Round-Trip,google,Paid Search,Paid Search,Logged-Out,AREA_C,AREA_B,AREA_C_TO_AREA_B,CA,BO,61_120,very_high,9_14,Y,K,0,0.6231668681150696,28.291651179050536
3.0,83.3711648,,1,1,0,0,0,0,0,0,0,1,0,10.083333333333334,13.0,52.9730006,5,1,PET,UPPER APEX,LANG_09,One-Way,apple,Direct,Direct,Logged-Out,AREA_C,AREA_C,AREA_C_TO_AREA_C,CA,CE,0_3,high,unknown_or_oneway,Y,Q,0,0.5340361135933765,28.289495365803603
16.0,56.33729710000001,,2,2,0,0,0,0,0,0,0,2,1,15.5,10.0,34.6923,5,0,PET,NEW HORIZON,LANG_02,One-Way,google,Organic Search,Paid Search,Logged-Out,AREA_C,AREA_B,AREA_C_TO_AREA_B,CE,BE,15_30,high,unknown_or_oneway,Y,S,0,0.8152870821333643,28.28418403949532
114.0,34.8156504,112.87152777777777,1,1,0,0,0,0,0,1,0,4,1,2711.5833333333335,9.0,30.2174216,5,0,PET,NEW MERIDIAN,LANG_02,Round-Trip,google,Direct,Direct,Logged-In,AREA_C,AREA_C,AREA_C_TO_AREA_C,CI,CI,61_120,mid,30_plus,Y,V,0,0.9360174935223647,28.284035226740567
57.0,50.3453801,,2,2,0,0,0,0,0,0,0,2,1,117.83333333333333,19.0,29.5467038,5,1,PET,NORTH ZENITH,LANG_09,Multi-City,apple,Direct,Direct,Logged-Out,AREA_C,AREA_B,AREA_C_TO_AREA_B,CA,BA,31_60,mid,unknown_or_oneway,Y,L,1,0.95680187144227,28.270341490790432
54.0,131.0465227,,1,1,0,0,0,0,0,0,0,2,1,30.5,20.0,51.3236173,5,0,PET,NORTH MERIDIAN,LANG_02,One-Way,google,MetaSearches,MetaSearches,Logged-Out,AREA_B,AREA_B,AREA_B_TO_AREA_B,BI,BO,31_60,very_high,unknown_or_oneway,Y,V,0,0.5505645872628389,28.256966175610398
3.0,151.3736407,,1,1,0,0,0,0,0,0,0,1,0,14.5,6.0,42.500209,3,1,PET,LOWER VERTEX,LANG_02,One-Way,apple,Paid Search,Paid Search,Logged-Out,AREA_B,AREA_C,AREA_B_TO_AREA_C,BU,CA,0_3,very_high,unknown_or_oneway,Y,H,0,0.6648564738934827,28.256539095476057
51.0,319.01325879999996,,2,2,0,0,0,0,0,1,0,2,1,-458.0,20.0,43.3799372,5,1,PET,UPPER APEX,LANG_09,Round-Trip,google,Direct,Organic Search,Logged-In,AREA_C,AREA_B,AREA_C_TO_AREA_B,CA,BO,31_60,very_high,unknown_or_oneway,Y,K,0,0.6512706520912703,28.252079987922357
38.0,113.5444715,81.21875,1,1,0,0,0,0,0,0,0,2,1,1965.1666666666667,10.0,80.2094542,3,1,PET,UPPER APEX,LANG_02,Round-Trip,apple,Direct,Direct,Logged-Out,AREA_C,AREA_B,AREA_C_TO_AREA_B,CA,BU,31_60,very_high,30_plus,Y,O,0,0.35212457675818165,28.243720112179755
0.0,453.6305186,6.684027777777778,2,2,0,0,0,0,0,0,0,2,1,165.75,7.0,76.2374,5,0,PET,UPPER APEX,LANG_02,Round-Trip,google,MetaSearches,MetaSearches,Logged-Out,AREA_B,AREA_C,AREA_B_TO_AREA_C,BE,CA,invalid_or_past,very_high,6_8,Y,E,0,0.37017749954636736,28.221370103916225
42.0,46.4088748,,1,1,0,0,0,0,0,0,0,1,0,12.333333333333334,10.0,51.396,5,1,PET,UPPER APEX,LANG_02,One-Way,google,Paid Search,Paid Search,Logged-Out,AREA_C,AREA_C,AREA_C_TO_AREA_C,CA,CE,31_60,mid,unknown_or_oneway,Y,O,0,0.5490173113524337,28.21729373426968
152.0,37.6368625,38.854166666666664,2,2,0,0,0,0,0,0,0,2,1,935.0,18.0,31.3798278,1,0,PET,NORTH HORIZON,LANG_09,Round-Trip,google,Direct,Email,Logged-Out,AREA_B,AREA_B,AREA_B_TO_AREA_B,BA,BE,120_plus,mid,30_plus,Y,U,0,0.899058873221946,28.212312623766696
38.0,45.7677097,,1,1,0,0,0,0,0,1,0,1,0,4.0,13.0,40.024635,4,1,PET,UPPER APEX,LANG_02,One-Way,apple,Direct,Direct,Logged-In,AREA_B,AREA_C,AREA_B_TO_AREA_C,BO,CA,31_60,mid,unknown_or_oneway,Y,W,0,0.7048511599986624,28.211410408273068
3.0,174.9631198,0.16319444444444445,1,1,0,0,0,0,0,0,0,4,1,15.75,21.0,42.2350913,3,0,PET,NEW MERIDIAN,LANG_02,Round-Trip,apple,Direct,Direct,Logged-Out,AREA_C,AREA_B,AREA_C_TO_AREA_B,CI,BO,0_3,very_high,1_2,Y,E,0,0.667915151559822,28.209457406782416
108.0,395.9997555,69.65625,1,1,0,0,0,0,0,0,1,2,1,1677.6666666666667,11.0,39.4036,2,0,PET,UPPER APEX,LANG_02,Round-Trip,google,Paid Search,Paid Search,Logged-Out,AREA_B,AREA_C,AREA_B_TO_AREA_C,BE,CA,61_120,very_high,30_plus,C,F,1,0.7157742590276036,28.20408259302008
32.0,46.3236431,,1,1,0,0,0,0,0,0,0,1,0,12.333333333333334,16.0,51.396,5,1,PET,UPPER APEX,LANG_02,One-Way,apple,Direct,Direct,Logged-Out,AREA_C,AREA_C,AREA_C_TO_AREA_C,CA,CE,31_60,mid,unknown_or_oneway,Y,O,0,0.5483632456869489,28.18367737532643
140.0,176.20518979999997,90.0,1,1,0,0,0,0,0,0,0,2,1,2167.25,16.0,126.4547184,3,1,PET,UPPER APEX,LANG_09,Round-Trip,google,Paid Search,Paid Search,Logged-Out,AREA_C,AREA_B,AREA_C_TO_AREA_B,CA,BU,120_plus,very_high,30_plus,Y,V,0,0.22284490222558687,28.179789357812123
36.0,95.8993681,53.21875,1,1,0,0,0,0,0,0,0,2,1,1293.1666666666667,12.0,80.2094542,3,1,PET,UPPER APEX,LANG_02,Round-Trip,apple,MetaSearches,MetaSearches,Logged-Out,AREA_C,AREA_B,AREA_C_TO_AREA_B,CA,BU,31_60,high,30_plus,Y,O,0,0.35123895206588895,28.172684638984915
88.0,218.43214339999997,27.211805555555557,2,2,0,0,0,0,0,0,0,2,1,669.25,13.0,56.1073,5,1,PET,UPPER APEX,LANG_09,Round-Trip,apple,Direct,Direct,Logged-Out,AREA_C,AREA_B,AREA_C_TO_AREA_B,CA,BO,61_120,very_high,15_30,Y,U,0,0.5017690758407959,28.152908068922287
38.0,132.653076,,3,2,0,1,0,1,0,1,1,1,0,12.333333333333334,11.0,51.396,4,1,PET,UPPER APEX,LANG_09,One-Way,google,Paid Search,Paid Search,Logged-In,AREA_C,AREA_C,AREA_C_TO_AREA_C,CA,CE,31_60,very_high,unknown_or_oneway,Y,O,0,0.5477102769913159,28.150117396245673
17.0,104.4375286,,1,1,0,0,0,0,0,0,0,3,1,124.83333333333333,18.0,49.6883679,4,0,PET,UPPER VERTEX,LANG_11,Multi-City,google,MetaSearches,MetaSearches,Logged-Out,AREA_B,AREA_B,AREA_B_TO_AREA_B,BE,BU,15_30,very_high,unknown_or_oneway,Y,S,0,0.5665248433754613,28.1496948421298
18.0,144.53668779999998,120.97569444444444,1,1,0,0,0,0,0,1,0,2,1,2909.3333333333335,16.0,71.9544,2,1,PET,UPPER APEX,LANG_09,Round-Trip,google,MetaSearches,Paid Search,Logged-In,AREA_C,AREA_C,AREA_C_TO_AREA_C,CA,CA,15_30,very_high,30_plus,Y,V,0,0.39119509110246337,28.14820806322309
39.0,75.3670944,48.892361111111114,1,1,0,0,0,0,0,0,0,4,1,1177.0833333333333,11.0,46.4996744,5,0,PET,NORTH MERIDIAN,LANG_02,Round-Trip,apple,Direct,Direct,Logged-Out,AREA_B,AREA_B,AREA_B_TO_AREA_B,BI,BE,31_60,high,30_plus,Y,O,0,0.6048689872190767,28.126210960344828
44.0,155.8767869,45.0,1,1,0,0,0,0,0,0,0,4,1,1082.8333333333333,13.0,43.4840141,2,0,PET,NORTH MERIDIAN,LANG_02,Round-Trip,google,Organic Search,Paid Search,Logged-Out,AREA_C,AREA_B,AREA_C_TO_AREA_B,CI,BI,31_60,very_high,30_plus,Y,S,0,0.6466950974294073,28.120898735021225
80.0,773.76678,14.319444444444445,4,2,2,0,0,0,1,0,0,2,1,359.8333333333333,14.0,50.1762016,5,1,PET,UPPER APEX,LANG_02,Round-Trip,apple,Direct,Direct,Logged-Out,AREA_C,AREA_B,AREA_C_TO_AREA_B,CA,BO,61_120,very_high,15_30,Y,V,0,0.5604175259486127,28.119622762170824
43.0,79.008501,,1,1,0,0,0,0,0,0,0,1,0,4.0,16.0,40.024635,4,1,PET,OLD HORIZON,LANG_02,One-Way,google,Email,Organic Search,Logged-Out,AREA_B,AREA_C,AREA_B_TO_AREA_C,BO,CA,31_60,high,unknown_or_oneway,Y,T,0,0.7024040586076633,28.113466068290336
73.0,315.6845112,15.010416666666666,2,2,0,0,0,0,0,0,0,2,1,366.9166666666667,13.0,126.4547184,4,1,PET,UPPER APEX,LANG_02,Round-Trip,google,Paid Search,Paid Search,Logged-Out,AREA_C,AREA_B,AREA_C_TO_AREA_B,CA,BU,61_120,very_high,15_30,Y,V,0,0.22225925955090028,28.105732078301607
22.0,280.1180509,,3,2,0,1,0,1,0,0,0,2,1,18.083333333333332,22.0,34.5719477,4,0,PET,LOWER VERTEX,LANG_02,One-Way,apple,Direct,Direct,Logged-Out,AREA_B,AREA_B,AREA_B_TO_AREA_B,BU,BE,15_30,very_high,unknown_or_oneway,Y,V,0,0.8128804936728261,28.10286191360713
2.0,69.3606152,,2,2,0,0,0,0,0,1,0,1,0,2.75,22.0,36.5279938,5,1,PET,UPPER APEX,LANG_09,One-Way,apple,Direct,Direct,Logged-In,AREA_C,AREA_C,AREA_C_TO_AREA_C,CA,CI,0_3,high,unknown_or_oneway,Y,K,0,0.7693159407237319,28.101567912997645
39.0,180.8363977,81.01041666666667,2,2,0,0,0,0,0,0,0,4,1,1947.25,17.0,43.6711812,4,0,PET,NORTH MERIDIAN,LANG_02,Round-Trip,google,Direct,Direct,Logged-Out,AREA_B,AREA_B,AREA_B_TO_AREA_B,BO,BI,31_60,very_high,30_plus,Y,L,0,0.6434590264466452,28.100615738727036
8.0,70.4275105,,1,1,0,0,0,0,0,1,0,1,0,4.0,13.0,40.024635,4,1,PET,UPPER APEX,LANG_02,One-Way,google,Direct,Direct,Logged-In,AREA_B,AREA_C,AREA_B_TO_AREA_C,BO,CA,8_14,high,unknown_or_oneway,Y,S,0,0.7020670272492832,28.099976511187617
62.0,47.7580198,30.239583333333332,1,1,0,0,0,0,0,0,0,2,1,732.4166666666666,13.0,48.3979,4,1,PET,UPPER APEX,LANG_09,Round-Trip,apple,Email,Email,Logged-Out,AREA_C,AREA_B,AREA_C_TO_AREA_B,CA,BE,61_120,mid,30_plus,Y,O,0,0.5804467029902991,28.092401486654197
28.0,48.4959807,9.090277777777779,2,2,0,0,0,0,0,0,0,2,1,221.25,11.0,30.2709591,1,1,PET,EAST APEX,LANG_02,Round-Trip,apple,Direct,Organic Search,Logged-Out,AREA_C,AREA_C,AREA_C_TO_AREA_C,CI,CA,15_30,mid,9_14,Y,O,1,0.9275826266090629,28.078815751953513
41.0,22.0570217,,1,1,0,0,0,0,0,0,0,1,0,4.0,15.0,41.8153573,4,1,PET,GREAT MERIDIAN,LANG_03,One-Way,google,Paid Search,Paid Search,Logged-Out,AREA_C,AREA_C,AREA_C_TO_AREA_C,CI,CA,31_60,low,unknown_or_oneway,Y,U,1,0.671481066544141,28.078220717728332
163.0,58.5199139,10.753472222222221,5,2,0,3,0,1,0,0,0,2,1,260.75,13.0,51.396,1,0,PET,UPPER VERTEX,LANG_11,Round-Trip,microsoft,Organic Search,Organic Search,Logged-Out,AREA_B,AREA_B,AREA_B_TO_AREA_B,BE,BO,120_plus,high,9_14,Y,O,0,0.546273026612408,28.07624847577132
12.0,323.9429918,2.0972222222222223,1,1,0,0,0,0,0,0,0,2,1,64.83333333333333,18.0,91.3345467,2,1,PET,UPPER APEX,LANG_09,Round-Trip,google,Paid Search,Paid Search,Logged-Out,AREA_C,AREA_B,AREA_C_TO_AREA_B,CA,BI,8_14,very_high,3_5,C,D,0,0.3072205589047504,28.05985048448603
57.0,38.6557882,52.829861111111114,1,1,0,0,0,0,0,1,1,2,1,1271.4166666666667,14.0,41.1168,3,1,PET,UPPER APEX,LANG_02,Round-Trip,google,Paid Search,Paid Search,Logged-In,AREA_C,AREA_B,AREA_C_TO_AREA_B,CA,BA,31_60,mid,30_plus,Y,U,0,0.6823090674725542,28.054365465455515
1.0,82.2096152,,2,2,0,0,0,0,0,1,0,1,0,2.75,21.0,36.5279938,5,1,PET,UPPER APEX,LANG_09,One-Way,apple,Direct,Direct,Logged-In,AREA_C,AREA_C,AREA_C_TO_AREA_C,CA,CI,0_3,high,unknown_or_oneway,Y,H,0,0.7679359174579518,28.05115843170137
,75.92945230000001,10.125,3,3,0,0,0,0,0,0,0,2,1,245.16666666666666,14.0,28.1761438,3,1,PET,UPPER VERTEX,LANG_11,Round-Trip,apple,Direct,Direct,Logged-Out,AREA_C,AREA_D,AREA_C_TO_AREA_D,CA,DA,MISSING,high,9_14,Y,V,1,0.995451856259178,28.04799464793553
59.0,46.393027700000005,,1,1,0,0,0,0,0,0,0,1,0,12.333333333333334,12.0,51.396,5,1,PET,UPPER APEX,LANG_02,One-Way,google,Paid Search,Paid Search,Logged-Out,AREA_C,AREA_C,AREA_C_TO_AREA_C,CA,CE,31_60,mid,unknown_or_oneway,Y,O,0,0.5454202297394475,28.032418127688643
8.0,93.2139271,,1,1,0,0,0,0,0,0,0,1,0,16.416666666666668,10.0,51.90996,4,1,PET,LOWER VERTEX,LANG_02,One-Way,apple,MetaSearches,MetaSearches,Logged-Out,AREA_B,AREA_C,AREA_B_TO_AREA_C,BO,CA,8_14,high,unknown_or_oneway,Y,L,0,0.539684420301689,28.01499667048386
26.0,226.8542346,8.319444444444445,2,2,0,0,0,0,0,0,0,4,1,200.66666666666666,10.0,76.2374,2,0,PET,UPPER APEX,LANG_09,Round-Trip,google,Paid Search,Organic Search,Logged-Out,AREA_B,AREA_C,AREA_B_TO_AREA_C,BE,CA,15_30,very_high,9_14,Y,L,0,0.3671658455509489,27.99176943360591
99.0,48.0663958,41.895833333333336,1,1,0,0,0,0,0,1,0,4,1,1007.3333333333334,19.0,30.105207,3,0,PET,LOWER MERIDIAN,LANG_02,Round-Trip,apple,Direct,Direct,Logged-In,AREA_B,AREA_C,AREA_B_TO_AREA_C,BO,CI,61_120,mid,30_plus,Y,L,0,0.9296714869630289,27.98795255701979
37.0,175.3353125,,3,2,0,1,0,1,0,1,0,2,1,-171.75,14.0,50.5355453,4,1,PET,LOWER VERTEX,LANG_02,Round-Trip,apple,Direct,Direct,Logged-In,AREA_B,AREA_C,AREA_B_TO_AREA_C,BU,CA,31_60,very_high,unknown_or_oneway,Y,L,0,0.553517804121067,27.97232406451671
144.0,254.0474299,66.77083333333333,2,2,0,0,0,0,0,0,0,4,1,1608.0833333333333,14.0,40.7480337,5,0,PET,LOWER VERTEX,LANG_02,Round-Trip,google,Direct,MetaSearches,Logged-Out,AREA_C,AREA_D,AREA_C_TO_AREA_D,CU,DA,120_plus,very_high,30_plus,Y,L,0,0.6863544474661522,27.967594155495647
75.0,55.50254040000001,14.854166666666666,1,1,0,0,0,0,0,0,0,2,1,358.9166666666667,22.0,84.2920098,3,0,PET,UPPER APEX,LANG_09,Round-Trip,google,Paid Search,Paid Search,Logged-Out,AREA_B,AREA_B,AREA_B_TO_AREA_B,BA,BE,61_120,high,15_30,Y,K,0,0.3317368075727596,27.962762234943767
59.0,23.1042152,11.85763888888889,2,2,0,0,0,0,0,1,0,2,1,287.0833333333333,14.0,31.3798278,1,0,PET,NORTH HORIZON,LANG_09,Round-Trip,other,Direct,Direct,Logged-In,AREA_B,AREA_B,AREA_B_TO_AREA_B,BA,BE,31_60,low,9_14,Y,O,0,0.8907749815628013,27.95236552998888
10.0,69.5267956,,1,1,0,0,0,0,0,0,0,1,0,14.5,11.0,48.8262,4,1,PET,LOWER VERTEX,LANG_09,One-Way,google,Paid Search,Paid Search,Logged-Out,AREA_B,AREA_C,AREA_B_TO_AREA_C,BU,CA,8_14,high,unknown_or_oneway,Y,L,0,0.5724415155416931,27.950143926141816
233.0,85.0552404,9.20486111111111,2,2,0,0,0,0,0,0,0,2,1,222.75,18.0,53.1092,5,1,PET,UPPER APEX,LANG_09,Round-Trip,opera,Paid Search,Paid Search,Logged-Out,AREA_C,AREA_C,AREA_C_TO_AREA_C,CA,CI,120_plus,high,9_14,Y,S,0,0.5261117999321012,27.94137680495395
122.0,121.3125486,92.78125,1,1,0,0,0,0,0,0,0,2,1,2230.0,13.0,45.0717222,1,1,PET,NORTH MERIDIAN,LANG_09,Round-Trip,google,Paid Search,Paid Search,Logged-Out,AREA_B,AREA_C,AREA_B_TO_AREA_C,BI,CA,120_plus,very_high,30_plus,Y,O,0,0.6197338924357412,27.93247383778841
6.0,64.4244577,,1,1,0,0,0,0,0,0,0,1,0,14.5,13.0,40.2075191,4,1,PET,LOWER VERTEX,LANG_02,One-Way,apple,Direct,Organic Search,Logged-Out,AREA_B,AREA_C,AREA_B_TO_AREA_C,BU,CA,4_7,high,unknown_or_oneway,Y,W,0,0.6946475177748956,27.930053338701704
181.0,281.70961370000003,35.77777777777778,1,1,0,0,0,0,0,0,0,2,1,861.9166666666666,13.0,41.6830126,2,0,PET,LOWER VERTEX,LANG_02,Round-Trip,google,MetaSearches,MetaSearches,Logged-Out,AREA_B,AREA_B,AREA_B_TO_AREA_B,BU,BE,120_plus,very_high,30_plus,C,F,0,0.6699932243309934,27.927336011703424
72.0,197.0642564,27.64236111111111,1,1,0,0,0,0,0,0,0,2,1,669.3333333333334,11.0,76.2374,2,0,PET,UPPER APEX,LANG_09,Round-Trip,google,Direct,Organic Search,Logged-Out,AREA_B,AREA_C,AREA_B_TO_AREA_C,BE,CA,61_120,very_high,15_30,Y,V,0,0.3663121132666424,27.92668310395432
10.0,244.6560958,,1,1,0,0,0,0,0,0,0,1,0,19.833333333333332,23.0,38.1187,4,1,PET,LOWER VERTEX,LANG_02,One-Way,apple,Paid Search,Paid Search,Logged-Out,AREA_C,AREA_B,AREA_C_TO_AREA_B,CA,BU,8_14,very_high,unknown_or_oneway,P,A,0,0.7324771037389366,27.9210749742934
37.0,41.0367079,,1,1,0,0,0,0,0,0,0,1,0,4.0,10.0,40.024635,4,1,PET,UPPER APEX,LANG_02,One-Way,apple,Direct,Direct,Logged-Out,AREA_B,AREA_C,AREA_B_TO_AREA_C,BO,CA,31_60,mid,unknown_or_oneway,Y,L,0,0.696699353232859,27.885137317881256
71.0,126.1039407,,1,1,0,0,0,0,0,1,0,1,0,19.583333333333332,23.0,76.2374,5,1,PET,UPPER APEX,LANG_09,One-Way,google,Paid Search,Paid Search,Logged-In,AREA_C,AREA_B,AREA_C_TO_AREA_B,CA,BU,61_120,very_high,unknown_or_oneway,Y,S,0,0.3657183230006303,27.881414077928248
43.0,135.2310137,,1,1,0,0,0,0,0,0,0,1,0,4.0,23.0,40.024635,4,1,PET,NORTH MERIDIAN,LANG_02,One-Way,apple,Paid Search,Paid Search,Logged-Out,AREA_B,AREA_C,AREA_B_TO_AREA_C,BO,CA,31_60,very_high,unknown_or_oneway,Y,E,0,0.6965579572347218,27.87947799466535
10.0,78.5776312,14.26736111111111,2,2,0,0,0,0,0,1,0,2,1,349.0833333333333,19.0,48.3979,5,1,PET,UPPER APEX,LANG_09,Round-Trip,google,Paid Search,Paid Search,Logged-In,AREA_C,AREA_B,AREA_C_TO_AREA_B,CA,BE,8_14,high,15_30,Y,O,0,0.5756885097912467,27.862114928025782
0.0,49.578294799999995,,1,1,0,0,0,0,0,0,0,1,0,4.833333333333333,13.0,40.024635,3,1,PET,OLD HORIZON,LANG_02,One-Way,apple,Direct,Organic Search,Logged-Out,AREA_B,AREA_C,AREA_B_TO_AREA_C,BO,CA,invalid_or_past,mid,unknown_or_oneway,Y,V,0,0.6959590400285244,27.85550655209208
4.0,62.4123043,,1,1,0,0,0,0,0,0,0,1,0,11.666666666666666,22.0,51.396,5,1,PET,UPPER APEX,LANG_02,One-Way,google,MetaSearches,MetaSearches,Logged-Out,AREA_C,AREA_C,AREA_C_TO_AREA_C,CA,CE,4_7,high,unknown_or_oneway,Y,L,0,0.541938490758372,27.853470671017288
17.0,60.6999609,,2,2,0,0,0,0,0,0,0,2,1,5.083333333333333,14.0,42.2552214,6,0,PET,CENTRAL MERIDIAN,LANG_02,One-Way,apple,MetaSearches,MetaSearches,Logged-Out,AREA_C,AREA_B,AREA_C_TO_AREA_B,CE,BI,15_30,high,unknown_or_oneway,Y,V,0,0.6589193011265836,27.84278095383706
4.0,365.2807946,0.1701388888888889,2,2,0,0,0,0,0,1,0,4,1,7.75,22.0,46.5527836,5,0,PET,UPPER HORIZON,LANG_05,Round-Trip,google,Direct,Organic Search,Logged-In,AREA_C,AREA_B,AREA_C_TO_AREA_B,CI,BI,4_7,very_high,1_2,Y,Y,0,0.5980089191246426,27.838979802879386
6.0,35.0713455,,1,1,0,0,0,0,0,1,0,1,0,0.8333333333333334,17.0,35.89154,4,1,PET,UPPER VERTEX,LANG_10,One-Way,apple,Direct,Direct,Logged-In,AREA_C,AREA_C,AREA_C_TO_AREA_C,CI,CA,4_7,mid,unknown_or_oneway,Y,S,0,0.7756271916369536,27.838454373725384
65.0,63.7318966,31.770833333333332,1,1,0,0,0,0,0,0,0,4,1,766.0,13.0,44.5851734,2,0,PET,LOWER VERTEX,LANG_02,Round-Trip,microsoft,Direct,Direct,Logged-Out,AREA_B,AREA_B,AREA_B_TO_AREA_B,BU,BE,61_120,high,30_plus,Y,W,0,0.6243033958931637,27.834675160105554
4.0,253.7574708,64.04166666666667,3,2,0,0,1,1,0,1,0,4,1,1539.75,21.0,42.2350913,3,0,PET,NEW MERIDIAN,LANG_02,Round-Trip,apple,Direct,Direct,Logged-In,AREA_C,AREA_B,AREA_C_TO_AREA_B,CI,BO,4_7,very_high,30_plus,Y,V,0,0.6589468613056684,27.83068084909334
245.0,151.9291458,20.819444444444443,2,2,0,0,0,0,0,0,0,2,1,503.0,16.0,30.2491158,1,1,PET,LOWER APEX,LANG_02,Round-Trip,google,Direct,Paid Search,Logged-Out,AREA_B,AREA_C,AREA_B_TO_AREA_C,BO,CA,120_plus,very_high,15_30,C,F,0,0.9200452233936652,27.83055450367185
29.0,16.6972755,,2,1,0,1,0,1,0,1,0,4,1,,10.0,55.5350912,4,0,PET,NORTH HORIZON,LANG_09,Round-Trip,google,Direct,Direct,Logged-In,AREA_B,AREA_B,AREA_B_TO_AREA_B,BA,BE,15_30,very_low,unknown_or_oneway,Y,O,0,0.5007706903810525,27.81034596059871
11.0,45.8884903,,1,1,0,0,0,0,0,0,0,1,0,4.0,13.0,40.024635,4,1,PET,UPPER MERIDIAN,LANG_02,One-Way,google,Organic Search,Organic Search,Logged-Out,AREA_B,AREA_C,AREA_B_TO_AREA_C,BO,CA,8_14,mid,unknown_or_oneway,Y,W,0,0.6943927139532443,27.792814922638012
0.0,240.93802350000004,,2,2,0,0,0,0,0,0,0,1,0,14.166666666666666,21.0,50.3676517,4,1,PET,LOWER VERTEX,LANG_02,One-Way,microsoft,Direct,Direct,Logged-Out,AREA_B,AREA_C,AREA_B_TO_AREA_C,BU,CA,invalid_or_past,very_high,unknown_or_oneway,Y,K,0,0.5516532953611376,27.78548103990701
44.0,65.9286473,56.03472222222222,1,1,0,0,0,0,0,1,0,2,1,1359.4166666666667,14.0,76.2374,5,1,PET,UPPER APEX,LANG_02,Round-Trip,google,Internal,MetaSearches,Logged-In,AREA_C,AREA_B,AREA_C_TO_AREA_B,CA,BU,31_60,high,30_plus,Y,O,0,0.36441733705377466,27.78223029190344
14.0,81.2883419,,1,1,0,0,0,0,0,0,0,1,0,10.083333333333334,16.0,52.9730006,5,1,PET,UPPER APEX,LANG_02,One-Way,google,Paid Search,Paid Search,Logged-Out,AREA_C,AREA_C,AREA_C_TO_AREA_C,CA,CE,8_14,high,unknown_or_oneway,Y,Q,0,0.524346645036094,27.77621514210499
50.0,91.9697156,,1,1,0,0,0,0,0,0,0,4,1,-291.9166666666667,23.0,44.5851734,4,0,PET,UPPER VERTEX,LANG_11,Round-Trip,google,Direct,Paid Search,Logged-Out,AREA_B,AREA_B,AREA_B_TO_AREA_B,BU,BE,31_60,high,unknown_or_oneway,Y,U,0,0.6228456922985081,27.769683192572028
79.0,227.34249660000003,26.36111111111111,2,2,0,0,0,0,0,0,0,2,1,647.8333333333334,21.0,57.0898202,5,1,PET,UPPER VERTEX,LANG_11,Round-Trip,apple,Direct,Direct,Logged-Out,AREA_C,AREA_B,AREA_C_TO_AREA_B,CA,BO,61_120,very_high,15_30,Y,O,0,0.4863208863736365,27.76397196257554
56.0,85.2920903,,1,1,0,0,0,0,0,0,0,1,0,14.666666666666666,11.0,40.5818533,4,1,PET,LOWER VERTEX,LANG_02,One-Way,apple,Direct,Direct,Logged-Out,AREA_C,AREA_C,AREA_C_TO_AREA_C,CA,CA,31_60,high,unknown_or_oneway,Y,S,0,0.683930127237523,27.75515209100349
3.0,42.684378,,1,1,0,0,0,0,0,1,0,1,0,1.5,15.0,43.6977358,3,1,PET,UPPER VERTEX,LANG_11,One-Way,apple,Direct,Direct,Logged-In,AREA_B,AREA_C,AREA_B_TO_AREA_C,BI,CA,0_3,mid,unknown_or_oneway,Y,T,0,0.6350268140737483,27.749233947310373
2.0,694.8499352,30.239583333333332,2,2,0,0,0,0,0,0,0,2,1,740.25,10.0,76.2374,4,1,PET,LOWER VERTEX,LANG_02,Round-Trip,google,Paid Search,Paid Search,Logged-Out,AREA_C,AREA_B,AREA_C_TO_AREA_B,CA,BU,0_3,very_high,30_plus,C,F,0,0.36395047765469296,27.746638145151888
15.0,49.385988100000006,,1,1,0,0,0,0,0,1,0,1,0,14.5,14.0,40.5818533,4,1,PET,LOWER VERTEX,LANG_02,One-Way,apple,Direct,Direct,Logged-In,AREA_C,AREA_C,AREA_C_TO_AREA_C,CA,CA,15_30,mid,unknown_or_oneway,Y,W,0,0.6837188042379797,27.74657621203711
70.0,156.869158,14.003472222222221,2,2,0,0,0,0,0,1,0,4,1,338.8333333333333,13.0,43.4840141,2,0,PET,NORTH MERIDIAN,LANG_02,Round-Trip,apple,Internal,Internal,Logged-In,AREA_C,AREA_B,AREA_C_TO_AREA_B,CI,BI,61_120,very_high,15_30,Y,L,0,0.6380222712367598,27.74376943857329
7.0,32.1083661,15.965277777777779,1,1,0,0,0,0,0,0,0,2,1,384.5,11.0,51.396,5,1,PET,LOWER MERIDIAN,LANG_09,Round-Trip,google,Direct,Email,Logged-Out,AREA_C,AREA_B,AREA_C_TO_AREA_B,CA,BA,4_7,low,15_30,Y,S,0,0.5397575099726263,27.7413769825531
2.0,59.1602224,9.274305555555555,1,1,0,0,0,0,0,0,0,2,1,224.66666666666666,14.0,52.76656,2,1,PET,UPPER APEX,LANG_02,Round-Trip,apple,Direct,Direct,Logged-Out,AREA_B,AREA_C,AREA_B_TO_AREA_C,BI,CA,0_3,high,9_14,Y,T,0,0.5251017719550847,27.70781415597429
25.0,81.87211479999999,,2,2,0,0,0,0,0,1,0,1,0,4.0,19.0,40.024635,4,1,PET,UPPER APEX,LANG_09,One-Way,google,Direct,Referrals,Logged-In,AREA_B,AREA_C,AREA_B_TO_AREA_C,BO,CA,15_30,high,unknown_or_oneway,Y,L,0,0.6921386483399222,27.702596769198745
60.0,78.7682247,5.854166666666667,2,2,0,0,0,0,0,0,0,2,1,142.91666666666666,11.0,55.5350912,4,0,PET,NORTH HORIZON,LANG_04,Round-Trip,microsoft,Organic Search,Paid Search,Logged-Out,AREA_B,AREA_B,AREA_B_TO_AREA_B,BA,BE,31_60,high,6_8,Y,O,0,0.4985930076044275,27.689408148994172
61.0,133.6822809,9.79861111111111,2,2,0,0,0,0,0,1,0,4,1,239.08333333333334,20.0,29.5154379,3,0,PET,GREAT MERIDIAN,LANG_02,Round-Trip,apple,Direct,Direct,Logged-In,AREA_B,AREA_C,AREA_B_TO_AREA_C,BA,CE,61_120,very_high,9_14,Y,Q,0,0.937580998659478,27.673113742153802
89.0,73.1827644,44.236111111111114,1,1,0,0,0,0,0,1,0,2,1,1076.0833333333333,9.0,91.3345467,4,1,PET,NORTH MERIDIAN,LANG_02,Round-Trip,google,Paid Search,Paid Search,Logged-In,AREA_C,AREA_B,AREA_C_TO_AREA_B,CA,BI,61_120,high,30_plus,Y,O,0,0.30294796058143414,27.669614653394756
98.0,21.4758186,,1,1,0,0,0,0,0,0,0,1,0,3.9166666666666665,12.0,41.8003668,5,1,PET,GREAT MERIDIAN,LANG_02,One-Way,google,Paid Search,Paid Search,Logged-Out,AREA_C,AREA_B,AREA_C_TO_AREA_B,CA,BA,61_120,low,unknown_or_oneway,Y,L,0,0.6617983861731147,27.66341528968424
130.0,186.3777431,45.322916666666664,2,1,0,1,0,1,0,0,0,2,1,1104.0,9.0,50.1762016,5,1,PET,LOWER VERTEX,LANG_02,Round-Trip,apple,Direct,Direct,Logged-Out,AREA_C,AREA_B,AREA_C_TO_AREA_B,CA,BO,120_plus,very_high,30_plus,Y,O,0,0.5511470019813643,27.654463082652537
107.0,271.9739264,149.85069444444446,2,2,0,0,0,0,0,0,0,4,1,3599.25,20.0,43.4840141,2,0,PET,NORTH MERIDIAN,LANG_02,Round-Trip,google,Direct,Direct,Logged-Out,AREA_C,AREA_B,AREA_C_TO_AREA_B,CI,BI,61_120,very_high,30_plus,Y,S,0,0.6358259664666507,27.648265290981968
41.0,122.7888987,,1,1,0,0,0,0,0,0,0,1,0,15.166666666666666,7.0,51.90996,4,1,PET,UPPER APEX,LANG_02,One-Way,google,MetaSearches,MetaSearches,Logged-Out,AREA_B,AREA_C,AREA_B_TO_AREA_C,BO,CA,31_60,very_high,unknown_or_oneway,Y,S,0,0.5326073027742899,27.64762378272128
21.0,88.0824648,,1,1,0,0,0,0,0,0,0,1,0,14.5,12.0,42.500209,4,1,PET,LOWER VERTEX,LANG_02,One-Way,google,Organic Search,Organic Search,Logged-Out,AREA_B,AREA_C,AREA_B_TO_AREA_C,BU,CA,15_30,high,unknown_or_oneway,Y,S,0,0.6504019746054895,27.642219854745996
108.0,149.6548728,70.02083333333333,2,2,0,0,0,0,0,1,0,2,1,1696.5833333333333,14.0,74.0959,3,1,PET,LOWER VERTEX,LANG_02,Round-Trip,apple,Direct,Direct,Logged-In,AREA_C,AREA_B,AREA_C_TO_AREA_B,CA,BU,61_120,very_high,30_plus,Y,O,0,0.3729993915081676,27.637725613250034
239.0,242.8015568,87.00694444444444,2,2,0,0,0,0,0,1,0,4,1,2089.0833333333335,8.0,42.83,3,0,PET,LOWER VERTEX,LANG_02,Round-Trip,google,Paid Search,Paid Search,Logged-In,AREA_C,AREA_B,AREA_C_TO_AREA_B,CU,BU,120_plus,very_high,30_plus,Y,L,0,0.645077359233099,27.628663295953626
58.0,104.13172240000002,44.020833333333336,1,1,0,0,0,0,0,0,0,2,1,1059.8333333333333,5.0,50.4417476,1,1,PET,LOWER VERTEX,LANG_02,Round-Trip,apple,Direct,Direct,Logged-Out,AREA_D,AREA_C,AREA_D_TO_AREA_C,DA,CA,31_60,very_high,30_plus,Y,U,0,0.5477139318092773,27.627647905327176
63.0,70.5718476,7.163194444444445,3,2,1,0,0,0,1,0,0,2,1,174.91666666666666,20.0,53.1092,4,1,PET,UPPER APEX,LANG_09,Round-Trip,google,Direct,Direct,Logged-Out,AREA_C,AREA_C,AREA_C_TO_AREA_C,CA,CI,61_120,high,6_8,Y,O,0,0.5199833591712201,27.61590021889616
47.0,77.5604187,4.840277777777778,2,2,0,0,0,0,0,0,0,2,1,119.58333333333333,15.0,48.3979,1,1,PET,LOWER APEX,LANG_02,Round-Trip,google,Paid Search,Paid Search,Logged-Out,AREA_B,AREA_C,AREA_B_TO_AREA_C,BO,CA,31_60,high,3_5,Y,U,0,0.5705207276971236,27.61200512701262
11.0,45.7818436,,1,1,0,0,0,0,0,0,0,1,0,4.0,18.0,40.024635,4,1,PET,UPPER APEX,LANG_02,One-Way,apple,Direct,Direct,Logged-Out,AREA_B,AREA_C,AREA_B_TO_AREA_C,BO,CA,8_14,mid,unknown_or_oneway,Y,W,0,0.6898355631407881,27.6104166247295
7.0,37.4779632,,1,1,0,0,0,0,0,1,1,1,0,4.833333333333333,16.0,40.024635,4,1,PET,UPPER APEX,LANG_02,One-Way,apple,Direct,Direct,Logged-In,AREA_B,AREA_C,AREA_B_TO_AREA_C,BO,CA,4_7,mid,unknown_or_oneway,Y,U,0,0.6898171606604068,27.60968007216914
14.0,46.2148549,,1,1,0,0,0,0,0,1,0,1,0,12.333333333333334,9.0,51.396,5,1,PET,UPPER APEX,LANG_02,One-Way,google,Paid Search,Organic Search,Logged-In,AREA_C,AREA_C,AREA_C_TO_AREA_C,CA,CE,8_14,mid,unknown_or_oneway,Y,O,0,0.5369808542401907,27.59866798452884
12.0,126.87059769999998,,1,1,0,0,0,0,0,0,0,2,1,6.083333333333333,20.0,39.1457634,4,0,PET,NORTH MERIDIAN,LANG_02,One-Way,microsoft,Organic Search,Organic Search,Logged-Out,AREA_C,AREA_B,AREA_C_TO_AREA_B,CU,BI,8_14,very_high,unknown_or_oneway,Y,H,0,0.7049848573136402,27.597170424982522
8.0,88.319743,,2,1,0,1,0,1,0,1,0,1,0,5.416666666666667,17.0,38.1187,4,1,PET,UPPER APEX,LANG_02,One-Way,google,Paid Search,Paid Search,Logged-In,AREA_C,AREA_C,AREA_C_TO_AREA_C,CE,CA,8_14,high,unknown_or_oneway,Y,V,0,0.7239599949271855,27.596413858630907
9.0,55.1513344,,1,1,0,0,0,0,0,0,0,1,0,14.5,10.0,48.8262,3,1,PET,LOWER VERTEX,LANG_02,One-Way,google,Paid Search,Paid Search,Logged-Out,AREA_B,AREA_C,AREA_B_TO_AREA_C,BU,CA,8_14,high,unknown_or_oneway,Y,L,0,0.5650091728632185,27.587250876054078
2.0,84.9828577,,1,1,0,0,0,0,0,1,0,1,0,4.0,13.0,40.024635,4,1,PET,UPPER VERTEX,LANG_10,One-Way,google,Internal,Internal,Logged-In,AREA_B,AREA_C,AREA_B_TO_AREA_C,BO,CA,0_3,high,unknown_or_oneway,Y,Q,0,0.6891979219683702,27.5848952695425
158.0,180.2166476,35.78125,2,2,0,0,0,0,0,1,0,4,1,862.0,15.0,46.4996744,5,0,PET,NORTH MERIDIAN,LANG_02,Round-Trip,google,Paid Search,Paid Search,Logged-In,AREA_B,AREA_B,AREA_B_TO_AREA_B,BI,BE,120_plus,very_high,30_plus,Y,O,0,0.5930290064578895,27.57565571004736
73.0,46.2589698,,1,1,0,0,0,0,0,0,0,1,0,12.333333333333334,21.0,51.396,5,1,PET,UPPER APEX,LANG_02,One-Way,apple,Direct,Direct,Logged-Out,AREA_C,AREA_C,AREA_C_TO_AREA_C,CA,CE,61_120,mid,unknown_or_oneway,Y,O,0,0.5364159759506436,27.56963549995928
19.0,73.8748972,12.590277777777779,3,1,1,1,0,1,1,1,1,5,1,303.0833333333333,13.0,58.42012,3,0,PET,UPPER APEX,LANG_09,Round-Trip,google,Email,Paid Search,Logged-In,AREA_B,AREA_B,AREA_B_TO_AREA_B,BE,BA,15_30,high,9_14,Y,W,0,0.47176789564377614,27.560737075656878
40.0,41.0632625,,1,1,0,0,0,0,0,0,0,1,0,4.0,12.0,40.024635,4,1,PET,UPPER APEX,LANG_02,One-Way,apple,Direct,Direct,Logged-Out,AREA_B,AREA_C,AREA_B_TO_AREA_C,BO,CA,31_60,mid,unknown_or_oneway,Y,W,0,0.6883193963699485,27.549732603127516
6.0,95.4762077,,1,1,0,0,0,0,0,0,0,1,0,15.916666666666666,10.0,39.7299646,3,1,PET,LOWER VERTEX,LANG_02,One-Way,apple,Paid Search,Organic Search,Logged-Out,AREA_B,AREA_C,AREA_B_TO_AREA_C,BU,CA,4_7,high,unknown_or_oneway,Y,V,0,0.6931539128303863,27.538980419102735
24.0,47.1322735,21.21875,3,2,0,1,0,1,0,1,0,3,1,512.0833333333334,15.0,28.8100278,4,0,PET,GREAT MERIDIAN,LANG_02,Round-Trip,microsoft,Organic Search,Organic Search,Logged-In,AREA_B,AREA_B,AREA_B_TO_AREA_B,BO,BE,15_30,mid,15_30,Y,O,1,0.9556381634259656,27.531962055043014
53.0,353.92741820000003,17.65625,1,1,0,0,0,0,0,0,0,2,1,429.0,10.0,49.5495987,1,1,PET,LOWER VERTEX,LANG_02,Round-Trip,google,Paid Search,Paid Search,Logged-Out,AREA_B,AREA_C,AREA_B_TO_AREA_C,BO,CA,31_60,very_high,15_30,P,A,0,0.5555885513325138,27.52918976084041
49.0,28.7128037,13.875,1,1,0,0,0,0,0,0,0,2,1,335.25,13.0,30.1454672,3,1,PET,NORTH ZENITH,LANG_09,Round-Trip,apple,Organic Search,MetaSearches,Logged-Out,AREA_C,AREA_C,AREA_C_TO_AREA_C,CI,CA,31_60,low,9_14,Y,O,1,0.9129735819045495,27.522015167770107
35.0,86.47377,14.777777777777779,2,2,0,0,0,0,0,1,1,2,1,357.8333333333333,21.0,48.3979,5,1,PET,UPPER APEX,LANG_02,Round-Trip,google,Direct,Direct,Logged-In,AREA_C,AREA_B,AREA_C_TO_AREA_B,CA,BU,31_60,high,15_30,Y,U,0,0.5686117889169833,27.519616498825265
44.0,82.7368525,67.78125,1,1,0,0,0,0,0,0,0,4,1,1631.0,13.0,50.059704,3,0,PET,LOWER VERTEX,LANG_09,Round-Trip,google,Paid Search,Paid Search,Logged-Out,AREA_B,AREA_B,AREA_B_TO_AREA_B,BU,BE,31_60,high,30_plus,Y,O,0,0.5494571121091928,27.50566039288101
80.0,72.0730391,,2,2,0,0,0,0,0,0,0,2,1,5.416666666666667,20.0,42.2552214,6,0,PET,CENTRAL MERIDIAN,LANG_02,One-Way,google,Direct,MetaSearches,Logged-Out,AREA_C,AREA_B,AREA_C_TO_AREA_B,CE,BI,61_120,high,unknown_or_oneway,Y,W,0,0.6508755016394078,27.50288842560924
6.0,84.9764332,29.59722222222222,2,2,0,0,0,0,0,0,0,2,1,715.4166666666666,22.0,45.3998,2,1,PET,UPPER APEX,LANG_02,Round-Trip,apple,Direct,Direct,Logged-Out,AREA_B,AREA_C,AREA_B_TO_AREA_C,BU,CA,4_7,high,15_30,Y,O,0,0.605762289369089,27.50148678489877
123.0,75.2343214,,2,2,0,0,0,0,0,0,0,1,0,4.0,21.0,40.024635,4,1,PET,UPPER MERIDIAN,LANG_02,One-Way,apple,Direct,Direct,Logged-Out,AREA_B,AREA_C,AREA_B_TO_AREA_C,BO,CA,120_plus,high,unknown_or_oneway,Y,U,0,0.6868919578075299,27.492599895681785
128.0,254.9939729,42.31597222222222,2,1,1,0,0,0,1,1,0,2,1,1034.9166666666667,3.0,38.1187,2,0,PET,EAST ZENITH,LANG_08,Round-Trip,apple,Direct,Direct,Logged-In,AREA_C,AREA_B,AREA_C_TO_AREA_B,CA,BE,120_plus,very_high,30_plus,P,R,0,0.7209704563135978,27.482456533081137
13.0,93.9103429,,1,1,0,0,0,0,0,0,0,1,0,16.166666666666668,14.0,50.218175,4,1,PET,LOWER VERTEX,LANG_02,One-Way,mozilla,Organic Search,Organic Search,Logged-Out,AREA_B,AREA_C,AREA_B_TO_AREA_C,BU,CA,8_14,high,unknown_or_oneway,Y,V,0,0.5470747590361219,27.473095987358803
28.0,329.96917279999997,22.010416666666668,1,1,0,0,0,0,0,0,0,2,1,534.9166666666666,2.0,126.4547184,4,1,PET,UPPER APEX,LANG_02,Round-Trip,google,MetaSearches,MetaSearches,Logged-Out,AREA_C,AREA_B,AREA_C_TO_AREA_B,CA,BU,15_30,very_high,15_30,Y,E,0,0.21718287386802257,27.463799156283514
62.0,52.212339799999995,30.239583333333332,1,1,0,0,0,0,0,0,0,2,1,732.4166666666666,14.0,48.3979,4,1,PET,UPPER APEX,LANG_09,Round-Trip,apple,Email,Email,Logged-Out,AREA_C,AREA_B,AREA_C_TO_AREA_B,CA,BE,61_120,mid,30_plus,Y,O,0,0.5671468298606991,27.44871555691513
73.0,35.3296104,,1,1,0,0,0,0,0,0,0,1,0,4.833333333333333,9.0,47.4761984,5,1,PET,NEW HORIZON,LANG_02,One-Way,google,Paid Search,Paid Search,Logged-Out,AREA_C,AREA_C,AREA_C_TO_AREA_C,CA,CE,61_120,mid,unknown_or_oneway,Y,U,0,0.5780911299679437,27.44556917963828
35.0,120.6619609,35.0,1,1,0,0,0,0,0,0,0,4,1,842.8333333333334,15.0,43.4840141,2,0,PET,NORTH MERIDIAN,LANG_02,Round-Trip,google,Direct,Direct,Logged-Out,AREA_C,AREA_B,AREA_C_TO_AREA_B,CI,BI,31_60,very_high,30_plus,Y,Q,0,0.6310363436226512,27.439993263699808
28.0,62.9403982,13.864583333333334,1,1,0,0,0,0,0,1,0,2,1,335.0,21.0,55.3380732,2,1,PET,CENTRAL APEX,LANG_09,Round-Trip,samsung,Organic Search,Organic Search,Logged-In,AREA_C,AREA_C,AREA_C_TO_AREA_C,CU,CA,15_30,high,9_14,Y,T,1,0.49579072265696894,27.436103302272244
101.0,553.0333807000001,90.59027777777777,1,1,0,0,0,0,0,0,0,2,1,2177.3333333333335,20.0,53.8668627,3,1,PET,LOWER VERTEX,LANG_02,Round-Trip,apple,Direct,Direct,Logged-Out,AREA_B,AREA_C,AREA_B_TO_AREA_C,BU,CA,61_120,very_high,30_plus,P,R,0,0.5092871029806401,27.4336984511389
16.0,194.0237547,20.22222222222222,2,2,0,0,0,0,0,1,0,2,1,499.9166666666667,9.0,90.2783589,2,1,PET,NORTH MERIDIAN,LANG_02,Round-Trip,google,Direct,Direct,Logged-In,AREA_C,AREA_B,AREA_C_TO_AREA_B,CA,BI,15_30,very_high,15_30,Y,L,0,0.3038783326006495,27.433637172455008
13.0,74.3991364,,1,1,0,0,0,0,0,0,0,1,0,14.5,9.0,42.500209,4,1,PET,LOWER VERTEX,LANG_02,One-Way,apple,Direct,Organic Search,Logged-Out,AREA_B,AREA_C,AREA_B_TO_AREA_C,BU,CA,8_14,high,unknown_or_oneway,Y,S,0,0.6454630464689054,27.43231437670519
19.0,33.5268957,8.878472222222221,1,1,0,0,0,0,0,0,0,2,1,215.16666666666666,9.0,59.8660608,3,1,PET,CENTRAL APEX,LANG_09,Round-Trip,google,Organic Search,Organic Search,Logged-Out,AREA_C,AREA_C,AREA_C_TO_AREA_C,CU,CA,15_30,low,9_14,Y,U,0,0.45810622808348667,27.42501530330468
47.0,71.6897106,15.802083333333334,3,1,0,2,0,1,0,0,0,4,1,383.0833333333333,12.0,29.5090134,4,0,PET,GREAT MERIDIAN,LANG_09,Round-Trip,google,Direct,Paid Search,Logged-Out,AREA_B,AREA_B,AREA_B_TO_AREA_B,BA,BE,31_60,high,15_30,Y,O,0,0.9289172144816176,27.411430529628728
9.0,19.2208191,,1,1,0,0,0,0,0,1,0,1,0,4.5,,45.3998,5,1,PET,UPPER APEX,LANG_02,One-Way,apple,Direct,Direct,Logged-In,AREA_C,AREA_B,AREA_C_TO_AREA_B,CA,BO,8_14,very_low,unknown_or_oneway,Y,O,0,0.6036982066586856,27.40777784266299
14.0,77.7488707,55.96180555555556,2,2,0,0,0,0,0,0,0,2,1,1346.8333333333333,12.0,39.9321222,3,1,PET,LOWER VERTEX,LANG_02,Round-Trip,apple,Direct,Direct,Logged-Out,AREA_B,AREA_C,AREA_B_TO_AREA_C,BU,CA,8_14,high,30_plus,Y,U,0,0.6861249013378967,27.398423404687836
12.0,51.1578652,8.395833333333334,2,1,1,0,0,0,1,0,0,4,1,203.83333333333334,15.0,31.4774802,5,0,PET,OLD ZENITH,LANG_02,Round-Trip,apple,Paid Search,Organic Search,Logged-Out,AREA_B,AREA_C,AREA_B_TO_AREA_C,BU,CI,8_14,mid,9_14,Y,V,0,0.8697055564931275,27.376139434342402
38.0,167.5025621,83.65625,1,1,0,0,0,0,0,1,0,2,1,2013.6666666666667,18.0,76.2374,2,0,PET,UPPER APEX,LANG_09,Round-Trip,google,Internal,Paid Search,Logged-In,AREA_B,AREA_C,AREA_B_TO_AREA_C,BE,CA,31_60,very_high,30_plus,Y,W,0,0.35908584713599934,27.375771362446034
,25.127076100000004,3.486111111111111,1,1,0,0,0,0,0,0,0,4,1,85.91666666666667,17.0,27.4257622,2,0,PET,NORTH ZENITH,LANG_09,Round-Trip,apple,Direct,Direct,Logged-Out,AREA_C,AREA_B,AREA_C_TO_AREA_B,CI,BE,MISSING,low,3_5,Y,V,1,0.9981219633238287,27.37425561271645
21.0,45.0794316,,2,2,0,0,0,0,0,0,0,1,0,4.5,13.0,29.1535244,5,1,PET,UPPER VERTEX,LANG_02,One-Way,google,Organic Search,Organic Search,Logged-Out,AREA_C,AREA_B,AREA_C_TO_AREA_B,CA,BO,15_30,mid,unknown_or_oneway,Y,O,1,0.9388812164573602,27.37169645269133
142.0,54.441213,10.663194444444445,2,2,0,0,0,0,0,1,1,3,1,256.8333333333333,12.0,51.396,1,0,PET,UPPER APEX,LANG_09,Round-Trip,google,Email,Email,Logged-In,AREA_B,AREA_B,AREA_B_TO_AREA_B,BE,BO,120_plus,high,9_14,Y,U,0,0.5321979017080022,27.35284335618448
221.0,269.94378439999997,,2,2,0,0,0,0,0,1,0,1,0,14.666666666666666,19.0,49.888384,4,1,PET,LOWER VERTEX,LANG_02,One-Way,apple,Direct,Direct,Logged-In,AREA_B,AREA_C,AREA_B_TO_AREA_C,BU,CA,120_plus,very_high,unknown_or_oneway,Y,S,0,0.5480755781461994,27.34260490357961
81.0,73.56266649999999,,1,1,0,0,0,0,0,0,0,1,0,14.166666666666666,9.0,40.4824877,4,1,PET,LOWER VERTEX,LANG_02,One-Way,apple,Organic Search,Organic Search,Logged-Out,AREA_B,AREA_C,AREA_B_TO_AREA_C,BU,CA,61_120,high,unknown_or_oneway,Y,S,0,0.6753968270626657,27.34174374418339
47.0,87.266125,,1,1,0,0,0,0,0,0,0,1,0,14.166666666666666,9.0,50.3676517,4,1,PET,LOWER VERTEX,LANG_02,One-Way,microsoft,Paid Search,Organic Search,Logged-Out,AREA_B,AREA_C,AREA_B_TO_AREA_C,BU,CA,31_60,high,unknown_or_oneway,Y,S,0,0.5427230464898756,27.335685375164964
45.0,83.6037317,62.329861111111114,1,1,0,0,0,0,0,1,0,2,1,1508.25,14.0,38.1187,2,1,PET,UPPER APEX,LANG_02,Round-Trip,microsoft,Paid Search,Organic Search,Logged-In,AREA_C,AREA_C,AREA_C_TO_AREA_C,CE,CA,31_60,high,30_plus,Y,V,0,0.7167749306359399,27.3225285484322
35.0,98.3072707,7.802083333333333,2,2,0,0,0,0,0,1,0,4,1,191.08333333333334,15.0,30.4803978,5,0,PET,GREAT MERIDIAN,LANG_03,Round-Trip,google,Direct,Paid Search,Logged-In,AREA_B,AREA_C,AREA_B_TO_AREA_C,BA,CU,31_60,high,6_8,Y,Q,0,0.8961972879214363,27.316449843126513
108.0,354.7274826,,2,2,0,0,0,0,0,0,0,2,1,470.75,15.0,76.2374,2,1,PET,UPPER APEX,LANG_09,Multi-City,google,Organic Search,Paid Search,Logged-Out,AREA_C,AREA_C,AREA_C_TO_AREA_C,CA,CA,61_120,very_high,unknown_or_oneway,Y,L,0,0.3581732505305213,27.306197369995562
2.0,76.8400181,,1,1,0,0,0,0,0,0,0,1,0,9.166666666666666,21.0,52.9730006,5,1,PET,UPPER APEX,LANG_09,One-Way,apple,Paid Search,Paid Search,Logged-Out,AREA_C,AREA_C,AREA_C_TO_AREA_C,CA,CE,0_3,high,unknown_or_oneway,Y,Q,0,0.5154389062924636,27.304345492294015
,56.9236398,3.1458333333333335,1,1,0,0,0,0,0,1,1,2,1,77.83333333333333,14.0,29.21006,2,0,PET,UPPER APEX,LANG_02,Round-Trip,microsoft,Direct,MetaSearches,Logged-In,AREA_B,AREA_B,AREA_B_TO_AREA_B,BE,BA,MISSING,high,3_5,Y,V,1,0.9347400996778058,27.303814395994685
94.0,82.4755895,30.65625,1,1,0,0,0,0,0,0,0,2,1,739.0,16.0,52.9704308,4,1,PET,NORTH MERIDIAN,LANG_09,Round-Trip,google,Direct,Email,Logged-Out,AREA_B,AREA_C,AREA_B_TO_AREA_C,BI,CA,61_120,high,30_plus,Y,O,0,0.5153625278940517,27.298975120724936
66.0,39.947112700000005,,1,1,0,0,0,0,0,1,0,1,0,5.083333333333333,16.0,51.396,5,1,PET,UPPER APEX,LANG_09,One-Way,apple,Direct,Direct,Logged-In,AREA_C,AREA_B,AREA_C_TO_AREA_B,CA,BU,61_120,mid,unknown_or_oneway,Y,L,0,0.5307847661114888,27.280213839066082
0.0,39.0768071,,1,1,0,0,0,0,0,1,0,1,0,2.75,11.0,36.5279938,4,1,PET,NORTH HORIZON,LANG_02,One-Way,apple,Direct,Direct,Logged-In,AREA_C,AREA_C,AREA_C_TO_AREA_C,CA,CI,invalid_or_past,mid,unknown_or_oneway,Y,K,0,0.7468087109163639,27.27942396213893
105.0,39.9565353,11.38888888888889,2,2,0,0,0,0,0,0,0,4,1,275.75,20.0,30.6932629,5,0,PET,NORTH HORIZON,LANG_09,Round-Trip,google,Direct,Direct,Logged-Out,AREA_C,AREA_C,AREA_C_TO_AREA_C,CE,CU,61_120,mid,9_14,Y,W,0,0.8886351749170092,27.275113045915248
40.0,63.619682000000005,,1,1,0,0,0,0,0,0,0,1,0,14.166666666666666,15.0,50.3676517,4,1,PET,LOWER VERTEX,LANG_02,One-Way,google,Paid Search,Paid Search,Logged-Out,AREA_B,AREA_C,AREA_B_TO_AREA_C,BU,CA,31_60,high,unknown_or_oneway,Y,W,0,0.5414194429754323,27.270025927394588
125.0,123.8536525,9.878472222222221,3,2,0,0,1,1,0,1,0,2,1,239.16666666666666,17.0,52.76656,2,1,PET,SOUTH MERIDIAN,LANG_02,Round-Trip,samsung,Direct,Direct,Logged-In,AREA_B,AREA_C,AREA_B_TO_AREA_C,BI,CA,120_plus,very_high,9_14,Y,V,0,0.516640060416918,27.261318746392927
70.0,56.2006694,14.496527777777779,1,1,0,0,0,0,0,1,1,4,1,349.75,22.0,30.3570474,5,0,PET,LOWER MERIDIAN,LANG_02,Round-Trip,google,Direct,Direct,Logged-In,AREA_B,AREA_C,AREA_B_TO_AREA_C,BO,CI,61_120,high,15_30,Y,Q,0,0.8979429494553376,27.258896679111487
29.0,293.7761096,12.097222222222221,2,1,1,0,0,0,1,1,0,2,1,304.75,10.0,90.2783589,2,1,PET,UPPER VERTEX,LANG_11,Round-Trip,google,MetaSearches,Organic Search,Logged-In,AREA_C,AREA_B,AREA_C_TO_AREA_B,CA,BI,15_30,very_high,9_14,Y,T,0,0.3019173487799167,27.2566027712898
13.0,226.93689649999996,,1,1,0,0,0,0,0,0,0,1,0,16.083333333333332,21.0,34.5719477,4,0,PET,LOWER VERTEX,LANG_02,One-Way,apple,Direct,Organic Search,Logged-Out,AREA_B,AREA_B,AREA_B_TO_AREA_B,BU,BE,8_14,very_high,unknown_or_oneway,P,A,0,0.7883071296931684,27.253312859289338
54.0,30.4666922,,1,1,0,0,0,0,0,1,1,2,1,157.41666666666666,23.0,56.19296,4,1,PET,UPPER APEX,LANG_09,One-Way,apple,Direct,Direct,Logged-In,AREA_C,AREA_B,AREA_C_TO_AREA_B,CA,BE,31_60,low,unknown_or_oneway,Y,O,0,0.484917807706408,27.24896697173388
2.0,116.6093863,,2,2,0,0,0,0,0,0,0,1,0,4.833333333333333,8.0,40.024635,3,1,PET,UPPER APEX,LANG_09,One-Way,microsoft,Direct,Direct,Logged-Out,AREA_B,AREA_C,AREA_B_TO_AREA_C,BO,CA,0_3,very_high,unknown_or_oneway,P,R,0,0.6807382778058985,27.24630109970969
20.0,18.6344764,25.524305555555557,1,1,0,0,0,0,0,0,0,4,1,613.5,12.0,51.396,3,0,PET,UPPER APEX,LANG_02,Round-Trip,google,Direct,Paid Search,Logged-Out,AREA_C,AREA_B,AREA_C_TO_AREA_B,CA,BA,15_30,very_low,15_30,Y,U,0,0.530096795007126,27.24485487618625
57.0,117.7379568,,3,2,0,1,0,1,0,1,0,1,0,4.083333333333333,15.0,38.1187,4,1,PET,UPPER APEX,LANG_02,One-Way,google,MetaSearches,Organic Search,Logged-In,AREA_C,AREA_C,AREA_C_TO_AREA_C,CE,CA,31_60,very_high,unknown_or_oneway,Y,L,0,0.7146265751101737,27.240636028652176
3.0,115.2165547,,1,1,0,0,0,0,0,1,0,1,0,13.416666666666666,19.0,38.1187,4,1,PET,UPPER VERTEX,LANG_02,One-Way,google,Paid Search,Paid Search,Logged-In,AREA_B,AREA_C,AREA_B_TO_AREA_C,BI,CA,0_3,very_high,unknown_or_oneway,Y,T,0,0.7145152640201622,27.236392994605353
55.0,39.2866741,,1,1,0,0,0,0,0,1,0,1,0,6.666666666666667,22.0,46.551927,3,1,PET,GREAT AURORA,LANG_10,One-Way,google,Organic Search,Referrals,Logged-In,AREA_B,AREA_C,AREA_B_TO_AREA_C,BE,CA,31_60,mid,unknown_or_oneway,Y,W,0,0.5850651007882113,27.235907862140454
0.0,98.204907,,2,2,0,0,0,0,0,0,0,1,0,14.5,23.0,40.2075191,3,1,PET,LOWER VERTEX,LANG_09,One-Way,google,Referrals,Paid Search,Logged-Out,AREA_B,AREA_C,AREA_B_TO_AREA_C,BU,CA,invalid_or_past,high,unknown_or_oneway,Y,W,0,0.6771374018377634,27.226015017716247
9.0,49.226660499999994,,3,2,1,0,0,0,1,0,0,1,0,4.25,13.0,29.21006,5,1,PET,GREAT MERIDIAN,LANG_02,One-Way,google,Direct,Direct,Logged-Out,AREA_C,AREA_C,AREA_C_TO_AREA_C,CA,CI,8_14,mid,unknown_or_oneway,Y,L,0,0.9318398713829886,27.219098553489378
14.0,51.6311367,,1,1,0,0,0,0,0,0,0,1,0,12.333333333333334,17.0,51.396,5,1,PET,OLD HORIZON,LANG_02,One-Way,google,Paid Search,Paid Search,Logged-Out,AREA_C,AREA_C,AREA_C_TO_AREA_C,CA,CE,8_14,mid,unknown_or_oneway,Y,U,0,0.5294965831712539,27.214006388669766
,34.9073066,10.097222222222221,1,1,0,0,0,0,0,1,1,4,1,244.0,14.0,27.4523168,6,0,PET,UPPER MERIDIAN,LANG_02,Round-Trip,google,Paid Search,Paid Search,Logged-In,AREA_B,AREA_B,AREA_B_TO_AREA_B,BI,BE,MISSING,mid,9_14,Y,W,1,0.990942699131414,27.20367290720266
286.0,616.8770636,34.642361111111114,4,2,1,1,0,1,1,1,0,2,1,837.3333333333334,11.0,39.4036,3,0,PET,UPPER MERIDIAN,LANG_02,Round-Trip,google,Direct,Direct,Logged-In,AREA_B,AREA_C,AREA_B_TO_AREA_C,BE,CA,120_plus,very_high,30_plus,Y,V,0,0.6900381090870249,27.189985635221493
5.0,36.7597041,,1,1,0,0,0,0,0,1,0,1,0,0.4166666666666667,15.0,42.1006051,3,1,PET,UPPER HORIZON,LANG_02,One-Way,apple,Direct,Direct,Logged-In,AREA_B,AREA_C,AREA_B_TO_AREA_C,BE,CA,4_7,mid,unknown_or_oneway,Y,S,0,0.6455582109180708,27.17839130692421
88.0,123.6703401,184.57638888888889,1,1,0,0,0,0,0,0,0,2,1,4433.333333333333,15.0,50.5355453,1,1,PET,LOWER VERTEX,LANG_09,Round-Trip,apple,Direct,Paid Search,Logged-Out,AREA_B,AREA_C,AREA_B_TO_AREA_C,BU,CA,61_120,very_high,30_plus,Y,W,0,0.5374030983174978,27.157958619384264
58.0,352.717899,161.32986111111111,3,1,2,0,0,0,1,1,1,2,1,3890.0833333333335,12.0,38.1187,2,0,PET,UPPER APEX,LANG_02,Round-Trip,samsung,Direct,Direct,Logged-In,AREA_C,AREA_B,AREA_C_TO_AREA_B,CA,BE,31_60,very_high,30_plus,Y,W,0,0.7120157963645655,27.14111653688196
19.0,63.424377199999995,,1,1,0,0,0,0,0,1,0,1,0,4.0,11.0,40.024635,4,1,PET,OLD HORIZON,LANG_02,One-Way,google,Direct,Direct,Logged-In,AREA_B,AREA_C,AREA_B_TO_AREA_C,BO,CA,15_30,high,unknown_or_oneway,Y,V,0,0.6779885935691993,27.13624599177055
52.0,303.9627968,86.0,1,1,0,0,0,0,0,1,0,2,1,2071.25,11.0,76.2374,2,1,PET,UPPER APEX,LANG_09,Round-Trip,google,Direct,Paid Search,Logged-In,AREA_C,AREA_B,AREA_C_TO_AREA_B,CA,BU,31_60,very_high,30_plus,Y,E,0,0.3556373463648438,27.11286662975514
34.0,63.1031522,,1,1,0,0,0,0,0,1,0,1,0,4.0,11.0,40.024635,4,1,PET,OLD HORIZON,LANG_02,One-Way,google,Direct,Direct,Logged-In,AREA_B,AREA_C,AREA_B_TO_AREA_C,BO,CA,31_60,high,unknown_or_oneway,Y,Q,0,0.6771727803554473,27.10359336566195
0.0,34.566808099999996,,1,1,0,0,0,0,0,0,0,2,1,4.25,15.0,31.4826198,5,0,PET,UPPER VERTEX,LANG_02,One-Way,apple,Paid Search,Paid Search,Logged-Out,AREA_C,AREA_C,AREA_C_TO_AREA_C,CI,CI,invalid_or_past,mid,unknown_or_oneway,Y,K,0,0.8608887070488033,27.103031854131054
4.0,77.535149,,1,1,0,0,0,0,0,0,0,1,0,4.0,19.0,40.024635,4,1,PET,UPPER APEX,LANG_09,One-Way,apple,Paid Search,Paid Search,Logged-Out,AREA_B,AREA_C,AREA_B_TO_AREA_C,BO,CA,4_7,high,unknown_or_oneway,Y,T,0,0.6771018299831001,27.10075360290564
184.0,132.6680665,11.052083333333334,3,2,1,0,0,0,1,1,0,2,1,268.4166666666667,11.0,31.3618392,1,1,PET,GREAT MERIDIAN,LANG_03,Round-Trip,google,Paid Search,Paid Search,Logged-In,AREA_B,AREA_C,AREA_B_TO_AREA_C,BO,CA,120_plus,very_high,9_14,Y,W,1,0.864006426144123,27.096830604498663
25.0,59.8960418,10.5,1,1,0,0,0,0,0,1,0,4,1,253.75,22.0,30.3570474,2,0,PET,WEST VERTEX,LANG_02,Round-Trip,apple,Direct,Direct,Logged-In,AREA_B,AREA_C,AREA_B_TO_AREA_C,BO,CI,15_30,high,9_14,C,Z,0,0.8913677599021529,27.059293338181472
14.0,45.35225870000001,,1,1,0,0,0,0,0,1,0,1,0,4.0,23.0,40.024635,4,1,PET,OLD HORIZON,LANG_02,One-Way,apple,Direct,Email,Logged-In,AREA_B,AREA_C,AREA_B_TO_AREA_C,BO,CA,8_14,mid,unknown_or_oneway,Y,W,0,0.6759509975562404,27.054691955074418
60.0,55.4207351,,1,1,0,0,0,0,0,0,0,1,0,12.333333333333334,20.0,51.396,5,1,PET,UPPER APEX,LANG_02,One-Way,google,Direct,Direct,Logged-Out,AREA_C,AREA_C,AREA_C_TO_AREA_C,CA,CE,31_60,high,unknown_or_oneway,Y,U,0,0.5262946079716173,27.049437671309242
1.0,68.5871054,,2,2,0,0,0,0,0,0,0,1,0,3.8333333333333335,1.0,41.8003668,4,1,PET,UPPER APEX,LANG_02,One-Way,google,MetaSearches,MetaSearches,Logged-Out,AREA_C,AREA_B,AREA_C_TO_AREA_B,CA,BA,0_3,high,unknown_or_oneway,Y,S,0,0.6471018113110167,27.049093069744888
180.0,53.5165133,35.236111111111114,2,2,0,0,0,0,0,1,0,2,1,848.0833333333334,11.0,30.2144235,1,1,PET,NORTH HORIZON,LANG_09,Round-Trip,mozilla,Email,Email,Logged-In,AREA_C,AREA_C,AREA_C_TO_AREA_C,CE,CA,120_plus,mid,30_plus,Y,O,0,0.8951203122591714,27.045544198050845
8.0,134.25406139999998,,1,1,0,0,0,0,0,1,0,4,1,-1220.25,19.0,40.7480337,5,0,PET,WEST AURORA,LANG_02,Round-Trip,apple,Direct,Direct,Logged-In,AREA_C,AREA_D,AREA_C_TO_AREA_D,CU,DA,8_14,very_high,unknown_or_oneway,Y,T,0,0.6632503950579364,27.026149449359107
10.0,50.16078279999999,,1,1,0,0,0,0,0,0,0,1,0,6.666666666666667,,46.551927,3,1,PET,LOWER ZENITH,LANG_02,One-Way,apple,Direct,Direct,Logged-Out,AREA_B,AREA_C,AREA_B_TO_AREA_C,BE,CA,8_14,mid,unknown_or_oneway,Y,T,0,0.5800016702834787,27.000195414914568
6.0,210.1029933,14.5625,2,1,0,1,0,1,0,0,0,2,1,358.5833333333333,13.0,53.3935912,2,1,PET,SOUTH AURORA,LANG_02,Round-Trip,apple,Direct,Direct,Logged-Out,AREA_C,AREA_C,AREA_C_TO_AREA_C,CE,CA,4_7,very_high,15_30,Y,L,1,0.5051295565746917,26.970681046786364
32.0,36.8158114,35.482638888888886,1,1,0,0,0,0,0,0,0,2,1,853.6666666666666,16.0,52.76656,3,1,PET,UPPER APEX,LANG_09,Round-Trip,google,Direct,Direct,Logged-Out,AREA_B,AREA_C,AREA_B_TO_AREA_C,BI,CA,31_60,mid,30_plus,Y,L,0,0.5110474735304892,26.966217174894968
4.0,60.85757529999999,,1,1,0,0,0,0,0,0,0,1,0,4.0,23.0,40.024635,4,1,PET,OLD HORIZON,LANG_02,One-Way,google,MetaSearches,Organic Search,Logged-Out,AREA_B,AREA_C,AREA_B_TO_AREA_C,BO,CA,4_7,high,unknown_or_oneway,Y,S,0,0.6735818059032518,26.9598659239185
63.0,35.9553567,11.29513888888889,1,1,0,0,0,0,0,1,1,4,1,272.9166666666667,16.0,30.105207,3,0,PET,LOWER MERIDIAN,LANG_02,Round-Trip,google,Direct,Direct,Logged-In,AREA_B,AREA_C,AREA_B_TO_AREA_C,BO,CI,61_120,mid,9_14,Y,V,0,0.8955070182113607,26.959424153205784
35.0,205.0344911,39.78125,2,2,0,0,0,0,0,0,0,3,1,958.0833333333334,15.0,47.6856371,3,0,PET,LOWER VERTEX,LANG_02,Round-Trip,apple,Direct,Direct,Logged-Out,AREA_B,AREA_B,AREA_B_TO_AREA_B,BU,BE,31_60,very_high,30_plus,Y,U,0,0.5652754305871664,26.95551904452586
1.0,41.9511284,3.263888888888889,1,1,0,0,0,0,0,0,0,4,1,80.25,18.0,49.8609728,3,0,PET,SOUTH VERTEX,LANG_02,Round-Trip,apple,Direct,Direct,Logged-Out,AREA_C,AREA_B,AREA_C_TO_AREA_B,CU,BE,0_3,mid,3_5,Y,S,0,0.5405145542008695,26.95058148501368
219.0,335.1824404,,2,2,0,0,0,0,0,1,1,3,1,19.583333333333332,12.0,126.4547184,4,1,PET,UPPER APEX,LANG_02,Round-Trip,apple,Direct,Direct,Logged-In,AREA_C,AREA_B,AREA_C_TO_AREA_B,CA,BU,120_plus,very_high,unknown_or_oneway,Y,V,0,0.21300617393252558,26.935635742098942
6.0,53.771351800000005,,2,2,0,0,0,0,0,0,0,1,0,3.5,18.0,28.931665,3,1,PET,SOUTH HORIZON,LANG_09,One-Way,apple,Organic Search,Organic Search,Logged-Out,AREA_C,AREA_C,AREA_C_TO_AREA_C,CA,CA,4_7,mid,unknown_or_oneway,Y,T,1,0.9301684401382193,26.911321703651513
96.0,92.9051228,21.197916666666668,4,2,0,2,0,1,0,0,0,2,1,512.25,21.0,48.3979,5,1,PET,UPPER APEX,LANG_02,Round-Trip,google,Email,Affiliate,Logged-Out,AREA_C,AREA_B,AREA_C_TO_AREA_B,CA,BA,61_120,high,15_30,Y,O,0,0.5559775686514604,26.908146769836517
56.0,357.56882479999996,40.763888888888886,1,1,0,0,0,0,0,0,0,2,1,982.0,13.0,42.457379,2,1,PET,NORTH MERIDIAN,LANG_02,Round-Trip,google,Paid Search,Paid Search,Logged-Out,AREA_B,AREA_C,AREA_B_TO_AREA_C,BI,CA,31_60,very_high,30_plus,P,R,0,0.6336486208486636,26.90305964819901
27.0,45.9227543,29.17013888888889,2,2,0,0,0,0,0,0,0,2,1,702.5,16.0,29.021608,1,1,PET,NORTH ZENITH,LANG_06,Round-Trip,apple,Direct,Paid Search,Logged-Out,AREA_B,AREA_C,AREA_B_TO_AREA_C,BA,CA,15_30,mid,15_30,Y,O,0,0.9267735211161641,26.896457834613038
3.0,62.3253594,22.225694444444443,2,2,0,0,0,0,0,1,0,2,1,535.9166666666666,18.0,31.4791934,1,1,PET,NORTH HORIZON,LANG_02,Round-Trip,google,Paid Search,MetaSearches,Logged-In,AREA_C,AREA_C,AREA_C_TO_AREA_C,CE,CA,0_3,high,15_30,Y,V,0,0.8544137267894802,26.89625494922081
13.0,35.5805942,,1,1,0,0,0,0,0,0,0,1,0,4.75,12.0,47.4761984,5,1,PET,CENTRAL APEX,LANG_02,One-Way,google,Paid Search,Paid Search,Logged-Out,AREA_C,AREA_C,AREA_C_TO_AREA_C,CA,CE,8_14,mid,unknown_or_oneway,Y,U,0,0.5664809573818304,26.894362322481722
91.0,129.40613370000003,178.77777777777777,1,1,0,0,0,0,0,1,0,4,1,4294.0,13.0,39.8481754,3,0,PET,NORTH MERIDIAN,LANG_02,Round-Trip,google,Organic Search,Organic Search,Logged-In,AREA_B,AREA_C,AREA_B_TO_AREA_C,BI,CU,61_120,very_high,30_plus,Y,O,0,0.6748901486160266,26.893141017783496
66.0,109.383537,70.23611111111111,1,1,0,0,0,0,0,0,0,2,1,1700.0833333333333,11.0,91.3345467,3,1,PET,NORTH MERIDIAN,LANG_02,Round-Trip,google,Organic Search,Email,Logged-Out,AREA_C,AREA_B,AREA_C_TO_AREA_B,CA,BI,61_120,very_high,30_plus,Y,O,0,0.29443228007286937,26.891838834302966
50.0,62.0812284,29.17013888888889,2,2,0,0,0,0,0,0,0,4,1,701.0833333333334,17.0,29.21006,4,0,PET,UPPER APEX,LANG_09,Round-Trip,apple,Direct,Direct,Logged-Out,AREA_B,AREA_C,AREA_B_TO_AREA_C,BE,CE,31_60,high,15_30,Y,U,0,0.9204850341933278,26.887423077889157
11.0,42.928080699999995,,1,1,0,0,0,0,0,1,0,1,0,5.083333333333333,15.0,51.396,5,1,PET,UPPER APEX,LANG_09,One-Way,apple,Direct,Direct,Logged-In,AREA_C,AREA_B,AREA_C_TO_AREA_B,CA,BU,8_14,mid,unknown_or_oneway,Y,S,0,0.5231041745937614,26.88546215742096
155.0,521.2869281,20.697916666666668,3,2,0,1,0,1,0,1,0,2,1,502.0,11.0,87.6635874,1,1,PET,LOWER VERTEX,LANG_02,Round-Trip,microsoft,Organic Search,Organic Search,Logged-In,AREA_B,AREA_C,AREA_B_TO_AREA_C,BO,CA,120_plus,very_high,15_30,Y,U,0,0.3066107458402636,26.878597915747132
37.0,255.6201475,22.21527777777778,2,2,0,0,0,0,0,1,1,2,1,549.25,13.0,74.0959,3,1,PET,UPPER VERTEX,LANG_02,Round-Trip,microsoft,Direct,Direct,Logged-In,AREA_C,AREA_B,AREA_C_TO_AREA_B,CA,BU,31_60,very_high,15_30,Y,W,0,0.36261463570632985,26.868257785832647
20.0,159.15670830000002,149.22222222222223,1,1,0,0,0,0,0,0,0,2,1,3595.9166666666665,12.0,82.2224642,4,1,PET,NEW AURORA,LANG_02,Round-Trip,google,Direct,Organic Search,Logged-Out,AREA_C,AREA_B,AREA_C_TO_AREA_B,CA,BI,15_30,very_high,30_plus,Y,Q,0,0.3267244334315541,26.864088031091242
29.0,119.4635775,,1,1,0,0,0,0,0,0,0,2,1,6.083333333333333,18.0,39.1457634,4,0,PET,NORTH MERIDIAN,LANG_02,One-Way,google,Email,Email,Logged-Out,AREA_C,AREA_B,AREA_C_TO_AREA_B,CU,BI,15_30,very_high,unknown_or_oneway,Y,Q,0,0.6861704107492939,26.860664551272674
9.0,56.2576333,,2,2,0,0,0,0,0,0,0,1,0,4.666666666666667,23.0,28.6130098,3,0,PET,GREAT MERIDIAN,LANG_02,One-Way,apple,Direct,Direct,Logged-Out,AREA_C,AREA_C,AREA_C_TO_AREA_C,CO,CE,8_14,high,unknown_or_oneway,Y,T,0,0.9385817598224898,26.855649091902148
62.0,74.6762465,,1,1,0,0,0,0,0,0,0,3,1,7.083333333333333,5.0,49.6883679,5,0,PET,LOWER VERTEX,LANG_02,Multi-City,google,Email,Organic Search,Logged-Out,AREA_B,AREA_B,AREA_B_TO_AREA_B,BE,BU,61_120,high,unknown_or_oneway,Y,O,0,0.5402630262755614,26.844788012347465
185.0,170.18115029999998,35.920138888888886,1,1,0,0,0,0,0,0,0,2,1,865.3333333333334,10.0,52.9704308,1,1,PET,NORTH MERIDIAN,LANG_02,Round-Trip,mozilla,Direct,Direct,Logged-Out,AREA_B,AREA_C,AREA_B_TO_AREA_C,BI,CA,120_plus,very_high,30_plus,Y,O,0,0.5065930076372502,26.834449854812835
210.0,137.95243190000002,,2,2,0,0,0,0,0,0,0,1,0,14.416666666666666,10.0,48.8262,4,1,PET,LOWER VERTEX,LANG_02,One-Way,microsoft,Paid Search,Paid Search,Logged-Out,AREA_B,AREA_C,AREA_B_TO_AREA_C,BU,CA,120_plus,very_high,unknown_or_oneway,Y,S,0,0.5495286940759412,26.83139792269072
81.0,97.9033838,,2,2,0,0,0,0,0,0,0,2,1,231.41666666666666,11.0,28.5145008,1,1,PET,SOUTH HORIZON,LANG_02,Multi-City,apple,Direct,Organic Search,Logged-Out,AREA_C,AREA_C,AREA_C_TO_AREA_C,CA,CA,61_120,high,unknown_or_oneway,C,Z,1,0.9406117504930966,26.821074511924806
109.0,548.4184482000001,57.697916666666664,4,2,0,2,0,1,0,0,0,2,1,1390.0,21.0,49.5495987,1,1,PET,LOWER VERTEX,LANG_02,Round-Trip,google,Organic Search,Organic Search,Logged-Out,AREA_B,AREA_C,AREA_B_TO_AREA_C,BO,CA,61_120,very_high,30_plus,Y,O,0,0.5411514041202374,26.81383491009929
147.0,123.4647561,67.65625,1,1,0,0,0,0,0,0,0,2,1,1627.0,11.0,52.9704308,1,1,PET,NORTH MERIDIAN,LANG_02,Round-Trip,google,Direct,Direct,Logged-Out,AREA_B,AREA_C,AREA_B_TO_AREA_C,BI,CA,120_plus,very_high,30_plus,Y,O,0,0.5061508691883111,26.811029590699285
27.0,56.64909949999999,6.815972222222222,2,2,0,0,0,0,0,0,0,2,1,167.0,23.0,48.3979,4,1,PET,LOWER VERTEX,LANG_02,Round-Trip,google,Organic Search,Organic Search,Logged-Out,AREA_B,AREA_C,AREA_B_TO_AREA_C,BO,CA,15_30,high,6_8,Y,U,0,0.553615479882683,26.793826633814103
19.0,198.405692,7.253472222222222,2,2,0,0,0,0,0,0,0,2,1,180.75,11.0,54.8403886,3,1,PET,UPPER APEX,LANG_09,Round-Trip,apple,Paid Search,Email,Logged-Out,AREA_C,AREA_B,AREA_C_TO_AREA_B,CA,BE,15_30,very_high,6_8,C,Z,0,0.48853875470093855,26.791655153959546
0.0,80.53667540000001,,1,1,0,0,0,0,0,0,0,1,0,16.416666666666668,13.0,51.90996,3,1,PET,LOWER VERTEX,LANG_09,One-Way,google,Paid Search,Paid Search,Logged-Out,AREA_B,AREA_C,AREA_B_TO_AREA_C,BO,CA,invalid_or_past,high,unknown_or_oneway,Y,L,0,0.515967236708708,26.783838618859566
5.0,283.0531908,5.0,1,1,0,0,0,0,0,0,1,3,1,125.33333333333333,14.0,76.2374,5,0,PET,UPPER APEX,LANG_02,Round-Trip,google,Paid Search,Paid Search,Logged-Out,AREA_B,AREA_C,AREA_B_TO_AREA_C,BE,CA,4_7,very_high,3_5,Y,S,0,0.35124409210340984,26.777936347324495
4.0,34.764682699999994,73.49652777777777,1,1,0,0,0,0,0,1,1,4,1,1765.75,16.0,30.105207,3,0,PET,WEST VERTEX,LANG_02,Round-Trip,apple,Direct,Direct,Logged-In,AREA_B,AREA_C,AREA_B_TO_AREA_C,BO,CI,4_7,mid,30_plus,Y,S,0,0.8891812292584451,26.768984967339946
53.0,23.4477118,42.72222222222222,1,1,0,0,0,0,0,0,0,2,1,1027.1666666666667,21.0,53.640292,3,1,PET,UPPER MERIDIAN,LANG_09,Round-Trip,mozilla,Paid Search,Paid Search,Logged-Out,AREA_C,AREA_B,AREA_C_TO_AREA_B,CA,BA,31_60,low,30_plus,Y,O,0,0.49900708693932216,26.766885853494628
66.0,309.9894061,,3,3,0,0,0,0,0,0,0,1,0,16.083333333333332,20.0,39.7299646,3,1,PET,UPPER VERTEX,LANG_11,One-Way,apple,Paid Search,Paid Search,Logged-Out,AREA_B,AREA_C,AREA_B_TO_AREA_C,BU,CA,61_120,very_high,unknown_or_oneway,Y,V,0,0.6736800465822284,26.765284402438287
11.0,23.3856083,19.770833333333332,1,1,0,0,0,0,0,0,0,2,1,479.0,13.0,29.321418,2,1,PET,WEST MERIDIAN,LANG_02,Round-Trip,apple,Direct,Direct,Logged-Out,AREA_B,AREA_C,AREA_B_TO_AREA_C,BO,CA,8_14,low,15_30,Y,U,0,0.9126155091908719,26.759180818268398
7.0,136.2396602,8.989583333333334,2,2,0,0,0,0,0,1,1,2,1,217.41666666666666,12.0,51.396,4,1,PET,LOWER VERTEX,LANG_02,Round-Trip,google,Direct,Direct,Logged-In,AREA_C,AREA_B,AREA_C_TO_AREA_B,CA,BA,4_7,very_high,9_14,Y,V,0,0.5206240346984988,26.757992887364047
13.0,31.343850600000003,17.82986111111111,1,1,0,0,0,0,0,0,0,2,1,431.0833333333333,22.0,29.9792868,4,1,PET,GREAT MERIDIAN,LANG_09,Round-Trip,other,Direct,Direct,Logged-Out,AREA_B,AREA_C,AREA_B_TO_AREA_C,BO,CA,8_14,low,15_30,Y,U,0,0.8922660046609178,26.74949845561979
199.0,307.02771160000003,37.78125,2,1,0,1,0,1,0,0,0,2,1,910.0,9.0,45.0717222,1,1,PET,NORTH MERIDIAN,LANG_02,Round-Trip,mozilla,Direct,Direct,Logged-Out,AREA_B,AREA_C,AREA_B_TO_AREA_C,BI,CA,120_plus,very_high,30_plus,Y,O,0,0.5934371865805229,26.7472360167069
12.0,46.4294332,,1,1,0,0,0,0,0,0,0,1,0,11.666666666666666,16.0,51.396,5,1,PET,UPPER APEX,LANG_02,One-Way,google,Paid Search,Paid Search,Logged-Out,AREA_C,AREA_C,AREA_C_TO_AREA_C,CA,CE,8_14,mid,unknown_or_oneway,Y,O,0,0.5203942242609251,26.746181550114507
289.0,838.6739318,28.76388888888889,2,2,0,0,0,0,0,0,0,2,1,696.25,10.0,35.9772,1,1,PET,UPPER APEX,LANG_09,Round-Trip,apple,Direct,Direct,Logged-Out,AREA_C,AREA_B,AREA_C_TO_AREA_B,CA,BA,120_plus,very_high,15_30,C,F,0,0.7433393462037604,26.74326832624193
59.0,521.716513,,1,1,0,0,0,0,0,1,0,1,0,16.083333333333332,10.0,34.8362088,2,1,PET,LOWER VERTEX,LANG_02,One-Way,microsoft,Paid Search,Paid Search,Logged-In,AREA_B,AREA_C,AREA_B_TO_AREA_C,BU,CA,31_60,very_high,unknown_or_oneway,C,Z,0,0.7675814377453536,26.73962723630134
172.0,199.7693992,7.215277777777778,4,2,1,1,0,1,1,1,1,2,1,177.08333333333334,18.0,51.396,3,1,PET,UPPER APEX,LANG_09,Round-Trip,google,Direct,Paid Search,Logged-In,AREA_C,AREA_C,AREA_C_TO_AREA_C,CA,CI,120_plus,very_high,6_8,Y,Q,0,0.5202333203219588,26.737911731267396
2.0,74.0650624,,1,1,0,0,0,0,0,0,0,1,0,14.5,11.0,49.888384,4,1,PET,LOWER VERTEX,LANG_02,One-Way,google,Direct,MetaSearches,Logged-Out,AREA_B,AREA_C,AREA_B_TO_AREA_C,BU,CA,0_3,high,unknown_or_oneway,Y,S,0,0.5359121345223563,26.735790357310968
27.0,52.3476826,8.82986111111111,1,1,0,0,0,0,0,0,0,2,1,215.33333333333334,11.0,48.3979,4,1,PET,UPPER APEX,LANG_09,Round-Trip,apple,Direct,Direct,Logged-Out,AREA_B,AREA_C,AREA_B_TO_AREA_C,BO,CA,15_30,mid,9_14,Y,Q,0,0.5523750434594008,26.733792115843734
66.0,472.3189608,57.31944444444444,4,2,0,2,0,1,0,1,0,2,1,1391.8333333333333,16.0,43.3799372,5,1,PET,UPPER APEX,LANG_09,Round-Trip,google,Paid Search,Paid Search,Logged-In,AREA_C,AREA_B,AREA_C_TO_AREA_B,CA,BO,61_120,very_high,30_plus,Y,S,0,0.6161734509308191,26.729565605686215
106.0,169.238462,17.041666666666668,1,1,0,0,0,0,0,1,0,4,1,427.0833333333333,13.0,39.836183,2,0,PET,UPPER HORIZON,LANG_02,Round-Trip,samsung,Direct,Direct,Logged-In,AREA_C,AREA_C,AREA_C_TO_AREA_C,CA,CI,61_120,very_high,15_30,P,R,0,0.6707263500679466,26.71917762422878
3.0,82.0644215,,1,1,0,0,0,0,0,1,0,1,0,10.666666666666666,13.0,52.9730006,5,1,PET,UPPER APEX,LANG_09,One-Way,apple,Direct,Email,Logged-In,AREA_C,AREA_C,AREA_C_TO_AREA_C,CA,CE,0_3,high,unknown_or_oneway,Y,Q,0,0.5043852570470617,26.718800524185156
85.0,56.91678700000001,15.875,1,1,0,0,0,0,0,1,0,2,1,383.1666666666667,10.0,59.8660608,3,1,PET,UPPER APEX,LANG_09,Round-Trip,apple,Direct,Direct,Logged-In,AREA_C,AREA_C,AREA_C_TO_AREA_C,CU,CA,61_120,high,15_30,Y,K,0,0.44620516510208796,26.712545543275635
53.0,206.98411270000005,,2,2,0,0,0,0,0,0,0,1,0,16.333333333333332,18.0,34.5719477,2,0,PET,LOWER VERTEX,LANG_02,One-Way,google,Direct,Direct,Logged-Out,AREA_B,AREA_B,AREA_B_TO_AREA_B,BU,BE,31_60,very_high,unknown_or_oneway,Y,V,0,0.7725696552259069,26.709237715077087
14.0,266.3353569,20.68402777777778,1,1,0,0,0,0,0,1,0,2,1,501.75,14.0,76.2374,1,0,PET,UPPER APEX,LANG_02,Round-Trip,google,Direct,Direct,Logged-In,AREA_B,AREA_C,AREA_B_TO_AREA_C,BE,CA,8_14,very_high,15_30,Y,B,0,0.35029830242865984,26.70583180157471
135.0,79.9957325,88.26041666666667,1,1,0,0,0,0,0,0,0,4,1,2119.1666666666665,13.0,42.83,3,0,PET,UPPER APEX,LANG_09,Round-Trip,google,Direct,Paid Search,Logged-Out,AREA_C,AREA_B,AREA_C_TO_AREA_B,CU,BU,120_plus,high,30_plus,Y,O,0,0.6233133611794547,26.696511259316043
6.0,115.2666658,62.041666666666664,1,1,0,0,0,0,0,1,0,4,1,1491.6666666666667,20.0,42.2350913,2,0,PET,NEW MERIDIAN,LANG_02,Round-Trip,apple,Direct,Direct,Logged-In,AREA_C,AREA_B,AREA_C_TO_AREA_B,CI,BO,4_7,very_high,30_plus,Y,V,0,0.6320542082662507,26.694867192674312
62.0,90.9340862,55.802083333333336,2,2,0,0,0,0,0,0,0,2,1,1343.0833333333333,14.0,29.9544454,3,1,PET,GREAT MERIDIAN,LANG_02,Round-Trip,google,MetaSearches,Organic Search,Logged-Out,AREA_B,AREA_C,AREA_B_TO_AREA_C,BA,CA,61_120,high,30_plus,Y,O,1,0.8911119260077813,26.692763532888925
105.0,39.882867700000006,6.878472222222222,2,2,0,0,0,0,0,1,0,4,1,167.16666666666666,19.0,30.2148518,5,0,PET,SOUTH MERIDIAN,LANG_09,Round-Trip,apple,Direct,Direct,Logged-In,AREA_B,AREA_C,AREA_B_TO_AREA_C,BI,CU,61_120,mid,6_8,Y,W,0,0.8833183426653494,26.68933281585515
23.0,152.8208664,6.78125,2,2,0,0,0,0,0,0,0,2,1,166.08333333333334,14.0,80.9649754,4,1,PET,LOWER VERTEX,LANG_02,Round-Trip,google,Paid Search,Paid Search,Logged-Out,AREA_B,AREA_C,AREA_B_TO_AREA_C,BU,CA,15_30,very_high,6_8,Y,U,0,0.3296244094516193,26.688032202489886
2.0,80.867323,,2,2,0,0,0,0,0,0,0,1,0,1.5,14.0,43.6977358,3,1,PET,UPPER APEX,LANG_09,One-Way,apple,Direct,Organic Search,Logged-Out,AREA_B,AREA_C,AREA_B_TO_AREA_C,BI,CA,0_3,high,unknown_or_oneway,Y,S,0,0.6106977531759872,26.686109071937896
38.0,60.022390300000005,,2,2,0,0,0,0,0,0,0,1,0,3.0,23.0,30.2491158,4,1,PET,GREAT MERIDIAN,LANG_03,One-Way,microsoft,Paid Search,Paid Search,Logged-Out,AREA_B,AREA_C,AREA_B_TO_AREA_C,BO,CA,31_60,high,unknown_or_oneway,Y,L,0,0.8817599151754035,26.672457781938956
157.0,46.4923933,15.14236111111111,2,2,0,0,0,0,0,1,0,2,1,365.6666666666667,14.0,29.0781436,1,0,PET,NORTH HORIZON,LANG_09,Round-Trip,apple,Direct,Direct,Logged-In,AREA_B,AREA_B,AREA_B_TO_AREA_B,BE,BA,120_plus,mid,15_30,Y,O,0,0.917257746879271,26.672152481967895
81.0,89.4144778,35.576388888888886,1,1,0,0,0,0,0,0,0,2,1,857.3333333333334,10.0,53.8668627,1,1,PET,LOWER VERTEX,LANG_09,Round-Trip,google,Paid Search,Paid Search,Logged-Out,AREA_B,AREA_C,AREA_B_TO_AREA_C,BU,CA,61_120,high,30_plus,Y,L,0,0.49502358554509013,26.665367515819074
3.0,25.076108400000003,,1,1,0,0,0,0,0,0,0,1,0,0.9166666666666666,13.0,45.3998,3,1,PET,EAST HORIZON,LANG_02,One-Way,google,Internal,Paid Search,Logged-Out,AREA_C,AREA_C,AREA_C_TO_AREA_C,CE,CA,0_3,low,unknown_or_oneway,Y,S,0,0.5873315546184221,26.664735113365442
30.0,46.2067172,,1,1,0,0,0,0,0,1,0,1,0,12.333333333333334,23.0,51.396,5,1,PET,UPPER APEX,LANG_02,One-Way,apple,Direct,Direct,Logged-In,AREA_C,AREA_C,AREA_C_TO_AREA_C,CA,CE,15_30,mid,unknown_or_oneway,Y,O,0,0.5187332190345706,26.66081252550079
93.0,244.2907559,31.21527777777778,2,2,0,0,0,0,0,1,0,2,1,765.25,12.0,74.0959,3,1,PET,LOWER VERTEX,LANG_02,Round-Trip,microsoft,Email,Paid Search,Logged-In,AREA_C,AREA_B,AREA_C_TO_AREA_B,CA,BU,61_120,very_high,30_plus,Y,U,0,0.3595493413615169,26.64113204258882
135.0,46.360905200000005,7.159722222222222,2,2,0,0,0,0,0,0,0,2,1,174.5,7.0,51.396,1,0,PET,UPPER APEX,LANG_09,Round-Trip,mozilla,Paid Search,Paid Search,Logged-Out,AREA_B,AREA_B,AREA_B_TO_AREA_B,BE,BO,120_plus,mid,6_8,Y,O,0,0.518310470368589,26.639084935064
45.0,48.8848771,9.878472222222221,2,2,0,0,0,0,0,1,0,2,1,239.16666666666666,13.0,30.4272886,1,1,PET,CENTRAL APEX,LANG_09,Round-Trip,google,Organic Search,Organic Search,Logged-In,AREA_C,AREA_C,AREA_C_TO_AREA_C,CU,CA,31_60,mid,9_14,Y,V,0,0.874785170127413,26.617340834466894
1.0,228.0633255,9.78125,2,2,0,0,0,0,0,0,0,3,1,238.08333333333334,3.0,55.0862328,3,1,PET,LOWER VERTEX,LANG_02,Round-Trip,google,Direct,Email,Logged-Out,AREA_B,AREA_C,AREA_B_TO_AREA_C,BU,CA,0_3,very_high,9_14,Y,W,0,0.4830926853424559,26.611756128751672
58.0,53.7409425,8.010416666666666,3,2,1,0,0,0,1,1,0,4,1,194.75,19.0,30.6932629,5,0,PET,NORTH HORIZON,LANG_09,Round-Trip,samsung,Direct,Email,Logged-In,AREA_C,AREA_C,AREA_C_TO_AREA_C,CE,CU,31_60,mid,9_14,Y,W,0,0.8668659294956937,26.606943873064193
6.0,54.4013811,23.291666666666668,2,2,0,0,0,0,0,0,1,2,1,560.25,16.0,28.6138664,2,1,PET,UPPER HORIZON,LANG_05,Round-Trip,apple,Direct,Direct,Logged-Out,AREA_C,AREA_C,AREA_C_TO_AREA_C,CA,CI,4_7,high,15_30,Y,S,0,0.9297050608806895,26.602456403443913
31.0,63.4959033,,1,1,0,0,0,0,0,1,0,1,0,4.0,15.0,40.024635,4,1,PET,UPPER APEX,LANG_02,One-Way,google,Direct,Direct,Logged-In,AREA_B,AREA_C,AREA_B_TO_AREA_C,BO,CA,31_60,high,unknown_or_oneway,Y,V,0,0.6643868117188131,26.59183963785922
45.0,40.093163,15.552083333333334,2,2,0,0,0,0,0,0,0,4,1,375.75,15.0,28.8691332,5,0,PET,NORTH HORIZON,LANG_04,Round-Trip,google,Organic Search,Organic Search,Logged-Out,AREA_C,AREA_D,AREA_C_TO_AREA_D,CE,DA,31_60,mid,15_30,Y,U,0,0.9208866961269468,26.585200692596754
19.0,127.8659669,,1,1,0,0,0,0,0,1,0,1,0,3.6666666666666665,12.0,38.1187,5,1,PET,NORTH MERIDIAN,LANG_02,One-Way,google,Paid Search,Organic Search,Logged-In,AREA_C,AREA_B,AREA_C_TO_AREA_B,CA,BI,15_30,very_high,unknown_or_oneway,Y,T,0,0.6972700257013038,26.579026928700287
142.0,105.1793442,141.77777777777777,1,1,0,0,0,0,0,0,0,2,1,3406.0,11.0,45.0717222,1,1,PET,NORTH MERIDIAN,LANG_02,Round-Trip,apple,Direct,Direct,Logged-Out,AREA_B,AREA_C,AREA_B_TO_AREA_C,BI,CA,120_plus,very_high,30_plus,Y,O,0,0.5892956700528501,26.560570734284923
23.0,36.0932693,20.82986111111111,1,1,0,0,0,0,0,0,0,2,1,503.0833333333333,13.0,28.8125976,1,1,PET,GREAT MERIDIAN,LANG_02,Round-Trip,apple,Direct,Direct,Logged-Out,AREA_B,AREA_C,AREA_B_TO_AREA_C,BO,CA,15_30,mid,15_30,Y,L,0,0.9216317453199888,26.554604613290522
19.0,80.4574399,12.791666666666666,1,1,0,0,0,0,0,1,0,2,1,310.4166666666667,20.0,48.3979,1,1,PET,LOWER VERTEX,LANG_02,Round-Trip,google,Organic Search,Organic Search,Logged-In,AREA_B,AREA_C,AREA_B_TO_AREA_C,BO,CA,15_30,high,9_14,Y,M,0,0.5484694399417416,26.544769107356416
21.0,238.1253774,108.14930555555556,1,1,0,0,0,0,0,1,0,3,1,2596.5,3.0,39.4036,3,0,PET,UPPER APEX,LANG_02,Round-Trip,microsoft,Email,Email,Logged-In,AREA_B,AREA_C,AREA_B_TO_AREA_C,BE,CA,15_30,very_high,30_plus,Y,M,0,0.6735182126460386,26.539042243819445
0.0,222.656038,1.1458333333333333,2,1,1,0,0,0,1,1,1,2,1,29.833333333333332,13.0,57.5566672,3,0,PET,UPPER APEX,LANG_09,Round-Trip,apple,Direct,Organic Search,Logged-In,AREA_B,AREA_B,AREA_B_TO_AREA_B,BE,BA,invalid_or_past,very_high,1_2,C,Z,0,0.46097453800759997,26.532158071777182
39.0,50.684165400000005,14.385416666666666,2,2,0,0,0,0,0,1,0,4,1,347.75,21.0,29.3681027,5,0,PET,NORTH HORIZON,LANG_04,Round-Trip,apple,Direct,Direct,Logged-In,AREA_C,AREA_C,AREA_C_TO_AREA_C,CE,CU,31_60,mid,15_30,Y,O,0,0.9033927430780208,26.53093085715003
72.0,217.9670096,175.32986111111111,1,1,0,0,0,0,0,0,0,2,1,4226.083333333333,11.0,39.4036,1,0,PET,UPPER APEX,LANG_09,Round-Trip,google,Direct,Paid Search,Logged-Out,AREA_C,AREA_B,AREA_C_TO_AREA_B,CA,BE,61_120,very_high,30_plus,P,R,0,0.6732464965951066,26.52833565323494
54.0,27.3932114,19.552083333333332,1,1,0,0,0,0,0,0,0,4,1,471.75,7.0,29.3681027,5,0,PET,NORTH HORIZON,LANG_09,Round-Trip,apple,Direct,Direct,Logged-Out,AREA_C,AREA_C,AREA_C_TO_AREA_C,CE,CU,31_60,low,15_30,Y,S,0,0.9032114592822597,26.52560689601827
17.0,44.7372199,,2,2,0,0,0,0,0,0,0,1,0,4.5,17.0,35.4216949,5,1,PET,LOWER VERTEX,LANG_09,One-Way,google,MetaSearches,Referrals,Logged-Out,AREA_C,AREA_B,AREA_C_TO_AREA_B,CA,BO,15_30,mid,unknown_or_oneway,Y,O,1,0.7486833900883859,26.51963462040849
104.0,124.6798432,90.69791666666667,1,1,0,0,0,0,0,0,0,2,1,2182.0,21.0,87.6635874,1,1,PET,LOWER VERTEX,LANG_02,Round-Trip,apple,Paid Search,Paid Search,Logged-Out,AREA_B,AREA_C,AREA_B_TO_AREA_C,BO,CA,61_120,very_high,30_plus,Y,O,0,0.3022217407007676,26.49384198010188
56.0,106.6145775,30.211805555555557,1,1,0,0,0,0,0,1,1,2,1,741.25,15.0,41.8543326,5,1,PET,UPPER VERTEX,LANG_11,Round-Trip,other,Direct,Direct,Logged-In,AREA_C,AREA_B,AREA_C_TO_AREA_B,CA,BO,31_60,very_high,30_plus,Y,W,0,0.6329727735921814,26.49265299267166
1.0,58.8419955,,1,1,0,0,0,0,0,0,0,1,0,4.416666666666667,14.0,37.1781532,5,1,PET,LOWER ZENITH,LANG_02,One-Way,google,Direct,Email,Logged-Out,AREA_C,AREA_B,AREA_C_TO_AREA_B,CA,BO,0_3,high,unknown_or_oneway,Y,K,0,0.7123965719959957,26.485588892821955
39.0,17.1945318,11.53125,1,1,0,0,0,0,0,0,0,4,1,279.9166666666667,23.0,29.1235434,4,0,PET,GREAT MERIDIAN,LANG_09,Round-Trip,apple,Direct,Direct,Logged-Out,AREA_B,AREA_B,AREA_B_TO_AREA_B,BO,BE,31_60,very_low,9_14,Y,O,1,0.909412728728251,26.485321073629642
11.0,74.0804812,37.78819444444444,1,1,0,0,0,0,0,0,0,2,1,912.5833333333334,22.0,40.3077413,3,1,PET,LOWER VERTEX,LANG_02,Round-Trip,apple,Direct,Paid Search,Logged-Out,AREA_B,AREA_C,AREA_B_TO_AREA_C,BO,CA,8_14,high,30_plus,Y,O,0,0.656880673666553,26.477376259121144
10.0,38.746159500000005,24.82986111111111,1,1,0,0,0,0,0,0,0,2,1,599.0833333333334,9.0,31.3618392,1,1,PET,GREAT MERIDIAN,LANG_03,Round-Trip,google,Paid Search,Paid Search,Logged-Out,AREA_B,AREA_C,AREA_B_TO_AREA_C,BO,CA,8_14,mid,15_30,Y,L,0,0.8440160957369899,26.46989707671528
2.0,48.0351299,10.770833333333334,2,2,0,0,0,0,0,0,0,2,1,263.0,22.0,29.3102822,4,1,PET,WEST MERIDIAN,LANG_02,Round-Trip,google,Organic Search,Paid Search,Logged-Out,AREA_B,AREA_C,AREA_B_TO_AREA_C,BO,CA,0_3,mid,9_14,Y,L,0,0.9028035861736927,26.46142788192295
67.0,82.3942125,9.802083333333334,2,2,0,0,0,0,0,1,0,4,1,239.08333333333334,14.0,29.5154379,4,0,PET,GREAT MERIDIAN,LANG_02,Round-Trip,google,Paid Search,Paid Search,Logged-In,AREA_B,AREA_C,AREA_B_TO_AREA_C,BA,CE,61_120,high,9_14,Y,L,0,0.8965180232457274,26.461122041340023
15.0,81.1178785,,1,1,0,0,0,0,0,0,0,1,0,10.083333333333334,22.0,52.9730006,5,1,PET,UPPER APEX,LANG_02,One-Way,google,Paid Search,Paid Search,Logged-Out,AREA_C,AREA_C,AREA_C_TO_AREA_C,CA,CE,15_30,high,unknown_or_oneway,Y,Q,0,0.49946087921082843,26.45794145411174
24.0,24.4250924,7.854166666666667,1,1,0,0,0,0,0,0,0,2,1,190.91666666666666,23.0,76.6579906,2,0,PET,NORTH HORIZON,LANG_04,Round-Trip,apple,Direct,Organic Search,Logged-Out,AREA_B,AREA_B,AREA_B_TO_AREA_B,BA,BE,15_30,low,6_8,Y,O,0,0.3448637899998039,26.43656517208534
66.0,99.9750709,,1,1,0,0,0,0,0,0,0,1,0,15.916666666666666,14.0,80.9649754,3,1,PET,LOWER VERTEX,LANG_02,Round-Trip,apple,Organic Search,Organic Search,Logged-Out,AREA_B,AREA_C,AREA_B_TO_AREA_C,BU,CA,61_120,high,unknown_or_oneway,Y,U,0,0.3263497258074176,26.42289752179431
13.0,77.8096893,,3,2,0,1,0,1,0,0,0,2,1,6.0,22.0,30.186584,4,0,PET,NEW AURORA,LANG_02,One-Way,mozilla,Direct,Paid Search,Logged-Out,AREA_C,AREA_B,AREA_C_TO_AREA_B,CU,BO,8_14,high,unknown_or_oneway,Y,S,0,0.8752059908580729,26.41947916034045
121.0,197.4270265,131.78125,2,2,0,0,0,0,0,1,1,2,1,3166.0,12.0,41.6830126,3,0,PET,LOWER VERTEX,LANG_09,Round-Trip,samsung,Direct,Direct,Logged-In,AREA_B,AREA_B,AREA_B_TO_AREA_B,BU,BE,120_plus,very_high,30_plus,Y,U,0,0.6337580509459961,26.4169448229334
11.0,41.3232406,,2,2,0,0,0,0,0,0,0,1,0,2.9166666666666665,12.0,34.6923,3,0,PET,NEW HORIZON,LANG_02,One-Way,google,Organic Search,Email,Logged-Out,AREA_C,AREA_B,AREA_C_TO_AREA_B,CE,BE,8_14,mid,unknown_or_oneway,Y,W,0,0.7611146077189641,26.40481630536862
20.0,48.57521619999999,,2,2,0,0,0,0,0,0,0,1,0,2.9166666666666665,13.0,34.6923,3,0,PET,NEW HORIZON,LANG_02,One-Way,google,Organic Search,MetaSearches,Logged-Out,AREA_C,AREA_B,AREA_C_TO_AREA_B,CE,BE,15_30,mid,unknown_or_oneway,Y,W,0,0.7610777565820331,26.40353785467087
0.0,156.1311971,,1,1,0,0,0,0,0,0,0,1,0,15.916666666666666,9.0,100.7353034,3,1,PET,LOWER VERTEX,LANG_02,Round-Trip,google,Paid Search,Paid Search,Logged-Out,AREA_B,AREA_C,AREA_B_TO_AREA_C,BU,CA,invalid_or_past,very_high,unknown_or_oneway,Y,W,0,0.26210356902970455,26.403082548430135
156.0,115.8183162,50.56944444444444,3,1,2,0,0,0,1,0,0,2,1,1217.5833333333333,16.0,31.4432162,1,1,PET,GREAT MERIDIAN,LANG_02,Round-Trip,google,Direct,Direct,Logged-Out,AREA_B,AREA_C,AREA_B_TO_AREA_C,BA,CA,120_plus,very_high,30_plus,Y,O,0,0.8393493542743793,26.3918432137797
188.0,151.69186760000002,14.277777777777779,2,2,0,0,0,0,0,1,0,2,1,344.5833333333333,10.0,45.3998,3,1,PET,UPPER APEX,LANG_02,Round-Trip,google,Direct,Direct,Logged-In,AREA_C,AREA_C,AREA_C_TO_AREA_C,CA,CE,120_plus,very_high,15_30,Y,V,0,0.5810995428833579,26.38180302699587
11.0,81.7808869,62.68055555555556,1,1,0,0,0,0,0,0,0,2,1,1510.0,10.0,40.3077413,3,1,PET,LOWER VERTEX,LANG_02,Round-Trip,google,Email,Email,Logged-Out,AREA_B,AREA_C,AREA_B_TO_AREA_C,BO,CA,8_14,high,30_plus,Y,U,0,0.6542003110196023,26.36933689495767
23.0,519.5356094,,2,2,0,0,0,0,0,0,0,2,1,-292.5833333333333,23.0,57.0898202,5,1,PET,UPPER APEX,LANG_09,Round-Trip,apple,MetaSearches,MetaSearches,Logged-Out,AREA_C,AREA_B,AREA_C_TO_AREA_B,CA,BO,15_30,very_high,unknown_or_oneway,Y,S,0,0.4617977796023179,26.363952206255554
130.0,99.0366656,88.28472222222223,1,1,0,0,0,0,0,1,0,2,1,2134.9166666666665,14.0,74.0959,3,1,PET,LOWER VERTEX,LANG_02,Round-Trip,mozilla,Direct,Direct,Logged-In,AREA_C,AREA_B,AREA_C_TO_AREA_B,CA,BU,120_plus,high,30_plus,Y,O,0,0.35577843528906566,26.36172336333508
23.0,45.4563356,,1,1,0,0,0,0,0,0,0,1,0,4.0,15.0,40.024635,4,1,PET,UPPER APEX,LANG_09,One-Way,apple,Direct,Direct,Logged-Out,AREA_B,AREA_C,AREA_B_TO_AREA_C,BO,CA,15_30,mid,unknown_or_oneway,Y,W,0,0.6586278424588725,26.361338995253877
39.0,1121.3133848,43.010416666666664,4,2,0,2,0,1,0,1,0,2,1,1038.9166666666667,23.0,76.2374,4,1,PET,UPPER APEX,LANG_02,Round-Trip,google,Direct,Organic Search,Logged-In,AREA_C,AREA_B,AREA_C_TO_AREA_B,CA,BU,31_60,very_high,30_plus,Y,K,0,0.34573499998495905,26.357937487853313
44.0,84.7353003,,1,1,0,0,0,0,0,1,0,4,1,-621.3333333333334,17.0,39.9244128,4,0,PET,NORTH MERIDIAN,LANG_02,Round-Trip,apple,Direct,Direct,Logged-In,AREA_B,AREA_C,AREA_B_TO_AREA_C,BI,CO,31_60,high,unknown_or_oneway,Y,O,0,0.6600288826942255,26.351265572607037
83.0,34.2314492,22.260416666666668,1,1,0,0,0,0,0,0,0,4,1,536.5833333333334,20.0,29.4177855,4,0,PET,SOUTH MERIDIAN,LANG_02,Round-Trip,google,Direct,Paid Search,Logged-Out,AREA_B,AREA_C,AREA_B_TO_AREA_C,BI,CI,61_120,mid,15_30,Y,W,0,0.8956355214439473,26.347613656018694
6.0,167.2888404,,3,3,0,0,0,0,0,0,0,1,0,4.0,15.0,40.024635,4,1,PET,UPPER APEX,LANG_09,One-Way,google,Paid Search,Paid Search,Logged-Out,AREA_B,AREA_C,AREA_B_TO_AREA_C,BO,CA,4_7,very_high,unknown_or_oneway,Y,S,0,0.657900989618505,26.33224697561945
11.0,262.90338899999995,25.00347222222222,2,2,0,0,0,0,0,0,0,4,1,602.8333333333334,14.0,43.4840141,5,0,PET,UPPER VERTEX,LANG_11,Round-Trip,google,Paid Search,Paid Search,Logged-Out,AREA_C,AREA_B,AREA_C_TO_AREA_B,CI,BI,8_14,very_high,15_30,Y,T,0,0.6055590083594575,26.332136457884673
153.0,28.478095300000003,15.82638888888889,1,1,0,0,0,0,0,1,0,2,1,383.0,15.0,29.021608,1,1,PET,GREAT MERIDIAN,LANG_09,Round-Trip,google,Paid Search,Paid Search,Logged-In,AREA_B,AREA_C,AREA_B_TO_AREA_C,BO,CA,120_plus,low,15_30,Y,O,0,0.9071879649287435,26.328053500479744
0.0,319.6998237,14.78125,2,2,0,0,0,0,0,0,0,2,1,358.0833333333333,22.0,100.7353034,3,1,PET,LOWER VERTEX,LANG_02,Round-Trip,google,Paid Search,Paid Search,Logged-Out,AREA_B,AREA_C,AREA_B_TO_AREA_C,BU,CA,invalid_or_past,very_high,15_30,Y,W,0,0.26132974194487885,26.32513084226108
16.0,44.7779084,14.82986111111111,2,2,0,0,0,0,0,0,0,2,1,359.0833333333333,17.0,27.1662124,4,1,PET,GREAT MERIDIAN,LANG_09,Round-Trip,apple,Paid Search,Paid Search,Logged-Out,AREA_B,AREA_C,AREA_B_TO_AREA_C,BO,CA,15_30,mid,15_30,Y,U,0,0.9689637538404166,26.323075144730073
20.0,44.922245499999995,,3,2,0,0,1,1,0,0,0,2,1,7.333333333333333,15.0,30.186584,4,0,PET,NEW AURORA,LANG_02,One-Way,google,Paid Search,Paid Search,Logged-Out,AREA_C,AREA_B,AREA_C_TO_AREA_B,CU,BO,15_30,mid,unknown_or_oneway,Y,L,0,0.8718717939904986,26.318831146524882
157.0,183.093967,10.371527777777779,2,2,0,0,0,0,0,1,0,4,1,250.16666666666666,19.0,46.7095414,5,0,PET,CENTRAL MERIDIAN,LANG_02,Round-Trip,google,Paid Search,Paid Search,Logged-In,AREA_B,AREA_B,AREA_B_TO_AREA_B,BI,BO,120_plus,very_high,9_14,Y,W,0,0.5634487425611543,26.318432367438177
23.0,170.5739014,,2,2,0,0,0,0,0,1,0,2,1,-673.1666666666666,21.0,39.454996,2,1,PET,UPPER VERTEX,LANG_02,Round-Trip,google,Paid Search,Paid Search,Logged-In,AREA_B,AREA_C,AREA_B_TO_AREA_C,BI,CA,15_30,very_high,unknown_or_oneway,Y,O,0,0.6668418527347215,26.310242632281028
49.0,121.2144679,10.260416666666666,2,2,0,0,0,0,0,0,0,4,1,248.58333333333334,21.0,29.4177855,4,0,PET,SOUTH MERIDIAN,LANG_02,Round-Trip,google,Paid Search,Paid Search,Logged-Out,AREA_B,AREA_C,AREA_B_TO_AREA_C,BI,CI,31_60,very_high,9_14,Y,V,0,0.8941027186106273,26.30252199105429
45.0,31.959746000000003,30.01736111111111,2,2,0,0,0,0,0,1,0,4,1,722.3333333333334,17.0,29.4978776,5,0,PET,UPPER APEX,LANG_09,Round-Trip,other,Direct,Organic Search,Logged-In,AREA_C,AREA_C,AREA_C_TO_AREA_C,CU,CU,31_60,low,30_plus,Y,U,0,0.8913798084051725,26.29381248344723
99.0,80.6082015,15.878472222222221,2,2,0,0,0,0,0,1,0,2,1,383.1666666666667,15.0,29.1449584,1,1,PET,SOUTH MERIDIAN,LANG_09,Round-Trip,google,Direct,Direct,Logged-In,AREA_B,AREA_C,AREA_B_TO_AREA_C,BI,CA,61_120,high,15_30,Y,V,0,0.9019104741349553,26.286143249187546
31.0,87.97410489999999,9.097222222222221,2,2,0,0,0,0,0,0,0,4,1,220.08333333333334,22.0,30.0358224,5,0,PET,UPPER MERIDIAN,LANG_02,Round-Trip,apple,Direct,Direct,Logged-Out,AREA_B,AREA_B,AREA_B_TO_AREA_B,BI,BO,31_60,high,9_14,Y,S,0,0.8746251952142092,26.27008703001932
50.0,245.7439778,84.31597222222223,1,1,0,0,0,0,0,1,0,2,1,2042.9166666666667,12.0,39.4036,2,0,PET,UPPER APEX,LANG_09,Round-Trip,microsoft,Email,Paid Search,Logged-In,AREA_C,AREA_B,AREA_C_TO_AREA_B,CA,BE,31_60,very_high,30_plus,P,R,0,0.6664198894188973,26.25934275470646
103.0,129.1611461,83.77777777777777,1,1,0,0,0,0,0,1,0,2,1,2014.0,13.0,50.4417476,1,1,PET,LOWER VERTEX,LANG_02,Round-Trip,apple,Direct,Direct,Logged-In,AREA_D,AREA_C,AREA_D_TO_AREA_C,DA,CA,61_120,very_high,30_plus,Y,O,0,0.5205287592396004,26.256380292105092
34.0,183.993397,217.0,1,1,0,0,0,0,0,0,0,2,1,5215.25,5.0,76.2374,3,1,PET,UPPER APEX,LANG_09,Round-Trip,apple,Email,Email,Logged-Out,AREA_C,AREA_B,AREA_C_TO_AREA_B,CA,BU,31_60,very_high,30_plus,Y,S,0,0.34427679870848543,26.246768013858286
276.0,147.15702720000002,45.673611111111114,1,1,0,0,0,0,0,0,0,4,1,1101.75,10.0,40.7480337,4,0,PET,LOWER VERTEX,LANG_02,Round-Trip,apple,Direct,Paid Search,Logged-Out,AREA_C,AREA_D,AREA_C_TO_AREA_D,CU,DA,120_plus,very_high,30_plus,Y,Q,0,0.6440108493141417,26.242175791018266
73.0,129.4802296,23.78472222222222,2,2,0,0,0,0,0,0,0,2,1,574.0,15.0,53.8668627,3,1,PET,LOWER VERTEX,LANG_09,Round-Trip,google,Paid Search,Paid Search,Logged-Out,AREA_B,AREA_C,AREA_B_TO_AREA_C,BU,CA,61_120,very_high,15_30,Y,O,0,0.48704860618867785,26.235780397791878
52.0,39.6610083,2.8541666666666665,2,2,0,0,0,0,0,1,0,2,1,70.91666666666667,14.0,84.2920098,2,0,PET,NORTH HORIZON,LANG_04,Round-Trip,google,Direct,Direct,Logged-In,AREA_B,AREA_B,AREA_B_TO_AREA_B,BA,BE,31_60,mid,3_5,Y,O,0,0.31124314162150735,26.235309943742887
16.0,63.8985053,,1,1,0,0,0,0,0,0,0,1,0,4.0,18.0,40.024635,4,1,PET,OLD HORIZON,LANG_02,One-Way,google,Paid Search,Paid Search,Logged-Out,AREA_B,AREA_C,AREA_B_TO_AREA_C,BO,CA,15_30,high,unknown_or_oneway,Y,V,0,0.6551471305599816,26.222024771960612
28.0,36.9014714,16.375,2,2,0,0,0,0,0,0,0,2,1,394.8333333333333,11.0,40.9716063,3,1,PET,SOUTH HORIZON,LANG_09,Round-Trip,google,Direct,Organic Search,Logged-Out,AREA_C,AREA_C,AREA_C_TO_AREA_C,CA,CA,15_30,mid,15_30,Y,V,0,0.6399450389463341,26.219576189347368
96.0,112.12894,10.17361111111111,2,2,0,0,0,0,0,0,0,4,1,248.08333333333334,1.0,29.5154379,3,0,PET,GREAT MERIDIAN,LANG_03,Round-Trip,google,Organic Search,MetaSearches,Logged-Out,AREA_B,AREA_C,AREA_B_TO_AREA_C,BA,CE,61_120,very_high,9_14,Y,T,0,0.8873121910231934,26.189407872058
20.0,37.5302158,18.26736111111111,1,1,0,0,0,0,0,0,0,4,1,440.6666666666667,9.0,30.721959,5,0,PET,NORTH ZENITH,LANG_06,Round-Trip,google,Direct,Organic Search,Logged-Out,AREA_C,AREA_D,AREA_C_TO_AREA_D,CI,DA,15_30,mid,15_30,Y,W,0,0.8519759379196397,26.174369833753712
44.0,63.86381300000001,11.256944444444445,2,2,0,0,0,0,0,1,0,4,1,271.5,17.0,29.9099022,4,0,PET,EAST VERTEX,LANG_02,Round-Trip,google,Direct,Paid Search,Logged-In,AREA_B,AREA_C,AREA_B_TO_AREA_C,BO,CE,31_60,high,9_14,Y,W,0,0.8748641203077074,26.167100276692565
71.0,233.1969293,22.739583333333332,2,2,0,0,0,0,0,0,0,2,1,548.9166666666666,14.0,100.7353034,3,1,PET,LOWER VERTEX,LANG_02,Round-Trip,google,Paid Search,Paid Search,Logged-Out,AREA_B,AREA_C,AREA_B_TO_AREA_C,BU,CA,61_120,very_high,15_30,Y,O,0,0.2596726270059606,26.158200866120477
54.0,342.8978366,6.642361111111111,2,2,0,0,0,0,0,1,1,2,1,165.33333333333334,14.0,76.2374,5,0,PET,UPPER APEX,LANG_02,Round-Trip,mozilla,Direct,Organic Search,Logged-In,AREA_B,AREA_C,AREA_B_TO_AREA_C,BE,CA,31_60,very_high,6_8,Y,V,0,0.3431011628411892,26.157140591988874
67.0,309.1507947,98.76388888888889,1,1,0,0,0,0,0,0,0,2,1,2375.0,13.0,38.499887,2,1,PET,NORTH MERIDIAN,LANG_02,Round-Trip,google,Direct,Email,Logged-Out,AREA_B,AREA_C,AREA_B_TO_AREA_C,BI,CA,61_120,very_high,30_plus,Y,O,0,0.679387286387906,26.15633375517102
8.0,118.4647819,15.85763888888889,2,1,1,0,0,0,1,1,0,2,1,384.0,15.0,31.488616,2,1,PET,LOWER APEX,LANG_02,Round-Trip,microsoft,Direct,Direct,Logged-In,AREA_B,AREA_C,AREA_B_TO_AREA_C,BO,CA,8_14,very_high,15_30,Y,T,1,0.8305887176925898,26.154089185354366
47.0,118.3581352,31.01388888888889,1,1,0,0,0,0,0,0,0,4,1,747.4166666666666,15.0,44.2082694,2,0,PET,NORTH MERIDIAN,LANG_02,Round-Trip,google,Paid Search,Paid Search,Logged-Out,AREA_B,AREA_B,AREA_B_TO_AREA_B,BO,BI,31_60,very_high,30_plus,Y,W,0,0.5914315996414469,26.146167488622027
66.0,33.445947000000004,21.82986111111111,1,1,0,0,0,0,0,0,0,2,1,527.0833333333334,16.0,29.21006,1,1,PET,GREAT MERIDIAN,LANG_09,Round-Trip,google,Paid Search,Paid Search,Logged-Out,AREA_B,AREA_C,AREA_B_TO_AREA_C,BO,CA,61_120,low,15_30,Y,L,0,0.8951027789736893,26.146005879988202
17.0,41.2876917,,1,1,0,0,0,0,0,1,0,1,0,4.0,22.0,40.024635,4,1,PET,UPPER APEX,LANG_02,One-Way,apple,Direct,Direct,Logged-In,AREA_B,AREA_C,AREA_B_TO_AREA_C,BO,CA,15_30,mid,unknown_or_oneway,Y,L,0,0.6532203656300571,26.144906708909584
148.0,419.1018292,212.41319444444446,4,2,0,1,1,1,0,1,1,2,1,5113.833333333333,13.0,74.0959,3,1,PET,LOWER VERTEX,LANG_02,Round-Trip,google,Direct,Affiliate,Logged-In,AREA_C,AREA_B,AREA_C_TO_AREA_B,CA,BU,120_plus,very_high,30_plus,Y,W,0,0.3528190511356269,26.142445131040297
7.0,325.6913124,,2,2,0,0,0,0,0,1,1,2,1,-217.66666666666666,19.0,40.47435,4,1,PET,UPPER APEX,LANG_02,Round-Trip,apple,Direct,Direct,Logged-In,AREA_C,AREA_C,AREA_C_TO_AREA_C,CA,CA,4_7,very_high,unknown_or_oneway,Y,V,0,0.64580278178475,26.1384478209296
29.0,22.423218199999997,,2,2,0,0,0,0,0,1,0,1,0,3.0,21.0,37.767494,4,1,PET,UPPER APEX,LANG_09,One-Way,apple,Direct,Direct,Logged-In,AREA_C,AREA_C,AREA_C_TO_AREA_C,CI,CA,15_30,low,unknown_or_oneway,Y,U,0,0.6918394057486584,26.129040605576023
,127.7850182,4.229166666666667,2,2,0,0,0,0,0,1,1,2,1,103.41666666666667,12.0,26.5546,3,1,PET,UPPER APEX,LANG_09,Round-Trip,google,Email,Organic Search,Logged-In,AREA_C,AREA_C,AREA_C_TO_AREA_C,CA,CU,MISSING,very_high,3_5,Y,W,1,0.9835934992057069,26.118931934007865
68.0,227.9463996,16.21527777777778,2,2,0,0,0,0,0,1,0,2,1,393.0833333333333,21.0,29.21006,4,1,PET,UPPER APEX,LANG_09,Round-Trip,apple,Direct,Direct,Logged-In,AREA_C,AREA_C,AREA_C_TO_AREA_C,CA,CI,61_120,very_high,15_30,C,Z,1,0.8940971011343534,26.116629969960528
15.0,87.1046559,,1,1,0,0,0,0,0,0,0,1,0,14.75,16.0,40.2075191,4,1,PET,LOWER VERTEX,LANG_02,One-Way,google,Direct,Organic Search,Logged-Out,AREA_B,AREA_C,AREA_B_TO_AREA_C,BU,CA,15_30,high,unknown_or_oneway,Y,T,0,0.6494599407642705,26.113172972964275
32.0,22.6296588,,1,1,0,0,0,0,0,0,0,2,1,4.0,22.0,30.5343636,5,0,PET,UPPER VERTEX,LANG_02,One-Way,apple,Organic Search,Organic Search,Logged-Out,AREA_C,AREA_C,AREA_C_TO_AREA_C,CU,CU,31_60,low,unknown_or_oneway,Y,W,0,0.855158306182354,26.111714656532126
204.0,138.2860776,18.569444444444443,4,2,1,1,0,1,1,0,0,4,1,449.5833333333333,19.0,30.4803978,4,0,PET,GREAT MERIDIAN,LANG_03,Round-Trip,google,Paid MetaSearches,Paid Search,Logged-Out,AREA_B,AREA_C,AREA_B_TO_AREA_C,BA,CU,120_plus,very_high,15_30,Y,L,0,0.8564400606487532,26.104633740430124
76.0,164.9516073,67.65625,2,2,0,0,0,0,0,0,0,2,1,1627.0,17.0,52.9704308,1,1,PET,NORTH MERIDIAN,LANG_02,Round-Trip,google,Paid Search,Paid Search,Logged-Out,AREA_B,AREA_C,AREA_B_TO_AREA_C,BI,CA,61_120,very_high,30_plus,Y,O,0,0.4928071945144978,26.104209394772347
184.0,418.6623934,38.77777777777778,3,2,0,1,0,1,0,0,0,2,1,933.9166666666666,14.0,47.6856371,3,0,PET,LOWER VERTEX,LANG_09,Round-Trip,google,Paid Search,Paid Search,Logged-Out,AREA_B,AREA_B,AREA_B_TO_AREA_B,BU,BE,120_plus,very_high,30_plus,Y,L,0,0.5473524594775011,26.100850748436574
34.0,81.1011748,,1,1,0,0,0,0,0,0,0,1,0,10.083333333333334,20.0,52.9730006,5,1,PET,NEW VERTEX,LANG_10,One-Way,samsung,Direct,Direct,Logged-Out,AREA_C,AREA_C,AREA_C_TO_AREA_C,CA,CE,31_60,high,unknown_or_oneway,Y,Q,0,0.49258699430550135,26.09381114489752
73.0,224.43005660000003,42.27777777777778,2,2,0,0,0,0,0,1,0,2,1,1034.25,17.0,40.47435,5,1,PET,UPPER VERTEX,LANG_11,Round-Trip,apple,Direct,Direct,Logged-In,AREA_C,AREA_D,AREA_C_TO_AREA_D,CA,DA,61_120,very_high,30_plus,Y,U,0,0.6444459022086007,26.083529002056675
83.0,91.2985695,32.763888888888886,1,1,0,0,0,0,0,0,0,2,1,790.0,15.0,43.90075,3,1,PET,UPPER VERTEX,LANG_11,Round-Trip,google,Direct,Paid Search,Logged-Out,AREA_D,AREA_C,AREA_D_TO_AREA_C,DA,CA,61_120,high,30_plus,Y,O,0,0.5936074852716344,26.059813809038708
105.0,112.2428678,27.21527777777778,1,1,0,0,0,0,0,0,0,2,1,657.0833333333334,15.0,29.21006,1,1,PET,UPPER APEX,LANG_02,Round-Trip,microsoft,Direct,Direct,Logged-Out,AREA_C,AREA_C,AREA_C_TO_AREA_C,CA,CI,61_120,very_high,15_30,C,Z,1,0.8920415297976702,26.05658660788173
28.0,92.457121,39.25694444444444,1,1,0,0,0,0,0,0,0,4,1,944.25,16.0,30.088075,2,0,PET,NEW MERIDIAN,LANG_02,Round-Trip,microsoft,Paid Search,Paid Search,Logged-Out,AREA_B,AREA_C,AREA_B_TO_AREA_C,BA,CI,15_30,high,30_plus,C,F,0,0.8658829149863481,26.052750087327865
86.0,198.8142902,,1,1,0,0,0,0,0,0,1,2,1,449.8333333333333,14.0,76.2374,1,1,PET,UPPER APEX,LANG_09,Multi-City,google,Email,Affiliate,Logged-Out,AREA_C,AREA_C,AREA_C_TO_AREA_C,CA,CA,61_120,very_high,unknown_or_oneway,Y,W,0,0.3417253129304652,26.052249372005047
2.0,30.6251632,9.878472222222221,1,1,0,0,0,0,0,0,0,2,1,239.16666666666666,14.0,52.76656,3,1,PET,SOUTH MERIDIAN,LANG_09,Round-Trip,apple,Direct,Direct,Logged-Out,AREA_B,AREA_C,AREA_B_TO_AREA_C,BI,CA,0_3,low,9_14,Y,W,0,0.4936589338670186,26.04868375343007
68.0,32.188886499999995,9.677083333333334,1,1,0,0,0,0,0,0,0,2,1,238.91666666666666,16.0,54.1568218,2,1,PET,EAST HORIZON,LANG_02,Round-Trip,google,Direct,Organic Search,Logged-Out,AREA_C,AREA_C,AREA_C_TO_AREA_C,CE,CA,61_120,low,9_14,Y,O,0,0.4809581072025596,26.04716250503432
82.0,154.6616998,,1,1,0,0,0,0,0,1,0,2,1,193.83333333333334,21.0,76.2374,2,1,PET,UPPER APEX,LANG_09,Multi-City,google,Direct,Direct,Logged-In,AREA_C,AREA_C,AREA_C_TO_AREA_C,CA,CA,61_120,very_high,unknown_or_oneway,Y,L,0,0.34163990439577513,26.045738047382464
214.0,235.57742070000003,,3,1,0,2,0,1,0,0,0,1,0,14.416666666666666,10.0,50.3676517,4,1,PET,LOWER VERTEX,LANG_02,One-Way,google,Direct,MetaSearches,Logged-Out,AREA_B,AREA_C,AREA_B_TO_AREA_C,BU,CA,120_plus,very_high,unknown_or_oneway,Y,S,0,0.5169484253006532,26.03747823240677
116.0,58.1096025,16.010416666666668,2,2,0,0,0,0,0,1,0,4,1,386.75,18.0,28.2361058,5,0,PET,NORTH HORIZON,LANG_04,Round-Trip,apple,Paid Search,Paid Search,Logged-In,AREA_C,AREA_C,AREA_C_TO_AREA_C,CE,CE,61_120,high,15_30,Y,U,0,0.922003231953828,26.03378080539023
117.0,43.8570634,41.420138888888886,1,1,0,0,0,0,0,1,0,4,1,995.75,20.0,30.0358224,3,0,PET,UPPER APEX,LANG_09,Round-Trip,google,Direct,Organic Search,Logged-In,AREA_B,AREA_B,AREA_B_TO_AREA_B,BI,BO,61_120,mid,30_plus,Y,V,0,0.8666746293146331,26.031285244680156
64.0,57.23629880000001,23.85763888888889,2,2,0,0,0,0,0,0,0,2,1,575.0833333333334,10.0,29.9373134,3,1,PET,NORTH HORIZON,LANG_04,Round-Trip,microsoft,Paid Search,Paid Search,Logged-Out,AREA_C,AREA_C,AREA_C_TO_AREA_C,CE,CA,61_120,high,15_30,Y,O,0,0.8693701463305129,26.026606531300427
58.0,541.4230243,9.78125,4,2,0,2,0,1,0,0,0,2,1,238.08333333333334,10.0,80.9649754,3,1,PET,LOWER VERTEX,LANG_02,Round-Trip,google,Paid Search,Paid Search,Logged-Out,AREA_B,AREA_C,AREA_B_TO_AREA_C,BU,CA,31_60,very_high,9_14,Y,L,0,0.32144770143499163,26.026005239070642
33.0,180.20636839999997,14.465277777777779,1,1,0,0,0,0,0,1,0,4,1,348.0833333333333,22.0,76.2374,2,0,PET,SOUTH HORIZON,LANG_02,Round-Trip,apple,Direct,Direct,Logged-In,AREA_B,AREA_C,AREA_B_TO_AREA_C,BE,CA,31_60,very_high,15_30,Y,S,0,0.3411364935609818,26.007359314205992
115.0,200.735644,88.36111111111111,1,1,0,0,0,0,0,1,0,2,1,2127.9166666666665,13.0,76.2374,2,1,PET,UPPER APEX,LANG_09,Round-Trip,samsung,Direct,Direct,Logged-In,AREA_C,AREA_B,AREA_C_TO_AREA_B,CA,BU,61_120,very_high,30_plus,Y,W,0,0.3409667600837242,25.994419275206912
30.0,276.2907621,89.84722222222223,2,2,0,0,0,0,0,0,0,4,1,2159.1666666666665,20.0,43.4840141,2,0,PET,NORTH MERIDIAN,LANG_02,Round-Trip,google,Paid Search,Paid Search,Logged-Out,AREA_C,AREA_B,AREA_C_TO_AREA_B,CI,BI,15_30,very_high,30_plus,Y,T,0,0.5975375322354453,25.983330477005307
36.0,100.0020538,69.21527777777777,1,1,0,0,0,0,0,0,0,2,1,1677.25,9.0,74.0959,3,1,PET,LOWER VERTEX,LANG_02,Round-Trip,apple,Direct,Direct,Logged-Out,AREA_C,AREA_B,AREA_C_TO_AREA_B,CA,BU,31_60,high,30_plus,Y,L,0,0.3506706013358731,25.98325380952272
191.0,950.3424493,14.784722222222221,5,2,2,1,0,1,1,1,0,2,1,358.0,8.0,100.7353034,3,1,PET,LOWER VERTEX,LANG_02,Round-Trip,microsoft,Paid Search,Paid Search,Logged-In,AREA_B,AREA_C,AREA_B_TO_AREA_C,BU,CA,120_plus,very_high,15_30,Y,L,0,0.25790707922445283,25.980347874683094
6.0,357.2017717,12.239583333333334,1,1,0,0,0,0,0,0,0,2,1,308.25,17.0,76.2374,4,1,PET,UPPER APEX,LANG_02,Round-Trip,mozilla,MetaSearches,MetaSearches,Logged-Out,AREA_C,AREA_B,AREA_C_TO_AREA_B,CA,BU,4_7,very_high,9_14,C,Z,0,0.3407560076082069,25.978352054429912
121.0,90.8706978,67.21527777777777,1,1,0,0,0,0,0,1,0,2,1,1617.0833333333333,15.0,29.21006,1,1,PET,UPPER APEX,LANG_09,Round-Trip,google,Email,Paid Search,Logged-In,AREA_C,AREA_C,AREA_C_TO_AREA_C,CA,CI,120_plus,high,30_plus,C,Z,1,0.8892903152015451,25.976223464456044
87.0,86.4219457,11.784722222222221,2,2,0,0,0,0,0,0,0,2,1,287.0,17.0,31.471484,1,1,PET,GREAT MERIDIAN,LANG_03,Round-Trip,microsoft,Email,Email,Logged-Out,AREA_C,AREA_C,AREA_C_TO_AREA_C,CI,CA,61_120,high,9_14,Y,L,0,0.825378571411621,25.975888504123688
8.0,23.560783,26.53125,1,1,0,0,0,0,0,1,1,4,1,639.9166666666666,11.0,29.4828871,5,0,PET,GREAT MERIDIAN,LANG_09,Round-Trip,google,Organic Search,Paid Search,Logged-In,AREA_B,AREA_B,AREA_B_TO_AREA_B,BO,BE,8_14,low,15_30,Y,W,1,0.8810276570186288,25.975238943857757
100.0,115.5026591,92.04166666666667,1,1,0,0,0,0,0,0,0,4,1,2210.6666666666665,7.0,42.6612498,2,0,PET,OLD APEX,LANG_02,Round-Trip,google,MetaSearches,MetaSearches,Logged-Out,AREA_C,AREA_B,AREA_C_TO_AREA_B,CO,BI,61_120,very_high,30_plus,Y,V,0,0.6087829856418936,25.971443024458637
70.0,77.5300094,12.177083333333334,1,1,0,0,0,0,0,0,0,2,1,297.0,12.0,53.2017128,2,1,PET,LOWER VERTEX,LANG_02,Round-Trip,apple,Direct,Direct,Logged-Out,AREA_C,AREA_C,AREA_C_TO_AREA_C,CE,CA,61_120,high,9_14,C,I,0,0.4880674120959639,25.96602228536872
63.0,76.9235366,24.770833333333332,1,1,0,0,0,0,0,0,0,2,1,598.0,15.0,53.8668627,1,1,PET,LOWER VERTEX,LANG_02,Round-Trip,apple,Direct,Direct,Logged-Out,AREA_B,AREA_C,AREA_B_TO_AREA_C,BU,CA,61_120,high,15_30,Y,V,0,0.48193928490588966,25.96055728976174
170.0,87.6190442,10.899305555555555,3,2,1,0,0,0,1,1,1,2,1,263.3333333333333,20.0,31.321579,1,1,PET,LOWER MERIDIAN,LANG_02,Round-Trip,google,Direct,Direct,Logged-In,AREA_B,AREA_C,AREA_B_TO_AREA_C,BO,CA,120_plus,high,9_14,Y,T,0,0.8287502376616934,25.957766040189505
15.0,153.7164417,,1,1,0,0,0,0,0,0,0,1,0,20.833333333333332,14.0,38.1187,5,1,PET,UPPER APEX,LANG_02,One-Way,apple,Email,Paid Search,Logged-Out,AREA_C,AREA_B,AREA_C_TO_AREA_B,CA,BU,15_30,very_high,unknown_or_oneway,Y,T,0,0.6808999838464018,25.955022214245837
24.0,14.6401506,,1,1,0,0,0,0,0,0,0,1,0,2.6666666666666665,16.0,52.869352,4,1,PET,WEST APEX,LANG_02,One-Way,google,Direct,Paid Search,Logged-Out,AREA_B,AREA_C,AREA_B_TO_AREA_C,BO,CA,15_30,very_low,unknown_or_oneway,Y,W,0,0.4908148966118789,25.94906553581703
196.0,30.7155345,27.54861111111111,2,2,0,0,0,0,0,0,0,4,1,663.6666666666666,7.0,30.6932629,5,0,PET,NORTH HORIZON,LANG_04,Round-Trip,microsoft,Direct,Paid Search,Logged-Out,AREA_C,AREA_C,AREA_C_TO_AREA_C,CE,CU,120_plus,low,15_30,Y,O,0,0.8453180651921377,25.94556960906162
55.0,127.0205027,7.71875,2,2,0,0,0,0,0,0,0,4,1,190.0,13.0,44.5851734,5,0,PET,LOWER VERTEX,LANG_02,Round-Trip,apple,Direct,Direct,Logged-Out,AREA_B,AREA_B,AREA_B_TO_AREA_B,BU,BE,31_60,very_high,6_8,Y,L,0,0.5819118239230706,25.944639573120373
8.0,40.3355808,7.385416666666667,2,2,0,0,0,0,0,1,0,4,1,179.75,15.0,29.3681027,5,0,PET,NORTH HORIZON,LANG_09,Round-Trip,apple,Direct,Direct,Logged-In,AREA_C,AREA_C,AREA_C_TO_AREA_C,CE,CU,8_14,mid,6_8,Y,W,0,0.8832473969009066,25.93930026169349
44.0,43.4129163,12.51388888888889,1,1,0,0,0,0,0,1,0,4,1,302.4166666666667,14.0,30.088075,5,0,PET,WEST APEX,LANG_02,Round-Trip,yandex,Direct,Direct,Logged-In,AREA_B,AREA_C,AREA_B_TO_AREA_C,BA,CI,31_60,mid,9_14,Y,U,0,0.8620075479880762,25.936147754431335
65.0,158.6945726,44.74305555555556,1,1,0,0,0,0,0,1,0,4,1,1080.4166666666667,14.0,40.7480337,5,0,PET,WEST AURORA,LANG_02,Round-Trip,google,Paid Search,Paid Search,Logged-In,AREA_C,AREA_D,AREA_C_TO_AREA_D,CU,DA,61_120,very_high,30_plus,Y,K,0,0.6364726416167373,25.935008649726836
75.0,47.0192023,13.527777777777779,3,2,0,1,0,1,0,1,0,2,1,326.75,11.0,31.407239,1,1,PET,NEW AURORA,LANG_02,Round-Trip,apple,Direct,Direct,Logged-In,AREA_C,AREA_C,AREA_C_TO_AREA_C,CU,CA,61_120,mid,9_14,Y,V,0,0.8255752881474521,25.929040387340894
29.0,100.826103,,1,1,0,0,0,0,0,0,0,2,1,18.25,11.0,40.140276,3,0,PET,LOWER VERTEX,LANG_02,One-Way,apple,Paid Search,Paid Search,Logged-Out,AREA_B,AREA_B,AREA_B_TO_AREA_B,BU,BE,15_30,high,unknown_or_oneway,Y,V,0,0.6459020807334633,25.9266877896155
7.0,237.8534069,13.684027777777779,1,1,0,0,0,0,0,0,0,2,1,333.75,21.0,76.2374,1,0,PET,UPPER APEX,LANG_02,Round-Trip,apple,Direct,Direct,Logged-Out,AREA_B,AREA_C,AREA_B_TO_AREA_C,BE,CA,4_7,very_high,9_14,Y,M,0,0.3400183634725387,25.922115983401323
32.0,44.3581744,,2,2,0,0,0,0,0,0,0,1,0,4.5,18.0,27.693878,4,1,PET,WEST MERIDIAN,LANG_02,One-Way,google,Direct,Direct,Logged-Out,AREA_C,AREA_B,AREA_C_TO_AREA_B,CA,BO,31_60,mid,unknown_or_oneway,Y,O,0,0.9358543716691954,25.917436794773355
18.0,49.5808646,,1,1,0,0,0,0,0,1,0,1,0,4.0,19.0,40.024635,4,1,PET,UPPER APEX,LANG_02,One-Way,apple,Paid Search,Paid Search,Logged-In,AREA_B,AREA_C,AREA_B_TO_AREA_C,BO,CA,15_30,mid,unknown_or_oneway,Y,V,0,0.6474876251237122,25.91545586259341
32.0,97.06305919999998,40.739583333333336,1,1,0,0,0,0,0,0,0,2,1,980.9166666666666,13.0,55.0862328,3,1,PET,LOWER VERTEX,LANG_02,Round-Trip,apple,Direct,Direct,Logged-Out,AREA_B,AREA_C,AREA_B_TO_AREA_C,BU,CA,31_60,high,30_plus,Y,O,0,0.4704326417022229,25.914362017527637
13.0,244.0980209,87.77777777777777,2,2,0,0,0,0,0,0,0,2,1,2110.3333333333335,15.0,39.78907,2,1,PET,NORTH MERIDIAN,LANG_02,Round-Trip,google,Paid Search,Paid Search,Logged-Out,AREA_B,AREA_C,AREA_B_TO_AREA_C,BI,CA,8_14,very_high,30_plus,Y,O,0,0.6512343115276273,25.912007607774573
102.0,141.3398566,166.71875,2,2,0,0,0,0,0,0,0,2,1,4004.75,16.0,50.6045016,1,1,PET,LOWER VERTEX,LANG_02,Round-Trip,apple,Direct,Direct,Logged-Out,AREA_B,AREA_C,AREA_B_TO_AREA_C,BU,CA,61_120,very_high,30_plus,Y,O,1,0.5120324636723088,25.91114762715729
47.0,307.15406010000004,33.74305555555556,2,1,0,1,0,1,0,0,0,4,1,816.4166666666666,22.0,40.7480337,5,0,PET,LOWER VERTEX,LANG_02,Round-Trip,apple,Direct,Direct,Logged-Out,AREA_C,AREA_D,AREA_C_TO_AREA_D,CU,DA,31_60,very_high,30_plus,Y,K,0,0.6358421822275467,25.909318669289615
128.0,149.1336317,97.97222222222223,1,1,0,0,0,0,0,0,0,2,1,2354.5,8.0,42.1327276,4,1,PET,LOWER VERTEX,LANG_09,Round-Trip,apple,Paid Search,Paid Search,Logged-Out,AREA_B,AREA_C,AREA_B_TO_AREA_C,BU,CA,120_plus,very_high,30_plus,Y,U,0,0.6148546559336436,25.905503732043933
48.0,177.91667660000002,79.59027777777777,2,1,0,1,0,1,0,0,0,2,1,1913.3333333333333,14.0,55.0862328,3,1,PET,LOWER VERTEX,LANG_02,Round-Trip,google,Paid Search,Paid Search,Logged-Out,AREA_B,AREA_C,AREA_B_TO_AREA_C,BU,CA,31_60,very_high,30_plus,Y,O,0,0.470095280731469,25.895778072555053
115.0,42.4423885,7.173611111111111,1,1,0,0,0,0,0,1,0,2,1,176.08333333333334,18.0,43.5341252,4,1,PET,GREAT MERIDIAN,LANG_03,Round-Trip,other,Direct,Direct,Logged-In,AREA_B,AREA_C,AREA_B_TO_AREA_C,BA,CA,61_120,mid,6_8,Y,U,0,0.5947546121226658,25.89212174742557
46.0,138.4616806,35.31944444444444,1,1,0,0,0,0,0,0,0,2,1,863.8333333333334,18.0,57.0898202,5,1,PET,LOWER VERTEX,LANG_02,Round-Trip,google,Direct,Paid Search,Logged-Out,AREA_C,AREA_B,AREA_C_TO_AREA_B,CA,BO,31_60,very_high,30_plus,Y,U,0,0.4534286188480528,25.886158323569664
3.0,46.732241300000005,48.802083333333336,1,1,0,0,0,0,0,0,0,4,1,1175.0833333333333,13.0,31.3798278,4,0,PET,GREAT MERIDIAN,LANG_03,Round-Trip,google,Paid Search,Paid Search,Logged-Out,AREA_B,AREA_B,AREA_B_TO_AREA_B,BA,BE,0_3,mid,30_plus,Y,L,0,0.824309841772896,25.866700888678725
52.0,132.30058509999998,,1,1,0,0,0,0,0,1,0,2,1,-719.4166666666666,19.0,43.3799372,5,1,PET,UPPER VERTEX,LANG_10,Round-Trip,apple,Direct,Direct,Logged-In,AREA_C,AREA_B,AREA_C_TO_AREA_B,CA,BO,31_60,very_high,unknown_or_oneway,Y,L,1,0.595967730910178,25.85304274011002
2.0,97.125591,,1,1,0,0,0,0,0,1,1,3,1,35.75,11.0,48.8262,4,1,PET,LOWER VERTEX,LANG_02,One-Way,google,Direct,Direct,Logged-In,AREA_B,AREA_C,AREA_B_TO_AREA_C,BU,CA,0_3,high,unknown_or_oneway,Y,S,0,0.5294279800055831,25.849956437348602
40.0,43.780826000000005,,3,2,0,1,0,1,0,0,0,1,0,3.6666666666666665,18.0,51.396,3,1,PET,UPPER APEX,LANG_02,Round-Trip,apple,Direct,Direct,Logged-Out,AREA_C,AREA_B,AREA_C_TO_AREA_B,CA,BA,31_60,mid,unknown_or_oneway,Y,O,0,0.5029226177420097,25.848210861468335
158.0,108.5385011,27.5625,4,2,1,1,0,1,1,0,0,2,1,665.4166666666666,17.0,30.2011462,1,1,PET,GREAT MERIDIAN,LANG_02,Round-Trip,google,Direct,Organic Search,Logged-Out,AREA_B,AREA_C,AREA_B_TO_AREA_C,BA,CA,120_plus,very_high,15_30,Y,O,0,0.8558249297217425,25.846893824131072
20.0,57.341232299999994,3.21875,2,2,0,0,0,0,0,1,0,4,1,82.33333333333333,13.0,47.75545,4,0,PET,OLD MERIDIAN,LANG_02,Round-Trip,apple,Direct,Organic Search,Logged-In,AREA_B,AREA_B,AREA_B_TO_AREA_B,BU,BE,15_30,high,3_5,Y,W,0,0.5411259076308058,25.84171122556757
68.0,98.4584606,70.21527777777777,1,1,0,0,0,0,0,0,0,2,1,1701.4166666666667,14.0,41.8543326,5,1,PET,LOWER VERTEX,LANG_02,Round-Trip,google,Direct,Paid Search,Logged-Out,AREA_C,AREA_B,AREA_C_TO_AREA_B,CA,BO,61_120,high,30_plus,Y,U,0,0.6173792516317907,25.839996538136063
26.0,73.3360958,,1,1,0,0,0,0,0,1,0,1,0,14.166666666666666,11.0,50.3676517,4,1,PET,UPPER APEX,LANG_09,One-Way,google,Organic Search,MetaSearches,Logged-In,AREA_B,AREA_C,AREA_B_TO_AREA_C,BU,CA,15_30,high,unknown_or_oneway,Y,S,0,0.5128381683353799,25.830454241182384
64.0,50.9133059,9.881944444444445,2,2,0,0,0,0,0,0,0,2,1,239.16666666666666,18.0,30.1917236,1,1,PET,CENTRAL APEX,LANG_09,Round-Trip,google,Direct,Organic Search,Logged-Out,AREA_C,AREA_C,AREA_C_TO_AREA_C,CU,CA,61_120,mid,9_14,Y,V,0,0.8554052838258285,25.826159895248963
8.0,32.1087944,,2,2,0,0,0,0,0,0,0,1,0,4.5,12.0,27.693878,5,1,PET,WEST MERIDIAN,LANG_02,One-Way,google,Paid Search,Paid Search,Logged-Out,AREA_C,AREA_B,AREA_C_TO_AREA_B,CA,BO,8_14,low,unknown_or_oneway,Y,O,0,0.9324884650339338,25.82422178705703
84.0,35.424693,14.274305555555555,1,1,0,0,0,0,0,0,0,4,1,344.6666666666667,14.0,30.2148518,5,0,PET,SOUTH MERIDIAN,LANG_01,Round-Trip,apple,Direct,Direct,Logged-Out,AREA_B,AREA_C,AREA_B_TO_AREA_C,BI,CU,61_120,mid,15_30,Y,V,0,0.8543939405843294,25.815386293573518
16.0,62.5630659,,2,2,0,0,0,0,0,0,0,1,0,5.416666666666667,12.0,38.1187,4,1,PET,UPPER APEX,LANG_09,One-Way,google,Direct,Direct,Logged-Out,AREA_C,AREA_C,AREA_C_TO_AREA_C,CE,CA,15_30,high,unknown_or_oneway,Y,L,0,0.6772193970174768,25.81472302909009
59.0,131.5107999,193.09722222222223,1,1,0,0,0,0,0,0,0,2,1,4648.75,14.0,91.3345467,3,1,PET,UPPER APEX,LANG_02,Round-Trip,apple,Direct,Direct,Logged-Out,AREA_C,AREA_B,AREA_C_TO_AREA_B,CA,BI,31_60,very_high,30_plus,Y,L,0,0.28258246318114816,25.809541180019608
80.0,222.0598444,11.833333333333334,2,2,0,0,0,0,0,0,0,3,1,289.9166666666667,9.0,76.2374,2,0,PET,UPPER APEX,LANG_09,Round-Trip,apple,Direct,Direct,Logged-Out,AREA_B,AREA_C,AREA_B_TO_AREA_C,BE,CA,61_120,very_high,9_14,Y,O,0,0.3385044233159843,25.80669712211002
126.0,100.175087,43.770833333333336,1,1,0,0,0,0,0,1,1,2,1,1054.0,13.0,50.5355453,1,1,PET,LOWER VERTEX,LANG_02,Round-Trip,google,Direct,Direct,Logged-In,AREA_B,AREA_C,AREA_B_TO_AREA_C,BU,CA,120_plus,high,30_plus,Y,U,0,0.5105437110578432,25.80060483779375
12.0,84.6693421,,1,1,0,0,0,0,0,1,0,1,0,14.5,10.0,40.2075191,4,1,PET,LOWER VERTEX,LANG_02,One-Way,apple,Direct,Direct,Logged-In,AREA_B,AREA_C,AREA_B_TO_AREA_C,BU,CA,8_14,high,unknown_or_oneway,Y,W,0,0.6414945898507793,25.792905973971877
76.0,22.4373521,11.85763888888889,1,1,0,0,0,0,0,0,1,2,1,287.0833333333333,1.0,31.3798278,1,0,PET,NORTH HORIZON,LANG_09,Round-Trip,apple,Direct,Direct,Logged-Out,AREA_B,AREA_B,AREA_B_TO_AREA_B,BA,BE,61_120,low,9_14,Y,O,0,0.8217473347361164,25.786289859128292
20.0,83.9832055,4.145833333333333,4,2,0,2,0,1,0,0,0,2,1,101.83333333333333,18.0,47.79828,4,0,PET,UPPER VERTEX,LANG_11,Round-Trip,apple,Direct,Direct,Logged-Out,AREA_B,AREA_B,AREA_B_TO_AREA_B,BE,BA,15_30,high,3_5,Y,V,0,0.5393617083734225,25.78056195811119
114.0,480.7085012,59.77777777777778,2,2,0,0,0,0,0,0,0,2,1,1437.9166666666667,11.0,44.9997678,3,0,PET,LOWER VERTEX,LANG_02,Round-Trip,samsung,Direct,Direct,Logged-Out,AREA_B,AREA_B,AREA_B_TO_AREA_B,BU,BE,61_120,very_high,30_plus,Y,W,0,0.5729041684958598,25.780554553965768
42.0,36.79097,44.72222222222222,1,1,0,0,0,0,0,1,0,4,1,1076.0833333333333,17.0,30.0375356,5,0,PET,OLD APEX,LANG_02,Round-Trip,microsoft,Organic Search,Organic Search,Logged-In,AREA_C,AREA_C,AREA_C_TO_AREA_C,CI,CO,31_60,mid,30_plus,Y,S,0,0.8582571472826711,25.779929615457675
76.0,29.7659934,42.197916666666664,1,1,0,0,0,0,0,1,1,4,1,1013.5833333333334,9.0,28.2605189,3,0,PET,GREAT MERIDIAN,LANG_09,Round-Trip,samsung,Direct,Direct,Logged-In,AREA_C,AREA_B,AREA_C_TO_AREA_B,CU,BA,61_120,low,30_plus,Y,W,0,0.911994663596322,25.773442427263
74.0,295.8679268,121.04166666666667,3,1,0,2,0,1,0,0,0,4,1,2906.6666666666665,15.0,42.6612498,3,0,PET,NORTH MERIDIAN,LANG_02,Round-Trip,google,Paid Search,Organic Search,Logged-Out,AREA_C,AREA_B,AREA_C_TO_AREA_B,CO,BI,61_120,very_high,30_plus,Y,W,1,0.6040995825772029,25.77164319640178
60.0,198.7731734,8.319444444444445,1,1,0,0,0,0,0,0,0,2,1,215.83333333333334,22.0,56.1073,5,1,PET,NORTH ZENITH,LANG_06,Round-Trip,apple,Direct,Direct,Logged-Out,AREA_C,AREA_B,AREA_C_TO_AREA_B,CA,BO,31_60,very_high,9_14,Y,T,0,0.45920723574924466,25.764878138353595
11.0,34.7711072,,2,2,0,0,0,0,0,1,0,1,0,2.6666666666666665,12.0,36.5455541,4,1,PET,UPPER APEX,LANG_09,One-Way,samsung,Direct,Direct,Logged-In,AREA_B,AREA_C,AREA_B_TO_AREA_C,BO,CA,8_14,mid,unknown_or_oneway,Y,O,0,0.7048953095356981,25.7607896694731
7.0,167.8559096,52.68055555555556,1,1,0,0,0,0,0,1,1,2,1,1270.0,12.0,40.3077413,3,1,PET,LOWER VERTEX,LANG_02,Round-Trip,apple,Email,Email,Logged-In,AREA_B,AREA_C,AREA_B_TO_AREA_C,BO,CA,4_7,very_high,30_plus,P,J,0,0.638632948594105,25.741851677587388
50.0,32.7101276,18.01388888888889,3,2,0,1,0,1,0,1,1,4,1,434.9166666666667,20.0,29.3681027,4,0,PET,UPPER APEX,LANG_09,Round-Trip,apple,Direct,Direct,Logged-In,AREA_C,AREA_C,AREA_C_TO_AREA_C,CE,CU,31_60,low,15_30,Y,U,0,0.8764842098223947,25.740678288992438
36.0,133.1563285,7.788194444444445,1,1,0,0,0,0,0,0,0,2,1,192.58333333333334,13.0,87.6635874,2,1,PET,LOWER VERTEX,LANG_02,Round-Trip,microsoft,Paid Search,Paid Search,Logged-Out,AREA_B,AREA_C,AREA_B_TO_AREA_C,BO,CA,31_60,very_high,6_8,Y,W,0,0.2935854418265353,25.73675303892809
13.0,107.7071708,,1,1,0,0,0,0,0,0,0,1,0,20.583333333333332,11.0,53.4124364,4,1,PET,LOWER VERTEX,LANG_02,One-Way,google,Paid Search,Affiliate,Logged-Out,AREA_D,AREA_C,AREA_D_TO_AREA_C,DA,CA,8_14,very_high,unknown_or_oneway,Y,V,0,0.48182636139781726,25.73551988400433
31.0,70.01077459999999,17.260416666666668,2,2,0,0,0,0,0,0,0,4,1,416.5833333333333,14.0,29.4430552,4,0,PET,SOUTH MERIDIAN,LANG_04,Round-Trip,google,Direct,Organic Search,Logged-Out,AREA_B,AREA_B,AREA_B_TO_AREA_B,BI,BE,31_60,high,15_30,Y,V,0,0.8740621108075937,25.735058976736497
121.0,122.849289,20.59027777777778,1,1,0,0,0,0,0,1,0,2,1,497.3333333333333,12.0,100.7353034,3,1,PET,LOWER VERTEX,LANG_02,Round-Trip,apple,Direct,Direct,Logged-In,AREA_B,AREA_C,AREA_B_TO_AREA_C,BU,CA,120_plus,very_high,15_30,Y,W,0,0.25543541772860967,25.731364303997236
41.0,68.5956714,29.010416666666668,1,1,0,0,0,0,0,0,0,4,1,699.25,8.0,44.2082694,5,0,PET,NORTH MERIDIAN,LANG_02,Round-Trip,mozilla,Paid Search,Paid Search,Logged-Out,AREA_B,AREA_B,AREA_B_TO_AREA_B,BO,BI,31_60,high,15_30,Y,O,0,0.5820121292503728,25.729749003968102
64.0,95.8993681,12.76388888888889,1,1,0,0,0,0,0,0,0,4,1,310.0,17.0,39.9244128,4,0,PET,NORTH MERIDIAN,LANG_02,Round-Trip,apple,Direct,Organic Search,Logged-Out,AREA_B,AREA_C,AREA_B_TO_AREA_C,BI,CO,61_120,high,9_14,Y,O,0,0.6443705649106468,25.726116429661857
4.0,57.130937,50.986111111111114,1,1,0,0,0,0,0,0,0,2,1,1225.5,7.0,53.640292,1,1,PET,UPPER MERIDIAN,LANG_01,Round-Trip,apple,Direct,Email,Logged-Out,AREA_C,AREA_B,AREA_C_TO_AREA_B,CA,BA,4_7,high,30_plus,C,I,0,0.47956097669325254,25.723790821631262
23.0,163.7270976,,2,1,1,0,0,0,1,1,1,1,0,14.916666666666666,23.0,39.7299646,3,1,PET,UPPER APEX,LANG_09,One-Way,google,Paid Search,Organic Search,Logged-In,AREA_B,AREA_C,AREA_B_TO_AREA_C,BU,CA,15_30,very_high,unknown_or_oneway,Y,V,0,0.6474510964955172,25.723209143998087
154.0,196.6308168,,2,2,0,0,0,0,0,0,0,1,0,16.333333333333332,15.0,34.5719477,3,0,PET,LOWER VERTEX,LANG_02,One-Way,apple,Direct,Organic Search,Logged-Out,AREA_B,AREA_B,AREA_B_TO_AREA_B,BU,BE,120_plus,very_high,unknown_or_oneway,Y,V,0,0.7439366224101037,25.719338002076757
36.0,89.925868,,1,1,0,0,0,0,0,0,0,1,0,12.333333333333334,20.0,51.396,2,1,PET,UPPER APEX,LANG_02,One-Way,apple,MetaSearches,MetaSearches,Logged-Out,AREA_C,AREA_C,AREA_C_TO_AREA_C,CA,CE,31_60,high,unknown_or_oneway,P,R,0,0.500399004751617,25.71850724821411
71.0,49.3791353,21.25347222222222,2,2,0,0,0,0,0,0,0,2,1,512.5,21.0,31.4517822,1,1,PET,SOUTH MERIDIAN,LANG_09,Round-Trip,mozilla,Paid Search,Paid Search,Logged-Out,AREA_B,AREA_C,AREA_B_TO_AREA_C,BI,CA,61_120,mid,15_30,Y,O,0,0.8176046975779908,25.715124873919834
82.0,93.1668141,,1,1,0,0,0,0,0,0,0,1,0,14.5,22.0,49.888384,4,1,PET,LOWER VERTEX,LANG_02,One-Way,google,Paid Search,Paid Search,Logged-Out,AREA_B,AREA_C,AREA_B_TO_AREA_C,BU,CA,61_120,high,unknown_or_oneway,Y,S,0,0.51532745196973,25.708853809607444
32.0,85.8210408,80.01041666666667,1,1,0,0,0,0,0,1,0,4,1,1923.25,13.0,43.6711812,4,0,PET,NORTH MERIDIAN,LANG_02,Round-Trip,google,Paid Search,Organic Search,Logged-In,AREA_B,AREA_B,AREA_B_TO_AREA_B,BO,BI,31_60,high,30_plus,Y,L,0,0.5886827199065124,25.708469730346152
78.0,169.4371932,,3,2,0,1,0,1,0,0,0,4,1,-120.75,13.0,30.3159306,3,0,PET,CENTRAL APEX,LANG_09,Round-Trip,apple,Direct,Direct,Logged-Out,AREA_C,AREA_B,AREA_C_TO_AREA_B,CE,BI,61_120,very_high,unknown_or_oneway,Y,V,0,0.8479183889921464,25.705435035149716
59.0,300.7162828,26.010416666666668,2,2,0,0,0,0,0,1,1,2,1,630.9166666666666,12.0,126.4547184,3,1,PET,UPPER APEX,LANG_09,Round-Trip,google,Direct,Direct,Logged-In,AREA_C,AREA_B,AREA_C_TO_AREA_B,CA,BU,31_60,very_high,15_30,Y,L,0,0.20321090105569511,25.69697726880819
1.0,40.6075513,8.885416666666666,1,1,0,0,0,0,0,0,0,4,1,215.33333333333334,17.0,30.088075,5,0,PET,GREAT MERIDIAN,LANG_02,Round-Trip,apple,Paid Search,Paid Search,Logged-Out,AREA_B,AREA_C,AREA_B_TO_AREA_C,BA,CI,0_3,mid,9_14,Y,U,0,0.8537400961660425,25.6873960439511
130.0,104.7930176,33.21875,3,2,0,0,1,1,0,1,0,2,1,801.1666666666666,14.0,27.79667,4,1,PET,UPPER APEX,LANG_02,Round-Trip,google,MetaSearches,MetaSearches,Logged-In,AREA_C,AREA_C,AREA_C_TO_AREA_C,CA,CI,120_plus,very_high,30_plus,Y,V,0,0.9240497554386544,25.685506115508982
147.0,20.9468681,14.26388888888889,2,2,0,0,0,0,0,1,0,2,1,344.4166666666667,9.0,30.1711652,1,1,PET,NEW AURORA,LANG_09,Round-Trip,google,Paid Search,Paid Search,Logged-In,AREA_C,AREA_C,AREA_C_TO_AREA_C,CU,CA,120_plus,very_low,15_30,Y,L,1,0.8512610498709761,25.68353776398266
138.0,58.2342378,10.805555555555555,3,2,0,1,0,1,0,0,0,2,1,262.8333333333333,14.0,52.685183,3,1,PET,UPPER APEX,LANG_02,Round-Trip,google,Direct,Email,Logged-Out,AREA_C,AREA_B,AREA_C_TO_AREA_B,CA,BA,120_plus,high,9_14,Y,O,0,0.48747632746247416,25.682779520528378
2.0,216.0323785,342.68402777777777,1,1,0,0,0,0,0,1,1,2,1,8229.75,14.0,76.2374,2,0,PET,UPPER APEX,LANG_02,Round-Trip,google,Direct,Direct,Logged-In,AREA_B,AREA_C,AREA_B_TO_AREA_C,BE,CA,0_3,very_high,30_plus,Y,K,0,0.3368738556454261,25.682386882382605
29.0,49.5808646,,1,1,0,0,0,0,0,1,0,1,0,4.0,15.0,40.024635,4,1,PET,UPPER APEX,LANG_02,One-Way,google,Direct,Organic Search,Logged-In,AREA_B,AREA_C,AREA_B_TO_AREA_C,BO,CA,15_30,mid,unknown_or_oneway,Y,L,0,0.6416309653729769,25.681045193751043
19.0,76.3389071,,2,2,0,0,0,0,0,0,0,1,0,3.0,10.0,27.4634526,4,1,PET,GREAT MERIDIAN,LANG_03,One-Way,apple,Direct,Direct,Logged-Out,AREA_B,AREA_C,AREA_B_TO_AREA_C,BO,CA,15_30,high,unknown_or_oneway,Y,V,1,0.9349456959773402,25.676836805047696
10.0,112.5431061,,1,1,0,0,0,0,0,0,0,1,0,14.75,19.0,40.2075191,4,1,PET,LOWER VERTEX,LANG_02,One-Way,google,Direct,Direct,Logged-Out,AREA_B,AREA_C,AREA_B_TO_AREA_C,BU,CA,8_14,very_high,unknown_or_oneway,Y,Y,0,0.6385340351012256,25.6738694123326
19.0,140.29351970000002,48.357638888888886,1,1,0,0,0,0,0,0,0,2,1,1175.0,10.0,91.3345467,3,1,PET,UPPER APEX,LANG_09,Round-Trip,mozilla,Paid Search,Email,Logged-Out,AREA_C,AREA_B,AREA_C_TO_AREA_B,CA,BI,15_30,very_high,30_plus,Y,V,0,0.28095107316722784,25.66053891260729
197.0,325.6082222,29.78125,2,1,1,0,0,0,1,0,0,2,1,718.0,9.0,45.0717222,1,1,PET,NORTH MERIDIAN,LANG_02,Round-Trip,apple,Direct,Direct,Logged-Out,AREA_B,AREA_C,AREA_B_TO_AREA_C,BI,CA,120_plus,very_high,15_30,Y,O,0,0.569263424947681,25.65768294786243
5.0,62.47312290000001,,1,1,0,0,0,0,0,1,0,1,0,11.666666666666666,12.0,51.396,5,1,PET,OLD HORIZON,LANG_02,One-Way,samsung,Direct,Direct,Logged-In,AREA_C,AREA_C,AREA_C_TO_AREA_C,CA,CE,4_7,high,unknown_or_oneway,Y,L,0,0.4991403844857812,25.65381920103121
220.0,124.1491795,37.78472222222222,2,2,0,0,0,0,0,0,0,2,1,910.0,19.0,50.5175567,3,1,PET,LOWER VERTEX,LANG_09,Round-Trip,apple,MetaSearches,Affiliate,Logged-Out,AREA_B,AREA_C,AREA_B_TO_AREA_C,BU,CA,120_plus,very_high,30_plus,Y,O,0,0.5077575276840598,25.65066969463131
143.0,305.2262818,79.78125,2,2,0,0,0,0,0,0,0,2,1,1918.0,9.0,41.6830126,3,0,PET,LOWER VERTEX,LANG_02,Round-Trip,google,Direct,Paid Search,Logged-Out,AREA_B,AREA_B,AREA_B_TO_AREA_B,BU,BE,120_plus,very_high,30_plus,Y,W,0,0.6153338013463971,25.648966594727767
9.0,104.8118628,6.829861111111111,2,2,0,0,0,0,0,0,0,2,1,167.08333333333334,1.0,29.9792868,4,1,PET,GREAT MERIDIAN,LANG_02,Round-Trip,apple,Direct,Paid Search,Logged-Out,AREA_B,AREA_C,AREA_B_TO_AREA_C,BO,CA,8_14,very_high,6_8,Y,L,1,0.8555185704589684,25.64783658651542
47.0,91.5495533,,4,2,1,1,0,1,1,0,0,4,1,11.083333333333334,12.0,27.7525551,4,0,PET,NEW ZENITH,LANG_02,One-Way,google,Paid Search,Paid Search,Logged-Out,AREA_C,AREA_B,AREA_C_TO_AREA_B,CI,BA,31_60,high,unknown_or_oneway,Y,V,0,0.9239754729208519,25.6426802232845
37.0,32.514822800000005,70.3125,1,1,0,0,0,0,0,0,0,3,1,1688.4166666666667,15.0,30.3133608,4,0,PET,NORTH HORIZON,LANG_04,Round-Trip,apple,Direct,Direct,Logged-Out,AREA_C,AREA_B,AREA_C_TO_AREA_B,CE,BE,31_60,low,30_plus,Y,S,0,0.8458799209215359,25.641463236369987
101.0,46.283811199999995,17.020833333333332,1,1,0,0,0,0,0,0,1,2,1,410.75,12.0,52.4401954,4,1,PET,UPPER APEX,LANG_09,Round-Trip,apple,Direct,Direct,Logged-Out,AREA_B,AREA_C,AREA_B_TO_AREA_C,BE,CA,61_120,mid,15_30,Y,V,0,0.4888962519160995,25.63781498080788
105.0,49.3688561,,1,1,0,0,0,0,0,1,0,1,0,4.083333333333333,13.0,38.1187,4,1,PET,NORTH ZENITH,LANG_02,One-Way,samsung,Direct,Direct,Logged-In,AREA_C,AREA_C,AREA_C_TO_AREA_C,CE,CA,61_120,mid,unknown_or_oneway,Y,V,0,0.6725752836303283,25.637695464119393
103.0,52.4085012,212.20138888888889,1,1,0,0,0,0,0,1,1,2,1,5096.333333333333,21.0,51.396,4,1,PET,UPPER APEX,LANG_02,Round-Trip,google,Internal,Paid Search,Logged-In,AREA_C,AREA_B,AREA_C_TO_AREA_B,CA,BA,61_120,mid,30_plus,Y,V,0,0.49867899868455556,25.630105816391417
65.0,41.9952433,17.260416666666668,1,1,0,0,0,0,0,0,0,4,1,416.5833333333333,15.0,30.4238622,4,0,PET,SOUTH MERIDIAN,LANG_02,Round-Trip,google,Direct,Direct,Logged-Out,AREA_B,AREA_C,AREA_B_TO_AREA_C,BI,CE,61_120,mid,15_30,Y,V,0,0.8424190305445988,25.62964049994646
49.0,40.931346100000006,,1,1,0,0,0,0,0,1,0,1,0,4.0,22.0,40.024635,3,1,PET,UPPER APEX,LANG_02,One-Way,apple,Direct,Direct,Logged-In,AREA_B,AREA_C,AREA_B_TO_AREA_C,BO,CA,31_60,mid,unknown_or_oneway,Y,L,0,0.6402704613639578,25.626591517374017
21.0,126.3690584,,1,1,0,0,0,0,0,1,0,1,0,20.833333333333332,15.0,38.1187,5,1,PET,SOUTH ZENITH,LANG_07,One-Way,apple,Direct,Direct,Logged-In,AREA_C,AREA_B,AREA_C_TO_AREA_B,CA,BU,15_30,very_high,unknown_or_oneway,Y,S,0,0.6722226456838345,25.62425336402838
80.0,42.5160561,,2,2,0,0,0,0,0,1,0,1,0,4.666666666666667,23.0,28.6130098,3,0,PET,LOWER ZENITH,LANG_02,One-Way,apple,Direct,Direct,Logged-In,AREA_C,AREA_C,AREA_C_TO_AREA_C,CO,CE,61_120,mid,unknown_or_oneway,Y,W,0,0.8950257592148482,25.609380819666892
26.0,152.1874107,,1,1,0,0,0,0,0,0,0,1,0,3.3333333333333335,20.0,91.3345467,4,1,PET,NORTH MERIDIAN,LANG_02,Round-Trip,google,Paid Search,Paid Search,Logged-Out,AREA_C,AREA_B,AREA_C_TO_AREA_B,CA,BI,15_30,very_high,unknown_or_oneway,Y,W,0,0.28015302470090425,25.587649517690995
43.0,118.870382,10.225694444444445,2,2,0,0,0,0,0,1,0,4,1,247.91666666666666,22.0,29.3681027,5,0,PET,NORTH HORIZON,LANG_04,Round-Trip,apple,Direct,Direct,Logged-In,AREA_C,AREA_C,AREA_C_TO_AREA_C,CE,CU,31_60,very_high,9_14,Y,H,0,0.8712243594374275,25.586206462700087
37.0,52.4903065,,2,1,1,0,0,0,1,1,0,2,1,20.833333333333332,20.0,27.8232246,4,0,PET,SOUTH HORIZON,LANG_02,One-Way,apple,Direct,Direct,Logged-In,AREA_B,AREA_B,AREA_B_TO_AREA_B,BE,BO,31_60,mid,unknown_or_oneway,Y,V,1,0.9194324222033374,25.581574787485483
115.0,591.0248756,15.496527777777779,2,2,0,0,0,0,0,1,0,2,1,379.1666666666667,11.0,76.2374,1,1,PET,UPPER APEX,LANG_02,Round-Trip,google,Direct,Email,Logged-In,AREA_C,AREA_B,AREA_C_TO_AREA_B,CA,BU,61_120,very_high,15_30,P,A,0,0.3355503275109335,25.58148453858204
61.0,257.3543342,15.871527777777779,3,2,1,0,0,0,1,0,0,4,1,383.25,15.0,29.4177855,6,0,PET,SOUTH MERIDIAN,LANG_02,Round-Trip,google,Paid Search,Paid Search,Logged-Out,AREA_B,AREA_C,AREA_B_TO_AREA_C,BI,CI,61_120,very_high,15_30,Y,T,0,0.8691898029314432,25.569639181424467
14.0,123.06258239999998,,1,1,0,0,0,0,0,1,0,1,0,20.583333333333332,10.0,53.4124364,4,1,PET,UPPER APEX,LANG_09,One-Way,opera,Organic Search,Organic Search,Logged-In,AREA_D,AREA_C,AREA_D_TO_AREA_C,DA,CA,8_14,very_high,unknown_or_oneway,Y,V,0,0.47872018464592037,25.569611415796476
0.0,34.8297843,,1,1,0,0,0,0,0,1,0,1,0,2.75,21.0,36.5279938,4,1,PET,OLD AURORA,LANG_02,One-Way,apple,Direct,Direct,Logged-In,AREA_C,AREA_C,AREA_C_TO_AREA_C,CA,CI,invalid_or_past,mid,unknown_or_oneway,Y,K,0,0.6999933629609688,25.569353222279418
52.0,75.68061,28.21875,1,1,0,0,0,0,0,1,0,2,1,682.3333333333334,12.0,45.3998,2,1,PET,OLD MERIDIAN,LANG_02,Round-Trip,google,Paid Search,Organic Search,Logged-In,AREA_B,AREA_C,AREA_B_TO_AREA_C,BU,CA,31_60,high,15_30,Y,V,0,0.5630022785559624,25.56019084598498
47.0,22.1049913,31.15277777777778,1,1,0,0,0,0,0,1,1,3,1,748.3333333333334,16.0,29.4177855,5,0,PET,SOUTH MERIDIAN,LANG_02,Round-Trip,apple,Direct,Direct,Logged-In,AREA_B,AREA_C,AREA_B_TO_AREA_C,BI,CI,31_60,low,30_plus,Y,O,0,0.8687400302409666,25.556407864892268
2.0,32.066392699999994,,1,1,0,0,0,0,0,0,0,1,0,0.4166666666666667,11.0,42.1006051,3,1,PET,NEW APEX,LANG_02,One-Way,apple,Direct,Direct,Logged-Out,AREA_B,AREA_C,AREA_B_TO_AREA_C,BE,CA,0_3,low,unknown_or_oneway,Y,T,0,0.6070097489896802,25.555477734064652
30.0,29.5582679,29.854166666666668,1,1,0,0,0,0,0,1,1,2,1,719.0,13.0,30.2011462,1,1,PET,NORTH HORIZON,LANG_09,Round-Trip,apple,Direct,Paid Search,Logged-In,AREA_C,AREA_C,AREA_C_TO_AREA_C,CU,CA,15_30,low,15_30,Y,O,0,0.8461281037629722,25.554038565674293
23.0,10.2393681,,1,1,0,0,0,0,0,0,0,1,0,3.5,13.0,51.323189,4,1,PET,SOUTH HORIZON,LANG_02,One-Way,google,Paid Search,Paid Search,Logged-Out,AREA_C,AREA_C,AREA_C_TO_AREA_C,CA,CA,15_30,very_low,unknown_or_oneway,Y,W,0,0.49787228397469113,25.552393328294745
16.0,74.0175211,17.614583333333332,2,2,0,0,0,0,0,1,0,4,1,425.0,16.0,27.7761116,3,0,PET,WEST APEX,LANG_02,Round-Trip,apple,Direct,Direct,Logged-In,AREA_B,AREA_C,AREA_B_TO_AREA_C,BE,CU,15_30,high,15_30,Y,U,0,0.9198712323928473,25.55044600857326
175.0,38.926045499999994,21.875,1,1,0,0,0,0,0,0,0,2,1,527.25,10.0,31.2881716,1,1,PET,NORTH ZENITH,LANG_06,Round-Trip,microsoft,Paid Search,Paid Search,Logged-Out,AREA_C,AREA_C,AREA_C_TO_AREA_C,CI,CA,120_plus,mid,15_30,Y,L,0,0.8164709216488043,25.545882302957942
0.0,167.1620636,,2,2,0,0,0,0,0,0,0,1,0,10.083333333333334,20.0,52.9730006,5,1,PET,UPPER APEX,LANG_09,One-Way,google,Direct,Email,Logged-Out,AREA_C,AREA_C,AREA_C_TO_AREA_C,CA,CE,invalid_or_past,very_high,unknown_or_oneway,Y,Q,0,0.4822354319713838,25.54545782716137
32.0,48.4857015,31.78125,1,1,0,0,0,0,0,1,0,2,1,765.9166666666666,14.0,48.3979,4,1,PET,UPPER APEX,LANG_02,Round-Trip,apple,Direct,Direct,Logged-In,AREA_C,AREA_B,AREA_C_TO_AREA_B,CA,BU,31_60,mid,30_plus,Y,U,0,0.5277266172374443,25.540860048396105
6.0,104.942066,,1,1,0,0,0,0,0,0,0,1,0,16.333333333333332,21.0,40.140276,3,0,PET,LOWER VERTEX,LANG_02,One-Way,google,Paid Search,Organic Search,Logged-Out,AREA_B,AREA_B,AREA_B_TO_AREA_B,BU,BE,4_7,very_high,unknown_or_oneway,Y,T,0,0.6362855988032019,25.540679550785793
58.0,40.0105011,,1,1,0,0,0,0,0,1,0,2,1,225.08333333333334,14.0,29.21006,3,1,PET,UPPER APEX,LANG_09,One-Way,apple,Direct,Direct,Logged-In,AREA_C,AREA_C,AREA_C_TO_AREA_C,CA,CI,31_60,mid,unknown_or_oneway,Y,T,1,0.8743112188700557,25.538683161867457
72.0,45.4216433,17.802083333333332,1,1,0,0,0,0,0,0,0,2,1,431.0833333333333,11.0,27.231314,3,1,PET,GREAT MERIDIAN,LANG_09,Round-Trip,apple,Direct,Direct,Logged-Out,AREA_B,AREA_C,AREA_B_TO_AREA_C,BA,CA,61_120,mid,15_30,Y,U,1,0.9377510834875082,25.536194208288553
54.0,167.799374,,1,1,0,0,0,0,0,0,0,2,1,-506.6666666666667,14.0,50.059704,3,0,PET,LOWER VERTEX,LANG_02,Round-Trip,google,Direct,Paid Search,Logged-Out,AREA_B,AREA_B,AREA_B_TO_AREA_B,BU,BE,31_60,very_high,unknown_or_oneway,P,R,0,0.5100467861370147,25.53279114017026
30.0,51.93522970000001,,1,1,0,0,0,0,0,0,0,1,0,12.333333333333334,23.0,51.396,5,1,PET,OLD HORIZON,LANG_02,One-Way,google,Paid Search,Paid Search,Logged-Out,AREA_C,AREA_C,AREA_C_TO_AREA_C,CA,CE,15_30,mid,unknown_or_oneway,Y,U,0,0.4967093177626757,25.52887209573048
,35.8011687,,1,1,0,0,0,0,0,0,0,1,0,6.666666666666667,23.0,25.698,3,1,PET,UPPER APEX,LANG_09,One-Way,google,Email,Paid Search,Logged-Out,AREA_B,AREA_C,AREA_B_TO_AREA_C,BE,CA,MISSING,mid,unknown_or_oneway,Y,L,1,0.993339262258519,25.52683236151942
43.0,49.40740310000001,10.284722222222221,1,1,0,0,0,0,0,0,0,4,1,248.91666666666666,18.0,28.9492253,3,0,PET,NEW ZENITH,LANG_02,Round-Trip,apple,Paid Search,Organic Search,Logged-Out,AREA_B,AREA_C,AREA_B_TO_AREA_C,BA,CI,31_60,mid,9_14,Y,U,0,0.8814756734285496,25.518037866552305
12.0,135.6181969,,1,1,0,0,0,0,0,1,0,1,0,14.416666666666666,16.0,38.1187,4,1,PET,NORTH MERIDIAN,LANG_02,One-Way,google,Direct,Direct,Logged-In,AREA_B,AREA_C,AREA_B_TO_AREA_C,BI,CA,8_14,very_high,unknown_or_oneway,Y,T,0,0.6694157021216686,25.517256324465244
154.0,151.51712120000002,60.645833333333336,1,1,0,0,0,0,0,1,0,2,1,1458.6666666666667,9.0,52.9704308,1,1,PET,NORTH MERIDIAN,LANG_02,Round-Trip,apple,Paid Search,Paid Search,Logged-In,AREA_B,AREA_C,AREA_B_TO_AREA_C,BI,CA,120_plus,very_high,30_plus,Y,U,0,0.48142943497497637,25.501524570425087
19.0,35.0079571,,1,1,0,0,0,0,0,0,0,2,1,7.083333333333333,18.0,30.0512412,5,0,PET,NORTH ZENITH,LANG_02,One-Way,apple,MetaSearches,MetaSearches,Logged-Out,AREA_C,AREA_C,AREA_C_TO_AREA_C,CI,CI,15_30,mid,unknown_or_oneway,Y,S,0,0.8484766832387306,25.49777746058309
0.0,159.36314890000003,11.010416666666666,1,1,0,0,0,0,0,0,0,4,1,267.25,11.0,44.2082694,5,0,PET,OLD AURORA,LANG_02,Round-Trip,apple,Direct,Direct,Logged-Out,AREA_B,AREA_B,AREA_B_TO_AREA_B,BO,BI,invalid_or_past,very_high,9_14,Y,V,0,0.5767452904818281,25.496911176801913
55.0,116.7083236,12.854166666666666,3,2,1,0,0,0,1,1,0,2,1,310.9166666666667,15.0,28.3740184,3,0,PET,NORTH HORIZON,LANG_09,Round-Trip,apple,Direct,Direct,Logged-In,AREA_B,AREA_B,AREA_B_TO_AREA_B,BA,BE,31_60,very_high,9_14,Y,W,0,0.8985849327816687,25.49646541670983
57.0,74.0984698,,1,1,0,0,0,0,0,0,0,1,0,4.0,22.0,40.024635,4,1,PET,UPPER APEX,LANG_02,One-Way,google,Internal,Internal,Logged-Out,AREA_B,AREA_C,AREA_B_TO_AREA_C,BO,CA,31_60,high,unknown_or_oneway,Y,V,0,0.6361498719509631,25.461666430134038
229.0,38.743161400000005,45.1875,1,1,0,0,0,0,0,1,1,2,1,1088.4166666666667,14.0,29.0755738,2,1,PET,GREAT MERIDIAN,LANG_02,Round-Trip,microsoft,Direct,Direct,Logged-In,AREA_B,AREA_C,AREA_B_TO_AREA_C,BA,CA,120_plus,mid,30_plus,Y,O,0,0.8756658157274363,25.460486049320274
33.0,104.7981572,11.274305555555555,4,2,0,1,1,1,0,1,1,2,1,272.6666666666667,23.0,52.76656,3,1,PET,UPPER APEX,LANG_02,Round-Trip,google,Direct,Direct,Logged-In,AREA_B,AREA_C,AREA_B_TO_AREA_C,BI,CA,31_60,very_high,9_14,Y,L,0,0.48222100012678004,25.445143336449746
5.0,170.2955064,13.32986111111111,1,1,0,0,0,0,0,0,0,2,1,334.5833333333333,19.0,63.9267731,3,1,PET,UPPER VERTEX,LANG_11,Round-Trip,google,Organic Search,Organic Search,Logged-Out,AREA_C,AREA_B,AREA_C_TO_AREA_B,CA,BI,4_7,very_high,9_14,Y,T,1,0.3980179441339633,25.444002804380347
12.0,217.5374247,23.697916666666668,2,2,0,0,0,0,0,0,0,2,1,574.0,15.0,40.3077413,4,1,PET,LOWER VERTEX,LANG_02,Round-Trip,apple,Direct,Direct,Logged-Out,AREA_B,AREA_C,AREA_B_TO_AREA_C,BO,CA,8_14,very_high,15_30,Y,O,0,0.6309795866565348,25.433361944532535
57.0,46.2795282,,1,1,0,0,0,0,0,1,0,1,0,12.333333333333334,12.0,51.396,5,1,PET,UPPER APEX,LANG_02,One-Way,samsung,Direct,Direct,Logged-In,AREA_C,AREA_C,AREA_C_TO_AREA_C,CA,CE,31_60,mid,unknown_or_oneway,Y,O,0,0.4948311679093624,25.43234270586959
61.0,60.227546,236.26041666666666,1,1,0,0,0,0,0,1,0,3,1,5673.666666666667,22.0,48.3979,1,1,PET,UPPER APEX,LANG_02,Round-Trip,apple,Direct,Direct,Logged-In,AREA_B,AREA_C,AREA_B_TO_AREA_C,BO,CA,61_120,high,30_plus,Y,V,0,0.52543667166387,25.43003149152081
10.0,88.41225580000001,,1,1,0,0,0,0,0,0,0,1,0,14.5,11.0,42.500209,4,1,PET,UPPER VERTEX,LANG_11,One-Way,samsung,Organic Search,MetaSearches,Logged-Out,AREA_B,AREA_C,AREA_B_TO_AREA_C,BU,CA,8_14,high,unknown_or_oneway,Y,S,0,0.5982439771923029,25.425494063664107
0.0,68.6110902,5.802083333333333,1,1,0,0,0,0,0,0,0,2,1,142.66666666666666,18.0,48.3979,5,1,PET,UPPER APEX,LANG_02,Round-Trip,apple,Paid Search,Paid Search,Logged-Out,AREA_B,AREA_C,AREA_B_TO_AREA_C,BO,CA,invalid_or_past,high,6_8,Y,M,0,0.5253280592288287,25.42477487775093
59.0,36.8132416,14.284722222222221,1,1,0,0,0,0,0,1,0,4,1,345.5833333333333,22.0,30.2174216,5,0,PET,NEW MERIDIAN,LANG_10,Round-Trip,google,Paid Search,Organic Search,Logged-In,AREA_C,AREA_C,AREA_C_TO_AREA_C,CI,CI,31_60,mid,15_30,Y,L,0,0.8411502931065507,25.417393035764217
195.0,86.96203200000001,37.232638888888886,3,2,0,1,0,1,0,0,0,2,1,896.0833333333334,11.0,28.4965122,1,1,PET,NORTH HORIZON,LANG_02,Round-Trip,mozilla,Direct,Email,Logged-Out,AREA_C,AREA_C,AREA_C_TO_AREA_C,CE,CA,120_plus,high,30_plus,Y,L,0,0.8918755223724324,25.415341704167393
23.0,35.7215049,,1,1,0,0,0,0,0,0,0,1,0,4.833333333333333,15.0,40.024635,4,1,PET,OLD HORIZON,LANG_02,One-Way,google,Organic Search,Organic Search,Logged-Out,AREA_B,AREA_C,AREA_B_TO_AREA_C,BO,CA,15_30,mid,unknown_or_oneway,Y,O,0,0.6349257442690719,25.412671166472947
8.0,81.1003182,,1,1,0,0,0,0,0,0,0,1,0,10.083333333333334,19.0,52.9730006,5,1,PET,UPPER VERTEX,LANG_10,One-Way,google,MetaSearches,MetaSearches,Logged-Out,AREA_C,AREA_C,AREA_C_TO_AREA_C,CA,CE,8_14,high,unknown_or_oneway,Y,Q,0,0.47964502305226214,25.408236093934494
80.0,770.9879695999999,14.89236111111111,3,2,1,0,0,0,1,0,0,2,1,364.6666666666667,10.0,76.2374,2,1,PET,CENTRAL MERIDIAN,LANG_02,Round-Trip,google,Direct,Direct,Logged-Out,AREA_C,AREA_B,AREA_C_TO_AREA_B,CA,BU,61_120,very_high,15_30,Y,S,0,0.3332121157509633,25.40322535335249
4.0,27.6193538,57.05555555555556,1,1,0,0,0,0,0,0,0,4,1,1370.25,21.0,29.21006,5,0,PET,CENTRAL AURORA,LANG_02,Round-Trip,apple,Direct,Direct,Logged-Out,AREA_C,AREA_B,AREA_C_TO_AREA_B,CE,BO,4_7,low,30_plus,Y,L,0,0.8692389454023802,25.390521749540248
106.0,36.0465846,14.26736111111111,1,1,0,0,0,0,0,1,0,2,1,349.0833333333333,6.0,48.3979,5,1,PET,GREAT AURORA,LANG_10,Round-Trip,samsung,Direct,Direct,Logged-In,AREA_C,AREA_B,AREA_C_TO_AREA_B,CA,BE,61_120,mid,15_30,Y,U,0,0.5245953830340988,25.38931488854601
95.0,108.5749066,16.864583333333332,3,2,0,1,0,1,0,0,0,2,1,407.0,15.0,27.7285703,3,1,PET,NORTH ZENITH,LANG_09,Round-Trip,google,Direct,Direct,Logged-Out,AREA_C,AREA_C,AREA_C_TO_AREA_C,CI,CA,61_120,very_high,15_30,Y,U,0,0.9156183527415033,25.38878786196297
182.0,183.5685234,33.78472222222222,2,2,0,0,0,0,0,0,0,2,1,814.0,8.0,42.1327276,3,1,PET,LOWER VERTEX,LANG_02,Round-Trip,google,Direct,Direct,Logged-Out,AREA_B,AREA_C,AREA_B_TO_AREA_C,BU,CA,120_plus,very_high,30_plus,Y,U,0,0.6024733821357744,25.38384689577729
50.0,74.01966259999999,23.260416666666668,2,2,0,0,0,0,0,0,0,2,1,560.5833333333334,21.0,29.822529,3,1,PET,SOUTH MERIDIAN,LANG_09,Round-Trip,mozilla,Paid Search,Paid Search,Logged-Out,AREA_B,AREA_C,AREA_B_TO_AREA_C,BI,CA,31_60,high,15_30,Y,S,0,0.8511174646118107,25.3824752707922
22.0,44.5205001,,2,2,0,0,0,0,0,1,0,1,0,2.25,16.0,28.9762082,5,1,PET,UPPER VERTEX,LANG_02,One-Way,google,Direct,Direct,Logged-In,AREA_C,AREA_B,AREA_C_TO_AREA_B,CA,BE,15_30,mid,unknown_or_oneway,Y,V,1,0.8759345658758342,25.381262350394785
28.0,232.3201992,26.5625,3,2,0,1,0,1,0,0,0,2,1,646.5833333333334,11.0,53.3935912,2,1,PET,UPPER APEX,LANG_09,Round-Trip,apple,Direct,Direct,Logged-Out,AREA_C,AREA_C,AREA_C_TO_AREA_C,CE,CA,15_30,very_high,15_30,Y,O,0,0.475291403355554,25.377514891640757
7.0,135.0198618,,1,1,0,0,0,0,0,0,0,1,0,20.583333333333332,15.0,40.6533794,4,1,PET,LOWER VERTEX,LANG_02,One-Way,apple,MetaSearches,MetaSearches,Logged-Out,AREA_D,AREA_C,AREA_D_TO_AREA_C,DA,CA,4_7,very_high,unknown_or_oneway,Y,S,1,0.6241656866054252,25.374444466031846
56.0,81.9517786,,2,2,0,0,0,0,0,0,0,2,1,5.666666666666667,14.0,27.7525551,5,0,PET,NEW APEX,LANG_02,One-Way,google,Direct,Organic Search,Logged-Out,AREA_C,AREA_B,AREA_C_TO_AREA_B,CI,BA,31_60,high,unknown_or_oneway,Y,Q,0,0.9140478467654988,25.36716323139586
11.0,154.7070996,150.21527777777777,1,1,0,0,0,0,0,0,0,2,1,3621.4166666666665,17.0,40.47435,5,1,PET,UPPER VERTEX,LANG_02,Round-Trip,google,Organic Search,Organic Search,Logged-Out,AREA_C,AREA_B,AREA_C_TO_AREA_B,CA,BO,8_14,very_high,30_plus,Y,V,0,0.6266553956907246,25.36346981457488
155.0,94.0491121,36.21875,1,1,0,0,0,0,0,1,0,2,1,883.6666666666666,13.0,51.3741567,2,1,PET,UPPER VERTEX,LANG_11,Round-Trip,samsung,Direct,Direct,Logged-In,AREA_C,AREA_B,AREA_C_TO_AREA_B,CA,BI,120_plus,high,30_plus,Y,O,0,0.4936950091146646,25.363164760264706
168.0,177.7342208,38.229166666666664,2,2,0,0,0,0,0,0,0,2,1,932.1666666666666,12.0,76.2374,5,1,PET,LOWER VERTEX,LANG_02,Round-Trip,google,Direct,Paid Search,Logged-Out,AREA_C,AREA_B,AREA_C_TO_AREA_B,CA,BU,120_plus,very_high,30_plus,Y,O,0,0.33266215791969544,25.361297998186988
20.0,18.9839692,17.84375,1,1,0,0,0,0,0,0,0,2,1,431.6666666666667,13.0,48.3979,4,1,PET,UPPER APEX,LANG_02,Round-Trip,google,Paid Search,Paid Search,Logged-Out,AREA_B,AREA_C,AREA_B_TO_AREA_C,BO,CA,15_30,very_low,15_30,Y,O,0,0.5234332499019959,25.333070085431807
12.0,138.3914394,93.78472222222223,1,1,0,0,0,0,0,1,0,4,1,2257.5,14.0,44.9676453,4,0,PET,LOWER VERTEX,LANG_02,Round-Trip,google,Paid Search,Paid Search,Logged-In,AREA_C,AREA_B,AREA_C_TO_AREA_B,CE,BI,8_14,very_high,30_plus,Y,V,0,0.5633268129565693,25.331480313010452
66.0,348.0220178,14.784722222222221,4,2,0,2,0,1,0,0,1,2,1,358.0,7.0,53.8668627,3,1,PET,LOWER VERTEX,LANG_09,Round-Trip,apple,Direct,Direct,Logged-Out,AREA_B,AREA_C,AREA_B_TO_AREA_C,BU,CA,61_120,very_high,15_30,Y,U,0,0.4702210166309328,25.329330941512872
15.0,381.1707246,61.010416666666664,1,1,0,0,0,0,0,0,1,2,1,1470.9166666666667,15.0,76.2374,3,1,PET,UPPER APEX,LANG_02,Round-Trip,google,Paid Search,Organic Search,Logged-Out,AREA_C,AREA_B,AREA_C_TO_AREA_B,CA,BU,15_30,very_high,30_plus,Y,E,0,0.3322111016463953,25.326910640656894
9.0,80.80393459999999,,1,1,0,0,0,0,0,0,0,1,0,10.083333333333334,22.0,52.9730006,5,1,PET,NEW VERTEX,LANG_09,One-Way,samsung,Paid Search,Paid Search,Logged-Out,AREA_C,AREA_C,AREA_C_TO_AREA_C,CA,CE,8_14,high,unknown_or_oneway,Y,Q,0,0.4780842779203251,25.32555874112395
123.0,66.7861039,21.21527777777778,1,1,0,0,0,0,0,1,1,2,1,513.0833333333334,13.0,29.21006,5,1,PET,UPPER APEX,LANG_02,Round-Trip,apple,Email,Email,Logged-In,AREA_C,AREA_C,AREA_C_TO_AREA_C,CA,CI,120_plus,high,15_30,Y,T,0,0.8663609723752016,25.30645598473798
13.0,87.97795959999999,5.885416666666667,2,2,0,0,0,0,0,0,0,2,1,143.33333333333334,20.0,55.4537142,5,1,PET,UPPER APEX,LANG_09,Round-Trip,apple,Direct,Organic Search,Logged-Out,AREA_B,AREA_C,AREA_B_TO_AREA_C,BA,CA,8_14,high,6_8,Y,O,0,0.4563373802697266,25.30560266425414
188.0,154.6664111,30.569444444444443,4,3,1,0,0,0,1,0,0,4,1,737.5833333333334,10.0,30.4803978,5,0,PET,LOWER VERTEX,LANG_02,Round-Trip,microsoft,Direct,Direct,Logged-Out,AREA_B,AREA_C,AREA_B_TO_AREA_C,BA,CU,120_plus,very_high,30_plus,Y,V,1,0.8299390241470231,25.29687160574507
0.0,103.63189629999998,30.03125,1,1,0,0,0,0,0,0,0,4,1,723.5,17.0,42.2350913,3,0,PET,OLD HORIZON,LANG_02,Round-Trip,apple,Direct,Direct,Logged-Out,AREA_C,AREA_B,AREA_C_TO_AREA_B,CI,BO,invalid_or_past,very_high,30_plus,Y,W,0,0.5988604089317607,25.29292404718825
75.0,162.0378824,8.46875,4,2,0,2,0,1,0,0,0,2,1,206.25,10.0,48.3979,4,1,PET,UPPER APEX,LANG_09,Round-Trip,apple,Direct,Direct,Logged-Out,AREA_C,AREA_B,AREA_C_TO_AREA_B,CA,BO,61_120,very_high,9_14,Y,Q,0,0.5225386654917025,25.289774078600868
172.0,48.09809,6.489583333333333,2,2,0,0,0,0,0,0,0,3,1,159.08333333333334,19.0,57.8736092,4,0,PET,UPPER APEX,LANG_09,Round-Trip,apple,Direct,Direct,Logged-Out,AREA_B,AREA_B,AREA_B_TO_AREA_B,BE,BA,120_plus,mid,6_8,Y,W,0,0.4369360494093224,25.287066168907014
26.0,34.26871129999999,11.041666666666666,1,1,0,0,0,0,0,0,0,4,1,267.75,16.0,30.2174216,5,0,PET,NEW MERIDIAN,LANG_02,Round-Trip,microsoft,Direct,Paid Search,Logged-Out,AREA_C,AREA_C,AREA_C_TO_AREA_C,CI,CI,15_30,mid,9_14,Y,W,0,0.8363552939851017,25.272500525739762
17.0,88.78787489999999,,1,1,0,0,0,0,0,0,0,1,0,14.5,8.0,42.500209,4,1,PET,NORTH MERIDIAN,LANG_02,One-Way,microsoft,Paid MetaSearches,Paid Search,Logged-Out,AREA_B,AREA_C,AREA_B_TO_AREA_C,BU,CA,15_30,high,unknown_or_oneway,Y,S,0,0.5946021229007095,25.270714495123837
128.0,113.4399663,123.02083333333333,1,1,0,0,0,0,0,1,1,2,1,2968.5833333333335,12.0,80.2094542,3,1,PET,UPPER APEX,LANG_02,Round-Trip,apple,Direct,Direct,Logged-In,AREA_C,AREA_B,AREA_C_TO_AREA_B,CA,BU,120_plus,very_high,30_plus,Y,L,0,0.3150387943325599,25.26908974524068
31.0,167.2935517,,1,1,0,0,0,0,0,0,0,1,0,20.833333333333332,13.0,38.1187,5,1,PET,LOWER VERTEX,LANG_02,One-Way,apple,Paid Search,Paid Search,Logged-Out,AREA_C,AREA_B,AREA_C_TO_AREA_B,CA,BU,31_60,very_high,unknown_or_oneway,Y,Q,0,0.662868686581862,25.267692603208022
3.0,44.7042408,22.82986111111111,1,1,0,0,0,0,0,0,0,2,1,551.0833333333334,13.0,31.3618392,1,1,PET,GREAT MERIDIAN,LANG_03,Round-Trip,microsoft,Organic Search,Organic Search,Logged-Out,AREA_B,AREA_C,AREA_B_TO_AREA_C,BO,CA,0_3,mid,15_30,Y,V,0,0.8055746652348426,25.26430311468896
80.0,52.677473600000006,19.23611111111111,2,2,0,0,0,0,0,0,0,4,1,464.0833333333333,9.0,28.2361058,5,0,PET,NORTH HORIZON,LANG_04,Round-Trip,google,Paid Search,MetaSearches,Logged-Out,AREA_C,AREA_C,AREA_C_TO_AREA_C,CE,CE,61_120,mid,15_30,Y,O,0,0.8944164961674131,25.254838815048373
27.0,25.9605479,15.770833333333334,1,1,0,0,0,0,0,1,0,2,1,383.0,17.0,28.6044438,4,1,PET,WEST MERIDIAN,LANG_02,Round-Trip,samsung,Direct,Direct,Logged-In,AREA_B,AREA_C,AREA_B_TO_AREA_C,BO,CA,15_30,low,15_30,Y,O,0,0.8827612692765989,25.25089511583914
9.0,37.728090400000006,38.145833333333336,1,1,0,0,0,0,0,0,0,2,1,918.0,13.0,30.1831576,1,1,PET,NORTH ZENITH,LANG_09,Round-Trip,google,Paid Search,Paid Search,Logged-Out,AREA_B,AREA_C,AREA_B_TO_AREA_C,BA,CA,8_14,mid,30_plus,Y,U,0,0.8365592801885506,25.250000595673583
72.0,119.6888633,90.21527777777777,1,1,0,0,0,0,0,1,0,2,1,2181.25,11.0,74.0959,3,1,PET,LOWER VERTEX,LANG_02,Round-Trip,google,Direct,Organic Search,Logged-In,AREA_C,AREA_B,AREA_C_TO_AREA_B,CA,BU,61_120,very_high,30_plus,Y,U,0,0.34060417391349673,25.237372809877062
135.0,44.9449454,29.256944444444443,1,1,0,0,0,0,0,0,0,2,1,704.4166666666666,18.0,31.2881716,1,1,PET,NORTH ZENITH,LANG_06,Round-Trip,google,Email,Paid Search,Logged-Out,AREA_C,AREA_C,AREA_C_TO_AREA_C,CI,CA,120_plus,mid,15_30,Y,U,0,0.8063526795007772,25.229301006340116
45.0,146.0524415,82.74305555555556,1,1,0,0,0,0,0,0,0,4,1,1992.4166666666667,10.0,38.0510286,5,0,PET,WEST AURORA,LANG_02,Round-Trip,apple,MetaSearches,Organic Search,Logged-Out,AREA_C,AREA_D,AREA_C_TO_AREA_D,CU,DA,31_60,very_high,30_plus,Y,Q,0,0.66297074783459,25.226718886817373
38.0,67.9446554,,2,1,0,1,0,1,0,0,0,2,1,7.083333333333333,16.0,38.1187,4,1,PET,UPPER APEX,LANG_02,One-Way,google,Paid Search,Paid MetaSearches,Logged-Out,AREA_C,AREA_C,AREA_C_TO_AREA_C,CE,CA,31_60,high,unknown_or_oneway,MISSING,T,0,0.661637551957376,25.220763351797626
47.0,65.4476664,14.26388888888889,1,1,0,0,0,0,0,0,0,4,1,344.25,19.0,30.2020028,4,0,PET,SOUTH VERTEX,LANG_02,Round-Trip,apple,Direct,Direct,Logged-Out,AREA_C,AREA_B,AREA_C_TO_AREA_B,CU,BE,31_60,high,15_30,Y,V,0,0.8350034361609558,25.21877611694281
222.0,88.57757959999999,21.21527777777778,2,2,0,0,0,0,0,0,0,2,1,513.0833333333334,16.0,29.21006,3,1,PET,UPPER APEX,LANG_09,Round-Trip,mozilla,Paid Search,Paid Search,Logged-Out,AREA_C,AREA_C,AREA_C_TO_AREA_C,CA,CI,120_plus,high,15_30,Y,V,0,0.863284702959498,25.21659797052911
142.0,85.5978965,27.78125,1,1,0,0,0,0,0,1,1,2,1,670.0,10.0,45.0717222,1,1,PET,NORTH MERIDIAN,LANG_02,Round-Trip,apple,Direct,Direct,Logged-In,AREA_B,AREA_C,AREA_B_TO_AREA_C,BI,CA,120_plus,high,15_30,Y,O,0,0.5594448565515115,25.215143160708582
2.0,90.1216011,1.8090277777777777,1,1,0,0,0,0,0,0,0,2,1,46.833333333333336,21.0,48.3979,5,1,PET,LOWER APEX,LANG_02,Round-Trip,apple,Direct,MetaSearches,Logged-Out,AREA_B,AREA_C,AREA_B_TO_AREA_C,BO,CA,0_3,high,1_2,C,D,0,0.5209956218275178,25.215094005646023
106.0,87.4168866,,3,2,0,1,0,1,0,0,0,1,0,4.416666666666667,10.0,27.693878,4,1,PET,UPPER VERTEX,LANG_11,One-Way,apple,Paid Search,Paid Search,Logged-Out,AREA_C,AREA_B,AREA_C_TO_AREA_B,CA,BO,61_120,high,unknown_or_oneway,Y,W,1,0.9104806691742365,25.21474057346967
44.0,63.490763699999995,32.208333333333336,4,2,0,1,1,1,0,0,0,6,1,775.75,10.0,28.5264932,5,0,PET,NEW MERIDIAN,LANG_02,Round-Trip,google,Paid Search,Paid Search,Logged-Out,AREA_C,AREA_B,AREA_C_TO_AREA_B,CI,BA,31_60,high,30_plus,Y,U,0,0.883722692790097,25.20950938656239
40.0,23.012559,,2,1,0,1,0,1,0,0,1,2,1,4.333333333333333,10.0,31.43722,4,0,PET,CENTRAL APEX,LANG_09,One-Way,google,Direct,Paid Search,Logged-Out,AREA_C,AREA_B,AREA_C_TO_AREA_B,CU,BE,31_60,low,unknown_or_oneway,Y,U,0,0.8018621316213754,25.208316241450134
16.0,21.3790228,11.770833333333334,1,1,0,0,0,0,0,1,0,2,1,287.0,15.0,29.3329821,2,1,PET,WEST MERIDIAN,LANG_02,Round-Trip,apple,Direct,Direct,Logged-In,AREA_B,AREA_C,AREA_B_TO_AREA_C,BO,CA,15_30,low,9_14,Y,W,1,0.8589130681424407,25.19448165327829
2.0,134.5328847,,1,1,0,0,0,0,0,0,0,1,0,14.416666666666666,17.0,38.1187,4,1,PET,NORTH MERIDIAN,LANG_02,One-Way,google,Email,Paid Search,Logged-Out,AREA_B,AREA_C,AREA_B_TO_AREA_C,BI,CA,0_3,very_high,unknown_or_oneway,Y,T,0,0.6605314410923708,25.178599843567753
42.0,84.0774315,8.854166666666666,2,2,0,0,0,0,0,1,0,2,1,214.91666666666666,18.0,28.6070136,3,0,PET,NORTH HORIZON,LANG_09,Round-Trip,google,Direct,Direct,Logged-In,AREA_B,AREA_B,AREA_B_TO_AREA_B,BA,BE,31_60,high,9_14,Y,T,0,0.8800962617350614,25.176925728764058
50.0,69.3302059,10.809027777777779,2,2,0,0,0,0,0,0,0,2,1,262.8333333333333,12.0,28.7894694,3,1,PET,LOWER APEX,LANG_02,Round-Trip,google,Paid Search,Paid Search,Logged-Out,AREA_B,AREA_C,AREA_B_TO_AREA_C,BO,CA,31_60,high,9_14,Y,W,0,0.8744746407682117,25.175660911472423
45.0,52.5549798,,2,1,0,1,0,1,0,0,0,3,1,198.75,18.0,28.5145008,1,1,PET,SOUTH HORIZON,LANG_02,Multi-City,apple,Direct,Direct,Logged-Out,AREA_C,AREA_C,AREA_C_TO_AREA_C,CA,CA,31_60,mid,unknown_or_oneway,Y,S,0,0.8827916035863936,25.172361886697505
41.0,122.7927534,16.274305555555557,3,2,0,1,0,1,0,1,1,4,1,392.5,13.0,29.4678966,4,0,PET,UPPER MERIDIAN,LANG_02,Round-Trip,microsoft,Paid Search,Organic Search,Logged-In,AREA_C,AREA_C,AREA_C_TO_AREA_C,CU,CE,31_60,very_high,15_30,Y,T,1,0.8541428314278412,25.169792638146856
6.0,220.5171078,4.267361111111111,3,2,1,0,0,0,1,0,0,2,1,109.08333333333333,15.0,52.6714774,3,1,PET,UPPER APEX,LANG_09,Round-Trip,apple,Paid Search,MetaSearches,Logged-Out,AREA_C,AREA_B,AREA_C_TO_AREA_B,CA,BE,4_7,very_high,3_5,Y,T,0,0.47766036483574975,25.15907711132195
22.0,58.1635683,,3,2,0,1,0,1,0,1,0,1,0,1.5833333333333333,17.0,34.6923,4,1,PET,GREAT HORIZON,LANG_02,One-Way,google,Direct,Direct,Logged-In,AREA_C,AREA_C,AREA_C_TO_AREA_C,CO,CA,15_30,high,unknown_or_oneway,Y,L,0,0.7252060631536968,25.159066304747
47.0,37.369175,14.864583333333334,1,1,0,0,0,0,0,1,0,2,1,360.1666666666667,12.0,28.7894694,3,1,PET,GREAT MERIDIAN,LANG_03,Round-Trip,google,Paid Search,Paid Search,Logged-In,AREA_B,AREA_C,AREA_B_TO_AREA_C,BO,CA,31_60,mid,15_30,Y,V,0,0.8737196186497121,25.153924225295558
58.0,41.497987,15.041666666666666,2,2,0,0,0,0,0,1,1,2,1,362.5,17.0,48.3979,3,1,PET,SOUTH HORIZON,LANG_02,Round-Trip,google,Paid Search,Organic Search,Logged-In,AREA_C,AREA_B,AREA_C_TO_AREA_B,CA,BI,31_60,mid,15_30,Y,O,0,0.5195871853669145,25.14692863866939
9.0,193.64256770000003,,1,1,0,0,0,0,0,0,0,1,0,16.083333333333332,20.0,34.5719477,3,0,PET,LOWER VERTEX,LANG_02,One-Way,google,Direct,Direct,Logged-Out,AREA_B,AREA_B,AREA_B_TO_AREA_B,BU,BE,8_14,very_high,unknown_or_oneway,P,R,0,0.7272181179457776,25.141346740113857
145.0,117.195729,28.520833333333332,1,1,0,0,0,0,0,1,0,2,1,687.6666666666666,5.0,45.0717222,1,1,PET,NORTH MERIDIAN,LANG_09,Round-Trip,apple,Direct,MetaSearches,Logged-In,AREA_B,AREA_C,AREA_B_TO_AREA_C,BI,CA,120_plus,very_high,15_30,Y,O,0,0.5577331732430985,25.137994646137408
50.0,60.009969600000005,10.878472222222221,1,1,0,0,0,0,0,1,1,4,1,262.3333333333333,7.0,31.4774802,4,0,PET,OLD ZENITH,LANG_02,Round-Trip,microsoft,Direct,Direct,Logged-In,AREA_B,AREA_C,AREA_B_TO_AREA_C,BU,CI,31_60,high,9_14,Y,V,0,0.7985447164728797,25.136175501589683
170.0,75.14138030000001,24.02777777777778,2,2,0,0,0,0,0,1,0,2,1,578.6666666666666,18.0,28.5898816,1,1,PET,CENTRAL APEX,LANG_09,Round-Trip,apple,Direct,Direct,Logged-In,AREA_C,AREA_C,AREA_C_TO_AREA_C,CU,CA,120_plus,high,15_30,Y,V,0,0.8791455518413344,25.13466723631041
38.0,103.4785649,4.722222222222222,2,2,0,0,0,0,0,0,0,2,1,115.16666666666667,16.0,53.640292,3,1,PET,UPPER VERTEX,LANG_10,Round-Trip,apple,Direct,Direct,Logged-Out,AREA_C,AREA_B,AREA_C_TO_AREA_B,CA,BA,31_60,very_high,3_5,Y,Q,0,0.46845944057100586,25.128301182385403
33.0,47.620535499999995,,1,1,0,0,0,0,0,0,0,1,0,12.333333333333334,20.0,51.396,5,1,PET,UPPER APEX,LANG_02,One-Way,google,Paid Search,Paid Search,Logged-Out,AREA_C,AREA_C,AREA_C_TO_AREA_C,CA,CE,31_60,mid,unknown_or_oneway,Y,U,0,0.48878713720538275,25.121703703807853
12.0,91.896048,,1,1,0,0,0,0,0,0,0,1,0,16.083333333333332,8.0,49.9993137,4,0,PET,UPPER APEX,LANG_09,One-Way,apple,Paid Search,Paid Search,Logged-Out,AREA_B,AREA_B,AREA_B_TO_AREA_B,BU,BE,8_14,high,unknown_or_oneway,Y,S,0,0.5022939559609384,25.114353073704944
1.0,283.1778261,13.0,1,1,0,0,0,0,0,1,0,3,1,317.3333333333333,23.0,76.2374,3,0,PET,UPPER APEX,LANG_02,Round-Trip,apple,Direct,Direct,Logged-In,AREA_B,AREA_C,AREA_B_TO_AREA_C,BE,CA,0_3,very_high,9_14,Y,B,0,0.3292883082145064,25.104084468672607
41.0,47.097152900000005,7.878472222222222,2,2,0,0,0,0,0,0,0,4,1,191.16666666666666,14.0,29.3886611,3,0,PET,SOUTH MERIDIAN,LANG_02,Round-Trip,apple,Direct,Direct,Logged-Out,AREA_B,AREA_C,AREA_B_TO_AREA_C,BI,CE,31_60,mid,6_8,Y,L,0,0.8541996607157466,25.10378434051006
5.0,61.1385401,,1,1,0,0,0,0,0,0,0,1,0,14.75,16.0,40.2075191,4,1,PET,LOWER VERTEX,LANG_02,One-Way,apple,Paid Search,Paid Search,Logged-Out,AREA_B,AREA_C,AREA_B_TO_AREA_C,BU,CA,4_7,high,unknown_or_oneway,Y,W,0,0.6242916009889797,25.10121647073398
37.0,46.4786877,,1,1,0,0,0,0,0,1,1,1,0,12.333333333333334,18.0,51.396,5,1,PET,UPPER APEX,LANG_02,One-Way,google,Direct,Direct,Logged-In,AREA_C,AREA_C,AREA_C_TO_AREA_C,CA,CE,31_60,mid,unknown_or_oneway,P,J,0,0.48835407110245127,25.099445838381587
74.0,124.926544,15.881944444444445,2,1,1,0,0,0,1,0,0,2,1,383.0833333333333,14.0,31.407239,1,1,PET,UPPER MERIDIAN,LANG_01,Round-Trip,mozilla,Direct,Organic Search,Logged-Out,AREA_B,AREA_C,AREA_B_TO_AREA_C,BA,CA,61_120,very_high,15_30,C,F,0,0.7990223204891926,25.09508498593867
24.0,67.0829158,13.145833333333334,2,1,0,0,1,1,0,0,0,3,1,318.9166666666667,14.0,31.488616,4,1,PET,LOWER APEX,LANG_02,Round-Trip,google,Direct,Direct,Logged-Out,AREA_B,AREA_C,AREA_B_TO_AREA_C,BO,CA,15_30,high,9_14,Y,V,0,0.7968016669046728,25.09018171732115
111.0,77.9792961,32.78472222222222,1,1,0,0,0,0,0,1,0,2,1,790.0,13.0,42.1327276,3,1,PET,UPPER APEX,LANG_09,Round-Trip,samsung,Direct,Direct,Logged-In,AREA_B,AREA_C,AREA_B_TO_AREA_C,BU,CA,61_120,high,30_plus,Y,L,0,0.5953806890144814,25.085012388547458
44.0,370.9523432,10.256944444444445,2,2,0,0,0,0,0,0,0,4,1,247.41666666666666,7.0,39.5265221,1,0,PET,CENTRAL MERIDIAN,LANG_02,Round-Trip,microsoft,Direct,Paid Search,Logged-Out,AREA_B,AREA_B,AREA_B_TO_AREA_B,BI,BI,31_60,very_high,9_14,Y,Y,0,0.6345549576062229,25.081750555486934
25.0,191.929796,23.319444444444443,3,2,0,0,1,1,0,0,0,2,1,575.8333333333334,4.0,56.1073,5,1,PET,UPPER APEX,LANG_09,Round-Trip,apple,Direct,MetaSearches,Logged-Out,AREA_C,AREA_B,AREA_C_TO_AREA_B,CA,BO,15_30,very_high,15_30,Y,O,0,0.4469780209575576,25.078729915271975
1.0,45.658493199999995,,1,1,0,0,0,0,0,1,0,1,0,4.833333333333333,22.0,40.024635,4,1,PET,UPPER APEX,LANG_02,One-Way,google,Organic Search,Organic Search,Logged-In,AREA_B,AREA_C,AREA_B_TO_AREA_C,BO,CA,0_3,mid,unknown_or_oneway,Y,W,0,0.6265645732525998,25.078018348366072
44.0,51.2842137,,1,1,0,0,0,0,0,1,0,1,0,4.416666666666667,22.0,27.693878,5,1,PET,WEST MERIDIAN,LANG_02,One-Way,apple,Paid Search,Paid Search,Logged-In,AREA_C,AREA_B,AREA_C_TO_AREA_B,CA,BO,31_60,mid,unknown_or_oneway,Y,Q,0,0.9054907786227695,25.07655115330399
111.0,74.11388860000001,83.21527777777777,1,1,0,0,0,0,0,0,0,2,1,2013.25,10.0,74.0959,3,1,PET,LOWER VERTEX,LANG_02,Round-Trip,apple,Direct,Paid Search,Logged-Out,AREA_C,AREA_B,AREA_C_TO_AREA_B,CA,BU,61_120,high,30_plus,Y,O,0,0.33830471703164444,25.066992482705025
29.0,94.3249373,26.84375,1,1,0,0,0,0,0,1,0,2,1,647.6666666666666,20.0,28.5778892,2,1,PET,LOWER APEX,LANG_02,Round-Trip,google,Direct,Direct,Logged-In,AREA_B,AREA_C,AREA_B_TO_AREA_C,BO,CA,15_30,high,15_30,C,Z,0,0.8770921426166769,25.06544206988999
95.0,98.9377283,30.23611111111111,1,1,0,0,0,0,0,0,0,2,1,740.0833333333334,16.0,91.3345467,3,1,PET,UPPER APEX,LANG_09,Round-Trip,apple,Direct,Direct,Logged-Out,AREA_C,AREA_B,AREA_C_TO_AREA_B,CA,BI,61_120,high,30_plus,Y,U,0,0.2743679274095144,25.0592702789665
37.0,279.9779968,,2,2,0,0,0,0,0,0,0,3,1,-196.16666666666666,12.0,44.4686758,3,1,PET,LOWER VERTEX,LANG_02,Round-Trip,microsoft,Organic Search,Organic Search,Logged-Out,AREA_B,AREA_C,AREA_B_TO_AREA_C,BU,CA,31_60,very_high,unknown_or_oneway,Y,S,0,0.5634890927659574,25.057613783045483
14.0,31.3566996,,2,2,0,0,0,0,0,0,0,2,1,7.666666666666667,14.0,28.9248122,5,0,PET,SOUTH HORIZON,LANG_02,One-Way,apple,Direct,Direct,Logged-Out,AREA_C,AREA_C,AREA_C_TO_AREA_C,CA,CA,8_14,low,unknown_or_oneway,Y,W,1,0.8662307806613541,25.05556265248906
24.0,111.5271785,,1,1,0,0,0,0,0,0,0,1,0,12.333333333333334,19.0,51.396,5,1,PET,UPPER APEX,LANG_09,One-Way,google,Paid Search,Paid Search,Logged-Out,AREA_C,AREA_C,AREA_C_TO_AREA_C,CA,CE,15_30,very_high,unknown_or_oneway,Y,S,0,0.4873697219201626,25.048854227808675
5.0,29.6747655,,1,1,0,0,0,0,0,1,0,2,1,7.083333333333333,20.0,30.0512412,5,0,PET,UPPER VERTEX,LANG_10,One-Way,google,MetaSearches,Organic Search,Logged-In,AREA_C,AREA_C,AREA_C_TO_AREA_C,CI,CI,4_7,low,unknown_or_oneway,Y,S,0,0.8334656494954436,25.046677264902232
5.0,126.9969462,1.6180555555555556,1,1,0,0,0,0,0,0,0,2,1,45.583333333333336,19.0,54.1568218,1,1,PET,EAST HORIZON,LANG_02,Round-Trip,google,Direct,Direct,Logged-Out,AREA_C,AREA_C,AREA_C_TO_AREA_C,CE,CA,4_7,very_high,1_2,C,Z,0,0.46241893125393596,25.04313965686586
152.0,149.3632005,8.850694444444445,2,2,0,0,0,0,0,0,0,3,1,214.5,14.0,31.3464204,4,0,PET,NEW AURORA,LANG_09,Round-Trip,mozilla,Direct,Direct,Logged-Out,AREA_C,AREA_C,AREA_C_TO_AREA_C,CU,CE,120_plus,very_high,9_14,C,F,0,0.798801951441394,25.03958178622232
34.0,58.2685018,,2,2,0,0,0,0,0,1,1,1,0,3.0,11.0,30.2491158,4,1,PET,UPPER APEX,LANG_09,One-Way,apple,Direct,Direct,Logged-In,AREA_B,AREA_C,AREA_B_TO_AREA_C,BO,CA,31_60,high,unknown_or_oneway,Y,V,0,0.8276693374288708,25.036265631995185
19.0,22.9949987,0.9270833333333334,1,1,0,0,0,0,0,0,0,5,1,25.0,18.0,57.6046368,3,0,PET,UPPER VERTEX,LANG_10,Round-Trip,google,Organic Search,Organic Search,Logged-Out,AREA_B,AREA_C,AREA_B_TO_AREA_C,BI,CI,15_30,low,1_2,Y,V,0,0.4345180995067407,25.03025730511206
218.0,84.4453412,18.194444444444443,2,2,0,0,0,0,0,1,0,2,1,440.5833333333333,10.0,28.8125976,1,1,PET,GREAT MERIDIAN,LANG_03,Round-Trip,mozilla,Paid Search,Paid Search,Logged-In,AREA_B,AREA_C,AREA_B_TO_AREA_C,BA,CA,120_plus,high,15_30,Y,O,0,0.8686310660219507,25.0275173681495
9.0,35.9562133,22.21875,1,1,0,0,0,0,0,0,0,4,1,538.3333333333334,4.0,47.75545,4,0,PET,OLD MERIDIAN,LANG_02,Round-Trip,google,Direct,Paid Search,Logged-Out,AREA_B,AREA_B,AREA_B_TO_AREA_B,BU,BE,8_14,mid,15_30,Y,W,0,0.5240608044646267,25.026759544570258
47.0,125.5535752,119.84722222222223,1,1,0,0,0,0,0,1,0,4,1,2879.1666666666665,15.0,43.4840141,5,0,PET,NORTH MERIDIAN,LANG_02,Round-Trip,google,Paid Search,Paid Search,Logged-In,AREA_C,AREA_B,AREA_C_TO_AREA_B,CI,BI,31_60,very_high,30_plus,Y,L,0,0.5753873236034677,25.02015049253445
178.0,52.087276200000005,17.26388888888889,4,2,1,1,0,1,1,0,0,2,1,416.4166666666667,10.0,30.1711652,1,1,PET,NEW AURORA,LANG_02,Round-Trip,microsoft,Paid Search,Paid Search,Logged-Out,AREA_C,AREA_C,AREA_C_TO_AREA_C,CU,CA,120_plus,mid,15_30,Y,U,0,0.8292349029988437,25.01898324798409
40.0,131.8966982,,1,1,0,0,0,0,0,0,0,5,1,-2.0833333333333335,11.0,39.4036,3,0,PET,UPPER VERTEX,LANG_02,Round-Trip,apple,Direct,Direct,Logged-Out,AREA_C,AREA_B,AREA_C_TO_AREA_B,CU,BI,31_60,very_high,unknown_or_oneway,Y,U,0,0.6348424392757673,25.015077540246622
26.0,51.4718091,,1,1,0,0,0,0,0,0,0,1,0,4.75,22.0,47.4761984,4,1,PET,UPPER APEX,LANG_02,One-Way,google,Paid Search,Paid Search,Logged-Out,AREA_C,AREA_C,AREA_C_TO_AREA_C,CA,CE,15_30,mid,unknown_or_oneway,Y,L,0,0.5266956855606858,25.005508864103135
69.0,81.0502071,,1,1,0,0,0,0,0,0,0,1,0,8.916666666666666,8.0,52.9730006,1,1,PET,UPPER APEX,LANG_02,One-Way,mozilla,Paid Search,Paid Search,Logged-Out,AREA_C,AREA_C,AREA_C_TO_AREA_C,CA,CE,61_120,high,unknown_or_oneway,Y,Q,0,0.4719739346796371,25.001875524968778
169.0,342.39201429999997,21.78125,2,2,0,0,0,0,0,1,1,2,1,526.0,6.0,45.0717222,1,1,PET,NORTH MERIDIAN,LANG_09,Round-Trip,apple,Direct,Direct,Logged-In,AREA_B,AREA_C,AREA_B_TO_AREA_C,BI,CA,120_plus,very_high,15_30,Y,O,0,0.5544173818925853,24.988546219513914
11.0,121.971274,,1,1,0,0,0,0,0,0,0,1,0,16.333333333333332,20.0,40.140276,4,0,PET,UPPER APEX,LANG_02,One-Way,google,Direct,Direct,Logged-Out,AREA_B,AREA_B,AREA_B_TO_AREA_B,BU,BE,8_14,very_high,unknown_or_oneway,Y,S,0,0.622511182270975,24.987770669443243
198.0,97.579589,29.71527777777778,1,1,0,0,0,0,0,0,0,2,1,716.3333333333334,14.0,50.5175567,3,1,PET,UPPER APEX,LANG_09,Round-Trip,apple,Email,Email,Logged-Out,AREA_B,AREA_C,AREA_B_TO_AREA_C,BU,CA,120_plus,high,15_30,Y,U,0,0.4945905572903183,24.985506521198253
2.0,187.3071541,10.572916666666666,2,2,0,0,0,0,0,0,0,4,1,259.4166666666667,17.0,42.83,5,0,PET,LOWER VERTEX,LANG_02,Round-Trip,google,Direct,Paid Search,Logged-Out,AREA_B,AREA_B,AREA_B_TO_AREA_B,BO,BE,0_3,very_high,9_14,Y,L,0,0.5832259914251668,24.979569212739896
53.0,37.531929,17.802083333333332,1,1,0,0,0,0,0,0,0,4,1,431.0833333333333,15.0,30.2448328,6,0,PET,LOWER APEX,LANG_02,Round-Trip,microsoft,Paid Search,Paid Search,Logged-Out,AREA_B,AREA_C,AREA_B_TO_AREA_C,BA,CE,31_60,mid,15_30,Y,L,0,0.8255843801222075,24.96966153908781
75.0,113.9894752,78.23611111111111,1,1,0,0,0,0,0,1,0,2,1,1892.0833333333333,13.0,91.3345467,3,1,PET,NORTH MERIDIAN,LANG_02,Round-Trip,google,Paid Search,Paid Search,Logged-In,AREA_C,AREA_B,AREA_C_TO_AREA_B,CA,BI,61_120,very_high,30_plus,Y,O,0,0.2733481643445755,24.966130681688906
1.0,53.9096927,57.59722222222222,1,1,0,0,0,0,0,0,0,4,1,1387.4166666666667,16.0,47.75545,5,0,PET,UPPER APEX,LANG_02,Round-Trip,microsoft,Organic Search,Organic Search,Logged-Out,AREA_B,AREA_B,AREA_B_TO_AREA_B,BU,BE,0_3,mid,30_plus,Y,V,0,0.5227532450308277,24.96431645540744
17.0,50.83021570000001,,2,2,0,0,0,0,0,1,1,1,0,3.1666666666666665,12.0,26.408978,4,1,PET,UPPER HORIZON,LANG_05,One-Way,apple,Direct,Direct,Logged-In,AREA_C,AREA_B,AREA_C_TO_AREA_B,CA,BO,15_30,mid,unknown_or_oneway,Y,W,0,0.9451069668507185,24.959309095207356
160.0,509.2906734,31.90277777777778,5,2,2,1,0,1,1,0,0,4,1,769.0,21.0,39.8481754,3,0,PET,NORTH MERIDIAN,LANG_02,Round-Trip,google,Internal,Paid Search,Logged-Out,AREA_B,AREA_C,AREA_B_TO_AREA_C,BI,CU,120_plus,very_high,30_plus,Y,O,0,0.6261810494090232,24.952172289006825
44.0,161.7299347,88.00694444444444,1,1,0,0,0,0,0,0,0,4,1,2113.0833333333335,19.0,39.4036,3,0,PET,NORTH MERIDIAN,LANG_02,Round-Trip,apple,Direct,Direct,Logged-Out,AREA_C,AREA_B,AREA_C_TO_AREA_B,CU,BI,31_60,very_high,30_plus,Y,Q,0,0.6332033484180355,24.9504914597249
118.0,92.846874,10.215277777777779,2,2,0,0,0,0,0,0,0,2,1,249.08333333333334,10.0,29.21006,3,1,PET,UPPER APEX,LANG_09,Round-Trip,google,Organic Search,Organic Search,Logged-Out,AREA_C,AREA_C,AREA_C_TO_AREA_C,CA,CI,61_120,high,9_14,Y,T,0,0.8541442835646049,24.949605771579122
2.0,37.8728558,,1,1,0,0,0,0,0,0,0,1,0,0.9166666666666666,9.0,45.3998,3,1,PET,EAST HORIZON,LANG_02,One-Way,apple,Internal,Internal,Logged-Out,AREA_C,AREA_C,AREA_C_TO_AREA_C,CE,CA,0_3,mid,unknown_or_oneway,Y,T,0,0.549529917072919,24.948548329127107
70.0,80.1422111,64.73958333333333,1,1,0,0,0,0,0,0,0,2,1,1556.9166666666667,10.0,41.6830126,3,1,PET,LOWER VERTEX,LANG_02,Round-Trip,apple,Direct,Organic Search,Logged-Out,AREA_B,AREA_C,AREA_B_TO_AREA_C,BU,CA,61_120,high,30_plus,Y,O,0,0.5984555309288131,24.945429436245405
58.0,69.6582837,13.854166666666666,2,2,0,0,0,0,0,0,0,2,1,334.9166666666667,20.0,28.3740184,3,0,PET,NORTH HORIZON,LANG_09,Round-Trip,apple,Direct,Direct,Logged-Out,AREA_B,AREA_B,AREA_B_TO_AREA_B,BA,BE,31_60,high,9_14,Y,U,0,0.8785611150299496,24.92830924338431
95.0,105.0153053,15.85763888888889,3,2,1,0,0,0,1,0,0,2,1,383.1666666666667,12.0,28.8125976,1,1,PET,NORTH HORIZON,LANG_02,Round-Trip,google,Direct,Organic Search,Logged-Out,AREA_C,AREA_C,AREA_C_TO_AREA_C,CU,CA,61_120,very_high,15_30,Y,U,1,0.8650977550855122,24.92571350194222
78.0,40.8816633,,1,1,0,0,0,0,0,1,0,1,0,4.0,15.0,40.024635,4,1,PET,UPPER APEX,LANG_02,One-Way,apple,Direct,Direct,Logged-In,AREA_B,AREA_C,AREA_B_TO_AREA_C,BO,CA,61_120,mid,unknown_or_oneway,Y,L,0,0.6226916001273569,24.923004012663416
89.0,145.4828025,146.77777777777777,1,1,0,0,0,0,0,0,0,4,1,3526.0,10.0,39.8481754,2,0,PET,NORTH MERIDIAN,LANG_02,Round-Trip,google,Paid Search,Paid Search,Logged-Out,AREA_B,AREA_C,AREA_B_TO_AREA_C,BI,CU,61_120,very_high,30_plus,Y,L,0,0.6254366580906553,24.922509653186264
78.0,100.6646339,69.46875,1,1,0,0,0,0,0,1,1,2,1,1682.4166666666667,18.0,43.3799372,5,1,PET,UPPER APEX,LANG_09,Round-Trip,apple,Paid Search,Paid Search,Logged-In,AREA_C,AREA_B,AREA_C_TO_AREA_B,CA,BO,61_120,high,30_plus,Y,O,0,0.5744479764907884,24.919517144837478
60.0,105.8140848,21.26736111111111,2,2,0,0,0,0,0,1,0,2,1,517.0833333333334,20.0,52.6714774,3,1,PET,UPPER APEX,LANG_09,Round-Trip,microsoft,Direct,Direct,Logged-In,AREA_C,AREA_B,AREA_C_TO_AREA_B,CA,BE,31_60,very_high,15_30,Y,O,0,0.47310932368199465,24.919367050045466
3.0,91.2039152,29.395833333333332,2,2,0,0,0,0,0,0,0,2,1,708.5,15.0,28.8040316,2,1,PET,OLD AURORA,LANG_02,Round-Trip,google,Direct,Organic Search,Logged-Out,AREA_B,AREA_C,AREA_B_TO_AREA_C,BO,CA,0_3,high,15_30,Y,W,0,0.8651295767299859,24.91921966622514
44.0,40.6568058,10.635416666666666,1,1,0,0,0,0,0,0,0,4,1,258.0,10.0,30.2285574,5,0,PET,NEW MERIDIAN,LANG_02,Round-Trip,google,Direct,Paid Search,Logged-Out,AREA_C,AREA_C,AREA_C_TO_AREA_C,CI,CO,31_60,mid,9_14,Y,S,0,0.8242313043635543,24.91532329483057
21.0,28.39629,,1,1,0,0,0,0,0,1,0,2,1,6.0,15.0,27.7525551,5,0,PET,GREAT MERIDIAN,LANG_02,One-Way,apple,Direct,Direct,Logged-In,AREA_C,AREA_B,AREA_C_TO_AREA_B,CI,BA,15_30,low,unknown_or_oneway,Y,S,0,0.8972659933341234,24.90142391936149
20.0,22.6262324,,1,1,0,0,0,0,0,0,0,2,1,7.083333333333333,15.0,30.0512412,5,0,PET,NORTH ZENITH,LANG_06,One-Way,mozilla,Paid Search,Paid Search,Logged-Out,AREA_C,AREA_C,AREA_C_TO_AREA_C,CI,CI,15_30,low,unknown_or_oneway,Y,L,0,0.8285443677130808,24.898786639047284
43.0,73.0898233,,1,1,0,0,0,0,0,1,0,1,0,14.5,11.0,40.2075191,4,1,PET,LOWER VERTEX,LANG_09,One-Way,google,Paid Search,Paid Search,Logged-In,AREA_B,AREA_C,AREA_B_TO_AREA_C,BU,CA,31_60,high,unknown_or_oneway,Y,S,0,0.6190841352105562,24.89183719098542
18.0,63.8788035,,1,1,0,0,0,0,0,0,0,1,0,4.0,18.0,40.024635,4,1,PET,UPPER APEX,LANG_09,One-Way,apple,Paid Search,Paid Search,Logged-Out,AREA_B,AREA_C,AREA_B_TO_AREA_C,BO,CA,15_30,high,unknown_or_oneway,Y,V,0,0.6218838188244872,24.89067286085623
53.0,132.6624986,18.48263888888889,2,2,0,0,0,0,0,0,0,2,1,445.9166666666667,14.0,29.822529,2,1,PET,SOUTH MERIDIAN,LANG_02,Round-Trip,apple,Direct,Direct,Logged-Out,AREA_B,AREA_C,AREA_B_TO_AREA_C,BI,CA,31_60,very_high,15_30,Y,T,1,0.8342704216554954,24.880053843663237
125.0,106.312626,16.71875,3,2,1,0,0,0,1,0,0,4,1,403.9166666666667,15.0,28.5264932,3,0,PET,CENTRAL APEX,LANG_02,Round-Trip,google,Direct,Paid Search,Logged-Out,AREA_C,AREA_B,AREA_C_TO_AREA_B,CI,BA,120_plus,very_high,15_30,Y,L,0,0.8719347982553687,24.87324209327515
63.0,65.9222228,15.003472222222221,2,2,0,0,0,0,0,0,0,2,1,363.3333333333333,14.0,26.5546,3,1,PET,UPPER APEX,LANG_02,Round-Trip,google,Direct,Direct,Logged-Out,AREA_C,AREA_C,AREA_C_TO_AREA_C,CI,CA,61_120,high,15_30,Y,V,1,0.9365661550727423,24.870139621494644
144.0,125.1942315,9.29513888888889,2,2,0,0,0,0,0,0,0,4,1,224.91666666666666,16.0,28.798892,3,0,PET,LOWER MERIDIAN,LANG_02,Round-Trip,google,Paid Search,Paid Search,Logged-Out,AREA_B,AREA_C,AREA_B_TO_AREA_C,BO,CO,120_plus,very_high,9_14,Y,T,1,0.8632073681475582,24.859415768885768
49.0,11.968843500000002,33.013888888888886,2,1,0,0,1,1,0,0,0,4,1,794.9166666666666,13.0,29.3681027,4,0,PET,NORTH HORIZON,LANG_09,Round-Trip,google,Direct,Email,Logged-Out,AREA_C,AREA_C,AREA_C_TO_AREA_C,CE,CU,31_60,very_low,30_plus,Y,O,0,0.8458082067939793,24.839782281628423
131.0,548.6296001,26.697916666666668,3,1,1,1,0,1,1,0,0,2,1,646.0,11.0,49.5495987,1,1,PET,LOWER VERTEX,LANG_02,Round-Trip,microsoft,Organic Search,Organic Search,Logged-Out,AREA_B,AREA_C,AREA_B_TO_AREA_C,BO,CA,120_plus,very_high,15_30,Y,L,0,0.5012444211535955,24.836459918774445
91.0,21.2171254,17.868055555555557,1,1,0,0,0,0,0,1,0,2,1,431.0,5.0,28.8922614,2,1,PET,CENTRAL APEX,LANG_09,Round-Trip,apple,Direct,Direct,Logged-In,AREA_C,AREA_C,AREA_C_TO_AREA_C,CU,CA,61_120,low,15_30,Y,O,0,0.8596042561696855,24.835910869807115
29.0,37.172157,,2,2,0,0,0,0,0,1,0,1,0,4.5,19.0,26.4329628,5,1,PET,UPPER VERTEX,LANG_10,One-Way,google,Organic Search,Organic Search,Logged-In,AREA_C,AREA_B,AREA_C_TO_AREA_B,CA,BO,15_30,mid,unknown_or_oneway,Y,U,1,0.9395675870891687,24.835555077613755
78.0,31.080017800000004,8.85763888888889,2,1,0,0,1,1,0,1,0,2,1,215.08333333333334,20.0,31.3798278,1,0,PET,NORTH HORIZON,LANG_09,Round-Trip,apple,Direct,Direct,Logged-In,AREA_B,AREA_B,AREA_B_TO_AREA_B,BA,BE,61_120,low,9_14,Y,W,0,0.7912251361677245,24.828508523974747
48.0,91.9684307,8.17361111111111,2,2,0,0,0,0,0,1,0,2,1,200.08333333333334,18.0,31.4432162,2,1,PET,GREAT MERIDIAN,LANG_03,Round-Trip,google,Organic Search,Organic Search,Logged-In,AREA_B,AREA_C,AREA_B_TO_AREA_C,BA,CA,31_60,high,9_14,Y,U,0,0.7895650392600906,24.826464233416516
39.0,55.3474958,,1,1,0,0,0,0,0,1,0,1,0,12.333333333333334,11.0,51.396,5,1,PET,UPPER APEX,LANG_09,One-Way,google,Direct,Direct,Logged-In,AREA_C,AREA_C,AREA_C_TO_AREA_C,CA,CE,31_60,high,unknown_or_oneway,Y,U,0,0.48302134163935223,24.82536487489615
33.0,65.6780918,11.309027777777779,2,2,0,0,0,0,0,1,0,5,1,272.75,17.0,29.9099022,4,0,PET,EAST VERTEX,LANG_02,Round-Trip,google,Direct,Paid Search,Logged-In,AREA_B,AREA_C,AREA_B_TO_AREA_C,BO,CE,31_60,high,9_14,Y,U,0,0.8299724566322298,24.824395006563737
39.0,120.4825032,238.04166666666666,1,1,0,0,0,0,0,0,0,4,1,5714.666666666667,8.0,42.6612498,3,0,PET,NORTH MERIDIAN,LANG_02,Round-Trip,apple,Direct,MetaSearches,Logged-Out,AREA_C,AREA_B,AREA_C_TO_AREA_B,CO,BI,31_60,very_high,30_plus,Y,W,0,0.5818544823401928,24.822639418364652
12.0,45.65678,,1,1,0,0,0,0,0,0,0,1,0,4.0,22.0,40.024635,4,1,PET,OLD HORIZON,LANG_02,One-Way,google,Paid Search,Paid Search,Logged-Out,AREA_B,AREA_C,AREA_B_TO_AREA_C,BO,CA,8_14,mid,unknown_or_oneway,Y,W,0,0.6200505111512767,24.817295390393284
266.0,78.3883226,30.21875,2,2,0,0,0,0,0,0,0,2,1,729.25,10.0,29.21006,2,1,PET,UPPER APEX,LANG_09,Round-Trip,samsung,Direct,Direct,Logged-Out,AREA_C,AREA_C,AREA_C_TO_AREA_C,CA,CI,120_plus,high,30_plus,Y,L,0,0.8494016447547728,24.811073007385595
15.0,73.5078441,,1,1,0,0,0,0,0,1,0,1,0,14.166666666666666,16.0,40.4824877,4,1,PET,UPPER APEX,LANG_09,One-Way,apple,Direct,Direct,Logged-In,AREA_B,AREA_C,AREA_B_TO_AREA_C,BU,CA,15_30,high,unknown_or_oneway,Y,S,0,0.6128780761004057,24.810829177334337
84.0,47.719472800000005,9.26388888888889,3,2,0,0,1,1,0,0,0,4,1,224.41666666666666,12.0,31.3464204,5,0,PET,UPPER APEX,LANG_02,Round-Trip,google,Organic Search,Paid Search,Logged-Out,AREA_C,AREA_C,AREA_C_TO_AREA_C,CU,CE,61_120,mid,9_14,Y,U,0,0.7914978295212296,24.810623709859993
19.0,68.155379,45.40625,2,2,0,0,0,0,0,0,0,4,1,1091.6666666666667,16.0,29.5467038,4,0,PET,UPPER MERIDIAN,LANG_01,Round-Trip,microsoft,Direct,Direct,Logged-Out,AREA_C,AREA_C,AREA_C_TO_AREA_C,CU,CE,15_30,high,30_plus,Y,U,0,0.8396696953917301,24.809471779575674
13.0,45.5462786,,1,1,0,0,0,0,0,1,0,1,0,4.0,20.0,40.024635,4,1,PET,UPPER APEX,LANG_02,One-Way,google,Direct,Direct,Logged-In,AREA_B,AREA_C,AREA_B_TO_AREA_C,BO,CA,8_14,mid,unknown_or_oneway,Y,W,0,0.6198453763997573,24.809084946837903
37.0,34.8490578,21.0,2,1,0,0,1,1,0,1,0,2,1,506.1666666666667,16.0,30.1831576,1,1,PET,WEST APEX,LANG_02,Round-Trip,apple,Direct,Direct,Logged-In,AREA_B,AREA_C,AREA_B_TO_AREA_C,BE,CA,31_60,mid,15_30,Y,W,0,0.821793166741346,24.804312666357124
31.0,251.9063582,44.763888888888886,1,1,0,0,0,0,0,0,0,2,1,1078.0,15.0,47.62696,2,1,PET,NORTH MERIDIAN,LANG_02,Round-Trip,apple,Direct,Direct,Logged-Out,AREA_B,AREA_C,AREA_B_TO_AREA_C,BI,CA,31_60,very_high,30_plus,Y,Q,0,0.5206061590648818,24.794888713536764
27.0,29.5856791,,1,1,0,0,0,0,0,0,0,1,0,2.9166666666666665,10.0,34.6923,3,0,PET,EAST APEX,LANG_02,One-Way,google,Paid Search,Paid Search,Logged-Out,AREA_C,AREA_B,AREA_C_TO_AREA_B,CE,BE,15_30,low,unknown_or_oneway,Y,V,0,0.7146658584685438,24.793402361748264
223.0,92.6121656,88.21527777777777,1,1,0,0,0,0,0,0,0,2,1,2121.0833333333335,17.0,26.5546,2,1,PET,UPPER APEX,LANG_09,Round-Trip,google,Direct,Direct,Logged-Out,AREA_C,AREA_C,AREA_C_TO_AREA_C,CA,CI,120_plus,high,30_plus,C,F,0,0.9335020739782222,24.788774173662098
13.0,122.4055702,93.04166666666667,1,1,0,0,0,0,0,0,0,4,1,2234.6666666666665,18.0,42.6612498,3,0,PET,NORTH MERIDIAN,LANG_02,Round-Trip,apple,Direct,Direct,Logged-Out,AREA_C,AREA_B,AREA_C_TO_AREA_B,CO,BI,8_14,very_high,30_plus,Y,S,0,0.5809270138923255,24.783072455228567
12.0,34.846916300000004,,1,1,0,0,0,0,0,0,0,1,0,0.4166666666666667,9.0,42.1006051,3,1,PET,NEW APEX,LANG_02,One-Way,apple,Direct,Paid Search,Logged-Out,AREA_B,AREA_C,AREA_B_TO_AREA_C,BE,CA,8_14,mid,unknown_or_oneway,Y,T,0,0.5886094306171958,24.78081319655041
5.0,46.2996583,1.8541666666666667,1,1,0,0,0,0,0,0,0,2,1,46.916666666666664,17.0,76.6579906,2,0,PET,NORTH HORIZON,LANG_04,Round-Trip,google,Organic Search,Organic Search,Logged-Out,AREA_B,AREA_B,AREA_B_TO_AREA_B,BA,BE,4_7,mid,1_2,Y,H,0,0.32317733392236336,24.774125025953595
10.0,194.3865248,,2,2,0,0,0,0,0,0,0,3,1,9.916666666666666,10.0,53.5006662,3,1,PET,NORTH MERIDIAN,LANG_02,Round-Trip,google,Paid Search,Paid Search,Logged-Out,AREA_B,AREA_C,AREA_B_TO_AREA_C,BI,CA,8_14,very_high,unknown_or_oneway,Y,U,0,0.46302516552695283,24.77215482305725
100.0,192.8617768,29.59722222222222,2,2,0,0,0,0,0,0,0,4,1,712.4166666666666,17.0,27.7932436,2,0,PET,LOWER ZENITH,LANG_02,Round-Trip,apple,Paid Search,Paid Search,Logged-Out,AREA_C,AREA_B,AREA_C_TO_AREA_B,CE,BO,61_120,very_high,15_30,C,F,1,0.8912218803621258,24.76994682255462
99.0,36.8650659,,1,1,0,0,0,0,0,1,0,1,0,3.9166666666666665,3.0,36.31984,2,1,PET,UPPER APEX,LANG_02,One-Way,apple,Direct,Direct,Logged-In,AREA_C,AREA_B,AREA_C_TO_AREA_B,CA,BA,61_120,mid,unknown_or_oneway,Y,W,0,0.6819060239984663,24.766717686660456
178.0,18.7719607,24.85763888888889,1,1,0,0,0,0,0,1,0,2,1,599.0833333333334,15.0,31.3798278,1,0,PET,NORTH HORIZON,LANG_04,Round-Trip,apple,Direct,Direct,Logged-In,AREA_B,AREA_B,AREA_B_TO_AREA_B,BA,BE,120_plus,very_low,15_30,Y,U,0,0.7889494882375545,24.757099083792586
4.0,32.0878077,,1,1,0,0,0,0,0,0,0,1,0,0.4166666666666667,11.0,42.1006051,3,1,PET,NEW APEX,LANG_02,One-Way,apple,Paid Search,Organic Search,Logged-Out,AREA_B,AREA_C,AREA_B_TO_AREA_C,BE,CA,4_7,low,unknown_or_oneway,Y,S,0,0.5879235978263992,24.751939221060454
58.0,37.5058027,,1,1,0,0,0,0,0,0,0,1,0,4.0,17.0,40.024635,4,1,PET,UPPER APEX,LANG_02,One-Way,google,Organic Search,Paid Search,Logged-Out,AREA_B,AREA_C,AREA_B_TO_AREA_C,BO,CA,31_60,mid,unknown_or_oneway,Y,U,0,0.618346327097054,24.749086045650195
33.0,108.4408487,11.274305555555555,1,1,0,0,0,0,0,1,0,2,1,272.6666666666667,14.0,52.76656,4,1,PET,SOUTH MERIDIAN,LANG_02,Round-Trip,microsoft,Paid Search,Paid Search,Logged-In,AREA_B,AREA_C,AREA_B_TO_AREA_C,BI,CA,31_60,very_high,9_14,C,Z,0,0.46900369219878596,24.74771146462877
61.0,48.2492799,8.253472222222221,2,2,0,0,0,0,0,0,0,4,1,200.25,13.0,31.3464204,5,0,PET,NEW AURORA,LANG_02,Round-Trip,apple,Paid Search,Paid Search,Logged-Out,AREA_C,AREA_C,AREA_C_TO_AREA_C,CU,CE,61_120,mid,9_14,Y,L,0,0.789401353502189,24.744906691208627
2.0,29.2147713,,1,1,0,0,0,0,0,0,0,4,1,603.0833333333334,15.0,29.4096478,5,0,PET,SOUTH VERTEX,LANG_09,Multi-City,google,Direct,Paid Search,Logged-Out,AREA_C,AREA_B,AREA_C_TO_AREA_B,CU,BE,0_3,low,unknown_or_oneway,Y,W,0,0.8411289035307494,24.737304807239514
15.0,27.8827583,7.815972222222222,1,1,0,0,0,0,0,0,0,2,1,191.0,12.0,48.3979,1,1,PET,UPPER APEX,LANG_02,Round-Trip,apple,Direct,Direct,Logged-Out,AREA_B,AREA_C,AREA_B_TO_AREA_C,BO,CA,15_30,low,6_8,Y,U,0,0.5110905155716364,24.735707663584503
25.0,153.39136200000002,,3,2,0,1,0,1,0,1,0,2,1,182.33333333333334,12.0,29.21006,3,1,PET,UPPER APEX,LANG_09,One-Way,samsung,Direct,Direct,Logged-In,AREA_C,AREA_C,AREA_C_TO_AREA_C,CA,CI,15_30,very_high,unknown_or_oneway,Y,O,1,0.8468203362612351,24.735672831410852
9.0,102.813415,3.513888888888889,2,2,0,0,0,0,0,1,0,2,1,86.66666666666667,19.0,55.2061568,3,1,PET,UPPER VERTEX,LANG_10,Round-Trip,apple,Direct,Direct,Logged-In,AREA_C,AREA_C,AREA_C_TO_AREA_C,CA,CE,8_14,very_high,3_5,Y,W,0,0.44785501677843853,24.72435427993711
43.0,57.77038890000001,,2,2,0,0,0,0,0,1,0,1,0,4.5,9.0,26.353299,4,1,PET,UPPER VERTEX,LANG_11,One-Way,apple,Direct,Direct,Logged-In,AREA_C,AREA_B,AREA_C_TO_AREA_B,CA,BO,31_60,high,unknown_or_oneway,Y,O,1,0.9380927307809152,24.72183822399596
37.0,149.5392318,6.503472222222222,3,2,0,1,0,1,0,1,0,4,1,156.91666666666666,14.0,29.21006,4,0,PET,UPPER APEX,LANG_09,Round-Trip,other,Direct,Direct,Logged-In,AREA_D,AREA_C,AREA_D_TO_AREA_C,DA,CI,31_60,very_high,6_8,Y,T,0,0.8463154100303932,24.720923905912386
30.0,33.232653600000006,18.145833333333332,1,1,0,0,0,0,0,1,0,2,1,437.8333333333333,20.0,45.48546,2,0,PET,CENTRAL APEX,LANG_09,Round-Trip,samsung,Direct,Direct,Logged-In,AREA_B,AREA_B,AREA_B_TO_AREA_B,BE,BA,15_30,low,15_30,Y,U,0,0.5431372539226144,24.70484783780692
7.0,53.017972099999994,,1,1,0,0,0,0,0,0,0,1,0,1.5,13.0,43.6977358,4,1,PET,GREAT APEX,LANG_10,One-Way,google,Direct,Organic Search,Logged-Out,AREA_B,AREA_C,AREA_B_TO_AREA_C,BI,CA,4_7,mid,unknown_or_oneway,Y,Q,0,0.5651948595428284,24.697735647820625
182.0,40.769448700000005,28.26388888888889,2,2,0,0,0,0,0,0,0,2,1,680.4166666666666,18.0,29.21006,1,1,PET,NEW AURORA,LANG_09,Round-Trip,apple,Direct,Direct,Logged-Out,AREA_C,AREA_C,AREA_C_TO_AREA_C,CU,CA,120_plus,mid,15_30,Y,L,0,0.8452050047897064,24.68848890220761
54.0,14.2598202,22.86111111111111,1,1,0,0,0,0,0,0,0,2,1,551.1666666666666,18.0,31.3798278,1,0,PET,NORTH HORIZON,LANG_09,Round-Trip,other,Direct,Direct,Logged-Out,AREA_B,AREA_B,AREA_B_TO_AREA_B,BA,BE,31_60,very_low,15_30,Y,O,0,0.7866885668681516,24.686151760551382
93.0,39.8944318,16.020833333333332,2,2,0,0,0,0,0,0,0,2,1,386.75,15.0,27.6574725,3,1,PET,WEST APEX,LANG_09,Round-Trip,apple,Direct,Direct,Logged-Out,AREA_B,AREA_C,AREA_B_TO_AREA_C,BE,CA,61_120,mid,15_30,Y,O,0,0.8923274778455532,24.67952267950775
59.0,95.4496531,15.92361111111111,1,1,0,0,0,0,0,0,0,4,1,385.5,13.0,39.9244128,3,0,PET,NORTH MERIDIAN,LANG_02,Round-Trip,google,Direct,Organic Search,Logged-Out,AREA_B,AREA_C,AREA_B_TO_AREA_C,BI,CO,31_60,high,15_30,Y,O,0,0.6180252290382444,24.674294364937417
42.0,46.2859527,,1,1,0,0,0,0,0,0,0,1,0,12.333333333333334,3.0,51.396,5,1,PET,UPPER APEX,LANG_02,One-Way,mozilla,Organic Search,Organic Search,Logged-Out,AREA_C,AREA_C,AREA_C_TO_AREA_C,CA,CE,31_60,mid,unknown_or_oneway,Y,O,0,0.480048165941446,24.67255553672656
66.0,94.2379924,13.14236111111111,1,1,0,0,0,0,0,0,0,2,1,333.5,9.0,77.7827064,1,1,PET,EAST ZENITH,LANG_08,Round-Trip,apple,Direct,Direct,Logged-Out,AREA_C,AREA_C,AREA_C_TO_AREA_C,CA,CA,61_120,high,9_14,Y,O,0,0.31718829168233886,24.671763765444926
41.0,58.9777666,16.041666666666668,2,1,0,1,0,1,0,1,0,2,1,387.75,15.0,29.2220524,3,1,PET,NEW MERIDIAN,LANG_02,Round-Trip,google,Direct,Email,Logged-In,AREA_C,AREA_C,AREA_C_TO_AREA_C,CI,CA,31_60,high,15_30,Y,W,0,0.8441423156673133,24.66757098148757
34.0,54.72132119999999,5.170138888888889,2,2,0,0,0,0,0,0,0,2,1,127.08333333333333,21.0,48.3979,4,1,PET,UPPER APEX,LANG_09,Round-Trip,apple,Direct,Direct,Logged-Out,AREA_C,AREA_B,AREA_C_TO_AREA_B,CA,BO,31_60,high,6_8,Y,T,0,0.5095563965981578,24.66145952691798
5.0,189.1552686,2.8854166666666665,1,1,0,0,0,0,0,1,1,2,1,71.33333333333333,11.0,55.4537142,1,1,PET,UPPER APEX,LANG_02,Round-Trip,apple,Direct,Direct,Logged-In,AREA_B,AREA_C,AREA_B_TO_AREA_C,BA,CA,4_7,very_high,3_5,C,Z,0,0.4445956942341979,24.6544825626138
32.0,82.1316646,,2,2,0,0,0,0,0,0,0,1,0,5.083333333333333,8.0,27.8848998,4,1,PET,LOWER APEX,LANG_02,One-Way,google,Paid Search,Paid Search,Logged-Out,AREA_B,AREA_C,AREA_B_TO_AREA_C,BO,CA,31_60,high,unknown_or_oneway,Y,K,0,0.8840417065850356,24.651414407144717
9.0,37.5285026,,1,1,0,0,0,0,0,0,0,1,0,4.833333333333333,8.0,40.024635,4,1,PET,UPPER APEX,LANG_02,One-Way,google,Direct,Direct,Logged-Out,AREA_B,AREA_C,AREA_B_TO_AREA_C,BO,CA,8_14,mid,unknown_or_oneway,Y,U,0,0.6158582061585274,24.649499913249812
4.0,34.4408879,2.8541666666666665,1,1,0,0,0,0,0,0,0,2,1,70.91666666666667,11.0,55.5350912,2,0,PET,NORTH HORIZON,LANG_09,Round-Trip,apple,Direct,Direct,Logged-Out,AREA_B,AREA_B,AREA_B_TO_AREA_B,BA,BE,4_7,mid,3_5,Y,S,0,0.44379768877901626,24.646345120691883
6.0,58.6882358,,1,1,0,0,0,0,0,0,0,1,0,14.5,14.0,40.2075191,4,1,PET,LOWER VERTEX,LANG_02,One-Way,google,Organic Search,Email,Logged-Out,AREA_B,AREA_C,AREA_B_TO_AREA_C,BU,CA,4_7,high,unknown_or_oneway,Y,W,0,0.6129530124003181,24.645319953488325
106.0,45.1034164,14.26736111111111,1,1,0,0,0,0,0,1,0,2,1,349.0833333333333,6.0,48.3979,4,1,PET,GREAT AURORA,LANG_10,Round-Trip,samsung,Direct,Direct,Logged-In,AREA_C,AREA_B,AREA_C_TO_AREA_B,CA,BE,61_120,mid,15_30,Y,U,0,0.5092186145607441,24.64511158564944
59.0,43.8112353,9.86111111111111,1,1,0,0,0,0,0,0,0,4,1,239.16666666666666,16.0,28.7449262,5,0,PET,NORTH HORIZON,LANG_04,Round-Trip,apple,Organic Search,Organic Search,Logged-Out,AREA_C,AREA_C,AREA_C_TO_AREA_C,CU,CI,31_60,mid,9_14,Y,O,0,0.8569562966293008,24.63314550323456
3.0,46.1874437,16.26736111111111,1,1,0,0,0,0,0,0,0,4,1,392.6666666666667,9.0,30.721959,4,0,PET,NORTH ZENITH,LANG_06,Round-Trip,mozilla,Paid Search,Paid Search,Logged-Out,AREA_C,AREA_D,AREA_C_TO_AREA_D,CI,DA,0_3,mid,15_30,Y,S,0,0.8014960004137617,24.623527263375568
22.0,36.0474412,5.854166666666667,1,1,0,0,0,0,0,0,0,2,1,142.91666666666666,14.0,76.6579906,4,0,PET,NORTH HORIZON,LANG_04,Round-Trip,google,Organic Search,Organic Search,Logged-Out,AREA_B,AREA_B,AREA_B_TO_AREA_B,BA,BE,15_30,mid,6_8,Y,S,0,0.3211776060242755,24.620829903539413
125.0,89.3326725,12.871527777777779,2,2,0,0,0,0,0,0,0,4,1,311.25,12.0,30.4238622,4,0,PET,SOUTH MERIDIAN,LANG_02,Round-Trip,apple,MetaSearches,MetaSearches,Logged-Out,AREA_B,AREA_C,AREA_B_TO_AREA_C,BI,CE,120_plus,high,9_14,Y,S,0,0.8091791458142099,24.618354827365227
45.0,52.1172572,14.145833333333334,2,2,0,0,0,0,0,1,1,2,1,341.9166666666667,11.0,29.21006,4,1,PET,UPPER APEX,LANG_02,Round-Trip,microsoft,Direct,Email,Logged-In,AREA_C,AREA_B,AREA_C_TO_AREA_B,CA,BA,31_60,mid,15_30,Y,L,0,0.8425935829290432,24.612209112972327
52.0,52.715164,28.21875,2,2,0,0,0,0,0,1,1,2,1,681.25,21.0,26.38328,2,1,PET,UPPER APEX,LANG_09,Round-Trip,apple,Direct,Paid Search,Logged-In,AREA_C,AREA_C,AREA_C_TO_AREA_C,CA,CI,31_60,mid,15_30,Y,O,1,0.9326174005122568,24.605506010587014
230.0,253.048206,21.57638888888889,2,2,0,0,0,0,0,0,0,2,1,521.3333333333334,14.0,50.5355453,1,1,PET,LOWER VERTEX,LANG_02,Round-Trip,apple,Paid Search,Paid Search,Logged-Out,AREA_B,AREA_C,AREA_B_TO_AREA_C,BU,CA,120_plus,very_high,15_30,P,R,0,0.4868420822007134,24.602830099000478
9.0,70.90292349999999,,2,2,0,0,0,0,0,0,0,2,1,6.5,12.0,27.8836149,5,0,PET,NEW APEX,LANG_02,One-Way,google,Direct,Organic Search,Logged-Out,AREA_C,AREA_C,AREA_C_TO_AREA_C,CU,CU,8_14,high,unknown_or_oneway,Y,S,0,0.8822953657092248,24.601584205490692
31.0,31.3909636,,1,1,0,0,0,0,0,0,0,1,0,4.75,21.0,47.4761984,2,1,PET,NEW HORIZON,LANG_02,One-Way,google,Direct,Paid Search,Logged-Out,AREA_C,AREA_C,AREA_C_TO_AREA_C,CA,CE,31_60,low,unknown_or_oneway,Y,W,0,0.5181373929042998,24.599193663983293
21.0,43.9230216,,1,1,0,0,0,0,0,1,0,1,0,4.833333333333333,10.0,40.024635,4,1,PET,OLD HORIZON,LANG_02,One-Way,google,Paid Search,Paid Search,Logged-In,AREA_B,AREA_C,AREA_B_TO_AREA_C,BO,CA,15_30,mid,unknown_or_oneway,Y,O,0,0.6144895872494602,24.594721440960303
45.0,95.048336,19.71875,2,2,0,0,0,0,0,0,0,4,1,474.25,15.0,27.218465,4,0,PET,UPPER APEX,LANG_02,Round-Trip,google,Paid Search,Organic Search,Logged-Out,AREA_B,AREA_C,AREA_B_TO_AREA_C,BE,CE,31_60,high,15_30,Y,T,0,0.9031996506640065,24.58370807961049
88.0,54.3975264,19.59027777777778,2,2,0,0,0,0,0,0,0,4,1,471.0833333333333,9.0,26.820146,5,0,PET,UPPER APEX,LANG_09,Round-Trip,google,Paid Search,Paid Search,Logged-Out,AREA_C,AREA_C,AREA_C_TO_AREA_C,CE,CI,61_120,high,15_30,Y,O,1,0.9164568005924199,24.57950519458159
5.0,40.4970499,,1,1,0,0,0,0,0,1,0,1,0,0.8333333333333334,12.0,35.89154,4,1,PET,GREAT ZENITH,LANG_02,One-Way,apple,Direct,Direct,Logged-In,AREA_C,AREA_C,AREA_C_TO_AREA_C,CI,CA,4_7,mid,unknown_or_oneway,Y,T,0,0.6848091397726349,24.578854632515117
275.0,63.4432224,,3,2,1,0,0,0,1,1,0,1,0,3.0,19.0,37.767494,4,1,PET,SOUTH HORIZON,LANG_09,One-Way,apple,Direct,Direct,Logged-In,AREA_C,AREA_C,AREA_C_TO_AREA_C,CI,CA,120_plus,high,unknown_or_oneway,Y,V,0,0.6507277986750023,24.57635823209136
18.0,40.9360574,,1,1,0,0,0,0,0,1,1,1,0,4.0,12.0,40.024635,4,1,PET,UPPER APEX,LANG_02,One-Way,google,Direct,Direct,Logged-In,AREA_B,AREA_C,AREA_B_TO_AREA_C,BO,CA,15_30,mid,unknown_or_oneway,Y,L,0,0.6139571935470494,24.573412577345007
64.0,77.48632280000001,27.802083333333332,2,2,0,0,0,0,0,1,0,2,1,671.0833333333334,12.0,29.0755738,2,1,PET,GREAT AURORA,LANG_10,Round-Trip,other,Direct,Direct,Logged-In,AREA_B,AREA_C,AREA_B_TO_AREA_C,BA,CA,61_120,high,15_30,Y,O,1,0.8451540110603769,24.573337820952005
16.0,33.6738026,23.052083333333332,1,1,0,0,0,0,0,0,0,3,1,554.1666666666666,15.0,29.3681027,5,0,PET,NORTH HORIZON,LANG_09,Round-Trip,apple,Direct,Direct,Logged-Out,AREA_C,AREA_C,AREA_C_TO_AREA_C,CE,CU,15_30,low,15_30,Y,S,0,0.8367188963973595,24.572846480428314
45.0,150.6922154,6.854166666666667,3,2,0,1,0,1,0,1,0,2,1,166.91666666666666,14.0,28.6070136,4,0,PET,NORTH HORIZON,LANG_09,Round-Trip,apple,Direct,Direct,Logged-In,AREA_B,AREA_B,AREA_B_TO_AREA_B,BA,BE,31_60,very_high,6_8,Y,S,0,0.8589398905517398,24.57170513059613
169.0,77.27388599999999,22.572916666666668,2,2,0,0,0,0,0,1,0,2,1,545.6666666666666,12.0,27.4506036,1,1,PET,GREAT MERIDIAN,LANG_03,Round-Trip,apple,Paid Search,Paid Search,Logged-In,AREA_B,AREA_C,AREA_B_TO_AREA_C,BA,CA,120_plus,high,15_30,Y,L,0,0.8950095876695099,24.568553409315165
9.0,63.5884161,10.48611111111111,1,1,0,0,0,0,0,0,0,4,1,253.75,23.0,30.2825232,4,0,PET,NEW ZENITH,LANG_02,Round-Trip,google,Paid Search,Paid Search,Logged-Out,AREA_B,AREA_C,AREA_B_TO_AREA_C,BA,CI,8_14,high,9_14,Y,S,0,0.8111842982990912,24.56470733271795
35.0,31.060316,12.256944444444445,2,2,0,0,0,0,0,0,0,2,1,296.4166666666667,10.0,27.663897,1,1,PET,NORTH ZENITH,LANG_09,Round-Trip,google,Paid Search,Paid Search,Logged-Out,AREA_C,AREA_C,AREA_C_TO_AREA_C,CI,CA,31_60,low,9_14,Y,O,0,0.8878101746851681,24.560289228042496
58.0,229.8720364,14.784722222222221,2,2,0,0,0,0,0,1,0,2,1,358.0,9.0,53.8668627,3,1,PET,LOWER VERTEX,LANG_02,Round-Trip,apple,Direct,Direct,Logged-In,AREA_B,AREA_C,AREA_B_TO_AREA_C,BU,CA,31_60,very_high,15_30,Y,U,0,0.4559325850021471,24.55965795676674
12.0,56.2148033,,2,2,0,0,0,0,0,1,1,1,0,13.5,21.0,28.6721152,3,0,PET,LOWER ZENITH,LANG_02,One-Way,google,Organic Search,Paid Search,Logged-In,AREA_C,AREA_C,AREA_C_TO_AREA_C,CO,CE,8_14,high,unknown_or_oneway,C,I,0,0.8562841881992107,24.55147888798625
33.0,193.715807,83.63541666666667,1,1,0,0,0,0,0,1,1,2,1,2010.75,14.0,41.6710202,1,1,PET,LOWER VERTEX,LANG_02,Round-Trip,google,Direct,Direct,Logged-In,AREA_B,AREA_C,AREA_B_TO_AREA_C,BU,CA,31_60,very_high,30_plus,P,R,0,0.589128665729918,24.54959253003046
52.0,30.075226,42.08680555555556,1,1,0,0,0,0,0,1,0,3,1,1011.3333333333334,2.0,27.2972722,3,1,PET,NEW ZENITH,LANG_09,Round-Trip,apple,Direct,Direct,Logged-In,AREA_B,AREA_C,AREA_B_TO_AREA_C,BA,CA,31_60,low,30_plus,Y,L,0,0.8992288857444762,24.546495664269667
38.0,48.2154442,26.67361111111111,2,2,0,0,0,0,0,1,0,4,1,642.9166666666666,22.0,27.4039189,4,0,PET,NEW MERIDIAN,LANG_02,Round-Trip,google,Direct,Organic Search,Logged-In,AREA_C,AREA_C,AREA_C_TO_AREA_C,CI,CE,31_60,mid,15_30,Y,O,0,0.8955829718166787,24.542483127885248
48.0,128.11652239999998,17.07638888888889,3,3,0,0,0,0,0,0,0,4,1,410.8333333333333,11.0,27.88233,3,0,PET,NEW APEX,LANG_02,Round-Trip,google,Organic Search,Paid Search,Logged-Out,AREA_B,AREA_C,AREA_B_TO_AREA_C,BE,CU,31_60,very_high,15_30,Y,V,0,0.8801729386589152,24.541272332757632
27.0,97.2086812,8.680555555555555,1,1,0,0,0,0,0,0,0,2,1,214.0,21.0,87.6635874,1,1,PET,LOWER VERTEX,LANG_02,Round-Trip,google,Paid Search,Paid Search,Logged-Out,AREA_B,AREA_C,AREA_B_TO_AREA_C,BO,CA,15_30,high,9_14,Y,O,0,0.2798467847542088,24.53237307390957
53.0,46.1583193,11.854166666666666,2,2,0,0,0,0,0,0,0,2,1,286.9166666666667,13.0,28.3740184,3,0,PET,NORTH HORIZON,LANG_04,Round-Trip,apple,Direct,Direct,Logged-Out,AREA_B,AREA_B,AREA_B_TO_AREA_B,BA,BE,31_60,mid,9_14,Y,O,0,0.8645821721666769,24.53167046136926
40.0,85.7730712,17.67361111111111,2,1,0,1,0,1,0,1,0,4,1,426.9166666666667,19.0,27.4039189,4,0,PET,NEW MERIDIAN,LANG_10,Round-Trip,apple,Direct,Direct,Logged-In,AREA_C,AREA_C,AREA_C_TO_AREA_C,CI,CE,31_60,high,15_30,Y,T,0,0.89506481995292,24.528283736232922
55.0,153.2924247,14.225694444444445,3,2,0,0,1,1,0,1,0,2,1,343.9166666666667,12.0,27.218465,2,1,PET,NORTH HORIZON,LANG_09,Round-Trip,apple,Direct,Direct,Logged-In,AREA_C,AREA_C,AREA_C_TO_AREA_C,CE,CA,31_60,very_high,15_30,Y,Q,0,0.9010765560291569,24.525920702600146
41.0,49.036067,9.166666666666666,1,1,0,0,0,0,0,1,0,2,1,223.41666666666666,13.0,30.1831576,1,0,PET,GREAT MERIDIAN,LANG_03,Round-Trip,apple,Direct,Direct,Logged-In,AREA_B,AREA_B,AREA_B_TO_AREA_B,BA,BE,31_60,mid,9_14,Y,O,0,0.8122461466438241,24.516153454143254
32.0,73.4007691,24.25347222222222,2,1,1,0,0,0,1,1,1,4,1,584.5,21.0,30.4238622,3,0,PET,LOWER ZENITH,LANG_02,Round-Trip,google,Paid Search,Paid Search,Logged-In,AREA_B,AREA_C,AREA_B_TO_AREA_C,BI,CE,31_60,high,15_30,Y,S,0,0.8055087892340976,24.506688404547027
93.0,53.4000157,15.854166666666666,3,1,1,1,0,1,1,0,0,2,1,382.9166666666667,19.0,28.6070136,3,0,PET,NORTH HORIZON,LANG_09,Round-Trip,google,Paid Search,Organic Search,Logged-Out,AREA_B,AREA_B,AREA_B_TO_AREA_B,BA,BE,61_120,mid,15_30,Y,U,0,0.856588042032118,24.504425768010172
14.0,95.8282703,12.256944444444445,1,1,0,0,0,0,0,1,0,4,1,296.25,9.0,28.9492253,6,0,PET,NEW ZENITH,LANG_02,Round-Trip,apple,Direct,Direct,Logged-In,AREA_B,AREA_C,AREA_B_TO_AREA_C,BA,CI,8_14,high,9_14,Y,Q,0,0.8464401148579095,24.503785587979497
78.0,140.1376185,56.06597222222222,1,1,0,0,0,0,0,1,0,2,1,1350.5833333333333,18.0,47.9987244,3,1,PET,UPPER APEX,LANG_02,Round-Trip,google,Direct,Organic Search,Logged-In,AREA_C,AREA_C,AREA_C_TO_AREA_C,CA,CA,61_120,very_high,30_plus,Y,W,0,0.5103759170418712,24.49739298249004
5.0,94.2666885,,1,1,0,0,0,0,0,0,0,1,0,16.083333333333332,20.0,34.5719477,3,0,PET,LOWER VERTEX,LANG_02,One-Way,google,Organic Search,Organic Search,Logged-Out,AREA_B,AREA_B,AREA_B_TO_AREA_B,BU,BE,4_7,high,unknown_or_oneway,Y,V,0,0.7085432586321677,24.49572048061888
208.0,137.6868859,93.78472222222223,1,1,0,0,0,0,0,1,1,2,1,2254.0,12.0,39.986088,3,1,PET,LOWER VERTEX,LANG_02,Round-Trip,apple,Direct,Direct,Logged-In,AREA_B,AREA_C,AREA_B_TO_AREA_C,BU,CA,120_plus,very_high,30_plus,Y,L,0,0.6124785554864136,24.490621417792617
6.0,34.0434255,,1,1,0,0,0,0,0,0,0,1,0,1.5,23.0,43.6977358,4,1,PET,CENTRAL VERTEX,LANG_02,One-Way,google,Organic Search,Organic Search,Logged-Out,AREA_B,AREA_C,AREA_B_TO_AREA_C,BI,CA,4_7,low,unknown_or_oneway,Y,V,0,0.5604163200152759,24.488924290035776
63.0,70.3135827,5.482638888888889,2,2,0,0,0,0,0,0,0,4,1,133.91666666666666,9.0,30.4238622,3,0,PET,SOUTH MERIDIAN,LANG_02,Round-Trip,apple,Direct,Direct,Logged-Out,AREA_B,AREA_C,AREA_B_TO_AREA_C,BI,CE,61_120,high,6_8,Y,W,0,0.8048507674221125,24.486668839614598
33.0,79.8573916,,2,2,0,0,0,0,0,0,0,1,0,5.083333333333333,9.0,51.396,5,1,PET,UPPER APEX,LANG_02,One-Way,samsung,MetaSearches,MetaSearches,Logged-Out,AREA_C,AREA_B,AREA_C_TO_AREA_B,CA,BU,31_60,high,unknown_or_oneway,Y,L,0,0.4761942371802269,24.47447901411494
103.0,43.9722761,14.875,1,1,0,0,0,0,0,0,0,2,1,359.25,15.0,31.2881716,1,1,PET,NORTH ZENITH,LANG_06,Round-Trip,google,Paid Search,Paid Search,Logged-Out,AREA_C,AREA_C,AREA_C_TO_AREA_C,CI,CA,61_120,mid,15_30,Y,L,0,0.782144791699299,24.47188045873392
92.0,144.9320087,13.784722222222221,2,2,0,0,0,0,0,1,0,2,1,334.0,,100.7353034,3,1,PET,LOWER VERTEX,LANG_02,Round-Trip,google,Direct,Paid Search,Logged-In,AREA_B,AREA_C,AREA_B_TO_AREA_C,BU,CA,61_120,very_high,9_14,Y,O,0,0.2428945762012416,24.468058827846495
9.0,51.0400827,21.381944444444443,2,2,0,0,0,0,0,1,0,4,1,516.25,20.0,26.4757928,4,0,PET,EAST AURORA,LANG_02,Round-Trip,apple,Direct,Direct,Logged-In,AREA_C,AREA_B,AREA_C_TO_AREA_B,CI,BE,8_14,mid,15_30,Y,L,1,0.9241416827382642,24.467383710021622
35.0,239.0076754,156.05555555555554,2,2,0,0,0,0,0,1,0,4,1,3746.25,18.0,42.83,2,0,PET,UPPER APEX,LANG_09,Round-Trip,google,Direct,Direct,Logged-In,AREA_C,AREA_B,AREA_C_TO_AREA_B,CU,BU,31_60,very_high,30_plus,Y,L,0,0.5711528498099687,24.462476557360958
86.0,49.9127971,8.652777777777779,2,2,0,0,0,0,0,0,0,4,1,210.33333333333334,22.0,28.4939424,3,0,PET,NEW MERIDIAN,LANG_02,Round-Trip,google,Direct,Organic Search,Logged-Out,AREA_C,AREA_B,AREA_C_TO_AREA_B,CI,BE,61_120,mid,9_14,Y,U,0,0.8584968982730767,24.46196116997171
49.0,26.8137215,,1,1,0,0,0,0,0,1,0,2,1,8.916666666666666,10.0,27.7525551,5,0,PET,UPPER VERTEX,LANG_10,One-Way,apple,Direct,Direct,Logged-In,AREA_C,AREA_B,AREA_C_TO_AREA_B,CI,BA,31_60,low,unknown_or_oneway,Y,W,0,0.8814119077332248,24.461432535162434
82.0,154.6616998,,1,1,0,0,0,0,0,1,0,2,1,193.83333333333334,21.0,76.2374,2,1,PET,UPPER APEX,LANG_09,Multi-City,google,Paid Search,Organic Search,Logged-In,AREA_C,AREA_C,AREA_C_TO_AREA_C,CA,CA,61_120,very_high,unknown_or_oneway,Y,L,0,0.32083709953321876,24.45978629195381
188.0,99.6358573,24.53472222222222,3,2,0,1,0,1,0,1,0,2,1,590.5,9.0,27.3221136,1,1,PET,SOUTH VERTEX,LANG_02,Round-Trip,google,Paid Search,Paid Search,Logged-In,AREA_B,AREA_C,AREA_B_TO_AREA_C,BA,CA,120_plus,high,15_30,Y,T,0,0.8951846700170761,24.45833724718507
88.0,96.0625504,9.215277777777779,2,2,0,0,0,0,0,0,0,2,1,225.08333333333334,15.0,29.21006,2,1,PET,UPPER APEX,LANG_09,Round-Trip,apple,Direct,Paid Search,Logged-Out,AREA_C,AREA_C,AREA_C_TO_AREA_C,CA,CI,61_120,high,9_14,Y,U,0,0.8370691203841024,24.450839230566853
11.0,378.805652,129.73611111111111,2,2,0,0,0,0,0,1,0,4,1,3119.25,10.0,40.7480337,5,0,PET,LOWER VERTEX,LANG_02,Round-Trip,google,Paid Search,Paid Search,Logged-In,AREA_C,AREA_D,AREA_C_TO_AREA_D,CU,DA,8_14,very_high,30_plus,Y,H,0,0.5998635677657493,24.443260874720988
41.0,40.5535855,,1,1,0,0,0,0,0,0,0,2,1,5.833333333333333,11.0,27.8390717,5,0,PET,GREAT MERIDIAN,LANG_09,One-Way,google,Paid Search,Organic Search,Logged-Out,AREA_B,AREA_B,AREA_B_TO_AREA_B,BE,BA,31_60,mid,unknown_or_oneway,Y,K,0,0.8778638627901791,24.43891501905476
79.0,37.8664313,18.270833333333332,1,1,0,0,0,0,0,0,0,4,1,440.5833333333333,12.0,30.2148518,5,0,PET,SOUTH MERIDIAN,LANG_01,Round-Trip,mozilla,Paid Search,Paid Search,Logged-Out,AREA_B,AREA_C,AREA_B_TO_AREA_C,BI,CU,61_120,mid,15_30,Y,S,0,0.8088073768564958,24.437995026465774
71.0,48.470711,16.84722222222222,2,2,0,0,0,0,0,0,0,2,1,408.0833333333333,23.0,27.88233,2,1,PET,WEST HORIZON,LANG_09,Round-Trip,google,Paid Search,Paid Search,Logged-Out,AREA_B,AREA_C,AREA_B_TO_AREA_C,BA,CA,61_120,mid,15_30,Y,W,0,0.8764359085471496,24.437075225961443
39.0,34.656322800000005,7.552083333333333,3,3,0,0,0,0,0,1,0,4,1,183.75,19.0,30.6932629,5,0,PET,NORTH HORIZON,LANG_04,Round-Trip,apple,Direct,Direct,Logged-In,AREA_C,AREA_C,AREA_C_TO_AREA_C,CE,CU,31_60,mid,6_8,Y,O,0,0.7961606985092176,24.43676962999105
41.0,34.0614141,22.510416666666668,1,1,0,0,0,0,0,1,1,2,1,542.0,10.0,53.640292,3,1,PET,WEST APEX,LANG_02,Round-Trip,microsoft,Direct,Direct,Logged-In,AREA_C,AREA_B,AREA_C_TO_AREA_B,CA,BA,31_60,low,15_30,Y,W,0,0.45546771864685776,24.431421424791296
124.0,133.0188442,5.194444444444445,2,2,0,0,0,0,0,1,0,2,1,126.33333333333333,12.0,51.396,4,1,PET,UPPER APEX,LANG_09,Round-Trip,google,Direct,Organic Search,Logged-In,AREA_C,AREA_B,AREA_C_TO_AREA_B,CA,BA,120_plus,very_high,6_8,C,Z,0,0.4753328269325576,24.43020597302573
108.0,46.1638872,49.13194444444444,2,2,0,0,0,0,0,1,0,2,1,1181.3333333333333,20.0,29.21006,3,1,PET,UPPER APEX,LANG_09,Round-Trip,apple,Direct,Direct,Logged-In,AREA_C,AREA_B,AREA_C_TO_AREA_B,CA,BE,61_120,mid,30_plus,Y,O,1,0.8361287840883483,24.4233719509477
15.0,123.3174209,,2,2,0,0,0,0,0,0,0,1,0,1.9166666666666667,15.0,28.9976232,4,1,PET,SOUTH HORIZON,LANG_02,One-Way,google,Organic Search,Organic Search,Logged-Out,AREA_C,AREA_C,AREA_C_TO_AREA_C,CA,CU,15_30,very_high,unknown_or_oneway,C,D,0,0.8420889324257501,24.418577563372164
46.0,279.213053,13.65625,2,2,0,0,0,0,0,0,0,2,1,333.6666666666667,14.0,76.2374,2,0,PET,UPPER APEX,LANG_09,Round-Trip,google,Direct,Direct,Logged-Out,AREA_B,AREA_C,AREA_B_TO_AREA_C,BE,CA,31_60,very_high,9_14,Y,W,0,0.32019094480708343,24.41052513563554
25.0,61.5244384,5.184027777777778,2,2,0,0,0,0,0,1,0,2,1,129.5,14.0,46.560493,4,1,PET,UPPER APEX,LANG_02,Round-Trip,apple,Direct,Direct,Logged-In,AREA_C,AREA_B,AREA_C_TO_AREA_B,CA,BO,15_30,high,6_8,Y,O,0,0.5240667536963307,24.40080641701073
9.0,33.6969308,,1,1,0,0,0,0,0,1,0,2,1,6.833333333333333,14.0,42.2552214,6,0,PET,UPPER MERIDIAN,LANG_02,One-Way,google,Paid Search,Organic Search,Logged-In,AREA_C,AREA_B,AREA_C_TO_AREA_B,CE,BI,8_14,low,unknown_or_oneway,Y,S,0,0.5774540198632356,24.40044745764102
61.0,180.8642372,,2,2,0,0,0,0,0,0,0,1,0,4.083333333333333,12.0,38.1187,3,1,PET,UPPER APEX,LANG_09,One-Way,mozilla,Direct,Direct,Logged-Out,AREA_C,AREA_C,AREA_C_TO_AREA_C,CE,CA,61_120,very_high,unknown_or_oneway,C,I,0,0.6400116292803059,24.396411293047194
38.0,317.2139705,13.680555555555555,2,2,0,0,0,0,0,1,0,2,1,334.0,16.0,40.3077413,2,1,PET,LOWER VERTEX,LANG_02,Round-Trip,google,Paid Search,Paid Search,Logged-In,AREA_B,AREA_C,AREA_B_TO_AREA_C,BO,CA,31_60,very_high,9_14,P,J,0,0.6051329036226913,24.391540531341278
59.0,107.3007141,10.875,2,2,0,0,0,0,0,0,0,2,1,263.0833333333333,18.0,31.5991174,1,1,PET,CENTRAL APEX,LANG_09,Round-Trip,apple,Direct,Direct,Logged-Out,AREA_C,AREA_C,AREA_C_TO_AREA_C,CU,CA,31_60,very_high,9_14,Y,K,0,0.7716853196474575,24.384575011396535
76.0,203.8797943,24.77777777777778,2,2,0,0,0,0,0,1,0,2,1,598.0,15.0,52.9704308,1,1,PET,NORTH MERIDIAN,LANG_02,Round-Trip,apple,Direct,Direct,Logged-In,AREA_B,AREA_C,AREA_B_TO_AREA_C,BI,CA,61_120,very_high,15_30,Y,O,0,0.46026930491528434,24.38066336537917
201.0,37.540495,35.28125,1,1,0,0,0,0,0,0,0,2,1,851.1666666666666,14.0,26.5546,1,1,PET,UPPER APEX,LANG_02,Round-Trip,microsoft,Direct,Paid Search,Logged-Out,AREA_B,AREA_C,AREA_B_TO_AREA_C,BO,CA,120_plus,mid,30_plus,Y,V,0,0.9177971195556446,24.37173539095232
11.0,70.47376689999999,16.854166666666668,1,1,0,0,0,0,0,1,0,2,1,407.0,21.0,30.092358,2,1,PET,NORTH ZENITH,LANG_02,Round-Trip,apple,Direct,Direct,Logged-In,AREA_B,AREA_C,AREA_B_TO_AREA_C,BA,CA,8_14,high,15_30,Y,T,0,0.8094507927555753,24.358283038984577
30.0,50.093968,,2,2,0,0,0,0,0,1,0,1,0,6.75,21.0,26.4141176,5,1,PET,UPPER VERTEX,LANG_10,One-Way,apple,Direct,Direct,Logged-In,AREA_C,AREA_C,AREA_C_TO_AREA_C,CA,CE,15_30,mid,unknown_or_oneway,Y,L,1,0.9220813586969037,24.355965445387795
129.0,155.38681169999998,9.215277777777779,3,2,1,0,0,0,1,0,0,2,1,225.08333333333334,11.0,29.21006,3,1,PET,UPPER APEX,LANG_09,Round-Trip,apple,Direct,Direct,Logged-Out,AREA_C,AREA_C,AREA_C_TO_AREA_C,CA,CI,120_plus,very_high,9_14,Y,T,0,0.8336975138545175,24.352354401541287
22.0,26.7571859,,2,2,0,0,0,0,0,0,0,1,0,2.4166666666666665,21.0,27.3589474,4,0,PET,NORTH HORIZON,LANG_02,One-Way,apple,Direct,Paid Search,Logged-Out,AREA_B,AREA_B,AREA_B_TO_AREA_B,BE,BA,15_30,low,unknown_or_oneway,Y,U,0,0.8899978182285934,24.34940349503085
11.0,80.7812347,70.21527777777777,1,1,0,0,0,0,0,0,0,2,1,1701.25,15.0,74.0959,3,1,PET,LOWER VERTEX,LANG_09,Round-Trip,apple,Direct,Direct,Logged-Out,AREA_C,AREA_B,AREA_C_TO_AREA_B,CA,BU,8_14,high,30_plus,Y,O,0,0.32857873942518934,24.346337418574887
14.0,28.2947829,,2,2,0,0,0,0,0,0,0,2,1,6.083333333333333,17.0,30.0649468,6,0,PET,LOWER ZENITH,LANG_02,One-Way,google,Paid Search,Paid Search,Logged-Out,AREA_B,AREA_C,AREA_B_TO_AREA_C,BA,CE,8_14,low,unknown_or_oneway,Y,L,0,0.8097814865281866,24.346037312094847
89.0,117.4865447,62.645833333333336,1,1,0,0,0,0,0,0,0,2,1,1506.6666666666667,13.0,45.0717222,1,1,PET,NORTH MERIDIAN,LANG_02,Round-Trip,apple,Direct,MetaSearches,Logged-Out,AREA_B,AREA_C,AREA_B_TO_AREA_C,BI,CA,61_120,very_high,30_plus,Y,O,0,0.5400519891670876,24.341073229296384
13.0,93.3929565,98.25,1,1,0,0,0,0,0,0,0,2,1,2372.4166666666665,17.0,76.2374,5,1,PET,LOWER VERTEX,LANG_09,Round-Trip,opera,Direct,Direct,Logged-Out,AREA_C,AREA_B,AREA_C_TO_AREA_B,CA,BU,8_14,high,30_plus,Y,L,0,0.31914126448912117,24.330500237362923
49.0,50.2558654,22.53472222222222,1,1,0,0,0,0,0,1,0,2,1,542.6666666666666,10.0,28.7200848,2,1,PET,UPPER VERTEX,LANG_02,Round-Trip,apple,Direct,Direct,Logged-In,AREA_C,AREA_C,AREA_C_TO_AREA_C,CU,CA,31_60,mid,15_30,Y,V,0,0.8469880687406923,24.32556915882091
169.0,460.7385854,30.90277777777778,4,2,0,2,0,1,0,0,0,4,1,745.0,14.0,39.9244128,3,0,PET,NORTH MERIDIAN,LANG_02,Round-Trip,google,MetaSearches,MetaSearches,Logged-Out,AREA_B,AREA_C,AREA_B_TO_AREA_C,BI,CO,120_plus,very_high,30_plus,Y,O,0,0.609238239581115,24.323478970581736
66.0,50.1950468,45.21527777777778,1,1,0,0,0,0,0,0,0,2,1,1089.0833333333333,13.0,27.79667,2,1,PET,UPPER APEX,LANG_09,Round-Trip,apple,Direct,Direct,Logged-Out,AREA_C,AREA_C,AREA_C_TO_AREA_C,CA,CI,61_120,mid,30_plus,Y,W,1,0.8749743900771042,24.32137437942454
39.0,37.3785976,8.100694444444445,2,2,0,0,0,0,0,0,0,2,1,196.58333333333334,10.0,27.6193538,3,1,PET,CENTRAL AURORA,LANG_09,Round-Trip,apple,Direct,Direct,Logged-Out,AREA_B,AREA_C,AREA_B_TO_AREA_C,BE,CA,31_60,mid,9_14,Y,U,0,0.880318308321795,24.31382281415714
97.0,43.6613303,,3,2,0,1,0,1,0,0,0,1,0,4.666666666666667,13.0,28.6721152,3,0,PET,LOWER ZENITH,LANG_02,One-Way,microsoft,Organic Search,Paid Search,Logged-Out,AREA_C,AREA_C,AREA_C_TO_AREA_C,CO,CE,61_120,mid,unknown_or_oneway,Y,W,0,0.8477971414234684,24.30813730512438
147.0,185.1489504,14.215277777777779,2,2,0,0,0,0,0,0,0,2,1,345.0833333333333,12.0,26.5546,1,1,PET,UPPER APEX,LANG_09,Round-Trip,apple,Direct,Direct,Logged-Out,AREA_C,AREA_C,AREA_C_TO_AREA_C,CA,CI,120_plus,very_high,15_30,C,F,0,0.9153101747611578,24.305695566712643
7.0,152.0546377,4.461805555555555,1,1,0,0,0,0,0,0,0,4,1,108.0,19.0,76.2374,2,0,PET,UPPER APEX,LANG_09,Round-Trip,apple,Direct,Direct,Logged-Out,AREA_B,AREA_C,AREA_B_TO_AREA_C,BE,CA,4_7,very_high,3_5,Y,Q,0,0.318748027726426,24.30052088899063
9.0,56.7848706,18.51388888888889,1,1,0,0,0,0,0,1,1,4,1,446.4166666666667,22.0,28.9492253,4,0,PET,NEW ZENITH,LANG_02,Round-Trip,google,Paid Search,Paid Search,Logged-In,AREA_B,AREA_C,AREA_B_TO_AREA_C,BA,CI,8_14,high,15_30,Y,L,0,0.8388594192530149,24.284330322982683
31.0,98.0194531,7.21875,3,2,1,0,0,0,1,0,0,4,1,178.33333333333334,22.0,47.75545,4,0,PET,OLD MERIDIAN,LANG_02,Round-Trip,google,Paid Search,Paid Search,Logged-Out,AREA_B,AREA_B,AREA_B_TO_AREA_B,BU,BE,31_60,high,6_8,Y,U,0,0.5083100348940266,24.274574455879943
147.0,33.205242399999996,26.18402777777778,1,1,0,0,0,0,0,0,0,2,1,631.75,20.0,58.42012,1,0,PET,UPPER APEX,LANG_09,Round-Trip,google,Direct,Organic Search,Logged-Out,AREA_B,AREA_B,AREA_B_TO_AREA_B,BE,BA,120_plus,low,15_30,Y,W,0,0.41549187633660845,24.273085274609823
11.0,86.4377928,,2,2,0,0,0,0,0,1,0,1,0,3.4166666666666665,22.0,26.4329628,5,1,PET,SOUTH HORIZON,LANG_02,One-Way,google,Direct,Organic Search,Logged-In,AREA_C,AREA_B,AREA_C_TO_AREA_B,CA,BO,8_14,high,unknown_or_oneway,Y,K,0,0.9181979063845379,24.270691102500372
8.0,65.495636,14.506944444444445,2,2,0,0,0,0,0,0,0,2,1,350.1666666666667,10.0,30.006698,4,1,PET,CENTRAL APEX,LANG_09,Round-Trip,microsoft,Direct,Direct,Logged-Out,AREA_C,AREA_C,AREA_C_TO_AREA_C,CA,CU,8_14,high,15_30,Y,L,0,0.8088302385890986,24.270324702611028
2.0,55.4018899,36.72222222222222,1,1,0,0,0,0,0,0,0,4,1,884.0833333333334,18.0,30.0375356,4,0,PET,NEW MERIDIAN,LANG_02,Round-Trip,google,Direct,Direct,Logged-Out,AREA_C,AREA_C,AREA_C_TO_AREA_C,CI,CO,0_3,high,30_plus,Y,V,0,0.8075079556556408,24.25554896528953
67.0,99.60244989999998,8.76388888888889,2,2,0,0,0,0,0,0,0,4,1,214.0,20.0,39.8481754,5,0,PET,NORTH MERIDIAN,LANG_02,Round-Trip,google,Direct,Paid Search,Logged-Out,AREA_B,AREA_C,AREA_B_TO_AREA_C,BI,CU,61_120,high,9_14,Y,O,0,0.6086578685733823,24.25390550550229
63.0,210.4614804,12.194444444444445,2,2,0,0,0,0,0,1,0,2,1,299.3333333333333,9.0,51.396,4,1,PET,UPPER APEX,LANG_09,Round-Trip,apple,Direct,Direct,Logged-In,AREA_C,AREA_B,AREA_C_TO_AREA_B,CA,BE,61_120,very_high,9_14,Y,Q,0,0.4718171788869893,24.249515726075703
30.0,29.8786363,13.677083333333334,1,1,0,0,0,0,0,0,0,2,1,334.9166666666667,23.0,54.1568218,3,1,PET,EAST HORIZON,LANG_02,Round-Trip,apple,Direct,Direct,Logged-Out,AREA_C,AREA_C,AREA_C_TO_AREA_C,CE,CA,15_30,low,9_14,Y,V,0,0.4477419873156449,24.24828301943124
9.0,25.0799631,,1,1,0,0,0,0,0,1,0,1,0,0.9166666666666666,15.0,45.3998,3,1,PET,EAST HORIZON,LANG_02,One-Way,google,Direct,Paid Search,Logged-In,AREA_C,AREA_C,AREA_C_TO_AREA_C,CE,CA,8_14,low,unknown_or_oneway,Y,S,0,0.533876748032727,24.2378975853362
16.0,98.8940417,89.77083333333333,1,1,0,0,0,0,0,1,0,4,1,2159.0,17.0,26.5691622,4,0,PET,GREAT MERIDIAN,LANG_02,Round-Trip,google,Organic Search,Organic Search,Logged-In,AREA_B,AREA_C,AREA_B_TO_AREA_C,BO,CI,15_30,high,30_plus,Y,E,0,0.9121985688167706,24.23635173350064
13.0,63.6115443,14.753472222222221,2,2,0,0,0,0,0,0,0,2,1,359.0,20.0,45.3998,2,1,PET,UPPER APEX,LANG_09,Round-Trip,google,Organic Search,Organic Search,Logged-Out,AREA_B,AREA_C,AREA_B_TO_AREA_C,BU,CA,8_14,high,15_30,Y,O,0,0.5338244276467657,24.235522250277636
24.0,16.0543972,,1,1,0,0,0,0,0,0,0,1,0,4.5,11.0,27.693878,5,1,PET,WEST MERIDIAN,LANG_02,One-Way,google,Direct,Paid Search,Logged-Out,AREA_C,AREA_B,AREA_C_TO_AREA_B,CA,BO,15_30,very_low,unknown_or_oneway,Y,O,0,0.8749992481426436,24.2321224281541
48.0,201.6492079,59.486111111111114,1,1,0,0,0,0,0,0,0,4,1,1429.75,2.0,39.7145458,2,0,PET,SOUTH MERIDIAN,LANG_02,Round-Trip,mozilla,Direct,Direct,Logged-Out,AREA_B,AREA_B,AREA_B_TO_AREA_B,BI,BU,31_60,very_high,30_plus,Y,T,0,0.6101170882293262,24.23052304384622
38.0,22.832673,14.506944444444445,1,1,0,0,0,0,0,0,0,2,1,349.75,16.0,55.5342346,3,1,PET,UPPER APEX,LANG_02,Round-Trip,apple,Paid Search,Paid Search,Logged-Out,AREA_B,AREA_C,AREA_B_TO_AREA_C,BA,CA,31_60,low,15_30,Y,T,0,0.4362548820773267,24.227080966677597
101.0,82.3976389,30.90277777777778,1,1,0,0,0,0,0,0,0,2,1,745.0,15.0,45.0717222,1,1,PET,NORTH MERIDIAN,LANG_09,Round-Trip,apple,Paid Search,Paid Search,Logged-Out,AREA_B,AREA_C,AREA_B_TO_AREA_C,BI,CA,61_120,high,30_plus,Y,O,0,0.5375219204816897,24.227038676361207
38.0,54.4943222,10.427083333333334,1,1,0,0,0,0,0,1,0,2,1,251.83333333333334,19.0,55.5342346,2,1,PET,LOWER MERIDIAN,LANG_02,Round-Trip,google,Paid Search,Paid Search,Logged-In,AREA_B,AREA_C,AREA_B_TO_AREA_C,BA,CA,31_60,high,9_14,Y,K,0,0.43624710177934656,24.226648893784308
111.0,123.2514627,,2,2,0,0,0,0,0,0,0,1,0,4.083333333333333,17.0,38.1187,4,1,PET,UPPER APEX,LANG_09,One-Way,google,Direct,Direct,Logged-Out,AREA_C,AREA_C,AREA_C_TO_AREA_C,CE,CA,61_120,very_high,unknown_or_oneway,Y,S,0,0.6355351418519509,24.22577341171196
2.0,68.6243675,,1,1,0,0,0,0,0,0,0,1,0,5.083333333333333,16.0,51.396,5,1,PET,UPPER APEX,LANG_09,One-Way,google,Paid Search,Paid Search,Logged-Out,AREA_C,AREA_B,AREA_C_TO_AREA_B,CA,BU,0_3,high,unknown_or_oneway,Y,Q,0,0.47134315985103514,24.225153043703802
20.0,108.3136436,9.131944444444445,3,2,0,0,1,1,0,0,0,6,1,221.41666666666666,10.0,30.0786524,5,0,PET,NEW ZENITH,LANG_02,Round-Trip,microsoft,Direct,Direct,Logged-Out,AREA_B,AREA_B,AREA_B_TO_AREA_B,BA,BU,15_30,very_high,9_14,Y,S,0,0.8051280589625068,24.217167023019947
2.0,161.76591190000002,,4,3,1,0,0,0,1,0,0,2,1,4.333333333333333,19.0,31.43722,4,0,PET,CENTRAL APEX,LANG_02,One-Way,microsoft,Organic Search,Paid Search,Logged-Out,AREA_C,AREA_B,AREA_C_TO_AREA_B,CU,BE,0_3,very_high,unknown_or_oneway,Y,T,1,0.7702578695696093,24.214766102391113
60.0,46.8851444,3.982638888888889,2,2,0,0,0,0,0,0,0,2,1,97.41666666666667,11.0,53.640292,3,1,PET,UPPER VERTEX,LANG_11,Round-Trip,apple,Direct,Direct,Logged-Out,AREA_C,AREA_B,AREA_C_TO_AREA_B,CA,BA,31_60,mid,3_5,Y,O,0,0.45140429967891427,24.21345844483247
44.0,38.9821528,16.48611111111111,1,1,0,0,0,0,0,0,0,4,1,397.75,8.0,26.6796636,5,0,PET,NEW ZENITH,LANG_02,Round-Trip,apple,Direct,Direct,Logged-Out,AREA_B,AREA_C,AREA_B_TO_AREA_C,BA,CE,31_60,mid,15_30,Y,V,0,0.9074642988724104,24.21084222292577
35.0,123.8874882,17.87152777777778,2,2,0,0,0,0,0,1,0,2,1,431.25,13.0,30.0786524,3,1,PET,SOUTH MERIDIAN,LANG_02,Round-Trip,google,Email,Paid Search,Logged-In,AREA_B,AREA_C,AREA_B_TO_AREA_C,BI,CA,31_60,very_high,15_30,Y,T,1,0.8046256971842755,24.20205665771348
20.0,45.1822236,,2,1,1,0,0,0,1,0,0,2,1,4.0,9.0,30.5343636,5,0,PET,NEW AURORA,LANG_09,One-Way,google,Paid Search,Paid Search,Logged-Out,AREA_C,AREA_C,AREA_C_TO_AREA_C,CU,CU,15_30,mid,unknown_or_oneway,Y,W,0,0.7925420751009467,24.19976788943081
52.0,51.987054,6.871527777777778,1,1,0,0,0,0,0,1,1,4,1,167.25,12.0,29.4177855,5,0,PET,NEW MERIDIAN,LANG_10,Round-Trip,apple,Direct,Direct,Logged-In,AREA_B,AREA_C,AREA_B_TO_AREA_C,BI,CI,31_60,mid,6_8,Y,W,0,0.8225945112729677,24.198908886105496
46.0,648.000768,18.48263888888889,1,1,0,0,0,0,0,0,0,4,1,445.6666666666667,12.0,39.7145458,2,0,PET,SOUTH MERIDIAN,LANG_01,Round-Trip,google,Paid Search,Paid Search,Logged-Out,AREA_B,AREA_B,AREA_B_TO_AREA_B,BI,BU,31_60,very_high,15_30,C,F,0,0.6092867275604162,24.197545647030275
5.0,83.00454,,1,1,0,0,0,0,0,0,0,1,0,10.083333333333334,18.0,52.9730006,5,1,PET,UPPER APEX,LANG_09,One-Way,google,Paid Search,Paid Search,Logged-Out,AREA_C,AREA_C,AREA_C_TO_AREA_C,CA,CE,4_7,high,unknown_or_oneway,Y,Q,0,0.4567825848408447,24.19714414084362
2.0,37.0599424,,2,2,0,0,0,0,0,1,0,1,0,4.5,16.0,26.353299,5,1,PET,UPPER APEX,LANG_02,One-Way,apple,Direct,Organic Search,Logged-In,AREA_C,AREA_B,AREA_C_TO_AREA_B,CA,BO,0_3,mid,unknown_or_oneway,Y,U,0,0.9181683080438461,24.19676395420358
26.0,52.3271242,17.114583333333332,1,1,0,0,0,0,0,0,0,2,1,412.5,19.0,53.640292,3,1,PET,UPPER MERIDIAN,LANG_01,Round-Trip,apple,Direct,Direct,Logged-Out,AREA_C,AREA_B,AREA_C_TO_AREA_B,CA,BA,15_30,mid,15_30,Y,S,0,0.4510542895930533,24.194683801623942
73.0,180.0723105,12.256944444444445,2,2,0,0,0,0,0,1,0,4,1,296.3333333333333,20.0,28.4982254,4,0,PET,CENTRAL APEX,LANG_02,Round-Trip,apple,Direct,Direct,Logged-In,AREA_C,AREA_B,AREA_C_TO_AREA_B,CU,BO,61_120,very_high,9_14,Y,M,0,0.8489649433182592,24.193994311381974
18.0,34.099104499999996,19.819444444444443,1,1,0,0,0,0,0,0,0,2,1,479.1666666666667,9.0,30.713393,4,1,PET,LOWER APEX,LANG_02,Round-Trip,google,MetaSearches,MetaSearches,Logged-Out,AREA_B,AREA_C,AREA_B_TO_AREA_C,BO,CA,15_30,low,15_30,Y,V,0,0.7877050622583321,24.193095145229623
91.0,76.1782946,8.881944444444445,2,2,0,0,0,0,0,0,0,4,1,215.16666666666666,6.0,28.7492092,3,0,PET,WEST APEX,LANG_02,Round-Trip,other,Direct,Direct,Logged-Out,AREA_C,AREA_C,AREA_C_TO_AREA_C,CE,CU,61_120,high,9_14,Y,S,0,0.8413959842457535,24.18946917112107
70.0,87.40874889999999,6.802083333333333,2,2,0,0,0,0,0,0,0,4,1,167.08333333333334,18.0,27.88233,5,0,PET,GREAT MERIDIAN,LANG_09,Round-Trip,google,Direct,Paid Search,Logged-Out,AREA_B,AREA_B,AREA_B_TO_AREA_B,BA,BE,61_120,high,6_8,Y,T,0,0.8674636958285133,24.186909030110233
62.0,23.350059400000003,32.916666666666664,1,1,0,0,0,0,0,0,0,2,1,793.0,21.0,29.0764304,3,1,PET,GREAT MERIDIAN,LANG_03,Round-Trip,apple,Direct,Direct,Logged-Out,AREA_C,AREA_B,AREA_C_TO_AREA_B,CA,BO,61_120,low,30_plus,Y,O,0,0.8316714216996791,24.18203620871977
14.0,84.028177,30.5625,1,1,0,0,0,0,0,1,0,2,1,742.5833333333334,22.0,53.3935912,2,1,PET,SOUTH AURORA,LANG_02,Round-Trip,apple,Direct,Direct,Logged-In,AREA_C,AREA_C,AREA_C_TO_AREA_C,CE,CA,8_14,high,30_plus,Y,O,0,0.45289247268345867,24.181555544017762
57.0,62.705689799999995,,2,2,0,0,0,0,0,0,0,2,1,4.0,17.0,27.7033006,4,0,PET,LOWER MERIDIAN,LANG_02,One-Way,google,Direct,Paid Search,Logged-Out,AREA_C,AREA_B,AREA_C_TO_AREA_B,CI,BA,31_60,high,unknown_or_oneway,Y,S,0,0.8727945659074088,24.179290221379457
66.0,52.1086912,,1,1,0,0,0,0,0,1,0,4,1,-384.4166666666667,13.0,29.5154379,5,0,PET,GREAT MERIDIAN,LANG_02,Round-Trip,google,Paid Search,Paid Search,Logged-In,AREA_B,AREA_C,AREA_B_TO_AREA_C,BA,CE,61_120,mid,unknown_or_oneway,Y,W,0,0.8190392568320785,24.17430232268936
68.0,30.609316100000004,12.503472222222221,1,1,0,0,0,0,0,0,1,4,1,302.0833333333333,14.0,28.9179594,4,0,PET,CENTRAL APEX,LANG_09,Round-Trip,apple,Direct,Email,Logged-Out,AREA_C,AREA_C,AREA_C_TO_AREA_C,CU,CU,61_120,low,9_14,Y,S,0,0.8356051000829655,24.163994358632134
73.0,54.2758892,27.864583333333332,2,1,0,1,0,1,0,0,0,4,1,669.75,16.0,27.218465,5,0,PET,UPPER APEX,LANG_02,Round-Trip,microsoft,Direct,Direct,Logged-Out,AREA_B,AREA_C,AREA_B_TO_AREA_C,BE,CE,61_120,high,15_30,Y,V,0,0.8877250178364341,24.162512327605356
4.0,49.5097668,,1,1,0,0,0,0,0,1,0,3,1,9.75,11.0,38.1187,4,1,PET,UPPER APEX,LANG_02,One-Way,google,Direct,Direct,Logged-In,AREA_C,AREA_C,AREA_C_TO_AREA_C,CE,CA,4_7,mid,unknown_or_oneway,MISSING,T,0,0.6336795289730329,24.15503986106435
12.0,130.421633,24.20486111111111,1,1,0,0,0,0,0,0,0,2,1,594.4166666666666,1.0,91.3345467,4,1,PET,LOWER VERTEX,LANG_02,Round-Trip,apple,Direct,Direct,Logged-Out,AREA_C,AREA_B,AREA_C_TO_AREA_B,CA,BI,8_14,very_high,15_30,Y,S,0,0.26441811531421866,24.15050870149249
15.0,26.8518402,8.854166666666666,2,2,0,0,0,0,0,0,0,2,1,214.91666666666666,22.0,28.3740184,3,0,PET,NORTH HORIZON,LANG_09,Round-Trip,apple,Direct,Direct,Logged-Out,AREA_B,AREA_B,AREA_B_TO_AREA_B,BA,BE,15_30,low,9_14,Y,O,0,0.8511208822244852,24.149719572861777
55.0,44.6271468,16.225694444444443,1,1,0,0,0,0,0,0,0,4,1,391.9166666666667,11.0,29.3681027,5,0,PET,NORTH HORIZON,LANG_09,Round-Trip,google,Organic Search,Paid Search,Logged-Out,AREA_C,AREA_C,AREA_C_TO_AREA_C,CE,CU,31_60,mid,15_30,Y,Q,0,0.8220599645897378,24.142341465629787
10.0,49.263066,9.552083333333334,2,2,0,0,0,0,0,0,0,4,1,231.75,21.0,30.6932629,5,0,PET,NORTH HORIZON,LANG_04,Round-Trip,google,Direct,Paid Search,Logged-Out,AREA_C,AREA_C,AREA_C_TO_AREA_C,CE,CU,8_14,mid,9_14,Y,U,0,0.7864742363497902,24.139460500360848
75.0,162.9056182,22.010416666666668,1,1,0,0,0,0,0,0,0,2,1,534.9166666666666,10.0,126.4547184,3,1,PET,UPPER APEX,LANG_09,Round-Trip,google,Direct,Organic Search,Logged-Out,AREA_C,AREA_B,AREA_C_TO_AREA_B,CA,BU,61_120,very_high,15_30,P,J,0,0.1908727311913738,24.13675747304407
219.0,384.94790230000007,18.78472222222222,4,2,0,2,0,1,0,1,0,2,1,454.0,13.0,100.7353034,3,1,PET,LOWER VERTEX,LANG_02,Round-Trip,google,Direct,Direct,Logged-In,AREA_B,AREA_C,AREA_B_TO_AREA_C,BU,CA,120_plus,very_high,15_30,Y,O,0,0.23957936322925275,24.134099843277582
63.0,181.0676797,42.329861111111114,2,2,0,0,0,0,0,1,0,2,1,1030.3333333333333,20.0,82.2224642,4,1,PET,NORTH MERIDIAN,LANG_02,Round-Trip,samsung,Direct,Direct,Logged-In,AREA_C,AREA_B,AREA_C_TO_AREA_B,CA,BI,61_120,very_high,30_plus,Y,U,0,0.2934930363679332,24.13172067571169
77.0,63.8805167,16.82986111111111,2,1,0,1,0,1,0,0,0,3,1,404.0,15.0,30.4238622,6,0,PET,SOUTH MERIDIAN,LANG_04,Round-Trip,apple,Direct,Direct,Logged-Out,AREA_B,AREA_C,AREA_B_TO_AREA_C,BI,CE,61_120,high,15_30,Y,T,0,0.7929732171218371,24.12530788600545
245.0,104.3098952,31.26388888888889,2,2,0,0,0,0,0,1,0,2,1,752.1666666666666,22.0,26.5546,3,1,PET,UPPER APEX,LANG_09,Round-Trip,apple,Direct,Direct,Logged-In,AREA_C,AREA_C,AREA_C_TO_AREA_C,CA,CI,120_plus,very_high,30_plus,Y,V,0,0.9080942334377772,24.114079131246797
32.0,45.531288100000005,15.260416666666666,2,1,0,1,0,1,0,1,0,2,1,368.4166666666667,15.0,29.021608,1,1,PET,WEST APEX,LANG_09,Round-Trip,apple,Direct,Direct,Logged-In,AREA_B,AREA_C,AREA_B_TO_AREA_C,BE,CA,31_60,mid,15_30,Y,O,1,0.8307184240953738,24.108784462473693
26.0,28.745782799999997,18.260416666666668,3,2,0,0,1,1,0,0,0,4,1,440.3333333333333,19.0,28.4429747,3,0,PET,WEST APEX,LANG_02,Round-Trip,google,Paid Search,Paid Search,Logged-Out,AREA_B,AREA_C,AREA_B_TO_AREA_C,BE,CE,15_30,low,15_30,Y,O,0,0.8476039943988873,24.108378968306496
36.0,268.9865339,6.684027777777778,3,2,0,1,0,1,0,0,0,2,1,165.75,13.0,76.2374,5,0,PET,UPPER APEX,LANG_09,Round-Trip,apple,Direct,Direct,Logged-Out,AREA_B,AREA_C,AREA_B_TO_AREA_C,BE,CA,31_60,very_high,6_8,Y,O,0,0.31622388454260814,24.10808677542863
8.0,120.2075346,,2,2,0,0,0,0,0,0,0,3,1,343.9166666666667,9.0,29.5467038,6,1,PET,UPPER APEX,LANG_09,Multi-City,google,Organic Search,Paid Search,Logged-Out,AREA_C,AREA_B,AREA_C_TO_AREA_B,CA,BA,8_14,very_high,unknown_or_oneway,Y,S,0,0.8159275640639247,24.10797005765231
163.0,101.8176175,,1,1,0,0,0,0,0,0,0,1,0,20.583333333333332,22.0,53.4124364,4,1,PET,LOWER VERTEX,LANG_02,One-Way,google,Organic Search,Organic Search,Logged-Out,AREA_D,AREA_C,AREA_D_TO_AREA_C,DA,CA,120_plus,high,unknown_or_oneway,Y,V,0,0.45122541576403463,24.101048821560056
19.0,41.9532699,,1,1,0,0,0,0,0,1,0,1,0,4.083333333333333,7.0,38.1187,4,1,PET,SOUTH AURORA,LANG_02,One-Way,google,Direct,Direct,Logged-In,AREA_C,AREA_C,AREA_C_TO_AREA_C,CE,CA,15_30,mid,unknown_or_oneway,Y,L,0,0.6320589986226258,24.093267350796285
16.0,97.4176916,,1,1,0,0,0,0,0,0,0,2,1,19.666666666666668,19.0,40.140276,3,0,PET,LOWER VERTEX,LANG_02,One-Way,google,Paid Search,Paid Search,Logged-Out,AREA_B,AREA_B,AREA_B_TO_AREA_B,BU,BE,15_30,high,unknown_or_oneway,Y,V,0,0.600047447327948,24.086070148839294
33.0,41.2649918,,2,2,0,0,0,0,0,0,0,1,0,1.5,6.0,43.6977358,4,1,PET,LOWER VERTEX,LANG_02,One-Way,google,Direct,Direct,Logged-Out,AREA_B,AREA_C,AREA_B_TO_AREA_C,BI,CA,31_60,mid,unknown_or_oneway,Y,L,0,0.5510517207220882,24.079712504249194
178.0,57.582365200000005,9.805555555555555,2,2,0,0,0,0,0,0,0,2,1,238.83333333333334,19.0,52.685183,3,1,PET,UPPER APEX,LANG_02,Round-Trip,apple,Direct,Direct,Logged-Out,AREA_C,AREA_B,AREA_C_TO_AREA_B,CA,BA,120_plus,high,9_14,Y,O,0,0.45680466948927034,24.066837607296726
235.0,103.0879553,7.774305555555555,2,2,0,0,0,0,0,1,0,4,1,191.0,11.0,26.366148,5,0,PET,WEST MERIDIAN,LANG_02,Round-Trip,apple,Direct,Organic Search,Logged-In,AREA_B,AREA_C,AREA_B_TO_AREA_C,BO,CU,120_plus,very_high,6_8,Y,Q,0,0.9125282098729974,24.05985383568651
123.0,26.5768716,,1,1,0,0,0,0,0,0,0,2,1,9.083333333333334,23.0,37.827456,5,0,PET,GREAT MERIDIAN,LANG_03,One-Way,apple,Paid Search,Paid Search,Logged-Out,AREA_C,AREA_B,AREA_C_TO_AREA_B,CU,BA,120_plus,low,unknown_or_oneway,Y,V,0,0.6359479220350384,24.05629203907184
39.0,69.4972429,,1,1,0,0,0,0,0,1,1,2,1,-217.5,15.0,46.560493,3,1,PET,UPPER APEX,LANG_02,Round-Trip,google,Direct,Direct,Logged-In,AREA_C,AREA_B,AREA_C_TO_AREA_B,CA,BO,31_60,high,unknown_or_oneway,C,F,0,0.5163618534650659,24.042062463727227
37.0,87.76338129999999,,2,2,0,0,0,0,0,1,0,2,1,148.0,16.0,27.8699093,4,1,PET,GREAT MERIDIAN,LANG_03,Multi-City,samsung,Direct,Direct,Logged-In,AREA_B,AREA_C,AREA_B_TO_AREA_C,BA,CA,31_60,high,unknown_or_oneway,Y,L,0,0.862549606427417,24.039179297882807
165.0,133.9910852,26.177083333333332,2,2,0,0,0,0,0,0,0,2,1,631.3333333333334,11.0,29.21006,2,1,PET,UPPER APEX,LANG_09,Round-Trip,apple,Email,Email,Logged-Out,AREA_C,AREA_C,AREA_C_TO_AREA_C,CA,CO,120_plus,very_high,15_30,Y,T,0,0.8229712357198463,24.039039173650853
80.0,109.4837592,53.479166666666664,2,2,0,0,0,0,0,0,0,4,1,1284.4166666666667,16.0,25.6915755,5,0,PET,UPPER APEX,LANG_02,Round-Trip,apple,Direct,Direct,Logged-Out,AREA_C,AREA_B,AREA_C_TO_AREA_B,CE,BO,61_120,very_high,30_plus,Y,V,0,0.9356643470466707,24.03869121480774
206.0,39.6952723,10.569444444444445,2,1,1,0,0,0,1,0,0,2,1,257.5833333333333,8.0,31.3507034,1,1,PET,GREAT MERIDIAN,LANG_03,Round-Trip,apple,Paid Search,Organic Search,Logged-Out,AREA_B,AREA_C,AREA_B_TO_AREA_C,BA,CA,120_plus,mid,9_14,Y,O,0,0.7667265125934593,24.037415485233907
46.0,18.4485942,,1,1,0,0,0,0,0,1,0,1,0,3.9166666666666665,8.0,41.8153573,4,1,PET,UPPER APEX,LANG_09,One-Way,apple,Direct,Direct,Logged-In,AREA_C,AREA_C,AREA_C_TO_AREA_C,CI,CA,31_60,very_low,unknown_or_oneway,Y,O,0,0.5748382290524813,24.037065937528745
106.0,90.6522648,30.65625,1,1,0,0,0,0,0,0,0,2,1,739.0,10.0,52.9704308,1,1,PET,NORTH MERIDIAN,LANG_02,Round-Trip,google,Paid Search,Paid Search,Logged-Out,AREA_B,AREA_C,AREA_B_TO_AREA_C,BI,CA,61_120,high,30_plus,Y,O,0,0.45369155398360167,24.032237064832838
2.0,37.7726336,,1,1,0,0,0,0,0,0,0,1,0,0.9166666666666666,21.0,45.3998,3,1,PET,EAST HORIZON,LANG_02,One-Way,google,MetaSearches,Paid Search,Logged-Out,AREA_C,AREA_C,AREA_C_TO_AREA_C,CE,CA,0_3,mid,unknown_or_oneway,Y,T,0,0.5293445759978904,24.032137881389026
13.0,130.4807384,,2,2,0,0,0,0,0,0,0,1,0,3.1666666666666665,17.0,26.5546,4,1,PET,UPPER APEX,LANG_02,One-Way,apple,Direct,Direct,Logged-Out,AREA_C,AREA_B,AREA_C_TO_AREA_B,CA,BO,8_14,very_high,unknown_or_oneway,C,I,0,0.904889293370052,24.028973229724382
34.0,21.3631757,19.881944444444443,1,1,0,0,0,0,0,1,0,4,1,479.0833333333333,14.0,29.4978776,5,0,PET,UPPER MERIDIAN,LANG_09,Round-Trip,apple,Direct,Direct,Logged-In,AREA_C,AREA_C,AREA_C_TO_AREA_C,CU,CU,31_60,low,15_30,Y,L,0,0.8143619752790959,24.021949868876998
15.0,25.0422727,,1,1,0,0,0,0,0,1,0,1,0,0.8333333333333334,15.0,35.89154,4,1,PET,UPPER VERTEX,LANG_02,One-Way,apple,Direct,Direct,Logged-In,AREA_C,AREA_C,AREA_C_TO_AREA_C,CI,CA,15_30,low,unknown_or_oneway,Y,V,0,0.6692617636108298,24.02083535910864
48.0,26.9897528,,1,1,0,0,0,0,0,1,0,1,0,3.5,13.0,28.7894694,5,1,PET,UPPER APEX,LANG_02,One-Way,apple,Direct,Direct,Logged-In,AREA_C,AREA_B,AREA_C_TO_AREA_B,CA,BO,31_60,low,unknown_or_oneway,Y,S,0,0.8343206108448786,24.019647695707942
27.0,47.8286893,,1,1,0,0,0,0,0,0,1,1,0,4.0,17.0,40.024635,4,1,PET,UPPER APEX,LANG_09,One-Way,google,Direct,Organic Search,Logged-Out,AREA_B,AREA_C,AREA_B_TO_AREA_C,BO,CA,15_30,mid,unknown_or_oneway,Y,V,0,0.600116289289932,24.01943543638394
50.0,23.0416834,15.854166666666666,1,1,0,0,0,0,0,1,0,2,1,382.9166666666667,18.0,28.3740184,3,0,PET,NORTH HORIZON,LANG_09,Round-Trip,apple,Direct,Direct,Logged-In,AREA_B,AREA_B,AREA_B_TO_AREA_B,BA,BE,31_60,low,15_30,Y,W,0,0.8465130218818805,24.01897605871608
44.0,40.46792549999999,15.027777777777779,2,2,0,0,0,0,0,0,1,2,1,362.6666666666667,10.0,27.6459084,3,1,PET,UPPER MERIDIAN,LANG_02,Round-Trip,apple,Direct,Direct,Logged-Out,AREA_B,AREA_C,AREA_B_TO_AREA_C,BA,CA,31_60,mid,15_30,Y,O,0,0.8683553780574444,24.006473240423478
57.0,82.19719450000001,,1,1,0,0,0,0,0,0,0,1,0,16.083333333333332,14.0,39.7299646,3,1,PET,LOWER VERTEX,LANG_02,One-Way,apple,Internal,Internal,Logged-Out,AREA_B,AREA_C,AREA_B_TO_AREA_C,BU,CA,31_60,high,unknown_or_oneway,Y,V,0,0.6042147279207637,24.005429751090574
47.0,43.7919618,21.78125,2,1,0,0,1,1,0,0,0,2,1,526.9166666666666,22.0,26.38328,1,1,PET,GREAT MERIDIAN,LANG_02,Round-Trip,apple,Direct,Direct,Logged-Out,AREA_C,AREA_C,AREA_C_TO_AREA_C,CI,CA,31_60,mid,15_30,Y,O,0,0.909826803931307,24.004215319624773
8.0,128.5122716,,1,1,0,0,0,0,0,0,0,1,0,10.083333333333334,15.0,52.9730006,5,1,PET,LOWER VERTEX,LANG_02,One-Way,microsoft,Paid Search,Paid Search,Logged-Out,AREA_C,AREA_C,AREA_C_TO_AREA_C,CA,CE,8_14,very_high,unknown_or_oneway,Y,E,0,0.4531268421553712,24.00348848137258
53.0,35.7167936,,1,1,0,0,0,0,0,1,0,1,0,4.0,14.0,40.024635,4,1,PET,UPPER APEX,LANG_02,One-Way,google,Email,Organic Search,Logged-In,AREA_B,AREA_C,AREA_B_TO_AREA_C,BO,CA,31_60,mid,unknown_or_oneway,Y,O,0,0.5996473835653835,24.000667655909474
34.0,43.3272563,18.854166666666668,1,1,0,0,0,0,0,1,1,2,1,454.9166666666667,12.0,28.6070136,4,0,PET,NORTH HORIZON,LANG_04,Round-Trip,apple,Direct,Direct,Logged-In,AREA_B,AREA_B,AREA_B_TO_AREA_B,BA,BE,31_60,mid,15_30,Y,S,0,0.8389653437954497,24.000292999885104
3.0,134.5106131,,1,1,0,0,0,0,0,1,0,1,0,14.416666666666666,11.0,38.1187,4,1,PET,UPPER VERTEX,LANG_11,One-Way,google,MetaSearches,Organic Search,Logged-In,AREA_B,AREA_C,AREA_B_TO_AREA_C,BI,CA,0_3,very_high,unknown_or_oneway,Y,T,0,0.6294444706334565,23.993604942735537
34.0,20.6410619,15.274305555555555,1,1,0,0,0,0,0,0,1,2,1,368.1666666666667,8.0,30.2002896,1,1,PET,LOWER MERIDIAN,LANG_09,Round-Trip,apple,Direct,Direct,Logged-Out,AREA_B,AREA_C,AREA_B_TO_AREA_C,BA,CA,31_60,very_low,15_30,Y,O,0,0.794455472195387,23.992785334605436
0.0,35.8936815,1.8541666666666667,1,1,0,0,0,0,0,1,0,2,1,46.916666666666664,21.0,76.6579906,2,0,PET,NORTH HORIZON,LANG_04,Round-Trip,google,Direct,Direct,Logged-In,AREA_B,AREA_B,AREA_B_TO_AREA_B,BA,BE,invalid_or_past,mid,1_2,Y,S,0,0.3129542559436685,23.990444410359736
21.0,57.6868704,,2,2,0,0,0,0,0,1,1,3,1,211.25,20.0,26.38328,3,1,PET,UPPER APEX,LANG_09,Multi-City,apple,Direct,Direct,Logged-In,AREA_C,AREA_B,AREA_C_TO_AREA_B,CA,BA,15_30,high,unknown_or_oneway,Y,L,0,0.9091918621268233,23.987463472213374
30.0,78.7365305,,1,1,0,0,0,0,0,0,0,1,0,14.166666666666666,12.0,40.4824877,4,1,PET,LOWER VERTEX,LANG_02,One-Way,google,Direct,Paid Search,Logged-Out,AREA_B,AREA_C,AREA_B_TO_AREA_C,BU,CA,15_30,high,unknown_or_oneway,Y,S,0,0.5924229361882503,23.982754227438726
10.0,36.5528352,14.194444444444445,1,1,0,0,0,0,0,1,0,2,1,342.3333333333333,11.0,51.396,2,1,PET,UPPER APEX,LANG_09,Round-Trip,apple,Direct,Direct,Logged-In,AREA_C,AREA_B,AREA_C_TO_AREA_B,CA,BA,8_14,mid,15_30,Y,O,0,0.46653888977566976,23.978232778910325
21.0,101.6120335,8.722222222222221,4,2,1,1,0,1,1,1,0,4,1,212.08333333333334,19.0,26.4381024,5,0,PET,NEW MERIDIAN,LANG_10,Round-Trip,apple,Direct,Paid Search,Logged-In,AREA_C,AREA_C,AREA_C_TO_AREA_C,CI,CI,15_30,high,9_14,Y,V,0,0.9069023420026625,23.976776984666213
7.0,29.9193248,19.26388888888889,1,1,0,0,0,0,0,1,0,6,1,463.4166666666667,14.0,30.0812222,4,0,PET,LOWER MERIDIAN,LANG_02,Round-Trip,apple,Direct,Direct,Logged-In,AREA_B,AREA_C,AREA_B_TO_AREA_C,BO,CU,4_7,low,15_30,Y,L,1,0.796912186965301,23.972092569991162
29.0,30.1600294,17.319444444444443,1,1,0,0,0,0,0,0,0,4,1,416.6666666666667,18.0,28.507648,3,0,PET,NORTH APEX,LANG_02,Round-Trip,apple,Direct,Direct,Logged-Out,AREA_B,AREA_C,AREA_B_TO_AREA_C,BE,CE,15_30,low,15_30,Y,U,0,0.8405195003773308,23.961234053892813
40.0,58.689949,12.145833333333334,2,2,0,0,0,0,0,1,0,2,1,292.3333333333333,14.0,27.8030945,5,1,PET,UPPER VERTEX,LANG_10,Round-Trip,google,Direct,Direct,Logged-In,AREA_C,AREA_C,AREA_C_TO_AREA_C,CA,CI,31_60,high,9_14,Y,W,0,0.8618145676848864,23.961111866819543
2.0,18.6473254,,1,1,0,0,0,0,0,0,0,1,0,4.5,5.0,27.7645475,5,1,PET,WEST MERIDIAN,LANG_02,One-Way,apple,Direct,Direct,Logged-Out,AREA_C,AREA_B,AREA_C_TO_AREA_B,CA,BO,0_3,very_low,unknown_or_oneway,Y,U,0,0.8628280012781306,23.95602902581672
66.0,86.31358580000001,139.55208333333334,2,2,0,0,0,0,0,0,0,2,1,3351.75,13.0,29.1963544,3,1,PET,NORTH HORIZON,LANG_04,Round-Trip,google,Paid Search,Paid Search,Logged-Out,AREA_C,AREA_C,AREA_C_TO_AREA_C,CE,CA,61_120,high,30_plus,Y,Q,1,0.8204252362040458,23.953425954917034
118.0,78.0028526,11.041666666666666,3,2,0,1,0,1,0,0,0,4,1,267.75,22.0,26.6128488,5,0,PET,NEW MERIDIAN,LANG_02,Round-Trip,apple,Direct,Direct,Logged-Out,AREA_C,AREA_C,AREA_C_TO_AREA_C,CI,CI,61_120,high,9_14,Y,L,0,0.9000593793133695,23.95314417268855
19.0,188.5727806,,2,2,0,0,0,0,0,0,0,1,0,3.8333333333333335,17.0,27.88233,4,1,PET,UPPER APEX,LANG_09,One-Way,google,Direct,Paid Search,Logged-Out,AREA_C,AREA_B,AREA_C_TO_AREA_B,CA,BA,15_30,very_high,unknown_or_oneway,C,Z,0,0.8587005815644951,23.942572986373168
48.0,127.7079242,8.48263888888889,1,1,0,0,0,0,0,0,0,4,1,205.66666666666666,14.0,39.7145458,4,0,PET,NORTH HORIZON,LANG_02,Round-Trip,apple,Direct,Direct,Logged-Out,AREA_B,AREA_B,AREA_B_TO_AREA_B,BI,BU,31_60,very_high,9_14,Y,L,0,0.6028445593780776,23.941697863701485
38.0,76.82074460000001,7.572916666666667,3,2,1,0,0,0,1,0,0,2,1,183.5,11.0,40.9716063,2,1,PET,SOUTH HORIZON,LANG_02,Round-Trip,apple,Direct,Organic Search,Logged-Out,AREA_C,AREA_C,AREA_C_TO_AREA_C,CA,CA,31_60,high,6_8,Y,L,0,0.5841881944297326,23.935128707282853
41.0,78.08936920000001,7.760416666666667,2,2,0,0,0,0,0,0,1,4,1,190.0,16.0,44.5851734,5,0,PET,LOWER VERTEX,LANG_02,Round-Trip,google,Organic Search,Paid Search,Logged-Out,AREA_B,AREA_B,AREA_B_TO_AREA_B,BU,BE,31_60,high,6_8,Y,O,0,0.5367784993833609,23.93236247239894
48.0,85.4642669,16.01736111111111,2,1,0,1,0,1,0,0,0,2,1,386.4166666666667,9.0,27.6459084,3,1,PET,UPPER MERIDIAN,LANG_09,Round-Trip,apple,Direct,Direct,Logged-Out,AREA_B,AREA_C,AREA_B_TO_AREA_C,BA,CA,31_60,high,15_30,Y,T,0,0.8654400756380027,23.925877056777296
40.0,167.4550208,11.784722222222221,2,2,0,0,0,0,0,0,0,2,1,286.0,8.0,53.8668627,3,1,PET,LOWER VERTEX,LANG_02,Round-Trip,microsoft,Direct,Paid Search,Logged-Out,AREA_B,AREA_C,AREA_B_TO_AREA_C,BU,CA,31_60,very_high,9_14,Y,U,0,0.4441543831082192,23.925203172493642
193.0,183.3886374,9.572916666666666,4,3,1,0,0,0,1,0,0,2,1,233.66666666666666,12.0,31.4432162,1,1,PET,GREAT MERIDIAN,LANG_03,Round-Trip,apple,Paid Search,Paid Search,Logged-Out,AREA_B,AREA_C,AREA_B_TO_AREA_C,BA,CA,120_plus,very_high,9_14,Y,L,0,0.7608215524435228,23.922676563101323
130.0,805.0116933,45.78472222222222,2,2,0,0,0,0,0,0,0,3,1,1102.0,21.0,44.9997678,2,0,PET,LOWER VERTEX,LANG_02,Round-Trip,google,Paid Search,Paid Search,Logged-Out,AREA_B,AREA_B,AREA_B_TO_AREA_B,BU,BE,120_plus,very_high,30_plus,C,F,0,0.5316071320175598,23.92219750161414
61.0,76.7851957,14.274305555555555,3,2,0,0,1,1,0,0,0,2,1,344.6666666666667,9.0,29.1449584,1,1,PET,SOUTH MERIDIAN,LANG_02,Round-Trip,apple,Direct,Affiliate,Logged-Out,AREA_B,AREA_C,AREA_B_TO_AREA_C,BI,CA,61_120,high,15_30,Y,W,0,0.8207789349323327,23.921567914199144
37.0,216.8894068,9.28125,2,2,0,0,0,0,0,0,0,2,1,229.41666666666666,14.0,48.3979,4,1,PET,GREAT AURORA,LANG_10,Round-Trip,yandex,Direct,Direct,Logged-Out,AREA_C,AREA_B,AREA_C_TO_AREA_B,CA,BE,31_60,very_high,9_14,C,F,0,0.494252272481112,23.92077205831361
94.0,100.4205029,,3,2,0,0,1,1,0,1,0,2,1,244.0,19.0,27.8699093,1,1,PET,GREAT MERIDIAN,LANG_02,Multi-City,google,Paid Search,Organic Search,Logged-In,AREA_B,AREA_C,AREA_B_TO_AREA_C,BA,CA,61_120,high,unknown_or_oneway,Y,U,0,0.8582168790474473,23.918426578781425
60.0,38.1876563,14.84375,3,2,1,0,0,0,1,0,0,2,1,359.25,17.0,28.8040316,3,1,PET,OLD AURORA,LANG_02,Round-Trip,google,Direct,Paid Search,Logged-Out,AREA_B,AREA_C,AREA_B_TO_AREA_C,BO,CA,31_60,mid,15_30,Y,O,1,0.830351404681372,23.91746809954663
21.0,73.0915365,15.840277777777779,2,2,0,0,0,0,0,0,0,2,1,383.1666666666667,15.0,26.7524746,2,1,PET,OLD AURORA,LANG_02,Round-Trip,apple,Direct,Direct,Logged-Out,AREA_B,AREA_C,AREA_B_TO_AREA_C,BO,CA,15_30,high,15_30,Y,O,0,0.8939554580767695,23.91552068573014
157.0,66.23231200000001,14.20486111111111,2,2,0,0,0,0,0,1,0,2,1,342.75,15.0,26.5546,3,1,PET,UPPER APEX,LANG_09,Round-Trip,apple,Direct,Direct,Logged-In,AREA_C,AREA_C,AREA_C_TO_AREA_C,CA,CI,120_plus,high,15_30,Y,V,0,0.9005499768838896,23.913744416160934
14.0,34.4635878,7.802083333333333,1,1,0,0,0,0,0,1,0,4,1,191.08333333333334,15.0,30.4803978,5,0,PET,GREAT MERIDIAN,LANG_03,Round-Trip,google,Direct,Paid Search,Logged-In,AREA_B,AREA_C,AREA_B_TO_AREA_C,BA,CU,8_14,mid,6_8,Y,U,0,0.7844130387133795,23.909221459490606
77.0,59.8746268,7.263888888888889,4,2,2,0,0,0,1,1,1,2,1,176.41666666666666,14.0,31.407239,1,1,PET,NEW AURORA,LANG_09,Round-Trip,google,Direct,Direct,Logged-In,AREA_C,AREA_C,AREA_C_TO_AREA_C,CU,CA,61_120,high,6_8,Y,V,0,0.7612232253770471,23.907919771767784
179.0,104.11973,43.947916666666664,5,2,2,1,0,1,1,1,0,2,1,1057.75,14.0,26.820146,3,1,PET,UPPER APEX,LANG_02,Round-Trip,apple,Direct,Direct,Logged-In,AREA_C,AREA_B,AREA_C_TO_AREA_B,CA,BO,120_plus,very_high,30_plus,Y,O,0,0.8913806287914442,23.906958605758337
84.0,195.4692672,34.78472222222222,2,2,0,0,0,0,0,1,0,4,1,838.0,18.0,44.9997678,3,0,PET,LOWER VERTEX,LANG_02,Round-Trip,microsoft,Paid Search,Paid Search,Logged-In,AREA_B,AREA_B,AREA_B_TO_AREA_B,BU,BE,61_120,very_high,30_plus,Y,U,0,0.5312637927658042,23.906747315008506
45.0,35.7069427,21.25,1,1,0,0,0,0,0,0,0,2,1,512.0833333333334,18.0,30.1917236,1,1,PET,CENTRAL APEX,LANG_09,Round-Trip,apple,Direct,Direct,Logged-Out,AREA_C,AREA_C,AREA_C_TO_AREA_C,CU,CA,31_60,mid,15_30,Y,O,1,0.7917928245355689,23.905590106841192
115.0,87.865745,14.36111111111111,1,1,0,0,0,0,0,1,1,2,1,359.8333333333333,12.0,50.1762016,5,1,PET,UPPER APEX,LANG_02,Round-Trip,apple,Direct,Direct,Logged-In,AREA_C,AREA_B,AREA_C_TO_AREA_B,CA,BO,61_120,high,15_30,Y,O,0,0.4763552429222556,23.90169670208407
40.0,87.3483586,41.229166666666664,1,1,0,0,0,0,0,0,0,2,1,1004.1666666666666,10.0,76.2374,5,1,PET,UPPER APEX,LANG_09,Round-Trip,mozilla,Paid Search,Paid Search,Logged-Out,AREA_C,AREA_B,AREA_C_TO_AREA_B,CA,BU,31_60,high,30_plus,Y,O,0,0.3134900971338893,23.89966993123517
67.0,98.0520039,27.93402777777778,1,1,0,0,0,0,0,1,0,4,1,689.75,20.0,38.1187,5,0,PET,UPPER APEX,LANG_02,Round-Trip,apple,Direct,Direct,Logged-In,AREA_C,AREA_B,AREA_C_TO_AREA_B,CA,BE,61_120,high,15_30,Y,L,0,0.626885243986592,23.8960505499517
23.0,28.177857,,1,1,0,0,0,0,0,0,0,1,0,3.5,13.0,40.9998741,5,1,PET,UPPER APEX,LANG_09,One-Way,google,Paid Search,Paid Search,Logged-Out,AREA_C,AREA_B,AREA_C_TO_AREA_B,CA,BO,15_30,low,unknown_or_oneway,Y,W,0,0.5827826549979623,23.89401548258019
107.0,74.6201392,,1,1,0,0,0,0,0,0,0,2,1,-144.5,13.0,87.6635874,5,1,PET,LOWER VERTEX,LANG_02,Round-Trip,google,Direct,Organic Search,Logged-Out,AREA_B,AREA_C,AREA_B_TO_AREA_C,BO,CA,61_120,high,unknown_or_oneway,Y,O,0,0.27256465313000405,23.893995291812793
48.0,46.347627900000006,,2,2,0,0,0,0,0,0,0,2,1,4.666666666666667,22.0,27.8386434,6,0,PET,LOWER ZENITH,LANG_02,One-Way,google,Direct,Paid Search,Logged-Out,AREA_C,AREA_C,AREA_C_TO_AREA_C,CI,CE,31_60,mid,unknown_or_oneway,Y,W,0,0.8581733463932655,23.890381765626792
48.0,289.1598922,,2,1,0,1,0,1,0,0,0,2,1,147.5,13.0,31.4166616,4,1,PET,UPPER APEX,LANG_09,Multi-City,google,Direct,Direct,Logged-Out,AREA_B,AREA_C,AREA_B_TO_AREA_C,BI,CA,31_60,very_high,unknown_or_oneway,Y,Y,0,0.7603025393931175,23.886167593734243
147.0,67.1171798,10.680555555555555,2,2,0,0,0,0,0,0,0,2,1,262.0,13.0,40.3077413,3,1,PET,LOWER VERTEX,LANG_02,Round-Trip,google,Direct,Paid MetaSearches,Logged-Out,AREA_B,AREA_C,AREA_B_TO_AREA_C,BO,CA,120_plus,high,9_14,Y,O,0,0.5925191897913552,23.883110217395547
12.0,55.984377900000005,,1,1,0,0,0,0,0,0,0,2,1,320.0,11.0,27.88233,2,1,PET,NORTH ZENITH,LANG_02,Multi-City,google,Paid Search,Paid Search,Logged-Out,AREA_C,AREA_B,AREA_C_TO_AREA_B,CA,BO,8_14,high,unknown_or_oneway,Y,T,0,0.856550607691548,23.88262670535628
9.0,205.3587142,52.31944444444444,2,2,0,0,0,0,0,1,0,2,1,1271.8333333333333,13.0,42.0701958,5,1,PET,UPPER APEX,LANG_09,Round-Trip,apple,Direct,Direct,Logged-In,AREA_C,AREA_B,AREA_C_TO_AREA_B,CA,BO,8_14,very_high,30_plus,Y,U,0,0.5674757943611302,23.873817780533283
30.0,110.5896298,,3,2,1,0,0,0,1,1,0,1,0,2.5833333333333335,10.0,27.9589957,4,1,PET,UPPER APEX,LANG_09,One-Way,apple,Direct,Direct,Logged-In,AREA_B,AREA_C,AREA_B_TO_AREA_C,BO,CA,15_30,very_high,unknown_or_oneway,Y,K,0,0.85359739213793,23.865725816315596
33.0,73.9961061,13.76388888888889,1,1,0,0,0,0,0,1,0,4,1,335.0,12.0,39.9244128,3,0,PET,NORTH MERIDIAN,LANG_02,Round-Trip,apple,Email,Email,Logged-In,AREA_B,AREA_C,AREA_B_TO_AREA_C,BI,CO,31_60,high,9_14,Y,O,0,0.59775616528102,23.865063896424473
,184.344603,15.73611111111111,3,3,0,0,0,0,0,1,0,4,1,378.6666666666667,13.0,23.9848,5,0,PET,UPPER APEX,LANG_09,Round-Trip,google,Direct,Organic Search,Logged-In,AREA_C,AREA_B,AREA_C_TO_AREA_B,CE,BE,MISSING,very_high,15_30,Y,S,1,0.9949758398162885,23.864296522825715
18.0,71.4609984,31.87152777777778,2,2,0,0,0,0,0,1,0,2,1,767.9166666666666,18.0,26.38328,3,1,PET,UPPER APEX,LANG_02,Round-Trip,apple,Paid Search,Organic Search,Logged-In,AREA_C,AREA_B,AREA_C_TO_AREA_B,CA,BO,15_30,high,30_plus,Y,L,0,0.9045048099450125,23.86380366212605
10.0,16.048401,,1,1,0,0,0,0,0,0,0,1,0,4.5,21.0,27.693878,5,1,PET,WEST MERIDIAN,LANG_02,One-Way,google,Paid Search,Paid Search,Logged-Out,AREA_C,AREA_B,AREA_C_TO_AREA_B,CA,BO,8_14,very_low,unknown_or_oneway,Y,O,0,0.8615964273726973,23.86094634489534
27.0,100.0106198,269.21875,1,1,0,0,0,0,0,0,0,2,1,6477.166666666667,14.0,74.0959,3,1,PET,UPPER VERTEX,LANG_02,Round-Trip,apple,Paid Search,Paid Search,Logged-Out,AREA_C,AREA_B,AREA_C_TO_AREA_B,CA,BU,15_30,high,30_plus,Y,L,0,0.32200881443460383,23.85953291346496
161.0,387.2538695,11.0,2,2,0,0,0,0,0,0,0,2,1,271.25,12.0,126.4547184,4,1,PET,GREAT MERIDIAN,LANG_02,Round-Trip,google,Paid Search,Paid Search,Logged-Out,AREA_C,AREA_B,AREA_C_TO_AREA_B,CA,BU,120_plus,very_high,9_14,Y,V,0,0.18867841272148264,23.859275548854065
56.0,130.014748,9.03125,2,1,1,0,0,0,1,1,0,4,1,219.41666666666666,21.0,28.5521912,1,0,PET,NEW MERIDIAN,LANG_02,Round-Trip,microsoft,Email,Email,Logged-In,AREA_C,AREA_D,AREA_C_TO_AREA_D,CI,DA,31_60,very_high,9_14,C,F,0,0.8355179916681973,23.855869449150376
26.0,643.6749379999999,14.65625,2,2,0,0,0,0,0,1,0,2,1,355.0,15.0,42.457379,2,1,PET,LOWER VERTEX,LANG_02,Round-Trip,google,Direct,Paid Search,Logged-In,AREA_B,AREA_C,AREA_B_TO_AREA_C,BI,CA,15_30,very_high,15_30,C,F,0,0.5617461643075952,23.850269799803844
24.0,32.5833508,51.87152777777778,1,1,0,0,0,0,0,0,0,4,1,1247.25,21.0,29.4177855,4,0,PET,NEW MERIDIAN,LANG_10,Round-Trip,apple,MetaSearches,MetaSearches,Logged-Out,AREA_B,AREA_C,AREA_B_TO_AREA_C,BI,CI,15_30,low,30_plus,Y,L,0,0.8107061259255537,23.84917891601393
174.0,59.5431226,9.5625,3,3,0,0,0,0,0,0,0,2,1,233.41666666666666,16.0,31.3507034,1,1,PET,GREAT MERIDIAN,LANG_03,Round-Trip,mozilla,Direct,Direct,Logged-Out,AREA_B,AREA_C,AREA_B_TO_AREA_C,BA,CA,120_plus,high,9_14,Y,O,0,0.7606120864403552,23.845723924446737
7.0,68.091134,6.416666666666667,2,2,0,0,0,0,0,1,0,2,1,157.0,22.0,53.1092,4,1,PET,UPPER APEX,LANG_09,Round-Trip,google,Paid Search,Referrals,Logged-In,AREA_C,AREA_C,AREA_C_TO_AREA_C,CA,CI,4_7,high,6_8,Y,V,0,0.4489731009575511,23.844602213374774
7.0,53.1867223,,1,1,0,0,0,0,0,1,0,2,1,6.666666666666667,18.0,27.8836149,6,0,PET,NEW APEX,LANG_02,One-Way,apple,Direct,Direct,Logged-In,AREA_C,AREA_C,AREA_C_TO_AREA_C,CU,CU,4_7,mid,unknown_or_oneway,Y,K,0,0.8550450396451088,23.84174660761945
11.0,131.2341181,54.78125,1,1,0,0,0,0,0,0,0,3,1,1318.0833333333333,16.0,50.5299774,4,0,PET,LOWER VERTEX,LANG_02,Round-Trip,apple,Direct,MetaSearches,Logged-Out,AREA_B,AREA_B,AREA_B_TO_AREA_B,BU,BE,8_14,very_high,30_plus,Y,T,0,0.47182984884665113,23.841551598866698
198.0,138.542201,7.166666666666667,4,2,0,1,1,1,0,0,0,2,1,174.91666666666666,21.0,53.1092,4,1,PET,UPPER APEX,LANG_09,Round-Trip,google,Paid Search,Organic Search,Logged-Out,AREA_C,AREA_C,AREA_C_TO_AREA_C,CA,CI,120_plus,very_high,6_8,Y,V,0,0.44877028421902865,23.833830778645236
40.0,48.3028174,,2,2,0,0,0,0,0,1,0,1,0,0.5833333333333334,15.0,43.6977358,3,1,PET,UPPER APEX,LANG_09,One-Way,apple,Direct,Direct,Logged-In,AREA_B,AREA_C,AREA_B_TO_AREA_C,BI,CA,31_60,mid,unknown_or_oneway,Y,L,0,0.5450623417098247,23.817990202565237
19.0,53.9996357,19.618055555555557,1,1,0,0,0,0,0,0,0,2,1,477.5833333333333,17.0,54.1568218,2,1,PET,SOUTH VERTEX,LANG_02,Round-Trip,google,Paid Search,Paid Search,Logged-Out,AREA_C,AREA_C,AREA_C_TO_AREA_C,CE,CA,15_30,mid,15_30,Y,S,0,0.4397659952076037,23.81632863615785
73.0,74.1147452,15.916666666666666,2,2,0,0,0,0,0,1,0,2,1,385.0,8.0,29.21006,2,1,PET,UPPER APEX,LANG_09,Round-Trip,google,Direct,Referrals,Logged-In,AREA_C,AREA_B,AREA_C_TO_AREA_B,CA,BO,61_120,high,15_30,Y,W,0,0.8153264390514581,23.815734204279433
2.0,44.3581744,17.256944444444443,1,1,0,0,0,0,0,0,0,4,1,416.3333333333333,22.0,28.4982254,3,0,PET,CENTRAL AURORA,LANG_02,Round-Trip,google,Direct,Paid Search,Logged-Out,AREA_C,AREA_B,AREA_C_TO_AREA_B,CU,BO,0_3,mid,15_30,Y,V,0,0.835670764946963,23.81513381964897
26.0,81.6249857,8.305555555555555,2,2,0,0,0,0,0,0,0,5,1,200.58333333333334,17.0,27.9435769,5,0,PET,NEW MERIDIAN,LANG_10,Round-Trip,apple,Direct,Direct,Logged-Out,AREA_C,AREA_B,AREA_C_TO_AREA_B,CI,BO,15_30,high,9_14,Y,V,0,0.8521301263903078,23.811563715594286
97.0,154.3366201,13.71875,4,2,0,2,0,1,0,0,0,4,1,332.75,9.0,44.5851734,4,0,PET,LOWER VERTEX,LANG_02,Round-Trip,apple,Direct,Direct,Logged-Out,AREA_B,AREA_B,AREA_B_TO_AREA_B,BU,BE,61_120,very_high,9_14,Y,O,0,0.5340315444749109,23.809889011483715
51.0,93.7278871,9.881944444444445,2,2,0,0,0,0,0,0,0,2,1,239.25,16.0,30.1887255,2,1,PET,SOUTH MERIDIAN,LANG_09,Round-Trip,apple,Direct,Direct,Logged-Out,AREA_B,AREA_C,AREA_B_TO_AREA_C,BI,CA,31_60,high,9_14,Y,U,0,0.7885737870327348,23.80603759322669
115.0,30.3125042,16.850694444444443,3,3,0,0,0,0,0,0,0,2,1,407.25,16.0,28.7954656,1,1,PET,NEW APEX,LANG_02,Round-Trip,microsoft,Paid Search,Paid Search,Logged-Out,AREA_C,AREA_C,AREA_C_TO_AREA_C,CU,CA,61_120,low,15_30,Y,O,0,0.8264692103700715,23.798565716670556
42.0,181.7486767,189.32986111111111,1,1,0,0,0,0,0,0,0,2,1,4562.083333333333,9.0,39.4036,1,0,PET,EAST ZENITH,LANG_02,Round-Trip,microsoft,Direct,Direct,Logged-Out,AREA_C,AREA_B,AREA_C_TO_AREA_B,CA,BE,31_60,very_high,30_plus,P,R,0,0.603872431378928,23.794747737082727
47.0,214.9200834,6.416666666666667,3,2,1,0,0,0,1,1,0,2,1,157.0,19.0,53.1092,4,1,PET,UPPER APEX,LANG_09,Round-Trip,google,Direct,Paid Search,Logged-In,AREA_C,AREA_C,AREA_C_TO_AREA_C,CA,CI,31_60,very_high,6_8,Y,Q,0,0.448024015251302,23.79419703078445
136.0,16.0903744,53.854166666666664,1,1,0,0,0,0,0,0,0,2,1,1295.0,22.0,31.3798278,1,0,PET,NORTH HORIZON,LANG_09,Round-Trip,apple,Direct,Paid Search,Logged-Out,AREA_B,AREA_B,AREA_B_TO_AREA_B,BA,BE,120_plus,very_low,30_plus,Y,U,0,0.758055101725653,23.787638555062475
7.0,100.30828830000002,18.76388888888889,1,1,0,0,0,0,0,0,0,2,1,454.0,13.0,52.9704308,1,1,PET,NORTH MERIDIAN,LANG_09,Round-Trip,apple,Organic Search,Organic Search,Logged-Out,AREA_B,AREA_C,AREA_B_TO_AREA_C,BI,CA,4_7,high,15_30,Y,U,0,0.44904970742467176,23.786356452898822
60.0,44.191994,37.170138888888886,2,2,0,0,0,0,0,0,0,2,1,895.0833333333334,16.0,27.88233,5,1,PET,UPPER APEX,LANG_09,Round-Trip,google,Paid Search,Paid Search,Logged-Out,AREA_C,AREA_B,AREA_C_TO_AREA_B,CA,BO,31_60,mid,30_plus,Y,O,0,0.8530802433994524,23.785864862943853
22.0,21.881847,7.496527777777778,1,1,0,0,0,0,0,0,0,4,1,181.75,10.0,30.105207,3,0,PET,WEST VERTEX,LANG_02,Round-Trip,samsung,Direct,Direct,Logged-Out,AREA_B,AREA_C,AREA_B_TO_AREA_C,BO,CI,15_30,low,6_8,Y,W,0,0.789983796044749,23.78262570657295
9.0,56.9934527,,1,1,0,0,0,0,0,0,0,2,1,3.5,7.0,42.2552214,6,0,PET,EAST HORIZON,LANG_02,One-Way,google,MetaSearches,Paid Search,Logged-Out,AREA_C,AREA_B,AREA_C_TO_AREA_B,CE,BI,8_14,high,unknown_or_oneway,Y,K,0,0.5627801091915039,23.780398113403173
9.0,61.2678867,,1,1,0,0,0,0,0,0,0,1,0,4.666666666666667,16.0,26.6419732,3,0,PET,SOUTH HORIZON,LANG_02,One-Way,apple,Direct,Direct,Logged-Out,AREA_C,AREA_C,AREA_C_TO_AREA_C,CO,CE,8_14,high,unknown_or_oneway,C,Z,0,0.8924963595118531,23.777864091212354
37.0,68.90875869999999,17.01736111111111,2,2,0,0,0,0,0,0,0,2,1,410.3333333333333,13.0,28.6070136,2,1,PET,UPPER MERIDIAN,LANG_02,Round-Trip,google,Direct,Email,Logged-Out,AREA_C,AREA_C,AREA_C_TO_AREA_C,CU,CA,31_60,high,15_30,Y,W,0,0.8310643853809047,23.77427017506718
22.0,18.3303834,,1,1,0,0,0,0,0,1,1,1,0,3.5,13.0,40.9998741,5,1,PET,UPPER APEX,LANG_02,One-Way,samsung,Direct,Direct,Logged-In,AREA_C,AREA_B,AREA_C_TO_AREA_B,CA,BO,15_30,very_low,unknown_or_oneway,Y,L,0,0.5798300720222948,23.772959952308018
200.0,70.7504487,24.25347222222222,2,2,0,0,0,0,0,0,0,2,1,584.5,10.0,31.4517822,1,1,PET,SOUTH MERIDIAN,LANG_04,Round-Trip,google,Paid Search,Paid Search,Logged-Out,AREA_B,AREA_C,AREA_B_TO_AREA_C,BI,CA,120_plus,high,15_30,Y,L,1,0.75579023971938,23.770950008539728
32.0,32.2192958,26.37152777777778,1,1,0,0,0,0,0,0,0,4,1,635.6666666666666,13.0,28.5521912,4,0,PET,EAST VERTEX,LANG_02,Round-Trip,google,Direct,Organic Search,Logged-Out,AREA_C,AREA_D,AREA_C_TO_AREA_D,CI,DA,31_60,low,15_30,Y,U,0,0.8324423909434464,23.76805430920243
110.0,93.9244768,7.40625,4,3,1,0,0,0,1,0,0,2,1,179.41666666666666,17.0,51.396,3,1,PET,UPPER APEX,LANG_09,Round-Trip,apple,Direct,Organic Search,Logged-Out,AREA_C,AREA_B,AREA_C_TO_AREA_B,CA,BA,61_120,high,6_8,Y,L,0,0.46240895572007534,23.765970688188993
59.0,54.7183231,9.86111111111111,1,1,0,0,0,0,0,0,0,4,1,239.16666666666666,16.0,28.7449262,4,0,PET,NORTH HORIZON,LANG_04,Round-Trip,apple,Organic Search,Organic Search,Logged-Out,AREA_C,AREA_C,AREA_C_TO_AREA_C,CU,CI,31_60,high,9_14,Y,O,0,0.826606326673126,23.760737856672094
97.0,80.6077732,9.868055555555555,3,2,0,0,1,1,0,0,0,2,1,239.0,22.0,28.8922614,1,1,PET,CENTRAL APEX,LANG_09,Round-Trip,google,Direct,Paid Search,Logged-Out,AREA_C,AREA_C,AREA_C_TO_AREA_C,CU,CA,61_120,high,9_14,Y,S,0,0.8222384760713312,23.756328983790542
14.0,159.55374239999998,42.84722222222222,1,1,0,0,0,0,0,1,0,2,1,1034.25,17.0,71.9544,2,1,PET,UPPER APEX,LANG_09,Round-Trip,apple,Direct,Paid Search,Logged-In,AREA_C,AREA_C,AREA_C_TO_AREA_C,CA,CA,8_14,very_high,30_plus,Y,V,0,0.3301099877002912,23.752866098981837
26.0,62.836321299999994,,2,2,0,0,0,0,0,0,0,3,1,119.08333333333333,20.0,27.8699093,1,1,PET,GREAT MERIDIAN,LANG_02,Multi-City,google,Paid Search,Paid Search,Logged-Out,AREA_B,AREA_C,AREA_B_TO_AREA_C,BA,CA,15_30,high,unknown_or_oneway,Y,U,0,0.8522514639418132,23.752171000850552
102.0,21.4989468,24.48263888888889,2,2,0,0,0,0,0,0,0,2,1,589.25,13.0,31.4680576,3,1,PET,UPPER APEX,LANG_09,Round-Trip,microsoft,Organic Search,Organic Search,Logged-Out,AREA_C,AREA_C,AREA_C_TO_AREA_C,CA,CU,61_120,low,15_30,Y,O,0,0.7547000182492999,23.74894364499002
91.0,202.11005869999997,30.65625,2,2,0,0,0,0,0,0,0,4,1,739.0,13.0,39.8481754,3,0,PET,NORTH MERIDIAN,LANG_02,Round-Trip,google,MetaSearches,Referrals,Logged-Out,AREA_B,AREA_C,AREA_B_TO_AREA_C,BI,CU,61_120,very_high,30_plus,Y,O,0,0.5958000243022398,23.741543871719916
16.0,41.1472093,,1,1,0,0,0,0,0,0,0,1,0,4.0,11.0,40.024635,4,1,PET,UPPER APEX,LANG_02,One-Way,google,Paid Search,Paid Search,Logged-Out,AREA_B,AREA_C,AREA_B_TO_AREA_C,BO,CA,15_30,mid,unknown_or_oneway,Y,L,0,0.5930416432914917,23.736275312542155
1.0,74.4826549,,1,1,0,0,0,0,0,0,0,1,0,14.166666666666666,,40.5818533,4,1,PET,UPPER APEX,LANG_02,One-Way,apple,Direct,Direct,Logged-Out,AREA_C,AREA_C,AREA_C_TO_AREA_C,CA,CA,0_3,high,unknown_or_oneway,Y,S,0,0.584822710126301,23.733189428853972
34.0,47.3888252,5.225694444444445,2,2,0,0,0,0,0,0,0,2,1,130.5,13.0,46.560493,4,1,PET,UPPER APEX,LANG_02,Round-Trip,google,Direct,Direct,Logged-Out,AREA_C,AREA_B,AREA_C_TO_AREA_B,CA,BO,31_60,mid,6_8,Y,O,0,0.5096084328921874,23.727619872417662
130.0,102.8798015,110.59027777777777,1,1,0,0,0,0,0,0,0,2,1,2657.3333333333335,19.0,100.7353034,3,1,PET,UPPER APEX,LANG_09,Round-Trip,google,Direct,Direct,Logged-Out,AREA_B,AREA_C,AREA_B_TO_AREA_C,BU,CA,120_plus,very_high,30_plus,Y,O,0,0.2355011761723818,23.723282432781733
78.0,20.9241682,16.38888888888889,1,1,0,0,0,0,0,0,0,4,1,395.75,9.0,30.6932629,5,0,PET,UPPER APEX,LANG_09,Round-Trip,apple,Organic Search,Organic Search,Logged-Out,AREA_C,AREA_C,AREA_C_TO_AREA_C,CE,CU,61_120,very_low,15_30,Y,V,0,0.7726740161586128,23.71588671395515
84.0,50.6982993,,2,2,0,0,0,0,0,0,0,1,0,4.666666666666667,18.0,26.6419732,3,0,PET,SOUTH HORIZON,LANG_02,One-Way,apple,Paid Search,Paid Search,Logged-Out,AREA_C,AREA_C,AREA_C_TO_AREA_C,CO,CE,61_120,mid,unknown_or_oneway,Y,V,0,0.8898526444322107,23.707430304912084
23.0,52.2842942,11.190972222222221,2,2,0,0,0,0,0,1,0,2,1,271.0,11.0,28.5401988,3,1,PET,CENTRAL AURORA,LANG_02,Round-Trip,apple,Direct,Direct,Logged-In,AREA_B,AREA_C,AREA_B_TO_AREA_C,BU,CA,15_30,mid,9_14,Y,W,0,0.8306679588994986,23.70742868378192
34.0,33.7093515,,2,2,0,0,0,0,0,0,0,1,0,5.083333333333333,9.0,25.698,4,1,PET,LOWER APEX,LANG_02,One-Way,apple,Direct,Direct,Logged-Out,AREA_B,AREA_C,AREA_B_TO_AREA_C,BO,CA,31_60,low,unknown_or_oneway,Y,L,0,0.9225090120606412,23.70663659193436
207.0,100.1857945,31.21527777777778,1,1,0,0,0,0,0,0,0,2,1,765.25,6.0,74.0959,3,1,PET,LOWER VERTEX,LANG_02,Round-Trip,apple,Direct,Direct,Logged-Out,AREA_C,AREA_B,AREA_C_TO_AREA_B,CA,BU,120_plus,high,30_plus,Y,O,0,0.3198579328651455,23.700161407782534
59.0,59.6274977,10.024305555555555,2,2,0,0,0,0,0,0,0,4,1,243.08333333333334,23.0,30.3133608,5,0,PET,NORTH HORIZON,LANG_02,Round-Trip,google,MetaSearches,MetaSearches,Logged-Out,AREA_C,AREA_B,AREA_C_TO_AREA_B,CE,BE,31_60,high,9_14,Y,W,0,0.7818141918203809,23.69941567521162
43.0,89.89674360000001,15.875,2,2,0,0,0,0,0,0,0,2,1,383.1666666666667,10.0,27.88233,2,1,PET,CENTRAL APEX,LANG_02,Round-Trip,mozilla,MetaSearches,Organic Search,Logged-Out,AREA_C,AREA_C,AREA_C_TO_AREA_C,CU,CA,31_60,high,15_30,Y,V,0,0.8498543626971612,23.69591979266194
8.0,41.0324249,,1,1,0,0,0,0,0,1,0,1,0,5.416666666666667,14.0,38.1187,4,1,PET,OLD HORIZON,LANG_02,One-Way,google,Direct,Direct,Logged-In,AREA_C,AREA_C,AREA_C_TO_AREA_C,CE,CA,8_14,mid,unknown_or_oneway,Y,L,0,0.621630510367808,23.695746935557363
29.0,39.5200976,24.270833333333332,1,1,0,0,0,0,0,1,0,4,1,584.4166666666666,18.0,29.5467038,4,0,PET,UPPER MERIDIAN,LANG_02,Round-Trip,apple,Direct,Direct,Logged-In,AREA_C,AREA_C,AREA_C_TO_AREA_C,CU,CE,15_30,mid,15_30,Y,V,0,0.801952887972435,23.69506444247612
166.0,22.9333235,19.854166666666668,1,1,0,0,0,0,0,0,0,3,1,479.0,14.0,31.3798278,1,0,PET,NORTH HORIZON,LANG_04,Round-Trip,apple,Paid Search,Paid Search,Logged-Out,AREA_B,AREA_B,AREA_B_TO_AREA_B,BA,BE,120_plus,low,15_30,Y,L,0,0.7550051812095397,23.691932574463152
13.0,41.091958600000005,,1,1,0,0,0,0,0,1,0,1,0,4.083333333333333,12.0,38.1187,4,1,PET,UPPER APEX,LANG_02,One-Way,apple,Direct,Direct,Logged-In,AREA_C,AREA_C,AREA_C_TO_AREA_C,CE,CA,8_14,mid,unknown_or_oneway,Y,L,0,0.6214931701815111,23.690511706197963
28.0,146.9034736,64.68055555555556,1,1,0,0,0,0,0,0,0,4,1,1558.9166666666667,1.0,40.7480337,5,0,PET,WEST AURORA,LANG_02,Round-Trip,apple,Paid Search,Paid Search,Logged-Out,AREA_C,AREA_D,AREA_C_TO_AREA_D,CU,DA,15_30,very_high,30_plus,Y,Q,0,0.5812624761814906,23.68530296798883
210.0,83.8936908,11.215277777777779,2,2,0,0,0,0,0,1,0,2,1,273.0833333333333,14.0,29.21006,3,1,PET,UPPER APEX,LANG_09,Round-Trip,google,Direct,Referrals,Logged-In,AREA_C,AREA_C,AREA_C_TO_AREA_C,CA,CI,120_plus,high,9_14,Y,S,0,0.8108348827197837,23.684535574337843
70.0,35.7322124,,2,2,0,0,0,0,0,0,0,2,1,4.0,17.0,30.5343636,5,0,PET,NEW AURORA,LANG_04,One-Way,google,Paid Search,Organic Search,Logged-Out,AREA_C,AREA_C,AREA_C_TO_AREA_C,CU,CU,61_120,mid,unknown_or_oneway,Y,L,0,0.7756259389218635,23.683244436631572
1.0,78.4769807,,1,1,0,0,0,0,0,1,0,1,0,14.5,20.0,40.4824877,4,1,PET,LOWER VERTEX,LANG_02,One-Way,google,Direct,Direct,Logged-In,AREA_B,AREA_C,AREA_B_TO_AREA_C,BU,CA,0_3,high,unknown_or_oneway,Y,S,0,0.5850116880828679,23.682728467170936
154.0,157.7034864,24.177083333333332,4,2,0,2,0,1,0,0,0,2,1,583.3333333333334,10.0,29.21006,3,1,PET,UPPER APEX,LANG_09,Round-Trip,apple,Direct,Direct,Logged-Out,AREA_C,AREA_C,AREA_C_TO_AREA_C,CA,CO,120_plus,very_high,15_30,Y,S,0,0.8106460035880418,23.679018403566918
6.0,27.385502,26.29513888888889,1,1,0,0,0,0,0,0,1,2,1,631.9166666666666,11.0,27.8030945,5,1,PET,GREAT MERIDIAN,LANG_02,Round-Trip,apple,Direct,Direct,Logged-Out,AREA_C,AREA_C,AREA_C_TO_AREA_C,CA,CI,4_7,low,15_30,Y,W,1,0.8515664369131096,23.676182118523474
322.0,300.7381261,30.75347222222222,2,2,0,0,0,0,0,0,0,2,1,741.8333333333334,7.0,41.6710202,1,1,PET,LOWER VERTEX,LANG_02,Round-Trip,google,Organic Search,Referrals,Logged-Out,AREA_B,AREA_C,AREA_B_TO_AREA_C,BU,CA,120_plus,very_high,30_plus,P,R,0,0.5680203618920278,23.669987974414
70.0,82.0524291,,1,1,0,0,0,0,0,0,0,1,0,10.083333333333334,21.0,52.9730006,5,1,PET,UPPER APEX,LANG_02,One-Way,google,Direct,MetaSearches,Logged-Out,AREA_C,AREA_C,AREA_C_TO_AREA_C,CA,CE,61_120,high,unknown_or_oneway,Y,Q,0,0.446800921838625,23.668385500638035
58.0,25.5656553,,1,1,0,0,0,0,0,1,0,2,1,25.416666666666668,14.0,39.797636,5,0,PET,LOWER VERTEX,LANG_02,One-Way,google,Paid Search,Organic Search,Logged-In,AREA_C,AREA_B,AREA_C_TO_AREA_B,CU,BA,31_60,low,unknown_or_oneway,Y,L,0,0.5947106186562792,23.668076726617407
,16.2180078,3.3854166666666665,1,1,0,0,0,0,0,0,0,2,1,83.25,11.0,23.9848,4,1,PET,UPPER APEX,LANG_09,Round-Trip,apple,Direct,Direct,Logged-Out,AREA_C,AREA_B,AREA_C_TO_AREA_B,CA,BE,MISSING,very_low,3_5,Y,O,1,0.9867835158619666,23.667805271246095
64.0,98.9441528,15.88888888888889,2,2,0,0,0,0,0,0,0,7,1,383.3333333333333,12.0,28.2605189,5,0,PET,UPPER APEX,LANG_09,Round-Trip,google,Organic Search,Organic Search,Logged-Out,AREA_C,AREA_C,AREA_C_TO_AREA_C,CU,CU,61_120,high,15_30,Y,K,1,0.837437408126173,23.666415699916726
67.0,23.130769799999996,11.552083333333334,2,1,1,0,0,0,1,0,0,4,1,279.75,21.0,30.6932629,5,0,PET,NORTH HORIZON,LANG_09,Round-Trip,google,Organic Search,Organic Search,Logged-Out,AREA_C,AREA_C,AREA_C_TO_AREA_C,CE,CU,61_120,low,9_14,Y,U,0,0.7710240891292041,23.66524506987569
21.0,49.717064,35.208333333333336,2,2,0,0,0,0,0,0,0,2,1,850.0833333333334,21.0,26.38328,3,1,PET,UPPER APEX,LANG_02,Round-Trip,google,Paid Search,Paid Search,Logged-Out,AREA_C,AREA_B,AREA_C_TO_AREA_B,CA,BO,15_30,mid,30_plus,Y,U,1,0.8969666909019582,23.664923356739816
48.0,164.8282569,6.597222222222222,4,2,2,0,0,0,1,1,1,4,1,160.41666666666666,21.0,27.7932436,4,0,PET,LOWER ZENITH,LANG_02,Round-Trip,apple,Direct,Direct,Logged-In,AREA_C,AREA_B,AREA_C_TO_AREA_B,CE,BO,31_60,very_high,6_8,Y,V,0,0.8509602562823558,23.650945696773945
37.0,104.2657803,40.701388888888886,1,1,0,0,0,0,0,0,0,2,1,982.0833333333334,,49.5495987,1,1,PET,LOWER VERTEX,LANG_02,Round-Trip,apple,Paid Search,Paid Search,Logged-Out,AREA_B,AREA_C,AREA_B_TO_AREA_C,BO,CA,31_60,very_high,30_plus,Y,W,0,0.4771615855429991,23.643165078711323
236.0,32.279686100000006,,1,1,0,0,0,0,0,0,0,2,1,737.5,16.0,27.8699093,2,1,PET,GREAT MERIDIAN,LANG_09,Multi-City,apple,Direct,Direct,Logged-Out,AREA_B,AREA_C,AREA_B_TO_AREA_C,BA,CA,120_plus,low,unknown_or_oneway,Y,O,0,0.8481669123477512,23.638334918392875
1.0,39.7492381,,1,1,0,0,0,0,0,0,0,2,1,17.0,18.0,37.7113867,5,0,PET,WEST AURORA,LANG_02,One-Way,google,Paid Search,Organic Search,Logged-Out,AREA_C,AREA_C,AREA_C_TO_AREA_C,CU,CU,0_3,mid,unknown_or_oneway,Y,Q,0,0.6267936128203252,23.63725631415736
155.0,92.6121656,63.21527777777778,1,1,0,0,0,0,0,0,0,2,1,1521.0833333333333,17.0,26.5546,2,1,PET,UPPER APEX,LANG_09,Round-Trip,google,Direct,Direct,Logged-Out,AREA_C,AREA_C,AREA_C_TO_AREA_C,CA,CI,120_plus,high,30_plus,C,F,0,0.8894474219101949,23.618920509856462
43.0,77.13169040000001,17.493055555555557,2,1,0,1,0,1,0,1,0,2,1,422.0,20.0,27.88233,4,1,PET,CENTRAL APEX,LANG_09,Round-Trip,apple,Direct,Direct,Logged-In,AREA_C,AREA_C,AREA_C_TO_AREA_C,CU,CA,31_60,high,15_30,Y,Q,0,0.8470544823748564,23.61785260555493
0.0,62.75108959999999,,1,1,0,0,0,0,0,0,0,4,1,-83.91666666666667,14.0,30.2825232,4,0,PET,NEW ZENITH,LANG_02,Round-Trip,apple,Direct,Direct,Logged-Out,AREA_B,AREA_C,AREA_B_TO_AREA_C,BA,CI,invalid_or_past,high,unknown_or_oneway,Y,W,0,0.7796639344878086,23.610191184330343
57.0,80.32423859999999,23.01736111111111,1,1,0,0,0,0,0,0,0,6,1,553.6666666666666,19.0,27.1276654,4,0,PET,SOUTH MERIDIAN,LANG_09,Round-Trip,google,Direct,Direct,Logged-Out,AREA_B,AREA_C,AREA_B_TO_AREA_C,BI,CU,31_60,high,15_30,C,Z,0,0.8702473860944715,23.607779905195436
12.0,47.4153798,,1,1,0,0,0,0,0,0,0,1,0,4.0,16.0,40.024635,4,1,PET,UPPER APEX,LANG_02,One-Way,google,Paid Search,Paid Search,Logged-Out,AREA_B,AREA_C,AREA_B_TO_AREA_C,BO,CA,8_14,mid,unknown_or_oneway,Y,W,0,0.5898023366198828,23.606623245357945
218.0,210.2263437,16.71527777777778,2,2,0,0,0,0,0,1,0,2,1,404.3333333333333,10.0,100.7353034,3,1,PET,LOWER VERTEX,LANG_02,Round-Trip,google,Paid Search,Paid Search,Logged-In,AREA_B,AREA_C,AREA_B_TO_AREA_C,BU,CA,120_plus,very_high,15_30,Y,O,0,0.23433349708232007,23.605655925370527
17.0,42.3430229,,2,1,0,1,0,1,0,0,0,1,0,4.666666666666667,17.0,28.6721152,3,0,PET,SOUTH HORIZON,LANG_02,One-Way,google,Paid Search,Paid Search,Logged-Out,AREA_C,AREA_C,AREA_C_TO_AREA_C,CO,CE,15_30,mid,unknown_or_oneway,Y,S,0,0.823061530449182,23.598915017727254
96.0,61.9810062,7.225694444444445,2,2,0,0,0,0,0,1,0,4,1,175.91666666666666,19.0,29.3681027,5,0,PET,NORTH HORIZON,LANG_04,Round-Trip,apple,Direct,Direct,Logged-In,AREA_C,AREA_C,AREA_C_TO_AREA_C,CE,CU,61_120,high,6_8,Y,U,0,0.8034928228359092,23.59705973975789
40.0,156.01812589999997,33.59375,1,1,0,0,0,0,0,1,1,2,1,811.5,22.0,49.5495987,1,1,PET,LOWER VERTEX,LANG_02,Round-Trip,google,Paid Search,Paid Search,Logged-In,AREA_B,AREA_C,AREA_B_TO_AREA_C,BO,CA,31_60,very_high,30_plus,Y,S,0,0.47615456720006283,23.593267723935295
59.0,116.59439580000002,21.145833333333332,4,2,0,1,1,1,0,1,0,2,1,509.8333333333333,22.0,28.2772226,2,0,PET,UPPER APEX,LANG_09,Round-Trip,apple,Direct,Direct,Logged-In,AREA_B,AREA_B,AREA_B_TO_AREA_B,BE,BA,31_60,very_high,15_30,Y,S,0,0.8343277690147599,23.59247204579175
116.0,65.4339608,8.145833333333334,4,2,2,0,0,0,1,1,0,2,1,197.83333333333334,19.0,45.48546,3,0,PET,UPPER APEX,LANG_09,Round-Trip,apple,Direct,Direct,Logged-In,AREA_B,AREA_B,AREA_B_TO_AREA_B,BE,BA,61_120,high,9_14,Y,O,0,0.5186478790096692,23.59093735477915
136.0,100.0431706,7.177083333333333,2,2,0,0,0,0,0,0,0,2,1,175.33333333333334,13.0,29.21006,3,1,PET,GREAT MERIDIAN,LANG_02,Round-Trip,apple,Direct,Direct,Logged-Out,AREA_C,AREA_C,AREA_C_TO_AREA_C,CA,CO,120_plus,high,6_8,Y,T,0,0.8075265730878931,23.587899651491743
1.0,92.6601352,,1,1,0,0,0,0,0,1,0,1,0,9.166666666666666,11.0,52.9730006,5,1,PET,UPPER APEX,LANG_09,One-Way,apple,Direct,Direct,Logged-In,AREA_C,AREA_C,AREA_C_TO_AREA_C,CA,CE,0_3,high,unknown_or_oneway,Y,K,0,0.4452326681197654,23.585310395447934
21.0,93.5638482,,1,1,0,0,0,0,0,0,0,2,1,19.583333333333332,9.0,34.5719477,3,0,PET,LOWER VERTEX,LANG_02,One-Way,apple,Direct,Direct,Logged-Out,AREA_B,AREA_B,AREA_B_TO_AREA_B,BU,BE,15_30,high,unknown_or_oneway,Y,V,0,0.6821668361488719,23.58383618201327
3.0,27.8553471,,1,1,0,0,0,0,0,0,0,2,1,-103.75,19.0,52.4401954,2,1,PET,WEST APEX,LANG_02,Round-Trip,apple,Direct,Direct,Logged-Out,AREA_B,AREA_C,AREA_B_TO_AREA_C,BE,CA,0_3,low,unknown_or_oneway,Y,W,0,0.4496968681417859,23.582191636123287
48.0,33.5517371,19.92361111111111,1,1,0,0,0,0,0,0,1,5,1,479.4166666666667,12.0,29.21006,5,0,PET,CENTRAL AURORA,LANG_01,Round-Trip,apple,Direct,Direct,Logged-Out,AREA_C,AREA_B,AREA_C_TO_AREA_B,CE,BO,31_60,low,15_30,Y,O,0,0.8071775221729377,23.577703853322838
169.0,24.346713499999996,22.85763888888889,3,1,0,2,0,1,0,1,0,2,1,551.0833333333334,22.0,30.1463238,1,0,PET,NORTH HORIZON,LANG_09,Round-Trip,microsoft,Paid Search,Paid Search,Logged-In,AREA_B,AREA_B,AREA_B_TO_AREA_B,BA,BE,120_plus,low,15_30,Y,O,0,0.7820122095047981,23.574793283285082
14.0,147.61873459999998,28.35763888888889,1,1,0,0,0,0,0,0,0,2,1,695.0,16.0,91.3345467,5,1,PET,UPPER VERTEX,LANG_11,Round-Trip,apple,Direct,Direct,Logged-Out,AREA_C,AREA_B,AREA_C_TO_AREA_B,CA,BI,8_14,very_high,15_30,Y,S,0,0.25807536565501066,23.571196536537148
6.0,30.487250600000003,19.72222222222222,1,1,0,0,0,0,0,0,0,4,1,476.0833333333333,19.0,28.5264932,3,0,PET,WEST HORIZON,LANG_02,Round-Trip,apple,Direct,Direct,Logged-Out,AREA_C,AREA_B,AREA_C_TO_AREA_B,CI,BA,4_7,low,15_30,Y,V,0,0.826175790607358,23.567898072765423
49.0,42.9105204,,2,2,0,0,0,0,0,1,0,1,0,3.8333333333333335,22.0,27.7782531,5,1,PET,UPPER APEX,LANG_09,One-Way,apple,Direct,Direct,Logged-In,AREA_C,AREA_B,AREA_C_TO_AREA_B,CA,BA,31_60,mid,unknown_or_oneway,Y,L,0,0.8482286919245177,23.56231129096118
4.0,343.1933636,5.0,1,1,0,0,0,0,0,1,0,2,1,127.16666666666667,23.0,76.2374,5,1,PET,UPPER APEX,LANG_09,Round-Trip,google,Direct,Organic Search,Logged-In,AREA_C,AREA_B,AREA_C_TO_AREA_B,CA,BU,4_7,very_high,3_5,Y,B,0,0.3090131053383614,23.55835571692279
37.0,100.0821459,83.76388888888889,1,1,0,0,0,0,0,0,0,2,1,2014.0,18.0,53.5006662,2,1,PET,NORTH MERIDIAN,LANG_02,Round-Trip,google,Direct,Direct,Logged-Out,AREA_B,AREA_C,AREA_B_TO_AREA_C,BI,CA,31_60,high,30_plus,Y,O,0,0.4403119450420902,23.556982395569612
15.0,94.1493343,,1,1,0,0,0,0,0,0,0,1,0,10.083333333333334,10.0,52.9730006,5,1,PET,UPPER APEX,LANG_09,One-Way,apple,Paid Search,Paid Search,Logged-Out,AREA_C,AREA_C,AREA_C_TO_AREA_C,CA,CE,15_30,high,unknown_or_oneway,Y,Q,0,0.44467312851414387,23.55566990358362
54.0,80.6955747,,1,1,0,0,0,0,0,1,0,2,1,104.91666666666667,10.0,34.812224,3,1,PET,UPPER APEX,LANG_02,One-Way,apple,Direct,Direct,Logged-In,AREA_C,AREA_B,AREA_C_TO_AREA_B,CA,BU,31_60,high,unknown_or_oneway,Y,W,0,0.6765737771508757,23.55303788270237
24.0,149.7499554,52.61805555555556,1,1,0,0,0,0,0,0,0,4,1,1269.4166666666667,18.0,38.0510286,5,0,PET,WEST AURORA,LANG_02,Round-Trip,apple,Direct,Direct,Logged-Out,AREA_C,AREA_D,AREA_C_TO_AREA_D,CU,DA,15_30,very_high,30_plus,Y,T,0,0.6189460347301037,23.55153326937177
1.0,45.652497,,1,1,0,0,0,0,0,0,0,1,0,1.5833333333333333,13.0,34.6923,4,1,PET,GREAT APEX,LANG_10,One-Way,google,Organic Search,Organic Search,Logged-Out,AREA_C,AREA_C,AREA_C_TO_AREA_C,CO,CA,0_3,mid,unknown_or_oneway,Y,T,0,0.6788601845738177,23.55122118129026
45.0,136.0602025,31.625,1,1,0,0,0,0,0,0,0,4,1,764.5833333333334,11.0,40.7480337,5,0,PET,LOWER VERTEX,LANG_02,Round-Trip,google,Direct,Direct,Logged-Out,AREA_C,AREA_D,AREA_C_TO_AREA_D,CU,DA,31_60,very_high,30_plus,Y,W,0,0.5778752356157186,23.547279575264742
3.0,39.8460339,,1,1,0,0,0,0,0,0,0,3,1,10.083333333333334,14.0,30.186584,5,0,PET,OLD AURORA,LANG_02,One-Way,google,Direct,Direct,Logged-Out,AREA_C,AREA_B,AREA_C_TO_AREA_B,CU,BO,0_3,mid,unknown_or_oneway,Y,T,0,0.7800179114733969,23.54607620619626
37.0,57.7425494,47.25347222222222,1,1,0,0,0,0,0,1,1,2,1,1136.5,11.0,31.4517822,1,1,PET,NORTH HORIZON,LANG_04,Round-Trip,google,Direct,Direct,Logged-In,AREA_B,AREA_C,AREA_B_TO_AREA_C,BI,CA,31_60,high,30_plus,Y,V,0,0.7484350947565434,23.539617591119164
44.0,48.3726303,19.885416666666668,1,1,0,0,0,0,0,1,0,4,1,479.3333333333333,13.0,26.6162752,6,0,PET,NEW ZENITH,LANG_02,Round-Trip,apple,Direct,Direct,Logged-In,AREA_B,AREA_C,AREA_B_TO_AREA_C,BA,CE,31_60,mid,15_30,Y,L,0,0.8843836543732632,23.538998727180456
168.0,37.5631949,27.49652777777778,2,2,0,0,0,0,0,0,0,2,1,661.8333333333334,12.0,28.9625026,2,1,PET,UPPER MERIDIAN,LANG_01,Round-Trip,microsoft,Direct,Direct,Logged-Out,AREA_B,AREA_C,AREA_B_TO_AREA_C,BA,CA,120_plus,mid,15_30,Y,U,0,0.8126860049518437,23.537420531401388
18.0,40.4062503,,2,2,0,0,0,0,0,0,0,2,1,6.083333333333333,15.0,27.8836149,5,0,PET,LOWER HORIZON,LANG_02,One-Way,google,Direct,Direct,Logged-Out,AREA_C,AREA_C,AREA_C_TO_AREA_C,CU,CU,15_30,mid,unknown_or_oneway,Y,W,0,0.8439793316146502,23.533194666302304
15.0,25.3609279,,1,1,0,0,0,0,0,1,0,1,0,3.4166666666666665,11.0,26.4865003,5,1,PET,LOWER APEX,LANG_02,One-Way,apple,Direct,Direct,Logged-In,AREA_C,AREA_B,AREA_C_TO_AREA_B,CA,BO,15_30,low,unknown_or_oneway,Y,V,0,0.8884907341530648,23.53301009669237
15.0,32.1469131,10.84375,2,1,0,0,1,1,0,0,0,2,1,263.6666666666667,12.0,30.713393,1,1,PET,LOWER APEX,LANG_02,Round-Trip,microsoft,Direct,Direct,Logged-Out,AREA_B,AREA_C,AREA_B_TO_AREA_C,BO,CA,15_30,low,9_14,Y,L,0,0.7661439705260581,23.53088086134724
36.0,45.8576527,,1,1,0,0,0,0,0,0,0,1,0,4.0,8.0,40.024635,4,1,PET,UPPER APEX,LANG_09,One-Way,apple,Email,Email,Logged-Out,AREA_B,AREA_C,AREA_B_TO_AREA_C,BO,CA,31_60,mid,unknown_or_oneway,Y,T,0,0.5878813395690403,23.529736039561897
1.0,117.7490926,17.875,1,1,0,0,0,0,0,0,0,2,1,431.1666666666667,14.0,30.1917236,1,1,PET,CENTRAL APEX,LANG_09,Round-Trip,apple,Direct,Direct,Logged-Out,AREA_C,AREA_C,AREA_C_TO_AREA_C,CU,CA,0_3,very_high,15_30,C,D,0,0.7790218593755415,23.520012656624417
137.0,174.13735739999998,64.28472222222223,2,2,0,0,0,0,0,1,0,2,1,1558.9166666666667,12.0,74.0959,3,1,PET,LOWER VERTEX,LANG_02,Round-Trip,opera,Direct,Referrals,Logged-In,AREA_C,AREA_B,AREA_C_TO_AREA_B,CA,BU,120_plus,very_high,30_plus,Y,O,0,0.3174091613265983,23.518717476739496
27.0,53.4287118,,1,1,0,0,0,0,0,1,0,1,0,4.083333333333333,18.0,38.1187,4,1,PET,UPPER APEX,LANG_02,One-Way,google,Direct,Organic Search,Logged-In,AREA_C,AREA_C,AREA_C_TO_AREA_C,CE,CA,15_30,mid,unknown_or_oneway,Y,W,0,0.6169405432293903,23.51697148519816
46.0,155.87207560000002,4.78125,2,2,0,0,0,0,0,0,0,2,1,118.08333333333333,15.0,30.2491158,1,1,PET,GREAT APEX,LANG_10,Round-Trip,apple,Direct,Direct,Logged-Out,AREA_B,AREA_C,AREA_B_TO_AREA_C,BO,CA,31_60,very_high,3_5,C,F,0,0.7774317367808327,23.516622632478526
33.0,34.7668242,15.805555555555555,1,1,0,0,0,0,0,0,0,2,1,381.8333333333333,9.0,27.2124688,4,1,PET,NORTH ZENITH,LANG_09,Round-Trip,google,Direct,Direct,Logged-Out,AREA_B,AREA_C,AREA_B_TO_AREA_C,BA,CA,31_60,mid,15_30,Y,S,0,0.864092408229263,23.514087699255683
60.0,27.3439569,18.145833333333332,1,1,0,0,0,0,0,1,0,2,1,436.3333333333333,22.0,27.8030945,5,1,PET,UPPER APEX,LANG_02,Round-Trip,google,Organic Search,Organic Search,Logged-In,AREA_C,AREA_C,AREA_C_TO_AREA_C,CA,CI,31_60,low,15_30,Y,V,0,0.8457113128012361,23.51339154953183
158.0,62.7236784,14.98611111111111,2,2,0,0,0,0,0,0,0,2,1,361.3333333333333,16.0,51.396,2,1,PET,UPPER APEX,LANG_09,Round-Trip,apple,Direct,Direct,Logged-Out,AREA_C,AREA_B,AREA_C_TO_AREA_B,CA,BA,120_plus,high,15_30,Y,L,0,0.45749189405225055,23.51325338670947
92.0,187.7958444,14.989583333333334,2,2,0,0,0,0,0,0,0,3,1,360.75,11.0,76.2374,2,0,PET,UPPER APEX,LANG_09,Round-Trip,google,Direct,Direct,Logged-Out,AREA_B,AREA_C,AREA_B_TO_AREA_C,BE,CA,61_120,very_high,15_30,Y,O,0,0.30834580023262936,23.507482110655054
47.0,59.9427265,10.722222222222221,2,2,0,0,0,0,0,1,0,4,1,260.0833333333333,19.0,26.6128488,4,0,PET,NEW MERIDIAN,LANG_02,Round-Trip,google,Paid Search,Paid Search,Logged-In,AREA_C,AREA_C,AREA_C_TO_AREA_C,CI,CI,31_60,high,9_14,Y,L,0,0.8832990670922359,23.50710451770673
55.0,329.8029924,14.319444444444445,3,2,0,0,1,1,0,1,1,2,1,359.8333333333333,12.0,50.1762016,5,1,PET,UPPER APEX,LANG_09,Round-Trip,apple,Direct,Paid Search,Logged-In,AREA_C,AREA_B,AREA_C_TO_AREA_B,CA,BO,31_60,very_high,15_30,Y,T,0,0.46843147690684844,23.50411222106377
47.0,141.5497236,5.871527777777778,4,2,1,1,0,1,1,0,0,4,1,143.25,17.0,30.4238622,4,0,PET,NORTH HORIZON,LANG_04,Round-Trip,google,Organic Search,Organic Search,Logged-Out,AREA_B,AREA_C,AREA_B_TO_AREA_C,BI,CE,31_60,very_high,6_8,Y,S,0,0.7725435283456892,23.50375784989104
18.0,140.3033706,92.34375,1,1,0,0,0,0,0,1,0,2,1,2230.6666666666665,17.0,63.9267731,5,1,PET,UPPER APEX,LANG_09,Round-Trip,apple,Direct,Direct,Logged-In,AREA_C,AREA_B,AREA_C_TO_AREA_B,CA,BI,15_30,very_high,30_plus,Y,V,0,0.367659954367586,23.50331448081302
37.0,26.6458279,11.802083333333334,1,1,0,0,0,0,0,0,0,4,1,287.0833333333333,12.0,30.2448328,5,0,PET,GREAT MERIDIAN,LANG_03,Round-Trip,google,Paid Search,Paid Search,Logged-Out,AREA_B,AREA_C,AREA_B_TO_AREA_C,BA,CE,31_60,low,9_14,Y,U,0,0.7769863921927809,23.499823519745885
18.0,39.0759505,11.256944444444445,2,2,0,0,0,0,0,1,1,4,1,272.3333333333333,10.0,27.9414354,5,0,PET,NEW AURORA,LANG_02,Round-Trip,apple,Direct,Direct,Logged-In,AREA_C,AREA_C,AREA_C_TO_AREA_C,CU,CU,15_30,mid,9_14,Y,U,0,0.8410173411981173,23.499231709366953
32.0,96.2527156,,1,1,0,0,0,0,0,0,0,1,0,10.083333333333334,21.0,52.9730006,5,1,PET,UPPER APEX,LANG_09,One-Way,google,Paid Search,Organic Search,Logged-Out,AREA_C,AREA_C,AREA_C_TO_AREA_C,CA,CE,31_60,high,unknown_or_oneway,Y,K,0,0.4435854891556057,23.498054383191192
38.0,152.50263950000002,36.38194444444444,2,2,0,0,0,0,0,1,1,2,1,874.1666666666666,13.0,27.88233,4,1,PET,UPPER VERTEX,LANG_02,Round-Trip,apple,Direct,Direct,Logged-In,AREA_C,AREA_C,AREA_C_TO_AREA_C,CA,CE,31_60,very_high,30_plus,Y,M,0,0.8426096844697081,23.493921283580274
107.0,61.541570400000005,10.40625,2,2,0,0,0,0,0,1,0,2,1,251.41666666666666,20.0,51.396,3,1,PET,UPPER APEX,LANG_09,Round-Trip,google,Direct,Direct,Logged-In,AREA_C,AREA_B,AREA_C_TO_AREA_B,CA,BA,61_120,high,9_14,Y,L,0,0.4570763102408082,23.49189404113658
229.0,32.1344924,7.819444444444445,1,1,0,0,0,0,0,0,0,2,1,191.0,18.0,48.3979,1,1,PET,LOWER APEX,LANG_02,Round-Trip,google,Direct,Direct,Logged-Out,AREA_B,AREA_C,AREA_B_TO_AREA_C,BO,CA,120_plus,low,6_8,Y,O,0,0.485294735020655,23.487246056056158
16.0,41.3527933,,1,1,0,0,0,0,0,0,1,1,0,4.0,19.0,40.024635,4,1,PET,OLD HORIZON,LANG_02,One-Way,google,Organic Search,Organic Search,Logged-Out,AREA_B,AREA_C,AREA_B_TO_AREA_C,BO,CA,15_30,mid,unknown_or_oneway,Y,L,0,0.5867416936836272,23.484122128968984
27.0,53.6137374,5.770833333333333,2,2,0,0,0,0,0,0,0,2,1,143.0,18.0,28.6044438,4,1,PET,WEST MERIDIAN,LANG_02,Round-Trip,google,Direct,Organic Search,Logged-Out,AREA_B,AREA_C,AREA_B_TO_AREA_C,BO,CA,15_30,mid,6_8,Y,O,0,0.8209754744348381,23.48354681964966
25.0,177.2510984,,2,1,1,0,0,0,1,1,0,2,1,-2109.8333333333335,13.0,50.4417476,1,1,PET,UPPER APEX,LANG_09,Round-Trip,microsoft,Direct,Direct,Logged-In,AREA_D,AREA_C,AREA_D_TO_AREA_C,DA,CA,15_30,very_high,unknown_or_oneway,Y,O,0,0.4655162362346031,23.481452491847822
116.0,95.283901,123.78125,1,1,0,0,0,0,0,0,0,2,1,2974.0,11.0,39.454996,2,1,PET,NORTH MERIDIAN,LANG_02,Round-Trip,microsoft,Paid Search,Paid Search,Logged-Out,AREA_B,AREA_C,AREA_B_TO_AREA_C,BI,CA,61_120,high,30_plus,Y,O,0,0.5950516201467684,23.477759292684265
40.0,527.014584,7.319444444444445,4,2,1,1,0,1,1,1,0,2,1,191.83333333333334,12.0,57.0898202,5,1,PET,UPPER APEX,LANG_09,Round-Trip,apple,Direct,Direct,Logged-In,AREA_C,AREA_B,AREA_C_TO_AREA_B,CA,BO,31_60,very_high,6_8,Y,T,0,0.41120523783172297,23.475633093111302
30.0,72.3535756,8.215277777777779,2,2,0,0,0,0,0,1,0,2,1,201.08333333333334,22.0,29.21006,3,1,PET,UPPER APEX,LANG_09,Round-Trip,apple,Direct,Organic Search,Logged-In,AREA_C,AREA_C,AREA_C_TO_AREA_C,CA,CI,15_30,high,9_14,Y,L,0,0.8031755468170297,23.46080591305825
8.0,143.4595133,,1,1,0,0,0,0,0,1,0,4,1,-480.6666666666667,6.0,42.8989563,2,0,PET,NORTH MERIDIAN,LANG_02,Round-Trip,microsoft,Internal,Internal,Logged-In,AREA_C,AREA_B,AREA_C_TO_AREA_B,CE,BI,8_14,very_high,unknown_or_oneway,Y,S,0,0.5468793555934052,23.46055357697365
52.0,170.9358149,,1,1,0,0,0,0,0,0,0,1,0,4.666666666666667,20.0,40.024635,1,1,PET,OLD HORIZON,LANG_02,One-Way,apple,MetaSearches,MetaSearches,Logged-Out,AREA_B,AREA_C,AREA_B_TO_AREA_C,BO,CA,31_60,very_high,unknown_or_oneway,P,A,0,0.5859775194024283,23.453536332287612
11.0,39.496112800000006,,2,2,0,0,0,0,0,1,1,2,1,21.666666666666668,11.0,26.38328,4,0,PET,CENTRAL APEX,LANG_09,One-Way,apple,Direct,Push Notifications,Logged-In,AREA_C,AREA_C,AREA_C_TO_AREA_C,CU,CE,8_14,mid,unknown_or_oneway,Y,T,0,0.8885973318214083,23.444112212697124
13.0,64.0719668,5.128472222222222,3,2,0,0,1,1,0,0,0,2,1,126.25,10.0,29.021608,4,1,PET,GREAT MERIDIAN,LANG_03,Round-Trip,apple,Direct,Direct,Logged-Out,AREA_B,AREA_C,AREA_B_TO_AREA_C,BO,CA,8_14,high,6_8,Y,L,0,0.8077790203593945,23.44304607949437
67.0,46.284239500000005,,1,1,0,0,0,0,0,1,0,3,1,335.0833333333333,10.0,27.8699093,3,1,PET,GREAT MERIDIAN,LANG_02,Multi-City,google,Paid Search,Paid Search,Logged-In,AREA_B,AREA_C,AREA_B_TO_AREA_C,BA,CA,61_120,mid,unknown_or_oneway,Y,O,1,0.841099333227648,23.441362129345023
10.0,21.9687919,32.12847222222222,2,2,0,0,0,0,0,0,0,2,1,773.25,22.0,31.4680576,2,1,PET,NEW AURORA,LANG_09,Round-Trip,google,Paid Search,Organic Search,Logged-Out,AREA_C,AREA_C,AREA_C_TO_AREA_C,CU,CA,8_14,low,30_plus,Y,W,0,0.7447078723431934,23.434510222069058
84.0,76.25024900000001,43.59027777777778,1,1,0,0,0,0,0,0,0,2,1,1049.3333333333333,14.0,55.0862328,3,1,PET,LOWER VERTEX,LANG_02,Round-Trip,google,Paid Search,Organic Search,Logged-Out,AREA_B,AREA_C,AREA_B_TO_AREA_C,BU,CA,61_120,high,30_plus,Y,U,0,0.42541029511004874,23.434250551948846
36.0,46.3840334,,1,1,0,0,0,0,0,0,0,1,0,12.333333333333334,18.0,51.396,5,1,PET,UPPER APEX,LANG_02,One-Way,google,Paid Search,Paid Search,Logged-Out,AREA_C,AREA_C,AREA_C_TO_AREA_C,CA,CE,31_60,mid,unknown_or_oneway,Y,O,0,0.4559402870022452,23.433506990767395
10.0,52.787975,7.802083333333333,1,1,0,0,0,0,0,0,0,4,1,191.08333333333334,18.0,29.5154379,5,0,PET,GREAT MERIDIAN,LANG_03,Round-Trip,apple,Direct,Paid Search,Logged-Out,AREA_B,AREA_C,AREA_B_TO_AREA_C,BA,CE,8_14,mid,6_8,Y,V,0,0.793866279616786,23.43131087693328
5.0,44.96550380000001,,2,2,0,0,0,0,0,0,0,1,0,4.5,22.0,26.4329628,5,1,PET,LOWER VERTEX,LANG_02,One-Way,apple,Paid Search,Paid Search,Logged-Out,AREA_C,AREA_B,AREA_C_TO_AREA_B,CA,BO,4_7,mid,unknown_or_oneway,Y,O,0,0.8861048222334642,23.42237580299777
5.0,30.0289696,,1,1,0,0,0,0,0,0,0,1,0,4.25,17.0,26.38328,5,1,PET,GREAT MERIDIAN,LANG_02,One-Way,apple,Paid Search,Paid Search,Logged-Out,AREA_C,AREA_C,AREA_C_TO_AREA_C,CA,CI,4_7,low,unknown_or_oneway,Y,W,0,0.8877473200597358,23.421686114385626
24.0,23.5290888,12.524305555555555,1,1,0,0,0,0,0,0,0,4,1,301.5,12.0,51.396,3,0,PET,GREAT MERIDIAN,LANG_03,Round-Trip,google,Paid Search,Paid Search,Logged-Out,AREA_C,AREA_B,AREA_C_TO_AREA_B,CA,BA,15_30,low,9_14,Y,U,0,0.4557003361816899,23.421174478394136
7.0,25.186609800000003,15.17013888888889,1,1,0,0,0,0,0,0,0,2,1,366.5,18.0,30.092358,3,1,PET,NORTH ZENITH,LANG_06,Round-Trip,apple,Direct,Direct,Logged-Out,AREA_B,AREA_C,AREA_B_TO_AREA_C,BA,CA,4_7,low,15_30,Y,O,0,0.778217727456422,23.418406456565084
17.0,50.2742823,,2,2,0,0,0,0,0,0,0,1,0,4.5,15.0,26.4329628,5,1,PET,NEW MERIDIAN,LANG_10,One-Way,google,Organic Search,Organic Search,Logged-Out,AREA_C,AREA_B,AREA_C_TO_AREA_B,CA,BO,15_30,mid,unknown_or_oneway,Y,U,0,0.8858001602076483,23.414322683002805
94.0,97.562457,52.708333333333336,2,1,0,1,0,1,0,1,0,2,1,1269.5833333333333,12.0,26.5546,1,1,PET,UPPER APEX,LANG_02,Round-Trip,google,Direct,Direct,Logged-In,AREA_D,AREA_C,AREA_D_TO_AREA_C,DA,CA,61_120,high,30_plus,Y,U,0,0.8815620941795881,23.40952878610129
64.0,45.973722,17.11111111111111,2,2,0,0,0,0,0,0,0,2,1,412.3333333333333,14.0,26.5546,5,1,PET,UPPER APEX,LANG_02,Round-Trip,apple,Direct,Direct,Logged-Out,AREA_C,AREA_C,AREA_C_TO_AREA_C,CA,CU,61_120,mid,15_30,Y,U,0,0.8814784464858171,23.407307555052277
83.0,91.6981734,,1,1,0,0,0,0,0,0,0,1,0,14.166666666666666,12.0,40.2075191,4,1,PET,LOWER VERTEX,LANG_02,One-Way,google,Paid Search,Paid Search,Logged-Out,AREA_B,AREA_C,AREA_B_TO_AREA_C,BU,CA,61_120,high,unknown_or_oneway,Y,M,0,0.582162355624465,23.40730403307167
70.0,89.63805040000001,42.21527777777778,2,2,0,0,0,0,0,1,0,2,1,1017.0833333333334,13.0,25.522397,3,1,PET,UPPER APEX,LANG_09,Round-Trip,samsung,Direct,Direct,Logged-In,AREA_C,AREA_C,AREA_C_TO_AREA_C,CA,CI,61_120,high,30_plus,Y,L,1,0.9171223921213105,23.40716178930976
62.0,302.0958371,13.010416666666666,2,2,0,0,0,0,0,1,0,2,1,318.9166666666667,10.0,126.4547184,3,1,PET,CENTRAL MERIDIAN,LANG_02,Round-Trip,google,MetaSearches,MetaSearches,Logged-In,AREA_C,AREA_B,AREA_C_TO_AREA_B,CA,BU,61_120,very_high,9_14,Y,L,0,0.18501979826857634,23.39662648847763
77.0,94.14034,5.548611111111111,2,2,0,0,0,0,0,1,0,4,1,135.66666666666666,13.0,28.2361058,5,0,PET,NORTH HORIZON,LANG_04,Round-Trip,apple,Direct,Direct,Logged-In,AREA_C,AREA_C,AREA_C_TO_AREA_C,CE,CE,61_120,high,6_8,Y,V,0,0.8285800633459077,23.395874332405754
31.0,86.2476276,,1,1,0,0,0,0,0,0,0,1,0,16.166666666666668,11.0,50.218175,3,1,PET,LOWER VERTEX,LANG_02,One-Way,mozilla,Email,Paid Search,Logged-Out,AREA_B,AREA_C,AREA_B_TO_AREA_C,BU,CA,31_60,high,unknown_or_oneway,Y,V,0,0.4658377531254222,23.39352180805925
61.0,41.8123592,15.819444444444445,2,2,0,0,0,0,0,0,0,2,1,381.5,17.0,29.21006,3,1,PET,UPPER APEX,LANG_09,Round-Trip,apple,Organic Search,Organic Search,Logged-Out,AREA_C,AREA_C,AREA_C_TO_AREA_C,CA,CU,61_120,mid,15_30,Y,O,0,0.8007664986061431,23.390437470275355
5.0,62.08080009999999,5.048611111111111,1,1,0,0,0,0,0,0,0,4,1,122.75,11.0,52.779409,5,0,PET,CENTRAL AURORA,LANG_01,Round-Trip,microsoft,Direct,Paid Search,Logged-Out,AREA_B,AREA_C,AREA_B_TO_AREA_C,BI,CU,4_7,high,6_8,Y,V,0,0.44304500263684377,23.383653399576055
37.0,67.4002861,,2,2,0,0,0,0,0,1,0,1,0,1.9166666666666667,22.0,28.9453706,5,1,PET,UPPER MERIDIAN,LANG_01,One-Way,apple,Direct,Direct,Logged-In,AREA_C,AREA_B,AREA_C_TO_AREA_B,CA,BA,31_60,high,unknown_or_oneway,Y,V,0,0.8078139557093815,23.382474323860034
3.0,113.8429966,8.760416666666666,2,2,0,0,0,0,0,0,0,4,1,215.0,8.0,44.5851734,5,0,PET,LOWER VERTEX,LANG_02,Round-Trip,google,Paid Search,Paid Search,Logged-Out,AREA_B,AREA_B,AREA_B_TO_AREA_B,BU,BE,0_3,very_high,9_14,Y,L,0,0.5243657115665654,23.378936175209706
45.0,63.3991075,,1,1,0,0,0,0,0,1,0,1,0,4.083333333333333,9.0,33.3941227,4,1,PET,UPPER MERIDIAN,LANG_02,One-Way,apple,Direct,Direct,Logged-In,AREA_C,AREA_C,AREA_C_TO_AREA_C,CE,CA,31_60,high,unknown_or_oneway,Y,V,0,0.7000843200303717,23.378701683440298
38.0,138.6736891,7.864583333333333,3,2,1,0,0,0,1,0,0,2,1,192.16666666666666,8.0,30.1831576,1,0,PET,GREAT MERIDIAN,LANG_09,Round-Trip,google,Paid Search,Paid Search,Logged-Out,AREA_B,AREA_B,AREA_B_TO_AREA_B,BA,BE,31_60,very_high,6_8,Y,O,1,0.7744207569558738,23.374463755910433
2.0,182.6087031,7.097222222222222,1,1,0,0,0,0,0,0,0,2,1,184.83333333333334,11.0,91.3345467,5,1,PET,UPPER APEX,LANG_09,Round-Trip,google,Organic Search,Organic Search,Logged-Out,AREA_C,AREA_B,AREA_C_TO_AREA_B,CA,BI,0_3,very_high,6_8,Y,Q,0,0.255859133253642,23.36877795477629
52.0,78.8260452,9.32986111111111,2,1,0,1,0,1,0,0,0,4,1,226.0,15.0,30.190867,2,0,PET,LOWER ZENITH,LANG_02,Round-Trip,apple,Paid Search,Paid Search,Logged-Out,AREA_C,AREA_D,AREA_C_TO_AREA_D,CE,DA,31_60,high,9_14,Y,V,0,0.7738369474591305,23.362808360424594
163.0,19.802450500000003,16.27777777777778,2,1,0,1,0,1,0,0,0,2,1,392.75,12.0,31.3010206,1,1,PET,NEW AURORA,LANG_02,Round-Trip,google,Direct,Paid Search,Logged-Out,AREA_C,AREA_C,AREA_C_TO_AREA_C,CU,CA,120_plus,very_low,15_30,Y,W,0,0.7463010135207664,23.35998339801439
215.0,98.0241644,14.177083333333334,2,2,0,0,0,0,0,0,0,2,1,343.3333333333333,16.0,29.21006,3,1,PET,UPPER APEX,LANG_02,Round-Trip,google,Paid Search,Paid Search,Logged-Out,AREA_C,AREA_C,AREA_C_TO_AREA_C,CA,CO,120_plus,high,15_30,Y,S,0,0.7996331877516112,23.35733339221583
71.0,260.3888397,21.77777777777778,2,2,0,0,0,0,0,0,0,4,1,526.0,21.0,39.9244128,6,0,PET,NORTH MERIDIAN,LANG_02,Round-Trip,apple,Direct,Organic Search,Logged-Out,AREA_B,AREA_C,AREA_B_TO_AREA_C,BI,CO,61_120,very_high,15_30,Y,L,0,0.5847677929101293,23.346510756288914
53.0,49.2009625,6.722222222222222,2,2,0,0,0,0,0,0,0,4,1,164.08333333333334,19.0,26.6128488,5,0,PET,NEW MERIDIAN,LANG_02,Round-Trip,apple,Direct,Paid Search,Logged-Out,AREA_C,AREA_C,AREA_C_TO_AREA_C,CI,CI,31_60,mid,6_8,Y,W,0,0.8772375424851491,23.345790079840846
35.0,45.7745625,20.854166666666668,2,1,0,1,0,1,0,1,0,2,1,502.9166666666667,15.0,27.6857403,3,0,PET,NORTH HORIZON,LANG_04,Round-Trip,google,Direct,Paid Search,Logged-In,AREA_B,AREA_B,AREA_B_TO_AREA_B,BA,BE,31_60,mid,15_30,Y,L,0,0.8431062107459377,23.3420195960291
17.0,29.7501463,8.885416666666666,1,1,0,0,0,0,0,0,0,4,1,215.33333333333334,21.0,30.088075,5,0,PET,NEW ZENITH,LANG_02,Round-Trip,google,Paid Search,Paid Search,Logged-Out,AREA_B,AREA_C,AREA_B_TO_AREA_C,BA,CI,15_30,low,9_14,Y,U,0,0.7756509538646109,23.33784407369995
9.0,43.395356,,2,2,0,0,0,0,0,0,0,1,0,2.4166666666666665,22.0,25.698,3,0,PET,SOUTH HORIZON,LANG_02,One-Way,apple,Direct,Organic Search,Logged-Out,AREA_B,AREA_B,AREA_B_TO_AREA_B,BE,BA,8_14,mid,unknown_or_oneway,Y,V,0,0.9079556196600244,23.332643514023307
35.0,111.9670426,4.864583333333333,2,2,0,0,0,0,0,0,0,4,1,119.16666666666667,12.0,28.4982254,3,0,PET,SOUTH MERIDIAN,LANG_02,Round-Trip,apple,Direct,Direct,Logged-Out,AREA_B,AREA_C,AREA_B_TO_AREA_C,BI,CI,31_60,very_high,3_5,Y,V,0,0.8186935829272858,23.33131425979538
26.0,35.021234400000004,17.145833333333332,1,1,0,0,0,0,0,1,1,2,1,413.8333333333333,10.0,47.79828,2,0,PET,UPPER APEX,LANG_02,Round-Trip,google,Direct,Direct,Logged-In,AREA_B,AREA_B,AREA_B_TO_AREA_B,BE,BA,15_30,mid,15_30,Y,V,0,0.4880126917783063,23.32616728517318
33.0,87.6040537,,1,1,0,0,0,0,0,0,0,1,0,14.5,22.0,40.2075191,4,1,PET,LOWER VERTEX,LANG_02,One-Way,apple,Paid Search,Paid Search,Logged-Out,AREA_B,AREA_C,AREA_B_TO_AREA_C,BU,CA,31_60,high,unknown_or_oneway,Y,S,0,0.5800168782981031,23.321039712493356
35.0,77.9197624,8.256944444444445,2,2,0,0,0,0,0,0,0,4,1,200.25,12.0,30.0786524,4,0,PET,NORTH HORIZON,LANG_04,Round-Trip,microsoft,Paid Search,Paid Search,Logged-Out,AREA_B,AREA_B,AREA_B_TO_AREA_B,BA,BU,31_60,high,9_14,Y,U,0,0.7753290318313475,23.320852444083638
9.0,30.8684376,5.677083333333333,1,1,0,0,0,0,0,0,0,5,1,143.0,19.0,30.2217046,5,0,PET,EAST HORIZON,LANG_02,Round-Trip,apple,Direct,Paid Search,Logged-Out,AREA_C,AREA_C,AREA_C_TO_AREA_C,CE,CI,8_14,low,6_8,Y,O,0,0.7712659859282822,23.3089727947523
223.0,321.3269354,46.12152777777778,2,2,0,0,0,0,0,1,0,3,1,1107.9166666666667,18.0,71.9544,2,1,PET,UPPER APEX,LANG_09,Round-Trip,apple,Paid Search,Paid Search,Logged-In,AREA_C,AREA_C,AREA_C_TO_AREA_C,CA,CA,120_plus,very_high,30_plus,Y,W,0,0.3239320059547857,23.308333129273034
22.0,34.541110100000004,,1,1,0,0,0,0,0,1,0,1,0,1.0,14.0,45.3998,3,1,PET,EAST HORIZON,LANG_02,One-Way,samsung,Direct,Direct,Logged-In,AREA_C,AREA_C,AREA_C_TO_AREA_C,CE,CA,15_30,mid,unknown_or_oneway,Y,W,0,0.513315735559022,23.304431731232487
106.0,71.4717059,24.760416666666668,1,1,0,0,0,0,0,1,0,4,1,599.0,10.0,44.5851734,5,0,PET,LOWER VERTEX,LANG_02,Round-Trip,apple,Direct,Direct,Logged-In,AREA_B,AREA_B,AREA_B_TO_AREA_B,BU,BE,61_120,high,15_30,Y,O,0,0.5226327060972432,23.301669825856827
29.0,141.3959639,88.73958333333333,1,1,0,0,0,0,0,0,0,2,1,2132.9166666666665,6.0,55.0862328,3,1,PET,LOWER VERTEX,LANG_02,Round-Trip,google,Paid Search,Paid Search,Logged-Out,AREA_B,AREA_C,AREA_B_TO_AREA_C,BU,CA,15_30,very_high,30_plus,Y,S,0,0.4229766427094488,23.30018980925512
66.0,125.3685496,7.177083333333333,2,2,0,0,0,0,0,0,0,4,1,177.0,11.0,27.5799502,5,0,PET,UPPER APEX,LANG_02,Round-Trip,apple,Direct,Direct,Logged-Out,AREA_C,AREA_C,AREA_C_TO_AREA_C,CE,CE,61_120,very_high,6_8,Y,V,0,0.8447506878172418,23.298181901415276
62.0,113.854989,51.65625,1,1,0,0,0,0,0,0,0,2,1,1245.0,15.0,49.5495987,1,1,PET,LOWER VERTEX,LANG_02,Round-Trip,mozilla,MetaSearches,MetaSearches,Logged-Out,AREA_B,AREA_C,AREA_B_TO_AREA_C,BO,CA,61_120,very_high,30_plus,Y,U,0,0.47016505601721686,23.296489848416115
190.0,48.7311174,63.19444444444444,1,1,0,0,0,0,0,0,0,2,1,1520.5833333333333,13.0,29.0755738,2,1,PET,UPPER APEX,LANG_09,Round-Trip,google,Direct,Paid Search,Logged-Out,AREA_B,AREA_C,AREA_B_TO_AREA_C,BA,CA,120_plus,mid,30_plus,Y,O,0,0.80098946005398,23.289228158821647
26.0,315.1568456,352.74305555555554,2,2,0,0,0,0,0,0,0,4,1,8472.416666666666,,38.0510286,5,0,PET,LOWER VERTEX,LANG_02,Round-Trip,apple,Direct,Paid Search,Logged-Out,AREA_C,AREA_D,AREA_C_TO_AREA_D,CU,DA,15_30,very_high,30_plus,Y,Q,0,0.612003615911239,23.28736709234197
58.0,99.0126808,100.00694444444444,1,1,0,0,0,0,0,0,0,4,1,2401.0833333333335,8.0,42.83,3,0,PET,LOWER VERTEX,LANG_09,Round-Trip,google,Email,Email,Logged-Out,AREA_C,AREA_B,AREA_C_TO_AREA_B,CU,BU,31_60,high,30_plus,Y,L,0,0.543695549490105,23.286480384661196
61.0,93.0276166,,2,2,0,0,0,0,0,1,1,2,1,349.8333333333333,11.0,26.38328,3,1,PET,UPPER APEX,LANG_02,Multi-City,google,Direct,Email,Logged-In,AREA_C,AREA_B,AREA_C_TO_AREA_B,CA,BA,61_120,high,unknown_or_oneway,Y,L,0,0.8825883608700065,23.285575849574425
74.0,60.2785137,7.854166666666667,3,2,0,0,1,1,0,1,1,2,1,190.91666666666666,17.0,28.5342026,3,0,PET,NORTH HORIZON,LANG_09,Round-Trip,apple,Paid Search,Paid Search,Logged-In,AREA_B,AREA_B,AREA_B_TO_AREA_B,BA,BE,61_120,high,6_8,Y,T,0,0.8159220371237689,23.281684713094343
97.0,331.9149397,22.069444444444443,2,2,0,0,0,0,0,0,0,3,1,531.3333333333334,12.0,91.3345467,4,1,PET,GREAT ZENITH,LANG_02,Round-Trip,apple,Email,Email,Logged-Out,AREA_C,AREA_B,AREA_C_TO_AREA_B,CA,BI,61_120,very_high,15_30,Y,L,0,0.2548590275971838,23.277433757991574
84.0,36.6629083,23.48263888888889,1,1,0,0,0,0,0,0,0,4,1,565.9166666666666,13.0,27.1276654,4,0,PET,SOUTH MERIDIAN,LANG_02,Round-Trip,google,Direct,Direct,Logged-Out,AREA_B,AREA_C,AREA_B_TO_AREA_C,BI,CU,61_120,mid,15_30,Y,V,0,0.8580432630432094,23.276710538560373
4.0,57.44616580000001,12.506944444444445,2,2,0,0,0,0,0,0,0,2,1,302.1666666666667,15.0,30.006698,5,1,PET,WEST APEX,LANG_02,Round-Trip,apple,Direct,Organic Search,Logged-Out,AREA_C,AREA_C,AREA_C_TO_AREA_C,CA,CU,4_7,high,9_14,Y,W,0,0.7756363967830744,23.274287116077886
45.0,26.3335972,53.88194444444444,2,2,0,0,0,0,0,1,0,2,1,1295.0833333333333,21.0,31.407239,1,1,PET,UPPER MERIDIAN,LANG_01,Round-Trip,apple,Direct,Push Notifications,Logged-In,AREA_B,AREA_C,AREA_B_TO_AREA_C,BA,CA,31_60,low,30_plus,Y,O,0,0.7409458799768698,23.271064338498864
15.0,172.32008050000002,10.0,1,1,0,0,0,0,0,0,0,3,1,245.33333333333334,21.0,76.2374,3,0,PET,EAST ZENITH,LANG_02,Round-Trip,google,Direct,Direct,Logged-Out,AREA_B,AREA_C,AREA_B_TO_AREA_C,BE,CA,15_30,very_high,9_14,Y,T,0,0.3050165715733735,23.2536703736679
15.0,86.6459466,44.763888888888886,1,1,0,0,0,0,0,0,0,2,1,1078.0,10.0,45.0717222,1,1,PET,NORTH MERIDIAN,LANG_02,Round-Trip,apple,Direct,Direct,Logged-Out,AREA_B,AREA_C,AREA_B_TO_AREA_C,BI,CA,15_30,high,30_plus,Y,O,0,0.5159073125360871,23.2528310715751
86.0,36.264160999999994,15.48611111111111,1,1,0,0,0,0,0,1,0,2,1,374.25,12.0,31.3575562,3,1,PET,NORTH HORIZON,LANG_04,Round-Trip,mozilla,Paid MetaSearches,Paid Search,Logged-In,AREA_C,AREA_C,AREA_C_TO_AREA_C,CE,CA,61_120,mid,15_30,Y,S,0,0.7413755864813828,23.247726618397923
27.0,117.3002342,,2,2,0,0,0,0,0,1,1,1,0,10.583333333333334,15.0,26.4141176,1,1,PET,UPPER APEX,LANG_02,One-Way,google,Direct,Direct,Logged-In,AREA_C,AREA_C,AREA_C_TO_AREA_C,CA,CE,15_30,very_high,unknown_or_oneway,Y,S,0,0.8801111782299591,23.2473601628407
8.0,82.48201399999999,18.197916666666668,2,2,0,0,0,0,0,1,0,2,1,440.25,8.0,27.79667,3,1,PET,UPPER APEX,LANG_02,Round-Trip,apple,Direct,Direct,Logged-In,AREA_C,AREA_B,AREA_C_TO_AREA_B,CA,BA,8_14,high,15_30,Y,U,1,0.8362016467803975,23.24362122901127
120.0,91.3880842,27.76388888888889,1,1,0,0,0,0,0,0,0,4,1,669.6666666666666,12.0,39.9244128,4,0,PET,NORTH MERIDIAN,LANG_02,Round-Trip,google,Paid Search,Paid Search,Logged-Out,AREA_B,AREA_C,AREA_B_TO_AREA_C,BI,CO,61_120,high,15_30,Y,O,0,0.5820971283815161,23.239886043198243
17.0,49.3298808,17.145833333333332,2,1,0,1,0,1,0,0,0,2,1,412.3333333333333,19.0,27.8030945,4,1,PET,UPPER APEX,LANG_09,Round-Trip,apple,Paid Search,Paid Search,Logged-Out,AREA_C,AREA_C,AREA_C_TO_AREA_C,CA,CI,15_30,mid,15_30,Y,V,0,0.8358643057498265,23.23961428193932
177.0,62.8431741,27.17013888888889,2,1,0,1,0,1,0,1,0,2,1,656.0,22.0,31.4432162,1,1,PET,GREAT MERIDIAN,LANG_03,Round-Trip,google,MetaSearches,MetaSearches,Logged-In,AREA_B,AREA_C,AREA_B_TO_AREA_C,BA,CA,120_plus,high,15_30,Y,U,0,0.7390149108061277,23.237005615500788
2.0,63.0641769,4.177083333333333,2,2,0,0,0,0,0,0,0,2,1,105.33333333333333,12.0,45.3998,2,1,PET,OLD MERIDIAN,LANG_02,Round-Trip,apple,Direct,Direct,Logged-Out,AREA_B,AREA_C,AREA_B_TO_AREA_C,BU,CA,0_3,high,3_5,Y,U,0,0.511790364365853,23.235180184136855
36.0,27.975699400000003,,1,1,0,0,0,0,0,0,0,1,0,4.5,14.0,29.1535244,5,1,PET,UPPER APEX,LANG_02,One-Way,apple,Direct,Direct,Logged-Out,AREA_C,AREA_B,AREA_C_TO_AREA_B,CA,BO,31_60,low,unknown_or_oneway,Y,L,0,0.7967815081560377,23.22898913949584
67.0,149.7790798,18.59375,2,2,0,0,0,0,0,0,0,2,1,453.1666666666667,14.0,31.09458,1,1,PET,NORTH VERTEX,LANG_02,Round-Trip,apple,Paid Search,Paid Search,Logged-Out,AREA_B,AREA_C,AREA_B_TO_AREA_C,BA,CA,61_120,very_high,15_30,Y,O,0,0.7470038824119937,23.22777198197033
62.0,35.6611146,,1,1,0,0,0,0,0,0,0,1,0,4.0,7.0,40.024635,4,1,PET,UPPER APEX,LANG_02,One-Way,google,Direct,Email,Logged-Out,AREA_B,AREA_C,AREA_B_TO_AREA_C,BO,CA,61_120,mid,unknown_or_oneway,Y,O,0,0.5802716407098735,23.22516062026383
206.0,707.1404319999999,15.590277777777779,4,2,2,0,0,0,1,1,0,2,1,377.3333333333333,9.0,100.7353034,3,1,PET,LOWER VERTEX,LANG_02,Round-Trip,microsoft,Direct,Paid Search,Logged-In,AREA_B,AREA_C,AREA_B_TO_AREA_C,BU,CA,120_plus,very_high,15_30,Y,O,0,0.23053400545960012,23.222912983990078
0.0,55.786075,,2,2,0,0,0,0,0,0,0,2,1,6.0,16.0,34.6923,4,0,PET,NEW HORIZON,LANG_02,One-Way,google,Paid Search,Paid Search,Logged-Out,AREA_C,AREA_B,AREA_C_TO_AREA_B,CE,BE,invalid_or_past,high,unknown_or_oneway,Y,S,0,0.669314692189324,23.220066095839687
3.0,189.5471631,,1,1,0,0,0,0,0,0,0,1,0,16.333333333333332,19.0,40.140276,2,0,PET,LOWER VERTEX,LANG_02,One-Way,microsoft,Direct,Referrals,Logged-Out,AREA_B,AREA_B,AREA_B_TO_AREA_B,BU,BE,0_3,very_high,unknown_or_oneway,P,R,0,0.5784564703543917,23.219402374011104
38.0,46.1925833,,1,1,0,0,0,0,0,0,0,1,0,12.333333333333334,22.0,51.396,5,1,PET,OLD HORIZON,LANG_02,One-Way,google,Paid Search,Paid Search,Logged-Out,AREA_C,AREA_C,AREA_C_TO_AREA_C,CA,CE,31_60,mid,unknown_or_oneway,Y,O,0,0.4516752749706836,23.214302432393254
38.0,57.0915334,,2,2,0,0,0,0,0,0,0,1,0,3.9166666666666665,16.0,25.698,5,1,PET,GREAT MERIDIAN,LANG_02,One-Way,microsoft,Organic Search,Organic Search,Logged-Out,AREA_C,AREA_B,AREA_C_TO_AREA_B,CA,BA,31_60,high,unknown_or_oneway,Y,V,0,0.9032150230704523,23.210819662864484
59.0,219.3349998,56.236111111111114,2,2,0,0,0,0,0,1,0,2,1,1364.0833333333333,16.0,43.8669143,3,1,PET,UPPER APEX,LANG_02,Round-Trip,apple,Direct,Direct,Logged-In,AREA_C,AREA_B,AREA_C_TO_AREA_B,CA,BI,31_60,very_high,30_plus,Y,O,0,0.5290335633901266,23.2070699870583
71.0,79.2937488,182.78472222222223,1,1,0,0,0,0,0,0,0,2,1,4390.0,13.0,55.0862328,3,1,PET,LOWER VERTEX,LANG_02,Round-Trip,google,Paid Search,Paid Search,Logged-Out,AREA_B,AREA_C,AREA_B_TO_AREA_C,BU,CA,61_120,high,30_plus,Y,O,0,0.42127318066368047,23.20635250243596
77.0,40.148842,14.003472222222221,2,1,0,1,0,1,0,0,0,2,1,338.8333333333333,19.0,26.5546,3,1,PET,UPPER APEX,LANG_02,Round-Trip,apple,Direct,Direct,Logged-Out,AREA_C,AREA_C,AREA_C_TO_AREA_C,CI,CA,61_120,mid,15_30,Y,L,0,0.8739061829408081,23.206229125519982
7.0,55.0155633,,1,1,0,0,0,0,0,1,0,1,0,4.0,16.0,40.024635,4,1,PET,UPPER APEX,LANG_02,One-Way,mozilla,Paid Search,Paid Search,Logged-In,AREA_B,AREA_C,AREA_B_TO_AREA_C,BO,CA,4_7,high,unknown_or_oneway,Y,V,0,0.5797548789010218,23.204477417482604
109.0,61.8478049,,2,1,1,0,0,0,1,0,0,2,1,6.416666666666667,19.0,34.6923,5,0,PET,GREAT HORIZON,LANG_02,One-Way,google,Paid Search,Paid Search,Logged-Out,AREA_C,AREA_B,AREA_C_TO_AREA_B,CE,BE,61_120,high,unknown_or_oneway,Y,V,0,0.6688447636220956,23.20376319300683
21.0,54.5020316,32.513888888888886,1,1,0,0,0,0,0,1,1,4,1,782.4166666666666,11.0,30.2405498,4,0,PET,LOWER ZENITH,LANG_02,Round-Trip,apple,Direct,Direct,Logged-In,AREA_B,AREA_C,AREA_B_TO_AREA_C,BA,CE,15_30,high,30_plus,Y,Q,0,0.7672835209486197,23.203075525966078
68.0,88.6850829,25.76388888888889,1,1,0,0,0,0,0,1,0,2,1,623.0,13.0,45.0717222,1,1,PET,NORTH MERIDIAN,LANG_02,Round-Trip,google,Direct,Direct,Logged-In,AREA_B,AREA_C,AREA_B_TO_AREA_C,BI,CA,61_120,high,15_30,Y,O,0,0.5147366338698405,23.200066567944564
32.0,234.147327,35.763888888888886,1,1,0,0,0,0,0,1,0,2,1,862.0,19.0,47.62696,2,1,PET,NORTH MERIDIAN,LANG_02,Round-Trip,apple,Direct,Direct,Logged-In,AREA_B,AREA_C,AREA_B_TO_AREA_C,BI,CA,31_60,very_high,30_plus,Y,M,0,0.4870192270170021,23.195245244369676
67.0,110.214439,174.60069444444446,1,1,0,0,0,0,0,0,0,2,1,4193.666666666667,11.0,45.0717222,1,1,PET,NORTH MERIDIAN,LANG_02,Round-Trip,google,Paid Search,Affiliate,Logged-Out,AREA_B,AREA_C,AREA_B_TO_AREA_C,BI,CA,61_120,very_high,30_plus,Y,O,0,0.5145776534809947,23.19290104802326
8.0,84.3930886,15.041666666666666,2,2,0,0,0,0,0,0,0,2,1,362.6666666666667,17.0,28.5958778,2,1,PET,LOWER VERTEX,LANG_02,Round-Trip,apple,Direct,Direct,Logged-Out,AREA_C,AREA_C,AREA_C_TO_AREA_C,CO,CA,8_14,high,15_30,Y,W,0,0.8110319480437379,23.19217047815468
67.0,73.1219458,16.319444444444443,2,2,0,0,0,0,0,0,0,2,1,392.75,21.0,26.820146,5,1,PET,UPPER APEX,LANG_02,Round-Trip,apple,Direct,Direct,Logged-Out,AREA_C,AREA_C,AREA_C_TO_AREA_C,CA,CU,61_120,high,15_30,Y,V,0,0.8646574905691914,23.190240137059337
92.0,102.1396991,16.69097222222222,3,2,0,0,1,1,0,0,0,4,1,402.75,19.0,27.4184811,5,0,PET,LOWER ZENITH,LANG_02,Round-Trip,other,Direct,Direct,Logged-Out,AREA_C,AREA_C,AREA_C_TO_AREA_C,CE,CU,61_120,high,15_30,Y,S,0,0.8457134442589169,23.18817808742902
13.0,84.837664,8.71875,2,2,0,0,0,0,0,1,0,4,1,211.91666666666666,23.0,28.5264932,5,0,PET,NEW MERIDIAN,LANG_02,Round-Trip,google,MetaSearches,Organic Search,Logged-In,AREA_C,AREA_B,AREA_C_TO_AREA_B,CI,BA,8_14,high,9_14,Y,V,0,0.8128333856402264,23.1872860481989
25.0,41.5018417,,1,1,0,0,0,0,0,1,0,1,0,4.083333333333333,18.0,38.1187,4,1,PET,UPPER APEX,LANG_02,One-Way,apple,Direct,Direct,Logged-In,AREA_C,AREA_C,AREA_C_TO_AREA_C,CE,CA,15_30,mid,unknown_or_oneway,Y,L,0,0.6081593353869073,23.1822432578129
84.0,93.9810124,16.01388888888889,1,1,0,0,0,0,0,0,0,4,1,387.4166666666667,18.0,44.2082694,2,0,PET,OLD AURORA,LANG_02,Round-Trip,google,Email,Paid Search,Logged-Out,AREA_B,AREA_B,AREA_B_TO_AREA_B,BO,BI,61_120,high,15_30,Y,W,0,0.5243562224098396,23.180881141860507
17.0,113.4939321,,1,1,0,0,0,0,0,0,0,1,0,1.5,14.0,43.6977358,4,1,PET,CENTRAL MERIDIAN,LANG_02,One-Way,google,Paid Search,Paid Search,Logged-Out,AREA_B,AREA_C,AREA_B_TO_AREA_C,BI,CA,15_30,very_high,unknown_or_oneway,C,Z,0,0.5302657008173228,23.171410498117215
18.0,22.413795599999997,,2,2,0,0,0,0,0,1,0,1,0,3.0,18.0,37.767494,4,1,PET,UPPER APEX,LANG_09,One-Way,google,Paid Search,Paid Search,Logged-In,AREA_C,AREA_C,AREA_C_TO_AREA_C,CI,CA,15_30,low,unknown_or_oneway,Y,U,0,0.6134145288073718,23.16712953624524
68.0,150.4270977,7.319444444444445,1,1,0,0,0,0,0,0,0,2,1,191.83333333333334,14.0,50.1762016,5,1,PET,UPPER APEX,LANG_09,Round-Trip,apple,Email,Email,Logged-Out,AREA_C,AREA_B,AREA_C_TO_AREA_B,CA,BO,61_120,very_high,6_8,Y,S,0,0.46134481939681093,23.148530665169975
16.0,51.055073199999995,,2,2,0,0,0,0,0,1,0,1,0,3.8333333333333335,20.0,26.5237624,5,1,PET,UPPER VERTEX,LANG_11,One-Way,google,Paid Search,Email,Logged-In,AREA_C,AREA_B,AREA_C_TO_AREA_B,CA,BA,15_30,mid,unknown_or_oneway,Y,W,1,0.8726186657951652,23.14513015735597
26.0,61.6002475,,1,1,0,0,0,0,0,1,0,1,0,4.083333333333333,14.0,33.3941227,4,1,PET,SOUTH HORIZON,LANG_02,One-Way,apple,Direct,Direct,Logged-In,AREA_C,AREA_C,AREA_C_TO_AREA_C,CE,CA,15_30,high,unknown_or_oneway,Y,H,0,0.6930620488111087,23.14419909671155
28.0,44.9252436,,1,1,0,0,0,0,0,1,0,1,0,12.333333333333334,23.0,51.396,5,1,PET,UPPER APEX,LANG_02,One-Way,google,Paid Search,Paid Search,Logged-In,AREA_C,AREA_C,AREA_C_TO_AREA_C,CA,CE,15_30,mid,unknown_or_oneway,Y,U,0,0.4502932151657728,23.14327008666006
24.0,210.299583,31.010416666666668,1,1,0,0,0,0,0,1,0,2,1,750.9166666666666,19.0,126.4547184,4,1,PET,UPPER APEX,LANG_09,Round-Trip,google,Paid Search,Paid Search,Logged-In,AREA_C,AREA_B,AREA_C_TO_AREA_B,CA,BU,15_30,very_high,30_plus,Y,T,0,0.1830070778979684,23.14210850079446
23.0,50.7946668,17.30902777777778,1,1,0,0,0,0,0,0,1,4,1,417.0833333333333,15.0,29.5090134,4,0,PET,UPPER MERIDIAN,LANG_09,Round-Trip,apple,Direct,Direct,Logged-Out,AREA_D,AREA_B,AREA_D_TO_AREA_B,DA,BU,15_30,mid,15_30,Y,V,0,0.7841982026841595,23.14091527126278
9.0,84.2144875,6.878472222222222,3,1,1,1,0,1,1,0,0,4,1,167.16666666666666,12.0,30.225131,4,0,PET,SOUTH MERIDIAN,LANG_09,Round-Trip,apple,Direct,Direct,Logged-Out,AREA_B,AREA_B,AREA_B_TO_AREA_B,BI,BE,8_14,high,6_8,Y,V,0,0.7655749602304858,23.139603463286225
10.0,45.1753708,10.71875,1,1,0,0,0,0,0,0,1,4,1,259.9166666666667,18.0,30.2285574,3,0,PET,NEW MERIDIAN,LANG_02,Round-Trip,microsoft,Direct,Direct,Logged-Out,AREA_C,AREA_C,AREA_C_TO_AREA_C,CI,CO,8_14,mid,9_14,Y,V,0,0.765438477298936,23.138100947199483
9.0,147.7236681,9.788194444444445,2,2,0,0,0,0,0,1,0,2,1,240.58333333333334,19.0,49.5495987,1,1,PET,LOWER VERTEX,LANG_02,Round-Trip,mozilla,Paid Search,Organic Search,Logged-In,AREA_B,AREA_C,AREA_B_TO_AREA_C,BO,CA,8_14,very_high,9_14,Y,O,0,0.46685641144815965,23.132547837778397
18.0,132.36140369999998,,1,1,0,0,0,0,0,0,0,1,0,14.416666666666666,17.0,38.1187,4,1,PET,NORTH MERIDIAN,LANG_02,One-Way,google,Paid Search,Paid Search,Logged-Out,AREA_B,AREA_C,AREA_B_TO_AREA_C,BI,CA,15_30,very_high,unknown_or_oneway,Y,T,0,0.6068361959907911,23.131806904114168
109.0,37.0839272,16.104166666666668,2,2,0,0,0,0,0,1,0,2,1,388.5833333333333,19.0,30.242263,1,1,PET,UPPER APEX,LANG_09,Round-Trip,apple,Direct,Direct,Logged-In,AREA_B,AREA_C,AREA_B_TO_AREA_C,BE,CA,61_120,mid,15_30,Y,O,0,0.7648462256569213,23.13068071087396
53.0,41.9716868,84.71180555555556,1,1,0,0,0,0,0,0,0,4,1,2033.9166666666667,22.0,29.21006,6,0,PET,UPPER APEX,LANG_09,Round-Trip,apple,Direct,Paid Search,Logged-Out,AREA_D,AREA_B,AREA_D_TO_AREA_B,DA,BA,31_60,mid,30_plus,Y,S,0,0.7914019989180964,23.11689987251753
5.0,107.9808545,18.29513888888889,3,1,0,1,1,1,0,0,0,2,1,440.9166666666667,21.0,31.321579,1,1,PET,LOWER MERIDIAN,LANG_02,Round-Trip,google,Paid Search,Organic Search,Logged-Out,AREA_B,AREA_C,AREA_B_TO_AREA_C,BO,CA,4_7,very_high,15_30,Y,E,0,0.7378244899821398,23.1098280511103
97.0,164.7952778,14.777777777777779,2,2,0,0,0,0,0,0,0,2,1,358.0,12.0,45.0717222,1,1,PET,NORTH MERIDIAN,LANG_02,Round-Trip,google,Direct,Organic Search,Logged-Out,AREA_B,AREA_C,AREA_B_TO_AREA_C,BI,CA,61_120,very_high,15_30,Y,O,0,0.5127178147789279,23.10907491470689
33.0,20.3039898,13.875,1,1,0,0,0,0,0,0,0,5,1,335.1666666666667,13.0,29.3629631,5,0,PET,NORTH APEX,LANG_02,Round-Trip,apple,Direct,Direct,Logged-Out,AREA_C,AREA_C,AREA_C_TO_AREA_C,CU,CE,31_60,very_low,9_14,Y,O,0,0.7866788813965938,23.099222965997463
117.0,54.2416252,16.881944444444443,2,2,0,0,0,0,0,0,0,2,1,407.1666666666667,19.0,28.5898816,1,1,PET,UPPER APEX,LANG_09,Round-Trip,samsung,Direct,Direct,Logged-Out,AREA_C,AREA_C,AREA_C_TO_AREA_C,CU,CA,61_120,high,15_30,Y,V,0,0.8078892411527535,23.09745775047107
15.0,216.3317602,17.680555555555557,1,1,0,0,0,0,0,0,0,2,1,431.0,17.0,40.3077413,4,1,PET,LOWER VERTEX,LANG_02,Round-Trip,apple,Email,Email,Logged-Out,AREA_B,AREA_C,AREA_B_TO_AREA_C,BO,CA,15_30,very_high,15_30,P,R,0,0.5729892600133663,23.095902860297205
73.0,19.723215,18.70486111111111,1,1,0,0,0,0,0,0,0,4,1,450.1666666666667,7.0,30.293659,4,0,PET,CENTRAL MERIDIAN,LANG_02,Round-Trip,google,Paid Search,Paid Search,Logged-Out,AREA_B,AREA_C,AREA_B_TO_AREA_C,BI,CU,61_120,very_low,15_30,Y,O,0,0.7623473441776145,23.094290484072292
6.0,63.0710297,,2,2,0,0,0,0,0,1,0,1,0,3.0833333333333335,1.0,25.698,5,1,PET,EAST APEX,LANG_02,One-Way,samsung,Direct,Direct,Logged-In,AREA_C,AREA_C,AREA_C_TO_AREA_C,CA,CI,4_7,high,unknown_or_oneway,Y,W,0,0.8986572186543466,23.0936932049794
12.0,51.469667599999994,25.260416666666668,1,1,0,0,0,0,0,1,0,2,1,608.4166666666666,20.0,28.9599328,4,1,PET,WEST MERIDIAN,LANG_02,Round-Trip,apple,Direct,Direct,Logged-In,AREA_B,AREA_C,AREA_B_TO_AREA_C,BE,CA,8_14,mid,15_30,Y,Q,0,0.7972857452730028,23.089341605504078
126.0,60.2596685,22.25347222222222,2,1,0,1,0,1,0,0,0,2,1,536.5,19.0,31.4517822,1,1,PET,SOUTH MERIDIAN,LANG_09,Round-Trip,samsung,Direct,Direct,Logged-Out,AREA_B,AREA_C,AREA_B_TO_AREA_C,BI,CA,120_plus,high,15_30,Y,L,0,0.733968874715336,23.084629189125835
31.0,262.29862940000004,8.23611111111111,2,2,0,0,0,0,0,1,0,2,1,212.08333333333334,14.0,82.2224642,3,1,PET,UPPER VERTEX,LANG_10,Round-Trip,google,Organic Search,Organic Search,Logged-In,AREA_C,AREA_B,AREA_C_TO_AREA_B,CA,BI,31_60,very_high,9_14,Y,W,0,0.2807480684320682,23.083798005874876
48.0,68.86464380000001,17.87847222222222,1,1,0,0,0,0,0,0,0,4,1,431.1666666666667,13.0,29.3886611,4,0,PET,SOUTH MERIDIAN,LANG_02,Round-Trip,apple,MetaSearches,MetaSearches,Logged-Out,AREA_B,AREA_C,AREA_B_TO_AREA_C,BI,CE,31_60,high,15_30,Y,V,0,0.7853725993484112,23.08104915947654
2.0,143.5584506,60.013888888888886,1,1,0,0,0,0,0,0,0,4,1,1443.4166666666667,18.0,26.820146,4,0,PET,OLD AURORA,LANG_02,Round-Trip,google,Direct,Paid Search,Logged-Out,AREA_B,AREA_C,AREA_B_TO_AREA_C,BO,CE,0_3,very_high,30_plus,C,D,0,0.8604478885839616,23.077337997213583
91.0,20.208050600000004,24.12847222222222,1,1,0,0,0,0,0,0,0,2,1,582.25,12.0,26.5605962,3,1,PET,GREAT MERIDIAN,LANG_03,Round-Trip,google,Paid Search,Paid Search,Logged-Out,AREA_B,AREA_C,AREA_B_TO_AREA_C,BO,CA,61_120,very_low,15_30,Y,O,0,0.8688024002461885,23.07590973052979
48.0,31.5417252,14.100694444444445,2,2,0,0,0,0,0,0,0,2,1,341.0,19.0,29.21006,3,1,PET,UPPER APEX,LANG_09,Round-Trip,apple,Direct,Direct,Logged-Out,AREA_C,AREA_B,AREA_C_TO_AREA_B,CA,BA,31_60,low,15_30,Y,O,0,0.7897824466498087,23.06959265358771
6.0,51.905677,11.96875,1,1,0,0,0,0,0,1,0,2,1,288.6666666666667,23.0,51.396,4,1,PET,UPPER APEX,LANG_09,Round-Trip,apple,Direct,Direct,Logged-In,AREA_C,AREA_B,AREA_C_TO_AREA_B,CA,BA,4_7,mid,9_14,Y,S,0,0.44885081179633224,23.069136323084294
4.0,209.802755,18.010416666666668,2,2,0,0,0,0,0,0,0,4,1,435.25,17.0,44.2082694,5,0,PET,OLD AURORA,LANG_02,Round-Trip,google,Paid Search,Paid Search,Logged-Out,AREA_B,AREA_B,AREA_B_TO_AREA_B,BO,BI,4_7,very_high,15_30,Y,V,0,0.5217306157407648,23.064807614895614
41.0,25.8106429,16.875,1,1,0,0,0,0,0,0,1,4,1,407.1666666666667,18.0,28.9179594,5,0,PET,CENTRAL APEX,LANG_09,Round-Trip,samsung,Direct,Direct,Logged-Out,AREA_C,AREA_C,AREA_C_TO_AREA_C,CU,CU,31_60,low,15_30,Y,V,0,0.7975171106980682,23.06256742797204
139.0,23.106785,13.85763888888889,2,2,0,0,0,0,0,1,1,2,1,335.0833333333333,9.0,28.9684988,1,0,PET,NORTH HORIZON,LANG_04,Round-Trip,other,Direct,Direct,Logged-In,AREA_B,AREA_B,AREA_B_TO_AREA_B,BA,BE,120_plus,low,9_14,Y,O,0,0.7959469894690436,23.057389409297603
119.0,255.1622948,13.64236111111111,2,2,0,0,0,0,0,0,0,2,1,333.3333333333333,10.0,76.2374,2,0,PET,UPPER APEX,LANG_09,Round-Trip,apple,Direct,Direct,Logged-Out,AREA_B,AREA_C,AREA_B_TO_AREA_C,BE,CA,61_120,very_high,9_14,Y,L,0,0.3024391363256177,23.057173411710643
65.0,31.7828581,18.85763888888889,2,1,0,1,0,1,0,0,0,4,1,455.0833333333333,19.0,28.9779214,5,0,PET,NORTH HORIZON,LANG_04,Round-Trip,apple,MetaSearches,MetaSearches,Logged-Out,AREA_C,AREA_C,AREA_C_TO_AREA_C,CU,CE,61_120,low,15_30,Y,U,0,0.795583953134965,23.0543692610463
29.0,130.2978543,32.236111111111114,1,1,0,0,0,0,0,0,0,2,1,788.0833333333334,15.0,91.3345467,3,1,PET,LOWER VERTEX,LANG_02,Round-Trip,apple,Direct,Direct,Logged-Out,AREA_C,AREA_B,AREA_C_TO_AREA_B,CA,BI,15_30,very_high,30_plus,Y,W,0,0.2524087794480445,23.053641453987424
59.0,71.7972139,14.916666666666666,1,1,0,0,0,0,0,1,0,4,1,359.25,17.0,39.7616588,4,0,PET,UPPER AURORA,LANG_02,Round-Trip,microsoft,Paid Search,Paid Search,Logged-In,AREA_B,AREA_C,AREA_B_TO_AREA_C,BI,CE,31_60,high,15_30,Y,V,0,0.5797904213321998,23.05342890851917
21.0,112.3328108,7.930555555555555,3,2,0,1,0,1,0,0,0,4,1,191.25,22.0,29.21006,5,0,PET,UPPER APEX,LANG_02,Round-Trip,apple,Direct,Direct,Logged-Out,AREA_B,AREA_C,AREA_B_TO_AREA_C,BE,CE,15_30,very_high,6_8,Y,S,0,0.7891848274004755,23.052136159457532
124.0,123.337551,17.413194444444443,2,2,0,0,0,0,0,0,0,2,1,422.75,10.0,28.6669756,1,1,PET,NEW HORIZON,LANG_02,Round-Trip,google,Paid Search,Paid Search,Logged-Out,AREA_C,AREA_C,AREA_C_TO_AREA_C,CE,CA,120_plus,very_high,15_30,Y,S,0,0.804113787007285,23.051510311761437
121.0,72.7754511,153.28819444444446,1,1,0,0,0,0,0,1,1,2,1,3690.5833333333335,11.0,38.1187,2,1,PET,UPPER APEX,LANG_02,Round-Trip,google,Email,Email,Logged-In,AREA_C,AREA_C,AREA_C_TO_AREA_C,CE,CA,120_plus,high,30_plus,Y,O,0,0.6047124069350922,23.050850826236697
35.0,30.0932146,21.39236111111111,1,1,0,0,0,0,0,0,0,4,1,515.9166666666666,21.0,29.3681027,5,0,PET,NORTH HORIZON,LANG_04,Round-Trip,apple,Direct,Paid Search,Logged-Out,AREA_C,AREA_C,AREA_C_TO_AREA_C,CE,CU,31_60,low,15_30,Y,V,0,0.7848855410604361,23.050599177607953
17.0,66.9848351,20.885416666666668,1,1,0,0,0,0,0,0,0,4,1,503.3333333333333,8.0,26.6162752,5,0,PET,NEW ZENITH,LANG_02,Round-Trip,apple,Direct,Direct,Logged-Out,AREA_B,AREA_C,AREA_B_TO_AREA_C,BA,CE,15_30,high,15_30,Y,U,0,0.8656739907315747,23.041017170793843
173.0,99.0876333,23.78472222222222,1,1,0,0,0,0,0,1,0,2,1,574.0,14.0,55.0862328,3,1,PET,LOWER VERTEX,LANG_02,Round-Trip,apple,Direct,Direct,Logged-In,AREA_B,AREA_C,AREA_B_TO_AREA_C,BU,CA,120_plus,high,15_30,Y,U,0,0.4181396841197559,23.033739982339334
14.0,26.8891023,,1,1,0,0,0,0,0,1,0,1,0,2.8333333333333335,22.0,34.6923,3,0,PET,EAST AURORA,LANG_02,One-Way,apple,Direct,Direct,Logged-In,AREA_C,AREA_B,AREA_C_TO_AREA_B,CE,BE,8_14,low,unknown_or_oneway,Y,W,0,0.6639013385231924,23.03226440644815
39.0,72.8765299,15.722222222222221,4,2,0,2,0,1,0,1,0,4,1,380.0833333333333,9.0,26.6128488,5,0,PET,NEW MERIDIAN,LANG_10,Round-Trip,google,Paid Search,Paid Search,Logged-In,AREA_C,AREA_C,AREA_C_TO_AREA_C,CI,CI,31_60,high,15_30,Y,L,0,0.8654151634269388,23.031162893508412
28.0,104.8936681,30.21875,1,1,0,0,0,0,0,0,0,2,1,741.1666666666666,11.0,80.2094542,3,1,PET,UPPER APEX,LANG_09,Round-Trip,apple,Direct,Direct,Logged-Out,AREA_C,AREA_B,AREA_C_TO_AREA_B,CA,BU,15_30,very_high,30_plus,Y,O,0,0.28713670558449084,23.0310784357181
36.0,163.049527,,2,2,0,0,0,0,0,0,0,2,1,13.5,12.0,26.38328,5,1,PET,CENTRAL AURORA,LANG_01,Multi-City,google,Direct,Direct,Logged-Out,AREA_C,AREA_B,AREA_C_TO_AREA_B,CA,BA,31_60,very_high,unknown_or_oneway,Y,E,0,0.8726954349940038,23.0245680161686
11.0,33.3984057,,1,1,0,0,0,0,0,0,0,4,1,8.333333333333334,11.0,30.5343636,5,0,PET,NEW AURORA,LANG_02,One-Way,apple,Direct,Direct,Logged-Out,AREA_C,AREA_C,AREA_C_TO_AREA_C,CU,CU,8_14,low,unknown_or_oneway,Y,S,0,0.7539395173747674,23.021063355929662
38.0,46.2799565,,1,1,0,0,0,0,0,1,0,1,0,12.333333333333334,10.0,51.396,5,1,PET,UPPER APEX,LANG_02,One-Way,samsung,Direct,Direct,Logged-In,AREA_C,AREA_C,AREA_C_TO_AREA_C,CA,CE,31_60,mid,unknown_or_oneway,Y,O,0,0.4478681847125302,23.018633221485203
4.0,81.8635488,,1,1,0,0,0,0,0,0,0,1,0,9.083333333333334,10.0,52.9730006,5,1,PET,UPPER APEX,LANG_02,One-Way,other,Direct,Direct,Logged-Out,AREA_C,AREA_C,AREA_C_TO_AREA_C,CA,CE,4_7,high,unknown_or_oneway,Y,Q,0,0.4345149103821156,23.017558608380757
71.0,51.4576752,,2,1,0,1,0,1,0,0,0,1,0,1.9166666666666667,21.0,28.9453706,4,1,PET,UPPER VERTEX,LANG_02,One-Way,apple,Direct,Paid Search,Logged-Out,AREA_C,AREA_B,AREA_C_TO_AREA_B,CA,BA,61_120,mid,unknown_or_oneway,Y,W,0,0.795143763966369,23.01573092828548
26.0,15.641944300000002,23.52777777777778,3,1,0,1,1,1,0,0,0,2,1,566.3333333333334,7.0,27.3221136,1,1,PET,SOUTH VERTEX,LANG_09,Round-Trip,apple,Direct,Direct,Logged-Out,AREA_B,AREA_C,AREA_B_TO_AREA_C,BA,CA,15_30,very_low,15_30,Y,O,0,0.842195259507696,23.010554553650753
27.0,67.91724419999998,20.256944444444443,1,1,0,0,0,0,0,0,0,4,1,488.3333333333333,17.0,28.4982254,4,0,PET,CENTRAL APEX,LANG_09,Round-Trip,samsung,Paid Search,Paid Search,Logged-Out,AREA_C,AREA_B,AREA_C_TO_AREA_B,CU,BO,15_30,high,15_30,Y,V,0,0.8074289095842786,23.010291059808992
17.0,78.1955876,31.930555555555557,4,1,1,2,0,1,1,0,0,4,1,767.25,15.0,27.218465,5,0,PET,UPPER APEX,LANG_02,Round-Trip,google,Direct,Direct,Logged-Out,AREA_B,AREA_C,AREA_B_TO_AREA_C,BE,CE,15_30,high,30_plus,Y,U,0,0.8453736050472006,23.009771880901052
319.0,191.0834752,35.770833333333336,2,1,1,0,0,0,1,0,0,2,1,862.0,8.0,39.9321222,3,1,PET,LOWER VERTEX,LANG_09,Round-Trip,google,Email,Email,Logged-Out,AREA_B,AREA_C,AREA_B_TO_AREA_C,BU,CA,120_plus,very_high,30_plus,Y,W,0,0.5762083466518363,23.00922211116109
21.0,17.675940999999998,,1,1,0,0,0,0,0,1,0,2,1,6.25,13.0,27.8836149,5,0,PET,NEW APEX,LANG_02,One-Way,apple,Direct,Direct,Logged-In,AREA_C,AREA_C,AREA_C_TO_AREA_C,CU,CU,15_30,very_low,unknown_or_oneway,Y,L,0,0.8251440133801095,23.007997906131422
91.0,27.510137299999997,76.12847222222223,1,1,0,0,0,0,0,0,0,2,1,1830.25,22.0,26.5605962,2,1,PET,GREAT MERIDIAN,LANG_03,Round-Trip,microsoft,Direct,Direct,Logged-Out,AREA_B,AREA_C,AREA_B_TO_AREA_C,BO,CA,61_120,low,30_plus,Y,O,0,0.8662306199538043,23.00760171266866
0.0,33.1885387,,1,1,0,0,0,0,0,0,0,2,1,6.0,16.0,30.186584,4,0,PET,NORTH ZENITH,LANG_02,One-Way,google,Organic Search,Organic Search,Logged-Out,AREA_C,AREA_B,AREA_C_TO_AREA_B,CU,BO,invalid_or_past,low,unknown_or_oneway,Y,T,0,0.7621001314111916,23.005199633254975
46.0,27.815086899999997,6.875,4,2,0,1,1,1,0,0,0,2,1,167.16666666666666,9.0,28.5898816,4,1,PET,CENTRAL APEX,LANG_09,Round-Trip,apple,Direct,Organic Search,Logged-Out,AREA_C,AREA_C,AREA_C_TO_AREA_C,CU,CA,31_60,low,6_8,Y,O,0,0.8043296560145508,22.99568963282473
72.0,368.7937112,11.010416666666666,2,2,0,0,0,0,0,1,0,2,1,270.9166666666667,17.0,126.4547184,3,1,PET,UPPER APEX,LANG_09,Round-Trip,apple,Direct,Organic Search,Logged-In,AREA_C,AREA_B,AREA_C_TO_AREA_B,CA,BU,61_120,very_high,9_14,Y,V,0,0.1817776208322135,22.986637853759532
52.0,173.5634354,19.194444444444443,2,2,0,0,0,0,0,0,1,4,1,463.4166666666667,15.0,26.3293142,1,0,PET,NEW MERIDIAN,LANG_10,Round-Trip,mozilla,Direct,Email,Logged-Out,AREA_C,AREA_B,AREA_C_TO_AREA_B,CI,BE,31_60,very_high,15_30,C,F,1,0.8727695835360764,22.979424589124502
7.0,73.9399988,23.270833333333332,2,2,0,0,0,0,0,0,0,2,1,560.5833333333334,9.0,28.6429908,3,1,PET,SOUTH MERIDIAN,LANG_02,Round-Trip,apple,Direct,Direct,Logged-Out,AREA_B,AREA_C,AREA_B_TO_AREA_C,BI,CA,4_7,high,15_30,Y,W,0,0.8019556388590046,22.970407985846588
50.0,175.5490342,8.36111111111111,2,2,0,0,0,0,0,0,0,2,1,215.83333333333334,16.0,57.0898202,5,1,PET,UPPER APEX,LANG_09,Round-Trip,apple,Direct,Direct,Logged-Out,AREA_C,AREA_B,AREA_C_TO_AREA_B,CA,BO,31_60,very_high,9_14,Y,O,0,0.40233739947525954,22.969369795778142
24.0,79.1489834,,1,1,0,0,0,0,0,1,0,1,0,14.5,12.0,42.500209,4,1,PET,LOWER VERTEX,LANG_02,One-Way,microsoft,Organic Search,Paid Search,Logged-In,AREA_B,AREA_C,AREA_B_TO_AREA_C,BU,CA,15_30,high,unknown_or_oneway,Y,S,0,0.5403711519423885,22.965886895122267
59.0,24.352281400000003,,2,2,0,0,0,0,0,0,1,1,0,2.6666666666666665,21.0,42.87283,4,1,PET,UPPER APEX,LANG_09,One-Way,samsung,Direct,Direct,Logged-Out,AREA_B,AREA_C,AREA_B_TO_AREA_C,BO,CA,31_60,low,unknown_or_oneway,Y,L,0,0.5356668959437493,22.965555766424053
24.0,28.2922131,6.513888888888889,1,1,0,0,0,0,0,0,0,4,1,159.08333333333334,10.0,30.2174216,5,0,PET,NEW MERIDIAN,LANG_02,Round-Trip,apple,Direct,Direct,Logged-Out,AREA_C,AREA_C,AREA_C_TO_AREA_C,CI,CI,15_30,low,6_8,Y,U,0,0.759952262429857,22.96379790971683
3.0,32.24756360000001,13.85763888888889,1,1,0,0,0,0,0,0,0,4,1,335.1666666666667,8.0,28.7449262,4,0,PET,NEW MERIDIAN,LANG_02,Round-Trip,apple,Direct,Direct,Logged-Out,AREA_C,AREA_C,AREA_C_TO_AREA_C,CU,CI,0_3,low,9_14,Y,U,0,0.7988726718321435,22.96353599501178
37.0,58.40598609999999,15.48263888888889,1,1,0,0,0,0,0,0,0,2,1,373.6666666666667,23.0,52.76656,3,1,PET,SOUTH MERIDIAN,LANG_02,Round-Trip,apple,Paid Search,Paid Search,Logged-Out,AREA_B,AREA_C,AREA_B_TO_AREA_C,BI,CA,31_60,high,15_30,Y,T,0,0.435183343354819,22.96312799813266
9.0,143.5408903,28.65625,2,2,0,0,0,0,0,0,0,4,1,694.0,12.0,37.7452224,5,0,PET,UPPER MERIDIAN,LANG_02,Round-Trip,google,Direct,Paid Search,Logged-Out,AREA_C,AREA_B,AREA_C_TO_AREA_B,CU,BU,8_14,very_high,15_30,Y,H,0,0.6083658420125372,22.962904007326483
2.0,29.0447362,45.392361111111114,1,1,0,0,0,0,0,0,0,4,1,1092.1666666666667,12.0,30.2825232,4,0,PET,NEW MERIDIAN,LANG_02,Round-Trip,google,Direct,Paid Search,Logged-Out,AREA_C,AREA_B,AREA_C_TO_AREA_B,CI,BU,0_3,low,30_plus,Y,L,0,0.7581977463698371,22.960140844632306
175.0,30.6898365,10.878472222222221,2,2,0,0,0,0,0,0,0,2,1,263.0,13.0,31.3464204,5,0,PET,GREAT MERIDIAN,LANG_02,Round-Trip,google,Paid Search,Paid Search,Logged-Out,AREA_C,AREA_C,AREA_C_TO_AREA_C,CU,CE,120_plus,low,9_14,Y,O,0,0.7324223747703533,22.958819669917848
7.0,81.2883419,,1,1,0,0,0,0,0,1,0,1,0,10.083333333333334,19.0,52.9730006,5,1,PET,UPPER APEX,LANG_09,One-Way,google,Paid Search,Organic Search,Logged-In,AREA_C,AREA_C,AREA_C_TO_AREA_C,CA,CE,4_7,high,unknown_or_oneway,Y,Q,0,0.43335865506559607,22.956308294805012
7.0,81.2883419,,1,1,0,0,0,0,0,1,0,1,0,10.083333333333334,19.0,52.9730006,5,1,PET,UPPER APEX,LANG_09,One-Way,google,Paid Search,Organic Search,Logged-In,AREA_C,AREA_C,AREA_C_TO_AREA_C,CA,CE,4_7,high,unknown_or_oneway,Y,Q,0,0.43335865506559607,22.956308294805012
7.0,81.2883419,,1,1,0,0,0,0,0,1,0,1,0,10.083333333333334,19.0,52.9730006,5,1,PET,UPPER APEX,LANG_09,One-Way,google,Paid Search,Organic Search,Logged-In,AREA_C,AREA_C,AREA_C_TO_AREA_C,CA,CE,4_7,high,unknown_or_oneway,Y,Q,0,0.43335865506559607,22.956308294805012
26.0,35.9497888,5.145833333333333,2,2,0,0,0,0,0,1,0,2,1,125.83333333333333,19.0,47.79828,4,0,PET,UPPER APEX,LANG_09,Round-Trip,apple,Direct,Direct,Logged-In,AREA_B,AREA_B,AREA_B_TO_AREA_B,BE,BA,15_30,mid,6_8,Y,U,0,0.48013467707872753,22.9496117327186
182.0,239.8518547,28.77777777777778,2,2,0,0,0,0,0,1,1,4,1,694.0,19.0,39.9244128,3,0,PET,NORTH MERIDIAN,LANG_02,Round-Trip,samsung,Direct,Direct,Logged-In,AREA_B,AREA_C,AREA_B_TO_AREA_C,BI,CO,120_plus,very_high,15_30,Y,O,0,0.5745716910637656,22.939437377223847
22.0,38.071587,,2,2,0,0,0,0,0,1,0,1,0,6.75,18.0,25.698,5,1,PET,UPPER APEX,LANG_02,One-Way,apple,Direct,Direct,Logged-In,AREA_C,AREA_C,AREA_C_TO_AREA_C,CA,CE,15_30,mid,unknown_or_oneway,Y,W,1,0.8926403466009817,22.93907162695203
56.0,261.8334956,10.71875,2,2,0,0,0,0,0,0,0,4,1,260.75,14.0,44.5851734,4,0,PET,LOWER VERTEX,LANG_02,Round-Trip,google,Paid Search,Paid Search,Logged-Out,AREA_B,AREA_B,AREA_B_TO_AREA_B,BU,BE,31_60,very_high,9_14,P,R,0,0.5144527182523952,22.93696364938439
24.0,28.2964961,14.364583333333334,2,2,0,0,0,0,0,0,0,2,1,346.9166666666667,19.0,31.5391554,3,1,PET,NEW AURORA,LANG_04,Round-Trip,apple,Paid Search,Organic Search,Logged-Out,AREA_C,AREA_C,AREA_C_TO_AREA_C,CU,CA,15_30,low,15_30,Y,S,0,0.7272052251571421,22.935438603923096
29.0,48.4591469,,1,1,0,0,0,0,0,1,0,2,1,140.33333333333334,15.0,26.38328,5,1,PET,UPPER VERTEX,LANG_11,Multi-City,apple,Direct,Organic Search,Logged-In,AREA_C,AREA_C,AREA_C_TO_AREA_C,CA,CE,15_30,mid,unknown_or_oneway,Y,O,0,0.8693159473705786,22.93540604794324
102.0,62.5986148,60.16319444444444,2,2,0,0,0,0,0,0,0,2,1,1444.8333333333333,11.0,26.5546,4,1,PET,UPPER APEX,LANG_09,Round-Trip,google,Paid Search,Paid Search,Logged-Out,AREA_C,AREA_B,AREA_C_TO_AREA_B,CA,BO,61_120,high,30_plus,Y,O,0,0.8634128953143287,22.927584069913873
13.0,103.0271367,13.256944444444445,3,2,0,0,1,1,0,0,0,4,1,320.25,21.0,26.6162752,3,0,PET,NORTH HORIZON,LANG_02,Round-Trip,samsung,Organic Search,Organic Search,Logged-Out,AREA_B,AREA_C,AREA_B_TO_AREA_C,BA,CE,8_14,very_high,9_14,Y,V,0,0.8613833979742714,22.92681757319433
12.0,49.4245351,20.12152777777778,2,2,0,0,0,0,0,1,0,4,1,484.5833333333333,15.0,26.3824234,3,0,PET,CENTRAL APEX,LANG_02,Round-Trip,google,Direct,Direct,Logged-In,AREA_D,AREA_C,AREA_D_TO_AREA_C,DA,CU,8_14,mid,15_30,Y,L,0,0.8690082387546887,22.926543292914484
0.0,43.6000834,,1,1,0,0,0,0,0,1,0,1,0,2.6666666666666665,15.0,36.5455541,4,1,PET,UPPER APEX,LANG_02,One-Way,apple,Direct,Direct,Logged-In,AREA_B,AREA_C,AREA_B_TO_AREA_C,BO,CA,invalid_or_past,mid,unknown_or_oneway,Y,K,0,0.6272906178482319,22.924683210994985
6.0,23.9985056,31.239583333333332,1,1,0,0,0,0,0,0,0,4,1,752.25,15.0,28.7449262,3,0,PET,NORTH HORIZON,LANG_04,Round-Trip,microsoft,Paid Search,Paid Search,Logged-Out,AREA_C,AREA_C,AREA_C_TO_AREA_C,CU,CI,4_7,low,30_plus,Y,O,0,0.7974810020633691,22.923532550213594
45.0,80.3550762,7.159722222222222,3,2,1,0,0,0,1,0,0,2,1,174.5,22.0,29.21006,1,0,PET,UPPER APEX,LANG_09,Round-Trip,google,Direct,Organic Search,Logged-Out,AREA_B,AREA_B,AREA_B_TO_AREA_B,BE,BO,31_60,high,6_8,Y,V,0,0.784643326393617,22.919478642557134
39.0,56.2075222,18.48611111111111,1,1,0,0,0,0,0,1,0,4,1,445.9166666666667,22.0,27.7761116,4,0,PET,WEST APEX,LANG_02,Round-Trip,apple,Direct,Direct,Logged-In,AREA_B,AREA_C,AREA_B_TO_AREA_C,BE,CU,31_60,high,15_30,Y,S,0,0.8251494912068152,22.91944435444372
121.0,171.080152,,4,3,0,1,0,1,0,1,0,1,0,6.666666666666667,20.0,56.19296,3,1,PET,UPPER APEX,LANG_09,One-Way,apple,Direct,Direct,Logged-In,AREA_B,AREA_C,AREA_B_TO_AREA_C,BE,CA,120_plus,very_high,unknown_or_oneway,Y,W,0,0.4078338517042743,22.917391315464215
8.0,67.44011800000001,2.1458333333333335,2,2,0,0,0,0,0,0,0,2,1,53.833333333333336,20.0,45.48546,2,0,PET,UPPER VERTEX,LANG_02,Round-Trip,apple,Direct,Organic Search,Logged-Out,AREA_B,AREA_B,AREA_B_TO_AREA_B,BE,BA,8_14,high,3_5,Y,S,0,0.5037405654158323,22.912871338599228
7.0,191.5344751,7.78125,1,1,0,0,0,0,0,1,1,2,1,190.0,15.0,50.059704,3,0,PET,LOWER VERTEX,LANG_02,Round-Trip,google,Direct,Direct,Logged-In,AREA_B,AREA_B,AREA_B_TO_AREA_B,BU,BE,4_7,very_high,6_8,C,I,0,0.4576670384841621,22.910676477073768
63.0,96.8865996,15.194444444444445,3,3,0,0,0,0,0,0,0,2,1,366.3333333333333,16.0,27.218465,4,1,PET,UPPER APEX,LANG_09,Round-Trip,apple,Paid Search,Paid Search,Logged-Out,AREA_C,AREA_B,AREA_C_TO_AREA_B,CA,BA,61_120,high,15_30,Y,V,0,0.8416854152695532,22.909385016524798
10.0,45.4053679,,1,1,0,0,0,0,0,1,0,1,0,4.083333333333333,4.0,38.1187,4,1,PET,UPPER APEX,LANG_02,One-Way,google,Direct,Direct,Logged-In,AREA_C,AREA_C,AREA_C_TO_AREA_C,CE,CA,8_14,mid,unknown_or_oneway,Y,W,0,0.6009714734953154,22.90825130672588
114.0,108.45755239999998,14.166666666666666,2,2,0,0,0,0,0,0,0,2,1,342.9166666666667,15.0,27.79667,3,1,PET,UPPER APEX,LANG_09,Round-Trip,google,Paid Search,Paid Search,Logged-Out,AREA_C,AREA_C,AREA_C_TO_AREA_C,CA,CI,61_120,very_high,15_30,Y,V,0,0.82400125730123,22.90449102878738
73.0,113.3744364,63.78125,1,1,0,0,0,0,0,1,0,2,1,1534.0,16.0,39.454996,2,1,PET,UPPER VERTEX,LANG_10,Round-Trip,apple,Organic Search,Organic Search,Logged-In,AREA_B,AREA_C,AREA_B_TO_AREA_C,BI,CA,61_120,very_high,30_plus,Y,O,0,0.5803882238264453,22.899215049519505
30.0,83.82944579999999,,1,1,0,0,0,0,0,0,0,1,0,16.416666666666668,13.0,51.90996,4,1,PET,LOWER VERTEX,LANG_02,One-Way,google,MetaSearches,MetaSearches,Logged-Out,AREA_B,AREA_C,AREA_B_TO_AREA_C,BO,CA,15_30,high,unknown_or_oneway,Y,L,0,0.4410664063954218,22.89573951333009
3.0,36.4988694,,1,1,0,0,0,0,0,0,0,1,0,1.5,18.0,43.6977358,3,1,PET,CENTRAL VERTEX,LANG_02,One-Way,google,Organic Search,Organic Search,Logged-Out,AREA_B,AREA_C,AREA_B_TO_AREA_C,BI,CA,0_3,mid,unknown_or_oneway,Y,S,0,0.5238763705237539,22.892211231009906
15.0,96.6741628,,2,2,0,0,0,0,0,1,1,2,1,337.5833333333333,18.0,25.2697,4,1,PET,UPPER APEX,LANG_02,Multi-City,google,Paid Search,Paid Search,Logged-In,AREA_C,AREA_B,AREA_C_TO_AREA_B,CA,BA,15_30,high,unknown_or_oneway,Y,V,1,0.9058613494797888,22.89084454294942
37.0,46.2658226,83.17361111111111,1,1,0,0,0,0,0,0,0,2,1,2000.0833333333333,14.0,31.4432162,1,1,PET,GREAT MERIDIAN,LANG_03,Round-Trip,samsung,MetaSearches,MetaSearches,Logged-Out,AREA_B,AREA_C,AREA_B_TO_AREA_C,BA,CA,31_60,mid,30_plus,Y,U,0,0.7278995457631637,22.88750278931295
7.0,87.1748971,32.21527777777778,1,1,0,0,0,0,0,0,0,2,1,789.25,9.0,74.0959,3,1,PET,UPPER APEX,LANG_02,Round-Trip,apple,MetaSearches,MetaSearches,Logged-Out,AREA_C,AREA_B,AREA_C_TO_AREA_B,CA,BU,4_7,high,30_plus,Y,U,0,0.30884887340396583,22.884435238852912
79.0,100.1789417,,1,1,0,0,0,0,0,1,0,4,1,467.5833333333333,19.0,49.6883679,2,0,PET,UPPER APEX,LANG_09,Multi-City,google,Direct,Paid Search,Logged-In,AREA_B,AREA_B,AREA_B_TO_AREA_B,BE,BU,61_120,high,unknown_or_oneway,Y,L,0,0.4605418231461574,22.883571541823006
104.0,175.8462744,79.21527777777777,2,2,0,0,0,0,0,0,0,2,1,1917.4166666666667,11.0,38.1187,5,1,PET,UPPER APEX,LANG_09,Round-Trip,google,Paid Search,Paid Search,Logged-Out,AREA_C,AREA_B,AREA_C_TO_AREA_B,CA,BO,61_120,very_high,30_plus,Y,O,0,0.6002673122968152,22.881409597248606
133.0,72.1873952,8.26388888888889,2,2,0,0,0,0,0,1,1,2,1,200.16666666666666,11.0,26.5546,3,1,PET,UPPER APEX,LANG_02,Round-Trip,microsoft,Direct,Direct,Logged-In,AREA_C,AREA_C,AREA_C_TO_AREA_C,CA,CI,120_plus,high,9_14,Y,V,0,0.8616531372633709,22.88085439877391
78.0,93.4790448,10.305555555555555,3,2,0,1,0,1,0,0,0,4,1,248.91666666666666,20.0,29.5090134,4,0,PET,UPPER MERIDIAN,LANG_09,Round-Trip,google,Paid Search,Paid Search,Logged-Out,AREA_D,AREA_B,AREA_D_TO_AREA_B,DA,BU,61_120,high,9_14,Y,L,0,0.7752458506099463,22.876740193943306
70.0,146.5878165,129.52083333333334,1,1,0,0,0,0,0,1,0,4,1,3111.6666666666665,22.0,39.8481754,6,0,PET,NEW APEX,LANG_02,Round-Trip,google,Organic Search,Organic Search,Logged-In,AREA_B,AREA_C,AREA_B_TO_AREA_C,BI,CU,61_120,very_high,30_plus,Y,U,0,0.5740421154770552,22.874530904516753
90.0,327.105559,11.211805555555555,2,2,0,0,0,0,0,0,0,2,1,285.25,14.0,38.1187,5,1,PET,UPPER APEX,LANG_09,Round-Trip,apple,Direct,Direct,Logged-Out,AREA_C,AREA_B,AREA_C_TO_AREA_B,CA,BO,61_120,very_high,9_14,C,D,0,0.6000038326993082,22.871366097515118
80.0,32.5276718,14.770833333333334,1,1,0,0,0,0,0,0,0,4,1,359.0,17.0,26.2552183,4,0,PET,WEST MERIDIAN,LANG_02,Round-Trip,apple,Paid Search,Paid Search,Logged-Out,AREA_B,AREA_B,AREA_B_TO_AREA_B,BO,BA,61_120,low,15_30,Y,L,0,0.8709966061405384,22.868206032778957
5.0,66.5543936,14.163194444444445,2,2,0,0,0,0,0,0,0,2,1,342.9166666666667,8.0,26.38328,3,1,PET,UPPER APEX,LANG_02,Round-Trip,mozilla,Direct,Direct,Logged-Out,AREA_C,AREA_C,AREA_C_TO_AREA_C,CA,CI,4_7,high,15_30,Y,U,0,0.8662978124772026,22.85577774997353
35.0,96.1113766,48.78125,1,1,0,0,0,0,0,0,0,2,1,1174.0833333333333,14.0,44.4686758,4,1,PET,LOWER VERTEX,LANG_02,Round-Trip,google,Direct,Email,Logged-Out,AREA_B,AREA_C,AREA_B_TO_AREA_C,BU,CA,31_60,high,30_plus,Y,W,0,0.5139407005994503,22.85426239538182
50.0,26.2308052,3.5520833333333335,2,2,0,0,0,0,0,1,0,2,1,87.5,14.0,52.4401954,2,1,PET,WEST APEX,LANG_02,Round-Trip,apple,Direct,Paid Search,Logged-In,AREA_B,AREA_C,AREA_B_TO_AREA_C,BE,CA,31_60,low,3_5,Y,U,0,0.4357871622717413,22.85276394234162
40.0,35.019092900000004,,1,1,0,0,0,0,0,0,0,2,1,167.0,20.0,27.8699093,4,1,PET,GREAT MERIDIAN,LANG_03,Multi-City,apple,Direct,Paid Search,Logged-Out,AREA_B,AREA_C,AREA_B_TO_AREA_C,BA,CA,31_60,mid,unknown_or_oneway,Y,O,0,0.8199639208212398,22.852320102560334
11.0,134.12557139999998,4.618055555555555,2,2,0,0,0,0,0,0,0,4,1,117.58333333333333,10.0,30.2217046,3,0,PET,EAST HORIZON,LANG_02,Round-Trip,apple,Paid Search,Paid Search,Logged-Out,AREA_C,AREA_C,AREA_C_TO_AREA_C,CE,CI,8_14,very_high,3_5,Y,Q,0,0.7559803063841319,22.847013502958728
46.0,37.2141304,34.18402777777778,2,2,0,0,0,0,0,1,0,2,1,825.5,21.0,26.38328,3,1,PET,UPPER APEX,LANG_09,Round-Trip,microsoft,Paid Search,Organic Search,Logged-In,AREA_C,AREA_B,AREA_C_TO_AREA_B,CA,BO,31_60,mid,30_plus,Y,O,0,0.8658282159176098,22.843388252454755
1.0,32.195311000000004,,1,1,0,0,0,0,0,0,0,1,0,0.4166666666666667,23.0,42.1006051,3,1,PET,UPPER VERTEX,LANG_11,One-Way,google,Paid Search,Paid Search,Logged-Out,AREA_B,AREA_C,AREA_B_TO_AREA_C,BE,CA,0_3,low,unknown_or_oneway,Y,T,0,0.5425724821246007,22.842629808054625
56.0,134.5367394,11.21875,3,2,1,0,0,0,1,0,0,2,1,273.25,12.0,29.21006,3,1,PET,UPPER APEX,LANG_09,Round-Trip,mozilla,Paid Search,Paid Search,Logged-Out,AREA_C,AREA_C,AREA_C_TO_AREA_C,CA,CI,31_60,very_high,9_14,Y,W,0,0.781964888990329,22.84124132530085
15.0,105.263291,29.010416666666668,1,1,0,0,0,0,0,0,0,4,1,699.25,2.0,44.2082694,5,0,PET,NORTH MERIDIAN,LANG_02,Round-Trip,google,Paid Search,Paid Search,Logged-Out,AREA_B,AREA_B,AREA_B_TO_AREA_B,BO,BI,15_30,very_high,15_30,Y,V,0,0.5165757466099066,22.836919771636886
101.0,213.4835652,18.97222222222222,2,2,0,0,0,0,0,0,0,3,1,461.25,14.0,76.2374,4,0,PET,UPPER APEX,LANG_09,Round-Trip,apple,Direct,Direct,Logged-Out,AREA_B,AREA_C,AREA_B_TO_AREA_C,BE,CA,61_120,very_high,15_30,Y,U,0,0.2995141535409735,22.83418032916461
,49.7119244,,1,1,0,0,0,0,0,0,0,1,0,1.5833333333333333,9.0,23.4871154,6,1,PET,UPPER MERIDIAN,LANG_02,One-Way,apple,Paid Search,Paid Search,Logged-Out,AREA_C,AREA_D,AREA_C_TO_AREA_D,CA,DA,MISSING,mid,unknown_or_oneway,Y,T,1,0.9721579574123804,22.833186132772866
12.0,49.5080536,,1,1,0,0,0,0,0,0,0,1,0,4.0,11.0,40.024635,4,1,PET,UPPER APEX,LANG_02,One-Way,google,Paid Search,Paid Search,Logged-Out,AREA_B,AREA_C,AREA_B_TO_AREA_C,BO,CA,8_14,mid,unknown_or_oneway,Y,V,0,0.5704116081591163,22.830516416331655
4.0,83.8864097,8.4375,2,2,0,0,0,0,0,0,0,4,1,204.08333333333334,12.0,28.923099,3,0,PET,LOWER HORIZON,LANG_02,Round-Trip,google,Direct,MetaSearches,Logged-Out,AREA_B,AREA_C,AREA_B_TO_AREA_C,BA,CU,4_7,high,9_14,Y,T,0,0.7893388335221468,22.830125226505572
0.0,104.4893529,,3,3,0,0,0,0,0,1,0,1,0,2.75,20.0,36.5279938,4,1,PET,GREAT ZENITH,LANG_02,One-Way,apple,Paid Search,Paid Search,Logged-In,AREA_C,AREA_C,AREA_C_TO_AREA_C,CA,CI,invalid_or_past,very_high,unknown_or_oneway,Y,K,0,0.6249927612880386,22.829731709374354
52.0,61.2134926,9.229166666666666,3,2,0,1,0,1,0,0,0,2,1,224.16666666666666,23.0,49.7911599,3,1,PET,UPPER APEX,LANG_09,Round-Trip,apple,Paid Search,Affiliate,Logged-Out,AREA_C,AREA_B,AREA_C_TO_AREA_B,CA,BO,31_60,high,9_14,Y,O,0,0.4585087857992932,22.829684269287455
53.0,110.5896298,13.274305555555555,2,2,0,0,0,0,0,1,0,5,1,320.6666666666667,14.0,29.5342831,6,0,PET,SOUTH MERIDIAN,LANG_02,Round-Trip,google,Direct,Organic Search,Logged-In,AREA_B,AREA_C,AREA_B_TO_AREA_C,BI,CE,31_60,very_high,9_14,Y,V,1,0.7727344642075598,22.822158427032885
39.0,48.573502999999995,7.375,3,2,0,1,0,1,0,1,0,2,1,178.83333333333334,21.0,40.9716063,2,1,PET,SOUTH HORIZON,LANG_09,Round-Trip,apple,Direct,Direct,Logged-In,AREA_C,AREA_C,AREA_C_TO_AREA_C,CA,CA,31_60,mid,6_8,Y,W,0,0.5568827033410001,22.81637887656715
55.0,29.1993525,26.930555555555557,1,1,0,0,0,0,0,0,0,4,1,647.4166666666666,21.0,28.2994942,4,0,PET,NORTH HORIZON,LANG_04,Round-Trip,apple,MetaSearches,MetaSearches,Logged-Out,AREA_C,AREA_C,AREA_C_TO_AREA_C,CI,CE,31_60,low,15_30,Y,U,0,0.8062291946779402,22.81587841865904
4.0,40.2362152,37.260416666666664,1,1,0,0,0,0,0,0,0,4,1,896.5833333333334,22.0,30.4238622,4,0,PET,SOUTH MERIDIAN,LANG_02,Round-Trip,apple,Organic Search,Organic Search,Logged-Out,AREA_B,AREA_C,AREA_B_TO_AREA_C,BI,CE,4_7,mid,30_plus,Y,V,0,0.7498403075256262,22.813038188165276
10.0,26.562309399999997,10.54861111111111,1,1,0,0,0,0,0,1,1,4,1,255.66666666666666,6.0,29.3681027,5,0,PET,NORTH HORIZON,LANG_09,Round-Trip,apple,Direct,Direct,Logged-In,AREA_C,AREA_C,AREA_C_TO_AREA_C,CE,CU,8_14,low,9_14,Y,W,0,0.7767527980411922,22.811755945386093
14.0,111.4916296,17.538194444444443,2,2,0,0,0,0,0,0,0,2,1,423.0833333333333,19.0,31.5391554,1,1,PET,NEW AURORA,LANG_02,Round-Trip,google,Direct,Organic Search,Logged-Out,AREA_C,AREA_C,AREA_C_TO_AREA_C,CU,CA,8_14,very_high,15_30,Y,E,0,0.7232516037728154,22.81074472469005
37.0,46.9639516,38.760416666666664,2,1,1,0,0,0,1,1,0,2,1,932.5833333333334,9.0,27.79667,3,1,PET,UPPER APEX,LANG_09,Round-Trip,apple,Direct,Paid Search,Logged-In,AREA_C,AREA_C,AREA_C_TO_AREA_C,CA,CU,31_60,mid,30_plus,Y,O,1,0.8206257914614979,22.810664318744074
16.0,46.1381892,,1,1,0,0,0,0,0,1,0,1,0,2.4166666666666665,9.0,25.698,3,0,PET,UPPER VERTEX,LANG_02,One-Way,apple,Direct,Direct,Logged-In,AREA_B,AREA_B,AREA_B_TO_AREA_B,BE,BA,15_30,mid,unknown_or_oneway,C,F,0,0.887598955160219,22.80951794970731
22.0,81.4056961,,1,1,0,0,0,0,0,0,0,1,0,10.083333333333334,14.0,52.9730006,5,1,PET,UPPER APEX,LANG_09,One-Way,google,Direct,Direct,Logged-Out,AREA_C,AREA_C,AREA_C_TO_AREA_C,CA,CE,15_30,high,unknown_or_oneway,Y,Q,0,0.43053968394562764,22.806978935975543
58.0,98.2451672,30.211805555555557,1,1,0,0,0,0,0,0,0,2,1,741.25,16.0,38.1187,5,1,PET,LOWER VERTEX,LANG_09,Round-Trip,apple,Paid Search,Paid Search,Logged-Out,AREA_C,AREA_B,AREA_C_TO_AREA_B,CA,BO,31_60,high,30_plus,Y,U,0,0.5982888382143201,22.805992737240203
5.0,36.6689045,,1,1,0,0,0,0,0,0,0,1,0,2.75,16.0,26.3601518,5,1,PET,UPPER VERTEX,LANG_11,One-Way,apple,Direct,Direct,Logged-Out,AREA_C,AREA_C,AREA_C_TO_AREA_C,CA,CI,4_7,mid,unknown_or_oneway,Y,Q,0,0.8649650488045558,22.8006099881825
28.0,105.6718892,77.64236111111111,1,1,0,0,0,0,0,0,0,2,1,1866.6666666666667,14.0,52.9704308,4,1,PET,NORTH MERIDIAN,LANG_02,Round-Trip,apple,Direct,Paid Search,Logged-Out,AREA_B,AREA_C,AREA_B_TO_AREA_C,BI,CA,15_30,very_high,30_plus,Y,O,0,0.4301713246724975,22.786360385708864
38.0,203.673782,,2,2,0,0,0,0,0,0,0,3,1,-693.1666666666666,19.0,44.4686758,3,1,PET,LOWER VERTEX,LANG_02,Round-Trip,google,Organic Search,Organic Search,Logged-Out,AREA_B,AREA_C,AREA_B_TO_AREA_C,BU,CA,31_60,very_high,unknown_or_oneway,Y,U,0,0.5123070306391544,22.781615255553223
16.0,104.0987433,,1,1,0,0,0,0,0,0,0,1,0,15.916666666666666,14.0,80.9649754,3,1,PET,LOWER VERTEX,LANG_02,Round-Trip,apple,Paid Search,Paid Search,Logged-Out,AREA_B,AREA_C,AREA_B_TO_AREA_C,BU,CA,15_30,very_high,unknown_or_oneway,Y,U,0,0.28137591266094963,22.781593846746336
7.0,76.8001862,,2,2,0,0,0,0,0,0,0,3,1,143.75,19.0,26.38328,5,1,PET,UPPER APEX,LANG_02,Multi-City,apple,Organic Search,Organic Search,Logged-Out,AREA_C,AREA_C,AREA_C_TO_AREA_C,CA,CE,4_7,high,unknown_or_oneway,Y,L,1,0.8632217838110997,22.77462202438771
95.0,38.747444400000006,20.086805555555557,2,2,0,0,0,0,0,1,1,3,1,483.3333333333333,12.0,24.9321996,4,1,PET,NEW ZENITH,LANG_02,Round-Trip,apple,Direct,Direct,Logged-In,AREA_B,AREA_C,AREA_B_TO_AREA_C,BA,CA,61_120,mid,15_30,Y,U,0,0.9133745627456147,22.772436907936388
42.0,42.1023183,,2,2,0,0,0,0,0,0,0,2,1,4.25,17.0,25.1206516,4,0,PET,NORTH HORIZON,LANG_02,One-Way,apple,Paid Search,Paid Search,Logged-Out,AREA_C,AREA_C,AREA_C_TO_AREA_C,CU,CU,31_60,mid,unknown_or_oneway,Y,V,0,0.9065014821966201,22.771907909144893
15.0,55.25284150000001,1.7291666666666667,2,2,0,0,0,0,0,1,1,4,1,44.25,11.0,31.5545742,3,0,PET,NEW MERIDIAN,LANG_02,Round-Trip,apple,Direct,Organic Search,Logged-In,AREA_C,AREA_C,AREA_C_TO_AREA_C,CI,CI,15_30,high,1_2,Y,L,0,0.7216130714376043,22.770193206367786
82.0,55.0982252,21.583333333333332,1,1,0,0,0,0,0,1,1,2,1,521.0,18.0,26.820146,2,1,PET,UPPER APEX,LANG_02,Round-Trip,apple,Direct,Direct,Logged-In,AREA_C,AREA_C,AREA_C_TO_AREA_C,CA,CI,61_120,high,15_30,Y,H,1,0.84887604092824,22.766979353597375
13.0,35.7429199,,1,1,0,0,0,0,0,0,0,2,1,6.75,16.0,24.901362,4,0,PET,GREAT MERIDIAN,LANG_02,One-Way,apple,Direct,Paid Search,Logged-Out,AREA_B,AREA_C,AREA_B_TO_AREA_C,BO,CU,8_14,mid,unknown_or_oneway,Y,O,0,0.9142764968299718,22.76673001565498
78.0,37.8767105,28.930555555555557,1,1,0,0,0,0,0,0,0,4,1,695.25,18.0,27.218465,4,0,PET,UPPER APEX,LANG_02,Round-Trip,google,Direct,Direct,Logged-Out,AREA_B,AREA_C,AREA_B_TO_AREA_C,BE,CE,61_120,mid,15_30,Y,V,0,0.8364179194358615,22.766011865537816
29.0,413.4791067999999,6.684027777777778,2,2,0,0,0,0,0,1,0,2,1,165.75,10.0,76.2374,5,0,PET,UPPER APEX,LANG_02,Round-Trip,samsung,Direct,Direct,Logged-In,AREA_B,AREA_C,AREA_B_TO_AREA_C,BE,CA,15_30,very_high,6_8,Y,O,0,0.2986071780572844,22.76503487642441
78.0,26.6907994,7.125,1,1,0,0,0,0,0,1,0,2,1,173.08333333333334,21.0,29.21006,1,0,PET,NORTH ZENITH,LANG_09,Round-Trip,apple,Direct,Direct,Logged-In,AREA_B,AREA_B,AREA_B_TO_AREA_B,BE,BA,61_120,low,6_8,Y,W,0,0.779331680662681,22.76432515205775
139.0,107.5084396,,1,1,0,0,0,0,0,0,0,1,0,14.416666666666666,12.0,50.3676517,4,1,PET,LOWER VERTEX,LANG_02,One-Way,google,Paid Search,Paid Search,Logged-Out,AREA_B,AREA_C,AREA_B_TO_AREA_C,BU,CA,120_plus,very_high,unknown_or_oneway,Y,S,0,0.4519437560149655,22.763345690951564
