DTD,FARE_YQ_TICKET,stay_length_days,pax_total,ADULTS,TEENAGERS,CHILDREN,INFANTS,has_child_or_infant,has_teenager,is_logged_in,has_loyalty,segment_count,has_connection,travel_span_hours,HOUR_OF_THE_DAY_PL_TIME,emd_price,display_position,is_hub_caj_route,product,MARKET,LANGUAGE,FLIGHT_TYPE,BROWSER_TYPE,FIRST_TOUCH_CHANNEL,LAST_TOUCH_CHANNEL,LOGIN_STATUS,origin_area,destination_area,route_direction,origin_prefix,destination_prefix,dtd_bucket,fare_bucket,stay_bucket,first_booking_class,first_rbd,actual_sold,predicted_probability,expected_revenue
29.0,270.9819836,,3,2,0,1,0,1,0,0,0,2,1,9.333333333333334,10.0,205.2726259,2,0,BAGGAGE,OLD HORIZON,LANG_02,One-Way,google,Organic Search,Paid Search,Logged-Out,AREA_C,AREA_C,AREA_C_TO_AREA_C,CE,CU,15_30,very_high,unknown_or_oneway,P,A,1,0.6480571034318728,133.02838335460845
73.0,495.4510155,11.319444444444445,5,3,0,2,0,1,0,0,0,2,1,287.8333333333333,10.0,138.7692,3,1,BAGGAGE,UPPER APEX,LANG_09,Round-Trip,google,Paid MetaSearches,Paid MetaSearches,Logged-Out,AREA_C,AREA_B,AREA_C_TO_AREA_B,CA,BO,61_120,very_high,9_14,Y,L,1,0.9187672794945742,127.49660036163847
11.0,226.095287,3.2118055555555554,6,6,0,0,0,0,0,1,0,4,1,78.91666666666667,11.0,134.2874688,3,0,BAGGAGE,NEW MERIDIAN,LANG_02,Round-Trip,google,Organic Search,Email,Logged-In,AREA_C,AREA_C,AREA_C_TO_AREA_C,CA,CI,8_14,very_high,3_5,Y,V,1,0.899725699164344,120.82188675509002
141.0,315.2155227,13.333333333333334,3,2,0,1,0,1,0,0,0,2,1,334.4166666666667,12.0,127.873248,2,1,BAGGAGE,UPPER APEX,LANG_09,Round-Trip,google,Paid Search,Paid Search,Logged-Out,AREA_C,AREA_B,AREA_C_TO_AREA_B,CA,BU,120_plus,very_high,9_14,Y,O,0,0.9166664830007468,117.21712051404229
77.0,402.8388499,11.958333333333334,3,2,0,1,0,1,0,0,0,2,1,292.9166666666667,14.0,135.9321408,3,1,BAGGAGE,UPPER APEX,LANG_09,Round-Trip,microsoft,Paid Search,Paid Search,Logged-Out,AREA_C,AREA_C,AREA_C_TO_AREA_C,CA,CA,61_120,very_high,9_14,Y,L,0,0.8361405624153359,113.65837665883264
140.0,705.6636536,,8,4,0,4,0,1,0,1,0,4,1,482.0833333333333,17.0,113.276784,3,0,BAGGAGE,UPPER APEX,LANG_09,Multi-City,microsoft,Paid Search,Paid Search,Logged-In,AREA_B,AREA_B,AREA_B_TO_AREA_B,BE,BU,120_plus,very_high,unknown_or_oneway,Y,U,1,0.9539656981896877,108.06216633724245
202.0,536.1236683999999,16.22222222222222,4,3,1,0,0,0,1,0,0,2,1,409.9166666666667,2.0,119.23872,3,1,BAGGAGE,UPPER APEX,LANG_09,Round-Trip,google,Paid Search,Paid Search,Logged-Out,AREA_C,AREA_D,AREA_C_TO_AREA_D,CA,DA,120_plus,very_high,15_30,Y,L,1,0.8919448711336843,106.35436474454546
56.0,70.553859,,7,7,0,0,0,0,0,0,0,2,1,8.166666666666666,12.0,117.2017252,3,0,BAGGAGE,NORTH HORIZON,LANG_04,One-Way,microsoft,Paid Search,MetaSearches,Logged-Out,AREA_C,AREA_B,AREA_C_TO_AREA_B,CE,BO,31_60,high,unknown_or_oneway,Y,O,0,0.8920041609806354,104.544426552509
86.0,502.0485487,9.784722222222221,6,6,0,0,0,0,0,0,0,3,1,238.0,13.0,115.1595908,3,0,BAGGAGE,LOWER VERTEX,LANG_02,Round-Trip,apple,Paid Search,Paid Search,Logged-Out,AREA_B,AREA_B,AREA_B_TO_AREA_B,BU,BE,61_120,very_high,9_14,Y,W,0,0.8725042857913368,100.4772365229766
140.0,507.3393386,80.55208333333333,4,1,0,3,0,1,0,0,0,4,1,1936.5,12.0,121.9944022,4,0,BAGGAGE,SOUTH VERTEX,LANG_02,Round-Trip,google,Direct,MetaSearches,Logged-Out,AREA_D,AREA_C,AREA_D_TO_AREA_C,DA,CU,120_plus,very_high,30_plus,Y,T,1,0.8224070538844793,100.32905690370023
8.0,114.133384,,4,4,0,0,0,0,0,1,1,2,1,5.833333333333333,14.0,98.183492,1,0,BAGGAGE,UPPER APEX,LANG_09,One-Way,google,Paid MetaSearches,MetaSearches,Logged-In,AREA_C,AREA_C,AREA_C_TO_AREA_C,CU,CE,8_14,very_high,unknown_or_oneway,Y,S,0,0.9508345124635857,93.35625274779237
9.0,420.3918688,23.458333333333332,4,2,0,2,0,1,0,0,0,4,1,563.9166666666666,9.0,94.39732,1,0,BAGGAGE,UPPER APEX,LANG_02,Round-Trip,google,MetaSearches,MetaSearches,Logged-Out,AREA_B,AREA_C,AREA_B_TO_AREA_C,BE,CA,8_14,very_high,15_30,Y,W,1,0.9810166284820168,92.60534060413805
136.0,726.413932,14.972222222222221,7,3,1,3,0,1,1,1,0,4,1,362.5,12.0,97.5684532,2,0,BAGGAGE,LOWER VERTEX,LANG_02,Round-Trip,google,Paid Search,Organic Search,Logged-In,AREA_B,AREA_B,AREA_B_TO_AREA_B,BU,BE,120_plus,very_high,15_30,Y,O,1,0.9482556029173038,92.51983241487474
34.0,334.9143246,23.06597222222222,3,2,0,1,0,1,0,0,0,2,1,558.5833333333334,19.0,98.063568,1,1,BAGGAGE,UPPER APEX,LANG_09,Round-Trip,apple,Paid Search,Paid Search,Logged-Out,AREA_C,AREA_C,AREA_C_TO_AREA_C,CA,CA,31_60,very_high,15_30,Y,V,0,0.9356188853989085,91.75012619040007
,499.581969,14.42361111111111,6,4,0,1,1,1,0,0,0,2,1,360.8333333333333,14.0,90.6214272,2,1,BAGGAGE,UPPER APEX,LANG_09,Round-Trip,google,Direct,Direct,Logged-Out,AREA_C,AREA_B,AREA_C_TO_AREA_B,CA,BU,MISSING,very_high,15_30,Y,W,1,0.9993620421416757,90.56361454838519
,582.5248338,22.1875,6,3,0,3,0,1,0,1,0,4,1,533.4166666666666,23.0,89.42904,2,0,BAGGAGE,UPPER APEX,LANG_09,Round-Trip,google,Paid Search,Paid Search,Logged-In,AREA_B,AREA_B,AREA_B_TO_AREA_B,BE,BU,MISSING,very_high,15_30,Y,U,1,0.9993717077813483,89.3728524300465
8.0,282.737962,,4,4,0,0,0,0,0,0,0,4,1,1.8333333333333333,19.0,93.746304,1,0,BAGGAGE,UPPER APEX,LANG_09,Round-Trip,mozilla,Direct,Paid Search,Logged-Out,AREA_B,AREA_B,AREA_B_TO_AREA_B,BE,BI,8_14,very_high,unknown_or_oneway,Y,W,0,0.952131520176344,89.25881093843367
9.0,481.1029655,,5,4,1,0,0,0,1,0,0,2,1,504.75,18.0,90.6214272,2,1,BAGGAGE,UPPER APEX,LANG_09,Multi-City,google,Paid Search,Paid Search,Logged-Out,AREA_C,AREA_B,AREA_C_TO_AREA_B,CA,BU,8_14,very_high,unknown_or_oneway,Y,U,1,0.9787603353081179,88.69665847237219
174.0,336.47033849999997,9.21875,3,3,0,0,0,0,0,0,0,2,1,241.83333333333334,7.0,95.1631204,1,1,BAGGAGE,UPPER APEX,LANG_09,Round-Trip,apple,Direct,Direct,Logged-Out,AREA_C,AREA_D,AREA_C_TO_AREA_D,CA,DA,120_plus,very_high,9_14,Y,O,0,0.9309918996173188,88.59609423470762
129.0,373.0514414999999,13.211805555555555,5,5,0,0,0,0,0,0,0,2,1,333.25,17.0,89.42904,1,1,BAGGAGE,UPPER APEX,LANG_09,Round-Trip,google,Paid Search,Paid Search,Logged-Out,AREA_C,AREA_B,AREA_C_TO_AREA_B,CA,BO,120_plus,very_high,9_14,Y,O,1,0.9750103919402048,87.19424334123624
94.0,469.4956072,20.447916666666668,4,4,0,0,0,0,0,0,0,2,1,511.3333333333333,11.0,90.6214272,2,1,BAGGAGE,UPPER APEX,LANG_09,Round-Trip,microsoft,Email,MetaSearches,Logged-Out,AREA_C,AREA_D,AREA_C_TO_AREA_D,CA,DA,61_120,very_high,15_30,Y,U,1,0.9472526633672953,85.84138827334546
42.0,309.34395800000004,24.006944444444443,4,3,1,0,0,0,1,0,0,4,1,577.0833333333334,9.0,87.732972,1,0,BAGGAGE,UPPER APEX,LANG_09,Round-Trip,microsoft,Email,MetaSearches,Logged-Out,AREA_C,AREA_B,AREA_C_TO_AREA_B,CU,BU,31_60,very_high,15_30,Y,O,1,0.9737529514761015,85.43024042677018
93.0,610.8106223999999,8.121527777777779,6,6,0,0,0,0,0,0,0,2,1,209.33333333333334,23.0,90.6214272,2,1,BAGGAGE,UPPER APEX,LANG_09,Round-Trip,apple,Paid Search,Organic Search,Logged-Out,AREA_C,AREA_B,AREA_C_TO_AREA_B,CA,BU,61_120,very_high,9_14,Y,O,1,0.9348496201148584,84.7174067921863
35.0,553.2984984,17.229166666666668,4,3,1,0,0,0,1,0,0,2,1,434.0833333333333,19.0,89.2645728,2,1,BAGGAGE,UPPER APEX,LANG_09,Round-Trip,google,Paid Search,Paid Search,Logged-Out,AREA_C,AREA_D,AREA_C_TO_AREA_D,CA,DA,31_60,very_high,15_30,Y,U,0,0.9462689760979391,84.46829590527595
73.0,392.4906936,6.333333333333333,3,3,0,0,0,0,0,1,0,2,1,166.41666666666666,15.0,90.6214272,1,1,BAGGAGE,UPPER APEX,LANG_09,Round-Trip,google,Paid Search,Paid Search,Logged-In,AREA_C,AREA_B,AREA_C_TO_AREA_B,CA,BU,61_120,very_high,6_8,Y,W,0,0.9128023344932711,82.71945030327201
118.0,382.4770396,10.222222222222221,4,2,1,1,0,1,1,1,0,2,1,260.0,10.0,90.6214272,3,1,BAGGAGE,UPPER APEX,LANG_09,Round-Trip,google,Paid Search,Paid Search,Logged-In,AREA_C,AREA_B,AREA_C_TO_AREA_B,CA,BI,61_120,very_high,9_14,Y,U,0,0.9126338104208707,82.70417841131353
34.0,331.6429692,,9,9,0,0,0,0,0,1,0,1,0,2.3333333333333335,10.0,87.3732,2,0,BAGGAGE,UPPER APEX,LANG_09,One-Way,google,Direct,Organic Search,Logged-In,AREA_B,AREA_B,AREA_B_TO_AREA_B,BA,BE,31_60,very_high,unknown_or_oneway,Y,H,0,0.9394904803503582,82.08628963774791
14.0,92.9299642,,3,2,0,1,0,1,0,0,0,1,0,2.75,14.0,98.2066202,2,1,BAGGAGE,NEW MERIDIAN,LANG_02,One-Way,apple,Paid Search,Paid Search,Logged-Out,AREA_C,AREA_C,AREA_C_TO_AREA_C,CA,CI,8_14,high,unknown_or_oneway,Y,V,0,0.8357923291559963,82.08033983549632
133.0,390.38645570000006,25.118055555555557,4,2,1,1,0,1,1,0,0,4,1,604.5,13.0,91.9405912,3,0,BAGGAGE,CENTRAL HORIZON,LANG_02,Round-Trip,google,Direct,Direct,Logged-Out,AREA_D,AREA_B,AREA_D_TO_AREA_B,DA,BI,120_plus,very_high,15_30,Y,L,0,0.8909626362578084,81.91563151465346
111.0,594.2255614999999,6.71875,7,2,0,5,0,1,0,1,0,4,1,164.75,13.0,87.4965504,1,0,BAGGAGE,LOWER VERTEX,LANG_02,Round-Trip,microsoft,Organic Search,Organic Search,Logged-In,AREA_B,AREA_B,AREA_B_TO_AREA_B,BU,BA,61_120,very_high,6_8,Y,V,1,0.9355555949105278,81.85788726209098
184.0,226.4285044,14.847222222222221,2,2,0,0,0,0,0,1,0,4,1,359.25,16.0,131.8418758,1,0,BAGGAGE,NEW APEX,LANG_02,Round-Trip,mozilla,Paid Search,Paid Search,Logged-In,AREA_C,AREA_B,AREA_C_TO_AREA_B,CU,BU,120_plus,very_high,15_30,Y,L,0,0.6195097367704612,81.67732577218183
244.0,422.547931,14.21875,5,4,0,1,0,1,0,0,0,2,1,355.4166666666667,16.0,84.3716736,2,1,BAGGAGE,UPPER APEX,LANG_09,Round-Trip,mozilla,Paid Search,Paid Search,Logged-Out,AREA_C,AREA_B,AREA_C_TO_AREA_B,CA,BU,120_plus,very_high,15_30,Y,U,1,0.9644137744370442,81.36920419214631
78.0,129.1804196,7.90625,2,2,0,0,0,0,0,0,0,4,1,191.08333333333334,18.0,115.165587,1,0,BAGGAGE,CENTRAL AURORA,LANG_01,Round-Trip,google,Organic Search,Organic Search,Logged-Out,AREA_C,AREA_B,AREA_C_TO_AREA_B,CI,BU,61_120,very_high,6_8,Y,V,0,0.7041476030094698,81.09357203522855
221.0,1555.0305232,15.0,7,4,3,0,0,0,1,0,0,2,1,367.25,19.0,90.6214272,3,1,BAGGAGE,UPPER APEX,LANG_09,Round-Trip,google,Direct,Organic Search,Logged-Out,AREA_C,AREA_B,AREA_C_TO_AREA_B,CA,BU,120_plus,very_high,15_30,Y,T,1,0.8908899156131654,80.73371563095262
89.0,421.3512608,10.253472222222221,4,2,0,2,0,1,0,1,0,4,1,248.5,17.0,92.1256168,3,0,BAGGAGE,SOUTH MERIDIAN,LANG_02,Round-Trip,google,Direct,Email,Logged-In,AREA_B,AREA_C,AREA_B_TO_AREA_C,BI,CA,61_120,very_high,9_14,Y,W,0,0.8753384626682799,80.64109578207906
3.0,149.2479878,,3,2,1,0,0,0,1,1,0,1,0,2.3333333333333335,16.0,87.3732,2,0,BAGGAGE,UPPER VERTEX,LANG_11,One-Way,apple,Direct,Direct,Logged-In,AREA_B,AREA_B,AREA_B_TO_AREA_B,BA,BE,0_3,very_high,unknown_or_oneway,Y,E,0,0.9147823447895416,79.92746076776557
153.0,340.3378875,66.78472222222223,3,1,0,2,0,1,0,0,0,4,1,1606.0,11.0,97.5684532,2,0,BAGGAGE,LOWER VERTEX,LANG_09,Round-Trip,apple,Direct,Direct,Logged-Out,AREA_B,AREA_B,AREA_B_TO_AREA_B,BU,BE,120_plus,very_high,30_plus,Y,U,0,0.817926273363259,79.80380132369353
118.0,978.7815693,10.28125,9,9,0,0,0,0,0,1,0,2,1,260.25,16.0,89.42904,3,1,BAGGAGE,UPPER APEX,LANG_09,Round-Trip,google,Direct,Paid Search,Logged-In,AREA_C,AREA_B,AREA_C_TO_AREA_B,CA,BU,61_120,very_high,9_14,Y,O,0,0.8857782190040728,79.21429577844398
240.0,583.1805611,16.78125,3,3,0,0,0,0,0,0,1,2,1,406.0,10.0,93.6229536,2,0,BAGGAGE,LOWER VERTEX,LANG_02,Round-Trip,apple,Direct,Direct,Logged-Out,AREA_B,AREA_B,AREA_B_TO_AREA_B,BU,BE,120_plus,very_high,15_30,Y,U,1,0.8415961358086561,78.79271597275311
3.0,130.5903832,,4,4,0,0,0,0,0,1,1,2,1,5.166666666666667,11.0,80.2240164,3,0,BAGGAGE,LOWER HORIZON,LANG_02,One-Way,google,MetaSearches,MetaSearches,Logged-In,AREA_B,AREA_C,AREA_B_TO_AREA_C,BE,CU,0_3,very_high,unknown_or_oneway,Y,S,1,0.9704025447934185,77.84958966810893
258.0,300.6507529,59.298611111111114,3,3,0,0,0,0,0,0,0,2,1,1439.3333333333333,11.0,90.6214272,2,1,BAGGAGE,LOWER VERTEX,LANG_02,Round-Trip,google,Direct,Direct,Logged-Out,AREA_C,AREA_B,AREA_C_TO_AREA_B,CA,BO,120_plus,very_high,30_plus,Y,U,0,0.8511547171103961,77.13285523255635
228.0,339.40076710000005,34.78125,3,1,1,1,0,1,1,1,0,2,1,838.0,13.0,93.6229536,2,0,BAGGAGE,LOWER VERTEX,LANG_02,Round-Trip,apple,Direct,Direct,Logged-In,AREA_B,AREA_B,AREA_B_TO_AREA_B,BU,BE,120_plus,very_high,30_plus,Y,U,0,0.8101808957283511,75.85152840838185
106.0,441.9533473999999,,7,6,0,0,1,1,0,0,0,3,1,410.0833333333333,21.0,78.6975552,2,0,BAGGAGE,UPPER APEX,LANG_09,Multi-City,apple,Direct,Direct,Logged-Out,AREA_C,AREA_B,AREA_C_TO_AREA_B,CU,BO,61_120,very_high,unknown_or_oneway,Y,O,1,0.9583944088048976,75.4232968902948
13.0,578.0371064,11.211805555555555,4,2,1,1,0,1,1,1,0,2,1,285.25,11.0,77.8341024,2,1,BAGGAGE,UPPER APEX,LANG_09,Round-Trip,google,Organic Search,Organic Search,Logged-In,AREA_C,AREA_B,AREA_C_TO_AREA_B,CA,BO,8_14,very_high,9_14,Y,T,1,0.9685668419308177,75.38753075608788
29.0,649.3721846,14.065972222222221,3,1,1,1,0,1,1,0,0,2,1,342.5833333333333,13.0,98.063568,4,1,BAGGAGE,UPPER APEX,LANG_09,Round-Trip,microsoft,Paid Search,Paid Search,Logged-Out,AREA_C,AREA_C,AREA_C_TO_AREA_C,CA,CA,15_30,very_high,15_30,Y,T,1,0.7625185812948204,74.77529274806815
175.0,733.485165,16.21875,5,5,0,0,0,0,0,1,0,2,1,409.8333333333333,15.0,79.2937488,2,1,BAGGAGE,UPPER APEX,LANG_09,Round-Trip,microsoft,Paid Search,Paid Search,Logged-In,AREA_C,AREA_D,AREA_C_TO_AREA_D,CA,DA,120_plus,very_high,15_30,Y,W,1,0.9407668476194109,74.59693009450145
,506.9037575,10.42361111111111,5,4,1,0,0,0,1,1,0,2,1,264.8333333333333,22.0,74.5242,2,1,BAGGAGE,UPPER APEX,LANG_09,Round-Trip,google,Organic Search,Organic Search,Logged-In,AREA_C,AREA_B,AREA_C_TO_AREA_B,CA,BU,MISSING,very_high,9_14,Y,U,1,0.9995958763980987,74.49408301186718
200.0,480.4716513,15.993055555555555,3,3,0,0,0,0,0,1,1,2,1,404.4166666666667,23.0,89.42904,3,1,BAGGAGE,UPPER APEX,LANG_09,Round-Trip,google,Internal,Organic Search,Logged-In,AREA_C,AREA_D,AREA_C_TO_AREA_D,CA,DA,120_plus,very_high,15_30,Y,L,0,0.8303611253988396,74.25839829773784
22.0,204.3256546,7.239583333333333,2,2,0,0,0,0,0,0,0,2,1,188.25,10.0,114.2841456,2,1,BAGGAGE,UPPER APEX,LANG_09,Round-Trip,google,Direct,Direct,Logged-Out,AREA_C,AREA_B,AREA_C_TO_AREA_B,CA,BU,15_30,very_high,6_8,Y,U,0,0.647386686308746,73.98603431761025
142.0,729.0274185999999,21.22222222222222,6,4,0,2,0,1,0,0,0,2,1,529.9166666666666,17.0,74.5242,2,1,BAGGAGE,UPPER APEX,LANG_09,Round-Trip,google,Paid Search,Paid Search,Logged-Out,AREA_C,AREA_D,AREA_C_TO_AREA_D,CA,DA,120_plus,very_high,15_30,Y,V,1,0.9670298302058579,72.06712447222739
101.0,240.6626266,9.20486111111111,3,2,0,1,0,1,0,0,0,3,1,221.83333333333334,6.0,78.6975552,2,0,BAGGAGE,UPPER APEX,LANG_09,Round-Trip,google,Paid Search,Paid Search,Logged-Out,AREA_B,AREA_B,AREA_B_TO_AREA_B,BE,BU,61_120,very_high,9_14,Y,U,1,0.9076670081283608,71.43117447540051
86.0,465.335101,6.229166666666667,5,2,1,2,0,1,1,1,0,2,1,164.16666666666666,22.0,74.5242,2,1,BAGGAGE,UPPER APEX,LANG_09,Round-Trip,google,Direct,Email,Logged-In,AREA_C,AREA_B,AREA_C_TO_AREA_B,CA,BU,61_120,very_high,6_8,Y,W,1,0.9551663632126565,71.18300908533264
163.0,471.571149,10.21875,3,3,0,0,0,0,0,1,0,2,1,265.8333333333333,18.0,79.2937488,2,1,BAGGAGE,UPPER APEX,LANG_09,Round-Trip,samsung,Direct,Direct,Logged-In,AREA_C,AREA_D,AREA_C_TO_AREA_D,CA,DA,120_plus,very_high,9_14,Y,L,0,0.8948626564282752,70.95701468932437
263.0,374.6588514,17.239583333333332,5,3,1,1,0,1,1,0,0,4,1,415.0,10.0,73.1416476,1,0,BAGGAGE,UPPER HORIZON,LANG_05,Round-Trip,google,Direct,Direct,Logged-Out,AREA_C,AREA_D,AREA_C_TO_AREA_D,CI,DA,120_plus,very_high,15_30,Y,L,1,0.9699132490125719,70.94105306184858
4.0,82.39121440000001,,2,2,0,0,0,0,0,0,0,2,1,2.4166666666666665,11.0,98.183492,1,0,BAGGAGE,NEW APEX,LANG_02,One-Way,google,MetaSearches,MetaSearches,Logged-Out,AREA_C,AREA_C,AREA_C_TO_AREA_C,CU,CE,4_7,high,unknown_or_oneway,Y,T,0,0.7072061475155934,69.43596912694808
189.0,541.7789416,19.302083333333332,4,3,0,1,0,1,0,0,0,2,1,479.5,18.0,72.5300352,2,1,BAGGAGE,UPPER APEX,LANG_09,Round-Trip,google,Paid Search,Paid Search,Logged-Out,AREA_C,AREA_B,AREA_C_TO_AREA_B,CA,BO,120_plus,very_high,15_30,Y,W,0,0.9552044628738935,69.28101331544059
139.0,544.5329106,15.0,3,2,0,1,0,1,0,1,0,2,1,367.25,15.0,89.42904,4,1,BAGGAGE,UPPER APEX,LANG_09,Round-Trip,google,Paid Search,Paid Search,Logged-In,AREA_C,AREA_B,AREA_C_TO_AREA_B,CA,BU,120_plus,very_high,15_30,Y,V,0,0.7741229830109929,69.2290752126094
169.0,308.8933864,22.1875,3,2,0,1,0,1,0,1,0,4,1,533.5,22.0,76.5594816,2,0,BAGGAGE,UPPER APEX,LANG_09,Round-Trip,microsoft,Direct,Email,Logged-In,AREA_B,AREA_B,AREA_B_TO_AREA_B,BE,BO,120_plus,very_high,15_30,Y,W,1,0.902287530638055,69.07866559979361
20.0,253.82599880000004,,3,2,0,0,1,1,0,1,0,2,1,30.5,8.0,80.1970335,2,0,BAGGAGE,NORTH MERIDIAN,LANG_02,One-Way,apple,Direct,Direct,Logged-In,AREA_B,AREA_B,AREA_B_TO_AREA_B,BI,BO,15_30,very_high,unknown_or_oneway,Y,V,0,0.8483032972068876,68.03140794426122
203.0,464.8785332000001,15.590277777777779,6,4,0,2,0,1,0,0,0,2,1,377.3333333333333,14.0,71.4944058,2,1,BAGGAGE,LOWER VERTEX,LANG_09,Round-Trip,apple,Direct,Direct,Logged-Out,AREA_B,AREA_C,AREA_B_TO_AREA_C,BU,CA,120_plus,very_high,15_30,Y,O,1,0.9492421501816815,67.86550348755367
318.0,231.9535744,21.21875,2,2,0,0,0,0,0,0,0,2,1,529.8333333333334,22.0,95.1631204,1,1,BAGGAGE,UPPER APEX,LANG_09,Round-Trip,google,Organic Search,Organic Search,Logged-Out,AREA_C,AREA_D,AREA_C_TO_AREA_D,CA,DA,120_plus,very_high,15_30,Y,L,0,0.7120597899970638,67.76183152748929
3.0,154.0877778,,6,6,0,0,0,0,0,1,0,1,0,2.4166666666666665,19.0,71.2965312,2,0,BAGGAGE,UPPER APEX,LANG_09,One-Way,apple,Direct,Direct,Logged-In,AREA_B,AREA_B,AREA_B_TO_AREA_B,BE,BA,0_3,very_high,unknown_or_oneway,Y,V,1,0.9497526459321254,67.71406915298233
83.0,383.2865266,7.829861111111111,2,2,0,0,0,0,0,1,1,2,1,193.83333333333334,20.0,135.9321408,3,1,BAGGAGE,UPPER APEX,LANG_09,Round-Trip,google,Direct,Organic Social,Logged-In,AREA_C,AREA_C,AREA_C_TO_AREA_C,CA,CA,61_120,very_high,6_8,Y,L,0,0.496546613617204,67.49664419597697
69.0,289.3727573,10.552083333333334,3,2,0,1,0,1,0,0,0,4,1,256.5,7.0,79.479631,4,0,BAGGAGE,LOWER VERTEX,LANG_02,Round-Trip,apple,Internal,Email,Logged-Out,AREA_D,AREA_C,AREA_D_TO_AREA_C,DA,CU,61_120,very_high,9_14,Y,U,0,0.8439631352165097,67.0778785646113
150.0,719.5238698999999,17.59027777777778,5,3,0,2,0,1,0,0,0,2,1,425.3333333333333,13.0,71.4944058,2,1,BAGGAGE,LOWER VERTEX,LANG_02,Round-Trip,google,Direct,Direct,Logged-Out,AREA_B,AREA_C,AREA_B_TO_AREA_C,BU,CA,120_plus,very_high,15_30,Y,U,1,0.9362025241039117,66.93324316926935
169.0,366.9995625,16.770833333333332,4,3,0,1,0,1,0,0,0,2,1,406.0,10.0,71.1731808,2,1,BAGGAGE,LOWER VERTEX,LANG_02,Round-Trip,google,Paid Search,Paid Search,Logged-Out,AREA_B,AREA_C,AREA_B_TO_AREA_C,BU,CA,120_plus,very_high,15_30,Y,O,1,0.9340236669060392,66.47743531618251
183.0,473.5473252000001,14.78125,3,3,0,0,0,0,0,0,0,2,1,358.0,8.0,76.6031682,2,0,BAGGAGE,LOWER VERTEX,LANG_02,Round-Trip,google,Paid Search,Organic Search,Logged-Out,AREA_B,AREA_B,AREA_B_TO_AREA_B,BU,BE,120_plus,very_high,15_30,Y,L,0,0.8633914030968156,66.13851687385937
181.0,374.2177023999999,22.78125,3,3,0,0,0,0,0,1,0,2,1,550.0,6.0,76.6031682,2,0,BAGGAGE,LOWER VERTEX,LANG_02,Round-Trip,samsung,Direct,Referrals,Logged-In,AREA_B,AREA_B,AREA_B_TO_AREA_B,BU,BE,120_plus,very_high,15_30,Y,L,0,0.8632905581805712,66.13079183377818
242.0,583.6409836,18.74652777777778,2,2,0,0,0,0,0,0,0,4,1,454.75,20.0,109.7698636,1,0,BAGGAGE,NEW HORIZON,LANG_02,Round-Trip,google,Paid Search,Paid Search,Logged-Out,AREA_C,AREA_B,AREA_C_TO_AREA_B,CE,BU,120_plus,very_high,15_30,Y,Y,0,0.5993486712182118,65.79042188846435
97.0,300.02928959999997,14.246527777777779,4,2,0,2,0,1,0,1,0,2,1,356.0833333333333,17.0,67.07178,1,1,BAGGAGE,UPPER APEX,LANG_09,Round-Trip,apple,Direct,Direct,Logged-In,AREA_C,AREA_B,AREA_C_TO_AREA_B,CA,BU,61_120,very_high,15_30,Y,U,1,0.977829426523536,65.58476017331277
122.0,160.78981620000002,7.722222222222222,2,2,0,0,0,0,0,0,0,4,1,186.16666666666666,21.0,95.4063948,1,0,BAGGAGE,UPPER APEX,LANG_09,Round-Trip,google,Paid Search,Paid Search,Logged-Out,AREA_B,AREA_B,AREA_B_TO_AREA_B,BI,BU,120_plus,very_high,6_8,Y,U,0,0.6851443708685734,65.36715434208473
91.0,466.0353715,10.427083333333334,5,5,0,0,0,0,0,0,0,2,1,266.4166666666667,14.0,67.07178,1,1,BAGGAGE,UPPER APEX,LANG_09,Round-Trip,google,Internal,Internal,Logged-Out,AREA_C,AREA_B,AREA_C_TO_AREA_B,CA,BO,61_120,very_high,9_14,Y,O,1,0.970915985100477,65.12106335114248
57.0,270.3446732,,4,3,1,0,0,0,1,1,0,4,1,314.9166666666667,22.0,67.9660704,2,0,BAGGAGE,UPPER APEX,LANG_09,Multi-City,google,Paid Search,Paid Search,Logged-In,AREA_C,AREA_B,AREA_C_TO_AREA_B,CE,BU,31_60,very_high,unknown_or_oneway,Y,O,1,0.9556964330661204,64.95493105080084
90.0,344.0345448,,4,2,1,1,0,1,1,0,0,3,1,389.25,10.0,67.9660704,2,1,BAGGAGE,UPPER APEX,LANG_09,Multi-City,google,Paid Search,Paid Search,Logged-Out,AREA_C,AREA_B,AREA_C_TO_AREA_B,CA,BO,61_120,very_high,unknown_or_oneway,Y,O,1,0.9547577069144763,64.89112952309186
72.0,326.4995145,6.239583333333333,3,2,1,0,0,0,1,0,0,2,1,164.25,7.0,70.79799,1,1,BAGGAGE,UPPER APEX,LANG_09,Round-Trip,mozilla,Paid Search,Paid Search,Logged-Out,AREA_C,AREA_B,AREA_C_TO_AREA_B,CA,BU,61_120,very_high,6_8,Y,O,0,0.9162396170536802,64.86792324577027
24.0,88.47307439999999,,2,2,0,0,0,0,0,0,0,1,0,4.75,19.0,101.772646,3,1,BAGGAGE,NEW HORIZON,LANG_02,One-Way,google,Paid Search,Paid Search,Logged-Out,AREA_C,AREA_C,AREA_C_TO_AREA_C,CA,CE,15_30,high,unknown_or_oneway,Y,T,0,0.6352790900592461,64.65403394380176
7.0,165.0770992,19.07986111111111,2,2,0,0,0,0,0,1,0,4,1,458.9166666666667,23.0,89.42904,2,0,BAGGAGE,UPPER APEX,LANG_09,Round-Trip,mozilla,Paid Search,Referrals,Logged-In,AREA_C,AREA_B,AREA_C_TO_AREA_B,CA,BU,4_7,very_high,15_30,Y,L,0,0.722387157715187,64.60239002279776
187.0,283.7864404,,2,2,0,0,0,0,0,0,0,2,1,-328.3333333333333,11.0,89.42904,1,1,BAGGAGE,UPPER APEX,LANG_09,Round-Trip,google,Paid Search,Paid Search,Logged-Out,AREA_C,AREA_B,AREA_C_TO_AREA_B,CA,BU,120_plus,very_high,unknown_or_oneway,Y,W,0,0.7214446548228031,64.51810289393465
287.0,445.234982,15.222222222222221,4,4,0,0,0,0,0,1,0,2,1,385.9166666666667,21.0,67.9660704,2,1,BAGGAGE,UPPER APEX,LANG_09,Round-Trip,google,Paid Search,Paid Search,Logged-In,AREA_C,AREA_D,AREA_C_TO_AREA_D,CA,DA,120_plus,very_high,15_30,Y,O,0,0.9487139455739914,64.48035881434367
259.0,571.2772475,17.479166666666668,5,3,1,1,0,1,1,1,1,4,1,420.4166666666667,14.0,67.07178,2,0,BAGGAGE,UPPER APEX,LANG_09,Round-Trip,google,Paid Search,Affiliate,Logged-In,AREA_C,AREA_B,AREA_C_TO_AREA_B,CE,BU,120_plus,very_high,15_30,Y,U,1,0.9598457081361024,64.37856017004887
180.0,824.1588448000001,,4,3,1,0,0,0,1,1,0,2,1,335.75,19.0,67.9378026,2,1,BAGGAGE,UPPER APEX,LANG_09,Multi-City,mozilla,Direct,Direct,Logged-In,AREA_C,AREA_B,AREA_C_TO_AREA_B,CA,BU,120_plus,very_high,unknown_or_oneway,Y,T,0,0.9456071658179439,64.24247296848493
172.0,406.525228,22.413194444444443,4,3,1,0,0,0,1,0,0,2,1,558.5,21.0,67.9660704,2,1,BAGGAGE,UPPER APEX,LANG_09,Round-Trip,google,Paid Search,Paid Search,Logged-Out,AREA_C,AREA_B,AREA_C_TO_AREA_B,CA,BU,120_plus,very_high,15_30,Y,O,1,0.9432885873267383,64.11161853376565
227.0,346.4039004,20.21875,4,2,0,2,0,1,0,1,1,2,1,501.5833333333333,14.0,67.07178,2,0,BAGGAGE,UPPER APEX,LANG_09,Round-Trip,apple,Paid Search,Organic Search,Logged-In,AREA_B,AREA_B,AREA_B_TO_AREA_B,BE,BU,120_plus,very_high,15_30,Y,O,1,0.955782478457023,64.10603212292419
220.0,402.0383572,10.20486111111111,4,3,1,0,0,0,1,1,0,2,1,259.3333333333333,11.0,67.9660704,2,1,BAGGAGE,UPPER APEX,LANG_09,Round-Trip,google,Direct,Paid Search,Logged-In,AREA_C,AREA_B,AREA_C_TO_AREA_B,CA,BU,120_plus,very_high,9_14,Y,L,1,0.9432042965194918,64.10588961882625
36.0,236.26355729999997,5.319444444444445,3,3,0,0,0,0,0,1,1,5,1,128.66666666666666,23.0,76.5594816,2,0,BAGGAGE,SOUTH HORIZON,LANG_02,Round-Trip,apple,Internal,Partners,Logged-In,AREA_B,AREA_B,AREA_B_TO_AREA_B,BE,BO,31_60,very_high,6_8,Y,U,0,0.8355200791048264,63.9669841226565
72.0,263.1963462,10.36111111111111,3,3,0,0,0,0,0,1,0,2,1,263.8333333333333,12.0,72.5300352,2,1,BAGGAGE,UPPER APEX,LANG_09,Round-Trip,google,Direct,Direct,Logged-In,AREA_C,AREA_B,AREA_C_TO_AREA_B,CA,BO,61_120,very_high,9_14,Y,O,1,0.8815766754617002,63.94078730273609
105.0,265.635943,15.319444444444445,3,2,0,1,0,1,0,0,0,2,1,383.8333333333333,21.0,67.07178,1,1,BAGGAGE,UPPER APEX,LANG_09,Round-Trip,apple,Direct,Direct,Logged-Out,AREA_C,AREA_B,AREA_C_TO_AREA_B,CA,BO,61_120,very_high,15_30,Y,O,1,0.9504179885062732,63.74622623313529
122.0,404.9786367,14.319444444444445,3,2,1,0,0,0,1,1,0,2,1,359.8333333333333,21.0,67.07178,1,1,BAGGAGE,UPPER APEX,LANG_09,Round-Trip,microsoft,Paid Search,Paid Search,Logged-In,AREA_C,AREA_B,AREA_C_TO_AREA_B,CA,BO,120_plus,very_high,15_30,Y,W,1,0.9486240465704446,63.62590335428262
42.0,254.6282047,30.21875,4,3,1,0,0,0,1,1,1,2,1,741.1666666666666,9.0,70.0681668,2,1,BAGGAGE,LOWER VERTEX,LANG_02,Round-Trip,mozilla,Direct,Direct,Logged-In,AREA_C,AREA_B,AREA_C_TO_AREA_B,CA,BU,31_60,very_high,30_plus,Y,U,1,0.9075526617455785,63.59055128297317
176.0,283.7864404,11.39236111111111,2,2,0,0,0,0,0,0,0,3,1,280.6666666666667,21.0,89.42904,1,1,BAGGAGE,UPPER APEX,LANG_09,Round-Trip,apple,Direct,Direct,Logged-Out,AREA_C,AREA_B,AREA_C_TO_AREA_B,CA,BU,120_plus,very_high,9_14,Y,L,0,0.7096497592691613,63.4632967076722
178.0,506.04073299999993,23.78125,3,1,1,1,0,1,1,0,0,2,1,574.0,11.0,76.6031682,2,0,BAGGAGE,LOWER VERTEX,LANG_02,Round-Trip,google,Direct,Direct,Logged-Out,AREA_B,AREA_B,AREA_B_TO_AREA_B,BU,BE,120_plus,very_high,15_30,Y,V,0,0.826799534369704,63.33546379900412
,769.5129044,138.90277777777777,5,2,1,2,0,1,1,0,0,4,1,3337.0,16.0,63.1965216,4,0,BAGGAGE,NORTH MERIDIAN,LANG_02,Round-Trip,mozilla,Paid Search,Paid Search,Logged-Out,AREA_B,AREA_C,AREA_B_TO_AREA_C,BI,CI,MISSING,very_high,30_plus,Y,V,1,0.9981157469556988,63.07744336178595
227.0,363.1615662,6.423611111111111,3,3,0,0,0,0,0,1,0,2,1,168.83333333333334,14.0,67.9660704,1,1,BAGGAGE,UPPER APEX,LANG_09,Round-Trip,microsoft,Display,Paid Search,Logged-In,AREA_C,AREA_B,AREA_C_TO_AREA_B,CA,BU,120_plus,very_high,6_8,Y,V,1,0.9260378059429171,62.93915071177785
236.0,573.395191,15.243055555555555,5,4,1,0,0,0,1,0,0,4,1,367.1666666666667,18.0,72.930924,3,0,BAGGAGE,WEST APEX,LANG_02,Round-Trip,google,Paid Search,Paid Search,Logged-Out,AREA_C,AREA_B,AREA_C_TO_AREA_B,CI,BO,120_plus,very_high,15_30,Y,S,0,0.8623042903531715,62.88864866462109
273.0,256.7037465,19.993055555555557,3,2,0,1,0,1,0,0,0,2,1,500.4166666666667,23.0,67.9660704,2,1,BAGGAGE,UPPER APEX,LANG_09,Round-Trip,google,Paid Search,Paid Search,Logged-Out,AREA_C,AREA_D,AREA_C_TO_AREA_D,CA,DA,120_plus,very_high,15_30,Y,O,0,0.922138675566502,62.67414214211564
0.0,144.7491246,,3,3,0,0,0,0,0,0,0,1,0,2.5833333333333335,8.0,69.658712,2,1,BAGGAGE,UPPER APEX,LANG_09,One-Way,apple,Direct,Direct,Logged-Out,AREA_B,AREA_C,AREA_B_TO_AREA_C,BA,CA,invalid_or_past,very_high,unknown_or_oneway,Y,K,1,0.8991625005527014,62.63450166720046
127.0,235.7007711,8.01388888888889,3,3,0,0,0,0,0,0,0,2,1,206.91666666666666,15.0,67.07178,1,1,BAGGAGE,UPPER APEX,LANG_09,Round-Trip,microsoft,Paid Search,Paid Search,Logged-Out,AREA_C,AREA_B,AREA_C_TO_AREA_B,CA,BU,120_plus,very_high,9_14,Y,O,0,0.9298722466875257,62.368186757931454
54.0,434.488935,13.36111111111111,6,6,0,0,0,0,0,0,0,2,1,335.8333333333333,20.0,65.6224128,2,1,BAGGAGE,UPPER APEX,LANG_09,Round-Trip,mozilla,Organic Search,Organic Search,Logged-Out,AREA_C,AREA_B,AREA_C_TO_AREA_B,CA,BO,31_60,very_high,9_14,Y,O,1,0.9497389619482594,62.324162213212176
17.0,289.0759454,15.260416666666666,3,3,0,0,0,0,0,0,0,2,1,381.1666666666667,4.0,69.5953236,2,1,BAGGAGE,LOWER VERTEX,LANG_02,Round-Trip,google,Direct,Organic Search,Logged-Out,AREA_C,AREA_B,AREA_C_TO_AREA_B,CA,BU,15_30,very_high,15_30,Y,L,1,0.8944881708206374,62.25219370463434
196.0,279.6237927,,3,3,0,0,0,0,0,0,0,2,1,355.8333333333333,12.0,67.9660704,2,1,BAGGAGE,UPPER APEX,LANG_09,Multi-City,apple,Internal,Internal,Logged-Out,AREA_C,AREA_B,AREA_C_TO_AREA_B,CA,BO,120_plus,very_high,unknown_or_oneway,Y,U,0,0.9110605539011344,61.9212057451075
120.0,577.4828861999999,10.6875,2,2,0,0,0,0,0,1,0,4,1,259.3333333333333,15.0,131.8418758,3,0,BAGGAGE,NEW APEX,LANG_02,Round-Trip,google,Direct,Paid Search,Logged-In,AREA_C,AREA_B,AREA_C_TO_AREA_B,CU,BU,61_120,very_high,9_14,Y,Y,0,0.4681055781399881,61.71591749441951
89.0,353.9149975,11.270833333333334,4,2,2,0,0,0,1,0,0,4,1,271.75,18.0,69.2329818,2,0,BAGGAGE,CENTRAL MERIDIAN,LANG_02,Round-Trip,google,Direct,Direct,Logged-Out,AREA_B,AREA_B,AREA_B_TO_AREA_B,BI,BU,61_120,very_high,9_14,Y,L,1,0.8867333436869923,61.391193444934686
213.0,261.2021814,9.784722222222221,5,3,0,1,1,1,0,0,0,4,1,238.0,8.0,66.6888798,2,0,BAGGAGE,LOWER VERTEX,LANG_02,Round-Trip,google,Paid Search,Paid Search,Logged-Out,AREA_B,AREA_B,AREA_B_TO_AREA_B,BU,BE,120_plus,very_high,9_14,Y,O,1,0.9202588526267262,61.37103200770966
225.0,464.9603385,21.552083333333332,4,4,0,0,0,0,0,0,0,4,1,520.5,19.0,87.5171088,4,0,BAGGAGE,LOWER VERTEX,LANG_02,Round-Trip,apple,Paid Search,Paid Search,Logged-Out,AREA_D,AREA_C,AREA_D_TO_AREA_C,DA,CU,120_plus,very_high,15_30,Y,U,0,0.6992806751980069,61.19902293304143
274.0,269.6812365,15.21875,3,3,0,0,0,0,0,1,0,2,1,385.8333333333333,21.0,67.9660704,2,1,BAGGAGE,UPPER APEX,LANG_09,Round-Trip,samsung,Direct,Direct,Logged-In,AREA_C,AREA_D,AREA_C_TO_AREA_D,CA,DA,120_plus,very_high,15_30,Y,O,0,0.8996169429900849,61.143428480296905
208.0,284.2819835,21.59027777777778,4,3,0,1,0,1,0,0,0,2,1,521.3333333333334,13.0,66.082407,2,1,BAGGAGE,LOWER VERTEX,LANG_02,Round-Trip,apple,Direct,Direct,Logged-Out,AREA_B,AREA_C,AREA_B_TO_AREA_C,BU,CA,120_plus,very_high,15_30,Y,O,1,0.9211473380314432,60.871633298760415
110.0,682.5611516,10.993055555555555,4,2,2,0,0,0,1,1,1,2,1,284.4166666666667,11.0,90.6214272,1,1,BAGGAGE,UPPER APEX,LANG_09,Round-Trip,google,Direct,Email,Logged-In,AREA_C,AREA_D,AREA_C_TO_AREA_D,CA,DA,61_120,very_high,9_14,P,R,0,0.6706923543013265,60.77909835891426
88.0,268.1637696,21.81597222222222,3,3,0,0,0,0,0,0,0,4,1,524.5,17.0,67.9660704,2,0,BAGGAGE,UPPER APEX,LANG_09,Round-Trip,google,Paid Search,MetaSearches,Logged-Out,AREA_C,AREA_B,AREA_C_TO_AREA_B,CA,BU,61_120,very_high,15_30,Y,O,0,0.8930794695657872,60.699102101302955
143.0,756.9906973000001,12.78125,4,3,0,1,0,1,0,0,0,2,1,310.0,10.0,65.4262514,2,0,BAGGAGE,LOWER VERTEX,LANG_02,Round-Trip,microsoft,Paid Search,Affiliate,Logged-Out,AREA_B,AREA_B,AREA_B_TO_AREA_B,BU,BE,120_plus,very_high,9_14,Y,S,0,0.926206260122072,60.59820362300047
102.0,706.2838320000001,13.82986111111111,5,4,1,0,0,0,1,0,0,2,1,337.8333333333333,22.0,67.9660704,3,1,BAGGAGE,UPPER APEX,LANG_09,Round-Trip,google,Paid Search,Paid Search,Logged-Out,AREA_C,AREA_C,AREA_C_TO_AREA_C,CA,CA,61_120,very_high,9_14,Y,W,1,0.8905765321890731,60.52898728335041
268.0,644.6921505,16.42361111111111,5,4,1,0,0,0,1,1,0,2,1,408.8333333333333,19.0,67.07178,3,1,BAGGAGE,UPPER APEX,LANG_09,Round-Trip,google,Organic Search,Referrals,Logged-In,AREA_C,AREA_B,AREA_C_TO_AREA_B,CA,BU,120_plus,very_high,15_30,Y,O,0,0.902104923016075,60.50578293345112
148.0,685.8701973999999,37.666666666666664,4,2,1,1,0,1,1,0,0,2,1,907.5,12.0,65.7431934,2,1,BAGGAGE,LOWER VERTEX,LANG_02,Round-Trip,google,Paid Search,Paid Search,Logged-Out,AREA_B,AREA_C,AREA_B_TO_AREA_C,BU,CA,120_plus,very_high,30_plus,Y,W,0,0.9161505589236645,60.23066337883657
136.0,302.9134618,7.229166666666667,3,1,1,1,0,1,1,1,0,2,1,194.08333333333334,11.0,67.07178,1,1,BAGGAGE,UPPER APEX,LANG_09,Round-Trip,apple,Direct,Direct,Logged-In,AREA_C,AREA_D,AREA_C_TO_AREA_D,CA,DA,120_plus,very_high,6_8,Y,O,0,0.8979813430383624,60.22920708437358
50.0,273.27510179999996,,3,2,0,1,0,1,0,0,0,1,0,1.25,17.0,73.1416476,3,0,BAGGAGE,UPPER HORIZON,LANG_05,Round-Trip,mozilla,Organic Search,Organic Search,Logged-Out,AREA_C,AREA_D,AREA_C_TO_AREA_D,CI,DA,31_60,very_high,unknown_or_oneway,Y,O,0,0.8167426029901653,59.73789964781338
47.0,309.2163246,8.847222222222221,2,2,0,0,0,0,0,0,0,2,1,218.25,22.0,135.9321408,3,1,BAGGAGE,WEST VERTEX,LANG_02,Round-Trip,google,Paid Search,Paid Search,Logged-Out,AREA_C,AREA_C,AREA_C_TO_AREA_C,CA,CA,31_60,very_high,9_14,Y,S,0,0.4394082271639839,59.72970100353305
266.0,415.939262,15.993055555555555,4,2,2,0,0,0,1,0,0,2,1,404.4166666666667,9.0,67.9660704,3,1,BAGGAGE,UPPER APEX,LANG_09,Round-Trip,microsoft,Paid Search,Paid Search,Logged-Out,AREA_C,AREA_D,AREA_C_TO_AREA_D,CA,DA,120_plus,very_high,15_30,Y,O,0,0.8784376425207435,59.7039546535749
176.0,356.0170939,20.03472222222222,3,1,0,2,0,1,0,0,0,2,1,495.4166666666667,20.0,67.9660704,2,1,BAGGAGE,UPPER APEX,LANG_09,Round-Trip,google,Paid Search,Organic Search,Logged-Out,AREA_C,AREA_B,AREA_C_TO_AREA_B,CA,BU,120_plus,very_high,15_30,Y,L,0,0.8741266982446165,59.41095671141317
53.0,197.013717,6.21875,3,2,1,0,0,0,1,0,0,2,1,165.16666666666666,18.0,70.0681668,2,1,BAGGAGE,UPPER APEX,LANG_09,Round-Trip,microsoft,Direct,Paid Search,Logged-Out,AREA_C,AREA_B,AREA_C_TO_AREA_B,CA,BU,31_60,very_high,6_8,Y,O,0,0.8471851254578482,59.360708681059435
61.0,1241.350456,11.680555555555555,4,3,1,0,0,0,1,0,0,4,1,281.25,20.0,67.9660704,3,0,BAGGAGE,UPPER APEX,LANG_09,Round-Trip,apple,Paid Search,Paid Search,Logged-Out,AREA_B,AREA_B,AREA_B_TO_AREA_B,BE,BU,61_120,very_high,9_14,Y,B,1,0.8709674344972653,59.19623396914853
153.0,353.0159958,15.524305555555555,4,3,1,0,0,0,1,1,0,4,1,373.5,22.0,61.7985504,2,0,BAGGAGE,UPPER APEX,LANG_09,Round-Trip,google,Direct,Email,Logged-In,AREA_C,AREA_D,AREA_C_TO_AREA_D,CA,DA,120_plus,very_high,15_30,Y,O,0,0.9517374754654104,58.81599634511793
185.0,350.9974179,16.28472222222222,3,3,0,0,0,0,0,1,0,2,1,406.9166666666667,21.0,65.6224128,2,1,BAGGAGE,UPPER APEX,LANG_09,Round-Trip,apple,Direct,Direct,Logged-In,AREA_C,AREA_B,AREA_C_TO_AREA_B,CA,BU,120_plus,very_high,15_30,Y,U,0,0.890021242201998,58.4053413565483
100.0,2503.0168942,12.48263888888889,4,2,2,0,0,0,1,0,0,2,1,320.1666666666667,20.0,98.063568,2,1,BAGGAGE,UPPER APEX,LANG_09,Round-Trip,google,Direct,Email,Logged-Out,AREA_C,AREA_D,AREA_C_TO_AREA_D,CA,DA,61_120,very_high,9_14,C,Z,0,0.5940039807040985,58.25014975404706
103.0,195.0375408,6.034722222222222,2,2,0,0,0,0,0,0,0,2,1,159.41666666666666,21.0,90.6214272,1,1,BAGGAGE,UPPER APEX,LANG_09,Round-Trip,google,Paid Search,Paid Search,Logged-Out,AREA_C,AREA_B,AREA_C_TO_AREA_B,CA,BU,61_120,very_high,6_8,Y,U,0,0.6423895405016502,58.21425697861174
224.0,227.99950879999997,44.99305555555556,2,2,0,0,0,0,0,0,0,2,1,1100.4166666666667,20.0,95.1631204,1,1,BAGGAGE,NEW MERIDIAN,LANG_02,Round-Trip,mozilla,Organic Search,Organic Search,Logged-Out,AREA_C,AREA_D,AREA_C_TO_AREA_D,CA,DA,120_plus,very_high,30_plus,Y,O,1,0.604834405391127,57.55792934229822
137.0,191.3318892,6.770833333333333,3,3,0,0,0,0,0,0,0,2,1,166.0,17.0,66.6708912,1,1,BAGGAGE,LOWER VERTEX,LANG_02,Round-Trip,google,MetaSearches,MetaSearches,Logged-Out,AREA_B,AREA_C,AREA_B_TO_AREA_C,BU,CA,120_plus,very_high,6_8,Y,U,1,0.8633023136628952,57.55713462692716
,149.6334578,,2,1,0,1,0,1,0,1,0,2,1,19.583333333333332,13.0,58.5301931,2,0,BAGGAGE,LOWER VERTEX,LANG_02,One-Way,google,Paid Search,Organic Search,Logged-In,AREA_B,AREA_C,AREA_B_TO_AREA_C,BU,CI,MISSING,very_high,unknown_or_oneway,P,J,1,0.9794738492370533,57.328793532245015
44.0,116.4993132,10.90625,4,2,0,2,0,1,0,1,0,2,1,263.3333333333333,22.0,71.4151703,3,1,BAGGAGE,EAST VERTEX,LANG_02,Round-Trip,google,Direct,Direct,Logged-In,AREA_B,AREA_C,AREA_B_TO_AREA_C,BI,CA,31_60,very_high,9_14,Y,U,0,0.802388207004129,57.30269044991153
89.0,276.7212036,18.447916666666668,2,2,0,0,0,0,0,1,0,2,1,463.3333333333333,19.0,90.6214272,2,1,BAGGAGE,UPPER APEX,LANG_09,Round-Trip,google,Direct,Organic Search,Logged-In,AREA_C,AREA_D,AREA_C_TO_AREA_D,CA,DA,61_120,very_high,15_30,Y,U,0,0.6323046046151857,57.30034569535983
209.0,408.07824380000005,14.190972222222221,3,2,0,1,0,1,0,0,0,2,1,360.8333333333333,19.0,62.497536,2,1,BAGGAGE,UPPER APEX,LANG_09,Round-Trip,google,Paid Search,Paid Search,Logged-Out,AREA_C,AREA_B,AREA_C_TO_AREA_B,CA,BU,120_plus,very_high,15_30,Y,W,0,0.9167121179427975,57.29224859276623
10.0,558.4021212,15.211805555555555,4,3,1,0,0,0,1,1,0,2,1,381.25,9.0,59.61936,2,1,BAGGAGE,UPPER APEX,LANG_09,Round-Trip,apple,Direct,Direct,Logged-In,AREA_C,AREA_B,AREA_C_TO_AREA_B,CA,BO,8_14,very_high,15_30,Y,L,0,0.9576773184128649,57.09610881029122
168.0,460.5531314999999,6.270833333333333,5,3,2,0,0,0,1,0,0,2,1,165.16666666666666,23.0,59.61936,1,0,BAGGAGE,UPPER APEX,LANG_09,Round-Trip,apple,Organic Search,Organic Search,Logged-Out,AREA_B,AREA_B,AREA_B_TO_AREA_B,BE,BU,120_plus,very_high,6_8,Y,U,1,0.9575730281102648,57.089891089195994
123.0,255.7614865,13.965277777777779,4,4,0,0,0,0,0,0,0,2,1,338.6666666666667,12.0,62.0118438,2,1,BAGGAGE,LOWER VERTEX,LANG_02,Round-Trip,apple,Organic Search,Paid Search,Logged-Out,AREA_B,AREA_C,AREA_B_TO_AREA_C,BU,CA,120_plus,very_high,9_14,Y,L,0,0.9202942544886964,57.06914355939049
155.0,333.1762832,6.423611111111111,4,2,1,1,0,1,1,1,1,2,1,168.83333333333334,16.0,59.61936,2,1,BAGGAGE,UPPER APEX,LANG_09,Round-Trip,google,MetaSearches,Partners,Logged-In,AREA_C,AREA_B,AREA_C_TO_AREA_B,CA,BU,120_plus,very_high,6_8,Y,O,1,0.9565524038299847,57.02904212280524
139.0,204.8190562,10.784722222222221,2,2,0,0,0,0,0,0,0,4,1,262.0,9.0,97.5684532,2,0,BAGGAGE,LOWER VERTEX,LANG_02,Round-Trip,google,Paid Search,Paid Search,Logged-Out,AREA_B,AREA_B,AREA_B_TO_AREA_B,BU,BE,120_plus,very_high,9_14,Y,O,0,0.5840166494586224,56.9816011307244
163.0,829.1074229999999,6.270833333333333,9,9,0,0,0,0,0,0,0,2,1,165.16666666666666,6.0,59.61936,1,0,BAGGAGE,UPPER APEX,LANG_09,Round-Trip,apple,Organic Search,Organic Search,Logged-Out,AREA_B,AREA_B,AREA_B_TO_AREA_B,BE,BU,120_plus,very_high,6_8,Y,U,0,0.9536914172549356,56.85847193423221
220.0,769.6482472,16.0,4,2,2,0,0,0,1,0,0,2,1,391.25,11.0,58.998325,1,1,BAGGAGE,UPPER APEX,LANG_09,Round-Trip,google,Paid Search,Paid Search,Logged-Out,AREA_C,AREA_B,AREA_C_TO_AREA_B,CA,BU,120_plus,very_high,15_30,Y,V,1,0.963657739265473,56.85419248994964
163.0,891.5535629999999,6.270833333333333,9,9,0,0,0,0,0,0,0,2,1,165.16666666666666,7.0,59.61936,1,0,BAGGAGE,UPPER APEX,LANG_09,Round-Trip,apple,Organic Search,Organic Search,Logged-Out,AREA_B,AREA_B,AREA_B_TO_AREA_B,BE,BU,120_plus,very_high,6_8,Y,L,1,0.952790031699182,56.80473190428494
144.0,146.504298,,2,2,0,0,0,0,0,0,0,2,1,5.583333333333333,8.0,84.3716736,1,0,BAGGAGE,CENTRAL MERIDIAN,LANG_02,One-Way,apple,MetaSearches,MetaSearches,Logged-Out,AREA_B,AREA_B,AREA_B_TO_AREA_B,BI,BU,120_plus,very_high,unknown_or_oneway,Y,T,0,0.6688142518859111,56.42897775914628
29.0,557.9245667,7.645833333333333,4,3,1,0,0,0,1,0,0,2,1,187.5,7.0,58.899816,1,1,BAGGAGE,CENTRAL APEX,LANG_09,Round-Trip,apple,Direct,Paid Search,Logged-Out,AREA_C,AREA_B,AREA_C_TO_AREA_B,CA,BO,15_30,very_high,6_8,Y,W,0,0.9578187868801266,56.41535030858267
54.0,305.0472524,50.21180555555556,2,2,0,0,0,0,0,1,1,2,1,1221.25,9.0,134.14356,3,1,BAGGAGE,LOWER VERTEX,LANG_02,Round-Trip,google,MetaSearches,Paid Search,Logged-In,AREA_C,AREA_B,AREA_C_TO_AREA_B,CA,BO,31_60,very_high,30_plus,Y,W,0,0.4179784085375963,56.069111724367566
158.0,415.3863267,22.21875,4,2,1,1,0,1,1,0,0,2,1,549.5833333333334,11.0,59.7632688,2,0,BAGGAGE,LOWER VERTEX,LANG_02,Round-Trip,apple,Email,Email,Logged-Out,AREA_B,AREA_B,AREA_B_TO_AREA_B,BE,BU,120_plus,very_high,15_30,Y,U,1,0.9380877847865429,56.06319244019471
11.0,157.5861322,,5,5,0,0,0,0,0,0,0,1,0,4.5,18.0,58.9572082,2,0,BAGGAGE,NEW HORIZON,LANG_02,One-Way,google,Direct,Paid Search,Logged-Out,AREA_B,AREA_C,AREA_B_TO_AREA_C,BE,CE,8_14,very_high,unknown_or_oneway,Y,W,1,0.9490766600113154,55.95491024204773
53.0,103.3453636,95.20138888888889,2,1,0,1,0,1,0,1,1,2,1,2288.3333333333335,19.0,171.32,4,1,BAGGAGE,UPPER APEX,LANG_09,Round-Trip,google,Direct,Organic Search,Logged-In,AREA_C,AREA_B,AREA_C_TO_AREA_B,CA,BA,31_60,very_high,30_plus,Y,S,0,0.32640007477339134,55.9188608101774
198.0,312.5677721,15.78125,4,1,2,1,0,1,1,0,0,4,1,382.0,22.0,87.5171088,4,0,BAGGAGE,LOWER VERTEX,LANG_02,Round-Trip,apple,Direct,Direct,Logged-Out,AREA_D,AREA_C,AREA_D_TO_AREA_C,DA,CU,120_plus,very_high,15_30,Y,U,1,0.6361810995008158,55.67673050151652
0.0,577.3706715999999,,4,4,0,0,0,0,0,0,0,2,1,11.583333333333334,13.0,58.5263384,1,0,BAGGAGE,WEST APEX,LANG_02,One-Way,microsoft,MetaSearches,MetaSearches,Logged-Out,AREA_B,AREA_B,AREA_B_TO_AREA_B,BE,BO,invalid_or_past,very_high,unknown_or_oneway,Y,H,1,0.9494963681784817,55.57054575358481
108.0,166.810001,27.78472222222222,2,2,0,0,0,0,0,0,0,4,1,670.0,10.0,97.5684532,2,0,BAGGAGE,NORTH MERIDIAN,LANG_02,Round-Trip,google,Direct,Paid Search,Logged-Out,AREA_B,AREA_B,AREA_B_TO_AREA_B,BU,BE,61_120,very_high,15_30,Y,O,0,0.5679638700123036,55.41535627058633
133.0,658.5973383,69.78472222222223,6,3,0,2,1,1,0,0,0,4,1,1678.0,23.0,66.1543614,2,0,BAGGAGE,LOWER VERTEX,LANG_02,Round-Trip,google,Email,Organic Search,Logged-Out,AREA_B,AREA_C,AREA_B_TO_AREA_C,BU,CU,120_plus,very_high,30_plus,Y,L,1,0.8368123335598866,55.358785538298086
161.0,385.9574054,42.552083333333336,3,2,0,1,0,1,0,0,0,4,1,1024.5,8.0,64.8694614,4,0,BAGGAGE,LOWER VERTEX,LANG_02,Round-Trip,apple,Direct,Direct,Logged-Out,AREA_D,AREA_C,AREA_D_TO_AREA_C,DA,CU,120_plus,very_high,30_plus,Y,S,1,0.8532747120647113,55.35147099787791
11.0,129.3453151,2.9027777777777777,2,2,0,0,0,0,0,0,0,2,1,71.33333333333333,16.0,110.6281768,3,1,BAGGAGE,UPPER MERIDIAN,LANG_01,Round-Trip,apple,Organic Search,Organic Search,Logged-Out,AREA_B,AREA_C,AREA_B_TO_AREA_C,BI,CA,8_14,very_high,3_5,Y,W,0,0.5000332919111375,55.31777142343134
,644.437312,9.180555555555555,8,5,3,0,0,0,1,0,0,4,1,221.33333333333334,20.0,55.045116,1,0,BAGGAGE,UPPER APEX,LANG_09,Round-Trip,google,Organic Search,Organic Search,Logged-Out,AREA_B,AREA_B,AREA_B_TO_AREA_B,BE,BU,MISSING,very_high,9_14,Y,O,1,0.9996038204095534,55.023308248487034
190.0,788.9217472,7.0,4,2,0,2,0,1,0,1,0,2,1,175.25,20.0,58.998325,2,1,BAGGAGE,UPPER APEX,LANG_09,Round-Trip,apple,Direct,Direct,Logged-In,AREA_C,AREA_B,AREA_C_TO_AREA_B,CA,BU,120_plus,very_high,6_8,Y,Q,0,0.9311847270715384,54.938339162802926
5.0,75.08655789999999,,1,1,0,0,0,0,0,1,0,2,1,3.0833333333333335,23.0,98.183492,2,0,BAGGAGE,NEW APEX,LANG_02,One-Way,samsung,Direct,Direct,Logged-In,AREA_C,AREA_C,AREA_C_TO_AREA_C,CU,CE,4_7,high,unknown_or_oneway,Y,H,0,0.5592421301201108,54.90834520871086
213.0,390.5577757,9.78125,5,3,0,2,0,1,0,1,0,2,1,238.0,13.0,58.531478,2,0,BAGGAGE,LOWER VERTEX,LANG_02,Round-Trip,apple,Direct,Direct,Logged-In,AREA_B,AREA_B,AREA_B_TO_AREA_B,BU,BE,120_plus,very_high,9_14,Y,O,1,0.9317383579777881,54.53602320173303
69.0,264.8277409,20.302083333333332,3,2,0,1,0,1,0,0,0,2,1,503.5,21.0,59.61936,2,1,BAGGAGE,UPPER APEX,LANG_09,Round-Trip,microsoft,Paid Search,Paid Search,Logged-Out,AREA_C,AREA_B,AREA_C_TO_AREA_B,CA,BO,61_120,very_high,15_30,Y,U,0,0.9113538483957792,54.33433317489338
104.0,88.65467360000001,,6,6,0,0,0,0,0,0,0,2,1,3.75,16.0,61.9925703,3,0,BAGGAGE,SOUTH HORIZON,LANG_02,One-Way,apple,Paid Search,Organic Search,Logged-Out,AREA_B,AREA_C,AREA_B_TO_AREA_C,BE,CA,61_120,high,unknown_or_oneway,Y,L,0,0.8712859277897343,54.013254129905825
258.0,506.1306760000001,15.993055555555555,4,4,0,0,0,0,0,0,0,2,1,404.4166666666667,13.0,55.89315,1,1,BAGGAGE,UPPER APEX,LANG_09,Round-Trip,mozilla,Direct,Paid Search,Logged-Out,AREA_C,AREA_D,AREA_C_TO_AREA_D,CA,DA,120_plus,very_high,15_30,Y,L,1,0.9656986567617828,53.975939877184835
272.0,269.6812365,21.21875,3,3,0,0,0,0,0,0,0,2,1,529.8333333333334,6.0,67.9660704,3,1,BAGGAGE,UPPER APEX,LANG_09,Round-Trip,google,Organic Social,Paid Social,Logged-Out,AREA_C,AREA_D,AREA_C_TO_AREA_D,CA,DA,120_plus,very_high,15_30,Y,O,1,0.7927624750218161,53.880950187810996
144.0,586.7701433999999,16.770833333333332,5,2,0,3,0,1,0,0,0,2,1,406.0,13.0,58.0183746,2,1,BAGGAGE,LOWER VERTEX,LANG_02,Round-Trip,apple,Direct,MetaSearches,Logged-Out,AREA_B,AREA_C,AREA_B_TO_AREA_C,BU,CA,120_plus,very_high,15_30,Y,S,1,0.9280806994763007,53.84573368124604
150.0,208.9393022,40.229166666666664,2,2,0,0,0,0,0,0,0,2,1,979.9166666666666,21.0,90.6214272,2,1,BAGGAGE,UPPER APEX,LANG_09,Round-Trip,google,Direct,Direct,Logged-Out,AREA_C,AREA_B,AREA_C_TO_AREA_B,CA,BU,120_plus,very_high,30_plus,Y,O,0,0.5892023676350946,53.39435946471136
13.0,631.0717822,12.788194444444445,3,2,0,1,0,1,0,1,1,2,1,313.5833333333333,17.0,60.184716,2,1,BAGGAGE,LOWER VERTEX,LANG_02,Round-Trip,google,Direct,Referrals,Logged-In,AREA_B,AREA_C,AREA_B_TO_AREA_C,BO,CA,8_14,very_high,9_14,Y,E,0,0.8870522445190526,53.38698741354174
255.0,426.955138,19.42361111111111,4,4,0,0,0,0,0,0,0,2,1,480.8333333333333,17.0,55.045116,1,1,BAGGAGE,UPPER APEX,LANG_09,Round-Trip,google,Paid Search,Paid Search,Logged-Out,AREA_C,AREA_B,AREA_C_TO_AREA_B,CA,BU,120_plus,very_high,15_30,Y,U,1,0.9665130142085033,53.20182098261672
9.0,111.8325564,,1,1,0,0,0,0,0,0,0,2,1,7.5,1.0,84.3716736,1,0,BAGGAGE,CENTRAL MERIDIAN,LANG_02,One-Way,google,MetaSearches,MetaSearches,Logged-Out,AREA_B,AREA_B,AREA_B_TO_AREA_B,BI,BU,8_14,very_high,unknown_or_oneway,Y,Q,0,0.6273965858809044,52.93449996169803
57.0,450.4966475,7.246527777777778,5,5,0,0,0,0,0,0,0,2,1,188.08333333333334,15.0,55.045116,1,1,BAGGAGE,UPPER APEX,LANG_09,Round-Trip,google,Direct,MetaSearches,Logged-Out,AREA_C,AREA_B,AREA_C_TO_AREA_B,CA,BU,31_60,very_high,6_8,Y,O,1,0.9603657231339178,52.86344263233039
33.0,286.3421065,8.760416666666666,3,1,0,2,0,1,0,0,0,2,1,214.0,6.0,62.0118438,2,1,BAGGAGE,LOWER VERTEX,LANG_02,Round-Trip,apple,MetaSearches,MetaSearches,Logged-Out,AREA_B,AREA_C,AREA_B_TO_AREA_C,BU,CA,31_60,very_high,9_14,Y,L,1,0.8523074180938668,52.85315448041816
150.0,156.4215845,,2,2,0,0,0,0,0,0,0,4,1,300.0,13.0,78.6975552,1,0,BAGGAGE,UPPER APEX,LANG_09,Multi-City,google,Organic Search,Organic Search,Logged-Out,AREA_C,AREA_B,AREA_C_TO_AREA_B,CU,BO,120_plus,very_high,unknown_or_oneway,Y,L,0,0.6714868892476945,52.84437653264672
156.0,201.2684492,9.229166666666666,3,2,0,0,1,1,0,0,0,2,1,236.16666666666666,22.0,57.9823974,1,1,BAGGAGE,UPPER APEX,LANG_09,Round-Trip,mozilla,MetaSearches,MetaSearches,Logged-Out,AREA_C,AREA_B,AREA_C_TO_AREA_B,CA,BU,120_plus,very_high,9_14,Y,U,0,0.9089854804959285,52.70515736094488
135.0,219.1688194,,4,2,0,2,0,1,0,0,0,2,1,-311.4166666666667,12.0,55.89315,1,1,BAGGAGE,UPPER APEX,LANG_09,Round-Trip,apple,Direct,Direct,Logged-Out,AREA_C,AREA_B,AREA_C_TO_AREA_B,CA,BO,120_plus,very_high,unknown_or_oneway,Y,U,1,0.941791304469785,52.63968264942536
164.0,470.568927,14.302083333333334,5,2,3,0,0,0,1,0,0,2,1,359.5,10.0,56.5356,2,1,BAGGAGE,UPPER APEX,LANG_09,Round-Trip,google,Direct,Organic Search,Logged-Out,AREA_C,AREA_B,AREA_C_TO_AREA_B,CA,BO,120_plus,very_high,15_30,Y,O,1,0.9299766112137565,52.576785700936455
63.0,178.05030619999997,,2,2,0,0,0,0,0,0,0,2,1,189.08333333333334,21.0,90.6214272,2,1,BAGGAGE,NEW AURORA,LANG_09,Multi-City,google,Direct,Direct,Logged-Out,AREA_C,AREA_B,AREA_C_TO_AREA_B,CA,BU,61_120,very_high,unknown_or_oneway,Y,U,0,0.5799025181870766,52.55159383498684
3.0,164.432936,,1,1,0,0,0,0,0,0,0,2,1,8.083333333333334,11.0,84.3716736,1,0,BAGGAGE,CENTRAL MERIDIAN,LANG_02,One-Way,apple,Direct,Direct,Logged-Out,AREA_B,AREA_B,AREA_B_TO_AREA_B,BI,BU,0_3,very_high,unknown_or_oneway,Y,H,0,0.6182446388488766,52.16233487390729
42.0,404.1258914,10.465277777777779,4,2,1,1,0,1,1,0,0,2,1,264.6666666666667,12.0,53.5751904,1,1,BAGGAGE,CENTRAL MERIDIAN,LANG_02,Round-Trip,google,Paid Search,MetaSearches,Logged-Out,AREA_C,AREA_B,AREA_C_TO_AREA_B,CA,BU,31_60,very_high,9_14,Y,L,1,0.9698617759672992,51.960529309130195
78.0,1713.9186874,15.447916666666666,3,1,0,2,0,1,0,0,0,2,1,391.3333333333333,18.0,98.063568,1,1,BAGGAGE,UPPER APEX,LANG_09,Round-Trip,apple,Direct,Direct,Logged-Out,AREA_C,AREA_D,AREA_C_TO_AREA_D,CA,DA,61_120,very_high,15_30,C,Z,0,0.5247740362272967,51.461214386209974
114.0,566.3924860000001,7.319444444444445,4,2,0,2,0,1,0,0,0,2,1,191.83333333333334,19.0,55.045116,2,1,BAGGAGE,UPPER APEX,LANG_09,Round-Trip,microsoft,Paid Search,Paid Search,Logged-Out,AREA_C,AREA_B,AREA_C_TO_AREA_B,CA,BO,61_120,very_high,6_8,Y,L,1,0.9344128939433769,51.43486613900888
65.0,329.0346222,13.791666666666666,3,2,1,0,0,0,1,0,0,4,1,332.0,17.0,67.07178,3,0,BAGGAGE,UPPER APEX,LANG_09,Round-Trip,google,Direct,Paid Search,Logged-Out,AREA_B,AREA_B,AREA_B_TO_AREA_B,BE,BO,61_120,very_high,9_14,Y,O,0,0.7657824554335209,51.36239237869692
80.0,248.204133,15.302083333333334,2,2,0,0,0,0,0,0,0,2,1,383.5,21.0,90.6214272,2,1,BAGGAGE,UPPER APEX,LANG_09,Round-Trip,google,Paid Search,Paid Search,Logged-Out,AREA_C,AREA_B,AREA_C_TO_AREA_B,CA,BO,61_120,very_high,15_30,Y,U,0,0.564887930028966,51.190950427278636
53.0,301.09961130000005,9.253472222222221,3,3,0,0,0,0,0,0,0,2,1,237.25,23.0,57.8513376,2,1,BAGGAGE,UPPER APEX,LANG_09,Round-Trip,google,Paid Search,Paid Search,Logged-Out,AREA_C,AREA_B,AREA_C_TO_AREA_B,CA,BO,31_60,very_high,9_14,Y,L,1,0.8815781568416574,51.000475572232475
22.0,456.0846776000001,17.78125,4,2,0,1,1,1,0,0,0,3,1,430.0,23.0,58.407271,2,0,BAGGAGE,LOWER VERTEX,LANG_09,Round-Trip,google,Direct,Organic Search,Logged-Out,AREA_B,AREA_B,AREA_B_TO_AREA_B,BU,BE,15_30,very_high,15_30,Y,T,1,0.8730427459228249,50.99204425569858
252.0,420.907542,7.229166666666667,5,5,0,0,0,0,0,1,1,2,1,187.91666666666666,22.0,53.9041248,2,1,BAGGAGE,UPPER APEX,LANG_09,Round-Trip,google,Internal,Internal,Logged-In,AREA_C,AREA_B,AREA_C_TO_AREA_B,CA,BU,120_plus,very_high,6_8,Y,L,0,0.9406985954416138,50.70753448786946
87.0,276.7725996,15.934027777777779,2,2,0,0,0,0,0,0,0,4,1,383.3333333333333,18.0,89.42904,2,0,BAGGAGE,UPPER APEX,LANG_09,Round-Trip,apple,Direct,Direct,Logged-Out,AREA_B,AREA_B,AREA_B_TO_AREA_B,BE,BU,61_120,very_high,15_30,Y,U,0,0.5665310419682549,50.66432721342075
240.0,318.7027413,12.222222222222221,3,3,0,0,0,0,0,1,0,2,1,313.9166666666667,21.0,56.638392,2,1,BAGGAGE,UPPER APEX,LANG_09,Round-Trip,google,Direct,Paid Search,Logged-In,AREA_C,AREA_D,AREA_C_TO_AREA_D,CA,DA,120_plus,very_high,9_14,Y,O,1,0.8938113182985333,50.6240358198291
179.0,336.66435839999997,,2,2,0,0,0,0,0,1,0,1,0,7.25,14.0,78.63588,1,1,BAGGAGE,UPPER APEX,LANG_09,One-Way,google,Direct,Direct,Logged-In,AREA_B,AREA_C,AREA_B_TO_AREA_C,BU,CA,120_plus,very_high,unknown_or_oneway,Y,K,0,0.6423585494318648,50.51242981009818
,330.12036270000004,,3,3,0,0,0,0,0,0,1,1,0,19.333333333333332,10.0,50.6045016,1,1,BAGGAGE,UPPER APEX,LANG_09,One-Way,google,Paid Search,Paid Search,Logged-Out,AREA_C,AREA_C,AREA_C_TO_AREA_C,CA,CA,MISSING,very_high,unknown_or_oneway,Y,T,1,0.9978542167358379,50.495915307375455
45.0,219.6245306,13.739583333333334,2,2,0,0,0,0,0,0,0,4,1,332.9166666666667,11.0,86.4429324,2,0,BAGGAGE,LOWER VERTEX,LANG_02,Round-Trip,google,Organic Search,Organic Search,Logged-Out,AREA_B,AREA_B,AREA_B_TO_AREA_B,BU,BE,31_60,very_high,9_14,Y,U,0,0.5823684300796971,50.34163483327338
54.0,291.5943494,13.760416666666666,3,2,0,1,0,1,0,0,0,2,1,334.0,18.0,57.2457214,1,1,BAGGAGE,LOWER VERTEX,LANG_02,Round-Trip,apple,Paid MetaSearches,Paid MetaSearches,Logged-Out,AREA_B,AREA_C,AREA_B_TO_AREA_C,BU,CA,31_60,very_high,9_14,Y,S,0,0.8777110567722428,50.2452026256834
,553.0997672,124.30208333333333,4,4,0,0,0,0,0,0,0,2,1,2999.5,17.0,50.0802624,2,1,BAGGAGE,UPPER APEX,LANG_02,Round-Trip,microsoft,Internal,Paid Search,Logged-Out,AREA_C,AREA_B,AREA_C_TO_AREA_B,CA,BO,MISSING,very_high,30_plus,Y,L,1,0.9990542690476434,50.03289994574618
155.0,265.8839287,,4,4,0,0,0,0,0,0,0,2,1,7.0,16.0,54.9543164,2,0,BAGGAGE,NORTH MERIDIAN,LANG_02,One-Way,google,Paid Search,Paid Search,Logged-Out,AREA_B,AREA_B,AREA_B_TO_AREA_B,BI,BI,120_plus,very_high,unknown_or_oneway,Y,S,0,0.9101017023283059,50.014016905928344
102.0,211.2002979,11.29513888888889,3,3,0,0,0,0,0,1,0,2,1,285.75,10.0,56.638392,2,1,BAGGAGE,UPPER APEX,LANG_09,Round-Trip,microsoft,Paid Search,Paid Search,Logged-In,AREA_C,AREA_B,AREA_C_TO_AREA_B,CA,BU,61_120,very_high,9_14,Y,O,1,0.8817490086245524,49.94084599608878
158.0,477.7733613,35.21875,3,1,1,1,0,1,1,1,1,2,1,865.8333333333334,13.0,56.638392,2,1,BAGGAGE,UPPER APEX,LANG_09,Round-Trip,google,Paid Search,Organic Search,Logged-In,AREA_C,AREA_D,AREA_C_TO_AREA_D,CA,DA,120_plus,very_high,30_plus,Y,L,0,0.8797116651323129,49.825454136736674
153.0,1089.184032,8.0,8,5,0,3,0,1,0,0,0,2,1,199.25,11.0,53.9041248,3,1,BAGGAGE,UPPER APEX,LANG_09,Round-Trip,microsoft,Direct,Direct,Logged-Out,AREA_C,AREA_B,AREA_C_TO_AREA_B,CA,BU,120_plus,very_high,6_8,Y,U,1,0.9210688613394181,49.649410851033885
175.0,492.8760759,15.552083333333334,3,2,0,1,0,1,0,0,0,2,1,376.5,11.0,55.1616136,2,1,BAGGAGE,LOWER VERTEX,LANG_02,Round-Trip,google,Paid Search,Paid Search,Logged-Out,AREA_D,AREA_C,AREA_D_TO_AREA_C,DA,CA,120_plus,very_high,15_30,Y,O,0,0.8973607899832576,49.49986915684721
185.0,511.9915332000001,16.05902777777778,3,2,1,0,0,0,1,0,0,3,1,386.3333333333333,11.0,52.4650368,1,0,BAGGAGE,UPPER APEX,LANG_09,Round-Trip,google,Paid Search,Paid Search,Logged-Out,AREA_C,AREA_B,AREA_C_TO_AREA_B,CU,BU,120_plus,very_high,15_30,Y,T,0,0.9428315111440357,49.46568992837145
170.0,319.3893062,16.020833333333332,2,1,0,1,0,1,0,0,0,4,1,385.4166666666667,19.0,89.42904,2,0,BAGGAGE,UPPER APEX,LANG_09,Round-Trip,google,Paid Search,Paid Search,Logged-Out,AREA_B,AREA_B,AREA_B_TO_AREA_B,BE,BU,120_plus,very_high,15_30,Y,S,0,0.5525366007703251,49.41281777175343
203.0,273.20528889999997,14.770833333333334,4,2,0,2,0,1,0,0,0,4,1,358.0,16.0,52.877918,2,0,BAGGAGE,LOWER VERTEX,LANG_09,Round-Trip,google,Direct,Direct,Logged-Out,AREA_B,AREA_C,AREA_B_TO_AREA_C,BU,CE,120_plus,very_high,15_30,Y,L,1,0.9330870465112382,49.33970033228344
1.0,125.7159009,,1,1,0,0,0,0,0,0,0,1,0,14.916666666666666,12.0,72.6859364,2,1,BAGGAGE,LOWER VERTEX,LANG_02,One-Way,google,MetaSearches,MetaSearches,Logged-Out,AREA_B,AREA_C,AREA_B_TO_AREA_C,BU,CA,0_3,very_high,unknown_or_oneway,Y,T,0,0.6783066347388728,49.30335291232774
120.0,258.94075740000005,7.229166666666667,3,3,0,0,0,0,0,0,0,2,1,188.08333333333334,19.0,59.61936,3,1,BAGGAGE,UPPER APEX,LANG_09,Round-Trip,google,Direct,Paid Search,Logged-Out,AREA_C,AREA_B,AREA_C_TO_AREA_B,CA,BU,61_120,very_high,6_8,Y,O,0,0.8265569880634916,49.27879863187301
6.0,123.5080144,,1,1,0,0,0,0,0,1,0,2,1,30.5,15.0,80.1970335,1,0,BAGGAGE,NORTH MERIDIAN,LANG_02,One-Way,google,Paid Search,Paid Search,Logged-In,AREA_B,AREA_B,AREA_B_TO_AREA_B,BI,BO,4_7,very_high,unknown_or_oneway,Y,V,0,0.6133553388569778,49.189278657716905
229.0,272.6433593,6.274305555555555,3,2,0,1,0,1,0,1,0,2,1,165.25,22.0,52.4650368,1,0,BAGGAGE,UPPER APEX,LANG_09,Round-Trip,microsoft,Paid Search,Paid Search,Logged-In,AREA_C,AREA_B,AREA_C_TO_AREA_B,CU,BU,120_plus,very_high,6_8,Y,W,0,0.9362018251132841,49.11786320679561
211.0,218.6788442,15.965277777777779,5,2,0,3,0,1,0,0,0,4,1,386.6666666666667,7.0,52.877918,2,0,BAGGAGE,LOWER VERTEX,LANG_02,Round-Trip,apple,Direct,Direct,Logged-Out,AREA_B,AREA_C,AREA_B_TO_AREA_C,BU,CE,120_plus,very_high,15_30,Y,U,0,0.9248286071909485,48.903011255097184
28.0,242.6263821,3.4305555555555554,3,3,0,0,0,0,0,0,0,2,1,86.75,23.0,70.79799,3,1,BAGGAGE,UPPER APEX,LANG_02,Round-Trip,apple,Direct,Direct,Logged-Out,AREA_C,AREA_B,AREA_C_TO_AREA_B,CA,BA,15_30,very_high,3_5,Y,U,0,0.6891319517727956,48.789157030290866
80.0,382.0401736,19.225694444444443,4,2,0,2,0,1,0,0,0,2,1,482.0,20.0,50.6558976,2,1,BAGGAGE,UPPER APEX,LANG_09,Round-Trip,apple,Direct,Direct,Logged-Out,AREA_C,AREA_D,AREA_C_TO_AREA_D,CA,DA,61_120,very_high,15_30,Y,O,1,0.9549308955236169,48.37288165872064
54.0,167.8644756,27.20486111111111,2,2,0,0,0,0,0,0,0,4,1,653.75,21.0,67.07178,1,0,BAGGAGE,UPPER APEX,LANG_09,Round-Trip,google,Paid Search,Organic Search,Logged-Out,AREA_D,AREA_B,AREA_D_TO_AREA_B,DA,BI,31_60,very_high,15_30,Y,O,0,0.7211619303860609,48.369614339229194
191.0,299.3744189,,2,2,0,0,0,0,0,0,0,2,1,334.0833333333333,9.0,78.2551213,2,1,BAGGAGE,LOWER VERTEX,LANG_02,Multi-City,google,Direct,Direct,Logged-Out,AREA_B,AREA_C,AREA_B_TO_AREA_C,BU,CA,120_plus,very_high,unknown_or_oneway,Y,V,0,0.6178031696131574,48.346261977602104
66.0,599.757056,8.069444444444445,4,4,0,0,0,0,0,0,0,4,1,194.66666666666666,23.0,55.045116,3,0,BAGGAGE,UPPER APEX,LANG_09,Round-Trip,apple,Organic Search,Organic Search,Logged-Out,AREA_B,AREA_B,AREA_B_TO_AREA_B,BE,BU,61_120,very_high,9_14,Y,O,0,0.8777320785708133,48.31486408185153
55.0,180.151546,12.20138888888889,5,5,0,0,0,0,0,1,1,2,1,295.25,11.0,52.629504,2,1,BAGGAGE,UPPER APEX,LANG_09,Round-Trip,google,Direct,Paid Search,Logged-In,AREA_C,AREA_C,AREA_C_TO_AREA_C,CU,CA,31_60,very_high,9_14,Y,U,1,0.9175397770412191,48.28966336594995
279.0,258.7904241,13.42361111111111,3,3,0,0,0,0,0,1,0,2,1,336.8333333333333,22.0,59.61936,3,1,BAGGAGE,UPPER APEX,LANG_09,Round-Trip,google,Paid Search,Paid Search,Logged-In,AREA_C,AREA_B,AREA_C_TO_AREA_B,CA,BU,120_plus,very_high,9_14,Y,U,1,0.8095276671931065,48.26352142034601
156.0,889.9427267000001,40.78472222222222,5,3,0,2,0,1,0,1,0,2,1,982.0,11.0,52.813673,2,1,BAGGAGE,LOWER VERTEX,LANG_02,Round-Trip,apple,Direct,Direct,Logged-In,AREA_B,AREA_C,AREA_B_TO_AREA_C,BU,CA,120_plus,very_high,30_plus,Y,U,0,0.9132756301096724,48.23344048748119
161.0,1259.8851385,,5,2,0,3,0,1,0,0,0,2,1,311.75,18.0,67.9378026,1,1,BAGGAGE,UPPER APEX,LANG_09,Multi-City,google,Paid Search,Paid Search,Logged-Out,AREA_C,AREA_B,AREA_C_TO_AREA_B,CA,BU,120_plus,very_high,unknown_or_oneway,P,R,0,0.7075334453036517,48.06826753993739
144.0,479.4925575,20.274305555555557,3,3,0,0,0,0,0,1,0,2,1,501.25,10.0,52.4650368,1,0,BAGGAGE,UPPER APEX,LANG_09,Round-Trip,apple,Direct,Direct,Logged-In,AREA_C,AREA_B,AREA_C_TO_AREA_B,CU,BU,120_plus,very_high,15_30,Y,L,0,0.9159279429391306,48.05419323244979
81.0,302.6102254,21.99652777777778,2,2,0,0,0,0,0,0,0,4,1,528.8333333333334,17.0,90.6214272,2,0,BAGGAGE,UPPER APEX,LANG_09,Round-Trip,mozilla,Paid Search,Paid Search,Logged-Out,AREA_C,AREA_B,AREA_C_TO_AREA_B,CE,BI,61_120,very_high,15_30,Y,L,0,0.5296193673035627,47.99486293780987
212.0,187.2304884,20.77777777777778,3,2,0,1,0,1,0,0,0,2,1,501.9166666666667,15.0,54.5517144,2,0,BAGGAGE,LOWER VERTEX,LANG_02,Round-Trip,google,Direct,Email,Logged-Out,AREA_B,AREA_B,AREA_B_TO_AREA_B,BU,BE,120_plus,very_high,15_30,Y,O,0,0.8778454776466578,47.88797578391206
207.0,353.6597307,19.42361111111111,4,2,0,2,0,1,0,1,1,2,1,480.8333333333333,20.0,50.6558976,2,1,BAGGAGE,UPPER MERIDIAN,LANG_02,Round-Trip,google,Internal,Internal,Logged-In,AREA_C,AREA_B,AREA_C_TO_AREA_B,CA,BU,120_plus,very_high,15_30,Y,O,0,0.9436202772628944,47.79993213831279
14.0,65.3020444,,2,2,0,0,0,0,0,1,0,1,0,2.3333333333333335,16.0,87.3732,2,0,BAGGAGE,UPPER APEX,LANG_02,One-Way,google,Paid Search,Paid Search,Logged-In,AREA_B,AREA_B,AREA_B_TO_AREA_B,BA,BE,8_14,high,unknown_or_oneway,Y,Q,0,0.5468537390941338,47.780361116619574
2.0,65.0142268,27.197916666666668,1,1,0,0,0,0,0,0,0,2,1,656.25,19.0,171.32,1,1,BAGGAGE,UPPER APEX,LANG_09,Round-Trip,google,Paid Search,Paid Search,Logged-Out,AREA_C,AREA_B,AREA_C_TO_AREA_B,CA,BA,0_3,high,15_30,Y,K,0,0.2786900306367989,47.745176048696386
128.0,351.6719904,66.58333333333333,3,1,0,2,0,1,0,0,0,2,1,1601.25,13.0,58.0312236,2,0,BAGGAGE,LOWER VERTEX,LANG_02,Round-Trip,microsoft,Direct,Email,Logged-Out,AREA_B,AREA_B,AREA_B_TO_AREA_B,BU,BE,120_plus,very_high,30_plus,Y,L,1,0.8197350212609396,47.57022631154433
109.0,464.8648276,17.427083333333332,5,4,0,1,0,1,0,0,0,2,1,434.4166666666667,9.0,48.56922,1,1,BAGGAGE,UPPER APEX,LANG_09,Round-Trip,google,Direct,Email,Logged-Out,AREA_C,AREA_B,AREA_C_TO_AREA_B,CA,BO,61_120,very_high,15_30,Y,W,0,0.9772634150166923,47.464921801897034
129.0,280.42685520000003,7.319444444444445,4,2,0,2,0,1,0,0,0,2,1,191.83333333333334,12.0,48.56922,1,1,BAGGAGE,UPPER APEX,LANG_09,Round-Trip,mozilla,Display,Display,Logged-Out,AREA_C,AREA_B,AREA_C_TO_AREA_B,CA,BO,120_plus,very_high,6_8,Y,O,0,0.9701300601453254,47.11846031981155
3.0,208.2189016,,2,2,0,0,0,0,0,0,0,2,1,30.916666666666668,14.0,56.8405496,3,0,BAGGAGE,NORTH MERIDIAN,LANG_02,One-Way,google,Paid Search,Paid Search,Logged-Out,AREA_B,AREA_C,AREA_B_TO_AREA_C,BI,CU,0_3,very_high,unknown_or_oneway,Y,Q,1,0.8280649189150682,47.067665095611915
64.0,158.3519326,,2,2,0,0,0,0,0,1,0,4,1,583.1666666666666,10.0,78.6975552,2,0,BAGGAGE,UPPER APEX,LANG_09,Multi-City,google,Organic Search,Paid Search,Logged-In,AREA_C,AREA_B,AREA_C_TO_AREA_B,CU,BO,61_120,very_high,unknown_or_oneway,Y,O,0,0.5980795430093685,47.06739784997055
7.0,290.1192842,15.256944444444445,3,2,0,1,0,1,0,1,0,2,1,379.3333333333333,16.0,48.9726786,1,1,BAGGAGE,LOWER VERTEX,LANG_02,Round-Trip,google,Paid Search,Paid Search,Logged-In,AREA_C,AREA_B,AREA_C_TO_AREA_B,CA,BU,4_7,very_high,15_30,Y,W,1,0.9609187072406894,47.05876301042578
133.0,301.76818760000003,9.211805555555555,5,3,2,0,0,0,1,0,0,2,1,237.25,21.0,48.56922,1,1,BAGGAGE,UPPER APEX,LANG_09,Round-Trip,microsoft,Paid Search,Paid Search,Logged-Out,AREA_C,AREA_B,AREA_C_TO_AREA_B,CA,BO,120_plus,very_high,9_14,Y,U,1,0.9679845005541955,47.01425216400684
159.0,309.0925459,,3,2,1,0,0,0,1,1,0,1,0,16.083333333333332,12.0,55.6271757,2,1,BAGGAGE,LOWER VERTEX,LANG_02,One-Way,google,Paid Search,Paid Search,Logged-In,AREA_B,AREA_C,AREA_B_TO_AREA_C,BU,CA,120_plus,very_high,unknown_or_oneway,Y,V,1,0.8441539336854225,46.95789918696514
1.0,168.6110025,,1,1,0,0,0,0,0,0,0,2,1,30.5,17.0,80.1970335,1,0,BAGGAGE,NORTH MERIDIAN,LANG_02,One-Way,apple,Direct,Paid Search,Logged-Out,AREA_B,AREA_B,AREA_B_TO_AREA_B,BI,BO,0_3,very_high,unknown_or_oneway,Y,Q,0,0.5852177116846845,46.93272442876999
9.0,319.3593252,8.729166666666666,3,2,0,1,0,1,0,0,0,4,1,212.25,20.0,54.9783012,3,0,BAGGAGE,NEW MERIDIAN,LANG_02,Round-Trip,google,Organic Search,Organic Search,Logged-Out,AREA_C,AREA_C,AREA_C_TO_AREA_C,CI,CE,8_14,very_high,9_14,Y,Q,0,0.8521293942992958,46.84862650116025
259.0,241.7783481,,3,3,0,0,0,0,0,1,0,3,1,408.5,23.0,52.4650368,2,0,BAGGAGE,UPPER APEX,LANG_09,Multi-City,opera,Affiliate,Affiliate,Logged-In,AREA_B,AREA_B,AREA_B_TO_AREA_B,BE,BU,120_plus,very_high,unknown_or_oneway,Y,O,0,0.8921871234791554,46.808630265820035
11.0,106.1892756,8.135416666666666,3,2,0,1,0,1,0,1,0,2,1,197.33333333333334,19.0,56.2477824,4,1,BAGGAGE,UPPER APEX,LANG_02,Round-Trip,apple,Direct,Direct,Logged-In,AREA_C,AREA_C,AREA_C_TO_AREA_C,CA,CI,8_14,very_high,9_14,Y,L,0,0.8310160516623514,46.742810044811094
130.0,149.3606307,,2,2,0,0,0,0,0,1,0,1,0,14.666666666666666,15.0,70.2788904,1,0,BAGGAGE,LOWER VERTEX,LANG_02,One-Way,google,Paid Search,Paid Search,Logged-In,AREA_B,AREA_B,AREA_B_TO_AREA_B,BU,BE,120_plus,very_high,unknown_or_oneway,Y,S,0,0.663718235829019,46.64538115230898
53.0,352.5744185,,2,2,0,0,0,0,0,0,0,4,1,364.0,16.0,78.6975552,2,0,BAGGAGE,LOWER VERTEX,LANG_02,Multi-City,google,Paid Search,Paid Search,Logged-Out,AREA_C,AREA_B,AREA_C_TO_AREA_B,CU,BO,31_60,very_high,unknown_or_oneway,Y,E,0,0.5923543194965025,46.61683675653444
27.0,225.8965558,7.736111111111111,5,5,0,0,0,0,0,0,0,4,1,190.41666666666666,23.0,64.0599744,5,0,BAGGAGE,NEW HORIZON,LANG_02,Round-Trip,google,Paid Search,Paid Search,Logged-Out,AREA_C,AREA_B,AREA_C_TO_AREA_B,CE,BU,15_30,very_high,6_8,Y,U,1,0.7274462500226143,46.600188153824675
110.0,276.690366,10.447916666666666,2,2,0,0,0,0,0,0,0,2,1,271.3333333333333,22.0,79.2937488,2,1,BAGGAGE,UPPER APEX,LANG_09,Round-Trip,apple,Direct,Direct,Logged-Out,AREA_C,AREA_D,AREA_C_TO_AREA_D,CA,DA,61_120,very_high,9_14,Y,U,0,0.5873971210339733,46.57691976111108
15.0,52.6706208,,2,2,0,0,0,0,0,0,0,3,1,6.25,13.0,98.183492,2,0,BAGGAGE,UPPER APEX,LANG_09,One-Way,google,Organic Search,Referrals,Logged-Out,AREA_C,AREA_C,AREA_C_TO_AREA_C,CU,CE,15_30,mid,unknown_or_oneway,Y,S,0,0.47326272230943056,46.4665867097662
104.0,227.0525375,,8,4,1,3,0,1,1,0,0,2,1,214.16666666666666,19.0,48.2454252,2,0,BAGGAGE,NEW HORIZON,LANG_02,Multi-City,google,Paid Search,Paid Search,Logged-Out,AREA_C,AREA_B,AREA_C_TO_AREA_B,CE,BE,61_120,very_high,unknown_or_oneway,Y,L,1,0.9597593172025328,46.30399634809787
11.0,406.0386792,10.934027777777779,4,2,1,1,0,1,1,0,1,5,1,263.3333333333333,21.0,47.695488,2,0,BAGGAGE,UPPER APEX,LANG_09,Round-Trip,microsoft,Paid Search,Paid Search,Logged-Out,AREA_C,AREA_B,AREA_C_TO_AREA_B,CU,BU,8_14,very_high,9_14,Y,V,1,0.9707012684055965,46.2980706988239
11.0,303.1858606,5.319444444444445,2,2,0,0,0,0,0,1,0,2,1,143.83333333333334,16.0,59.61936,1,1,BAGGAGE,UPPER APEX,LANG_09,Round-Trip,google,Paid Search,Organic Search,Logged-In,AREA_C,AREA_B,AREA_C_TO_AREA_B,CA,BO,8_14,very_high,6_8,Y,S,0,0.775685444425728,46.24586975797747
93.0,251.1855293,,4,2,1,1,0,1,1,0,0,2,1,-431.4166666666667,9.0,48.7850832,1,1,BAGGAGE,UPPER APEX,LANG_09,Round-Trip,opera,Direct,Paid Search,Logged-Out,AREA_C,AREA_B,AREA_C_TO_AREA_B,CA,BO,61_120,very_high,unknown_or_oneway,Y,O,0,0.9477188767706284,46.23454425346566
292.0,353.62846479999996,,2,2,0,0,0,0,0,0,0,3,1,241.0,14.0,78.6975552,3,0,BAGGAGE,UPPER APEX,LANG_09,Multi-City,google,Direct,Paid Search,Logged-Out,AREA_B,AREA_C,AREA_B_TO_AREA_C,BE,CA,120_plus,very_high,unknown_or_oneway,Y,L,0,0.5864102142273795,46.14905020400302
309.0,347.90809,21.24652777777778,4,3,1,0,0,0,1,0,0,2,1,524.0833333333334,22.0,48.6411744,2,1,BAGGAGE,UPPER APEX,LANG_09,Round-Trip,google,Organic Search,Organic Search,Logged-Out,AREA_C,AREA_B,AREA_C_TO_AREA_B,CA,BU,120_plus,very_high,15_30,Y,U,1,0.9443803728114453,45.93577041385853
41.0,450.9120985,17.67013888888889,5,2,0,3,0,1,0,0,0,2,1,428.1666666666667,10.0,55.50768,4,1,BAGGAGE,UPPER APEX,LANG_02,Round-Trip,google,Paid Search,Paid Search,Logged-Out,AREA_C,AREA_C,AREA_C_TO_AREA_C,CA,CE,31_60,very_high,15_30,Y,W,1,0.8274042521522809,45.927290459108114
0.0,76.6091644,,1,1,0,0,0,0,0,0,0,4,1,1.8333333333333333,14.0,93.746304,2,0,BAGGAGE,UPPER APEX,LANG_02,Round-Trip,google,MetaSearches,MetaSearches,Logged-Out,AREA_B,AREA_B,AREA_B_TO_AREA_B,BE,BI,invalid_or_past,high,unknown_or_oneway,Y,V,0,0.4887042287996956,45.81421519914182
3.0,363.1148815,7.78125,2,2,0,0,0,0,0,0,0,2,1,190.0,10.0,58.407271,2,0,BAGGAGE,LOWER VERTEX,LANG_02,Round-Trip,apple,Direct,Direct,Logged-Out,AREA_B,AREA_B,AREA_B_TO_AREA_B,BU,BE,0_3,very_high,6_8,Y,K,0,0.7819691635233091,45.672684847549235
141.0,281.44064130000004,23.958333333333332,3,2,1,0,0,0,1,1,1,2,1,589.5,10.0,56.638392,3,1,BAGGAGE,UPPER APEX,LANG_09,Round-Trip,google,Direct,Paid Search,Logged-In,AREA_C,AREA_B,AREA_C_TO_AREA_B,CA,BI,120_plus,very_high,15_30,Y,O,1,0.8063533119194654,45.67055497099295
,135.4194657,,9,9,0,0,0,0,0,0,0,1,0,3.25,15.0,45.7013232,3,1,BAGGAGE,UPPER APEX,LANG_09,One-Way,mozilla,Direct,Organic Search,Logged-Out,AREA_C,AREA_C,AREA_C_TO_AREA_C,CA,CI,MISSING,very_high,unknown_or_oneway,Y,W,1,0.9988413210525797,45.64837003893891
15.0,303.4107181,27.413194444444443,3,3,0,0,0,0,0,0,0,2,1,672.6666666666666,19.0,48.3345116,1,1,BAGGAGE,UPPER APEX,LANG_09,Round-Trip,google,Direct,Direct,Logged-Out,AREA_C,AREA_B,AREA_C_TO_AREA_B,CA,BU,15_30,very_high,15_30,Y,W,0,0.9442041315737579,45.637645550319725
296.0,262.6823862,7.239583333333333,9,9,0,0,0,0,0,0,0,2,1,178.58333333333334,13.0,51.807168,4,1,BAGGAGE,UPPER APEX,LANG_09,Round-Trip,google,Email,Paid Search,Logged-Out,AREA_C,AREA_B,AREA_C_TO_AREA_B,CA,BI,120_plus,very_high,6_8,Y,O,1,0.8805633437983731,45.61949308680407
68.0,186.2111344,12.427083333333334,2,2,0,0,0,0,0,1,0,2,1,314.4166666666667,22.0,67.07178,1,1,BAGGAGE,UPPER APEX,LANG_02,Round-Trip,google,Paid Search,Organic Search,Logged-In,AREA_C,AREA_B,AREA_C_TO_AREA_B,CA,BO,61_120,very_high,9_14,Y,O,0,0.6800186266954864,45.610059725621795
48.0,140.1080658,,8,8,0,0,0,0,0,0,0,1,0,3.6666666666666665,17.0,51.0066753,3,1,BAGGAGE,LOWER VERTEX,LANG_02,One-Way,apple,MetaSearches,Organic Search,Logged-Out,AREA_C,AREA_B,AREA_C_TO_AREA_B,CA,BA,31_60,very_high,unknown_or_oneway,Y,U,1,0.8936631808926166,45.58278769535486
19.0,497.4023503,,9,9,0,0,0,0,0,0,0,2,1,78.0,15.0,49.1311496,2,1,BAGGAGE,GREAT MERIDIAN,LANG_02,Multi-City,google,Paid Search,Organic Search,Logged-Out,AREA_B,AREA_C,AREA_B_TO_AREA_C,BI,CA,15_30,very_high,unknown_or_oneway,Y,S,0,0.9273988394781751,45.56417112126861
91.0,202.11005869999997,30.65625,2,2,0,0,0,0,0,0,0,4,1,739.0,13.0,84.9730068,4,0,BAGGAGE,NORTH MERIDIAN,LANG_02,Round-Trip,google,MetaSearches,Referrals,Logged-Out,AREA_B,AREA_C,AREA_B_TO_AREA_C,BI,CU,61_120,very_high,30_plus,Y,O,0,0.5358313725873307,45.53120286651658
155.0,282.8069183,,3,0,3,0,0,0,1,0,0,1,0,16.083333333333332,14.0,59.2287504,2,1,BAGGAGE,LOWER VERTEX,LANG_02,One-Way,google,Internal,Internal,Logged-Out,AREA_B,AREA_C,AREA_B_TO_AREA_C,BU,CA,120_plus,very_high,unknown_or_oneway,Y,V,0,0.7678831367345648,45.48075864202061
36.0,76.6622736,,7,7,0,0,0,0,0,0,0,2,1,4.416666666666667,13.0,51.7352136,1,0,BAGGAGE,UPPER HORIZON,LANG_05,One-Way,google,Direct,Paid Search,Logged-Out,AREA_C,AREA_B,AREA_C_TO_AREA_B,CI,BE,31_60,high,unknown_or_oneway,Y,L,0,0.8789481738184922,45.47257151582962
32.0,370.1728372,11.319444444444445,4,2,0,2,0,1,0,0,0,2,1,287.8333333333333,20.0,47.4076704,2,1,BAGGAGE,UPPER APEX,LANG_09,Round-Trip,google,Paid Search,Paid Search,Logged-Out,AREA_C,AREA_B,AREA_C_TO_AREA_B,CA,BO,31_60,very_high,9_14,Y,W,0,0.9588807991082994,45.45830487701487
6.0,135.8721788,2.763888888888889,2,2,0,0,0,0,0,0,0,2,1,67.91666666666667,14.0,71.4151703,1,1,BAGGAGE,EAST VERTEX,LANG_02,Round-Trip,google,Paid Search,Paid Search,Logged-Out,AREA_B,AREA_C,AREA_B_TO_AREA_C,BI,CA,4_7,very_high,3_5,Y,K,0,0.6353262747840953,45.37193410977076
41.0,388.0316623,11.121527777777779,4,2,1,1,0,1,1,0,0,4,1,268.25,14.0,46.8697256,1,0,BAGGAGE,LOWER VERTEX,LANG_02,Round-Trip,google,Direct,Direct,Logged-Out,AREA_C,AREA_D,AREA_C_TO_AREA_D,CI,DA,31_60,very_high,9_14,Y,T,1,0.96689501936407,45.31810424160065
,639.0398754,12.42361111111111,6,5,1,0,0,0,1,1,1,2,1,312.8333333333333,11.0,45.3107136,2,1,BAGGAGE,UPPER APEX,LANG_09,Round-Trip,google,MetaSearches,MetaSearches,Logged-In,AREA_C,AREA_B,AREA_C_TO_AREA_B,CA,BU,MISSING,very_high,9_14,Y,U,1,0.9994111506129653,45.28403241407053
153.0,260.1177258,12.065972222222221,4,3,1,0,0,0,1,0,0,2,1,294.5833333333333,21.0,47.19866,1,1,BAGGAGE,UPPER APEX,LANG_09,Round-Trip,google,Organic Search,Organic Search,Logged-Out,AREA_C,AREA_C,AREA_C_TO_AREA_C,CA,CA,120_plus,very_high,9_14,Y,O,1,0.9584604448683102,45.23804866078812
121.0,236.1680464,11.333333333333334,4,3,0,0,1,1,0,0,0,4,1,273.4166666666667,21.0,48.3173796,1,0,BAGGAGE,CENTRAL AURORA,LANG_01,Round-Trip,apple,Direct,Direct,Logged-Out,AREA_B,AREA_B,AREA_B_TO_AREA_B,BO,BO,120_plus,very_high,9_14,Y,L,0,0.934758128591487,45.16506333334049
0.0,426.8296461,,5,3,0,0,2,1,0,0,0,2,1,31.583333333333332,13.0,49.314462,1,0,BAGGAGE,NORTH MERIDIAN,LANG_02,One-Way,apple,Organic Search,Paid Search,Logged-Out,AREA_B,AREA_B,AREA_B_TO_AREA_B,BI,BO,invalid_or_past,very_high,unknown_or_oneway,Y,V,1,0.9158424733089364,45.16427884797956
132.0,305.2489817,11.243055555555555,4,2,2,0,0,0,1,1,1,4,1,271.1666666666667,18.0,48.2385724,1,0,BAGGAGE,UPPER HORIZON,LANG_02,Round-Trip,google,Paid Search,Paid Search,Logged-In,AREA_C,AREA_B,AREA_C_TO_AREA_B,CI,BO,120_plus,very_high,9_14,Y,W,1,0.9344762445888137,45.077799980677604
,301.81872699999997,14.993055555555555,2,2,0,0,0,0,0,1,0,2,1,380.4166666666667,20.0,45.3107136,2,1,BAGGAGE,UPPER APEX,LANG_09,Round-Trip,google,Organic Search,Paid Search,Logged-In,AREA_C,AREA_D,AREA_C_TO_AREA_D,CA,DA,MISSING,very_high,15_30,Y,O,1,0.9934184734140077,45.01249993381131
261.0,1158.410161,12.0,5,5,0,0,0,0,0,0,0,2,1,295.25,19.0,47.19866,1,1,BAGGAGE,UPPER APEX,LANG_02,Round-Trip,mozilla,MetaSearches,MetaSearches,Logged-Out,AREA_C,AREA_B,AREA_C_TO_AREA_B,CA,BU,120_plus,very_high,9_14,Y,T,0,0.95213631387397,44.93955815219079
215.0,462.6098281,42.576388888888886,4,2,0,2,0,1,0,0,0,2,1,1025.3333333333333,11.0,46.7241036,1,1,BAGGAGE,LOWER VERTEX,LANG_09,Round-Trip,apple,Paid Search,Paid Search,Logged-Out,AREA_B,AREA_C,AREA_B_TO_AREA_C,BU,CA,120_plus,very_high,30_plus,Y,U,1,0.9611889606387571,44.910692576061614
208.0,331.08789240000004,19.78125,3,1,1,1,0,1,1,0,0,2,1,478.0,16.0,54.5517144,2,0,BAGGAGE,LOWER VERTEX,LANG_02,Round-Trip,google,Direct,Paid Search,Logged-Out,AREA_B,AREA_B,AREA_B_TO_AREA_B,BU,BE,120_plus,very_high,15_30,Y,U,0,0.8231532817403883,44.904422732924395
132.0,225.4900991,22.697916666666668,3,2,0,1,0,1,0,0,0,2,1,550.0,17.0,52.6603416,2,1,BAGGAGE,LOWER VERTEX,LANG_02,Round-Trip,google,Direct,Organic Search,Logged-Out,AREA_B,AREA_C,AREA_B_TO_AREA_C,BO,CA,120_plus,very_high,15_30,Y,O,1,0.8514001652427098,44.83502353997755
207.0,452.3580393,10.770833333333334,4,2,0,2,0,1,0,0,0,2,1,262.0,19.0,58.4783688,3,1,BAGGAGE,LOWER VERTEX,LANG_02,Round-Trip,google,Direct,Paid MetaSearches,Logged-Out,AREA_B,AREA_C,AREA_B_TO_AREA_C,BU,CA,120_plus,very_high,9_14,Y,U,0,0.7664109257004094,44.818460765457935
52.0,428.0691463,12.51736111111111,2,2,0,0,0,0,0,1,0,2,1,304.0,21.0,151.326956,3,1,BAGGAGE,LOWER VERTEX,LANG_02,Round-Trip,google,Paid Search,Paid Search,Logged-In,AREA_D,AREA_C,AREA_D_TO_AREA_C,DA,CA,31_60,very_high,9_14,Y,W,0,0.29601196117681267,44.79458902447724
33.0,343.0850037,10.729166666666666,4,4,0,0,0,0,0,1,0,4,1,260.25,20.0,54.9783012,3,0,BAGGAGE,NEW MERIDIAN,LANG_02,Round-Trip,samsung,Direct,Direct,Logged-In,AREA_C,AREA_C,AREA_C_TO_AREA_C,CI,CE,31_60,very_high,9_14,Y,V,0,0.8146783133311001,44.78962969142519
166.0,582.1166639,16.78472222222222,4,2,1,1,0,1,1,0,0,2,1,406.0,8.0,48.7850832,2,1,BAGGAGE,LOWER VERTEX,LANG_02,Round-Trip,apple,Paid Search,Paid Search,Logged-Out,AREA_B,AREA_C,AREA_B_TO_AREA_C,BU,CA,120_plus,very_high,15_30,Y,U,1,0.9176434344570058,44.76731129791878
201.0,283.66908620000004,21.22222222222222,2,2,0,0,0,0,0,1,0,2,1,529.9166666666666,20.0,74.5242,2,1,BAGGAGE,UPPER APEX,LANG_09,Round-Trip,google,Paid Search,Paid Search,Logged-In,AREA_C,AREA_D,AREA_C_TO_AREA_D,CA,DA,120_plus,very_high,15_30,Y,L,0,0.5997990928372354,44.6995475544207
52.0,152.4649491,13.739583333333334,3,3,0,0,0,0,0,0,0,4,1,332.9166666666667,23.0,63.6719346,2,0,BAGGAGE,LOWER VERTEX,LANG_09,Round-Trip,microsoft,Direct,Direct,Logged-Out,AREA_B,AREA_B,AREA_B_TO_AREA_B,BU,BE,31_60,very_high,9_14,Y,O,1,0.7019158929505105,44.69234283064551
80.0,135.62333650000002,27.288194444444443,2,2,0,0,0,0,0,0,0,2,1,668.0833333333334,15.0,67.07178,1,1,BAGGAGE,UPPER VERTEX,LANG_10,Round-Trip,google,MetaSearches,Organic Search,Logged-Out,AREA_C,AREA_B,AREA_C_TO_AREA_B,CA,BU,61_120,very_high,15_30,Y,O,0,0.6654487130560361,44.63282968337759
130.0,346.190607,9.57638888888889,4,2,0,2,0,1,0,1,0,2,1,233.33333333333334,17.0,46.9468196,1,1,BAGGAGE,LOWER VERTEX,LANG_02,Round-Trip,apple,Direct,Direct,Logged-In,AREA_B,AREA_C,AREA_B_TO_AREA_C,BU,CA,120_plus,very_high,9_14,Y,W,1,0.94940519209837,44.571554280745524
163.0,164.85138510000002,,9,9,0,0,0,0,0,0,0,1,0,4.5,21.0,48.3610662,2,0,BAGGAGE,NEW HORIZON,LANG_02,One-Way,google,MetaSearches,MetaSearches,Logged-Out,AREA_B,AREA_C,AREA_B_TO_AREA_C,BE,CE,120_plus,very_high,unknown_or_oneway,Y,L,1,0.9201407389955361,44.49898719188004
164.0,368.2129364,,2,2,0,0,0,0,0,1,1,2,1,355.5,19.0,67.9660704,2,1,BAGGAGE,UPPER APEX,LANG_09,Multi-City,google,Direct,Paid Search,Logged-In,AREA_C,AREA_B,AREA_C_TO_AREA_B,CA,BU,120_plus,very_high,unknown_or_oneway,Y,S,0,0.6544123720488457,44.477837349302845
71.0,132.68048720000002,9.760416666666666,4,2,0,2,0,1,0,0,0,2,1,238.0,11.0,46.3454864,1,1,BAGGAGE,LOWER VERTEX,LANG_02,Round-Trip,google,MetaSearches,MetaSearches,Logged-Out,AREA_B,AREA_C,AREA_B_TO_AREA_C,BU,CA,61_120,very_high,9_14,Y,O,1,0.9592720893314646,44.45793157001098
50.0,302.64149130000004,7.222222222222222,3,3,0,0,0,0,0,1,0,2,1,187.91666666666666,13.0,56.638392,3,1,BAGGAGE,UPPER APEX,LANG_09,Round-Trip,google,Paid Search,Paid Search,Logged-In,AREA_C,AREA_B,AREA_C_TO_AREA_B,CA,BI,31_60,very_high,6_8,Y,L,0,0.780576163435016,44.21057873048851
1.0,136.3797143,,1,1,0,0,0,0,0,0,0,2,1,30.5,19.0,80.1970335,1,0,BAGGAGE,NORTH MERIDIAN,LANG_02,One-Way,google,MetaSearches,MetaSearches,Logged-Out,AREA_B,AREA_B,AREA_B_TO_AREA_B,BI,BO,0_3,very_high,unknown_or_oneway,Y,V,0,0.5510633049381896,44.19364232674871
9.0,399.6501564,,4,2,0,2,0,1,0,0,0,2,1,2254.5,21.0,45.3107136,2,1,BAGGAGE,UPPER APEX,LANG_02,Multi-City,apple,Direct,Direct,Logged-Out,AREA_C,AREA_B,AREA_C_TO_AREA_B,CA,BO,8_14,very_high,unknown_or_oneway,Y,L,0,0.9747514001519022,44.166681523481834
89.0,232.6152979,24.62152777777778,2,2,0,0,0,0,0,0,0,3,1,594.9166666666666,10.0,62.0829416,1,0,BAGGAGE,LOWER VERTEX,LANG_02,Round-Trip,google,Paid Search,Paid Search,Logged-Out,AREA_B,AREA_C,AREA_B_TO_AREA_C,BU,CU,61_120,very_high,15_30,Y,V,0,0.7108017844203118,44.128665671342006
146.0,373.3161309,,4,2,1,1,0,1,1,1,1,4,1,385.8333333333333,19.0,46.1056384,2,0,BAGGAGE,LOWER ZENITH,LANG_02,Multi-City,microsoft,Paid Search,Paid Search,Logged-In,AREA_C,AREA_B,AREA_C_TO_AREA_B,CE,BU,120_plus,very_high,unknown_or_oneway,Y,V,0,0.9569184003833222,44.11933374637987
40.0,1071.6515715,15.572916666666666,6,3,0,2,1,1,0,0,0,4,1,379.4166666666667,,47.1181396,2,0,BAGGAGE,LOWER VERTEX,LANG_02,Round-Trip,google,Direct,Paid MetaSearches,Logged-Out,AREA_B,AREA_C,AREA_B_TO_AREA_C,BO,CE,31_60,very_high,15_30,Y,W,1,0.9357979259841499,44.09305731391164
60.0,260.0860316,6.638888888888889,4,4,0,0,0,0,0,0,0,2,1,166.0,22.0,52.6603416,1,1,BAGGAGE,LOWER VERTEX,LANG_02,Round-Trip,apple,MetaSearches,MetaSearches,Logged-Out,AREA_B,AREA_C,AREA_B_TO_AREA_C,BO,CA,31_60,very_high,6_8,Y,U,0,0.8368243105308458,44.06745405173882
39.0,227.542941,29.04861111111111,3,2,0,1,0,1,0,1,0,4,1,698.0833333333334,23.0,56.330016,4,0,BAGGAGE,UPPER APEX,LANG_02,Round-Trip,google,Direct,Paid Search,Logged-In,AREA_B,AREA_C,AREA_B_TO_AREA_C,BE,CE,31_60,very_high,15_30,Y,U,0,0.781970386175882,44.048404364813614
50.0,379.7886005,14.371527777777779,5,4,0,1,0,1,0,0,0,4,1,346.1666666666667,14.0,46.6555756,2,0,BAGGAGE,CENTRAL MERIDIAN,LANG_02,Round-Trip,google,Paid Search,Paid Search,Logged-Out,AREA_B,AREA_B,AREA_B_TO_AREA_B,BI,BO,31_60,very_high,15_30,Y,L,0,0.9436767915219662,44.02778388881853
146.0,789.7650699,,4,3,1,0,0,0,1,0,0,4,1,311.6666666666667,18.0,51.1724274,2,0,BAGGAGE,LOWER VERTEX,LANG_02,Multi-City,microsoft,Paid Search,Paid Search,Logged-Out,AREA_B,AREA_C,AREA_B_TO_AREA_C,BU,CU,120_plus,very_high,unknown_or_oneway,Y,W,0,0.8573061795762013,43.87043823393452
181.0,317.01224119999995,8.42361111111111,4,2,1,1,0,1,1,0,0,2,1,216.83333333333334,18.0,44.71452,1,1,BAGGAGE,UPPER APEX,LANG_09,Round-Trip,opera,Paid Search,Paid Search,Logged-Out,AREA_C,AREA_B,AREA_C_TO_AREA_B,CA,BU,120_plus,very_high,9_14,Y,O,1,0.9799748631188522,43.819105616425176
145.0,325.2698652,12.215277777777779,4,2,1,1,0,1,1,0,0,5,1,294.0,17.0,45.3107136,2,0,BAGGAGE,UPPER APEX,LANG_09,Round-Trip,google,Paid Search,Paid Search,Logged-Out,AREA_D,AREA_B,AREA_D_TO_AREA_B,DA,BU,120_plus,very_high,9_14,Y,O,1,0.966844517751034,43.808415039547214
97.0,339.4603008,20.36111111111111,4,2,1,1,0,1,1,0,0,2,1,503.8333333333333,9.0,44.71452,1,1,BAGGAGE,UPPER APEX,LANG_09,Round-Trip,google,Paid MetaSearches,Paid Search,Logged-Out,AREA_C,AREA_B,AREA_C_TO_AREA_B,CA,BO,61_120,very_high,15_30,Y,O,0,0.9795323737788926,43.799319917983766
10.0,487.735191,,2,2,0,0,0,0,0,1,0,2,1,117.16666666666667,10.0,55.89315,2,0,BAGGAGE,UPPER APEX,LANG_09,Multi-City,mozilla,Paid MetaSearches,Paid Search,Logged-In,AREA_B,AREA_B,AREA_B_TO_AREA_B,BE,BU,8_14,very_high,unknown_or_oneway,Y,E,0,0.7824875599257405,43.7356945600634
92.0,408.7078448,12.48263888888889,4,2,1,1,0,1,1,1,0,2,1,320.1666666666667,18.0,44.71452,1,1,BAGGAGE,UPPER APEX,LANG_09,Round-Trip,google,Direct,Paid Search,Logged-In,AREA_C,AREA_D,AREA_C_TO_AREA_D,CA,DA,61_120,very_high,9_14,Y,O,1,0.9780725966224085,43.73404668312462
109.0,820.721309,,4,3,1,0,0,0,1,0,0,3,1,650.6666666666666,20.0,54.5337258,2,0,BAGGAGE,LOWER VERTEX,LANG_02,Multi-City,google,Paid Search,Paid Search,Logged-Out,AREA_B,AREA_B,AREA_B_TO_AREA_B,BU,BE,61_120,very_high,unknown_or_oneway,Y,W,0,0.8011614765977775,43.69032028630631
27.0,254.101824,28.0625,4,2,0,2,0,1,0,0,0,4,1,674.5,14.0,44.71452,1,0,BAGGAGE,UPPER APEX,LANG_09,Round-Trip,google,Direct,Direct,Logged-Out,AREA_B,AREA_B,AREA_B_TO_AREA_B,BE,BU,15_30,very_high,15_30,Y,O,1,0.9766978272250931,43.67257452941297
158.0,847.682794,13.53125,5,2,2,1,0,1,1,1,1,2,1,332.0,10.0,44.71452,1,1,BAGGAGE,UPPER APEX,LANG_09,Round-Trip,google,Paid Search,Paid Search,Logged-In,AREA_C,AREA_B,AREA_C_TO_AREA_B,CA,BU,120_plus,very_high,9_14,Y,V,1,0.9766790136716268,43.67173329040023
218.0,367.6253088,39.229166666666664,4,3,0,1,0,1,0,0,0,2,1,956.1666666666666,17.0,44.71452,1,1,BAGGAGE,UPPER APEX,LANG_09,Round-Trip,mozilla,Organic Search,Organic Search,Logged-Out,AREA_C,AREA_B,AREA_C_TO_AREA_B,CA,BU,120_plus,very_high,30_plus,Y,O,1,0.9758668428964674,43.63541746403095
0.0,83.00454,,1,1,0,0,0,0,0,0,0,1,0,10.083333333333334,15.0,75.243744,1,1,BAGGAGE,UPPER APEX,LANG_02,One-Way,google,Direct,Referrals,Logged-Out,AREA_C,AREA_C,AREA_C_TO_AREA_C,CA,CE,invalid_or_past,high,unknown_or_oneway,Y,Q,0,0.5795560460924379,43.607966765831605
85.0,371.5262652,15.260416666666666,4,3,0,1,0,1,0,1,0,4,1,367.25,14.0,44.71452,1,0,BAGGAGE,UPPER APEX,LANG_09,Round-Trip,google,Email,Email,Logged-In,AREA_B,AREA_D,AREA_B_TO_AREA_D,BE,DA,61_120,very_high,15_30,Y,O,1,0.9751493948639709,43.603337119632926
19.0,175.697226,6.184027777777778,5,5,0,0,0,0,0,0,0,2,1,153.5,12.0,46.873152,2,1,BAGGAGE,UPPER APEX,LANG_09,Round-Trip,mozilla,Direct,Organic Search,Logged-Out,AREA_C,AREA_B,AREA_C_TO_AREA_B,CA,BO,15_30,very_high,6_8,Y,U,1,0.9298611956238403,43.585525161378
125.0,392.5480858,11.319444444444445,4,2,0,2,0,1,0,0,0,2,1,287.8333333333333,20.0,44.71452,1,1,BAGGAGE,UPPER APEX,LANG_09,Round-Trip,apple,Direct,Direct,Logged-Out,AREA_C,AREA_B,AREA_C_TO_AREA_B,CA,BO,120_plus,very_high,9_14,Y,L,1,0.9744707516549248,43.57299191428917
32.0,412.1667956,17.427083333333332,4,2,0,2,0,1,0,1,0,2,1,434.4166666666667,16.0,44.71452,1,1,BAGGAGE,UPPER APEX,LANG_02,Round-Trip,google,Direct,Paid Search,Logged-In,AREA_C,AREA_B,AREA_C_TO_AREA_B,CA,BO,31_60,very_high,15_30,Y,W,1,0.974420286968644,43.570735410065176
196.0,432.6065564999999,11.229166666666666,5,4,1,0,0,0,1,0,0,2,1,284.0833333333333,20.0,44.71452,1,1,BAGGAGE,UPPER APEX,LANG_09,Round-Trip,google,Direct,MetaSearches,Logged-Out,AREA_C,AREA_B,AREA_C_TO_AREA_B,CA,BU,120_plus,very_high,9_14,Y,O,1,0.9741776939645977,43.55988798033388
143.0,251.150837,10.319444444444445,4,2,1,1,0,1,1,0,0,2,1,263.8333333333333,20.0,44.71452,1,1,BAGGAGE,UPPER APEX,LANG_02,Round-Trip,google,Paid Search,Paid Search,Logged-Out,AREA_C,AREA_B,AREA_C_TO_AREA_B,CA,BO,120_plus,very_high,9_14,Y,O,0,0.9739887170159567,43.551437966784334
36.0,321.0519668,8.239583333333334,4,2,0,2,0,1,0,1,0,2,1,212.25,14.0,44.71452,1,1,BAGGAGE,UPPER APEX,LANG_09,Round-Trip,microsoft,Direct,Paid Search,Logged-In,AREA_C,AREA_B,AREA_C_TO_AREA_B,CA,BU,31_60,very_high,9_14,Y,O,1,0.9734892612587299,43.529105042338706
163.0,269.8534131,13.427083333333334,4,4,0,0,0,0,0,0,0,2,1,338.4166666666667,21.0,48.7850832,3,1,BAGGAGE,UPPER APEX,LANG_09,Round-Trip,google,Direct,Paid Search,Logged-Out,AREA_C,AREA_B,AREA_C_TO_AREA_B,CA,BO,120_plus,very_high,9_14,Y,O,0,0.8921488313700768,43.52355496517197
215.0,657.029332,15.0,4,2,0,2,0,1,0,1,0,2,1,367.25,9.0,44.71452,1,1,BAGGAGE,UPPER APEX,LANG_09,Round-Trip,google,Paid Search,Paid Search,Logged-In,AREA_C,AREA_B,AREA_C_TO_AREA_B,CA,BU,120_plus,very_high,15_30,Y,W,1,0.9732033370868531,43.51632008023684
201.0,450.6538336,15.993055555555555,4,2,0,2,0,1,0,1,0,2,1,404.4166666666667,22.0,45.3107136,2,1,BAGGAGE,UPPER APEX,LANG_09,Round-Trip,mozilla,Paid Search,MetaSearches,Logged-In,AREA_C,AREA_D,AREA_C_TO_AREA_D,CA,DA,120_plus,very_high,15_30,Y,W,1,0.9599115866773762,43.494278985260166
99.0,406.8627284,,4,2,0,2,0,1,0,0,0,2,1,551.0833333333334,22.0,45.3107136,2,1,BAGGAGE,UPPER APEX,LANG_02,Multi-City,apple,Direct,Partners,Logged-Out,AREA_C,AREA_B,AREA_C_TO_AREA_B,CA,BU,61_120,very_high,unknown_or_oneway,Y,W,1,0.9596426935739651,43.48209524686249
89.0,388.7143725,,5,5,0,0,0,0,0,1,0,4,1,393.1666666666667,13.0,45.3107136,2,0,BAGGAGE,UPPER APEX,LANG_09,Multi-City,apple,Direct,Direct,Logged-In,AREA_D,AREA_B,AREA_D_TO_AREA_B,DA,BO,61_120,very_high,unknown_or_oneway,Y,U,1,0.9595110850507622,43.47613197076033
205.0,842.1307410999999,17.993055555555557,7,6,0,1,0,1,0,0,0,2,1,452.4166666666667,21.0,45.3107136,2,1,BAGGAGE,UPPER APEX,LANG_09,Round-Trip,apple,Paid Search,Paid Search,Logged-Out,AREA_C,AREA_D,AREA_C_TO_AREA_D,CA,DA,120_plus,very_high,15_30,Y,W,1,0.9589720331037336,43.45170714237299
98.0,456.26799,,5,3,0,2,0,1,0,1,0,2,1,283.8333333333333,9.0,45.3107136,2,1,BAGGAGE,LOWER VERTEX,LANG_09,Multi-City,apple,Affiliate,Affiliate,Logged-In,AREA_C,AREA_B,AREA_C_TO_AREA_B,CA,BO,61_120,very_high,unknown_or_oneway,Y,O,0,0.9589345511337761,43.45000880756709
97.0,350.2414684,17.15972222222222,4,2,0,2,0,1,0,0,0,2,1,426.3333333333333,23.0,45.3107136,2,1,BAGGAGE,UPPER APEX,LANG_09,Round-Trip,google,Direct,Paid Search,Logged-Out,AREA_C,AREA_B,AREA_C_TO_AREA_B,CA,BU,61_120,very_high,15_30,Y,O,1,0.9588452987728595,43.44596471940347
29.0,645.2973384,7.239583333333333,4,2,0,2,0,1,0,0,0,2,1,188.25,21.0,44.71452,1,1,BAGGAGE,UPPER APEX,LANG_09,Round-Trip,google,Paid Search,Organic Search,Logged-Out,AREA_C,AREA_B,AREA_C_TO_AREA_B,CA,BU,15_30,very_high,6_8,Y,Q,1,0.9712237661660084,43.42780451670531
56.0,204.1783194,12.427083333333334,4,2,0,2,0,1,0,0,0,2,1,314.4166666666667,18.0,44.71452,1,1,BAGGAGE,UPPER APEX,LANG_09,Round-Trip,google,Paid Search,Paid Search,Logged-Out,AREA_C,AREA_B,AREA_C_TO_AREA_B,CA,BO,31_60,very_high,9_14,Y,O,1,0.9707602268822575,43.407077580131244
99.0,328.300516,14.36111111111111,4,4,0,0,0,0,0,1,0,2,1,359.8333333333333,20.0,44.71452,1,1,BAGGAGE,UPPER APEX,LANG_09,Round-Trip,google,Referrals,Referrals,Logged-In,AREA_C,AREA_B,AREA_C_TO_AREA_B,CA,BO,61_120,very_high,15_30,Y,O,1,0.9702684338780592,43.38508729200915
89.0,298.6338882,16.583333333333332,2,2,0,0,0,0,0,0,0,2,1,402.0,23.0,58.899816,1,1,BAGGAGE,UPPER APEX,LANG_09,Round-Trip,google,Paid Search,Paid Search,Logged-Out,AREA_C,AREA_B,AREA_C_TO_AREA_B,CA,BO,61_120,very_high,15_30,Y,V,0,0.736529697751034,43.38146367607152
108.0,247.1830658,7.239583333333333,3,3,0,0,0,0,0,0,0,2,1,188.25,13.0,48.5418088,1,1,BAGGAGE,LOWER ZENITH,LANG_02,Round-Trip,apple,Direct,MetaSearches,Logged-Out,AREA_C,AREA_B,AREA_C_TO_AREA_B,CA,BU,61_120,very_high,6_8,Y,O,1,0.8929980394576641,43.34774009012879
172.0,477.2084336,6.423611111111111,4,4,0,0,0,0,0,1,0,2,1,168.83333333333334,18.0,45.3107136,1,1,BAGGAGE,UPPER APEX,LANG_09,Round-Trip,mozilla,MetaSearches,Organic Search,Logged-In,AREA_C,AREA_B,AREA_C_TO_AREA_B,CA,BU,120_plus,very_high,6_8,Y,O,1,0.9565033098271517,43.33984752903014
89.0,459.5748943,16.78125,5,2,0,2,1,1,0,0,0,2,1,406.0,11.0,47.704054,2,1,BAGGAGE,NORTH MERIDIAN,LANG_02,Round-Trip,microsoft,Paid Search,Paid Search,Logged-Out,AREA_B,AREA_C,AREA_B_TO_AREA_C,BI,CA,61_120,very_high,15_30,Y,O,0,0.9083098630118167,43.3300627538483
268.0,470.6503039999999,14.229166666666666,4,2,2,0,0,0,1,0,0,2,1,356.0833333333333,18.0,44.71452,1,1,BAGGAGE,UPPER APEX,LANG_09,Round-Trip,google,Organic Search,Organic Search,Logged-Out,AREA_C,AREA_B,AREA_C_TO_AREA_B,CA,BU,120_plus,very_high,15_30,Y,O,1,0.9686178357836447,43.3112815905045
108.0,296.5343616,18.100694444444443,4,3,0,1,0,1,0,0,0,2,1,448.8333333333333,23.0,45.3107136,2,1,BAGGAGE,UPPER APEX,LANG_09,Round-Trip,google,Direct,Paid Search,Logged-Out,AREA_C,AREA_B,AREA_C_TO_AREA_B,CA,BU,61_120,very_high,15_30,Y,O,1,0.9556813431145366,43.3026036307261
81.0,309.4090596,,2,2,0,0,0,0,0,1,0,2,1,362.0833333333333,20.0,78.6975552,3,0,BAGGAGE,UPPER APEX,LANG_09,Multi-City,google,Organic Search,Organic Search,Logged-In,AREA_B,AREA_C,AREA_B_TO_AREA_C,BE,CA,61_120,very_high,unknown_or_oneway,Y,V,0,0.5497206580632834,43.26167183251557
16.0,171.50416900000002,43.40625,2,2,0,0,0,0,0,1,0,2,1,1057.6666666666667,16.0,70.0681668,2,1,BAGGAGE,UPPER VERTEX,LANG_11,Round-Trip,google,Paid Search,Paid Search,Logged-In,AREA_C,AREA_B,AREA_C_TO_AREA_B,CA,BU,15_30,very_high,30_plus,Y,O,0,0.6173721018024553,43.25813140676102
206.0,374.711104,8.229166666666666,4,4,0,0,0,0,0,0,0,2,1,212.16666666666666,22.0,44.71452,1,1,BAGGAGE,UPPER APEX,LANG_09,Round-Trip,google,Paid Search,Paid Search,Logged-Out,AREA_C,AREA_B,AREA_C_TO_AREA_B,CA,BU,120_plus,very_high,9_14,Y,O,0,0.9673399224343602,43.254140308489646
200.0,361.5999844,,4,4,0,0,0,0,0,0,0,4,1,524.5833333333334,20.0,45.3107136,2,0,BAGGAGE,UPPER APEX,LANG_09,Multi-City,google,Paid Search,MetaSearches,Logged-Out,AREA_B,AREA_B,AREA_B_TO_AREA_B,BE,BU,120_plus,very_high,unknown_or_oneway,Y,U,1,0.9541513954440755,43.23328061000685
75.0,369.074676,12.319444444444445,4,2,2,0,0,0,1,0,0,2,1,311.8333333333333,22.0,44.71452,1,1,BAGGAGE,UPPER APEX,LANG_09,Round-Trip,microsoft,Paid Search,Paid Search,Logged-Out,AREA_C,AREA_B,AREA_C_TO_AREA_B,CA,BO,61_120,very_high,9_14,Y,U,1,0.9666605307502495,43.22376163544265
122.0,374.9115484,21.03472222222222,4,3,0,1,0,1,0,0,0,2,1,519.4166666666666,17.0,45.3107136,2,1,BAGGAGE,UPPER APEX,LANG_09,Round-Trip,google,Paid Search,Paid Search,Logged-Out,AREA_C,AREA_B,AREA_C_TO_AREA_B,CA,BU,120_plus,very_high,15_30,Y,U,0,0.9535408169563379,43.205614863018646
81.0,344.33949440000004,18.302083333333332,4,2,0,2,0,1,0,0,0,2,1,455.5,17.0,45.3107136,2,1,BAGGAGE,UPPER APEX,LANG_09,Round-Trip,google,Direct,Direct,Logged-Out,AREA_C,AREA_B,AREA_C_TO_AREA_B,CA,BO,61_120,very_high,15_30,Y,U,1,0.9531831092564866,43.18940687187818
168.0,480.8164328,13.125,4,2,1,1,0,1,1,0,0,2,1,329.4166666666667,23.0,45.3107136,2,1,BAGGAGE,UPPER APEX,LANG_09,Round-Trip,apple,Paid Search,Email,Logged-Out,AREA_C,AREA_B,AREA_C_TO_AREA_B,CA,BU,120_plus,very_high,9_14,Y,U,1,0.9531351952998506,43.187235856311595
242.0,343.9043416,,4,4,0,0,0,0,0,0,0,2,1,572.25,13.0,45.3107136,2,1,BAGGAGE,UPPER APEX,LANG_09,Multi-City,opera,Paid Search,Paid Search,Logged-Out,AREA_C,AREA_D,AREA_C_TO_AREA_D,CA,DA,120_plus,very_high,unknown_or_oneway,Y,O,1,0.9529532705881907,43.17899271780481
61.0,372.0535025,9.635416666666666,4,2,2,0,0,0,1,1,0,2,1,234.75,7.0,48.8827356,2,1,BAGGAGE,LOWER VERTEX,LANG_02,Round-Trip,microsoft,Direct,Direct,Logged-In,AREA_B,AREA_C,AREA_B_TO_AREA_C,BU,CA,61_120,very_high,9_14,Y,S,0,0.88280760544934,43.1540507628492
216.0,934.0426362,15.336805555555555,7,4,1,2,0,1,1,0,0,4,1,369.5,15.0,48.3173796,3,0,BAGGAGE,CENTRAL AURORA,LANG_01,Round-Trip,google,Paid Search,Paid Search,Logged-Out,AREA_B,AREA_B,AREA_B_TO_AREA_B,BO,BO,120_plus,very_high,15_30,Y,V,0,0.8929843466227526,43.14666365262952
45.0,876.6782757000001,16.78125,5,2,0,2,1,1,0,0,0,4,1,406.0833333333333,10.0,47.0324796,2,0,BAGGAGE,LOWER VERTEX,LANG_02,Round-Trip,google,Direct,Organic Search,Logged-Out,AREA_B,AREA_B,AREA_B_TO_AREA_B,BU,BI,31_60,very_high,15_30,Y,T,1,0.9170064822696659,43.129088670415825
197.0,392.5078256,17.42361111111111,4,3,0,1,0,1,0,0,0,2,1,432.8333333333333,23.0,45.3107136,2,1,BAGGAGE,UPPER APEX,LANG_09,Round-Trip,mozilla,Paid Search,MetaSearches,Logged-Out,AREA_C,AREA_B,AREA_C_TO_AREA_B,CA,BU,120_plus,very_high,15_30,Y,U,1,0.9518344147335535,43.12829656061566
130.0,623.6913166,10.302083333333334,6,5,0,1,0,1,0,1,0,2,1,263.5,16.0,45.3107136,2,1,BAGGAGE,UPPER APEX,LANG_09,Round-Trip,microsoft,Paid Search,Organic Search,Logged-In,AREA_C,AREA_B,AREA_C_TO_AREA_B,CA,BO,120_plus,very_high,9_14,Y,O,1,0.9508549865631641,43.08391797129538
128.0,436.5627636,15.340277777777779,4,2,0,2,0,1,0,0,0,2,1,384.25,21.0,45.3107136,2,1,BAGGAGE,UPPER APEX,LANG_09,Round-Trip,microsoft,Direct,Direct,Logged-Out,AREA_C,AREA_B,AREA_C_TO_AREA_B,CA,BU,120_plus,very_high,15_30,Y,U,1,0.9505195224229337,43.068717851714325
262.0,553.509222,,4,2,2,0,0,0,1,0,0,2,1,402.3333333333333,21.0,44.71452,1,1,BAGGAGE,UPPER APEX,LANG_02,Multi-City,google,Paid Search,Organic Search,Logged-Out,AREA_C,AREA_B,AREA_C_TO_AREA_B,CA,BU,120_plus,very_high,unknown_or_oneway,Y,W,1,0.9629428332948367,43.05752657821864
244.0,470.9835214000001,22.336805555555557,5,2,1,2,0,1,1,0,0,4,1,537.5,21.0,48.3173796,3,0,BAGGAGE,CENTRAL AURORA,LANG_01,Round-Trip,mozilla,Paid Search,Paid Search,Logged-Out,AREA_B,AREA_B,AREA_B_TO_AREA_B,BO,BO,120_plus,very_high,15_30,Y,V,0,0.8910287251995337,43.05217314996996
233.0,258.1711023,18.42361111111111,3,3,0,0,0,0,0,0,0,2,1,456.8333333333333,9.0,48.3533568,2,1,BAGGAGE,UPPER APEX,LANG_09,Round-Trip,google,Paid Search,Paid Search,Logged-Out,AREA_C,AREA_B,AREA_C_TO_AREA_B,CA,BU,120_plus,very_high,15_30,Y,U,1,0.8902280838447011,43.04551617152315
231.0,452.9769328,15.993055555555555,4,3,0,1,0,1,0,1,0,2,1,404.4166666666667,8.0,45.3107136,2,1,BAGGAGE,UPPER APEX,LANG_09,Round-Trip,mozilla,Direct,Direct,Logged-In,AREA_C,AREA_D,AREA_C_TO_AREA_D,CA,DA,120_plus,very_high,15_30,Y,L,1,0.949687689133733,43.03102689178441
42.0,663.3373344,12.98263888888889,4,2,1,1,0,1,1,1,1,2,1,332.1666666666667,21.0,45.3107136,2,1,BAGGAGE,UPPER APEX,LANG_09,Round-Trip,google,Paid Search,Paid Search,Logged-In,AREA_C,AREA_D,AREA_C_TO_AREA_D,CA,DA,31_60,very_high,9_14,Y,L,0,0.9494482046348878,43.02017567824559
27.0,411.8669856,7.0625,4,3,1,0,0,0,1,1,0,4,1,170.5,14.0,44.71452,1,0,BAGGAGE,UPPER APEX,LANG_09,Round-Trip,microsoft,Organic Search,Organic Search,Logged-In,AREA_B,AREA_B,AREA_B_TO_AREA_B,BE,BU,15_30,very_high,6_8,Y,S,1,0.9618205174603452,43.007342764390955
74.0,451.3391136,17.572916666666668,4,2,0,2,0,1,0,1,0,2,1,427.4166666666667,21.0,44.71452,1,1,BAGGAGE,UPPER APEX,LANG_02,Round-Trip,google,Paid Search,Paid Search,Logged-In,AREA_B,AREA_C,AREA_B_TO_AREA_C,BO,CA,61_120,very_high,15_30,Y,O,1,0.9617730671438621,43.00522104626557
156.0,179.60846159999997,10.26388888888889,4,3,1,0,0,0,1,0,0,4,1,248.41666666666666,6.0,46.2923772,1,0,BAGGAGE,LOWER ZENITH,LANG_02,Round-Trip,google,Organic Search,Organic Search,Logged-Out,AREA_C,AREA_B,AREA_C_TO_AREA_B,CE,BO,120_plus,very_high,9_14,Y,L,0,0.9283823705488282,42.97702688327652
34.0,354.4683611,9.722222222222221,4,2,0,2,0,1,0,0,0,2,1,236.66666666666666,21.0,52.5404176,2,1,BAGGAGE,NORTH MERIDIAN,LANG_02,Round-Trip,google,Paid Search,Paid Search,Logged-Out,AREA_B,AREA_C,AREA_B_TO_AREA_C,BI,CA,31_60,very_high,9_14,Y,O,0,0.817676427135431,42.961060943371514
244.0,318.9357365,10.215277777777779,5,5,0,0,0,0,0,1,0,2,1,261.25,21.0,45.3107136,2,1,BAGGAGE,UPPER APEX,LANG_09,Round-Trip,apple,Direct,Organic Search,Logged-In,AREA_C,AREA_B,AREA_C_TO_AREA_B,CA,BU,120_plus,very_high,9_14,Y,O,1,0.9479126404190654,42.95059816784806
219.0,336.8840763,,4,2,2,0,0,0,1,1,0,4,1,-2.8333333333333335,14.0,48.4801336,1,0,BAGGAGE,WEST VERTEX,LANG_02,Round-Trip,apple,Direct,Direct,Logged-In,AREA_C,AREA_B,AREA_C_TO_AREA_B,CI,BO,120_plus,very_high,unknown_or_oneway,Y,V,1,0.8852294830038439,42.91604360268528
248.0,416.7564584,,4,4,0,0,0,0,0,1,0,2,1,406.9166666666667,13.0,45.3107136,2,1,BAGGAGE,UPPER APEX,LANG_09,Multi-City,apple,MetaSearches,MetaSearches,Logged-In,AREA_C,AREA_B,AREA_C_TO_AREA_B,CA,BU,120_plus,very_high,unknown_or_oneway,Y,U,1,0.9469566669331299,42.90728232701764
178.0,557.0799591,8.965277777777779,6,3,1,1,1,1,1,0,0,2,1,218.66666666666666,16.0,47.6629372,2,1,BAGGAGE,LOWER VERTEX,LANG_02,Round-Trip,google,Paid Search,Paid Search,Logged-Out,AREA_B,AREA_C,AREA_B_TO_AREA_C,BU,CA,120_plus,very_high,9_14,Y,O,1,0.8999264046759505,42.89313571069162
72.0,744.051326,14.319444444444445,5,5,0,0,0,0,0,0,0,2,1,359.8333333333333,9.0,44.71452,1,1,BAGGAGE,UPPER APEX,LANG_09,Round-Trip,google,Organic Search,Organic Search,Logged-Out,AREA_C,AREA_B,AREA_C_TO_AREA_B,CA,BO,61_120,very_high,15_30,Y,Q,1,0.959249395365557,42.89237627406111
27.0,359.309436,33.12847222222222,4,4,0,0,0,0,0,0,0,2,1,809.5,9.0,45.3107136,2,1,BAGGAGE,UPPER APEX,LANG_09,Round-Trip,google,Paid Search,Paid Search,Logged-Out,AREA_C,AREA_B,AREA_C_TO_AREA_B,CA,BU,15_30,very_high,30_plus,Y,L,1,0.946137967303171,42.87018646256015
67.0,311.168516,7.319444444444445,4,3,1,0,0,0,1,0,0,2,1,191.83333333333334,11.0,44.71452,1,1,BAGGAGE,UPPER APEX,LANG_09,Round-Trip,microsoft,Paid Search,Organic Search,Logged-Out,AREA_C,AREA_B,AREA_C_TO_AREA_B,CA,BO,61_120,very_high,6_8,Y,O,0,0.9587522983937999,42.87014882157553
89.0,409.6925065,9.190972222222221,5,5,0,0,0,0,0,1,1,4,1,221.66666666666666,17.0,44.71452,1,0,BAGGAGE,UPPER APEX,LANG_09,Round-Trip,microsoft,Organic Search,Paid Search,Logged-In,AREA_C,AREA_B,AREA_C_TO_AREA_B,CE,BO,61_120,very_high,9_14,Y,O,1,0.9580808295379629,42.84012441399183
0.0,318.42905759999996,4.78125,2,2,0,0,0,0,0,0,0,4,1,118.08333333333333,16.0,57.9044468,2,0,BAGGAGE,LOWER VERTEX,LANG_02,Round-Trip,google,Paid Search,Paid Search,Logged-Out,AREA_B,AREA_C,AREA_B_TO_AREA_C,BU,CI,invalid_or_past,very_high,3_5,Y,K,0,0.7398213942924599,42.838948567309565
0.0,259.8307648,77.24652777777777,2,2,0,0,0,0,0,1,0,2,1,1868.0833333333333,14.0,51.9707786,1,1,BAGGAGE,LOWER VERTEX,LANG_02,Round-Trip,apple,Direct,Direct,Logged-In,AREA_C,AREA_B,AREA_C_TO_AREA_B,CA,BU,invalid_or_past,very_high,30_plus,Y,S,1,0.8238988127563407,42.81866278656264
174.0,634.5966912,14.36111111111111,4,4,0,0,0,0,0,0,0,2,1,351.9166666666667,21.0,44.71452,1,1,BAGGAGE,UPPER APEX,LANG_09,Round-Trip,google,Paid Search,Paid Search,Logged-Out,AREA_C,AREA_B,AREA_C_TO_AREA_B,CA,BU,120_plus,very_high,15_30,Y,V,1,0.9568380744877507,42.78455521844402
110.0,409.0059416,6.118055555555555,4,4,0,0,0,0,0,0,0,2,1,161.41666666666666,12.0,45.3107136,1,1,BAGGAGE,UPPER APEX,LANG_09,Round-Trip,google,Direct,Organic Search,Logged-Out,AREA_C,AREA_B,AREA_C_TO_AREA_B,CA,BU,61_120,very_high,6_8,Y,O,0,0.9439558288738202,42.77131221315228
187.0,329.311304,6.423611111111111,4,4,0,0,0,0,0,1,0,2,1,168.83333333333334,14.0,44.71452,1,1,BAGGAGE,UPPER APEX,LANG_09,Round-Trip,google,Direct,Direct,Logged-In,AREA_C,AREA_B,AREA_C_TO_AREA_B,CA,BU,120_plus,very_high,6_8,Y,O,0,0.9554895754149724,42.72425772968429
79.0,497.9424366,11.885416666666666,3,3,0,0,0,0,0,1,0,2,1,291.1666666666667,11.0,56.638392,3,1,BAGGAGE,UPPER APEX,LANG_09,Round-Trip,google,Direct,Direct,Logged-In,AREA_C,AREA_C,AREA_C_TO_AREA_C,CA,CA,61_120,very_high,9_14,Y,L,0,0.7536440077171265,42.68518473753364
184.0,455.7643092,,4,3,1,0,0,0,1,1,0,2,1,547.0833333333334,23.0,45.3107136,2,1,BAGGAGE,UPPER APEX,LANG_09,Multi-City,microsoft,Direct,Paid Search,Logged-In,AREA_C,AREA_B,AREA_C_TO_AREA_B,CA,BU,120_plus,very_high,unknown_or_oneway,Y,U,0,0.9419583004456764,42.680802774636796
170.0,739.9859024,9.36111111111111,4,2,2,0,0,0,1,0,0,2,1,231.91666666666666,14.0,44.71452,1,1,BAGGAGE,UPPER APEX,LANG_09,Round-Trip,google,Direct,Direct,Logged-Out,AREA_C,AREA_B,AREA_C_TO_AREA_B,CA,BU,120_plus,very_high,9_14,Y,V,1,0.953913942484815,42.65380405951611
119.0,226.8131178,,2,2,0,0,0,0,0,0,0,2,1,553.5,22.0,69.9396768,2,1,BAGGAGE,UPPER APEX,LANG_02,Multi-City,google,MetaSearches,Referrals,Logged-Out,AREA_C,AREA_B,AREA_C_TO_AREA_B,CA,BO,61_120,very_high,unknown_or_oneway,Y,O,0,0.6086616210419383,42.56959705623725
76.0,252.6794397,9.253472222222221,2,2,0,0,0,0,0,0,0,4,1,224.5,19.0,92.1256168,3,0,BAGGAGE,SOUTH MERIDIAN,LANG_02,Round-Trip,google,MetaSearches,MetaSearches,Logged-Out,AREA_B,AREA_C,AREA_B_TO_AREA_C,BI,CA,61_120,very_high,9_14,Y,V,0,0.46169058570286686,42.53352997862987
196.0,606.5259092,,4,3,1,0,0,0,1,0,1,2,1,263.75,1.0,45.3107136,2,1,BAGGAGE,UPPER APEX,LANG_09,Multi-City,google,Direct,Organic Search,Logged-Out,AREA_C,AREA_B,AREA_C_TO_AREA_B,CA,BU,120_plus,very_high,unknown_or_oneway,Y,T,1,0.9381868904481646,42.509917496371365
202.0,916.1623961,20.07986111111111,7,6,1,0,0,0,1,0,0,4,1,482.8333333333333,15.0,45.3107136,2,0,BAGGAGE,UPPER APEX,LANG_09,Round-Trip,google,Paid Search,Paid Search,Logged-Out,AREA_C,AREA_B,AREA_C_TO_AREA_B,CA,BU,120_plus,very_high,15_30,Y,W,1,0.938096408812348,42.50581770888482
77.0,358.99763360000003,6.034722222222222,4,3,0,1,0,1,0,0,0,2,1,159.41666666666666,10.0,45.3107136,2,1,BAGGAGE,UPPER APEX,LANG_09,Round-Trip,google,Paid Search,Paid Search,Logged-Out,AREA_C,AREA_B,AREA_C_TO_AREA_B,CA,BU,61_120,very_high,6_8,Y,O,1,0.9379689517634976,42.50004253904805
157.0,512.2742112,9.25,4,4,0,0,0,0,0,0,0,3,1,223.0,19.0,44.71452,1,1,BAGGAGE,UPPER APEX,LANG_09,Round-Trip,google,Paid Search,Paid Search,Logged-Out,AREA_C,AREA_C,AREA_C_TO_AREA_C,CA,CA,120_plus,very_high,9_14,Y,L,1,0.9501215639097494,42.48422967187377
63.0,184.2799297,9.319444444444445,4,4,0,0,0,0,0,0,0,2,1,239.83333333333334,22.0,44.71452,1,1,BAGGAGE,UPPER APEX,LANG_09,Round-Trip,google,Paid Search,Paid Search,Logged-Out,AREA_C,AREA_B,AREA_C_TO_AREA_B,CA,BO,61_120,very_high,9_14,Y,O,1,0.95004154335569,42.48065159120887
171.0,451.8804848,15.208333333333334,4,3,1,0,0,0,1,0,0,2,1,381.0833333333333,18.0,45.3107136,2,1,BAGGAGE,UPPER APEX,LANG_09,Round-Trip,microsoft,Paid Search,Paid Search,Logged-Out,AREA_C,AREA_B,AREA_C_TO_AREA_B,CA,BU,120_plus,very_high,15_30,Y,L,0,0.9374192209434202,42.47513384330244
33.0,398.9361803,5.072916666666667,4,2,1,1,0,1,1,1,0,4,1,122.66666666666667,20.0,44.71452,2,0,BAGGAGE,UPPER APEX,LANG_09,Round-Trip,microsoft,Email,Partners,Logged-In,AREA_B,AREA_B,AREA_B_TO_AREA_B,BE,BU,31_60,very_high,6_8,Y,V,0,0.9489073925500265,42.42993858232601
180.0,397.2259784,8.3125,4,4,0,0,0,0,0,1,0,2,1,214.16666666666666,23.0,45.3107136,2,1,BAGGAGE,UPPER APEX,LANG_09,Round-Trip,mozilla,Paid Search,Paid Search,Logged-In,AREA_C,AREA_B,AREA_C_TO_AREA_B,CA,BU,120_plus,very_high,9_14,Y,U,0,0.9362977274224767,42.42431817157071
271.0,607.4968653,17.74652777777778,5,3,1,1,0,1,1,0,0,4,1,430.75,12.0,45.8760696,2,0,BAGGAGE,NEW HORIZON,LANG_02,Round-Trip,google,MetaSearches,MetaSearches,Logged-Out,AREA_C,AREA_D,AREA_C_TO_AREA_D,CE,DA,120_plus,very_high,15_30,Y,W,0,0.924601887930303,42.41710056298198
320.0,538.8189603,20.177083333333332,5,2,1,1,1,1,1,0,0,4,1,489.0833333333333,12.0,48.3619228,3,0,BAGGAGE,LOWER VERTEX,LANG_02,Round-Trip,google,Paid MetaSearches,Paid MetaSearches,Logged-Out,AREA_C,AREA_B,AREA_C_TO_AREA_B,CE,BU,120_plus,very_high,15_30,Y,S,0,0.8768959773582191,42.40837556062874
2.0,135.4837107,,1,1,0,0,0,0,0,0,0,2,1,30.5,21.0,80.1970335,1,0,BAGGAGE,NORTH MERIDIAN,LANG_02,One-Way,google,Email,Paid Search,Logged-Out,AREA_B,AREA_B,AREA_B_TO_AREA_B,BI,BO,0_3,very_high,unknown_or_oneway,Y,S,0,0.5286155365277859,42.39339789153932
112.0,535.1668462,38.875,5,3,0,1,1,1,0,0,0,3,1,936.5,15.0,47.1695356,2,0,BAGGAGE,LOWER VERTEX,LANG_02,Round-Trip,apple,Email,Paid Search,Logged-Out,AREA_B,AREA_C,AREA_B_TO_AREA_C,BU,CU,61_120,very_high,30_plus,Y,O,0,0.8983650274322739,42.375461143261624
73.0,474.7846839,14.319444444444445,3,2,0,1,0,1,0,1,1,2,1,359.8333333333333,9.0,44.71452,1,1,BAGGAGE,UPPER APEX,LANG_09,Round-Trip,mozilla,Direct,Direct,Logged-In,AREA_C,AREA_B,AREA_C_TO_AREA_B,CA,BO,61_120,very_high,15_30,Y,T,1,0.9471545183005105,42.35155965163854
171.0,564.225288,16.458333333333332,4,2,0,2,0,1,0,1,0,2,1,415.25,8.0,45.3107136,2,1,BAGGAGE,UPPER APEX,LANG_02,Round-Trip,google,Paid Search,Email,Logged-In,AREA_C,AREA_B,AREA_C_TO_AREA_B,CA,BU,120_plus,very_high,15_30,Y,U,0,0.9340701071137871,42.32338310575413
22.0,1857.3979025,0.0798611111111111,3,1,0,2,0,1,0,1,0,2,1,5.5,9.0,59.61936,3,0,BAGGAGE,NORTH HORIZON,LANG_02,Round-Trip,mozilla,Paid Search,Paid Search,Logged-In,AREA_B,AREA_D,AREA_B_TO_AREA_D,BE,DA,15_30,very_high,1_2,Y,Y,0,0.7095425916568604,42.302475207323354
108.0,362.868609,13.427083333333334,3,2,1,0,0,0,1,0,0,2,1,338.4166666666667,13.0,44.71452,1,1,BAGGAGE,UPPER APEX,LANG_09,Round-Trip,google,Paid Search,Paid Search,Logged-Out,AREA_C,AREA_B,AREA_C_TO_AREA_B,CA,BO,61_120,very_high,9_14,Y,U,1,0.9458160802428691,42.29171203634137
214.0,496.0639128,8.333333333333334,4,3,1,0,0,0,1,0,0,2,1,214.41666666666666,21.0,45.3107136,2,1,BAGGAGE,UPPER APEX,LANG_09,Round-Trip,google,Paid Search,Paid Search,Logged-Out,AREA_C,AREA_B,AREA_C_TO_AREA_B,CA,BU,120_plus,very_high,9_14,Y,T,1,0.9331986187261152,42.2838953450146
159.0,149.91784900000002,7.239583333333333,4,4,0,0,0,0,0,0,0,2,1,188.25,16.0,44.71452,1,1,BAGGAGE,UPPER APEX,LANG_09,Round-Trip,apple,Direct,Direct,Logged-Out,AREA_C,AREA_B,AREA_C_TO_AREA_B,CA,BU,120_plus,very_high,6_8,Y,O,0,0.9453104148895252,42.26910145278597
1.0,77.97158669999999,,1,1,0,0,0,0,0,0,0,1,0,10.083333333333334,13.0,75.243744,1,1,BAGGAGE,UPPER MERIDIAN,LANG_02,One-Way,apple,Direct,Direct,Logged-Out,AREA_C,AREA_C,AREA_C_TO_AREA_C,CA,CE,0_3,high,unknown_or_oneway,Y,Q,0,0.5613323036653401,42.236744155925116
61.0,64.7384016,,3,1,1,1,0,1,1,1,0,2,1,3.75,18.0,61.9925703,2,0,BAGGAGE,SOUTH HORIZON,LANG_09,One-Way,apple,Direct,Direct,Logged-In,AREA_B,AREA_C,AREA_B_TO_AREA_C,BE,CA,61_120,high,unknown_or_oneway,Y,V,0,0.6811286094261403,42.22491320319124
45.0,665.2150016,,4,2,1,1,0,1,1,1,1,3,1,-241.66666666666666,11.0,44.71452,1,0,BAGGAGE,UPPER APEX,LANG_09,Round-Trip,microsoft,Direct,Direct,Logged-In,AREA_B,AREA_C,AREA_B_TO_AREA_C,BE,CA,31_60,very_high,unknown_or_oneway,Y,Q,1,0.9440950083938854,42.214755134728556
,418.2071105,9.239583333333334,5,3,1,1,0,1,1,1,0,2,1,236.25,13.0,42.1858368,2,1,BAGGAGE,UPPER APEX,LANG_02,Round-Trip,google,Direct,Paid Search,Logged-In,AREA_C,AREA_B,AREA_C_TO_AREA_B,CA,BU,MISSING,very_high,9_14,Y,U,1,0.9992421981017444,42.153868292793454
268.0,255.7914675,5.118055555555555,3,2,1,0,0,0,1,1,0,2,1,137.41666666666666,21.0,48.6411744,2,1,BAGGAGE,UPPER APEX,LANG_09,Round-Trip,apple,Direct,Direct,Logged-In,AREA_C,AREA_B,AREA_C_TO_AREA_B,CA,BU,120_plus,very_high,6_8,Y,L,0,0.8666064255260181,42.152754280171656
2.0,145.8858328,,1,1,0,0,0,0,0,0,0,2,1,30.5,23.0,80.1970335,1,0,BAGGAGE,NORTH MERIDIAN,LANG_02,One-Way,google,Paid Search,Paid Search,Logged-Out,AREA_B,AREA_B,AREA_B_TO_AREA_B,BI,BO,0_3,very_high,unknown_or_oneway,Y,V,0,0.5253731250417513,42.133366108973014
173.0,280.70824830000004,9.229166666666666,3,3,0,0,0,0,0,0,0,2,1,236.16666666666666,16.0,44.71452,1,1,BAGGAGE,UPPER APEX,LANG_09,Round-Trip,google,MetaSearches,Organic Search,Logged-Out,AREA_C,AREA_B,AREA_C_TO_AREA_B,CA,BU,120_plus,very_high,9_14,Y,L,0,0.9412232290433117,42.08634489952174
204.0,544.3071964999999,,5,3,1,1,0,1,1,0,0,2,1,403.8333333333333,22.0,43.7482752,2,1,BAGGAGE,UPPER APEX,LANG_02,Multi-City,google,Direct,Paid Search,Logged-Out,AREA_C,AREA_B,AREA_C_TO_AREA_B,CA,BO,120_plus,very_high,unknown_or_oneway,Y,V,0,0.9608168865519118,42.03408156968022
122.0,263.5137165,12.322916666666666,3,3,0,0,0,0,0,1,0,2,1,312.0,12.0,44.71452,1,1,BAGGAGE,UPPER APEX,LANG_09,Round-Trip,google,Paid Search,Paid Search,Logged-In,AREA_C,AREA_B,AREA_C_TO_AREA_B,CA,BO,120_plus,very_high,9_14,Y,O,1,0.9397226882241025,42.0192489370504
53.0,445.44784709999993,11.760416666666666,3,1,0,2,0,1,0,0,0,2,1,286.0,3.0,46.736096,1,1,BAGGAGE,LOWER VERTEX,LANG_02,Round-Trip,apple,Direct,Direct,Logged-Out,AREA_B,AREA_C,AREA_B_TO_AREA_C,BU,CA,31_60,very_high,9_14,Y,S,1,0.898892337070076,42.01071855897143
201.0,414.1605320999999,18.9375,3,3,0,0,0,0,0,0,0,4,1,455.3333333333333,19.0,45.3107136,1,0,BAGGAGE,UPPER APEX,LANG_09,Round-Trip,google,Paid Search,Paid Search,Logged-Out,AREA_D,AREA_B,AREA_D_TO_AREA_B,DA,BU,120_plus,very_high,15_30,Y,Y,0,0.9260928746046374,41.96192900821144
13.0,216.7193717,38.21527777777778,2,2,0,0,0,0,0,0,0,2,1,933.5,15.0,63.2787552,2,0,BAGGAGE,LOWER VERTEX,LANG_02,Round-Trip,google,Paid Search,Paid Search,Logged-Out,AREA_B,AREA_B,AREA_B_TO_AREA_B,BE,BU,8_14,very_high,30_plus,Y,O,0,0.6622102163991119,41.90383817445843
79.0,335.0984936,15.590277777777779,4,4,0,0,0,0,0,0,0,4,1,375.0833333333333,15.0,45.3107136,2,0,BAGGAGE,UPPER APEX,LANG_02,Round-Trip,apple,Direct,Direct,Logged-Out,AREA_C,AREA_D,AREA_C_TO_AREA_D,CE,DA,61_120,very_high,15_30,Y,O,0,0.9241403532997499,41.87345887456778
135.0,539.7667882000001,17.78125,5,3,2,0,0,0,1,0,0,2,1,430.0,7.0,46.4379992,2,0,BAGGAGE,LOWER VERTEX,LANG_02,Round-Trip,microsoft,Direct,Direct,Logged-Out,AREA_B,AREA_B,AREA_B_TO_AREA_B,BU,BE,120_plus,very_high,15_30,Y,O,0,0.9014780993433381,41.86283925612346
6.0,293.4947165,,3,2,0,0,1,1,0,0,0,2,1,28.583333333333332,20.0,49.314462,2,0,BAGGAGE,NORTH MERIDIAN,LANG_02,One-Way,apple,Direct,Paid Search,Logged-Out,AREA_B,AREA_B,AREA_B_TO_AREA_B,BI,BO,4_7,very_high,unknown_or_oneway,Y,S,0,0.8483687828430683,41.836850103500744
104.0,460.7428684,17.19097222222222,4,4,0,0,0,0,0,0,0,2,1,432.8333333333333,20.0,45.3107136,2,1,BAGGAGE,UPPER APEX,LANG_09,Round-Trip,google,Direct,Direct,Logged-Out,AREA_C,AREA_B,AREA_C_TO_AREA_B,CA,BU,61_120,very_high,15_30,Y,O,0,0.9232409734116639,41.83270733004112
47.0,285.9326517,19.427083333333332,3,3,0,0,0,0,0,0,0,2,1,482.4166666666667,18.0,44.71452,1,1,BAGGAGE,UPPER APEX,LANG_09,Round-Trip,google,Direct,Organic Search,Logged-Out,AREA_C,AREA_B,AREA_C_TO_AREA_B,CA,BO,31_60,very_high,15_30,Y,U,1,0.9349503012743803,41.8058539453393
279.0,257.8344585,,3,3,0,0,0,0,0,0,0,2,1,475.8333333333333,12.0,44.71452,1,1,BAGGAGE,UPPER APEX,LANG_09,Multi-City,mozilla,Direct,Email,Logged-Out,AREA_C,AREA_B,AREA_C_TO_AREA_B,CA,BO,120_plus,very_high,unknown_or_oneway,Y,O,0,0.9347767517672526,41.798093762431854
110.0,405.8181047,85.77777777777777,2,2,0,0,0,0,0,0,0,2,1,2061.9166666666665,16.0,65.4262514,2,0,BAGGAGE,LOWER VERTEX,LANG_09,Round-Trip,apple,Direct,Paid Search,Logged-Out,AREA_B,AREA_B,AREA_B_TO_AREA_B,BU,BE,61_120,very_high,30_plus,Y,W,0,0.6383666905423123,41.76593958080733
307.0,350.80682440000004,,4,2,1,1,0,1,1,1,0,3,1,333.0,19.0,45.3107136,3,1,BAGGAGE,UPPER APEX,LANG_02,Multi-City,microsoft,Direct,Organic Search,Logged-In,AREA_C,AREA_C,AREA_C_TO_AREA_C,CA,CA,120_plus,very_high,unknown_or_oneway,Y,L,0,0.9203265980756019,41.70065490386591
74.0,841.0728401,17.78125,4,3,1,0,0,0,1,0,0,4,1,430.0833333333333,15.0,46.3951692,2,0,BAGGAGE,LOWER VERTEX,LANG_02,Round-Trip,apple,MetaSearches,MetaSearches,Logged-Out,AREA_B,AREA_B,AREA_B_TO_AREA_B,BU,BE,61_120,very_high,15_30,Y,T,1,0.8988099605598725,41.70044019882061
107.0,702.163586,7.361111111111111,4,2,1,1,0,1,1,0,0,2,1,183.91666666666666,22.0,44.7033842,2,1,BAGGAGE,UPPER APEX,LANG_09,Round-Trip,apple,Direct,Direct,Logged-Out,AREA_C,AREA_B,AREA_C_TO_AREA_B,CA,BU,61_120,very_high,6_8,Y,S,0,0.9321991841086723,41.67245827813652
104.0,278.06777880000004,8.524305555555555,3,3,0,0,0,0,0,1,0,2,1,224.16666666666666,12.0,44.71452,1,1,BAGGAGE,UPPER APEX,LANG_09,Round-Trip,microsoft,Display,Paid Search,Logged-In,AREA_C,AREA_D,AREA_C_TO_AREA_D,CA,DA,61_120,very_high,9_14,Y,O,0,0.9313529688184352,41.6450009512913
197.0,377.9674689,18.447916666666668,3,2,0,1,0,1,0,0,0,2,1,463.3333333333333,15.0,45.3107136,2,1,BAGGAGE,UPPER APEX,LANG_02,Round-Trip,google,Direct,MetaSearches,Logged-Out,AREA_C,AREA_D,AREA_C_TO_AREA_D,CA,DA,120_plus,very_high,15_30,Y,L,1,0.9189079788321567,41.636376253618714
147.0,263.09355419999997,,2,2,0,0,0,0,0,0,0,2,1,439.4166666666667,11.0,67.9660704,2,1,BAGGAGE,UPPER APEX,LANG_09,Multi-City,microsoft,Direct,Paid Search,Logged-Out,AREA_C,AREA_B,AREA_C_TO_AREA_B,CA,BU,120_plus,very_high,unknown_or_oneway,Y,O,0,0.61200513003596,41.59558375318522
59.0,336.0972892,5.322916666666667,4,4,0,0,0,0,0,0,0,3,1,141.91666666666666,10.0,44.71452,2,0,BAGGAGE,UPPER APEX,LANG_09,Round-Trip,apple,Organic Search,Organic Search,Logged-Out,AREA_C,AREA_B,AREA_C_TO_AREA_B,CA,BU,31_60,very_high,6_8,Y,L,0,0.9301327921176842,41.59044133580203
147.0,489.3978516,16.0,4,2,1,1,0,1,1,0,0,2,1,391.25,23.0,45.3107136,3,1,BAGGAGE,UPPER APEX,LANG_09,Round-Trip,mozilla,Email,Email,Logged-Out,AREA_C,AREA_B,AREA_C_TO_AREA_B,CA,BU,120_plus,very_high,15_30,Y,U,1,0.9173347503313195,41.56509214758992
68.0,139.505876,3.7222222222222223,5,5,0,0,0,0,0,1,0,4,1,90.25,13.0,50.779248,2,0,BAGGAGE,UPPER APEX,LANG_09,Round-Trip,google,Direct,Organic Search,Logged-In,AREA_C,AREA_C,AREA_C_TO_AREA_C,CE,CU,61_120,very_high,3_5,Y,L,0,0.8185055168847025,41.5630946312565
119.0,272.218914,15.243055555555555,3,2,1,0,0,0,1,0,0,4,1,367.1666666666667,20.0,57.152352,3,0,BAGGAGE,UPPER HORIZON,LANG_05,Round-Trip,google,MetaSearches,Organic Search,Logged-Out,AREA_C,AREA_B,AREA_C_TO_AREA_B,CI,BO,61_120,very_high,15_30,Y,L,0,0.7263738930515735,41.51397641929388
100.0,778.6027153,12.777777777777779,4,3,0,1,0,1,0,0,0,5,1,308.8333333333333,16.0,45.3167098,2,0,BAGGAGE,LOWER VERTEX,LANG_02,Round-Trip,google,MetaSearches,MetaSearches,Logged-Out,AREA_B,AREA_B,AREA_B_TO_AREA_B,BU,BE,61_120,very_high,9_14,Y,S,0,0.91594144588557,41.50745269698878
38.0,170.6509954,,4,3,1,0,0,0,1,0,0,2,1,26.833333333333332,21.0,45.8092548,1,0,BAGGAGE,SOUTH HORIZON,LANG_02,One-Way,google,Paid Search,Organic Search,Logged-Out,AREA_D,AREA_B,AREA_D_TO_AREA_B,DA,BU,31_60,very_high,unknown_or_oneway,Y,V,1,0.9054060144835246,41.47597481492827
39.0,213.8638956,14.052083333333334,3,3,0,0,0,0,0,1,1,4,1,338.25,6.0,47.4076704,2,0,BAGGAGE,UPPER APEX,LANG_09,Round-Trip,google,Direct,Paid Search,Logged-In,AREA_B,AREA_B,AREA_B_TO_AREA_B,BE,BU,31_60,very_high,15_30,Y,O,0,0.8747784108413843,41.47120657420413
22.0,215.3813625,12.725694444444445,8,6,1,1,0,1,1,0,0,2,1,307.75,16.0,43.018452,2,1,BAGGAGE,NEW APEX,LANG_02,Round-Trip,google,Direct,Paid Search,Logged-Out,AREA_C,AREA_C,AREA_C_TO_AREA_C,CE,CA,15_30,very_high,9_14,Y,L,0,0.9633516318632742,41.44189593443193
288.0,179.787491,21.447916666666668,2,2,0,0,0,0,0,1,0,2,1,535.3333333333334,21.0,67.9660704,2,1,BAGGAGE,UPPER APEX,LANG_09,Round-Trip,google,Direct,Direct,Logged-In,AREA_C,AREA_D,AREA_C_TO_AREA_D,CA,DA,120_plus,very_high,15_30,Y,O,0,0.6091514469640757,41.401630128622244
196.0,708.3486663,25.74652777777778,4,2,1,1,0,1,1,0,0,4,1,622.75,13.0,45.8760696,2,0,BAGGAGE,NEW HORIZON,LANG_02,Round-Trip,google,Paid Search,Paid Search,Logged-Out,AREA_C,AREA_D,AREA_C_TO_AREA_D,CE,DA,120_plus,very_high,15_30,Y,T,0,0.9022132624948119,41.38999842425506
10.0,583.8020244,23.48611111111111,3,3,0,0,0,0,0,0,0,4,1,565.8333333333334,12.0,50.8888928,3,0,BAGGAGE,NEW AURORA,LANG_02,Round-Trip,google,MetaSearches,MetaSearches,Logged-Out,AREA_C,AREA_B,AREA_C_TO_AREA_B,CU,BU,8_14,very_high,15_30,Y,K,0,0.8130841828834217,41.37695382013004
153.0,388.72508,40.795138888888886,3,2,0,1,0,1,0,0,0,4,1,982.5833333333334,14.0,47.1695356,2,0,BAGGAGE,LOWER VERTEX,LANG_02,Round-Trip,google,Organic Search,Organic Search,Logged-Out,AREA_B,AREA_C,AREA_B_TO_AREA_C,BU,CU,120_plus,very_high,30_plus,Y,S,1,0.877036372358651,41.369398388466244
214.0,459.14659429999995,37.260416666666664,3,2,0,1,0,1,0,0,0,4,1,895.1666666666666,11.0,45.3107136,2,0,BAGGAGE,UPPER APEX,LANG_09,Round-Trip,opera,Paid Search,Affiliate,Logged-Out,AREA_C,AREA_D,AREA_C_TO_AREA_D,CU,DA,120_plus,very_high,30_plus,Y,S,0,0.9128454616319299,41.36167927306416
169.0,446.7987053,14.222222222222221,3,2,0,1,0,1,0,1,0,2,1,361.9166666666667,12.0,45.3107136,2,1,BAGGAGE,UPPER APEX,LANG_09,Round-Trip,apple,Direct,Direct,Logged-In,AREA_C,AREA_D,AREA_C_TO_AREA_D,CA,DA,120_plus,very_high,15_30,Y,W,0,0.9127791733092391,41.358675701859696
127.0,279.4194936,6.229166666666667,3,2,1,0,0,0,1,0,0,2,1,164.08333333333334,14.0,45.3107136,1,1,BAGGAGE,UPPER APEX,LANG_09,Round-Trip,google,Direct,Paid Search,Logged-Out,AREA_C,AREA_B,AREA_C_TO_AREA_B,CA,BU,120_plus,very_high,6_8,Y,O,0,0.9125621731890265,41.34884327156158
194.0,589.9592652,14.302083333333334,4,2,1,1,0,1,1,0,0,2,1,359.5,20.0,43.733713,2,1,BAGGAGE,UPPER APEX,LANG_09,Round-Trip,google,MetaSearches,MetaSearches,Logged-Out,AREA_C,AREA_B,AREA_C_TO_AREA_B,CA,BO,120_plus,very_high,15_30,Y,S,0,0.9453503352075128,41.34368024441916
134.0,198.041637,8.239583333333334,3,2,1,0,0,0,1,0,0,2,1,212.25,8.0,44.71452,1,1,BAGGAGE,UPPER APEX,LANG_09,Round-Trip,google,Organic Search,Organic Search,Logged-Out,AREA_C,AREA_B,AREA_C_TO_AREA_B,CA,BU,120_plus,very_high,9_14,Y,O,0,0.924137859440152,41.322380798693864
7.0,131.50309049999998,,5,2,0,3,0,1,0,1,0,1,0,0.5833333333333334,16.0,44.406144,1,1,BAGGAGE,UPPER APEX,LANG_02,One-Way,apple,Direct,Direct,Logged-In,AREA_B,AREA_C,AREA_B_TO_AREA_C,BI,CA,4_7,very_high,unknown_or_oneway,Y,V,0,0.9305022075346137,41.32001502009994
215.0,378.3396616,13.965277777777779,5,3,0,2,0,1,0,0,0,2,1,338.6666666666667,14.0,44.0909152,2,1,BAGGAGE,LOWER VERTEX,LANG_02,Round-Trip,samsung,Paid Search,MetaSearches,Logged-Out,AREA_B,AREA_C,AREA_B_TO_AREA_C,BU,CA,120_plus,very_high,9_14,Y,O,1,0.9362369279750516,41.279542998456506
77.0,272.1328257,17.23611111111111,3,3,0,0,0,0,0,0,0,2,1,428.0833333333333,20.0,44.71452,1,1,BAGGAGE,UPPER APEX,LANG_09,Round-Trip,mozilla,Direct,Organic Search,Logged-Out,AREA_C,AREA_B,AREA_C_TO_AREA_B,CA,BI,61_120,very_high,15_30,Y,O,1,0.9231094890607727,41.2763977107977
48.0,479.65317,,4,3,0,1,0,1,0,0,0,2,1,313.0833333333333,14.0,45.3107136,3,1,BAGGAGE,UPPER APEX,LANG_09,Multi-City,microsoft,Direct,Direct,Logged-Out,AREA_C,AREA_B,AREA_C_TO_AREA_B,CA,BO,31_60,very_high,unknown_or_oneway,Y,S,1,0.9107714063700015,41.267702349100354
76.0,162.419926,32.22222222222222,2,2,0,0,0,0,0,0,0,2,1,787.5,23.0,57.756255,1,1,BAGGAGE,UPPER APEX,LANG_09,Round-Trip,google,MetaSearches,MetaSearches,Logged-Out,AREA_C,AREA_B,AREA_C_TO_AREA_B,CA,BU,61_120,very_high,30_plus,Y,U,0,0.7144201885649017,41.262234587902554
95.0,305.8725865,8.020833333333334,5,5,0,0,0,0,0,1,1,2,1,208.58333333333334,21.0,43.767977,2,1,BAGGAGE,UPPER APEX,LANG_09,Round-Trip,apple,Internal,Paid Search,Logged-In,AREA_C,AREA_B,AREA_C_TO_AREA_B,CA,BU,61_120,very_high,9_14,Y,O,0,0.9423005755341737,41.242589917066475
189.0,471.9454832,9.229166666666666,4,2,1,1,0,1,1,1,0,2,1,236.16666666666666,8.0,44.71452,3,1,BAGGAGE,UPPER APEX,LANG_09,Round-Trip,microsoft,Organic Search,Paid Search,Logged-In,AREA_C,AREA_B,AREA_C_TO_AREA_B,CA,BU,120_plus,very_high,9_14,Y,L,0,0.9222449268942154,41.23773922850994
220.0,404.1627252,14.222222222222221,3,2,1,0,0,0,1,0,0,2,1,361.9166666666667,23.0,45.3107136,2,1,BAGGAGE,UPPER APEX,LANG_09,Round-Trip,apple,MetaSearches,MetaSearches,Logged-Out,AREA_C,AREA_D,AREA_C_TO_AREA_D,CA,DA,120_plus,very_high,15_30,Y,U,0,0.9096481724258721,41.21680781755211
206.0,308.2599307,21.78472222222222,5,3,0,2,0,1,0,0,0,3,1,526.0,14.0,44.0909152,2,0,BAGGAGE,LOWER VERTEX,LANG_02,Round-Trip,google,Direct,Email,Logged-Out,AREA_B,AREA_C,AREA_B_TO_AREA_C,BU,CA,120_plus,very_high,15_30,Y,U,1,0.9336818356276024,41.16688663843696
142.0,474.252307,15.211805555555555,5,3,1,1,0,1,1,0,0,2,1,381.25,14.0,44.71452,3,1,BAGGAGE,UPPER APEX,LANG_09,Round-Trip,microsoft,Internal,Email,Logged-Out,AREA_C,AREA_B,AREA_C_TO_AREA_B,CA,BO,120_plus,very_high,15_30,Y,L,0,0.9203663416073405,41.15373918912826
20.0,271.7319369,6.239583333333333,3,3,0,0,0,0,0,0,0,2,1,164.25,19.0,44.71452,1,1,BAGGAGE,UPPER APEX,LANG_09,Round-Trip,google,Direct,Paid Social,Logged-Out,AREA_C,AREA_B,AREA_C_TO_AREA_B,CA,BU,15_30,very_high,6_8,Y,U,1,0.9202622507190594,41.1490848150224
92.0,301.6264203,7.319444444444445,3,3,0,0,0,0,0,0,0,2,1,191.83333333333334,16.0,44.71452,1,1,BAGGAGE,UPPER APEX,LANG_09,Round-Trip,google,Direct,Organic Search,Logged-Out,AREA_C,AREA_B,AREA_C_TO_AREA_B,CA,BO,61_120,very_high,6_8,Y,O,1,0.9202207712766327,41.14723008166442
173.0,710.4400552,10.302083333333334,4,3,0,1,0,1,0,1,0,2,1,263.5,19.0,43.733713,2,1,BAGGAGE,UPPER APEX,LANG_09,Round-Trip,google,Paid MetaSearches,Email,Logged-In,AREA_C,AREA_B,AREA_C_TO_AREA_B,CA,BO,120_plus,very_high,9_14,Y,S,0,0.9402186540400312,41.11925277303302
125.0,232.4820966,20.100694444444443,3,2,0,1,0,1,0,1,0,2,1,496.8333333333333,22.0,45.3107136,2,1,BAGGAGE,UPPER APEX,LANG_09,Round-Trip,google,Paid Search,Email,Logged-In,AREA_C,AREA_B,AREA_C_TO_AREA_B,CA,BU,120_plus,very_high,15_30,Y,O,1,0.9070697319779283,41.09997684088067
211.0,202.0466703,15.57638888888889,4,2,0,2,0,1,0,0,0,2,1,377.3333333333333,8.0,44.0909152,2,1,BAGGAGE,LOWER VERTEX,LANG_02,Round-Trip,apple,Email,Email,Logged-Out,AREA_B,AREA_C,AREA_B_TO_AREA_C,BU,CA,120_plus,very_high,15_30,Y,U,1,0.9321610723663326,41.09983479444503
200.0,329.606831,13.590277777777779,4,2,0,2,0,1,0,0,0,2,1,329.3333333333333,10.0,44.260522,2,1,BAGGAGE,LOWER VERTEX,LANG_02,Round-Trip,google,Paid Search,Paid Search,Logged-Out,AREA_B,AREA_C,AREA_B_TO_AREA_C,BU,CA,120_plus,very_high,9_14,Y,U,1,0.9280683425589225,41.07678929333272
27.0,206.9138715,13.395833333333334,2,2,0,0,0,0,0,0,0,2,1,337.6666666666667,21.0,70.0681668,2,1,BAGGAGE,UPPER APEX,LANG_09,Round-Trip,google,Direct,Direct,Logged-Out,AREA_C,AREA_B,AREA_C_TO_AREA_B,CA,BU,15_30,very_high,9_14,Y,L,0,0.5861770269074601,41.07234969568
33.0,688.5320819,0.19791666666666666,7,4,0,3,0,1,0,0,0,2,1,8.5,19.0,44.71452,1,0,BAGGAGE,UPPER APEX,LANG_09,Round-Trip,apple,Paid Search,Paid Search,Logged-Out,AREA_C,AREA_B,AREA_C_TO_AREA_B,CE,BU,31_60,very_high,1_2,Y,L,0,0.9160269370709277,40.95970479819674
168.0,503.976327,15.993055555555555,3,2,1,0,0,0,1,1,0,2,1,404.4166666666667,8.0,45.3107136,2,1,BAGGAGE,UPPER APEX,LANG_09,Round-Trip,google,Internal,Internal,Logged-In,AREA_C,AREA_D,AREA_C_TO_AREA_D,CA,DA,120_plus,very_high,15_30,Y,W,0,0.9031964863643015,40.92447731817917
7.0,78.1296294,21.760416666666668,3,1,1,0,1,1,1,1,0,4,1,526.0,,52.877918,2,0,BAGGAGE,UPPER APEX,LANG_02,Round-Trip,google,Direct,Paid Search,Logged-In,AREA_B,AREA_C,AREA_B_TO_AREA_C,BU,CE,4_7,high,15_30,Y,O,0,0.7737724540551032,40.915476376184515
164.0,641.473476,,3,3,0,0,0,0,0,1,0,2,1,399.5,20.0,45.3107136,2,1,BAGGAGE,UPPER APEX,LANG_09,Multi-City,apple,Direct,Paid Search,Logged-In,AREA_C,AREA_D,AREA_C_TO_AREA_D,CA,DA,120_plus,very_high,unknown_or_oneway,Y,V,0,0.9024215321935837,40.88936359169665
15.0,111.4869183,15.6875,6,6,0,0,0,0,0,1,0,4,1,379.3333333333333,7.0,42.9464976,2,0,BAGGAGE,CENTRAL APEX,LANG_02,Round-Trip,google,Organic Search,Organic Search,Logged-In,AREA_C,AREA_C,AREA_C_TO_AREA_C,CU,CE,15_30,very_high,15_30,Y,U,0,0.9503681350380307,40.81498283052726
167.0,360.1202079,15.284722222222221,3,2,1,0,0,0,1,0,0,2,1,382.9166666666667,18.0,45.3107136,2,1,BAGGAGE,UPPER APEX,LANG_09,Round-Trip,microsoft,Paid Search,Paid Search,Logged-Out,AREA_C,AREA_B,AREA_C_TO_AREA_B,CA,BU,120_plus,very_high,15_30,Y,O,0,0.900153900886523,40.78661559899203
191.0,303.686115,30.979166666666668,5,2,0,2,1,1,0,0,0,2,1,746.6666666666666,7.0,44.0909152,2,1,BAGGAGE,LOWER VERTEX,LANG_09,Round-Trip,apple,Paid Search,Organic Search,Logged-Out,AREA_B,AREA_C,AREA_B_TO_AREA_C,BU,CA,120_plus,very_high,30_plus,Y,L,0,0.9243095721399315,40.753654963769996
98.0,607.0886954,15.54513888888889,3,1,0,2,0,1,0,0,0,4,1,375.0,11.0,57.8324924,3,0,BAGGAGE,SOUTH HORIZON,LANG_02,Round-Trip,apple,MetaSearches,Organic Search,Logged-Out,AREA_C,AREA_B,AREA_C_TO_AREA_B,CA,BU,61_120,very_high,15_30,Y,H,0,0.7045011733173,40.74305875166384
97.0,154.3366201,13.71875,4,2,0,2,0,1,0,0,0,4,1,332.75,9.0,43.9504328,2,0,BAGGAGE,LOWER VERTEX,LANG_02,Round-Trip,apple,Direct,Direct,Logged-Out,AREA_B,AREA_B,AREA_B_TO_AREA_B,BU,BE,61_120,very_high,9_14,Y,O,1,0.926952473169668,40.7399623808373
56.0,149.91784900000002,,4,4,0,0,0,0,0,0,0,1,0,3.75,15.0,44.71452,1,1,BAGGAGE,UPPER APEX,LANG_09,Round-Trip,google,Paid Search,MetaSearches,Logged-Out,AREA_C,AREA_B,AREA_C_TO_AREA_B,CA,BU,31_60,very_high,unknown_or_oneway,Y,O,0,0.9109132761405304,40.73104990425127
178.0,572.4332292,16.40972222222222,4,3,0,1,0,1,0,0,0,2,1,409.9166666666667,23.0,43.767977,2,1,BAGGAGE,UPPER APEX,LANG_09,Round-Trip,google,Direct,Direct,Logged-Out,AREA_C,AREA_B,AREA_C_TO_AREA_B,CA,BU,120_plus,very_high,15_30,Y,W,0,0.9301091596741344,40.70899630810685
252.0,398.74515850000006,35.78125,4,1,0,3,0,1,0,0,0,2,1,862.0,11.0,47.0324796,2,0,BAGGAGE,LOWER VERTEX,LANG_02,Round-Trip,apple,Direct,Paid Search,Logged-Out,AREA_B,AREA_B,AREA_B_TO_AREA_B,BU,BE,120_plus,very_high,30_plus,Y,L,1,0.8652600330613857,40.695324853654945
158.0,405.9975624000001,15.07986111111111,4,2,0,2,0,1,0,0,0,2,1,376.4166666666667,19.0,45.3107136,3,1,BAGGAGE,UPPER APEX,LANG_09,Round-Trip,google,Paid Search,Organic Search,Logged-Out,AREA_C,AREA_B,AREA_C_TO_AREA_B,CA,BI,120_plus,very_high,15_30,Y,O,1,0.8980319844505238,40.690470051077334
15.0,362.9945292,11.319444444444445,4,2,0,2,0,1,0,1,0,2,1,287.8333333333333,20.0,42.1858368,2,1,BAGGAGE,UPPER APEX,LANG_09,Round-Trip,google,Direct,Paid Search,Logged-In,AREA_C,AREA_B,AREA_C_TO_AREA_B,CA,BO,15_30,very_high,9_14,Y,U,0,0.96429227521052,40.67947654953168
18.0,213.7970808,12.288194444444445,3,2,1,0,0,0,1,1,0,2,1,308.0833333333333,18.0,45.3107136,2,1,BAGGAGE,UPPER APEX,LANG_09,Round-Trip,apple,Direct,Referrals,Logged-In,AREA_C,AREA_B,AREA_C_TO_AREA_B,CA,BU,15_30,very_high,9_14,Y,O,0,0.8977589164052022,40.67809714308246
168.0,554.7714221,14.666666666666666,4,2,0,2,0,1,0,0,0,2,1,355.5,14.0,43.9572856,2,1,BAGGAGE,LOWER VERTEX,LANG_09,Round-Trip,apple,Paid Search,Paid Search,Logged-Out,AREA_B,AREA_C,AREA_B_TO_AREA_C,BU,CA,120_plus,very_high,15_30,Y,W,1,0.9248109848123224,40.652180585412516
9.0,136.1154532,,4,4,0,0,0,0,0,0,0,1,0,0.5833333333333334,13.0,44.406144,2,1,BAGGAGE,UPPER APEX,LANG_09,One-Way,google,Paid Search,Paid Search,Logged-Out,AREA_B,AREA_C,AREA_B_TO_AREA_C,BI,CA,8_14,very_high,unknown_or_oneway,Y,V,0,0.9152138717573907,40.64111898005622
27.0,534.6944313,6.427083333333333,3,3,0,0,0,0,0,1,0,2,1,170.41666666666666,21.0,44.71452,1,1,BAGGAGE,UPPER APEX,LANG_09,Round-Trip,apple,Direct,Paid Search,Logged-In,AREA_C,AREA_B,AREA_C_TO_AREA_B,CA,BO,15_30,very_high,6_8,Y,S,0,0.9084881129442104,40.62260989600615
188.0,316.9304359,31.78472222222222,4,2,0,2,0,1,0,1,0,2,1,766.0,11.0,44.0909152,2,1,BAGGAGE,LOWER VERTEX,LANG_09,Round-Trip,apple,Direct,Direct,Logged-In,AREA_B,AREA_C,AREA_B_TO_AREA_C,BU,CA,120_plus,very_high,30_plus,Y,L,0,0.9212149777646984,40.6172114655932
187.0,377.259489,29.59027777777778,4,2,0,2,0,1,0,0,0,2,1,713.3333333333334,16.0,44.0909152,2,1,BAGGAGE,LOWER VERTEX,LANG_02,Round-Trip,microsoft,Organic Search,Paid Search,Logged-Out,AREA_B,AREA_C,AREA_B_TO_AREA_C,BU,CA,120_plus,very_high,15_30,Y,L,1,0.9207104674588376,40.594967144479966
75.0,315.6768018,14.069444444444445,3,3,0,0,0,0,0,1,0,4,1,338.6666666666667,19.0,45.3107136,2,0,BAGGAGE,UPPER APEX,LANG_09,Round-Trip,opera,MetaSearches,MetaSearches,Logged-In,AREA_C,AREA_D,AREA_C_TO_AREA_D,CE,DA,61_120,very_high,15_30,Y,O,0,0.8958911469214909,40.59346717493519
275.0,179.787491,17.447916666666668,2,2,0,0,0,0,0,1,1,2,1,439.3333333333333,22.0,67.9660704,2,1,BAGGAGE,UPPER APEX,LANG_09,Round-Trip,apple,Direct,Direct,Logged-In,AREA_C,AREA_D,AREA_C_TO_AREA_D,CA,DA,120_plus,very_high,15_30,Y,O,0,0.5970149541860013,40.57676040605854
146.0,627.3627041999999,10.958333333333334,6,5,0,1,0,1,0,0,0,2,1,268.9166666666667,5.0,44.71452,3,1,BAGGAGE,UPPER APEX,LANG_09,Round-Trip,google,Paid Search,Paid Search,Logged-Out,AREA_C,AREA_C,AREA_C_TO_AREA_C,CA,CA,120_plus,very_high,9_14,Y,O,0,0.9073492697759115,40.57168707038039
194.0,434.2024023,14.21875,3,3,0,0,0,0,0,0,0,2,1,361.8333333333333,19.0,45.3107136,2,1,BAGGAGE,UPPER APEX,LANG_09,Round-Trip,google,Paid Search,Paid Search,Logged-Out,AREA_C,AREA_D,AREA_C_TO_AREA_D,CA,DA,120_plus,very_high,15_30,Y,V,0,0.8951625546584516,40.560454139573444
78.0,205.8298442,10.315972222222221,2,2,0,0,0,0,0,0,0,5,1,248.5,22.0,59.61936,1,0,BAGGAGE,UPPER APEX,LANG_09,Round-Trip,apple,Direct,Direct,Logged-Out,AREA_B,AREA_D,AREA_B_TO_AREA_D,BE,DA,61_120,very_high,9_14,Y,O,0,0.6803087987162434,40.55957518183125
220.0,404.1627252,14.222222222222221,3,2,1,0,0,0,1,0,0,2,1,361.9166666666667,19.0,45.3107136,2,1,BAGGAGE,UPPER APEX,LANG_09,Round-Trip,apple,Direct,Direct,Logged-Out,AREA_C,AREA_D,AREA_C_TO_AREA_D,CA,DA,120_plus,very_high,15_30,Y,U,0,0.8945460244499973,40.53251871587243
156.0,248.70567229999995,17.038194444444443,3,2,1,0,0,0,1,1,1,4,1,410.1666666666667,9.0,45.8949148,2,0,BAGGAGE,UPPER HORIZON,LANG_05,Round-Trip,mozilla,Organic Search,Paid Search,Logged-In,AREA_C,AREA_D,AREA_C_TO_AREA_D,CI,DA,120_plus,very_high,15_30,Y,L,0,0.8829185023484595,40.52146944062615
108.0,229.1430698,16.78472222222222,2,2,0,0,0,0,0,0,0,4,1,406.0,10.0,66.1543614,2,0,BAGGAGE,LOWER VERTEX,LANG_09,Round-Trip,google,Direct,Paid Search,Logged-Out,AREA_B,AREA_C,AREA_B_TO_AREA_C,BU,CU,61_120,very_high,15_30,Y,W,0,0.6117737536697084,40.471501995300464
194.0,402.4054103,20.77777777777778,4,2,0,2,0,1,0,1,1,2,1,501.9166666666667,16.0,44.1217528,2,0,BAGGAGE,LOWER VERTEX,LANG_02,Round-Trip,google,Paid Search,Paid Search,Logged-In,AREA_B,AREA_B,AREA_B_TO_AREA_B,BU,BE,120_plus,very_high,15_30,Y,U,0,0.9171514593994811,40.46632997178314
40.0,263.9510108,7.319444444444445,2,2,0,0,0,0,0,0,0,2,1,191.83333333333334,17.0,72.5300352,2,1,BAGGAGE,UPPER APEX,LANG_09,Round-Trip,apple,Direct,Direct,Logged-Out,AREA_C,AREA_B,AREA_C_TO_AREA_B,CA,BO,31_60,very_high,6_8,Y,L,0,0.5576357512430514,40.44534066643696
130.0,277.3833554,22.34722222222222,2,2,0,0,0,0,0,1,0,4,1,537.3333333333334,17.0,67.9660704,2,0,BAGGAGE,UPPER APEX,LANG_09,Round-Trip,google,Direct,Paid Search,Logged-In,AREA_C,AREA_D,AREA_C_TO_AREA_D,CE,DA,120_plus,very_high,15_30,Y,O,0,0.595038071570576,40.44239946304601
154.0,257.49481660000004,11.211805555555555,2,2,0,0,0,0,0,1,0,2,1,285.25,16.0,89.42904,3,1,BAGGAGE,UPPER APEX,LANG_09,Round-Trip,mozilla,Paid Search,Paid Search,Logged-In,AREA_C,AREA_B,AREA_C_TO_AREA_B,CA,BO,120_plus,very_high,9_14,Y,W,0,0.4521967442835106,40.43952073239984
169.0,448.8554019,,3,3,0,0,0,0,0,0,0,2,1,403.25,21.0,45.3107136,2,1,BAGGAGE,UPPER APEX,LANG_02,Multi-City,google,Paid Search,Organic Search,Logged-Out,AREA_C,AREA_B,AREA_C_TO_AREA_B,CA,BU,120_plus,very_high,unknown_or_oneway,Y,U,0,0.8921548527357684,40.42417301916058
13.0,378.1237984,8.427083333333334,4,2,1,1,0,1,1,0,0,2,1,218.41666666666666,18.0,42.1858368,2,1,BAGGAGE,UPPER APEX,LANG_09,Round-Trip,microsoft,Paid Search,Paid Search,Logged-Out,AREA_C,AREA_B,AREA_C_TO_AREA_B,CA,BO,8_14,very_high,9_14,Y,U,1,0.9579990255857894,40.41399054792113
60.0,508.9780144,9.98263888888889,4,2,1,1,0,1,1,0,0,2,1,260.1666666666667,20.0,44.71452,3,1,BAGGAGE,UPPER APEX,LANG_09,Round-Trip,mozilla,Paid Search,Paid Search,Logged-Out,AREA_C,AREA_D,AREA_C_TO_AREA_D,CA,DA,31_60,very_high,9_14,Y,O,0,0.9030391020668452,40.378959990149994
192.0,558.1558487,14.979166666666666,4,2,2,0,0,0,1,0,0,3,1,362.6666666666667,23.0,54.5517144,2,0,BAGGAGE,LOWER VERTEX,LANG_02,Round-Trip,apple,Direct,Direct,Logged-Out,AREA_B,AREA_B,AREA_B_TO_AREA_B,BU,BE,120_plus,very_high,15_30,Y,U,0,0.7399472865967556,40.365393049481156
105.0,333.1368796,10.23263888888889,2,2,0,0,0,0,0,0,0,4,1,246.5,18.0,67.9660704,2,0,BAGGAGE,UPPER APEX,LANG_09,Round-Trip,mozilla,Paid Search,Paid Search,Logged-Out,AREA_C,AREA_B,AREA_C_TO_AREA_B,CA,BO,61_120,very_high,9_14,Y,L,0,0.5938889521195362,40.36429832953863
201.0,381.6097321,22.77777777777778,4,2,0,2,0,1,0,0,0,2,1,549.9166666666666,8.0,43.5349818,2,0,BAGGAGE,LOWER VERTEX,LANG_02,Round-Trip,google,Paid Search,Organic Search,Logged-Out,AREA_B,AREA_B,AREA_B_TO_AREA_B,BU,BE,120_plus,very_high,15_30,Y,L,0,0.9269895535663606,40.35647334330163
69.0,299.42581490000003,28.67013888888889,3,2,0,1,0,1,0,1,0,2,1,692.1666666666666,23.0,55.50768,4,1,BAGGAGE,UPPER APEX,LANG_02,Round-Trip,google,Email,Email,Logged-In,AREA_C,AREA_C,AREA_C_TO_AREA_C,CA,CE,61_120,very_high,15_30,Y,W,0,0.7263043777071906,40.31547098036987
165.0,324.5811588,17.11111111111111,4,3,1,0,0,0,1,1,0,4,1,413.5,11.0,46.1399024,3,0,BAGGAGE,UPPER APEX,LANG_02,Round-Trip,microsoft,Paid Search,Paid Search,Logged-In,AREA_C,AREA_B,AREA_C_TO_AREA_B,CU,BI,120_plus,very_high,15_30,Y,L,1,0.8733465642453636,40.296125235656405
48.0,315.0356367,5.239583333333333,3,3,0,0,0,0,0,1,0,2,1,140.25,12.0,44.71452,1,1,BAGGAGE,UPPER APEX,LANG_09,Round-Trip,microsoft,Direct,Paid Search,Logged-In,AREA_C,AREA_B,AREA_C_TO_AREA_B,CA,BU,31_60,very_high,6_8,Y,L,0,0.9009150365499828,40.283983420114936
223.0,337.3260819,16.40972222222222,3,3,0,0,0,0,0,0,0,2,1,409.9166666666667,21.0,45.3107136,2,1,BAGGAGE,UPPER APEX,LANG_09,Round-Trip,apple,Organic Search,Organic Search,Logged-Out,AREA_C,AREA_B,AREA_C_TO_AREA_B,CA,BU,120_plus,very_high,15_30,Y,L,0,0.8889757882281233,40.28012733773875
0.0,90.70965699999998,,1,1,0,0,0,0,0,0,0,2,1,21.333333333333332,3.0,55.503397,3,0,BAGGAGE,NORTH MERIDIAN,LANG_02,One-Way,google,Direct,Organic Search,Logged-Out,AREA_B,AREA_B,AREA_B_TO_AREA_B,BI,BI,invalid_or_past,high,unknown_or_oneway,Y,T,0,0.7255666481238766,40.27141372077883
187.0,499.3339833,15.993055555555555,3,3,0,0,0,0,0,0,0,2,1,404.4166666666667,13.0,45.3107136,2,1,BAGGAGE,UPPER APEX,LANG_09,Round-Trip,microsoft,Organic Search,Email,Logged-Out,AREA_C,AREA_D,AREA_C_TO_AREA_D,CA,DA,120_plus,very_high,15_30,Y,L,0,0.8883834932490403,40.2532900295748
236.0,691.6385418,18.0,3,3,0,0,0,0,0,0,0,2,1,439.25,22.0,52.4650368,3,1,BAGGAGE,UPPER APEX,LANG_09,Round-Trip,google,Paid Search,Paid Search,Logged-Out,AREA_C,AREA_B,AREA_C_TO_AREA_B,CA,BU,120_plus,very_high,15_30,Y,V,0,0.7663609312071621,40.207154457866025
0.0,286.4290514,14.729166666666666,2,2,0,0,0,0,0,0,0,2,1,357.25,7.0,46.98451,1,1,BAGGAGE,LOWER VERTEX,LANG_02,Round-Trip,apple,Direct,Paid Search,Logged-Out,AREA_B,AREA_C,AREA_B_TO_AREA_C,BU,CA,invalid_or_past,very_high,15_30,Y,Q,0,0.8554037611908843,40.19072657171072
65.0,123.8896297,17.427083333333332,3,2,0,0,1,1,0,1,0,2,1,434.4166666666667,14.0,44.71452,1,1,BAGGAGE,UPPER APEX,LANG_09,Round-Trip,apple,Direct,Referrals,Logged-In,AREA_C,AREA_B,AREA_C_TO_AREA_B,CA,BO,61_120,very_high,15_30,Y,O,0,0.8987160381395327,40.185656261710896
44.0,282.89215,14.9375,5,3,1,1,0,1,1,1,0,3,1,359.5,2.0,41.63076,2,0,BAGGAGE,UPPER APEX,LANG_09,Round-Trip,opera,Paid MetaSearches,Organic Search,Logged-In,AREA_B,AREA_B,AREA_B_TO_AREA_B,BE,BU,31_60,very_high,15_30,Y,O,1,0.9647947749869021,40.16513972673373
125.0,418.2332368,16.40625,5,2,0,3,0,1,0,0,0,4,1,395.9166666666667,22.0,46.6470096,3,0,BAGGAGE,WEST APEX,LANG_02,Round-Trip,mozilla,Direct,Paid Search,Logged-Out,AREA_B,AREA_C,AREA_B_TO_AREA_C,BE,CA,120_plus,very_high,15_30,Y,L,0,0.8610301809728279,40.16448311772924
201.0,568.7185833,16.78125,5,3,1,1,0,1,1,0,0,2,1,406.0,5.0,43.5349818,2,0,BAGGAGE,LOWER VERTEX,LANG_02,Round-Trip,microsoft,Paid Search,Paid Search,Logged-Out,AREA_B,AREA_B,AREA_B_TO_AREA_B,BU,BE,120_plus,very_high,15_30,Y,L,1,0.9218547262114262,40.13292872785842
181.0,169.7070222,35.77777777777778,2,1,1,0,0,0,1,0,0,2,1,861.9166666666666,9.0,76.6031682,2,0,BAGGAGE,LOWER VERTEX,LANG_02,Round-Trip,google,MetaSearches,Paid Search,Logged-Out,AREA_B,AREA_B,AREA_B_TO_AREA_B,BU,BE,120_plus,very_high,30_plus,Y,L,0,0.5238913307721588,40.131735729661514
139.0,122.2119786,,4,2,0,2,0,1,0,1,0,2,1,9.75,15.0,44.0767813,2,0,BAGGAGE,OLD HORIZON,LANG_02,One-Way,google,Direct,Direct,Logged-In,AREA_B,AREA_B,AREA_B_TO_AREA_B,BO,BU,120_plus,very_high,unknown_or_oneway,Y,O,0,0.9102215444984282,40.119635951405435
84.0,329.3815452,15.302083333333334,3,2,0,1,0,1,0,1,0,2,1,383.5,21.0,43.7482752,2,1,BAGGAGE,UPPER APEX,LANG_09,Round-Trip,opera,Affiliate,Affiliate,Logged-In,AREA_C,AREA_B,AREA_C_TO_AREA_B,CA,BO,61_120,very_high,15_30,Y,L,0,0.9170243750549931,40.118234725013856
139.0,147.7048229,7.319444444444445,3,3,0,0,0,0,0,0,0,2,1,191.83333333333334,17.0,44.71452,1,1,BAGGAGE,UPPER APEX,LANG_09,Round-Trip,microsoft,Paid Search,Paid Search,Logged-Out,AREA_C,AREA_B,AREA_C_TO_AREA_B,CA,BO,120_plus,very_high,6_8,Y,O,0,0.8970373024931164,40.110592403074506
177.0,399.4874023999999,18.57638888888889,4,2,0,2,0,1,0,0,0,2,1,449.3333333333333,17.0,44.0909152,2,1,BAGGAGE,LOWER VERTEX,LANG_02,Round-Trip,microsoft,Paid Search,Paid Search,Logged-Out,AREA_B,AREA_C,AREA_B_TO_AREA_C,BU,CA,120_plus,very_high,15_30,Y,L,0,0.9090575374407602,40.08117879522138
40.0,327.52101,6.28125,4,3,1,0,0,0,1,0,0,2,1,164.25,12.0,42.1858368,1,1,BAGGAGE,UPPER APEX,LANG_09,Round-Trip,opera,Affiliate,Affiliate,Logged-Out,AREA_C,AREA_B,AREA_C_TO_AREA_B,CA,BU,31_60,very_high,6_8,Y,O,0,0.9500476925921276,40.07855691190806
36.0,1765.4992847,5.222222222222222,2,2,0,0,0,0,0,1,1,2,1,145.91666666666666,12.0,98.063568,1,1,BAGGAGE,UPPER APEX,LANG_09,Round-Trip,apple,Internal,Internal,Logged-In,AREA_C,AREA_D,AREA_C_TO_AREA_D,CA,DA,31_60,very_high,6_8,C,D,0,0.4085620970196023,40.065056983304366
248.0,798.3237888,16.489583333333332,3,2,1,0,0,0,1,1,0,4,1,398.0,13.0,50.8888928,3,0,BAGGAGE,UPPER APEX,LANG_09,Round-Trip,mozilla,Paid Search,Paid Search,Logged-In,AREA_C,AREA_B,AREA_C_TO_AREA_B,CU,BU,120_plus,very_high,15_30,Y,K,0,0.7860640395675136,40.00192864348616
51.0,191.7995928,30.24652777777778,2,2,0,0,0,0,0,1,0,2,1,740.0833333333334,11.0,55.045116,1,1,BAGGAGE,LOWER VERTEX,LANG_02,Round-Trip,apple,Direct,Direct,Logged-In,AREA_C,AREA_B,AREA_C_TO_AREA_B,CA,BU,31_60,very_high,30_plus,Y,U,0,0.7262954092213709,39.97901505085783
348.0,334.31727440000003,8.0,2,1,1,0,0,0,1,0,0,2,1,199.25,14.0,61.058448,1,1,BAGGAGE,UPPER APEX,LANG_09,Round-Trip,google,Paid Search,Paid Search,Logged-Out,AREA_C,AREA_B,AREA_C_TO_AREA_B,CA,BU,120_plus,very_high,6_8,Y,S,0,0.6546126449308192,39.96963214065089
,127.2029585,3.326388888888889,5,1,3,1,0,1,1,0,0,2,1,80.5,21.0,40.0340576,4,1,BAGGAGE,UPPER VERTEX,LANG_10,Round-Trip,google,MetaSearches,MetaSearches,Logged-Out,AREA_C,AREA_C,AREA_C_TO_AREA_C,CA,CI,MISSING,very_high,3_5,Y,O,1,0.9973743411083629,39.92894182069424
48.0,411.9577852000001,14.319444444444445,4,2,0,2,0,1,0,0,0,2,1,359.8333333333333,20.0,42.1858368,2,1,BAGGAGE,UPPER APEX,LANG_09,Round-Trip,google,Paid Search,Organic Search,Logged-Out,AREA_C,AREA_B,AREA_C_TO_AREA_B,CA,BO,31_60,very_high,15_30,Y,W,1,0.9462914663168506,39.92009736327535
16.0,159.2466513,9.21875,2,2,0,0,0,0,0,1,0,2,1,237.58333333333334,23.0,65.8485552,2,0,BAGGAGE,SOUTH VERTEX,LANG_09,Round-Trip,apple,Direct,Direct,Logged-In,AREA_B,AREA_B,AREA_B_TO_AREA_B,BE,BU,15_30,very_high,9_14,Y,W,1,0.6053442236563453,39.861042526436
157.0,608.9432344,16.0,4,2,0,2,0,1,0,0,0,2,1,391.25,16.0,45.3107136,3,1,BAGGAGE,UPPER APEX,LANG_09,Round-Trip,apple,Direct,Direct,Logged-Out,AREA_C,AREA_B,AREA_C_TO_AREA_B,CA,BU,120_plus,very_high,15_30,Y,W,0,0.879489115048592,39.8502794062842
234.0,514.7258004,9.42361111111111,4,3,1,0,0,0,1,0,0,2,1,240.83333333333334,18.0,44.71452,3,1,BAGGAGE,UPPER APEX,LANG_09,Round-Trip,google,Paid Search,Paid Search,Logged-Out,AREA_C,AREA_B,AREA_C_TO_AREA_B,CA,BU,120_plus,very_high,9_14,Y,O,0,0.8909526533345131,39.83852023657916
31.0,327.1852228,10.28125,4,4,0,0,0,0,0,1,0,2,1,260.25,19.0,42.1858368,2,1,BAGGAGE,UPPER APEX,LANG_09,Round-Trip,google,Organic Search,Paid Search,Logged-In,AREA_C,AREA_B,AREA_C_TO_AREA_B,CA,BU,31_60,very_high,9_14,Y,O,1,0.943746157415436,39.81272137735469
83.0,154.7683465,20.96527777777778,3,3,0,0,0,0,0,0,0,4,1,506.6666666666667,12.0,44.1800016,1,0,BAGGAGE,LOWER VERTEX,LANG_02,Round-Trip,apple,Paid Search,Paid Search,Logged-Out,AREA_B,AREA_C,AREA_B_TO_AREA_C,BU,CU,61_120,very_high,15_30,Y,L,0,0.9007683189541275,39.79594577262266
184.0,237.3017565,8.23263888888889,3,2,1,0,0,0,1,1,1,4,1,198.5,20.0,44.71452,2,0,BAGGAGE,UPPER APEX,LANG_09,Round-Trip,mozilla,Paid Search,Paid Search,Logged-In,AREA_C,AREA_B,AREA_C_TO_AREA_B,CA,BU,120_plus,very_high,9_14,Y,L,1,0.8895725379747504,39.77680904072274
15.0,214.4566628,6.763888888888889,2,2,0,0,0,0,0,0,0,4,1,166.0,11.0,67.6808226,3,0,BAGGAGE,NORTH MERIDIAN,LANG_02,Round-Trip,google,Paid Search,Paid Search,Logged-Out,AREA_B,AREA_C,AREA_B_TO_AREA_C,BI,CU,15_30,very_high,6_8,Y,O,0,0.5876023141923354,39.76940798620092
190.0,832.7089976999999,29.32638888888889,3,3,0,0,0,0,0,0,0,4,1,704.75,16.0,45.3192796,1,0,BAGGAGE,UPPER APEX,LANG_09,Round-Trip,mozilla,Direct,Direct,Logged-Out,AREA_B,AREA_B,AREA_B_TO_AREA_B,BE,BU,120_plus,very_high,15_30,Y,Y,0,0.8774036737950157,39.76330241478351
163.0,193.3671708,13.784722222222221,3,3,0,0,0,0,0,0,0,4,1,334.0,8.0,46.8525936,2,0,BAGGAGE,LOWER VERTEX,LANG_02,Round-Trip,google,Direct,Referrals,Logged-Out,AREA_B,AREA_B,AREA_B_TO_AREA_B,BU,BE,120_plus,very_high,9_14,Y,U,1,0.8484711274183807,39.75307291426721
38.0,139.3636804,,3,2,0,1,0,1,0,0,0,4,1,-429.1666666666667,10.0,46.5185196,2,0,BAGGAGE,LOWER VERTEX,LANG_02,Round-Trip,microsoft,Paid Search,Paid Search,Logged-Out,AREA_B,AREA_C,AREA_B_TO_AREA_C,BU,CI,31_60,very_high,unknown_or_oneway,Y,O,1,0.8540820632102445,39.730633197454196
7.0,36.9545806,,1,1,0,0,0,0,0,0,0,1,0,2.75,15.0,98.2066202,3,1,BAGGAGE,NEW MERIDIAN,LANG_02,One-Way,google,Direct,Direct,Logged-Out,AREA_C,AREA_C,AREA_C_TO_AREA_C,CA,CI,4_7,mid,unknown_or_oneway,Y,T,0,0.4043770047816738,39.712498926207424
125.0,172.10036259999998,6.034722222222222,3,3,0,0,0,0,0,0,0,4,1,146.91666666666666,21.0,48.6651592,2,0,BAGGAGE,LOWER ZENITH,LANG_02,Round-Trip,google,Paid Search,Paid Search,Logged-Out,AREA_C,AREA_B,AREA_C_TO_AREA_B,CE,BU,120_plus,very_high,6_8,Y,L,0,0.8154137970266032,39.68224224617613
14.0,187.1593906,26.475694444444443,2,2,0,0,0,0,0,0,0,4,1,639.0,14.0,46.6692812,1,0,BAGGAGE,LOWER VERTEX,LANG_02,Round-Trip,apple,Direct,Direct,Logged-Out,AREA_D,AREA_C,AREA_D_TO_AREA_C,DA,CU,8_14,very_high,15_30,Y,W,1,0.8495637114611898,39.64852774749793
4.0,95.09287919999998,,1,1,0,0,0,0,0,0,0,3,1,38.75,14.0,55.503397,3,0,BAGGAGE,NORTH MERIDIAN,LANG_02,One-Way,google,Organic Search,Organic Search,Logged-Out,AREA_B,AREA_B,AREA_B_TO_AREA_B,BI,BI,4_7,high,unknown_or_oneway,Y,T,0,0.714291523234113,39.6456059877977
125.0,448.4288150999999,42.645833333333336,3,2,0,1,0,1,0,0,0,2,1,1026.6666666666667,12.0,47.704054,2,1,BAGGAGE,NORTH MERIDIAN,LANG_02,Round-Trip,mozilla,Direct,Paid Search,Logged-Out,AREA_B,AREA_C,AREA_B_TO_AREA_C,BI,CA,120_plus,very_high,30_plus,Y,O,1,0.8310358181771832,39.64377754625853
68.0,118.5114666,,2,2,0,0,0,0,0,0,0,3,1,670.0,12.0,54.5337258,2,0,BAGGAGE,LOWER VERTEX,LANG_02,Multi-City,google,Paid Search,Organic Search,Logged-Out,AREA_B,AREA_B,AREA_B_TO_AREA_B,BU,BE,61_120,very_high,unknown_or_oneway,Y,O,0,0.7262568082256107,39.60548964015864
29.0,199.5800906,177.67361111111111,2,2,0,0,0,0,0,0,0,4,1,4269.75,16.0,66.1993329,2,0,BAGGAGE,LOWER VERTEX,LANG_02,Round-Trip,google,Paid Search,Paid Search,Logged-Out,AREA_C,AREA_B,AREA_C_TO_AREA_B,CU,BU,15_30,very_high,30_plus,Y,W,1,0.5979571945928892,39.58436738480475
30.0,297.6402322,,2,2,0,0,0,0,0,0,0,4,1,391.4166666666667,12.0,55.89315,2,0,BAGGAGE,UPPER APEX,LANG_09,Multi-City,mozilla,Paid Search,Paid Search,Logged-Out,AREA_B,AREA_B,AREA_B_TO_AREA_B,BE,BU,15_30,very_high,unknown_or_oneway,Y,S,0,0.7080527039238409,39.575295988320825
15.0,167.7890948,45.12847222222222,2,2,0,0,0,0,0,0,0,4,1,1084.0,14.0,59.4446136,2,0,BAGGAGE,UPPER APEX,LANG_09,Round-Trip,google,Paid Search,Paid Search,Logged-Out,AREA_C,AREA_B,AREA_C_TO_AREA_B,CU,BU,15_30,very_high,30_plus,Y,W,0,0.6656040546916671,39.566575841739414
0.0,323.2041743,,2,2,0,0,0,0,0,0,0,2,1,9.333333333333334,20.0,51.6654007,2,0,BAGGAGE,LOWER VERTEX,LANG_02,One-Way,google,Organic Search,Paid Search,Logged-Out,AREA_C,AREA_C,AREA_C_TO_AREA_C,CU,CE,invalid_or_past,very_high,unknown_or_oneway,Y,B,0,0.7654387203456047,39.54669819795091
204.0,447.5443756,,3,1,2,0,0,0,1,0,0,2,1,24.166666666666668,19.0,45.7098892,2,0,BAGGAGE,GREAT ZENITH,LANG_02,One-Way,google,Paid Search,Paid Search,Logged-Out,AREA_C,AREA_B,AREA_C_TO_AREA_B,CI,BU,120_plus,very_high,unknown_or_oneway,Y,H,1,0.863196212277965,39.45660322108546
180.0,947.6240292,15.0,6,6,0,0,0,0,0,0,0,2,1,367.25,14.0,45.3107136,3,1,BAGGAGE,UPPER APEX,LANG_09,Round-Trip,mozilla,Paid Search,Paid Search,Logged-Out,AREA_C,AREA_B,AREA_C_TO_AREA_B,CA,BU,120_plus,very_high,15_30,Y,V,1,0.869264516619661,39.386995555195895
131.0,86.966315,,9,9,0,0,0,0,0,0,0,2,1,3.1666666666666665,23.0,45.6936138,1,0,BAGGAGE,CENTRAL MERIDIAN,LANG_02,One-Way,microsoft,Direct,Affiliate,Logged-Out,AREA_C,AREA_B,AREA_C_TO_AREA_B,CI,BI,120_plus,high,unknown_or_oneway,Y,O,1,0.8618370504624753,39.380449342363455
84.0,228.8389768,14.98611111111111,2,2,0,0,0,0,0,0,0,3,1,360.5833333333333,22.0,52.4650368,1,0,BAGGAGE,UPPER APEX,LANG_09,Round-Trip,google,Paid Search,Paid Search,Logged-Out,AREA_C,AREA_B,AREA_C_TO_AREA_B,CU,BU,61_120,very_high,15_30,Y,U,0,0.7502331411035941,39.36100935657966
11.0,209.4755338,126.22916666666667,2,2,0,0,0,0,0,0,0,2,1,3044.1666666666665,7.0,47.19866,1,1,BAGGAGE,UPPER APEX,LANG_02,Round-Trip,google,Direct,MetaSearches,Logged-Out,AREA_C,AREA_B,AREA_C_TO_AREA_B,CA,BU,8_14,very_high,30_plus,Y,L,1,0.8331374637038841,39.322971882621964
29.0,409.5370336,14.229166666666666,4,4,0,0,0,0,0,0,0,2,1,362.0833333333333,20.0,42.1858368,2,1,BAGGAGE,UPPER APEX,LANG_09,Round-Trip,google,Direct,Direct,Logged-Out,AREA_C,AREA_D,AREA_C_TO_AREA_D,CA,DA,15_30,very_high,15_30,Y,U,1,0.9319131016184512,39.3135340166578
102.0,162.3561093,8.39236111111111,6,4,0,2,0,1,0,0,0,4,1,203.91666666666666,22.0,40.448652,1,0,BAGGAGE,NORTH HORIZON,LANG_04,Round-Trip,google,MetaSearches,Paid Search,Logged-Out,AREA_C,AREA_B,AREA_C_TO_AREA_B,CE,BU,61_120,very_high,9_14,Y,U,1,0.9713369195931113,39.28926903537374
0.0,108.6400082,,1,1,0,0,0,0,0,0,0,2,1,26.5,17.0,59.7966762,1,0,BAGGAGE,UPPER MERIDIAN,LANG_02,One-Way,google,MetaSearches,MetaSearches,Logged-Out,AREA_B,AREA_B,AREA_B_TO_AREA_B,BI,BU,invalid_or_past,very_high,unknown_or_oneway,Y,Q,0,0.6569472799253341,39.28326377816596
167.0,121.6825998,22.604166666666668,4,4,0,0,0,0,0,0,0,4,1,544.5833333333334,19.0,50.4944285,5,0,BAGGAGE,LOWER ZENITH,LANG_02,Round-Trip,google,Paid Search,MetaSearches,Logged-Out,AREA_C,AREA_B,AREA_C_TO_AREA_B,CE,BA,120_plus,very_high,15_30,Y,O,0,0.7775127930480477,39.26006413639994
77.0,473.5490384,9.98263888888889,4,4,0,0,0,0,0,1,0,2,1,260.1666666666667,20.0,44.71452,3,1,BAGGAGE,UPPER APEX,LANG_09,Round-Trip,google,Internal,Paid Search,Logged-In,AREA_C,AREA_D,AREA_C_TO_AREA_D,CA,DA,61_120,very_high,9_14,Y,U,0,0.8778759414463209,39.25380134132034
20.0,237.6992189,12.21875,3,2,0,1,0,1,0,0,0,2,1,309.1666666666667,21.0,42.1858368,2,1,BAGGAGE,UPPER APEX,LANG_09,Round-Trip,google,Paid Search,Paid Search,Logged-Out,AREA_C,AREA_B,AREA_C_TO_AREA_B,CA,BU,15_30,very_high,9_14,Y,O,1,0.9290701931603063,39.19360354440515
13.0,161.9822034,12.07986111111111,2,2,0,0,0,0,0,0,0,4,1,290.9166666666667,6.0,67.9660704,3,0,BAGGAGE,UPPER APEX,LANG_09,Round-Trip,apple,Organic Search,Paid Search,Logged-Out,AREA_C,AREA_B,AREA_C_TO_AREA_B,CA,BU,8_14,very_high,9_14,Y,O,0,0.5762922207908135,39.168317649240784
74.0,658.8294769,16.17361111111111,6,6,0,0,0,0,0,0,0,4,1,392.0833333333333,20.0,48.3242324,3,0,BAGGAGE,GREAT MERIDIAN,LANG_03,Round-Trip,google,Paid Search,Paid Search,Logged-Out,AREA_B,AREA_C,AREA_B_TO_AREA_C,BA,CA,61_120,very_high,15_30,Y,W,0,0.8104850281424062,39.16606685667418
154.0,503.8915236,14.21875,4,4,0,0,0,0,0,0,0,2,1,355.6666666666667,17.0,45.3107136,3,1,BAGGAGE,UPPER APEX,LANG_09,Round-Trip,google,Paid Search,Paid Search,Logged-Out,AREA_C,AREA_B,AREA_C_TO_AREA_B,CA,BI,120_plus,very_high,15_30,Y,U,0,0.8642519775495806,39.159873832982676
51.0,324.5194836,,3,3,0,0,0,0,0,0,0,2,1,289.0833333333333,12.0,43.7482752,2,1,BAGGAGE,UPPER APEX,LANG_09,Multi-City,apple,MetaSearches,MetaSearches,Logged-Out,AREA_C,AREA_B,AREA_C_TO_AREA_B,CA,BO,31_60,very_high,unknown_or_oneway,Y,W,1,0.8948688599997056,39.14896915517739
161.0,515.6021022,35.65625,5,2,0,3,0,1,0,1,0,4,1,859.0,10.0,43.2531604,2,0,BAGGAGE,NORTH MERIDIAN,LANG_02,Round-Trip,google,Paid Search,Organic Search,Logged-In,AREA_B,AREA_B,AREA_B_TO_AREA_B,BI,BE,120_plus,very_high,30_plus,Y,O,1,0.903826774646507,39.09336445760002
171.0,839.9969504999999,17.552083333333332,4,2,0,2,0,1,0,0,0,4,1,423.1666666666667,21.0,46.0559556,3,0,BAGGAGE,SOUTH HORIZON,LANG_02,Round-Trip,google,Paid Search,Paid Search,Logged-Out,AREA_C,AREA_B,AREA_C_TO_AREA_B,CA,BU,120_plus,very_high,15_30,Y,K,0,0.8485816940963021,39.08224082627207
325.0,226.001061,,3,2,0,1,0,1,0,0,0,4,1,379.5833333333333,22.0,45.3107136,3,1,BAGGAGE,UPPER APEX,LANG_09,Multi-City,google,Direct,Paid Search,Logged-Out,AREA_C,AREA_C,AREA_C_TO_AREA_C,CA,CA,120_plus,very_high,unknown_or_oneway,Y,U,0,0.8621027753668774,39.062491948413715
7.0,211.8046292,7.319444444444445,2,2,0,0,0,0,0,0,0,2,1,191.83333333333334,19.0,49.6828,1,1,BAGGAGE,UPPER APEX,LANG_09,Round-Trip,google,Direct,Direct,Logged-Out,AREA_C,AREA_B,AREA_C_TO_AREA_B,CA,BO,4_7,very_high,6_8,Y,U,0,0.786185853258367,39.0599145102648
245.0,417.442595,8.20486111111111,4,4,0,0,0,0,0,0,0,2,1,211.33333333333334,21.0,45.3124268,2,1,BAGGAGE,NEW ZENITH,LANG_02,Round-Trip,apple,Direct,Direct,Logged-Out,AREA_C,AREA_B,AREA_C_TO_AREA_B,CA,BU,120_plus,very_high,9_14,Y,W,1,0.8617410963352956,39.04758034824483
73.0,1259.0443856,16.54513888888889,4,2,1,1,0,1,1,1,0,4,1,399.0,22.0,46.0559556,3,0,BAGGAGE,SOUTH HORIZON,LANG_02,Round-Trip,apple,MetaSearches,MetaSearches,Logged-In,AREA_C,AREA_B,AREA_C_TO_AREA_B,CA,BU,61_120,very_high,15_30,Y,M,1,0.8477141661012495,39.04228599545017
216.0,390.9141213,21.19097222222222,3,3,0,0,0,0,0,1,0,2,1,528.8333333333334,20.0,45.3107136,2,1,BAGGAGE,UPPER APEX,LANG_02,Round-Trip,google,Referrals,MetaSearches,Logged-In,AREA_C,AREA_B,AREA_C_TO_AREA_B,CA,BU,120_plus,very_high,15_30,Y,O,0,0.8611970782267243,39.0214541646879
86.0,226.8670836,9.21875,3,3,0,0,0,0,0,1,0,2,1,237.16666666666666,20.0,44.71452,2,1,BAGGAGE,UPPER APEX,LANG_09,Round-Trip,google,Organic Search,Organic Search,Logged-In,AREA_C,AREA_B,AREA_C_TO_AREA_B,CA,BU,61_120,very_high,9_14,Y,O,1,0.8725085145205386,39.01379942269891
145.0,195.22342300000005,16.18402777777778,3,2,0,1,0,1,0,0,0,4,1,389.3333333333333,13.0,44.71452,2,0,BAGGAGE,LOWER VERTEX,LANG_02,Round-Trip,google,Direct,Direct,Logged-Out,AREA_B,AREA_B,AREA_B_TO_AREA_B,BE,BO,120_plus,very_high,15_30,Y,U,0,0.8723998325251051,39.008939759440466
3.0,318.1078326,15.01736111111111,3,2,0,1,0,1,0,0,0,5,1,364.0833333333333,9.0,42.6895176,4,0,BAGGAGE,LOWER VERTEX,LANG_02,Round-Trip,apple,Paid Search,MetaSearches,Logged-Out,AREA_D,AREA_C,AREA_D_TO_AREA_C,DA,CU,0_3,very_high,15_30,Y,V,0,0.9136642350001405,39.00388544052903
58.0,544.964637,6.038194444444445,3,3,0,0,0,0,0,0,0,4,1,147.0,1.0,50.8888928,3,0,BAGGAGE,NEW AURORA,LANG_02,Round-Trip,google,MetaSearches,MetaSearches,Logged-Out,AREA_C,AREA_B,AREA_C_TO_AREA_B,CU,BU,31_60,very_high,6_8,Y,T,0,0.7656147732632005,38.961288122687314
27.0,509.7266828,14.684027777777779,2,2,0,0,0,0,0,0,0,4,1,353.3333333333333,20.0,67.9660704,3,0,BAGGAGE,UPPER APEX,LANG_09,Round-Trip,google,Direct,Paid Search,Logged-Out,AREA_B,AREA_B,AREA_B_TO_AREA_B,BE,BU,15_30,very_high,15_30,Y,M,0,0.5721377485025848,38.885954493224176
81.0,539.6014644,4.246527777777778,4,3,1,0,0,0,1,0,0,2,1,116.41666666666667,13.0,44.71452,2,1,BAGGAGE,UPPER APEX,LANG_09,Round-Trip,google,Direct,Direct,Logged-Out,AREA_C,AREA_B,AREA_C_TO_AREA_B,CA,BU,61_120,very_high,3_5,Y,V,1,0.8665549318414355,38.747587830922505
148.0,222.6140646,16.118055555555557,3,3,0,0,0,0,0,0,0,2,1,401.4166666666667,15.0,44.71452,2,1,BAGGAGE,UPPER APEX,LANG_09,Round-Trip,apple,Direct,Direct,Logged-Out,AREA_C,AREA_B,AREA_C_TO_AREA_B,CA,BU,120_plus,very_high,15_30,Y,O,1,0.865900806792395,38.718338943334686
137.0,383.255689,15.770833333333334,3,1,0,2,0,1,0,1,0,2,1,382.0,12.0,46.98451,2,1,BAGGAGE,LOWER VERTEX,LANG_02,Round-Trip,apple,Direct,Direct,Logged-In,AREA_B,AREA_C,AREA_B_TO_AREA_C,BU,CA,120_plus,very_high,15_30,Y,W,1,0.8240558735860037,38.71786143306033
52.0,435.2333204,11.239583333333334,4,4,0,0,0,0,0,0,0,2,1,284.25,21.0,44.71452,3,1,BAGGAGE,UPPER APEX,LANG_09,Round-Trip,google,Direct,Direct,Logged-Out,AREA_C,AREA_B,AREA_C_TO_AREA_B,CA,BU,31_60,very_high,9_14,Y,O,0,0.8658105621125955,38.7143036957949
49.0,580.8364752,9.680555555555555,2,2,0,0,0,0,0,1,0,4,1,233.25,11.0,67.9660704,3,0,BAGGAGE,UPPER APEX,LANG_09,Round-Trip,microsoft,MetaSearches,Email,Logged-In,AREA_B,AREA_B,AREA_B_TO_AREA_B,BE,BU,31_60,very_high,9_14,Y,M,0,0.5693750874605197,38.698187278347845
25.0,572.5809927,25.875,3,2,1,0,0,0,1,0,0,2,1,626.0,10.0,49.031784,4,1,BAGGAGE,UPPER APEX,LANG_09,Round-Trip,google,Internal,Paid Search,Logged-Out,AREA_C,AREA_C,AREA_C_TO_AREA_C,CA,CA,15_30,very_high,15_30,Y,L,1,0.7887832572993563,38.67545029471846
78.0,525.8697381,14.78125,3,2,1,0,0,0,1,0,0,4,1,358.0833333333333,16.0,46.3951692,2,0,BAGGAGE,LOWER VERTEX,LANG_02,Round-Trip,google,Paid Search,Paid Search,Logged-Out,AREA_B,AREA_B,AREA_B_TO_AREA_B,BU,BE,61_120,very_high,15_30,Y,V,1,0.8315627481101893,38.58049439898921
139.0,187.8964949,9.770833333333334,2,2,0,0,0,0,0,0,0,4,1,238.0,16.0,87.4965504,5,0,BAGGAGE,LOWER VERTEX,LANG_02,Round-Trip,apple,MetaSearches,MetaSearches,Logged-Out,AREA_B,AREA_B,AREA_B_TO_AREA_B,BU,BA,120_plus,very_high,9_14,Y,U,0,0.44056006523451174,38.54748595201875
71.0,1152.6769372,8.0,4,3,0,1,0,1,0,0,0,2,1,199.25,19.0,45.3107136,3,1,BAGGAGE,UPPER APEX,LANG_02,Round-Trip,apple,Direct,Direct,Logged-Out,AREA_C,AREA_B,AREA_C_TO_AREA_B,CA,BU,61_120,very_high,6_8,Y,E,0,0.8504638450801671,38.53512371158222
74.0,139.4099368,0.9131944444444444,3,2,0,1,0,1,0,0,0,4,1,22.25,11.0,46.8200428,1,0,BAGGAGE,LOWER VERTEX,LANG_02,Round-Trip,mozilla,Paid Search,Paid Search,Logged-Out,AREA_B,AREA_B,AREA_B_TO_AREA_B,BU,BO,61_120,very_high,1_2,Y,V,1,0.8217156244733144,38.47276070726931
201.0,228.1121517,15.319444444444445,3,3,0,0,0,0,0,1,0,4,1,368.9166666666667,17.0,41.8830287,1,0,BAGGAGE,UPPER APEX,LANG_09,Round-Trip,apple,Direct,Direct,Logged-In,AREA_B,AREA_B,AREA_B_TO_AREA_B,BI,BU,120_plus,very_high,15_30,Y,L,0,0.9184700532360686,38.468307599776786
206.0,511.4625826999999,59.78125,4,2,2,0,0,0,1,0,0,4,1,1438.0,,44.4386948,4,0,BAGGAGE,LOWER VERTEX,LANG_02,Round-Trip,microsoft,Direct,Direct,Logged-Out,AREA_D,AREA_C,AREA_D_TO_AREA_C,DA,CU,120_plus,very_high,30_plus,Y,L,0,0.8650678659337334,38.442486875516494
125.0,486.3924705,23.944444444444443,3,3,0,0,0,0,0,0,0,3,1,575.5833333333334,16.0,45.3107136,2,0,BAGGAGE,UPPER APEX,LANG_09,Round-Trip,apple,Direct,Direct,Logged-Out,AREA_B,AREA_B,AREA_B_TO_AREA_B,BE,BU,120_plus,very_high,15_30,Y,S,0,0.8481673531106535,38.43106802166689
122.0,736.3179412,13.010416666666666,4,2,1,1,0,1,1,1,0,2,1,318.9166666666667,11.0,44.71452,4,1,BAGGAGE,UPPER APEX,LANG_09,Round-Trip,google,Organic Search,Organic Search,Logged-In,AREA_C,AREA_B,AREA_C_TO_AREA_B,CA,BU,120_plus,very_high,9_14,Y,V,0,0.8588429673608864,38.4027510409177
139.0,449.0614142,70.58333333333333,3,1,0,2,0,1,0,0,0,3,1,1697.25,10.0,46.4379992,2,0,BAGGAGE,LOWER VERTEX,LANG_02,Round-Trip,google,Email,Email,Logged-Out,AREA_B,AREA_B,AREA_B_TO_AREA_B,BU,BE,120_plus,very_high,30_plus,Y,O,0,0.8268927561920713,38.3992451505332
2.0,230.2930553,18.76388888888889,2,2,0,0,0,0,0,0,0,2,1,455.0,12.0,47.704054,1,1,BAGGAGE,NORTH MERIDIAN,LANG_09,Round-Trip,google,Paid Search,Paid Search,Logged-Out,AREA_B,AREA_C,AREA_B_TO_AREA_C,BI,CA,0_3,very_high,15_30,Y,O,0,0.8040384482902767,38.35589355531557
27.0,327.52101,7.28125,4,4,0,0,0,0,0,0,0,2,1,188.25,20.0,42.1858368,3,1,BAGGAGE,UPPER APEX,LANG_09,Round-Trip,apple,Paid Search,Paid Search,Logged-Out,AREA_C,AREA_B,AREA_C_TO_AREA_B,CA,BU,15_30,very_high,6_8,Y,O,1,0.9092074399849918,38.355676680552655
61.0,197.4600056,15.194444444444445,3,2,0,1,0,1,0,0,0,4,1,365.5833333333333,23.0,42.1858368,2,0,BAGGAGE,UPPER APEX,LANG_09,Round-Trip,google,Paid Search,MetaSearches,Logged-Out,AREA_B,AREA_B,AREA_B_TO_AREA_B,BE,BO,61_120,very_high,15_30,Y,O,1,0.9078522604035061,38.29850729589341
121.0,108.3701792,5.517361111111111,4,2,0,2,0,1,0,1,0,2,1,134.66666666666666,21.0,43.0904064,2,1,BAGGAGE,UPPER APEX,LANG_09,Round-Trip,google,Paid Search,Paid Search,Logged-In,AREA_C,AREA_C,AREA_C_TO_AREA_C,CA,CE,120_plus,very_high,6_8,Y,L,0,0.8885381922976915,38.287471808028876
2.0,150.0390579,,1,1,0,0,0,0,0,0,0,1,0,14.416666666666666,10.0,61.7368752,1,1,BAGGAGE,NORTH MERIDIAN,LANG_02,One-Way,google,Paid Search,Organic Search,Logged-Out,AREA_B,AREA_C,AREA_B_TO_AREA_C,BI,CA,0_3,very_high,unknown_or_oneway,Y,Q,0,0.6199370485895516,38.27297620062948
232.0,162.098701,16.71527777777778,2,2,0,0,0,0,0,0,0,2,1,404.3333333333333,,58.4783688,2,1,BAGGAGE,LOWER VERTEX,LANG_02,Round-Trip,microsoft,Paid Search,Paid Search,Logged-Out,AREA_B,AREA_C,AREA_B_TO_AREA_C,BU,CA,120_plus,very_high,15_30,Y,O,0,0.6541979659004492,38.25642991813629
57.0,118.737609,5.239583333333333,3,3,0,0,0,0,0,1,0,2,1,140.25,15.0,44.71452,1,1,BAGGAGE,UPPER APEX,LANG_09,Round-Trip,microsoft,Direct,Organic Search,Logged-In,AREA_C,AREA_B,AREA_C_TO_AREA_B,CA,BU,31_60,very_high,6_8,Y,O,0,0.8550920721713793,38.235031562948585
11.0,116.9224736,5.170138888888889,4,2,0,2,0,1,0,1,0,2,1,127.08333333333333,12.0,41.939136,2,1,BAGGAGE,UPPER APEX,LANG_09,Round-Trip,google,Direct,Direct,Logged-In,AREA_C,AREA_B,AREA_C_TO_AREA_B,CA,BO,8_14,very_high,6_8,Y,V,0,0.9111307023319384,38.21203443887468
108.0,199.6169244,,3,2,0,0,1,1,0,0,0,4,1,336.5833333333333,10.0,43.5632496,2,0,BAGGAGE,UPPER APEX,LANG_02,Multi-City,apple,Direct,Organic Search,Logged-Out,AREA_B,AREA_C,AREA_B_TO_AREA_C,BU,CU,61_120,very_high,unknown_or_oneway,Y,U,1,0.8758102779972473,38.15314174263947
72.0,391.8019872,13.09375,4,2,0,2,0,1,0,0,0,4,1,316.4166666666667,20.0,43.4827292,3,0,BAGGAGE,EAST AURORA,LANG_02,Round-Trip,apple,Paid Search,Paid Search,Logged-Out,AREA_D,AREA_B,AREA_D_TO_AREA_B,DA,BO,61_120,very_high,9_14,Y,W,1,0.87688932873183,38.129541219615945
109.0,86.6690748,,7,7,0,0,0,0,0,0,0,2,1,6.75,14.0,42.992754,3,0,BAGGAGE,SOUTH VERTEX,LANG_02,One-Way,google,Paid Search,Paid Search,Logged-Out,AREA_B,AREA_C,AREA_B_TO_AREA_C,BA,CU,61_120,high,unknown_or_oneway,Y,L,0,0.8868033790608345,38.12611952233121
152.0,571.3162228,27.90277777777778,3,2,0,1,0,1,0,0,0,4,1,673.0,18.0,63.1965216,4,0,BAGGAGE,NORTH MERIDIAN,LANG_02,Round-Trip,google,Paid Search,Paid Search,Logged-Out,AREA_B,AREA_C,AREA_B_TO_AREA_C,BI,CI,120_plus,very_high,15_30,Y,W,0,0.6032429136347324,38.1228538215643
41.0,247.54797740000004,,3,3,0,0,0,0,0,0,0,5,1,-316.8333333333333,21.0,48.3619228,1,0,BAGGAGE,LOWER VERTEX,LANG_02,Round-Trip,apple,MetaSearches,MetaSearches,Logged-Out,AREA_C,AREA_B,AREA_C_TO_AREA_B,CE,BU,31_60,very_high,unknown_or_oneway,Y,V,0,0.7873079879276295,38.075728131979346
139.0,253.0601984,5.142361111111111,8,8,0,0,0,0,0,1,0,2,1,126.0,20.0,40.6233984,1,1,BAGGAGE,UPPER APEX,LANG_09,Round-Trip,google,Direct,Direct,Logged-In,AREA_C,AREA_B,AREA_C_TO_AREA_B,CA,BA,120_plus,very_high,6_8,Y,L,1,0.9371502867367375,38.07022945878072
93.0,112.0749742,5.142361111111111,11,7,0,2,2,1,0,0,0,2,1,125.66666666666667,22.0,40.08888,1,0,BAGGAGE,UPPER APEX,LANG_09,Round-Trip,google,Direct,Direct,Logged-Out,AREA_B,AREA_B,AREA_B_TO_AREA_B,BE,BA,61_120,very_high,6_8,Y,O,1,0.9484910876546189,38.0239453940555
51.0,351.96537589999997,15.225694444444445,3,2,1,0,0,0,1,1,0,2,1,386.0,17.0,43.7542714,2,1,BAGGAGE,CENTRAL MERIDIAN,LANG_02,Round-Trip,google,Paid Search,MetaSearches,Logged-In,AREA_C,AREA_D,AREA_C_TO_AREA_D,CA,DA,31_60,very_high,15_30,Y,U,1,0.8689761047839117,38.021416328830114
11.0,448.7761664,115.21527777777777,4,1,2,1,0,1,1,0,0,2,1,2781.25,8.0,40.5617232,2,1,BAGGAGE,UPPER APEX,LANG_02,Round-Trip,apple,Paid Search,Paid Search,Logged-Out,AREA_C,AREA_B,AREA_C_TO_AREA_B,CA,BU,8_14,very_high,30_plus,Y,L,1,0.9372840004445921,38.01785418582222
37.0,258.2683264,6.239583333333333,3,2,0,1,0,1,0,0,0,2,1,164.25,20.0,42.1858368,2,1,BAGGAGE,UPPER APEX,LANG_09,Round-Trip,mozilla,Paid Search,Organic Search,Logged-Out,AREA_C,AREA_B,AREA_C_TO_AREA_B,CA,BU,31_60,very_high,6_8,Y,U,1,0.9010316017183894,38.010772101734574
126.0,432.3855537,40.78125,3,1,0,2,0,1,0,0,0,2,1,982.0,15.0,47.5361604,2,1,BAGGAGE,NORTH MERIDIAN,LANG_02,Round-Trip,google,Direct,Paid Search,Logged-Out,AREA_B,AREA_C,AREA_B_TO_AREA_C,BI,CA,120_plus,very_high,30_plus,Y,O,1,0.7995500045934152,38.00753726617332
174.0,177.7676282,10.1875,6,4,0,2,0,1,0,0,0,2,1,245.75,19.0,40.08888,2,0,BAGGAGE,UPPER APEX,LANG_09,Round-Trip,google,Direct,Paid MetaSearches,Logged-Out,AREA_B,AREA_B,AREA_B_TO_AREA_B,BE,BI,120_plus,very_high,9_14,Y,O,0,0.9478020579358105,37.99632296434176
76.0,334.2316144,13.010416666666666,2,2,0,0,0,0,0,1,0,2,1,318.9166666666667,20.0,49.031784,1,1,BAGGAGE,UPPER APEX,LANG_02,Round-Trip,google,Direct,Organic Search,Logged-In,AREA_C,AREA_B,AREA_C_TO_AREA_B,CA,BU,61_120,very_high,9_14,Y,S,0,0.7742732512414012,37.96399881184612
139.0,552.1827769,56.78472222222222,4,1,0,3,0,1,0,0,0,2,1,1366.0,12.0,44.2228316,2,1,BAGGAGE,LOWER VERTEX,LANG_02,Round-Trip,google,Direct,Affiliate,Logged-Out,AREA_B,AREA_C,AREA_B_TO_AREA_C,BU,CA,120_plus,very_high,30_plus,Y,U,0,0.8573771241894764,37.915644180723504
132.0,1074.454795,11.0,5,3,0,2,0,1,0,0,0,2,1,271.25,10.0,44.71452,4,1,BAGGAGE,UPPER APEX,LANG_09,Round-Trip,google,Paid Search,Paid Search,Logged-Out,AREA_C,AREA_B,AREA_C_TO_AREA_B,CA,BU,120_plus,very_high,9_14,Y,H,0,0.8473764712929253,37.89003217315693
128.0,455.4105334,19.48611111111111,2,2,0,0,0,0,0,0,0,4,1,469.8333333333333,21.0,50.8888928,1,0,BAGGAGE,NEW AURORA,LANG_02,Round-Trip,google,Paid Search,Paid Search,Logged-Out,AREA_C,AREA_B,AREA_C_TO_AREA_B,CU,BU,120_plus,very_high,15_30,Y,Q,0,0.743634163281425,37.842719217646135
277.0,481.4944317,18.22222222222222,3,3,0,0,0,0,0,0,0,2,1,457.9166666666667,23.0,48.56922,3,1,BAGGAGE,UPPER APEX,LANG_09,Round-Trip,google,Direct,Direct,Logged-Out,AREA_C,AREA_D,AREA_C_TO_AREA_D,CA,DA,120_plus,very_high,15_30,Y,L,0,0.7774733185415511,37.76127265237468
57.0,397.4392718,9.76388888888889,4,2,0,2,0,1,0,0,0,6,1,238.0,22.0,45.3706756,2,0,BAGGAGE,NORTH MERIDIAN,LANG_02,Round-Trip,microsoft,Organic Search,Organic Search,Logged-Out,AREA_B,AREA_B,AREA_B_TO_AREA_B,BI,BE,31_60,very_high,9_14,Y,L,0,0.8322366734567738,37.759140133830414
107.0,198.5363235,12.784722222222221,2,2,0,0,0,0,0,0,0,4,1,310.0,12.0,66.6888798,2,0,BAGGAGE,LOWER VERTEX,LANG_09,Round-Trip,apple,Email,Email,Logged-Out,AREA_B,AREA_B,AREA_B_TO_AREA_B,BU,BE,61_120,very_high,9_14,Y,L,0,0.5652867142377359,37.698337738337315
70.0,197.8077852,5.28125,3,3,0,0,0,0,0,0,0,2,1,140.25,20.0,42.1858368,1,1,BAGGAGE,UPPER APEX,LANG_09,Round-Trip,google,Paid Search,Email,Logged-Out,AREA_C,AREA_B,AREA_C_TO_AREA_B,CA,BU,61_120,very_high,6_8,Y,O,0,0.8929604877229035,37.670285403926805
125.0,223.683958,14.239583333333334,3,2,0,1,0,1,0,0,0,2,1,356.25,11.0,44.71452,3,1,BAGGAGE,UPPER APEX,LANG_09,Round-Trip,microsoft,Direct,Paid Search,Logged-Out,AREA_C,AREA_B,AREA_C_TO_AREA_B,CA,BU,120_plus,very_high,15_30,Y,O,0,0.8409539969637869,37.60285431631719
166.0,266.2407026,36.34027777777778,2,2,0,0,0,0,0,1,0,2,1,886.5833333333334,20.0,67.9660704,2,1,BAGGAGE,UPPER APEX,LANG_09,Round-Trip,apple,Direct,Direct,Logged-In,AREA_C,AREA_B,AREA_C_TO_AREA_B,CA,BU,120_plus,very_high,30_plus,Y,U,0,0.5529821997922891,37.58402712102959
23.0,300.6336209,9.979166666666666,4,4,0,0,0,0,0,1,0,4,1,242.5,21.0,44.0909152,2,0,BAGGAGE,LOWER VERTEX,LANG_02,Round-Trip,apple,Direct,Direct,Logged-In,AREA_B,AREA_D,AREA_B_TO_AREA_D,BU,DA,15_30,very_high,9_14,Y,U,0,0.8521112839817236,37.57036636300129
58.0,233.9618731,,3,2,0,1,0,1,0,1,0,4,1,-482.0,20.0,45.3107136,3,0,BAGGAGE,UPPER APEX,LANG_09,Round-Trip,google,Internal,Internal,Logged-In,AREA_C,AREA_B,AREA_C_TO_AREA_B,CU,BO,31_60,very_high,unknown_or_oneway,Y,U,1,0.8286093164571153,37.54487942428012
47.0,103.926995,4.208333333333333,3,2,1,0,0,0,1,0,0,4,1,105.75,11.0,57.6517498,3,0,BAGGAGE,CENTRAL VERTEX,LANG_02,Round-Trip,google,Paid Search,Paid Search,Logged-Out,AREA_B,AREA_B,AREA_B_TO_AREA_B,BI,BE,31_60,very_high,3_5,Y,U,0,0.6509796971523627,37.53011862510778
48.0,234.9837969,9.184027777777779,3,3,0,0,0,0,0,1,0,4,1,221.33333333333334,19.0,44.406144,2,0,BAGGAGE,UPPER APEX,LANG_09,Round-Trip,google,Direct,Direct,Logged-In,AREA_B,AREA_B,AREA_B_TO_AREA_B,BE,BO,31_60,very_high,9_14,Y,O,0,0.8428029433193106,37.42562886466114
76.0,2482.0259112,15.9375,4,2,0,2,0,1,0,0,0,4,1,385.8333333333333,14.0,48.3156664,1,0,BAGGAGE,LOWER VERTEX,LANG_02,Round-Trip,apple,Paid MetaSearches,Paid MetaSearches,Logged-Out,AREA_B,AREA_B,AREA_B_TO_AREA_B,BO,BU,61_120,very_high,15_30,C,C,0,0.7742376244486975,37.40780677719175
71.0,100.7648561,9.784722222222221,2,2,0,0,0,0,0,0,0,4,1,238.0,15.0,63.6719346,2,0,BAGGAGE,LOWER VERTEX,LANG_02,Round-Trip,apple,MetaSearches,Organic Search,Logged-Out,AREA_B,AREA_B,AREA_B_TO_AREA_B,BU,BE,61_120,high,9_14,Y,O,0,0.5874849202669905,37.406301421726035
245.0,850.4830194,21.42013888888889,6,3,1,2,0,1,1,0,0,4,1,518.9166666666666,19.0,45.8760696,3,0,BAGGAGE,NEW HORIZON,LANG_02,Round-Trip,apple,Direct,Direct,Logged-Out,AREA_C,AREA_D,AREA_C_TO_AREA_D,CE,DA,120_plus,very_high,15_30,Y,V,0,0.8137393933090407,37.33116504370732
44.0,258.6726416,7.447916666666667,9,9,0,0,0,0,0,0,0,2,1,180.33333333333334,22.0,39.06096,1,1,BAGGAGE,UPPER APEX,LANG_09,Round-Trip,google,Paid MetaSearches,MetaSearches,Logged-Out,AREA_C,AREA_B,AREA_C_TO_AREA_B,CA,BA,31_60,very_high,6_8,Y,W,1,0.9554685614449213,37.32151925985762
194.0,842.1380222,12.493055555555555,3,3,0,0,0,0,0,1,0,4,1,301.5,16.0,48.6840044,3,0,BAGGAGE,UPPER MERIDIAN,LANG_01,Round-Trip,google,Paid Search,Paid Search,Logged-In,AREA_D,AREA_B,AREA_D_TO_AREA_B,DA,BU,120_plus,very_high,9_14,Y,Y,0,0.7659915646781917,37.29153670515597
46.0,95.3558554,5.048611111111111,2,2,0,0,0,0,0,0,0,2,1,122.75,14.0,71.4151703,1,1,BAGGAGE,EAST VERTEX,LANG_02,Round-Trip,microsoft,Direct,Organic Search,Logged-Out,AREA_B,AREA_C,AREA_B_TO_AREA_C,BI,CA,31_60,high,6_8,Y,W,0,0.5221668960171171,37.29063780408481
338.0,477.2581164,15.319444444444445,3,3,0,0,0,0,0,1,0,2,1,383.8333333333333,16.0,43.733713,2,1,BAGGAGE,UPPER APEX,LANG_09,Round-Trip,google,Organic Search,Organic Search,Logged-In,AREA_C,AREA_B,AREA_C_TO_AREA_B,CA,BO,120_plus,very_high,15_30,Y,S,0,0.8525324410142018,37.28440909850453
20.0,338.8302715,8.590277777777779,5,2,0,3,0,1,0,0,0,2,1,213.0,16.0,41.3712102,3,1,BAGGAGE,UPPER APEX,LANG_02,Round-Trip,samsung,Paid Search,Paid Search,Logged-Out,AREA_B,AREA_C,AREA_B_TO_AREA_C,BA,CA,15_30,very_high,9_14,Y,U,0,0.8999953128435647,37.233895266665876
167.0,282.81848240000005,10.010416666666666,2,2,0,0,0,0,0,1,0,2,1,246.91666666666666,11.0,49.6828,1,1,BAGGAGE,UPPER APEX,LANG_02,Round-Trip,google,Paid Search,Paid Search,Logged-In,AREA_C,AREA_B,AREA_C_TO_AREA_B,CA,BU,120_plus,very_high,9_14,Y,L,0,0.7492076495495965,37.222733811042694
167.0,360.7039808,9.40625,8,6,0,2,0,1,0,0,0,2,1,227.41666666666666,22.0,40.6233984,4,1,BAGGAGE,UPPER APEX,LANG_09,Round-Trip,microsoft,Paid Search,Paid Search,Logged-Out,AREA_C,AREA_B,AREA_C_TO_AREA_B,CA,BA,120_plus,very_high,9_14,Y,Q,1,0.9162642373949212,37.22176715536607
94.0,336.3234316,23.74652777777778,3,2,0,1,0,1,0,1,0,4,1,574.75,23.0,45.8760696,2,0,BAGGAGE,NEW HORIZON,LANG_02,Round-Trip,apple,Direct,Direct,Logged-In,AREA_C,AREA_D,AREA_C_TO_AREA_D,CE,DA,61_120,very_high,15_30,Y,L,0,0.8112107632715381,37.21516143611421
8.0,340.1978334,,3,3,0,0,0,0,0,0,0,2,1,8.25,2.0,40.4936235,2,0,BAGGAGE,CENTRAL MERIDIAN,LANG_02,One-Way,google,MetaSearches,MetaSearches,Logged-Out,AREA_B,AREA_B,AREA_B_TO_AREA_B,BI,BU,8_14,very_high,unknown_or_oneway,Y,E,1,0.9188851495578237,37.20898928593571
137.0,230.2228141,17.635416666666668,3,3,0,0,0,0,0,0,0,4,1,426.5,17.0,42.9439278,1,0,BAGGAGE,NORTH MERIDIAN,LANG_09,Round-Trip,google,Direct,Email,Logged-Out,AREA_B,AREA_C,AREA_B_TO_AREA_C,BI,CU,120_plus,very_high,15_30,Y,O,0,0.8657206045735123,37.17744313777726
31.0,300.2601433,8.211805555555555,3,2,0,1,0,1,0,0,0,2,1,213.25,11.0,42.1858368,2,1,BAGGAGE,UPPER APEX,LANG_02,Round-Trip,google,Direct,Paid Search,Logged-Out,AREA_C,AREA_B,AREA_C_TO_AREA_B,CA,BO,31_60,very_high,9_14,Y,U,1,0.8810625683285482,37.16836171809698
66.0,425.3228867,12.253472222222221,2,1,1,0,0,0,1,0,0,4,1,296.5,20.0,92.1256168,3,0,BAGGAGE,SOUTH MERIDIAN,LANG_04,Round-Trip,mozilla,Paid Search,Paid Search,Logged-Out,AREA_B,AREA_C,AREA_B_TO_AREA_C,BI,CA,61_120,very_high,9_14,Y,H,0,0.4030737945676368,37.13342194046003
51.0,245.651465,,2,2,0,0,0,0,0,1,0,3,1,392.1666666666667,23.0,56.638392,2,1,BAGGAGE,UPPER APEX,LANG_09,Multi-City,google,Email,Email,Logged-In,AREA_C,AREA_D,AREA_C_TO_AREA_D,CA,DA,31_60,very_high,unknown_or_oneway,Y,O,0,0.6555326731744224,37.12831651206083
0.0,102.2189346,6.121527777777778,1,1,0,0,0,0,0,0,0,4,1,148.25,2.0,115.165587,1,0,BAGGAGE,UPPER HORIZON,LANG_05,Round-Trip,apple,Direct,Direct,Logged-Out,AREA_C,AREA_B,AREA_C_TO_AREA_B,CI,BU,invalid_or_past,very_high,6_8,Y,S,0,0.322172763059097,37.10321537311282
54.0,335.1922913,18.48263888888889,3,2,0,1,0,1,0,0,0,2,1,464.1666666666667,6.0,44.71452,3,1,BAGGAGE,UPPER APEX,LANG_09,Round-Trip,google,Direct,Direct,Logged-Out,AREA_C,AREA_D,AREA_C_TO_AREA_D,CA,DA,31_60,very_high,15_30,Y,U,0,0.8294969587809125,37.090558353348285
21.0,74.8415703,0.24305555555555555,2,2,0,0,0,0,0,0,0,5,1,6.833333333333333,9.0,102.02106,3,0,BAGGAGE,CENTRAL APEX,LANG_02,Round-Trip,google,Direct,Direct,Logged-Out,AREA_C,AREA_B,AREA_C_TO_AREA_B,CU,BE,15_30,high,1_2,Y,V,0,0.36347083666079755,37.08168003522143
163.0,297.9910099,6.739583333333333,3,2,1,0,0,0,1,1,0,2,1,166.08333333333334,11.0,44.71452,2,1,BAGGAGE,LOWER VERTEX,LANG_02,Round-Trip,google,Paid Search,Paid Search,Logged-In,AREA_B,AREA_C,AREA_B_TO_AREA_C,BU,CA,120_plus,very_high,6_8,Y,U,0,0.8291517701344301,37.07512340871138
178.0,375.2147848,9.809027777777779,5,3,0,2,0,1,0,0,0,2,1,238.0,23.0,43.72943,2,1,BAGGAGE,LOWER VERTEX,LANG_02,Round-Trip,google,Paid Search,Paid Search,Logged-Out,AREA_B,AREA_C,AREA_B_TO_AREA_C,BU,CA,120_plus,very_high,9_14,Y,O,0,0.8468701619640193,37.03314946669425
31.0,472.1082372,13.753472222222221,2,2,0,0,0,0,0,1,0,4,1,333.8333333333333,13.0,46.5527836,1,0,BAGGAGE,LOWER VERTEX,LANG_02,Round-Trip,google,MetaSearches,MetaSearches,Logged-In,AREA_B,AREA_C,AREA_B_TO_AREA_C,BU,CU,31_60,very_high,9_14,Y,K,0,0.7953243486100016,37.02456229265236
160.0,520.5382597,24.552083333333332,5,4,0,1,0,1,0,0,0,4,1,590.5,13.0,41.8830287,3,0,BAGGAGE,CENTRAL MERIDIAN,LANG_02,Round-Trip,google,MetaSearches,MetaSearches,Logged-Out,AREA_B,AREA_B,AREA_B_TO_AREA_B,BI,BU,120_plus,very_high,15_30,Y,V,0,0.882547560238078,36.963764794566394
184.0,227.5335184,16.17361111111111,3,2,0,1,0,1,0,1,0,4,1,390.25,18.0,46.2923772,3,0,BAGGAGE,LOWER ZENITH,LANG_02,Round-Trip,google,Organic Search,Organic Search,Logged-In,AREA_C,AREA_B,AREA_C_TO_AREA_B,CE,BO,120_plus,very_high,15_30,Y,L,0,0.7984468688582876,36.96200362734678
42.0,379.0853319,37.47222222222222,3,3,0,0,0,0,0,0,0,2,1,919.9166666666666,16.0,42.1858368,2,1,BAGGAGE,UPPER APEX,LANG_09,Round-Trip,google,Paid Search,Paid Search,Logged-Out,AREA_C,AREA_D,AREA_C_TO_AREA_D,CA,DA,31_60,very_high,30_plus,Y,O,0,0.876164125684003,36.96171681612004
220.0,138.9893462,,2,2,0,0,0,0,0,0,0,3,1,242.66666666666666,12.0,51.4953656,2,0,BAGGAGE,LOWER VERTEX,LANG_02,Multi-City,google,MetaSearches,MetaSearches,Logged-Out,AREA_B,AREA_B,AREA_B_TO_AREA_B,BU,BE,120_plus,very_high,unknown_or_oneway,Y,O,0,0.7167644335218903,36.91004655328664
95.0,365.53905950000006,13.784722222222221,3,2,0,1,0,1,0,1,0,2,1,334.0,18.0,46.98451,2,1,BAGGAGE,LOWER VERTEX,LANG_02,Round-Trip,microsoft,Paid Search,Paid Search,Logged-In,AREA_B,AREA_C,AREA_B_TO_AREA_C,BU,CA,61_120,very_high,9_14,Y,W,0,0.7842854254643017,36.84926641558174
73.0,226.2606108,26.21527777777778,3,2,1,0,0,0,1,1,0,2,1,645.25,14.0,43.870769,2,1,BAGGAGE,LOWER VERTEX,LANG_02,Round-Trip,google,Paid Search,Paid Search,Logged-In,AREA_C,AREA_B,AREA_C_TO_AREA_B,CA,BU,61_120,very_high,15_30,Y,O,1,0.8394824898060983,36.82874238982819
194.0,407.2888869,8.21875,4,4,0,0,0,0,0,0,0,4,1,200.33333333333334,18.0,46.2512604,4,0,BAGGAGE,OLD AURORA,LANG_02,Round-Trip,apple,Direct,Paid Search,Logged-Out,AREA_B,AREA_B,AREA_B_TO_AREA_B,BO,BI,120_plus,very_high,9_14,Y,L,1,0.796228394934211,36.82656683197624
170.0,402.3128975,52.96527777777778,3,2,1,0,0,0,1,0,0,2,1,1274.6666666666667,13.0,44.0909152,2,1,BAGGAGE,LOWER VERTEX,LANG_02,Round-Trip,google,Paid Search,Paid Search,Logged-Out,AREA_B,AREA_C,AREA_B_TO_AREA_C,BU,CA,120_plus,very_high,30_plus,Y,U,0,0.834940241418089,36.81327938143249
126.0,276.1528495,28.78472222222222,2,2,0,0,0,0,0,0,0,2,1,694.0,11.0,66.082407,2,1,BAGGAGE,LOWER VERTEX,LANG_09,Round-Trip,apple,Direct,Email,Logged-Out,AREA_B,AREA_C,AREA_B_TO_AREA_C,BU,CA,120_plus,very_high,15_30,Y,L,0,0.5569172470854034,36.80243218721719
110.0,285.5728797,11.211805555555555,3,2,0,1,0,1,0,1,0,2,1,285.25,15.0,44.71452,3,1,BAGGAGE,UPPER APEX,LANG_09,Round-Trip,mozilla,Direct,Direct,Logged-In,AREA_C,AREA_B,AREA_C_TO_AREA_B,CA,BO,61_120,very_high,9_14,Y,U,0,0.8229311619258619,36.79697189855719
164.0,490.0287375,11.302083333333334,3,3,0,0,0,0,0,0,0,2,1,287.5,13.0,43.746562,2,1,BAGGAGE,CENTRAL MERIDIAN,LANG_02,Round-Trip,google,Paid Search,Paid Search,Logged-Out,AREA_C,AREA_B,AREA_C_TO_AREA_B,CA,BO,120_plus,very_high,9_14,Y,S,0,0.8403530680117092,36.76255759166445
199.0,341.8780543,18.78125,3,3,0,0,0,0,0,0,0,2,1,454.0,8.0,43.5349818,2,0,BAGGAGE,LOWER VERTEX,LANG_02,Round-Trip,google,Paid Search,Paid Search,Logged-Out,AREA_B,AREA_B,AREA_B_TO_AREA_B,BU,BE,120_plus,very_high,15_30,Y,U,0,0.8438267641747456,36.735982820700436
173.0,146.12653740000002,,2,2,0,0,0,0,0,0,0,4,1,218.83333333333334,13.0,46.8268956,1,0,BAGGAGE,LOWER VERTEX,LANG_02,Multi-City,google,Organic Search,Organic Search,Logged-Out,AREA_D,AREA_C,AREA_D_TO_AREA_C,DA,CI,120_plus,very_high,unknown_or_oneway,Y,O,0,0.7842937552496855,36.72604179680897
108.0,505.8064528999999,8.20486111111111,2,2,0,0,0,0,0,0,0,2,1,211.33333333333334,18.0,90.6214272,1,1,BAGGAGE,CENTRAL AURORA,LANG_01,Round-Trip,google,Paid Search,Paid Search,Logged-Out,AREA_C,AREA_B,AREA_C_TO_AREA_B,CA,BU,61_120,very_high,9_14,P,R,0,0.40514079093545935,36.71443669150815
52.0,140.3436308,,3,2,0,1,0,1,0,1,0,1,0,4.0,17.0,43.7097282,1,1,BAGGAGE,OLD HORIZON,LANG_02,One-Way,google,MetaSearches,Paid Search,Logged-In,AREA_B,AREA_C,AREA_B_TO_AREA_C,BO,CA,31_60,very_high,unknown_or_oneway,Y,L,1,0.8397697216451725,36.706106283700144
87.0,195.2247079,6.760416666666667,4,2,1,1,0,1,1,1,0,2,1,166.75,10.0,41.193894,2,0,BAGGAGE,NEW HORIZON,LANG_02,Round-Trip,apple,Direct,Direct,Logged-In,AREA_C,AREA_B,AREA_C_TO_AREA_B,CE,BE,61_120,very_high,6_8,Y,L,0,0.890591513737429,36.68693241419919
251.0,781.5853965,16.74652777777778,6,2,1,3,0,1,1,0,0,4,1,406.75,21.0,45.8760696,3,0,BAGGAGE,NEW HORIZON,LANG_02,Round-Trip,google,Paid Search,Paid Search,Logged-Out,AREA_C,AREA_D,AREA_C_TO_AREA_D,CE,DA,120_plus,very_high,15_30,Y,V,0,0.7988800789655395,36.64947810467658
12.0,80.1443526,4.46875,3,3,0,0,0,0,0,0,0,4,1,108.25,13.0,50.779248,2,0,BAGGAGE,UPPER APEX,LANG_09,Round-Trip,google,Paid Search,Paid Search,Logged-Out,AREA_C,AREA_C,AREA_C_TO_AREA_C,CE,CU,8_14,high,3_5,Y,U,0,0.7217295671319948,36.648884678328216
236.0,892.4641288,14.0,4,2,2,0,0,0,1,0,0,2,1,343.25,21.0,47.19866,4,1,BAGGAGE,UPPER APEX,LANG_09,Round-Trip,microsoft,Direct,Paid Search,Logged-Out,AREA_C,AREA_B,AREA_C_TO_AREA_B,CA,BU,120_plus,very_high,9_14,Y,S,0,0.7761376800425358,36.63265847351643
283.0,254.1429408,18.770833333333332,3,1,0,2,0,1,0,1,0,2,1,454.0,22.0,47.3134444,1,1,BAGGAGE,LOWER VERTEX,LANG_02,Round-Trip,mozilla,Paid Search,Paid Search,Logged-In,AREA_B,AREA_C,AREA_B_TO_AREA_C,BU,CA,120_plus,very_high,15_30,Y,L,0,0.7739269212300595,36.6171483572816
126.0,159.7520453,7.579861111111111,5,5,0,0,0,0,0,0,0,4,1,184.0,20.0,41.7061408,4,0,BAGGAGE,LOWER ZENITH,LANG_02,Round-Trip,google,Paid Search,Paid Search,Logged-Out,AREA_C,AREA_C,AREA_C_TO_AREA_C,CE,CI,120_plus,very_high,6_8,Y,V,0,0.8775400366464423,36.59880832601368
0.0,98.2494502,,1,1,0,0,0,0,0,0,0,2,1,26.0,22.0,55.503397,3,0,BAGGAGE,NORTH MERIDIAN,LANG_02,One-Way,google,Organic Search,Organic Search,Logged-Out,AREA_B,AREA_B,AREA_B_TO_AREA_B,BI,BI,invalid_or_past,high,unknown_or_oneway,Y,T,0,0.6582854597164057,36.537079209967175
59.0,138.3070643,,3,3,0,0,0,0,0,0,0,2,1,76.66666666666667,18.0,49.1311496,3,1,BAGGAGE,LOWER VERTEX,LANG_02,Multi-City,mozilla,Paid Search,Paid Search,Logged-Out,AREA_B,AREA_C,AREA_B_TO_AREA_C,BI,CA,31_60,very_high,unknown_or_oneway,Y,V,0,0.7425530064350037,36.48248284508793
76.0,149.8411833,14.71875,3,1,0,2,0,1,0,0,0,2,1,356.75,10.0,44.0909152,2,1,BAGGAGE,LOWER VERTEX,LANG_02,Round-Trip,apple,Direct,Direct,Logged-Out,AREA_B,AREA_C,AREA_B_TO_AREA_C,BU,CA,61_120,very_high,15_30,Y,O,0,0.8273071017453378,36.47672726741146
209.0,362.0788238,13.770833333333334,3,2,1,0,0,0,1,1,0,2,1,334.0,17.0,43.9572856,2,1,BAGGAGE,LOWER VERTEX,LANG_09,Round-Trip,apple,Direct,Direct,Logged-In,AREA_B,AREA_C,AREA_B_TO_AREA_C,BU,CA,120_plus,very_high,9_14,Y,V,0,0.8298118811925187,36.476277855852814
169.0,1112.0068541,15.822916666666666,5,5,0,0,0,0,0,1,0,4,1,383.0,12.0,46.2324152,3,0,BAGGAGE,GREAT MERIDIAN,LANG_03,Round-Trip,apple,Direct,Direct,Logged-In,AREA_C,AREA_B,AREA_C_TO_AREA_B,CO,BU,120_plus,very_high,15_30,Y,T,0,0.7887564942402561,36.46611773341193
64.0,136.8906762,5.722222222222222,4,4,0,0,0,0,0,0,0,4,1,138.16666666666666,22.0,40.6885,1,0,BAGGAGE,UPPER APEX,LANG_09,Round-Trip,google,Organic Search,Paid Search,Logged-Out,AREA_B,AREA_C,AREA_B_TO_AREA_C,BI,CI,61_120,very_high,6_8,Y,K,0,0.8958373690159355,36.45027878920489
66.0,447.1846036,17.93402777777778,2,2,0,0,0,0,0,1,1,4,1,431.3333333333333,19.0,67.9660704,3,0,BAGGAGE,UPPER APEX,LANG_09,Round-Trip,microsoft,Direct,Paid Search,Logged-In,AREA_B,AREA_B,AREA_B_TO_AREA_B,BE,BU,61_120,very_high,15_30,Y,S,0,0.5356909205673518,36.408806819921445
1.0,78.6620063,,2,2,0,0,0,0,0,0,0,1,0,0.9166666666666666,21.0,51.0465072,1,0,BAGGAGE,UPPER VERTEX,LANG_02,One-Way,google,Paid MetaSearches,Paid MetaSearches,Logged-Out,AREA_B,AREA_C,AREA_B_TO_AREA_C,BE,CI,0_3,high,unknown_or_oneway,Y,K,0,0.7129523714446516,36.39372836220648
108.0,430.0354716,11.958333333333334,3,2,0,1,0,1,0,0,0,2,1,292.9166666666667,17.0,46.0559556,3,1,BAGGAGE,SOUTH HORIZON,LANG_02,Round-Trip,apple,MetaSearches,MetaSearches,Logged-Out,AREA_C,AREA_C,AREA_C_TO_AREA_C,CA,CA,61_120,very_high,9_14,Y,W,1,0.7898606814149985,36.37778847343492
4.0,67.9318064,,2,2,0,0,0,0,0,0,0,2,1,7.916666666666667,19.0,46.6320191,3,0,BAGGAGE,UPPER VERTEX,LANG_02,One-Way,apple,MetaSearches,MetaSearches,Logged-Out,AREA_C,AREA_B,AREA_C_TO_AREA_B,CI,BU,4_7,high,unknown_or_oneway,Y,S,1,0.7799326638046429,36.36983487525199
0.0,58.4055578,,1,1,0,0,0,0,0,0,0,2,1,18.416666666666668,13.0,56.1064434,1,0,BAGGAGE,OLD ZENITH,LANG_02,One-Way,google,Paid Search,Paid Search,Logged-Out,AREA_B,AREA_C,AREA_B_TO_AREA_C,BU,CE,invalid_or_past,high,unknown_or_oneway,Y,T,0,0.6477792482968308,36.34458973026069
2.0,80.95383960000001,,2,2,0,0,0,0,0,0,0,2,1,9.5,14.0,48.3610662,1,0,BAGGAGE,NORTH HORIZON,LANG_04,One-Way,google,Direct,Email,Logged-Out,AREA_B,AREA_C,AREA_B_TO_AREA_C,BE,CE,0_3,high,unknown_or_oneway,Y,S,0,0.7511271877220576,36.32531165004625
8.0,41.1797601,,1,1,0,0,0,0,0,0,0,2,1,3.0,10.0,98.183492,2,0,BAGGAGE,NORTH ZENITH,LANG_06,One-Way,google,Paid Search,Paid Search,Logged-Out,AREA_C,AREA_C,AREA_C_TO_AREA_C,CU,CE,8_14,mid,unknown_or_oneway,Y,T,0,0.3694504729432108,36.273937554615955
130.0,188.1796012,17.461805555555557,2,2,0,0,0,0,0,0,0,4,1,419.9166666666667,23.0,62.497536,2,0,BAGGAGE,UPPER APEX,LANG_09,Round-Trip,apple,Direct,Paid Search,Logged-Out,AREA_B,AREA_B,AREA_B_TO_AREA_B,BE,BU,120_plus,very_high,15_30,Y,O,0,0.5798674538964461,36.24028707512148
125.0,934.8474119,17.819444444444443,4,4,0,0,0,0,0,0,0,4,1,431.0,14.0,48.3156664,4,0,BAGGAGE,LOWER APEX,LANG_02,Round-Trip,google,Paid Search,Paid Search,Logged-Out,AREA_B,AREA_B,AREA_B_TO_AREA_B,BO,BU,120_plus,very_high,15_30,Y,Q,0,0.7496147831437444,36.2181377908815
207.0,126.4431543,96.00347222222223,2,2,0,0,0,0,0,0,0,4,1,2307.75,11.0,42.6047142,1,0,BAGGAGE,LOWER VERTEX,LANG_02,Round-Trip,google,Organic Search,Organic Search,Logged-Out,AREA_D,AREA_C,AREA_D_TO_AREA_C,DA,CE,120_plus,very_high,30_plus,Y,U,1,0.850074776043659,36.2171928819691
100.0,320.4078036,7.229166666666667,4,2,0,2,0,1,0,0,0,2,1,188.08333333333334,9.0,38.2797408,2,1,BAGGAGE,UPPER APEX,LANG_09,Round-Trip,google,Paid Search,Organic Search,Logged-Out,AREA_C,AREA_B,AREA_C_TO_AREA_B,CA,BU,61_120,very_high,6_8,Y,O,0,0.9452441786674405,36.18370215209851
2.0,384.31958620000006,6.690972222222222,7,6,1,0,0,0,1,0,0,4,1,163.25,14.0,38.2077864,3,0,BAGGAGE,NEW MERIDIAN,LANG_10,Round-Trip,apple,Organic Search,Organic Search,Logged-Out,AREA_C,AREA_C,AREA_C_TO_AREA_C,CI,CE,0_3,very_high,6_8,Y,T,1,0.946530205514713,36.164823913454256
185.0,569.5653324,,3,2,1,0,0,0,1,1,0,2,1,422.75,21.0,44.71452,4,1,BAGGAGE,UPPER APEX,LANG_09,Multi-City,google,Direct,Organic Search,Logged-In,AREA_C,AREA_C,AREA_C_TO_AREA_C,CA,CA,120_plus,very_high,unknown_or_oneway,Y,V,0,0.8085389251920773,36.15342994127964
6.0,143.3070385,5.847222222222222,2,2,0,0,0,0,0,1,0,3,1,141.58333333333334,8.0,52.08128,3,0,BAGGAGE,UPPER APEX,LANG_09,Round-Trip,google,Organic Search,Organic Search,Logged-In,AREA_B,AREA_B,AREA_B_TO_AREA_B,BE,BI,4_7,very_high,6_8,Y,S,1,0.6939323189428677,36.140883403912795
45.0,1636.8212609999998,11.996527777777779,2,2,0,0,0,0,0,0,0,2,1,308.5,15.0,98.063568,1,1,BAGGAGE,UPPER APEX,LANG_09,Round-Trip,google,Paid Search,Paid Search,Logged-Out,AREA_C,AREA_D,AREA_C_TO_AREA_D,CA,DA,31_60,very_high,9_14,C,D,0,0.36841853401347335,36.12843596269056
23.0,313.17895619999996,,3,1,2,0,0,0,1,0,0,2,1,-290.0,14.0,42.1858368,2,1,BAGGAGE,UPPER APEX,LANG_09,Round-Trip,apple,Paid Search,Paid Search,Logged-Out,AREA_C,AREA_B,AREA_C_TO_AREA_B,CA,BU,15_30,very_high,unknown_or_oneway,Y,O,0,0.8563774502492822,36.12699935541634
112.0,474.2034808,23.510416666666668,3,2,0,1,0,1,0,0,0,4,1,569.0833333333334,10.0,45.8760696,3,0,BAGGAGE,LOWER VERTEX,LANG_02,Round-Trip,google,Paid Search,Paid Search,Logged-Out,AREA_C,AREA_D,AREA_C_TO_AREA_D,CE,DA,61_120,very_high,15_30,Y,Q,0,0.7868558932499546,36.09785572390509
10.0,271.8908362,13.340277777777779,2,2,0,0,0,0,0,1,0,5,1,321.0833333333333,12.0,47.695488,2,0,BAGGAGE,UPPER APEX,LANG_09,Round-Trip,apple,Direct,Direct,Logged-In,AREA_C,AREA_B,AREA_C_TO_AREA_B,CU,BU,8_14,very_high,9_14,Y,V,0,0.7556112364781442,36.03924666210849
116.0,709.3226205000001,23.177083333333332,5,2,0,2,1,1,0,0,0,4,1,561.0833333333334,22.0,48.3619228,3,0,BAGGAGE,NEW HORIZON,LANG_02,Round-Trip,google,Direct,Paid Search,Logged-Out,AREA_C,AREA_B,AREA_C_TO_AREA_B,CE,BU,61_120,very_high,15_30,Y,Q,0,0.7444161857846718,36.001398107988756
66.0,267.08231209999997,7.71875,3,1,0,2,0,1,0,1,0,2,1,188.75,15.0,44.440408,2,1,BAGGAGE,LOWER VERTEX,LANG_02,Round-Trip,apple,Direct,Organic Search,Logged-In,AREA_B,AREA_C,AREA_B_TO_AREA_C,BU,CA,61_120,very_high,6_8,Y,S,0,0.809357995815124,35.9681995520864
3.0,300.3980559,,6,6,0,0,0,0,0,0,0,2,1,8.333333333333334,12.0,37.6282965,3,0,BAGGAGE,EAST VERTEX,LANG_02,One-Way,microsoft,Paid Search,Paid Search,Logged-Out,AREA_C,AREA_C,AREA_C_TO_AREA_C,CE,CU,0_3,very_high,unknown_or_oneway,Y,K,1,0.9556736251459335,35.96037052422104
181.0,404.9559368,19.854166666666668,4,2,0,2,0,1,0,0,0,4,1,479.6666666666667,21.0,44.2074128,2,0,BAGGAGE,LOWER VERTEX,LANG_02,Round-Trip,microsoft,MetaSearches,MetaSearches,Logged-Out,AREA_B,AREA_C,AREA_B_TO_AREA_C,BU,CO,120_plus,very_high,15_30,Y,L,0,0.8130789990506445,35.94411895004265
175.0,366.5224363,27.770833333333332,3,1,1,1,0,1,1,0,0,4,1,670.0,14.0,44.260522,2,0,BAGGAGE,LOWER VERTEX,LANG_02,Round-Trip,google,Paid Search,Paid Search,Logged-Out,AREA_B,AREA_B,AREA_B_TO_AREA_B,BU,BE,120_plus,very_high,15_30,Y,V,1,0.8113699300856443,35.91165664069412
129.0,172.5903378,8.229166666666666,2,2,0,0,0,0,0,0,0,2,1,212.16666666666666,17.0,56.5591565,2,1,BAGGAGE,UPPER APEX,LANG_09,Round-Trip,google,MetaSearches,Organic Search,Logged-Out,AREA_C,AREA_B,AREA_C_TO_AREA_B,CA,BU,120_plus,very_high,9_14,Y,U,0,0.6348858028984825,35.908605485763424
85.0,172.6717148,5.760416666666667,4,4,0,0,0,0,0,0,0,2,1,142.75,10.0,41.193894,2,0,BAGGAGE,NEW HORIZON,LANG_02,Round-Trip,apple,Direct,Direct,Logged-Out,AREA_C,AREA_B,AREA_C_TO_AREA_B,CE,BE,61_120,very_high,6_8,Y,L,1,0.8715761048125078,35.90361367457934
4.0,89.9751225,,1,1,0,0,0,0,0,0,0,2,1,26.0,17.0,55.503397,3,0,BAGGAGE,NORTH MERIDIAN,LANG_02,One-Way,apple,Email,Email,Logged-Out,AREA_B,AREA_B,AREA_B_TO_AREA_B,BI,BI,4_7,high,unknown_or_oneway,Y,T,0,0.6462656201864748,35.86993728466113
201.0,272.11612199999996,15.777777777777779,3,1,0,2,0,1,0,1,0,2,1,381.9166666666667,7.0,43.5349818,2,0,BAGGAGE,LOWER VERTEX,LANG_09,Round-Trip,apple,Direct,Direct,Logged-In,AREA_B,AREA_B,AREA_B_TO_AREA_B,BU,BE,120_plus,very_high,15_30,Y,U,0,0.8233668142282217,35.84525927214961
10.0,144.482722,7.760416666666667,2,2,0,0,0,0,0,0,0,2,1,190.0,10.0,44.0789228,1,1,BAGGAGE,LOWER VERTEX,LANG_02,Round-Trip,microsoft,Paid Search,Paid Search,Logged-Out,AREA_B,AREA_C,AREA_B_TO_AREA_C,BU,CA,8_14,very_high,6_8,Y,O,0,0.8130356844536664,35.83773716867832
203.0,218.2312707,18.697916666666668,3,3,0,0,0,0,0,0,0,2,1,454.0,19.0,52.6603416,2,1,BAGGAGE,LOWER VERTEX,LANG_09,Round-Trip,microsoft,Organic Social,Organic Social,Logged-Out,AREA_B,AREA_C,AREA_B_TO_AREA_C,BO,CA,120_plus,very_high,15_30,Y,U,0,0.6804085084780435,35.830544484000264
1.0,190.3733538,,2,2,0,0,0,0,0,0,0,2,1,10.583333333333334,21.0,44.0767813,1,0,BAGGAGE,OLD ZENITH,LANG_02,One-Way,google,Paid Search,Paid Search,Logged-Out,AREA_B,AREA_B,AREA_B_TO_AREA_B,BO,BU,0_3,very_high,unknown_or_oneway,Y,K,0,0.8129109214675067,35.830496901904766
14.0,142.7296901,34.78819444444444,2,2,0,0,0,0,0,0,0,2,1,838.0,14.0,46.7600808,2,0,BAGGAGE,LOWER VERTEX,LANG_02,Round-Trip,google,Paid Search,Paid Search,Logged-Out,AREA_B,AREA_B,AREA_B_TO_AREA_B,BU,BE,8_14,very_high,30_plus,Y,U,1,0.7659236441646297,35.81465148776853
14.0,188.87044910000003,67.09722222222223,2,2,0,0,0,0,0,1,0,2,1,1624.75,,56.638392,2,1,BAGGAGE,NORTH MERIDIAN,LANG_02,Round-Trip,opera,Affiliate,Affiliate,Logged-In,AREA_C,AREA_B,AREA_C_TO_AREA_B,CA,BI,8_14,very_high,30_plus,Y,U,0,0.6321103730964776,35.80171509870455
168.0,667.1098008,16.0,3,2,1,0,0,0,1,1,0,2,1,391.25,20.0,45.3107136,3,1,BAGGAGE,UPPER APEX,LANG_09,Round-Trip,other,Paid Search,Organic Search,Logged-In,AREA_C,AREA_B,AREA_C_TO_AREA_B,CA,BU,120_plus,very_high,15_30,Y,V,0,0.7899887274963815,35.79495297881699
4.0,389.4459089,36.010416666666664,2,2,0,0,0,0,0,0,1,4,1,867.0833333333334,22.0,51.5364824,2,0,BAGGAGE,NEW APEX,LANG_02,Round-Trip,apple,Direct,Direct,Logged-Out,AREA_C,AREA_B,AREA_C_TO_AREA_B,CU,BU,4_7,very_high,30_plus,Y,K,0,0.6945127048724352,35.79274179123465
117.0,791.3797609,13.36111111111111,4,2,0,2,0,1,0,1,0,4,1,325.5,19.0,45.8760696,3,0,BAGGAGE,NEW HORIZON,LANG_02,Round-Trip,google,Paid Search,Organic Search,Logged-In,AREA_C,AREA_D,AREA_C_TO_AREA_D,CE,DA,61_120,very_high,9_14,Y,Q,0,0.7798604226336411,35.776931027026336
98.0,564.1293488,18.49652777777778,3,2,0,1,0,1,0,0,0,2,1,451.1666666666667,21.0,45.3107136,3,1,BAGGAGE,UPPER APEX,LANG_02,Round-Trip,google,Direct,Organic Search,Logged-Out,AREA_C,AREA_B,AREA_C_TO_AREA_B,CA,BU,61_120,very_high,15_30,Y,V,0,0.7889568838857661,35.748199408496404
0.0,49.567159,,1,1,0,0,0,0,0,1,0,2,1,15.0,20.0,56.1064434,1,0,BAGGAGE,OLD ZENITH,LANG_02,One-Way,google,Paid Search,Organic Search,Logged-In,AREA_B,AREA_C,AREA_B_TO_AREA_C,BU,CE,invalid_or_past,mid,unknown_or_oneway,Y,T,0,0.6362211888312846,35.69610812104319
10.0,237.6773756,23.239583333333332,2,1,0,1,0,1,0,0,0,2,1,572.25,22.0,47.19866,1,1,BAGGAGE,UPPER APEX,LANG_09,Round-Trip,apple,Direct,Direct,Logged-Out,AREA_C,AREA_B,AREA_C_TO_AREA_B,CA,BU,8_14,very_high,15_30,Y,L,0,0.7562948017610899,35.69610120808908
112.0,518.0733932,14.979166666666666,4,3,1,0,0,0,1,0,0,3,1,362.6666666666667,21.0,47.1695356,2,0,BAGGAGE,LOWER VERTEX,LANG_02,Round-Trip,apple,Direct,Paid Search,Logged-Out,AREA_B,AREA_B,AREA_B_TO_AREA_B,BU,BE,61_120,very_high,15_30,Y,L,0,0.7562131682787376,35.67022396231271
0.0,98.8053836,,1,1,0,0,0,0,0,0,0,2,1,19.333333333333332,17.0,53.3481914,1,0,BAGGAGE,LOWER VERTEX,LANG_02,One-Way,apple,Paid Search,Paid Search,Logged-Out,AREA_B,AREA_B,AREA_B_TO_AREA_B,BU,BU,invalid_or_past,high,unknown_or_oneway,Y,Q,0,0.6685758392238518,35.667311836329674
217.0,360.3514899000001,9.42361111111111,3,3,0,0,0,0,0,1,0,2,1,240.83333333333334,13.0,44.71452,3,1,BAGGAGE,UPPER APEX,LANG_09,Round-Trip,apple,Direct,Direct,Logged-In,AREA_C,AREA_B,AREA_C_TO_AREA_B,CA,BU,120_plus,very_high,9_14,Y,O,0,0.7975934327498523,35.66400750056192
188.0,352.5264489,15.215277777777779,3,3,0,0,0,0,0,0,0,2,1,379.6666666666667,18.0,45.3107136,3,1,BAGGAGE,UPPER APEX,LANG_09,Round-Trip,microsoft,Paid Search,Paid Search,Logged-Out,AREA_C,AREA_B,AREA_C_TO_AREA_B,CA,BI,120_plus,very_high,15_30,Y,O,0,0.7866430179751452,35.64335649291146
23.0,147.78876970000002,8.760416666666666,3,3,0,0,0,0,0,0,0,2,1,214.0,8.0,41.2178788,2,1,BAGGAGE,LOWER VERTEX,LANG_02,Round-Trip,apple,Direct,Paid Search,Logged-Out,AREA_B,AREA_C,AREA_B_TO_AREA_C,BU,CA,15_30,very_high,9_14,Y,O,1,0.8635585363651932,35.59405108860593
170.0,266.453996,22.37152777777778,3,3,0,0,0,0,0,0,0,4,1,538.1666666666666,22.0,41.8830287,2,0,BAGGAGE,CENTRAL MERIDIAN,LANG_02,Round-Trip,apple,MetaSearches,MetaSearches,Logged-Out,AREA_B,AREA_B,AREA_B_TO_AREA_B,BI,BU,120_plus,very_high,15_30,Y,V,0,0.8494192205690746,35.576249593426176
152.0,308.23123460000005,12.979166666666666,2,2,0,0,0,0,0,1,0,3,1,314.6666666666667,12.0,56.3321575,2,0,BAGGAGE,LOWER VERTEX,LANG_09,Round-Trip,google,Paid Search,Paid Search,Logged-In,AREA_B,AREA_B,AREA_B_TO_AREA_B,BU,BE,120_plus,very_high,9_14,Y,U,0,0.6309911465130785,35.54509264648031
76.0,142.99009650000002,,2,2,0,0,0,0,0,0,0,2,1,6.416666666666667,22.0,54.9543164,1,0,BAGGAGE,CENTRAL VERTEX,LANG_02,One-Way,google,MetaSearches,MetaSearches,Logged-Out,AREA_B,AREA_B,AREA_B_TO_AREA_B,BI,BI,61_120,very_high,unknown_or_oneway,Y,S,0,0.6467449875017722,35.54142867328644
158.0,847.9423438,10.770833333333334,4,3,0,0,1,1,0,0,0,2,1,262.0,8.0,57.6997194,1,1,BAGGAGE,LOWER VERTEX,LANG_02,Round-Trip,apple,Direct,Direct,Logged-Out,AREA_B,AREA_C,AREA_B_TO_AREA_C,BU,CA,120_plus,very_high,9_14,P,R,0,0.6156144577421474,35.52078147030506
44.0,372.8317236,7.229166666666667,4,3,1,0,0,0,1,1,0,2,1,188.08333333333334,19.0,38.2797408,2,1,BAGGAGE,UPPER APEX,LANG_09,Round-Trip,mozilla,Direct,Organic Search,Logged-In,AREA_C,AREA_B,AREA_C_TO_AREA_B,CA,BU,31_60,very_high,6_8,Y,L,1,0.9278097005501378,35.516314848784894
2.0,252.6820095,6.763888888888889,2,2,0,0,0,0,0,0,0,2,1,166.0,16.0,47.704054,1,1,BAGGAGE,NORTH MERIDIAN,LANG_02,Round-Trip,microsoft,Paid Search,Paid Search,Logged-Out,AREA_B,AREA_C,AREA_B_TO_AREA_C,BI,CA,0_3,very_high,6_8,Y,O,0,0.7439814614343869,35.49093181126491
82.0,163.9540966,14.67013888888889,2,2,0,0,0,0,0,1,0,2,1,356.1666666666667,11.0,55.50768,1,1,BAGGAGE,UPPER APEX,LANG_09,Round-Trip,apple,Direct,Direct,Logged-In,AREA_C,AREA_C,AREA_C_TO_AREA_C,CA,CE,61_120,very_high,15_30,Y,L,0,0.6393698419416062,35.489936588145255
152.0,412.5668278,23.77777777777778,4,2,0,1,1,1,0,0,0,4,1,574.0,14.0,43.2445944,4,0,BAGGAGE,NORTH MERIDIAN,LANG_02,Round-Trip,microsoft,MetaSearches,MetaSearches,Logged-Out,AREA_B,AREA_C,AREA_B_TO_AREA_C,BI,CO,120_plus,very_high,15_30,Y,O,0,0.820385019942407,35.4772174392453
1.0,32.6775768,,1,1,0,0,0,0,0,0,0,2,1,5.166666666666667,14.0,80.2240164,3,0,BAGGAGE,CENTRAL MERIDIAN,LANG_02,One-Way,microsoft,Direct,Email,Logged-Out,AREA_B,AREA_C,AREA_B_TO_AREA_C,BE,CU,0_3,low,unknown_or_oneway,Y,S,0,0.44168789848529955,35.433977211766205
30.0,546.3172084,12.211805555555555,4,2,1,1,0,1,1,1,0,2,1,309.25,21.0,38.0947152,2,1,BAGGAGE,UPPER APEX,LANG_09,Round-Trip,apple,Direct,Direct,Logged-In,AREA_C,AREA_B,AREA_C_TO_AREA_B,CA,BO,15_30,very_high,9_14,Y,Q,1,0.9295370360438651,35.41044865594318
159.0,326.97963880000003,6.78125,2,2,0,0,0,0,0,0,0,2,1,166.0,11.0,58.4783688,2,0,BAGGAGE,LOWER VERTEX,LANG_02,Round-Trip,google,Organic Search,Paid Search,Logged-Out,AREA_B,AREA_B,AREA_B_TO_AREA_B,BU,BE,120_plus,very_high,6_8,Y,S,0,0.6052932503492972,35.39656192607693
104.0,254.20461600000004,9.784722222222221,2,2,0,0,0,0,0,0,0,2,1,238.0,14.0,58.0183746,2,1,BAGGAGE,LOWER VERTEX,LANG_02,Round-Trip,mozilla,Direct,Referrals,Logged-Out,AREA_B,AREA_C,AREA_B_TO_AREA_C,BU,CA,61_120,very_high,9_14,Y,L,0,0.6094399934017177,35.35871783340239
70.0,147.1960025,,2,2,0,0,0,0,0,0,0,2,1,286.0,14.0,51.4953656,2,0,BAGGAGE,LOWER VERTEX,LANG_02,Multi-City,google,Paid Search,Paid Search,Logged-Out,AREA_B,AREA_B,AREA_B_TO_AREA_B,BU,BE,61_120,very_high,unknown_or_oneway,Y,L,0,0.6864471835418989,35.348848681580385
6.0,123.7671359,,1,1,0,0,0,0,0,0,0,2,1,17.75,21.0,70.2788904,1,0,BAGGAGE,UPPER APEX,LANG_09,One-Way,mozilla,Paid Search,Paid Search,Logged-Out,AREA_B,AREA_B,AREA_B_TO_AREA_B,BU,BE,4_7,very_high,unknown_or_oneway,Y,K,0,0.5029665399201315,35.34793033391414
4.0,140.50467160000002,,1,1,0,0,0,0,0,1,0,1,0,14.416666666666666,9.0,61.7368752,1,1,BAGGAGE,NORTH MERIDIAN,LANG_02,One-Way,apple,Direct,Direct,Logged-In,AREA_B,AREA_C,AREA_B_TO_AREA_C,BI,CA,4_7,very_high,unknown_or_oneway,Y,T,0,0.5723382169172585,35.33437307001132
7.0,192.6484834,4.975694444444445,3,2,0,1,0,1,0,0,0,2,1,121.75,14.0,46.5189479,5,1,BAGGAGE,UPPER APEX,LANG_02,Round-Trip,google,Direct,Direct,Logged-Out,AREA_C,AREA_C,AREA_C_TO_AREA_C,CA,CE,4_7,very_high,3_5,Y,W,0,0.7594650564724672,35.32951539391326
48.0,347.6952249,7.239583333333333,3,3,0,0,0,0,0,0,0,2,1,188.25,15.0,44.71452,3,1,BAGGAGE,UPPER APEX,LANG_09,Round-Trip,apple,Direct,Direct,Logged-Out,AREA_C,AREA_B,AREA_C_TO_AREA_B,CA,BU,31_60,very_high,6_8,Y,L,0,0.7900987368855054,35.328885772441666
102.0,162.99556120000003,8.052083333333334,2,2,0,0,0,0,0,1,0,5,1,194.25,23.0,56.330016,1,0,BAGGAGE,UPPER APEX,LANG_02,Round-Trip,google,Direct,Direct,Logged-In,AREA_B,AREA_C,AREA_B_TO_AREA_C,BE,CE,61_120,very_high,9_14,Y,U,0,0.6264514873768017,35.28802230715904
212.0,214.7166409,19.78125,4,2,0,1,1,1,0,0,0,2,1,478.0,21.0,44.0789228,2,0,BAGGAGE,LOWER VERTEX,LANG_02,Round-Trip,apple,Paid Search,Paid Search,Logged-Out,AREA_B,AREA_B,AREA_B_TO_AREA_B,BU,BE,120_plus,very_high,15_30,Y,O,0,0.8005299216280277,35.286496614531885
131.0,118.2232207,14.729166666666666,2,2,0,0,0,0,0,0,0,2,1,357.5,13.0,58.4783688,2,0,BAGGAGE,LOWER VERTEX,LANG_02,Round-Trip,google,MetaSearches,Email,Logged-Out,AREA_B,AREA_B,AREA_B_TO_AREA_B,BU,BE,120_plus,very_high,15_30,Y,L,0,0.6031577535904983,35.27168155904468
74.0,109.7968465,4.760416666666667,3,3,0,0,0,0,0,0,0,2,1,118.75,17.0,53.7319482,2,0,BAGGAGE,NEW HORIZON,LANG_02,Round-Trip,google,Paid Search,Paid Search,Logged-Out,AREA_C,AREA_B,AREA_C_TO_AREA_B,CE,BE,61_120,very_high,3_5,Y,W,0,0.6561391364837073,35.255634093535285
59.0,190.6341885,7.211805555555555,7,5,0,2,0,1,0,0,0,4,1,174.0,21.0,37.00512,2,0,BAGGAGE,UPPER APEX,LANG_09,Round-Trip,apple,Direct,Direct,Logged-Out,AREA_C,AREA_B,AREA_C_TO_AREA_B,CE,BU,31_60,very_high,6_8,Y,U,1,0.9526241809785276,35.25197213201213
1.0,118.5230307,,1,1,0,0,0,0,0,0,0,2,1,7.583333333333333,22.0,58.8629822,2,0,BAGGAGE,NORTH MERIDIAN,LANG_02,One-Way,google,MetaSearches,Organic Search,Logged-Out,AREA_C,AREA_B,AREA_C_TO_AREA_B,CI,BI,0_3,very_high,unknown_or_oneway,Y,K,0,0.5986516420753142,35.23842095147999
95.0,226.98957740000003,23.06597222222222,2,2,0,0,0,0,0,1,0,2,1,558.5833333333334,20.0,48.2300064,1,1,BAGGAGE,UPPER APEX,LANG_09,Round-Trip,google,Paid Search,Affiliate,Logged-In,AREA_C,AREA_C,AREA_C_TO_AREA_C,CA,CA,61_120,very_high,15_30,Y,W,0,0.7284682540066021,35.13402855293524
16.0,163.6487187,,5,2,1,2,0,1,1,1,0,1,0,2.1666666666666665,21.0,37.7353715,2,1,BAGGAGE,UPPER VERTEX,LANG_02,One-Way,google,MetaSearches,MetaSearches,Logged-In,AREA_B,AREA_C,AREA_B_TO_AREA_C,BI,CA,15_30,very_high,unknown_or_oneway,Y,V,0,0.9308278316809067,35.12513403101848
140.0,342.1663002,12.82986111111111,3,3,0,0,0,0,0,1,1,2,1,313.8333333333333,18.0,45.3107136,3,1,BAGGAGE,UPPER APEX,LANG_09,Round-Trip,apple,Direct,Direct,Logged-In,AREA_C,AREA_C,AREA_C_TO_AREA_C,CA,CA,120_plus,very_high,9_14,Y,O,0,0.7750161377647904,35.11653425363856
70.0,565.1636933,,4,2,0,2,0,1,0,1,0,2,1,-290.8333333333333,22.0,44.71452,2,1,BAGGAGE,LOWER VERTEX,LANG_02,Round-Trip,google,Internal,Internal,Logged-In,AREA_B,AREA_C,AREA_B_TO_AREA_C,BU,CA,61_120,very_high,unknown_or_oneway,Y,L,0,0.784975923366667,35.0998216248973
57.0,217.0701494,7.583333333333333,2,1,1,0,0,0,1,1,0,3,1,183.66666666666666,20.0,59.61936,1,1,BAGGAGE,UPPER APEX,LANG_09,Round-Trip,google,Internal,Paid Search,Logged-In,AREA_C,AREA_B,AREA_C_TO_AREA_B,CA,BU,31_60,very_high,6_8,Y,O,0,0.5887149349130285,35.09880764195641
18.0,272.67633839999996,,2,2,0,0,0,0,0,1,0,1,0,14.416666666666666,19.0,49.4630821,1,1,BAGGAGE,UPPER VERTEX,LANG_11,One-Way,google,Paid Search,Paid Search,Logged-In,AREA_B,AREA_C,AREA_B_TO_AREA_C,BI,CA,15_30,very_high,unknown_or_oneway,Y,T,0,0.7093434565698586,35.0863136294127
69.0,422.1059254,7.666666666666667,3,2,0,1,0,1,0,0,0,2,1,187.5,19.0,48.8827356,2,1,BAGGAGE,LOWER VERTEX,LANG_02,Round-Trip,google,Paid Search,Paid Search,Logged-Out,AREA_B,AREA_C,AREA_B_TO_AREA_C,BU,CA,61_120,very_high,6_8,Y,Q,0,0.7177106378253764,35.08365934612523
192.0,322.93605850000006,,3,1,2,0,0,0,1,0,0,3,1,670.0,9.0,43.5632496,2,0,BAGGAGE,LOWER VERTEX,LANG_02,Multi-City,apple,Direct,Direct,Logged-Out,AREA_B,AREA_C,AREA_B_TO_AREA_C,BU,CU,120_plus,very_high,unknown_or_oneway,Y,L,0,0.8047044607005793,35.05554127573273
164.0,275.2268649,18.524305555555557,3,3,0,0,0,0,0,0,0,2,1,464.1666666666667,19.0,37.2621,1,1,BAGGAGE,UPPER APEX,LANG_09,Round-Trip,google,Direct,Direct,Logged-Out,AREA_C,AREA_D,AREA_C_TO_AREA_D,CA,DA,120_plus,very_high,15_30,Y,O,0,0.9384940116450249,34.97025771131808
19.0,171.9615934,,1,1,0,0,0,0,0,0,0,1,0,6.75,12.0,78.63588,1,1,BAGGAGE,NEW MERIDIAN,LANG_10,One-Way,google,Paid Search,Paid Search,Logged-Out,AREA_B,AREA_C,AREA_B_TO_AREA_C,BU,CA,15_30,very_high,unknown_or_oneway,Y,K,0,0.44462464973834664,34.96345060186666
18.0,272.6703422,,2,2,0,0,0,0,0,1,0,1,0,14.416666666666666,21.0,49.4630821,1,1,BAGGAGE,UPPER VERTEX,LANG_10,One-Way,apple,Direct,Direct,Logged-In,AREA_B,AREA_C,AREA_B_TO_AREA_C,BI,CA,15_30,very_high,unknown_or_oneway,Y,T,0,0.706846374704706,34.962800264106235
88.0,431.3520658,62.645833333333336,4,2,0,1,1,1,0,1,0,2,1,1506.6666666666667,22.0,47.5361604,2,1,BAGGAGE,NORTH MERIDIAN,LANG_02,Round-Trip,google,Organic Search,Organic Search,Logged-In,AREA_B,AREA_C,AREA_B_TO_AREA_C,BI,CA,61_120,very_high,30_plus,Y,O,0,0.7343614763708634,34.90872493234617
26.0,150.9967367,5.378472222222222,9,3,6,0,0,0,1,0,0,4,1,131.83333333333334,23.0,38.3448424,1,0,BAGGAGE,NEW MERIDIAN,LANG_02,Round-Trip,apple,Direct,Direct,Logged-Out,AREA_C,AREA_D,AREA_C_TO_AREA_D,CI,DA,15_30,very_high,6_8,Y,U,1,0.9096554058211727,34.880593174520904
3.0,83.00454,,1,1,0,0,0,0,0,1,0,1,0,10.083333333333334,16.0,75.243744,1,1,BAGGAGE,UPPER APEX,LANG_09,One-Way,samsung,Direct,Direct,Logged-In,AREA_C,AREA_C,AREA_C_TO_AREA_C,CA,CE,0_3,high,unknown_or_oneway,Y,Q,0,0.4633422870249343,34.86360842927868
116.0,37.030818,14.680555555555555,5,3,1,1,0,1,1,0,0,2,1,353.4166666666667,15.0,40.47435,2,1,BAGGAGE,UPPER APEX,LANG_09,Round-Trip,apple,Direct,Paid Search,Logged-Out,AREA_C,AREA_C,AREA_C_TO_AREA_C,CE,CA,61_120,mid,15_30,Y,O,1,0.8592779934888957,34.77871825576729
201.0,156.2057213,63.72569444444444,2,2,0,0,0,0,0,0,0,2,1,1533.4166666666667,14.0,48.0115734,2,0,BAGGAGE,LOWER VERTEX,LANG_02,Round-Trip,google,Paid Search,Paid Search,Logged-Out,AREA_B,AREA_C,AREA_B_TO_AREA_C,BU,CU,120_plus,very_high,30_plus,Y,L,0,0.7243093510822237,34.775231573790556
116.0,224.2895742,7.302083333333333,2,2,0,0,0,0,0,0,0,2,1,191.5,16.0,57.8513376,2,1,BAGGAGE,UPPER APEX,LANG_09,Round-Trip,google,MetaSearches,MetaSearches,Logged-Out,AREA_C,AREA_B,AREA_C_TO_AREA_B,CA,BO,61_120,very_high,6_8,Y,U,0,0.6004020413682941,34.73406119092635
152.0,326.0497995,15.333333333333334,3,3,0,0,0,0,0,0,0,4,1,369.4166666666667,10.0,48.3173796,3,0,BAGGAGE,CENTRAL AURORA,LANG_01,Round-Trip,apple,Direct,Direct,Logged-Out,AREA_B,AREA_B,AREA_B_TO_AREA_B,BO,BO,120_plus,very_high,15_30,Y,L,0,0.7185569135112004,34.71878715432504
0.0,145.0776307,6.763888888888889,1,1,0,0,0,0,0,0,0,5,1,166.0,16.0,87.5171088,3,0,BAGGAGE,LOWER VERTEX,LANG_02,Round-Trip,google,Paid Search,Organic Search,Logged-Out,AREA_D,AREA_C,AREA_D_TO_AREA_C,DA,CU,invalid_or_past,very_high,6_8,Y,Q,0,0.3965302830717478,34.703183926084954
47.0,309.7114394,84.76736111111111,5,1,0,4,0,1,0,0,0,2,1,2037.75,21.0,46.3446298,2,1,BAGGAGE,LOWER VERTEX,LANG_02,Round-Trip,mozilla,Direct,Direct,Logged-Out,AREA_D,AREA_C,AREA_D_TO_AREA_C,DA,CA,31_60,very_high,30_plus,Y,O,0,0.7484780937743882,34.68794016938371
15.0,273.71196779999997,8.319444444444445,2,2,0,0,0,0,0,0,0,2,1,215.83333333333334,21.0,44.71452,1,1,BAGGAGE,UPPER APEX,LANG_09,Round-Trip,microsoft,Direct,Direct,Logged-Out,AREA_C,AREA_B,AREA_C_TO_AREA_B,CA,BO,15_30,very_high,9_14,Y,S,0,0.7755716511741672,34.67931410786032
74.0,113.43996629999998,5.416666666666667,4,4,0,0,0,0,0,0,0,4,1,131.83333333333334,9.0,40.43152,3,0,BAGGAGE,SOUTH HORIZON,LANG_02,Round-Trip,google,Direct,Organic Search,Logged-Out,AREA_C,AREA_B,AREA_C_TO_AREA_B,CU,BI,61_120,very_high,6_8,Y,O,1,0.8571207639345284,34.65469530943416
28.0,155.30500640000002,,2,2,0,0,0,0,0,0,0,1,0,5.0,17.0,52.42392,1,1,BAGGAGE,EAST ZENITH,LANG_02,One-Way,microsoft,Organic Search,Organic Search,Logged-Out,AREA_C,AREA_C,AREA_C_TO_AREA_C,CA,CA,15_30,very_high,unknown_or_oneway,Y,W,0,0.6610114613506839,34.652811968931346
14.0,513.2957067,15.76388888888889,4,2,2,0,0,0,1,0,0,4,1,382.0,16.0,41.7275558,3,0,BAGGAGE,NORTH MERIDIAN,LANG_02,Round-Trip,apple,Direct,Direct,Logged-Out,AREA_B,AREA_C,AREA_B_TO_AREA_C,BI,CE,8_14,very_high,15_30,Y,W,0,0.8283971674382087,34.56698902883979
208.0,235.2472014,14.784722222222221,4,3,1,0,0,0,1,0,0,4,1,358.0,23.0,44.0789228,2,0,BAGGAGE,LOWER VERTEX,LANG_02,Round-Trip,google,Paid Search,Paid Search,Logged-Out,AREA_B,AREA_B,AREA_B_TO_AREA_B,BU,BE,120_plus,very_high,15_30,Y,O,1,0.7839902929865404,34.557447600503096
72.0,259.35620839999996,14.319444444444445,2,2,0,0,0,0,0,0,0,2,1,359.8333333333333,18.0,43.866486,1,1,BAGGAGE,UPPER APEX,LANG_09,Round-Trip,mozilla,Paid Search,Paid Search,Logged-Out,AREA_C,AREA_B,AREA_C_TO_AREA_B,CA,BO,61_120,very_high,15_30,Y,S,0,0.7877835889892815,34.55729777742807
315.0,178.90904770000003,9.76388888888889,3,2,0,1,0,1,0,0,0,2,1,238.0,22.0,46.3446298,2,1,BAGGAGE,LOWER VERTEX,LANG_02,Round-Trip,google,Paid Search,Paid Search,Logged-Out,AREA_D,AREA_C,AREA_D_TO_AREA_C,DA,CA,120_plus,very_high,9_14,Y,O,0,0.7454487953587159,34.547548455755646
6.0,70.09386479999999,9.729166666666666,3,2,1,0,0,0,1,1,0,2,1,234.66666666666666,21.0,40.47435,1,1,BAGGAGE,UPPER APEX,LANG_09,Round-Trip,apple,Direct,Direct,Logged-In,AREA_C,AREA_C,AREA_C_TO_AREA_C,CE,CA,4_7,high,9_14,Y,V,0,0.8529795741118025,34.52379382545203
0.0,83.9489415,11.121527777777779,1,1,0,0,0,0,0,1,0,4,1,268.25,2.0,115.165587,2,0,BAGGAGE,UPPER HORIZON,LANG_05,Round-Trip,apple,Direct,Direct,Logged-In,AREA_C,AREA_B,AREA_C_TO_AREA_B,CI,BU,invalid_or_past,high,9_14,Y,S,0,0.2997670523207696,34.522848543781144
97.0,894.3392262,21.78125,4,3,1,0,0,0,1,0,0,4,1,526.9166666666666,18.0,44.7033842,4,0,BAGGAGE,GREAT MERIDIAN,LANG_02,Round-Trip,google,MetaSearches,MetaSearches,Logged-Out,AREA_C,AREA_B,AREA_C_TO_AREA_B,CI,BU,61_120,very_high,15_30,Y,H,0,0.7715220576174278,34.489646960446414
221.0,396.815667,20.770833333333332,4,2,1,1,0,1,1,1,0,2,1,502.0,22.0,43.9572856,2,1,BAGGAGE,LOWER VERTEX,LANG_02,Round-Trip,apple,Direct,Direct,Logged-In,AREA_B,AREA_C,AREA_B_TO_AREA_C,BU,CA,120_plus,very_high,15_30,Y,W,0,0.7842392751617522,34.47302979702213
111.0,150.307602,14.246527777777779,2,2,0,0,0,0,0,0,0,2,1,356.0833333333333,23.0,48.3242324,1,1,BAGGAGE,UPPER APEX,LANG_09,Round-Trip,google,Direct,Paid Search,Logged-Out,AREA_C,AREA_B,AREA_C_TO_AREA_B,CA,BU,61_120,very_high,15_30,Y,O,0,0.7130142187728034,34.455864812481394
157.0,402.5733039,13.479166666666666,3,3,0,0,0,0,0,0,0,2,1,338.0833333333333,23.0,45.3107136,3,1,BAGGAGE,UPPER APEX,LANG_02,Round-Trip,mozilla,Paid Search,MetaSearches,Logged-Out,AREA_C,AREA_B,AREA_C_TO_AREA_B,CA,BI,120_plus,very_high,9_14,Y,O,0,0.7595455517197722,34.415550960128584
6.0,205.2405034,,4,4,0,0,0,0,0,0,0,2,1,8.75,19.0,36.2765817,3,0,BAGGAGE,NEW MERIDIAN,LANG_10,One-Way,google,Paid Search,Paid Search,Logged-Out,AREA_C,AREA_C,AREA_C_TO_AREA_C,CI,CU,4_7,very_high,unknown_or_oneway,Y,Q,1,0.9478263531400278,34.38390013709727
133.0,342.3791653,23.694444444444443,2,2,0,0,0,0,0,0,0,4,1,571.1666666666666,19.0,48.2505648,1,0,BAGGAGE,NEW APEX,LANG_02,Round-Trip,google,Paid Search,Paid Search,Logged-Out,AREA_B,AREA_B,AREA_B_TO_AREA_B,BE,BU,120_plus,very_high,15_30,Y,Q,1,0.7118598674845631,34.347640664583324
247.0,577.215627,13.496527777777779,3,3,0,0,0,0,0,0,0,2,1,331.1666666666667,21.0,44.7033842,3,1,BAGGAGE,UPPER APEX,LANG_09,Round-Trip,mozilla,Paid Search,Paid Search,Logged-Out,AREA_C,AREA_B,AREA_C_TO_AREA_B,CA,BU,120_plus,very_high,9_14,Y,S,0,0.7679885766300938,34.33168840230623
20.0,190.81021979999997,,2,2,0,0,0,0,0,0,0,4,1,190.0,15.0,46.2923772,2,0,BAGGAGE,LOWER VERTEX,LANG_02,Multi-City,apple,Paid Search,Organic Search,Logged-Out,AREA_B,AREA_B,AREA_B_TO_AREA_B,BU,BE,15_30,very_high,unknown_or_oneway,Y,U,0,0.7414210721737499,34.32214393709565
72.0,543.0231531,13.722222222222221,4,3,0,1,0,1,0,0,0,4,1,332.6666666666667,14.0,42.9225128,4,0,BAGGAGE,NORTH MERIDIAN,LANG_02,Round-Trip,google,Paid Search,Paid Search,Logged-Out,AREA_B,AREA_C,AREA_B_TO_AREA_C,BI,CE,61_120,very_high,9_14,Y,T,1,0.798981591552758,34.29429759038763
122.0,219.06003120000003,6.010416666666667,2,2,0,0,0,0,0,0,0,2,1,150.91666666666666,23.0,49.6828,1,1,BAGGAGE,UPPER APEX,LANG_09,Round-Trip,apple,Organic Search,MetaSearches,Logged-Out,AREA_C,AREA_B,AREA_C_TO_AREA_B,CA,BU,120_plus,very_high,6_8,Y,W,0,0.6900754394880041,34.28488004499461
141.0,831.2613437,16.80902777777778,6,2,0,3,1,1,0,1,0,2,1,406.0,23.0,43.72943,2,1,BAGGAGE,LOWER VERTEX,LANG_02,Round-Trip,google,Direct,Direct,Logged-In,AREA_B,AREA_C,AREA_B_TO_AREA_C,BU,CA,120_plus,very_high,15_30,Y,L,1,0.7837058830403096,34.27101155299941
3.0,49.1058799,,1,1,0,0,0,0,0,1,0,3,1,30.916666666666668,13.0,56.1064434,1,0,BAGGAGE,GREAT APEX,LANG_10,One-Way,google,Organic Search,Organic Search,Logged-In,AREA_B,AREA_C,AREA_B_TO_AREA_C,BU,CE,0_3,mid,unknown_or_oneway,Y,T,0,0.6104874035814029,34.25227695545294
17.0,198.367145,7.173611111111111,2,2,0,0,0,0,0,0,0,4,1,173.25,23.0,45.3107136,1,0,BAGGAGE,UPPER APEX,LANG_09,Round-Trip,google,Paid Search,Organic Search,Logged-Out,AREA_B,AREA_B,AREA_B_TO_AREA_B,BE,BU,15_30,very_high,6_8,Y,L,0,0.755500085831345,34.23224801387949
132.0,1388.2676352,14.0,4,2,2,0,0,0,1,0,0,2,1,343.25,11.0,44.71452,4,1,BAGGAGE,UPPER APEX,LANG_09,Round-Trip,apple,Organic Search,Organic Search,Logged-Out,AREA_C,AREA_B,AREA_C_TO_AREA_B,CA,BU,120_plus,very_high,9_14,Y,E,0,0.7647957008911908,34.197472663413166
82.0,338.5116163,10.618055555555555,4,2,0,2,0,1,0,1,0,4,1,261.4166666666667,22.0,36.4423338,1,0,BAGGAGE,WEST AURORA,LANG_02,Round-Trip,google,MetaSearches,MetaSearches,Logged-In,AREA_C,AREA_B,AREA_C_TO_AREA_B,CU,BU,61_120,very_high,9_14,Y,S,1,0.9383885657342975,34.197069346592514
2.0,45.2087782,,1,1,0,0,0,0,0,0,0,2,1,19.333333333333332,14.0,53.3481914,2,0,BAGGAGE,LOWER VERTEX,LANG_02,One-Way,google,MetaSearches,MetaSearches,Logged-Out,AREA_B,AREA_B,AREA_B_TO_AREA_B,BU,BU,0_3,mid,unknown_or_oneway,Y,W,0,0.6405688220283555,34.173188122441246
139.0,484.784204,18.302083333333332,4,2,0,2,0,1,0,1,0,2,1,455.5,20.0,38.2934464,3,1,BAGGAGE,UPPER APEX,LANG_09,Round-Trip,opera,MetaSearches,MetaSearches,Logged-In,AREA_C,AREA_B,AREA_C_TO_AREA_B,CA,BO,120_plus,very_high,15_30,Y,O,0,0.8923437212803269,34.170916461224735
232.0,409.36914,28.84722222222222,4,2,0,2,0,1,0,0,0,4,1,693.25,18.0,37.4985216,2,0,BAGGAGE,UPPER APEX,LANG_09,Round-Trip,google,Direct,Direct,Logged-Out,AREA_C,AREA_C,AREA_C_TO_AREA_C,CE,CO,120_plus,very_high,15_30,Y,T,0,0.9108221650045066,34.154484628180256
51.0,228.7199094,,3,1,0,1,1,1,0,1,0,1,0,16.166666666666668,16.0,41.8911664,1,1,BAGGAGE,LOWER VERTEX,LANG_02,One-Way,apple,Organic Search,Organic Search,Logged-In,AREA_B,AREA_C,AREA_B_TO_AREA_C,BO,CA,31_60,very_high,unknown_or_oneway,Y,S,0,0.8152709222592452,34.15264986544351
227.0,175.6860902,12.864583333333334,2,2,0,0,0,0,0,1,1,3,1,309.6666666666667,11.0,47.2654748,1,0,BAGGAGE,LOWER VERTEX,LANG_02,Round-Trip,google,Paid Search,Paid Search,Logged-In,AREA_B,AREA_B,AREA_B_TO_AREA_B,BE,BU,120_plus,very_high,9_14,Y,O,0,0.721374338192435,34.096100603201215
152.0,267.8112787,16.319444444444443,3,1,1,1,0,1,1,0,0,2,1,407.8333333333333,9.0,44.71452,3,1,BAGGAGE,UPPER APEX,LANG_09,Round-Trip,google,Paid Search,Paid Search,Logged-Out,AREA_C,AREA_B,AREA_C_TO_AREA_B,CA,BO,120_plus,very_high,15_30,Y,O,0,0.7620364039728751,34.074092026173204
58.0,218.3242118,13.770833333333334,2,2,0,0,0,0,0,0,0,2,1,334.0,8.0,58.0183746,2,1,BAGGAGE,LOWER VERTEX,LANG_02,Round-Trip,google,Paid Search,Paid Search,Logged-Out,AREA_B,AREA_C,AREA_B_TO_AREA_C,BU,CA,31_60,very_high,9_14,Y,W,0,0.5869695835930877,34.055021179709776
340.0,730.7791655999999,12.76388888888889,4,2,1,1,0,1,1,1,0,2,1,312.25,18.0,42.1858368,3,1,BAGGAGE,UPPER APEX,LANG_09,Round-Trip,apple,Direct,Direct,Logged-In,AREA_C,AREA_B,AREA_C_TO_AREA_B,CA,BA,120_plus,very_high,9_14,Y,S,1,0.8065893080169735,34.026644912628974
309.0,389.1311084,20.3125,2,2,0,0,0,0,0,0,0,3,1,503.75,20.0,43.866486,1,1,BAGGAGE,UPPER APEX,LANG_09,Round-Trip,google,Paid Search,Paid Search,Logged-Out,AREA_C,AREA_B,AREA_C_TO_AREA_B,CA,BO,120_plus,very_high,15_30,Y,S,0,0.7742189325054025,33.962263963683185
200.0,638.8163028,15.0,3,3,0,0,0,0,0,0,0,2,1,367.25,22.0,45.3107136,3,1,BAGGAGE,UPPER APEX,LANG_09,Round-Trip,apple,Direct,Direct,Logged-Out,AREA_C,AREA_B,AREA_C_TO_AREA_B,CA,BU,120_plus,very_high,15_30,Y,V,1,0.7493127249838012,33.95189427857658
0.0,318.08299120000004,8.23611111111111,2,2,0,0,0,0,0,0,0,2,1,212.08333333333334,8.0,45.3107136,2,1,BAGGAGE,UPPER APEX,LANG_02,Round-Trip,google,Direct,Direct,Logged-Out,AREA_C,AREA_B,AREA_C_TO_AREA_B,CA,BI,invalid_or_past,very_high,9_14,Y,T,0,0.749175860360928,33.9456928448476
64.0,151.72227690000005,,2,2,0,0,0,0,0,1,1,3,1,813.25,16.0,46.9348272,2,1,BAGGAGE,LOWER VERTEX,LANG_02,Multi-City,google,Email,Email,Logged-In,AREA_B,AREA_C,AREA_B_TO_AREA_C,BU,CA,61_120,very_high,unknown_or_oneway,Y,O,0,0.7228349390419684,33.92613295805732
7.0,210.3150018,,2,1,1,0,0,0,1,0,0,1,0,15.916666666666666,14.0,47.181528,2,1,BAGGAGE,UPPER APEX,LANG_09,One-Way,microsoft,Paid Search,Paid Search,Logged-Out,AREA_B,AREA_C,AREA_B_TO_AREA_C,BU,CA,4_7,very_high,unknown_or_oneway,Y,V,0,0.7188588018435977,33.91685668723016
81.0,232.7407898,12.760416666666666,3,2,0,1,0,1,0,0,0,2,1,310.0,21.0,57.2457214,3,1,BAGGAGE,LOWER VERTEX,LANG_02,Round-Trip,google,Paid Search,Referrals,Logged-Out,AREA_B,AREA_C,AREA_B_TO_AREA_C,BU,CA,61_120,very_high,9_14,Y,O,0,0.5923657030923233,33.910402006138256
134.0,236.9351317,15.225694444444445,3,3,0,0,0,0,0,0,0,3,1,380.0833333333333,20.0,59.61936,4,0,BAGGAGE,LOWER VERTEX,LANG_02,Round-Trip,microsoft,Paid Search,Paid Search,Logged-Out,AREA_B,AREA_B,AREA_B_TO_AREA_B,BE,BU,120_plus,very_high,15_30,Y,O,0,0.5686179733342858,33.90063965468718
9.0,265.6513618,8.590277777777779,3,3,0,0,0,0,0,0,0,2,1,213.0,14.0,41.3712102,3,1,BAGGAGE,NORTH VERTEX,LANG_02,Round-Trip,google,Paid Search,Paid Search,Logged-Out,AREA_B,AREA_C,AREA_B_TO_AREA_C,BA,CA,8_14,very_high,9_14,Y,Q,0,0.8187034695147543,33.87075332876419
168.0,235.1915224,24.993055555555557,2,2,0,0,0,0,0,0,0,2,1,620.4166666666666,19.0,44.71452,1,1,BAGGAGE,UPPER APEX,LANG_09,Round-Trip,google,Paid Search,Paid Search,Logged-Out,AREA_C,AREA_D,AREA_C_TO_AREA_D,CA,DA,120_plus,very_high,15_30,Y,U,1,0.7571537126436028,33.85576482707663
15.0,113.37743449999998,,1,1,0,0,0,0,0,0,0,2,1,30.916666666666668,9.0,56.8405496,3,0,BAGGAGE,NORTH MERIDIAN,LANG_02,One-Way,google,Direct,Direct,Logged-Out,AREA_B,AREA_C,AREA_B_TO_AREA_C,BI,CU,15_30,very_high,unknown_or_oneway,Y,T,0,0.5953610440141799,33.84064895219578
47.0,252.7338338,61.00694444444444,3,2,0,1,0,1,0,0,0,4,1,1465.0833333333333,18.0,45.3107136,3,0,BAGGAGE,UPPER VERTEX,LANG_11,Round-Trip,google,Direct,Paid Search,Logged-Out,AREA_C,AREA_B,AREA_C_TO_AREA_B,CU,BI,31_60,very_high,30_plus,Y,O,0,0.7466944908661219,33.83326022233267
193.0,301.0465021,,3,3,0,0,0,0,0,0,0,1,0,20.583333333333332,18.0,43.5289856,1,1,BAGGAGE,LOWER VERTEX,LANG_02,One-Way,apple,Direct,Direct,Logged-Out,AREA_D,AREA_C,AREA_D_TO_AREA_C,DA,CA,120_plus,very_high,unknown_or_oneway,Y,V,0,0.7764403891985561,33.797662520682344
171.0,376.6924198,32.59027777777778,4,2,0,1,1,1,0,0,0,2,1,785.3333333333334,23.0,44.2228316,2,1,BAGGAGE,LOWER VERTEX,LANG_02,Round-Trip,google,Direct,Paid Search,Logged-Out,AREA_B,AREA_C,AREA_B_TO_AREA_C,BU,CA,120_plus,very_high,30_plus,Y,L,1,0.7636346324091349,33.77008575295707
64.0,202.9131212,4.170138888888889,4,4,0,0,0,0,0,0,0,2,1,103.08333333333333,8.0,40.6233984,4,1,BAGGAGE,UPPER APEX,LANG_09,Round-Trip,google,Paid Search,Paid Search,Logged-Out,AREA_C,AREA_B,AREA_C_TO_AREA_B,CA,BU,61_120,very_high,3_5,Y,V,0,0.8311550785543659,33.7643438882973
60.0,139.2291942,5.329861111111111,3,3,0,0,0,0,0,1,0,4,1,130.0,11.0,41.7061408,2,0,BAGGAGE,LOWER ZENITH,LANG_02,Round-Trip,google,Paid Search,Paid Search,Logged-In,AREA_C,AREA_C,AREA_C_TO_AREA_C,CE,CI,31_60,very_high,6_8,Y,V,0,0.8087179616098973,33.72850517439137
2.0,46.6966924,,1,1,0,0,0,0,0,0,0,2,1,3.3333333333333335,11.0,60.039094,3,0,BAGGAGE,LOWER ZENITH,LANG_02,One-Way,google,Paid Search,Organic Search,Logged-Out,AREA_C,AREA_B,AREA_C_TO_AREA_B,CE,BE,0_3,mid,unknown_or_oneway,Y,Q,0,0.5616897994561634,33.72334666838974
17.0,56.0700379,47.12152777777778,1,1,0,0,0,0,0,0,0,4,1,1132.25,20.0,115.165587,2,0,BAGGAGE,UPPER HORIZON,LANG_05,Round-Trip,apple,Direct,Direct,Logged-Out,AREA_C,AREA_B,AREA_C_TO_AREA_B,CI,BU,15_30,high,30_plus,Y,O,0,0.29261095399203235,33.6987122791224
8.0,96.020577,2.7465277777777777,2,2,0,0,0,0,0,0,0,4,1,70.66666666666667,14.0,64.0599744,3,0,BAGGAGE,NEW HORIZON,LANG_02,Round-Trip,google,MetaSearches,Organic Search,Logged-Out,AREA_C,AREA_B,AREA_C_TO_AREA_B,CE,BU,8_14,high,3_5,Y,W,0,0.5254724229868132,33.66174996444123
3.0,153.61450630000002,,1,1,0,0,0,0,0,0,0,1,0,9.416666666666666,10.0,76.991208,1,1,BAGGAGE,UPPER APEX,LANG_02,One-Way,google,Direct,Display,Logged-Out,AREA_C,AREA_C,AREA_C_TO_AREA_C,CA,CE,0_3,very_high,unknown_or_oneway,P,R,1,0.43680633807756414,33.630247630648064
101.0,215.3860738,14.40625,3,2,1,0,0,0,1,0,0,4,1,347.8333333333333,12.0,46.6470096,3,0,BAGGAGE,WEST APEX,LANG_02,Round-Trip,google,Paid Search,Paid Search,Logged-Out,AREA_B,AREA_C,AREA_B_TO_AREA_C,BE,CA,61_120,very_high,15_30,Y,O,0,0.7203019351261187,33.59993128272664
199.0,286.95671699999997,19.32986111111111,3,2,0,1,0,1,0,0,0,4,1,466.0,18.0,36.2239008,1,0,BAGGAGE,LOWER ZENITH,LANG_02,Round-Trip,google,Paid Search,Paid Search,Logged-Out,AREA_C,AREA_B,AREA_C_TO_AREA_B,CE,BO,120_plus,very_high,15_30,Y,V,0,0.9271664401176473,33.5855851519108
188.0,201.3412602,18.37152777777778,2,2,0,0,0,0,0,1,0,2,1,457.1666666666667,17.0,44.71452,1,1,BAGGAGE,UPPER APEX,LANG_09,Round-Trip,google,Direct,Organic Search,Logged-In,AREA_C,AREA_B,AREA_C_TO_AREA_B,CA,BO,120_plus,very_high,15_30,Y,O,1,0.7509834790706569,33.57986579457447
102.0,158.7558195,,2,2,0,0,0,0,0,0,0,4,1,23.833333333333332,20.0,54.0060602,1,0,BAGGAGE,OLD ZENITH,LANG_02,One-Way,google,Direct,MetaSearches,Logged-Out,AREA_B,AREA_B,AREA_B_TO_AREA_B,BU,BU,61_120,very_high,unknown_or_oneway,Y,S,0,0.6213009110849106,33.55401440636653
43.0,170.9092603,27.46875,2,1,1,0,0,0,1,0,0,2,1,674.4166666666666,1.0,69.9396768,2,1,BAGGAGE,LOWER VERTEX,LANG_02,Round-Trip,apple,Direct,Paid Search,Logged-Out,AREA_C,AREA_B,AREA_C_TO_AREA_B,CA,BO,31_60,very_high,15_30,Y,U,0,0.4783955977051864,33.45883348604356
71.0,138.4899484,16.635416666666668,2,2,0,0,0,0,0,0,0,2,1,402.75,13.0,42.5276202,1,1,BAGGAGE,LOWER VERTEX,LANG_02,Round-Trip,apple,MetaSearches,MetaSearches,Logged-Out,AREA_B,AREA_C,AREA_B_TO_AREA_C,BU,CA,61_120,very_high,15_30,Y,U,1,0.7854519880967155,33.40340383511204
110.0,287.183716,28.67013888888889,4,2,0,2,0,1,0,0,0,2,1,692.1666666666666,17.0,35.398995,1,1,BAGGAGE,UPPER APEX,LANG_09,Round-Trip,apple,Paid Search,Paid Search,Logged-Out,AREA_C,AREA_C,AREA_C_TO_AREA_C,CA,CE,61_120,very_high,15_30,Y,O,0,0.9431940727458729,33.38812226516079
211.0,313.9760225,9.277777777777779,5,5,0,0,0,0,0,0,0,2,1,224.58333333333334,12.0,40.08888,4,1,BAGGAGE,UPPER APEX,LANG_09,Round-Trip,google,Organic Search,Organic Social,Logged-Out,AREA_C,AREA_C,AREA_C_TO_AREA_C,CA,CU,120_plus,very_high,9_14,Y,W,0,0.8327288421986034,33.383166627438754
76.0,277.5281208,,3,2,0,1,0,1,0,1,0,2,1,356.1666666666667,20.0,36.4706016,2,1,BAGGAGE,UPPER APEX,LANG_09,One-Way,samsung,Direct,Direct,Logged-In,AREA_C,AREA_B,AREA_C_TO_AREA_B,CA,BU,61_120,very_high,unknown_or_oneway,Y,U,0,0.915085102741697,33.3737042121875
160.0,153.39907140000005,,5,3,1,1,0,1,1,0,0,2,1,9.333333333333334,23.0,35.5454736,2,0,BAGGAGE,WEST APEX,LANG_02,One-Way,google,Paid Search,Paid Search,Logged-Out,AREA_C,AREA_D,AREA_C_TO_AREA_D,CU,DA,120_plus,very_high,unknown_or_oneway,Y,U,0,0.9384641759951945,33.35815359238294
119.0,195.7455207,41.52430555555556,4,2,0,2,0,1,0,0,0,2,1,1000.0833333333334,10.0,35.386146,1,1,BAGGAGE,LOWER VERTEX,LANG_02,Round-Trip,google,Paid Search,Paid Search,Logged-Out,AREA_B,AREA_C,AREA_B_TO_AREA_C,BU,CA,61_120,very_high,30_plus,Y,O,0,0.9426791325734605,33.35778141639783
90.0,384.9590381,7.770833333333333,4,2,0,2,0,1,0,0,0,4,1,190.0,11.0,37.0847838,2,0,BAGGAGE,LOWER VERTEX,LANG_02,Round-Trip,google,Paid Search,Paid Search,Logged-Out,AREA_B,AREA_C,AREA_B_TO_AREA_C,BU,CU,61_120,very_high,6_8,Y,L,0,0.8992893229507023,33.34995011527517
3.0,105.7918132,,1,1,0,0,0,0,0,0,0,2,1,7.583333333333333,18.0,45.8092548,2,0,BAGGAGE,EAST AURORA,LANG_02,One-Way,apple,Paid Search,Paid Search,Logged-Out,AREA_D,AREA_B,AREA_D_TO_AREA_B,DA,BU,0_3,very_high,unknown_or_oneway,Y,Q,0,0.7278273400899173,33.341228072585274
91.0,268.8049347,23.90972222222222,2,2,0,0,0,0,0,1,1,2,1,577.0,6.0,52.706598,2,1,BAGGAGE,LOWER VERTEX,LANG_02,Round-Trip,google,Direct,Referrals,Logged-In,AREA_B,AREA_C,AREA_B_TO_AREA_C,BU,CA,61_120,very_high,15_30,Y,L,0,0.6323597991701312,33.32953372622084
151.0,189.6349646,14.569444444444445,2,2,0,0,0,0,0,1,0,6,1,353.5833333333333,16.0,48.3242324,1,0,BAGGAGE,GREAT MERIDIAN,LANG_03,Round-Trip,google,Paid Search,Paid Search,Logged-In,AREA_B,AREA_C,AREA_B_TO_AREA_C,BA,CA,120_plus,very_high,15_30,Y,W,0,0.689626700398336,33.32568093929436
40.0,488.34937319999995,,2,2,0,0,0,0,0,1,0,2,1,33.166666666666664,12.0,49.1123044,2,0,BAGGAGE,SOUTH ZENITH,LANG_02,One-Way,google,Organic Search,Affiliate,Logged-In,AREA_B,AREA_B,AREA_B_TO_AREA_B,BE,BU,31_60,very_high,unknown_or_oneway,Y,E,1,0.6781970676214342,33.307820828211256
298.0,594.1840164,12.76388888888889,4,4,0,0,0,0,0,1,0,2,1,312.25,21.0,42.1858368,3,1,BAGGAGE,UPPER APEX,LANG_09,Round-Trip,opera,Paid Search,Paid Search,Logged-In,AREA_C,AREA_B,AREA_C_TO_AREA_B,CA,BA,120_plus,very_high,9_14,Y,L,1,0.7895079250599066,33.30605247888385
169.0,860.9827939,17.57638888888889,4,2,0,2,0,1,0,1,0,2,1,425.3333333333333,12.0,57.6997194,2,1,BAGGAGE,LOWER VERTEX,LANG_02,Round-Trip,google,Direct,Direct,Logged-In,AREA_B,AREA_C,AREA_B_TO_AREA_C,BU,CA,120_plus,very_high,15_30,P,R,0,0.5769094359428238,33.28751257311321
229.0,388.802174,28.71527777777778,4,2,0,2,0,1,0,0,0,2,1,692.3333333333334,12.0,37.4501237,2,1,BAGGAGE,LOWER VERTEX,LANG_02,Round-Trip,google,Direct,Direct,Logged-Out,AREA_B,AREA_C,AREA_B_TO_AREA_C,BU,CA,120_plus,very_high,15_30,Y,O,0,0.8888092923426086,33.28601794394015
149.0,114.7706944,3.7256944444444446,4,4,0,0,0,0,0,0,0,4,1,90.33333333333333,22.0,41.75925,3,0,BAGGAGE,UPPER APEX,LANG_09,Round-Trip,google,Paid Search,Paid Search,Logged-Out,AREA_C,AREA_C,AREA_C_TO_AREA_C,CU,CE,120_plus,very_high,3_5,Y,L,0,0.7966883446463751,33.26910775617414
68.0,217.7040334,21.899305555555557,2,2,0,0,0,0,0,0,0,2,1,529.0833333333334,16.0,53.3978742,2,1,BAGGAGE,LOWER VERTEX,LANG_02,Round-Trip,apple,Paid Search,Organic Search,Logged-Out,AREA_B,AREA_C,AREA_B_TO_AREA_C,BU,CA,61_120,very_high,15_30,Y,S,0,0.6229726725514614,33.26541639894073
57.0,171.2223476,5.621527777777778,2,2,0,0,0,0,0,0,0,3,1,138.91666666666666,13.0,53.3978742,2,1,BAGGAGE,LOWER VERTEX,LANG_02,Round-Trip,apple,MetaSearches,MetaSearches,Logged-Out,AREA_B,AREA_C,AREA_B_TO_AREA_C,BU,CA,31_60,very_high,6_8,Y,V,0,0.6227776186229174,33.255000933802116
185.0,245.0694053,47.576388888888886,2,2,0,0,0,0,0,0,0,4,1,1145.3333333333333,12.0,47.2808936,1,0,BAGGAGE,LOWER VERTEX,LANG_02,Round-Trip,microsoft,Direct,Direct,Logged-Out,AREA_B,AREA_B,AREA_B_TO_AREA_B,BU,BE,120_plus,very_high,30_plus,Y,V,0,0.7032339967102261,33.24953177435895
72.0,328.9061322,10.23611111111111,2,2,0,0,0,0,0,1,0,2,1,266.25,11.0,44.71452,1,1,BAGGAGE,UPPER APEX,LANG_09,Round-Trip,apple,Direct,Direct,Logged-In,AREA_C,AREA_D,AREA_C_TO_AREA_D,CA,DA,61_120,very_high,9_14,Y,U,0,0.7433349597521401,33.237865924536266
7.0,60.1487388,6.215277777777778,4,2,0,2,0,1,0,1,0,2,1,149.5,9.0,40.08888,2,0,BAGGAGE,UPPER APEX,LANG_09,Round-Trip,samsung,Direct,Direct,Logged-In,AREA_B,AREA_B,AREA_B_TO_AREA_B,BE,BI,4_7,high,6_8,Y,U,0,0.8284249770950675,33.21062949576691
111.0,175.55760020000002,7.361111111111111,2,2,0,0,0,0,0,0,0,2,1,191.83333333333334,16.0,48.2745496,1,1,BAGGAGE,UPPER APEX,LANG_09,Round-Trip,apple,Paid Search,Organic Search,Logged-Out,AREA_C,AREA_B,AREA_C_TO_AREA_B,CA,BO,61_120,very_high,6_8,Y,O,0,0.687486558368039,33.18810396127119
36.0,146.7989684,3.423611111111111,3,3,0,0,0,0,0,1,0,4,1,84.25,22.0,50.4944285,4,0,BAGGAGE,LOWER ZENITH,LANG_02,Round-Trip,google,Paid Search,Organic Search,Logged-In,AREA_C,AREA_B,AREA_C_TO_AREA_B,CE,BA,31_60,very_high,3_5,Y,W,0,0.6572168393211529,33.185788702097945
4.0,256.7945461,,2,2,0,0,0,0,0,0,0,2,1,5.333333333333333,14.0,41.6410392,1,0,BAGGAGE,NEW MERIDIAN,LANG_02,One-Way,google,Referrals,Paid Search,Logged-Out,AREA_C,AREA_B,AREA_C_TO_AREA_B,CE,BU,4_7,very_high,unknown_or_oneway,Y,H,0,0.7965398020575081,33.168745121836935
27.0,180.438507,9.753472222222221,3,3,0,0,0,0,0,0,0,2,1,237.83333333333334,20.0,48.8827356,2,1,BAGGAGE,LOWER VERTEX,LANG_02,Round-Trip,apple,Direct,Direct,Logged-Out,AREA_B,AREA_C,AREA_B_TO_AREA_C,BU,CA,15_30,very_high,9_14,Y,O,0,0.6785181205592655,33.1678218871075
2.0,133.3614842,,2,2,0,0,0,0,0,0,0,2,1,6.916666666666667,16.0,41.0409909,2,0,BAGGAGE,CENTRAL VERTEX,LANG_02,One-Way,apple,Paid Search,Paid Search,Logged-Out,AREA_B,AREA_B,AREA_B_TO_AREA_B,BI,BU,0_3,very_high,unknown_or_oneway,Y,T,1,0.8071715047458426,33.12711838101343
207.0,292.29162180000003,14.302083333333334,2,2,0,0,0,0,0,0,0,2,1,359.5,22.0,50.0734096,2,1,BAGGAGE,UPPER APEX,LANG_09,Round-Trip,apple,MetaSearches,Paid MetaSearches,Logged-Out,AREA_C,AREA_B,AREA_C_TO_AREA_B,CA,BO,120_plus,very_high,15_30,Y,V,0,0.661055709589131,33.1013133146752
0.0,363.1388663,13.121527777777779,3,3,0,0,0,0,0,0,0,2,1,329.4166666666667,19.0,35.46324,2,1,BAGGAGE,UPPER APEX,LANG_09,Round-Trip,google,Paid Search,MetaSearches,Logged-Out,AREA_C,AREA_B,AREA_C_TO_AREA_B,CA,BU,invalid_or_past,very_high,9_14,Y,V,0,0.9327206185258664,33.07729514773125
105.0,262.2767861,,2,2,0,0,0,0,0,0,0,2,1,30.5,8.0,49.314462,1,0,BAGGAGE,NORTH MERIDIAN,LANG_02,One-Way,apple,Organic Search,Email,Logged-Out,AREA_B,AREA_B,AREA_B_TO_AREA_B,BI,BO,61_120,very_high,unknown_or_oneway,Y,V,0,0.6706615226695211,33.073312174548235
48.0,185.8714925,20.20486111111111,2,2,0,0,0,0,0,0,0,5,1,485.8333333333333,8.0,47.2654748,1,0,BAGGAGE,LOWER VERTEX,LANG_02,Round-Trip,apple,Direct,Direct,Logged-Out,AREA_B,AREA_B,AREA_B_TO_AREA_B,BE,BU,31_60,very_high,15_30,Y,W,1,0.6996709036336946,33.070277463991616
40.0,179.67441979999998,9.239583333333334,2,2,0,0,0,0,0,0,0,2,1,236.25,10.0,48.56922,1,1,BAGGAGE,UPPER APEX,LANG_09,Round-Trip,google,Direct,Direct,Logged-Out,AREA_C,AREA_B,AREA_C_TO_AREA_B,CA,BU,31_60,very_high,9_14,Y,L,0,0.6808572216038629,33.06870418466677
114.0,200.24952350000004,,2,2,0,0,0,0,0,1,0,2,1,12.083333333333334,15.0,55.6066173,1,0,BAGGAGE,LOWER ZENITH,LANG_02,One-Way,apple,Direct,Direct,Logged-In,AREA_C,AREA_C,AREA_C_TO_AREA_C,CA,CE,61_120,very_high,unknown_or_oneway,Y,T,0,0.5941568386215561,33.03905194140673
180.0,305.4515676,18.0,2,1,0,1,0,1,0,0,0,2,1,439.25,12.0,44.71452,1,1,BAGGAGE,UPPER APEX,LANG_09,Round-Trip,microsoft,Direct,Organic Search,Logged-Out,AREA_C,AREA_B,AREA_C_TO_AREA_B,CA,BU,120_plus,very_high,15_30,Y,V,0,0.7373259348991894,32.969175262568506
0.0,410.24886820000006,13.239583333333334,2,2,0,0,0,0,0,1,0,2,1,332.25,23.0,42.1858368,2,1,BAGGAGE,UPPER APEX,LANG_02,Round-Trip,apple,Paid Search,Organic Search,Logged-In,AREA_C,AREA_B,AREA_C_TO_AREA_B,CA,BU,invalid_or_past,very_high,9_14,Y,H,0,0.781406138862504,32.96427184857173
174.0,271.3053501,20.78125,2,2,0,0,0,0,0,0,0,2,1,502.0,15.0,58.4783688,2,0,BAGGAGE,LOWER VERTEX,LANG_02,Round-Trip,microsoft,Paid Search,Paid Search,Logged-Out,AREA_B,AREA_B,AREA_B_TO_AREA_B,BU,BE,120_plus,very_high,15_30,Y,L,0,0.5634999615154566,32.952558568286676
3.0,100.2072095,0.2222222222222222,4,4,0,0,0,0,0,0,0,5,1,7.833333333333333,,41.75925,3,0,BAGGAGE,UPPER VERTEX,LANG_11,Round-Trip,google,Organic Search,Organic Search,Logged-Out,AREA_C,AREA_C,AREA_C_TO_AREA_C,CU,CE,0_3,high,1_2,Y,L,0,0.7888834344609063,32.9431805605116
20.0,158.5793599,,1,1,0,0,0,0,0,1,0,1,0,6.666666666666667,1.0,78.63588,1,1,BAGGAGE,SOUTH ZENITH,LANG_02,One-Way,google,Direct,Direct,Logged-In,AREA_B,AREA_C,AREA_B_TO_AREA_C,BU,CA,15_30,very_high,unknown_or_oneway,Y,K,0,0.41868572930334813,32.92372076721057
30.0,61.240475499999995,,3,3,0,0,0,0,0,0,0,2,1,3.4166666666666665,10.0,51.7352136,1,0,BAGGAGE,UPPER APEX,LANG_02,One-Way,google,Paid Search,Paid Search,Logged-Out,AREA_C,AREA_B,AREA_C_TO_AREA_B,CI,BE,15_30,high,unknown_or_oneway,Y,W,0,0.6363577363693453,32.92210341708057
43.0,336.9817287,14.6875,2,2,0,0,0,0,0,1,1,4,1,355.3333333333333,10.0,48.2334328,1,0,BAGGAGE,NEW APEX,LANG_02,Round-Trip,apple,Direct,Direct,Logged-In,AREA_C,AREA_B,AREA_C_TO_AREA_B,CU,BU,31_60,very_high,15_30,Y,K,0,0.6822667123815399,32.908065623331936
25.0,51.47566380000001,10.947916666666666,3,3,0,0,0,0,0,0,0,4,1,263.5833333333333,10.0,40.6885,1,0,BAGGAGE,UPPER APEX,LANG_09,Round-Trip,samsung,Paid Search,Paid Search,Logged-Out,AREA_B,AREA_C,AREA_B_TO_AREA_C,BI,CI,15_30,mid,9_14,Y,L,0,0.807706833487152,32.86437949434198
40.0,179.6572878,14.319444444444445,2,2,0,0,0,0,0,0,0,2,1,359.8333333333333,20.0,44.71452,1,1,BAGGAGE,UPPER APEX,LANG_09,Round-Trip,google,Internal,Internal,Logged-Out,AREA_C,AREA_B,AREA_C_TO_AREA_B,CA,BO,31_60,very_high,15_30,Y,U,0,0.7340146303869614,32.82111187073039
4.0,173.80414,5.503472222222222,2,2,0,0,0,0,0,0,0,2,1,135.41666666666666,14.0,47.1198528,1,1,BAGGAGE,UPPER APEX,LANG_09,Round-Trip,google,Direct,Direct,Logged-Out,AREA_C,AREA_C,AREA_C_TO_AREA_C,CA,CE,4_7,very_high,6_8,Y,T,0,0.6963892658509513,32.813759698396886
86.0,192.5906629,15.302083333333334,2,2,0,0,0,0,0,0,0,2,1,383.5,10.0,59.61936,2,1,BAGGAGE,LOWER VERTEX,LANG_02,Round-Trip,apple,Direct,Direct,Logged-Out,AREA_C,AREA_B,AREA_C_TO_AREA_B,CA,BO,61_120,very_high,15_30,Y,O,0,0.549946583078542,32.787463317329504
262.0,558.5408904000001,7.888888888888889,3,3,0,0,0,0,0,1,0,2,1,196.58333333333334,17.0,41.63076,3,1,BAGGAGE,UPPER APEX,LANG_09,Round-Trip,mozilla,Direct,Paid Search,Logged-In,AREA_C,AREA_B,AREA_C_TO_AREA_B,CA,BU,120_plus,very_high,6_8,Y,S,0,0.7875317812257463,32.78554657658155
52.0,182.0352094,105.12152777777777,2,2,0,0,0,0,0,1,0,4,1,2524.25,8.0,48.4544356,2,0,BAGGAGE,LOWER VERTEX,LANG_02,Round-Trip,google,MetaSearches,MetaSearches,Logged-In,AREA_C,AREA_B,AREA_C_TO_AREA_B,CI,BU,31_60,very_high,30_plus,Y,L,0,0.675863901312585,32.748603880515404
66.0,701.0774172,26.78125,3,2,0,1,0,1,0,0,0,4,1,646.9166666666666,17.0,44.7033842,3,0,BAGGAGE,GREAT MERIDIAN,LANG_03,Round-Trip,google,Direct,Paid Search,Logged-Out,AREA_C,AREA_B,AREA_C_TO_AREA_B,CI,BU,61_120,very_high,15_30,Y,K,1,0.7324517980207342,32.74307413490168
74.0,201.078284,14.215277777777779,2,2,0,0,0,0,0,0,0,2,1,357.4166666666667,13.0,50.7681122,2,1,BAGGAGE,LOWER VERTEX,LANG_02,Round-Trip,google,MetaSearches,MetaSearches,Logged-Out,AREA_C,AREA_B,AREA_C_TO_AREA_B,CA,BO,61_120,very_high,15_30,Y,L,1,0.6449517110190035,32.742980828594746
178.0,205.0477684,10.621527777777779,2,2,0,0,0,0,0,1,0,3,1,258.9166666666667,10.0,46.5527836,1,0,BAGGAGE,LOWER VERTEX,LANG_02,Round-Trip,apple,Direct,Direct,Logged-In,AREA_B,AREA_C,AREA_B_TO_AREA_C,BU,CU,120_plus,very_high,9_14,Y,L,0,0.7032505547070005,32.73827088985495
177.0,195.9155558,18.041666666666668,2,1,1,0,0,0,1,0,0,3,1,433.9166666666667,21.0,59.61936,1,0,BAGGAGE,UPPER APEX,LANG_09,Round-Trip,apple,Direct,Direct,Logged-Out,AREA_B,AREA_B,AREA_B_TO_AREA_B,BE,BU,120_plus,very_high,15_30,Y,U,0,0.5482824882926455,32.68825105121502
129.0,263.8722036,13.36111111111111,2,2,0,0,0,0,0,0,0,2,1,335.8333333333333,22.0,50.0802624,2,1,BAGGAGE,UPPER APEX,LANG_09,Round-Trip,google,Organic Search,Organic Search,Logged-Out,AREA_C,AREA_B,AREA_C_TO_AREA_B,CA,BO,120_plus,very_high,9_14,Y,U,0,0.6527098905469118,32.687882589664625
71.0,223.15200940000005,7.4375,3,2,0,1,0,1,0,0,0,2,1,182.25,21.0,37.00512,1,1,BAGGAGE,UPPER APEX,LANG_09,Round-Trip,google,Direct,Direct,Logged-Out,AREA_C,AREA_C,AREA_C_TO_AREA_C,CA,CE,61_120,very_high,6_8,Y,U,1,0.8828268029216448,32.669111781331814
83.0,138.6218648,2.517361111111111,4,4,0,0,0,0,0,0,0,2,1,62.5,14.0,48.128071,4,1,BAGGAGE,UPPER APEX,LANG_09,Round-Trip,samsung,Direct,Direct,Logged-Out,AREA_C,AREA_B,AREA_C_TO_AREA_B,CA,BI,61_120,very_high,3_5,Y,L,0,0.6785998909932696,32.65970373431634
37.0,179.915981,20.77777777777778,2,2,0,0,0,0,0,0,0,2,1,502.0,13.0,52.5404176,2,1,BAGGAGE,NORTH MERIDIAN,LANG_02,Round-Trip,google,MetaSearches,MetaSearches,Logged-Out,AREA_B,AREA_C,AREA_B_TO_AREA_C,BI,CA,31_60,very_high,15_30,Y,O,1,0.6211315951570687,32.63451339410653
136.0,149.0004304,17.77777777777778,2,2,0,0,0,0,0,0,0,4,1,430.0,9.0,49.036067,1,0,BAGGAGE,NORTH MERIDIAN,LANG_02,Round-Trip,microsoft,Direct,Paid Search,Logged-Out,AREA_B,AREA_B,AREA_B_TO_AREA_B,BI,BE,120_plus,very_high,15_30,Y,O,0,0.66508990853593,32.613393315991736
85.0,311.7441512,11.461805555555555,2,2,0,0,0,0,0,0,0,4,1,275.9166666666667,21.0,67.9660704,3,0,BAGGAGE,UPPER APEX,LANG_09,Round-Trip,apple,Paid Search,Paid Search,Logged-Out,AREA_B,AREA_B,AREA_B_TO_AREA_B,BE,BU,61_120,very_high,9_14,Y,S,0,0.4797256420624267,32.6050667611001
11.0,99.943805,,1,1,0,0,0,0,0,0,0,1,0,5.833333333333333,14.0,50.8383534,1,1,BAGGAGE,EAST ZENITH,LANG_08,One-Way,google,MetaSearches,MetaSearches,Logged-Out,AREA_C,AREA_C,AREA_C_TO_AREA_C,CA,CA,8_14,high,unknown_or_oneway,Y,S,0,0.6412279540207315,32.5989733364649
148.0,89.536115,,1,1,0,0,0,0,0,1,0,2,1,5.583333333333333,12.0,84.3716736,1,0,BAGGAGE,LOWER VERTEX,LANG_02,One-Way,apple,Direct,Direct,Logged-In,AREA_B,AREA_B,AREA_B_TO_AREA_B,BI,BU,120_plus,high,unknown_or_oneway,Y,T,0,0.38636564430504167,32.598316031558674
76.0,698.5243209,,3,3,0,0,0,0,0,0,0,2,1,451.5833333333333,21.0,44.71452,4,1,BAGGAGE,UPPER APEX,LANG_09,Multi-City,google,Direct,Paid Search,Logged-Out,AREA_C,AREA_B,AREA_C_TO_AREA_B,CA,BU,61_120,very_high,unknown_or_oneway,Y,H,0,0.728819131455216,32.58879762983689
203.0,318.0504404,16.0,2,2,0,0,0,0,0,0,0,2,1,391.25,19.0,89.42904,4,1,BAGGAGE,UPPER APEX,LANG_09,Round-Trip,google,Direct,Direct,Logged-Out,AREA_C,AREA_B,AREA_C_TO_AREA_B,CA,BU,120_plus,very_high,15_30,Y,W,0,0.36424411513206306,32.57400154190987
14.0,69.9336806,,1,1,0,0,0,0,0,0,0,2,1,5.666666666666667,14.0,54.9543164,2,0,BAGGAGE,NORTH MERIDIAN,LANG_02,One-Way,google,MetaSearches,MetaSearches,Logged-Out,AREA_B,AREA_B,AREA_B_TO_AREA_B,BI,BI,8_14,high,unknown_or_oneway,Y,S,0,0.5926907393155687,32.570914415697686
45.0,264.4722519,13.569444444444445,3,2,0,0,1,1,0,0,0,4,1,329.5833333333333,21.0,48.3242324,3,0,BAGGAGE,GREAT MERIDIAN,LANG_02,Round-Trip,google,Paid Search,Paid Search,Logged-Out,AREA_B,AREA_C,AREA_B_TO_AREA_C,BA,CA,31_60,very_high,9_14,Y,W,0,0.6739260533502665,32.56695922251308
86.0,190.9524154,26.79513888888889,2,2,0,0,0,0,0,1,0,2,1,646.5833333333334,13.0,46.98451,2,1,BAGGAGE,LOWER VERTEX,LANG_02,Round-Trip,mozilla,Organic Search,Organic Search,Logged-In,AREA_B,AREA_C,AREA_B_TO_AREA_C,BU,CA,61_120,very_high,15_30,Y,V,0,0.6925617784854534,32.53967580686757
31.0,172.416448,14.32638888888889,2,2,0,0,0,0,0,0,0,4,1,344.75,21.0,44.71452,1,0,BAGGAGE,UPPER APEX,LANG_09,Round-Trip,google,Direct,Organic Search,Logged-Out,AREA_B,AREA_B,AREA_B_TO_AREA_B,BE,BO,31_60,very_high,15_30,Y,U,1,0.7269733008749263,32.506262201437906
14.0,197.5795013,,2,2,0,0,0,0,0,1,0,2,1,933.0833333333334,17.0,45.3107136,2,1,BAGGAGE,UPPER VERTEX,LANG_11,Multi-City,google,Direct,Organic Search,Logged-In,AREA_C,AREA_B,AREA_C_TO_AREA_B,CA,BU,8_14,very_high,unknown_or_oneway,Y,O,0,0.7170373630619528,32.48947459819936
12.0,56.606697800000006,,2,2,0,0,0,0,0,1,0,1,0,3.8333333333333335,11.0,70.720896,3,1,BAGGAGE,UPPER APEX,LANG_09,One-Way,google,Direct,Direct,Logged-In,AREA_C,AREA_B,AREA_C_TO_AREA_B,CA,BA,8_14,high,unknown_or_oneway,Y,L,0,0.4592927107231424,32.48159202860944
4.0,83.68553700000001,,1,1,0,0,0,0,0,0,0,2,1,3.3333333333333335,15.0,51.7352136,1,0,BAGGAGE,UPPER HORIZON,LANG_05,One-Way,google,Paid Search,Paid Search,Logged-Out,AREA_C,AREA_B,AREA_C_TO_AREA_B,CI,BE,4_7,high,unknown_or_oneway,Y,E,0,0.6276761226121654,32.47295827496017
4.0,50.5338321,,1,1,0,0,0,0,0,0,0,2,1,7.916666666666667,23.0,46.6512926,3,0,BAGGAGE,NORTH VERTEX,LANG_02,One-Way,google,MetaSearches,Organic Search,Logged-Out,AREA_B,AREA_B,AREA_B_TO_AREA_B,BA,BE,4_7,mid,unknown_or_oneway,Y,T,0,0.6960153291372876,32.47001477366891
0.0,81.3457341,,2,2,0,0,0,0,0,0,0,2,1,3.0,14.0,45.6936138,1,0,BAGGAGE,CENTRAL MERIDIAN,LANG_02,One-Way,google,Paid Search,Paid Search,Logged-Out,AREA_C,AREA_B,AREA_C_TO_AREA_B,CI,BI,invalid_or_past,high,unknown_or_oneway,Y,S,0,0.7102877291686294,32.455613183510344
135.0,464.7316263,11.885416666666666,3,3,0,0,0,0,0,1,0,2,1,291.1666666666667,10.0,44.71452,4,1,BAGGAGE,UPPER APEX,LANG_09,Round-Trip,google,MetaSearches,MetaSearches,Logged-In,AREA_C,AREA_C,AREA_C_TO_AREA_C,CA,CA,120_plus,very_high,9_14,Y,L,0,0.7257043755159549,32.449522813095676
26.0,163.1120588,,2,2,0,0,0,0,0,1,0,2,1,336.8333333333333,23.0,44.71452,1,1,BAGGAGE,UPPER APEX,LANG_09,Multi-City,apple,Direct,Direct,Logged-In,AREA_C,AREA_B,AREA_C_TO_AREA_B,CA,BO,15_30,very_high,unknown_or_oneway,Y,O,1,0.725600838646801,32.444893211689156
187.0,187.4733345,21.42361111111111,2,2,0,0,0,0,0,0,0,2,1,528.8333333333334,13.0,44.71452,1,1,BAGGAGE,LOWER VERTEX,LANG_02,Round-Trip,apple,Paid Search,Paid Search,Logged-Out,AREA_C,AREA_B,AREA_C_TO_AREA_B,CA,BU,120_plus,very_high,15_30,Y,O,0,0.7255344338053238,32.441923951076824
32.0,90.4796599,,2,2,0,0,0,0,0,0,0,2,1,15.0,13.0,56.1064434,1,0,BAGGAGE,OLD ZENITH,LANG_02,One-Way,google,MetaSearches,MetaSearches,Logged-Out,AREA_B,AREA_C,AREA_B_TO_AREA_C,BU,CE,31_60,high,unknown_or_oneway,Y,V,0,0.5770760248557166,32.37768332606426
11.0,82.0588536,,1,1,0,0,0,0,0,0,0,1,0,0.5833333333333334,7.0,54.9543164,1,0,BAGGAGE,LOWER VERTEX,LANG_02,One-Way,google,Paid Search,Affiliate,Logged-Out,AREA_B,AREA_B,AREA_B_TO_AREA_B,BI,BI,8_14,high,unknown_or_oneway,Y,T,0,0.5885827612923573,32.34516329164588
,139.7392995,5.888888888888889,1,1,0,0,0,0,0,1,0,4,1,143.16666666666666,10.0,32.9097154,2,0,BAGGAGE,SOUTH HORIZON,LANG_02,Round-Trip,apple,Direct,Organic Search,Logged-In,AREA_C,AREA_C,AREA_C_TO_AREA_C,CA,CE,MISSING,very_high,6_8,Y,W,1,0.9817530516067878,32.309213521460904
266.0,161.3247629,30.78125,2,2,0,0,0,0,0,0,0,2,1,742.0,15.0,47.0324796,2,0,BAGGAGE,LOWER VERTEX,LANG_02,Round-Trip,microsoft,Direct,Direct,Logged-Out,AREA_B,AREA_B,AREA_B_TO_AREA_B,BU,BE,120_plus,very_high,30_plus,Y,U,0,0.6869220426135625,32.30764695601271
133.0,167.96384120000002,,2,2,0,0,0,0,0,0,0,4,1,264.8333333333333,14.0,48.56922,2,0,BAGGAGE,UPPER APEX,LANG_09,Multi-City,apple,Direct,Direct,Logged-Out,AREA_B,AREA_B,AREA_B_TO_AREA_B,BE,BU,120_plus,very_high,unknown_or_oneway,Y,O,0,0.664743941703992,32.28609474828836
8.0,175.1999697,,2,2,0,0,0,0,0,0,0,1,0,3.25,15.0,46.5185196,1,1,BAGGAGE,UPPER APEX,LANG_09,Round-Trip,google,MetaSearches,MetaSearches,Logged-Out,AREA_C,AREA_D,AREA_C_TO_AREA_D,CA,DA,8_14,very_high,unknown_or_oneway,Y,O,0,0.6939615059612183,32.282061916702446
265.0,158.6667331,8.13888888888889,2,2,0,0,0,0,0,0,0,4,1,197.41666666666666,10.0,48.6651592,1,0,BAGGAGE,LOWER ZENITH,LANG_02,Round-Trip,google,Paid Search,Organic Search,Logged-Out,AREA_C,AREA_B,AREA_C_TO_AREA_B,CE,BU,120_plus,very_high,9_14,Y,T,0,0.6633221737357835,32.28067918574196
0.0,275.0748184,,2,2,0,0,0,0,0,0,0,1,0,2.4166666666666665,17.0,46.3326374,1,0,BAGGAGE,LOWER VERTEX,LANG_02,One-Way,apple,Organic Search,Organic Search,Logged-Out,AREA_B,AREA_B,AREA_B_TO_AREA_B,BE,BA,invalid_or_past,very_high,unknown_or_oneway,C,C,1,0.6966359165576076,32.276979321680294
80.0,427.3299005,16.239583333333332,5,4,1,0,0,0,1,1,0,2,1,404.25,23.0,33.53589,1,1,BAGGAGE,UPPER APEX,LANG_09,Round-Trip,google,Paid Search,Paid Search,Logged-In,AREA_C,AREA_B,AREA_C_TO_AREA_B,CA,BU,61_120,very_high,15_30,Y,U,1,0.9609596594899568,32.22663743509265
72.0,209.31021,12.48263888888889,2,2,0,0,0,0,0,0,0,2,1,320.1666666666667,18.0,44.71452,1,1,BAGGAGE,UPPER APEX,LANG_09,Round-Trip,apple,Direct,Direct,Logged-Out,AREA_C,AREA_D,AREA_C_TO_AREA_D,CA,DA,61_120,very_high,9_14,Y,U,0,0.7206618504609068,32.224048725671224
121.0,153.5618254,,1,1,0,0,0,0,0,0,0,2,1,24.166666666666668,21.0,64.9525516,3,0,BAGGAGE,NEW HORIZON,LANG_02,One-Way,google,MetaSearches,MetaSearches,Logged-Out,AREA_B,AREA_C,AREA_B_TO_AREA_C,BO,CE,120_plus,very_high,unknown_or_oneway,Y,Q,0,0.49539857321586417,32.1774013893698
9.0,208.937589,29.211805555555557,2,2,0,0,0,0,0,0,0,2,1,717.4166666666666,12.0,40.1419892,2,0,BAGGAGE,UPPER APEX,LANG_02,Round-Trip,google,MetaSearches,MetaSearches,Logged-Out,AREA_B,AREA_B,AREA_B_TO_AREA_B,BE,BU,8_14,very_high,15_30,Y,T,0,0.8013308638719134,32.16701488317302
64.0,129.355166,83.71875,2,2,0,0,0,0,0,1,0,2,1,2012.75,11.0,44.0789228,2,1,BAGGAGE,LOWER VERTEX,LANG_02,Round-Trip,apple,Direct,Paid MetaSearches,Logged-In,AREA_B,AREA_C,AREA_B_TO_AREA_C,BU,CA,61_120,very_high,30_plus,Y,U,0,0.7291376298915082,32.139601298562766
58.0,105.1279482,4.1875,6,6,0,0,0,0,0,1,0,2,1,101.75,20.0,40.08888,2,0,BAGGAGE,UPPER APEX,LANG_09,Round-Trip,microsoft,Paid Search,Paid Search,Logged-In,AREA_B,AREA_B,AREA_B_TO_AREA_B,BE,BI,31_60,very_high,3_5,Y,O,1,0.8015825997200198,32.13454865026391
150.0,249.9764384,19.229166666666668,4,2,0,2,0,1,0,0,0,2,1,475.9166666666667,20.0,33.9830352,2,1,BAGGAGE,UPPER APEX,LANG_09,Round-Trip,google,Direct,Paid Search,Logged-Out,AREA_C,AREA_B,AREA_C_TO_AREA_B,CA,BU,120_plus,very_high,15_30,Y,O,0,0.9453363791551376,32.12539944866959
,111.8595393,,3,1,0,2,0,1,0,1,0,1,0,0.5833333333333334,18.0,32.2428523,2,1,BAGGAGE,CENTRAL VERTEX,LANG_02,One-Way,apple,Direct,Paid Search,Logged-In,AREA_B,AREA_C,AREA_B_TO_AREA_C,BI,CA,MISSING,very_high,unknown_or_oneway,Y,S,1,0.9963230515296815,32.12429699355681
237.0,279.662768,28.96527777777778,3,1,0,2,0,1,0,0,0,2,1,698.6666666666666,9.0,35.386146,1,1,BAGGAGE,LOWER VERTEX,LANG_02,Round-Trip,google,Direct,Organic Search,Logged-Out,AREA_B,AREA_C,AREA_B_TO_AREA_C,BU,CA,120_plus,very_high,15_30,Y,W,1,0.9077259054655262,32.12092141878531
71.0,210.0837198,19.739583333333332,3,2,0,0,1,1,0,0,0,2,1,477.25,20.0,52.877918,2,1,BAGGAGE,LOWER VERTEX,LANG_02,Round-Trip,apple,Direct,Direct,Logged-Out,AREA_B,AREA_C,AREA_B_TO_AREA_C,BU,CA,61_120,very_high,15_30,Y,U,0,0.6070806375469409,32.10116017159486
83.0,354.91250820000005,11.760416666666666,4,4,0,0,0,0,0,0,0,2,1,286.0,20.0,46.9468196,3,1,BAGGAGE,LOWER VERTEX,LANG_02,Round-Trip,apple,Direct,Direct,Logged-Out,AREA_B,AREA_C,AREA_B_TO_AREA_C,BU,CA,61_120,very_high,9_14,Y,O,0,0.6833065346473725,32.079068613591346
158.0,172.96381540000002,19.42361111111111,2,2,0,0,0,0,0,0,0,2,1,480.8333333333333,14.0,44.71452,1,1,BAGGAGE,UPPER APEX,LANG_09,Round-Trip,apple,Direct,Email,Logged-Out,AREA_C,AREA_B,AREA_C_TO_AREA_B,CA,BU,120_plus,very_high,15_30,Y,O,1,0.717282426487153,32.07293940480833
112.0,399.9268382,14.590277777777779,4,4,0,0,0,0,0,0,0,2,1,353.3333333333333,20.0,43.2463076,2,1,BAGGAGE,LOWER VERTEX,LANG_02,Round-Trip,microsoft,Paid Search,Organic Search,Logged-Out,AREA_B,AREA_C,AREA_B_TO_AREA_C,BU,CA,61_120,very_high,15_30,Y,W,0,0.7412542664306985,32.056510015874345
12.0,72.262776,27.947916666666668,1,1,0,0,0,0,0,0,0,3,1,671.6666666666666,12.0,115.949376,2,0,BAGGAGE,UPPER APEX,LANG_09,Round-Trip,google,Paid Search,Organic Search,Logged-Out,AREA_B,AREA_B,AREA_B_TO_AREA_B,BE,BU,8_14,high,15_30,Y,O,0,0.27643539595385036,32.05251166516187
152.0,316.8593381,7.138888888888889,4,2,1,1,0,1,1,0,0,4,1,173.41666666666666,15.0,36.2239008,2,0,BAGGAGE,LOWER ZENITH,LANG_02,Round-Trip,apple,Direct,Direct,Logged-Out,AREA_C,AREA_B,AREA_C_TO_AREA_B,CE,BO,120_plus,very_high,6_8,Y,W,0,0.8839628994293719,32.02058437980995
27.0,280.0041231,19.427083333333332,3,2,1,0,0,0,1,1,0,2,1,482.4166666666667,20.0,34.345377,1,1,BAGGAGE,UPPER APEX,LANG_09,Round-Trip,google,Direct,Direct,Logged-In,AREA_C,AREA_B,AREA_C_TO_AREA_B,CA,BO,15_30,very_high,15_30,Y,O,0,0.9319528397548473,32.00827162760082
5.0,368.16496679999995,48.31597222222222,2,2,0,0,0,0,0,0,0,5,1,1173.75,19.0,55.50768,2,0,BAGGAGE,LOWER VERTEX,LANG_02,Round-Trip,apple,Direct,Direct,Logged-Out,AREA_C,AREA_B,AREA_C_TO_AREA_B,CU,BU,4_7,very_high,30_plus,Y,Y,0,0.5764272717784624,31.996140545151924
6.0,385.0022964,90.6875,3,2,0,1,0,1,0,1,0,4,1,2182.0833333333335,,35.16343,2,0,BAGGAGE,LOWER VERTEX,LANG_02,Round-Trip,apple,Direct,Direct,Logged-In,AREA_C,AREA_D,AREA_C_TO_AREA_D,CU,DA,4_7,very_high,30_plus,Y,V,1,0.9091641901910753,31.96933136029056
130.0,305.0892258,21.67013888888889,4,3,0,1,0,1,0,0,0,2,1,524.1666666666666,11.0,35.398995,2,1,BAGGAGE,UPPER APEX,LANG_09,Round-Trip,google,Paid Search,Paid Search,Logged-Out,AREA_C,AREA_C,AREA_C_TO_AREA_C,CA,CE,120_plus,very_high,15_30,Y,U,0,0.903053857456672,31.967198984839445
96.0,243.051684,6.458333333333333,2,2,0,0,0,0,0,1,0,2,1,175.25,20.0,45.3107136,1,1,BAGGAGE,UPPER APEX,LANG_09,Round-Trip,google,Paid Search,Organic Search,Logged-In,AREA_C,AREA_B,AREA_C_TO_AREA_B,CA,BU,61_120,very_high,6_8,Y,U,0,0.7053003169765473,31.95766066451355
218.0,317.0996144,,2,2,0,0,0,0,0,0,0,3,1,7.666666666666667,22.0,49.031784,1,1,BAGGAGE,UPPER APEX,LANG_02,Round-Trip,apple,Direct,Direct,Logged-Out,AREA_C,AREA_B,AREA_C_TO_AREA_B,CA,BU,120_plus,very_high,unknown_or_oneway,Y,W,0,0.6514612005244409,31.942304868495075
121.0,95.5109,,2,2,0,0,0,0,0,0,0,5,1,564.0833333333334,23.0,78.6975552,1,0,BAGGAGE,LOWER VERTEX,LANG_02,Multi-City,microsoft,Direct,Organic Search,Logged-Out,AREA_C,AREA_B,AREA_C_TO_AREA_B,CU,BO,120_plus,high,unknown_or_oneway,Y,U,0,0.4058156687502917,31.93670099250099
126.0,252.7346904,14.67013888888889,3,2,0,1,0,1,0,0,0,2,1,356.1666666666667,12.0,35.398995,1,1,BAGGAGE,UPPER APEX,LANG_09,Round-Trip,apple,Direct,Direct,Logged-Out,AREA_C,AREA_C,AREA_C_TO_AREA_C,CA,CE,120_plus,very_high,15_30,Y,U,0,0.9020170076946553,31.930495545298065
118.0,230.6798102,71.22916666666667,2,2,0,0,0,0,0,0,0,2,1,1724.1666666666667,14.0,59.61936,2,1,BAGGAGE,UPPER APEX,LANG_09,Round-Trip,google,Paid Search,Paid Search,Logged-Out,AREA_C,AREA_B,AREA_C_TO_AREA_B,CA,BU,61_120,very_high,30_plus,Y,O,0,0.5355249806150804,31.9276566082835
71.0,419.374228,19.180555555555557,2,2,0,0,0,0,0,0,0,4,1,461.3333333333333,22.0,59.61936,3,0,BAGGAGE,UPPER APEX,LANG_09,Round-Trip,google,Direct,Paid Search,Logged-Out,AREA_B,AREA_B,AREA_B_TO_AREA_B,BE,BU,61_120,very_high,15_30,Y,S,0,0.5354351740403683,31.922302397775375
31.0,200.1381655,,8,8,0,0,0,0,0,1,0,1,0,0.8333333333333334,12.0,36.3943642,1,1,BAGGAGE,NEW APEX,LANG_02,One-Way,google,Paid Search,Paid Search,Logged-In,AREA_C,AREA_C,AREA_C_TO_AREA_C,CU,CA,31_60,very_high,unknown_or_oneway,Y,W,0,0.8766030910278699,31.90341215371405
16.0,356.225676,22.322916666666668,3,3,0,0,0,0,0,1,1,2,1,552.0,16.0,36.1416672,2,1,BAGGAGE,UPPER APEX,LANG_02,Round-Trip,apple,Direct,Email,Logged-In,AREA_C,AREA_B,AREA_C_TO_AREA_B,CA,BO,15_30,very_high,15_30,Y,O,0,0.8813523751454446,31.853544228436213
166.0,406.011268,21.993055555555557,4,2,1,1,0,1,1,0,0,2,1,548.4166666666666,14.0,33.9830352,2,1,BAGGAGE,UPPER APEX,LANG_09,Round-Trip,google,Direct,Affiliate,Logged-Out,AREA_C,AREA_D,AREA_C_TO_AREA_D,CA,DA,120_plus,very_high,15_30,Y,O,0,0.9368103477136472,31.835659022077117
199.0,244.2372184,21.770833333333332,2,2,0,0,0,0,0,0,0,4,1,526.0,13.0,43.9504328,1,0,BAGGAGE,LOWER VERTEX,LANG_02,Round-Trip,google,Paid Search,Paid Search,Logged-Out,AREA_B,AREA_B,AREA_B_TO_AREA_B,BU,BE,120_plus,very_high,15_30,Y,L,0,0.7242840028801564,31.832595396699322
114.0,529.2199007,13.402777777777779,3,1,1,1,0,1,1,0,0,4,1,326.5,10.0,45.8760696,3,0,BAGGAGE,NEW HORIZON,LANG_02,Round-Trip,google,Direct,Direct,Logged-Out,AREA_C,AREA_D,AREA_C_TO_AREA_D,CE,DA,61_120,very_high,9_14,Y,Q,0,0.6931715016219385,31.799984053144566
99.0,346.9264264,18.59375,2,2,0,0,0,0,0,1,0,4,1,447.0833333333333,23.0,67.9660704,3,0,BAGGAGE,UPPER APEX,LANG_09,Round-Trip,google,Organic Search,Partners,Logged-In,AREA_B,AREA_B,AREA_B_TO_AREA_B,BE,BU,61_120,very_high,15_30,Y,V,0,0.4677592346615138,31.791757073254573
187.0,172.99807940000002,7.229166666666667,2,2,0,0,0,0,0,0,0,2,1,188.16666666666666,21.0,44.71452,1,1,BAGGAGE,UPPER APEX,LANG_09,Round-Trip,apple,Affiliate,Affiliate,Logged-Out,AREA_C,AREA_B,AREA_C_TO_AREA_B,CA,BU,120_plus,very_high,6_8,Y,O,0,0.7109446904032592,31.789550577930346
22.0,348.23402630000004,13.53125,2,2,0,0,0,0,0,0,0,4,1,326.8333333333333,19.0,39.4036,1,0,BAGGAGE,NORTH ZENITH,LANG_02,Round-Trip,mozilla,Paid Search,Organic Search,Logged-Out,AREA_C,AREA_B,AREA_C_TO_AREA_B,CE,BU,15_30,very_high,9_14,Y,K,0,0.8061000535305812,31.76324406929761
17.0,66.2019027,9.347222222222221,4,2,0,1,1,1,0,0,0,4,1,227.16666666666666,20.0,40.0597556,4,0,BAGGAGE,NEW APEX,LANG_02,Round-Trip,apple,Direct,Direct,Logged-Out,AREA_C,AREA_B,AREA_C_TO_AREA_B,CU,BI,15_30,high,9_14,Y,L,0,0.792245264340531,31.73715166473907
151.0,398.3416998999999,21.041666666666668,2,2,0,0,0,0,0,1,1,4,1,508.3333333333333,14.0,63.1965216,4,0,BAGGAGE,NORTH MERIDIAN,LANG_02,Round-Trip,microsoft,Paid Search,Paid Search,Logged-In,AREA_B,AREA_C,AREA_B_TO_AREA_C,BI,CI,120_plus,very_high,15_30,Y,W,0,0.5017829071496485,31.710934330193552
76.0,281.8094076,7.239583333333333,4,4,0,0,0,0,0,0,0,2,1,188.25,21.0,33.53589,1,1,BAGGAGE,UPPER APEX,LANG_09,Round-Trip,apple,Direct,MetaSearches,Logged-Out,AREA_C,AREA_B,AREA_C_TO_AREA_B,CA,BU,61_120,very_high,6_8,Y,O,0,0.9450519007530342,31.693156587944674
167.0,187.10756630000003,62.78472222222222,2,2,0,0,0,0,0,0,0,4,1,1510.0,15.0,44.1217528,2,0,BAGGAGE,LOWER VERTEX,LANG_02,Round-Trip,apple,Paid Search,Paid Search,Logged-Out,AREA_B,AREA_C,AREA_B_TO_AREA_C,BU,CU,120_plus,very_high,30_plus,Y,O,0,0.7178066318202067,31.670886767371773
136.0,150.46179,10.333333333333334,2,2,0,0,0,0,0,0,0,2,1,262.4166666666667,19.0,44.71452,1,1,BAGGAGE,UPPER APEX,LANG_09,Round-Trip,apple,Paid Search,Paid Search,Logged-Out,AREA_C,AREA_B,AREA_C_TO_AREA_B,CA,BU,120_plus,very_high,9_14,Y,O,0,0.7077796319589038,31.648026508819044
7.0,324.94307230000004,32.24652777777778,2,2,0,0,0,0,0,1,0,2,1,788.0833333333334,13.0,46.2726754,2,1,BAGGAGE,LOWER VERTEX,LANG_02,Round-Trip,apple,Direct,Direct,Logged-In,AREA_C,AREA_B,AREA_C_TO_AREA_B,CA,BU,4_7,very_high,30_plus,Y,H,1,0.6837254702410975,31.637806747178665
128.0,185.9939863,23.18402777777778,3,2,0,0,1,1,0,0,0,4,1,558.9166666666666,20.0,46.0782272,3,0,BAGGAGE,NORTH HORIZON,LANG_04,Round-Trip,google,Paid Search,Paid Search,Logged-Out,AREA_C,AREA_C,AREA_C_TO_AREA_C,CU,CA,120_plus,very_high,15_30,Y,L,0,0.6864780871364733,31.631693266895812
351.0,199.754837,9.26736111111111,5,3,1,1,0,1,1,0,0,2,1,229.08333333333334,9.0,35.2782144,4,1,BAGGAGE,UPPER APEX,LANG_09,Round-Trip,google,Direct,Direct,Logged-Out,AREA_C,AREA_B,AREA_C_TO_AREA_B,CA,BE,120_plus,very_high,9_14,Y,L,0,0.8964231928688949,31.624209591161428
1.0,212.6578028,,2,2,0,0,0,0,0,1,0,1,0,4.5,16.0,48.941841,1,1,BAGGAGE,UPPER VERTEX,LANG_10,One-Way,apple,Direct,Direct,Logged-In,AREA_C,AREA_B,AREA_C_TO_AREA_B,CA,BO,0_3,very_high,unknown_or_oneway,C,D,0,0.645803872794605,31.606830459497782
41.0,455.115863,20.572916666666668,2,2,0,0,0,0,0,0,0,4,1,500.4166666666667,15.0,47.1181396,2,0,BAGGAGE,LOWER VERTEX,LANG_09,Round-Trip,google,Paid Search,Paid Search,Logged-Out,AREA_B,AREA_C,AREA_B_TO_AREA_C,BO,CE,31_60,very_high,15_30,Y,S,0,0.6705804026771951,31.59650102636829
144.0,333.1938435,28.78125,2,2,0,0,0,0,0,0,0,2,1,694.0,9.0,51.4739506,2,0,BAGGAGE,LOWER VERTEX,LANG_02,Round-Trip,apple,Email,MetaSearches,Logged-Out,AREA_B,AREA_B,AREA_B_TO_AREA_B,BU,BE,120_plus,very_high,15_30,Y,L,0,0.6135802850895998,31.58340128383598
4.0,91.2296132,,2,2,0,0,0,0,0,1,0,2,1,4.25,14.0,43.8030976,3,0,BAGGAGE,LOWER ZENITH,LANG_02,One-Way,microsoft,Paid Search,Paid Search,Logged-In,AREA_C,AREA_B,AREA_C_TO_AREA_B,CE,BI,4_7,high,unknown_or_oneway,Y,T,0,0.7209959378043873,31.581855432849107
144.0,86.6185354,5.225694444444445,3,1,0,2,0,1,0,1,0,2,1,128.0,23.0,49.6279776,2,1,BAGGAGE,UPPER APEX,LANG_09,Round-Trip,samsung,Direct,Direct,Logged-In,AREA_C,AREA_B,AREA_C_TO_AREA_B,CA,BO,120_plus,high,6_8,Y,S,0,0.6355183889772086,31.539492372548995
166.0,731.9077361,52.90277777777778,4,2,2,0,0,0,1,1,0,4,1,1273.0,12.0,41.7275558,4,0,BAGGAGE,NORTH MERIDIAN,LANG_02,Round-Trip,google,Direct,Organic Search,Logged-In,AREA_B,AREA_C,AREA_B_TO_AREA_C,BI,CE,120_plus,very_high,30_plus,Y,L,0,0.7553177021696361,31.51756156401127
103.0,487.602418,7.0,2,2,0,0,0,0,0,0,0,2,1,175.25,10.0,44.7033842,1,1,BAGGAGE,UPPER APEX,LANG_09,Round-Trip,apple,Direct,Direct,Logged-Out,AREA_C,AREA_B,AREA_C_TO_AREA_B,CA,BU,61_120,very_high,6_8,Y,T,0,0.7048738852610968,31.51024810537353
85.0,227.3253646,,2,2,0,0,0,0,0,1,0,4,1,683.8333333333334,19.0,45.3107136,2,0,BAGGAGE,UPPER APEX,LANG_09,Multi-City,google,Paid Search,Paid Search,Logged-In,AREA_C,AREA_B,AREA_C_TO_AREA_B,CE,BU,61_120,very_high,unknown_or_oneway,Y,W,1,0.695264134435813,31.50291407177302
89.0,129.192412,8.17361111111111,2,2,0,0,0,0,0,0,0,4,1,197.16666666666666,21.0,44.71452,1,0,BAGGAGE,UPPER APEX,LANG_09,Round-Trip,google,Affiliate,Affiliate,Logged-Out,AREA_B,AREA_B,AREA_B_TO_AREA_B,BE,BU,61_120,very_high,9_14,Y,O,0,0.704043478731445,31.480966210606773
94.0,155.5941089,12.586805555555555,2,2,0,0,0,0,0,0,0,3,1,305.3333333333333,13.0,51.027662,2,0,BAGGAGE,LOWER VERTEX,LANG_09,Round-Trip,apple,Direct,Direct,Logged-Out,AREA_B,AREA_B,AREA_B_TO_AREA_B,BU,BE,61_120,very_high,9_14,Y,O,1,0.6166195292927191,31.46465292334797
181.0,205.836697,8.260416666666666,2,2,0,0,0,0,0,1,0,4,1,199.16666666666666,22.0,45.3107136,1,0,BAGGAGE,UPPER APEX,LANG_09,Round-Trip,apple,Direct,Direct,Logged-In,AREA_C,AREA_D,AREA_C_TO_AREA_D,CU,DA,120_plus,very_high,9_14,Y,O,0,0.6936269644194633,31.428732730047688
25.0,209.25881399999997,7.847222222222222,2,2,0,0,0,0,0,0,0,4,1,191.33333333333334,13.0,46.5973268,2,0,BAGGAGE,LOWER VERTEX,LANG_02,Round-Trip,google,Paid Search,Paid Search,Logged-Out,AREA_B,AREA_B,AREA_B_TO_AREA_B,BU,BU,15_30,very_high,6_8,Y,U,0,0.674208731286127,31.41632458315304
203.0,291.0786762,,2,2,0,0,0,0,0,0,0,4,1,492.1666666666667,18.0,45.3107136,2,0,BAGGAGE,UPPER APEX,LANG_09,Multi-City,google,Paid Search,Organic Search,Logged-Out,AREA_C,AREA_B,AREA_C_TO_AREA_B,CE,BU,120_plus,very_high,unknown_or_oneway,Y,U,0,0.6929973905414224,31.400206288369738
3.0,243.1818872,28.479166666666668,2,2,0,0,0,0,0,1,0,3,1,699.8333333333334,15.0,40.1419892,2,0,BAGGAGE,WEST VERTEX,LANG_02,Round-Trip,microsoft,Organic Search,Organic Search,Logged-In,AREA_B,AREA_B,AREA_B_TO_AREA_B,BE,BU,0_3,very_high,15_30,Y,V,1,0.7820846544235142,31.394433751354434
65.0,167.5612392,9.239583333333334,2,2,0,0,0,0,0,1,0,2,1,236.25,19.0,44.71452,1,1,BAGGAGE,UPPER APEX,LANG_09,Round-Trip,google,Organic Search,Paid Search,Logged-In,AREA_C,AREA_B,AREA_C_TO_AREA_B,CA,BU,61_120,very_high,9_14,Y,O,0,0.7019945818438973,31.389350769750582
210.0,690.3690606,16.39236111111111,3,3,0,0,0,0,0,1,0,2,1,400.6666666666667,14.0,42.1858368,3,1,BAGGAGE,UPPER APEX,LANG_09,Round-Trip,google,Paid Search,Paid Search,Logged-In,AREA_C,AREA_B,AREA_C_TO_AREA_B,CA,BU,120_plus,very_high,15_30,Y,S,0,0.743120555501011,31.34916247709099
17.0,244.26548620000003,21.27777777777778,2,2,0,0,0,0,0,1,0,2,1,530.25,19.0,42.1858368,2,1,BAGGAGE,UPPER APEX,LANG_09,Round-Trip,google,Paid Search,Affiliate,Logged-In,AREA_C,AREA_D,AREA_C_TO_AREA_D,CA,DA,15_30,very_high,15_30,Y,W,1,0.742855351146864,31.337974609488295
196.0,816.2798379999999,17.92361111111111,6,4,0,2,0,1,0,1,0,2,1,450.4166666666667,12.0,33.9830352,2,1,BAGGAGE,UPPER APEX,LANG_09,Round-Trip,google,Paid Search,Paid Search,Logged-In,AREA_C,AREA_B,AREA_C_TO_AREA_B,CA,BU,120_plus,very_high,15_30,Y,W,1,0.9219466295303703,31.330544763851936
113.0,190.6269074,21.256944444444443,2,2,0,0,0,0,0,0,0,2,1,524.5833333333334,14.0,67.07178,3,1,BAGGAGE,UPPER APEX,LANG_09,Round-Trip,google,Paid Search,Paid Search,Logged-Out,AREA_C,AREA_B,AREA_C_TO_AREA_B,CA,BU,61_120,very_high,15_30,Y,O,0,0.46672339187141443,31.3039686604533
241.0,680.6063904,23.04513888888889,3,3,0,0,0,0,0,0,0,2,1,560.3333333333334,18.0,41.63076,3,1,BAGGAGE,UPPER APEX,LANG_09,Round-Trip,google,Paid Search,Paid Search,Logged-Out,AREA_C,AREA_B,AREA_C_TO_AREA_B,CA,BU,120_plus,very_high,15_30,Y,S,0,0.7518811915649594,31.30138543455485
0.0,76.8580067,,1,1,0,0,0,0,0,0,0,1,0,1.0833333333333333,23.0,59.7285765,1,1,BAGGAGE,WEST AURORA,LANG_02,One-Way,google,MetaSearches,Paid Search,Logged-Out,AREA_C,AREA_C,AREA_C_TO_AREA_C,CU,CA,invalid_or_past,high,unknown_or_oneway,Y,Q,0,0.5236952782604403,31.279573490267495
48.0,325.3606648,27.64236111111111,2,2,0,0,0,0,0,0,0,2,1,669.3333333333334,14.0,61.3873824,3,0,BAGGAGE,UPPER APEX,LANG_09,Round-Trip,google,Direct,Organic Search,Logged-Out,AREA_B,AREA_C,AREA_B_TO_AREA_C,BE,CA,31_60,very_high,15_30,Y,W,0,0.5094354260824296,31.272907309029044
183.0,278.3324682,26.22222222222222,2,2,0,0,0,0,0,0,0,2,1,649.9166666666666,22.0,45.3107136,2,1,BAGGAGE,UPPER APEX,LANG_09,Round-Trip,microsoft,Direct,MetaSearches,Logged-Out,AREA_C,AREA_D,AREA_C_TO_AREA_D,CA,DA,120_plus,very_high,15_30,Y,V,1,0.6898373576413082,31.257022942666087
78.0,196.8115594,7.319444444444445,2,2,0,0,0,0,0,0,0,2,1,191.83333333333334,13.0,44.71452,1,1,BAGGAGE,UPPER APEX,LANG_09,Round-Trip,apple,Organic Search,Organic Search,Logged-Out,AREA_C,AREA_B,AREA_C_TO_AREA_B,CA,BO,61_120,very_high,6_8,Y,L,0,0.6990212023700164,31.256397533798147
1.0,121.6363434,,3,3,0,0,0,0,0,0,0,1,0,2.4166666666666665,11.0,35.5420472,1,0,BAGGAGE,NORTH HORIZON,LANG_04,One-Way,google,Direct,Email,Logged-Out,AREA_B,AREA_B,AREA_B_TO_AREA_B,BE,BA,0_3,very_high,unknown_or_oneway,Y,T,0,0.8792713302250129,31.251103120464194
7.0,63.7117665,,1,1,0,0,0,0,0,0,0,3,1,1198.1666666666667,10.0,49.233085,1,1,BAGGAGE,LOWER VERTEX,LANG_02,Multi-City,apple,Paid Search,Organic Search,Logged-Out,AREA_B,AREA_C,AREA_B_TO_AREA_C,BU,CA,4_7,high,unknown_or_oneway,Y,W,0,0.6342808664123898,31.227603809954832
33.0,133.8313293,12.760416666666666,3,3,0,0,0,0,0,0,0,2,1,310.0,19.0,44.0789228,2,1,BAGGAGE,LOWER VERTEX,LANG_02,Round-Trip,google,Paid Search,Paid Search,Logged-Out,AREA_B,AREA_C,AREA_B_TO_AREA_C,BU,CA,31_60,very_high,9_14,Y,O,0,0.7082842763087647,31.220407935867907
26.0,144.8137979,7.722222222222222,3,3,0,0,0,0,0,0,0,4,1,188.16666666666666,13.0,40.0597556,4,0,BAGGAGE,NEW APEX,LANG_02,Round-Trip,apple,Direct,Direct,Logged-Out,AREA_C,AREA_B,AREA_C_TO_AREA_B,CU,BI,15_30,very_high,6_8,Y,T,0,0.7790997355353592,31.210544993571126
292.0,142.3986142,11.739583333333334,2,2,0,0,0,0,0,1,0,2,1,285.0833333333333,10.0,45.6670592,2,1,BAGGAGE,LOWER VERTEX,LANG_02,Round-Trip,microsoft,Paid Search,Referrals,Logged-In,AREA_B,AREA_C,AREA_B_TO_AREA_C,BU,CA,120_plus,very_high,9_14,Y,O,1,0.6823637141088412,31.161544128140324
114.0,147.4846767,14.600694444444445,2,2,0,0,0,0,0,0,0,4,1,353.6666666666667,7.0,42.9439278,1,0,BAGGAGE,NORTH MERIDIAN,LANG_02,Round-Trip,google,Paid Search,Paid Search,Logged-Out,AREA_B,AREA_C,AREA_B_TO_AREA_C,BI,CU,61_120,very_high,15_30,Y,O,0,0.7255268689107004,31.156973475461182
,228.934916,16.78125,2,2,0,0,0,0,0,0,0,2,1,406.0,15.0,31.2736094,2,0,BAGGAGE,LOWER VERTEX,LANG_02,Round-Trip,google,Paid Search,Paid Search,Logged-Out,AREA_B,AREA_B,AREA_B_TO_AREA_B,BU,BE,MISSING,very_high,15_30,Y,O,1,0.9957880307643263,31.141885919318725
99.0,155.584258,9.253472222222221,2,2,0,0,0,0,0,1,0,2,1,237.25,1.0,44.71452,1,1,BAGGAGE,UPPER APEX,LANG_09,Round-Trip,google,Direct,Organic Search,Logged-In,AREA_C,AREA_B,AREA_C_TO_AREA_B,CA,BO,61_120,very_high,9_14,Y,O,0,0.6962951463097309,31.134503245569388
12.0,163.7408032,7.239583333333333,2,2,0,0,0,0,0,0,0,2,1,188.25,15.0,43.7482752,2,1,BAGGAGE,UPPER APEX,LANG_09,Round-Trip,apple,Direct,Email,Logged-Out,AREA_C,AREA_B,AREA_C_TO_AREA_B,CA,BU,8_14,very_high,6_8,Y,O,0,0.7115794324990162,31.130372839626787
9.0,194.47903759999997,15.71875,2,1,0,1,0,1,0,0,0,5,1,378.0833333333333,19.0,44.0789228,2,0,BAGGAGE,UPPER APEX,LANG_09,Round-Trip,google,Direct,Direct,Logged-Out,AREA_B,AREA_D,AREA_B_TO_AREA_D,BU,DA,8_14,very_high,15_30,Y,U,0,0.7059531365608332,31.117653806882828
174.0,207.455671,19.21875,2,2,0,0,0,0,0,1,1,2,1,481.8333333333333,13.0,45.3107136,2,1,BAGGAGE,UPPER APEX,LANG_09,Round-Trip,microsoft,Direct,Paid MetaSearches,Logged-In,AREA_C,AREA_D,AREA_C_TO_AREA_D,CA,DA,120_plus,very_high,15_30,Y,O,1,0.6861196321529062,31.088570147817684
139.0,170.40772099999998,7.239583333333333,2,2,0,0,0,0,0,0,0,5,1,175.0,8.0,48.3173796,1,0,BAGGAGE,WEST VERTEX,LANG_02,Round-Trip,google,Direct,Paid Search,Logged-Out,AREA_B,AREA_B,AREA_B_TO_AREA_B,BO,BO,120_plus,very_high,6_8,Y,W,0,0.6433540867101833,31.085183624787245
109.0,158.2975385,43.71527777777778,2,2,0,0,0,0,0,1,1,2,1,1052.3333333333333,8.0,44.2228316,2,1,BAGGAGE,LOWER VERTEX,LANG_02,Round-Trip,apple,Direct,Direct,Logged-In,AREA_B,AREA_C,AREA_B_TO_AREA_C,BU,CA,61_120,very_high,30_plus,Y,U,0,0.7028757922455332,31.0831577961908
53.0,122.0068229,13.239583333333334,3,3,0,0,0,0,0,0,0,2,1,332.25,20.0,33.53589,1,1,BAGGAGE,UPPER APEX,LANG_09,Round-Trip,mozilla,Affiliate,Affiliate,Logged-Out,AREA_C,AREA_B,AREA_C_TO_AREA_B,CA,BU,31_60,very_high,9_14,Y,O,0,0.9255494886126329,31.03912583966951
17.0,656.5654830999999,,5,2,1,2,0,1,1,0,0,4,1,-284.5833333333333,23.0,45.0567317,5,0,BAGGAGE,LOWER VERTEX,LANG_02,Round-Trip,apple,Direct,Organic Search,Logged-Out,AREA_B,AREA_B,AREA_B_TO_AREA_B,BU,BE,15_30,very_high,unknown_or_oneway,Y,Q,0,0.6888756753576654,31.03848647924663
,168.2268174,2.9583333333333335,2,2,0,0,0,0,0,0,0,2,1,72.66666666666667,17.0,31.3875372,1,1,BAGGAGE,UPPER APEX,LANG_02,Round-Trip,google,Paid Search,Paid Search,Logged-Out,AREA_C,AREA_C,AREA_C_TO_AREA_C,CA,CO,MISSING,very_high,3_5,Y,H,1,0.988031811735845,31.011885245642233
188.0,467.690751,17.78472222222222,4,2,1,1,0,1,1,0,0,2,1,430.0,11.0,35.4067044,2,1,BAGGAGE,LOWER VERTEX,LANG_02,Round-Trip,apple,Direct,Direct,Logged-Out,AREA_B,AREA_C,AREA_B_TO_AREA_C,BU,CA,120_plus,very_high,15_30,Y,U,1,0.8757887756419643,31.008794295992953
136.0,221.01864710000004,3.1319444444444446,3,3,0,0,0,0,0,0,0,4,1,77.25,23.0,50.4944285,4,0,BAGGAGE,LOWER ZENITH,LANG_02,Round-Trip,apple,Direct,Paid Search,Logged-Out,AREA_C,AREA_B,AREA_C_TO_AREA_B,CE,BA,120_plus,very_high,3_5,Y,T,0,0.6140334098738406,31.005266111485835
26.0,807.7553831,,2,2,0,0,0,0,0,1,1,2,1,241.25,13.0,38.135832,1,0,BAGGAGE,UPPER APEX,LANG_02,Multi-City,google,Direct,Paid Search,Logged-In,AREA_C,AREA_B,AREA_C_TO_AREA_B,CA,BE,15_30,very_high,unknown_or_oneway,Y,Y,0,0.8114064323582267,30.943659388132698
341.0,224.6467764,5.222222222222222,2,2,0,0,0,0,0,1,0,2,1,145.91666666666666,19.0,48.56922,1,1,BAGGAGE,UPPER APEX,LANG_09,Round-Trip,opera,Direct,Affiliate,Logged-In,AREA_C,AREA_D,AREA_C_TO_AREA_D,CA,DA,120_plus,very_high,6_8,Y,U,0,0.6368895988676995,30.933231043117047
127.0,209.168871,6.302083333333333,2,2,0,0,0,0,0,0,0,2,1,167.5,21.0,50.0734096,1,1,BAGGAGE,NEW AURORA,LANG_09,Round-Trip,google,Paid Search,Paid Search,Logged-Out,AREA_C,AREA_B,AREA_C_TO_AREA_B,CA,BO,120_plus,very_high,6_8,Y,U,1,0.6167940259757535,30.884979901516942
243.0,179.5257997,27.35763888888889,2,2,0,0,0,0,0,1,0,2,1,671.0,14.0,74.5242,3,1,BAGGAGE,UPPER VERTEX,LANG_11,Round-Trip,apple,Direct,Direct,Logged-In,AREA_C,AREA_B,AREA_C_TO_AREA_B,CA,BI,120_plus,very_high,15_30,Y,O,0,0.4143285563629699,30.87750420010524
319.0,117.585482,12.274305555555555,4,4,0,0,0,0,0,0,0,2,1,296.4166666666667,15.0,33.458796,1,1,BAGGAGE,UPPER APEX,LANG_09,Round-Trip,microsoft,Paid Search,Paid Search,Logged-Out,AREA_C,AREA_C,AREA_C_TO_AREA_C,CA,CE,120_plus,very_high,9_14,Y,L,1,0.9227533686941221,30.874216721449415
143.0,162.7861225,14.67013888888889,3,3,0,0,0,0,0,0,0,2,1,356.1666666666667,18.0,35.398995,1,1,BAGGAGE,UPPER APEX,LANG_09,Round-Trip,google,Direct,Direct,Logged-Out,AREA_C,AREA_C,AREA_C_TO_AREA_C,CA,CE,120_plus,very_high,15_30,Y,U,0,0.872158736585031,30.873542755579827
98.0,230.1615672,,2,2,0,0,0,0,0,1,1,4,1,360.8333333333333,12.0,45.3107136,2,0,BAGGAGE,UPPER APEX,LANG_09,Multi-City,mozilla,Paid Search,Paid Search,Logged-In,AREA_C,AREA_B,AREA_C_TO_AREA_B,CE,BU,61_120,very_high,unknown_or_oneway,Y,U,0,0.6811873163100286,30.865083397276315
134.0,218.1623144,,2,2,0,0,0,0,0,0,0,4,1,419.75,12.0,46.0388236,2,0,BAGGAGE,UPPER MERIDIAN,LANG_01,Multi-City,google,Direct,Paid Search,Logged-Out,AREA_B,AREA_B,AREA_B_TO_AREA_B,BI,BU,120_plus,very_high,unknown_or_oneway,Y,S,0,0.6698561493834598,30.839389098840357
1.0,49.5637326,,1,1,0,0,0,0,0,0,0,2,1,13.416666666666666,16.0,56.1064434,1,0,BAGGAGE,OLD ZENITH,LANG_02,One-Way,apple,Direct,Direct,Logged-Out,AREA_B,AREA_C,AREA_B_TO_AREA_C,BU,CE,0_3,mid,unknown_or_oneway,Y,T,0,0.5496291765254834,30.837738283715645
84.0,222.9125897,23.680555555555557,2,2,0,0,0,0,0,0,0,4,1,574.9166666666666,22.0,57.9939615,1,0,BAGGAGE,WEST AURORA,LANG_02,Round-Trip,google,Direct,Direct,Logged-Out,AREA_C,AREA_D,AREA_C_TO_AREA_D,CU,DA,61_120,very_high,15_30,Y,T,0,0.5315449442119109,30.826397030145205
,127.7353354,22.225694444444443,1,1,0,0,0,0,0,1,0,2,1,554.0,12.0,31.248768,2,1,BAGGAGE,UPPER APEX,LANG_02,Round-Trip,mozilla,Paid MetaSearches,Paid MetaSearches,Logged-In,AREA_C,AREA_D,AREA_C_TO_AREA_D,CA,DA,MISSING,very_high,15_30,Y,U,1,0.9862153374290261,30.818014277361353
198.0,247.6747542,,2,2,0,0,0,0,0,1,0,2,1,366.3333333333333,22.0,45.3107136,2,1,BAGGAGE,UPPER APEX,LANG_09,Multi-City,samsung,Direct,Direct,Logged-In,AREA_C,AREA_B,AREA_C_TO_AREA_B,CA,BU,120_plus,very_high,unknown_or_oneway,Y,V,0,0.679768598115727,30.800800263495205
123.0,391.1912314,,2,2,0,0,0,0,0,1,1,3,1,332.1666666666667,19.0,45.3107136,2,1,BAGGAGE,UPPER APEX,LANG_09,Multi-City,google,Organic Search,Organic Search,Logged-In,AREA_C,AREA_B,AREA_C_TO_AREA_B,CA,BU,120_plus,very_high,unknown_or_oneway,Y,L,0,0.6789838524534142,30.765242877541308
47.0,252.5590874,9.98263888888889,2,2,0,0,0,0,0,0,0,2,1,260.1666666666667,11.0,67.07178,3,1,BAGGAGE,UPPER APEX,LANG_09,Round-Trip,mozilla,Display,Display,Logged-Out,AREA_C,AREA_D,AREA_C_TO_AREA_D,CA,DA,31_60,very_high,9_14,Y,W,0,0.45847149569055146,30.750499295227616
251.0,345.184102,,2,2,0,0,0,0,0,1,1,2,1,414.5,14.0,45.3107136,2,1,BAGGAGE,UPPER APEX,LANG_09,Multi-City,mozilla,Direct,Paid Search,Logged-In,AREA_C,AREA_B,AREA_C_TO_AREA_B,CA,BU,120_plus,very_high,unknown_or_oneway,Y,W,0,0.6783489779140814,30.73647625911767
143.0,178.2747354,21.131944444444443,2,1,0,1,0,1,0,1,0,4,1,508.0833333333333,21.0,52.4650368,2,0,BAGGAGE,UPPER APEX,LANG_09,Round-Trip,microsoft,Paid Search,Paid Search,Logged-In,AREA_C,AREA_B,AREA_C_TO_AREA_B,CU,BU,120_plus,very_high,15_30,Y,O,0,0.5848640660053721,30.684914745969476
39.0,488.7978033,16.67361111111111,4,4,0,0,0,0,0,0,0,4,1,405.75,14.0,35.16343,2,0,BAGGAGE,LOWER VERTEX,LANG_02,Round-Trip,apple,Direct,Paid Search,Logged-Out,AREA_C,AREA_D,AREA_C_TO_AREA_D,CU,DA,31_60,very_high,15_30,Y,L,0,0.8717623986774867,30.654156082527894
48.0,407.638808,10.875,4,2,1,1,0,1,1,0,0,2,1,266.0,9.0,32.687856,1,1,BAGGAGE,UPPER APEX,LANG_09,Round-Trip,samsung,Direct,Direct,Logged-Out,AREA_C,AREA_C,AREA_C_TO_AREA_C,CA,CA,31_60,very_high,9_14,Y,L,0,0.936617529431986,30.616018929148517
17.0,163.1647397,10.729166666666666,2,2,0,0,0,0,0,1,0,2,1,262.25,13.0,40.9728912,2,1,BAGGAGE,LOWER VERTEX,LANG_02,Round-Trip,google,Direct,Organic Search,Logged-In,AREA_B,AREA_C,AREA_B_TO_AREA_C,BU,CA,15_30,very_high,9_14,Y,O,1,0.7470275585987138,30.607878881866725
46.0,600.7489988,23.319444444444443,4,2,0,2,0,1,0,0,0,2,1,575.8333333333334,23.0,36.5309919,3,1,BAGGAGE,UPPER APEX,LANG_09,Round-Trip,apple,Direct,Organic Search,Logged-Out,AREA_C,AREA_B,AREA_C_TO_AREA_B,CA,BO,31_60,very_high,15_30,Y,K,0,0.8376473261750031,30.600087687555696
96.0,561.0241738,11.78125,2,2,0,0,0,0,0,1,0,3,1,286.0,22.0,86.4429324,2,0,BAGGAGE,LOWER VERTEX,LANG_02,Round-Trip,google,MetaSearches,Paid Search,Logged-In,AREA_B,AREA_B,AREA_B_TO_AREA_B,BU,BE,61_120,very_high,9_14,Y,W,0,0.35375596519644376,30.57970298557294
34.0,220.6503091,35.763888888888886,3,2,0,1,0,1,0,0,0,3,1,862.0,22.0,42.9439278,2,0,BAGGAGE,NORTH MERIDIAN,LANG_02,Round-Trip,google,Email,Email,Logged-Out,AREA_B,AREA_C,AREA_B_TO_AREA_C,BI,CU,31_60,very_high,30_plus,Y,O,0,0.7120141659497344,30.57668493512261
99.0,123.0051902,6.857638888888889,3,3,0,0,0,0,0,1,1,2,1,167.08333333333334,22.0,40.6885,3,1,BAGGAGE,NORTH HORIZON,LANG_04,Round-Trip,apple,Organic Search,Email,Logged-In,AREA_C,AREA_C,AREA_C_TO_AREA_C,CE,CA,61_120,very_high,6_8,Y,S,0,0.7513640274735908,30.571875231859195
5.0,49.248075500000006,,1,1,0,0,0,0,0,0,0,2,1,6.833333333333333,18.0,48.7246929,1,0,BAGGAGE,LOWER ZENITH,LANG_02,One-Way,google,MetaSearches,MetaSearches,Logged-Out,AREA_B,AREA_C,AREA_B_TO_AREA_C,BI,CE,4_7,mid,unknown_or_oneway,Y,T,0,0.6271126315982712,30.555870388336604
86.0,68.5939582,5.131944444444445,3,2,0,0,1,1,0,0,0,4,1,125.25,19.0,50.4944285,4,0,BAGGAGE,LOWER ZENITH,LANG_02,Round-Trip,google,Paid Search,Paid Search,Logged-Out,AREA_C,AREA_B,AREA_C_TO_AREA_B,CE,BA,61_120,high,6_8,Y,V,0,0.6039011724352862,30.493644572599727
166.0,252.3946202,,2,2,0,0,0,0,0,0,0,4,1,537.0,20.0,44.71452,2,0,BAGGAGE,UPPER APEX,LANG_09,Multi-City,google,Direct,Direct,Logged-Out,AREA_C,AREA_B,AREA_C_TO_AREA_B,CE,BU,120_plus,very_high,unknown_or_oneway,Y,U,0,0.6814876130352612,30.472391502817448
0.0,185.7674156,,2,2,0,0,0,0,0,0,0,2,1,8.5,9.0,35.6701089,1,0,BAGGAGE,LOWER VERTEX,LANG_02,One-Way,apple,MetaSearches,MetaSearches,Logged-Out,AREA_B,AREA_B,AREA_B_TO_AREA_B,BU,BI,invalid_or_past,very_high,unknown_or_oneway,Y,T,1,0.8538627884458762,30.457378649522067
12.0,247.04087020000003,30.770833333333332,2,2,0,0,0,0,0,0,0,4,1,742.0833333333334,12.0,44.4386948,5,0,BAGGAGE,LOWER VERTEX,LANG_02,Round-Trip,google,Paid Search,Paid Search,Logged-Out,AREA_D,AREA_C,AREA_D_TO_AREA_C,DA,CU,8_14,very_high,30_plus,Y,W,0,0.6847456412850114,30.4292025686949
15.0,177.1932779,76.22222222222223,2,2,0,0,0,0,0,0,0,2,1,1843.5,10.0,51.9707786,3,1,BAGGAGE,LOWER VERTEX,LANG_02,Round-Trip,google,Email,Email,Logged-Out,AREA_C,AREA_B,AREA_C_TO_AREA_B,CA,BU,15_30,very_high,30_plus,Y,O,0,0.5854786982150707,30.427783799951655
12.0,616.1746516000001,14.319444444444445,2,2,0,0,0,0,0,1,1,2,1,359.8333333333333,15.0,45.3107136,2,1,BAGGAGE,LOWER VERTEX,LANG_02,Round-Trip,apple,Direct,Direct,Logged-In,AREA_C,AREA_B,AREA_C_TO_AREA_B,CA,BO,8_14,very_high,15_30,Y,T,0,0.6710842683770841,30.407307085899596
52.0,1044.4403876,6.753472222222222,6,5,1,0,0,0,1,0,0,4,1,165.83333333333334,13.0,35.1201717,1,0,BAGGAGE,LOWER VERTEX,LANG_02,Round-Trip,google,Paid Search,Paid Search,Logged-Out,AREA_B,AREA_B,AREA_B_TO_AREA_B,BU,BE,31_60,very_high,6_8,Y,V,0,0.8645223742054392,30.362174220586677
229.0,177.4553975,14.78125,2,2,0,0,0,0,0,0,0,2,1,358.0,12.0,44.7080955,2,0,BAGGAGE,LOWER VERTEX,LANG_02,Round-Trip,google,Paid Search,Organic Search,Logged-Out,AREA_B,AREA_B,AREA_B_TO_AREA_B,BU,BE,120_plus,very_high,15_30,Y,U,1,0.6789766933404839,30.35575484814057
47.0,157.7099109,,1,1,0,0,0,0,0,0,0,1,0,6.666666666666667,10.0,78.63588,1,1,BAGGAGE,UPPER VERTEX,LANG_11,One-Way,google,Organic Search,Organic Search,Logged-Out,AREA_B,AREA_C,AREA_B_TO_AREA_C,BU,CA,31_60,very_high,unknown_or_oneway,Y,K,0,0.3858613391525815,30.342545962241697
200.0,308.2278082,,2,2,0,0,0,0,0,1,0,2,1,337.9166666666667,22.0,45.3107136,2,1,BAGGAGE,UPPER APEX,LANG_09,Multi-City,google,Direct,Direct,Logged-In,AREA_C,AREA_B,AREA_C_TO_AREA_B,CA,BU,120_plus,very_high,unknown_or_oneway,Y,U,0,0.6696263932796349,30.341249724894503
204.0,223.9589266,6.229166666666667,2,2,0,0,0,0,0,0,0,2,1,164.16666666666666,16.0,44.71452,1,1,BAGGAGE,UPPER APEX,LANG_09,Round-Trip,google,Organic Search,Organic Search,Logged-Out,AREA_C,AREA_B,AREA_C_TO_AREA_B,CA,BU,120_plus,very_high,6_8,Y,O,0,0.6784232327698454,30.335369210151907
,113.8571305,62.020833333333336,1,1,0,0,0,0,0,1,0,2,1,1507.8333333333333,13.0,30.6384405,3,1,BAGGAGE,EAST ZENITH,LANG_08,Round-Trip,google,Paid Search,Organic Search,Logged-In,AREA_C,AREA_C,AREA_C_TO_AREA_C,CA,CA,MISSING,very_high,30_plus,Y,L,1,0.9899386002855483,30.330174903502055
137.0,593.0794307,17.96527777777778,4,2,0,2,0,1,0,0,0,2,1,434.6666666666667,19.0,43.7362828,3,1,BAGGAGE,LOWER VERTEX,LANG_02,Round-Trip,apple,Paid Search,Paid Search,Logged-Out,AREA_B,AREA_C,AREA_B_TO_AREA_C,BU,CA,120_plus,very_high,15_30,Y,U,0,0.6934707003182424,30.3298306626327
46.0,311.93560130000003,12.503472222222221,2,2,0,0,0,0,0,1,0,4,1,302.25,14.0,39.4036,1,0,BAGGAGE,LOWER ZENITH,LANG_02,Round-Trip,apple,MetaSearches,Organic Search,Logged-In,AREA_C,AREA_B,AREA_C_TO_AREA_B,CE,BU,31_60,very_high,9_14,Y,V,0,0.7689633065099953,30.29992254439725
138.0,147.7279511,9.253472222222221,4,2,0,2,0,1,0,0,0,2,1,224.5,19.0,32.3897592,1,1,BAGGAGE,SOUTH MERIDIAN,LANG_02,Round-Trip,apple,MetaSearches,MetaSearches,Logged-Out,AREA_B,AREA_C,AREA_B_TO_AREA_C,BI,CA,120_plus,very_high,9_14,Y,V,1,0.9354083843704488,30.297652323419882
16.0,276.7982976,10.319444444444445,2,2,0,0,0,0,0,1,0,2,1,263.8333333333333,23.0,42.1858368,2,1,BAGGAGE,UPPER APEX,LANG_09,Round-Trip,google,Direct,Paid Search,Logged-In,AREA_C,AREA_B,AREA_C_TO_AREA_B,CA,BO,15_30,very_high,9_14,Y,U,0,0.7181209393987554,30.294532752138586
12.0,108.753936,,1,1,0,0,0,0,0,0,0,1,0,7.666666666666667,11.0,70.79799,5,1,BAGGAGE,NORTH VERTEX,LANG_02,Round-Trip,microsoft,Paid Search,Paid Search,Logged-Out,AREA_C,AREA_B,AREA_C_TO_AREA_B,CA,BA,8_14,very_high,unknown_or_oneway,Y,U,0,0.42788295239998203,30.293252985184402
54.0,48.9045789,8.402777777777779,2,2,0,0,0,0,0,0,0,4,1,203.41666666666666,22.0,134.2874688,5,0,BAGGAGE,SOUTH HORIZON,LANG_02,Round-Trip,google,Organic Search,Organic Search,Logged-Out,AREA_C,AREA_C,AREA_C_TO_AREA_C,CA,CI,31_60,mid,9_14,Y,L,0,0.2253006186854894,30.255049802348353
130.0,179.8059079,,2,2,0,0,0,0,0,0,0,4,1,361.8333333333333,19.0,46.1056384,2,0,BAGGAGE,LOWER MERIDIAN,LANG_02,Multi-City,google,Direct,Email,Logged-Out,AREA_C,AREA_B,AREA_C_TO_AREA_B,CE,BU,120_plus,very_high,unknown_or_oneway,Y,V,0,0.6560520925021622,30.247700548468043
49.0,566.5732286,6.722222222222222,4,4,0,0,0,0,0,0,0,4,1,166.0,21.0,40.1968116,1,0,BAGGAGE,NORTH MERIDIAN,LANG_02,Round-Trip,apple,Organic Search,Organic Search,Logged-Out,AREA_B,AREA_B,AREA_B_TO_AREA_B,BI,BI,31_60,very_high,6_8,Y,L,0,0.7524877420572469,30.24760799878455
5.0,256.6005262,,2,2,0,0,0,0,0,0,0,3,1,433.25,19.0,38.135832,2,0,BAGGAGE,EAST ZENITH,LANG_08,Multi-City,google,Organic Search,Organic Search,Logged-Out,AREA_C,AREA_B,AREA_C_TO_AREA_B,CA,BE,4_7,very_high,unknown_or_oneway,Y,S,0,0.7922103951439707,30.211602537864085
92.0,94.1463362,3.90625,3,2,0,1,0,1,0,0,0,4,1,95.41666666666667,21.0,47.1609696,3,0,BAGGAGE,UPPER MERIDIAN,LANG_01,Round-Trip,apple,Paid Search,Paid Search,Logged-Out,AREA_B,AREA_C,AREA_B_TO_AREA_C,BI,CE,61_120,high,3_5,Y,S,0,0.6406047102117685,30.211539263914023
133.0,230.6661046,,2,2,0,0,0,0,0,0,0,4,1,447.4166666666667,10.0,45.3107136,2,0,BAGGAGE,UPPER APEX,LANG_09,Multi-City,google,Affiliate,Paid Search,Logged-Out,AREA_C,AREA_B,AREA_C_TO_AREA_B,CE,BU,120_plus,very_high,unknown_or_oneway,Y,O,0,0.6667382423515535,30.210385545358633
50.0,131.8667172,31.229166666666668,2,2,0,0,0,0,0,0,0,2,1,764.1666666666666,10.0,43.7482752,2,1,BAGGAGE,UPPER APEX,LANG_09,Round-Trip,mozilla,Direct,Organic Search,Logged-Out,AREA_C,AREA_B,AREA_C_TO_AREA_B,CA,BU,31_60,very_high,30_plus,Y,O,1,0.6900579452779592,30.1888448939667
27.0,155.4994546,,2,2,0,0,0,0,0,0,0,2,1,237.16666666666666,15.0,44.71452,2,0,BAGGAGE,UPPER APEX,LANG_09,Multi-City,google,Direct,Organic Search,Logged-Out,AREA_B,AREA_B,AREA_B_TO_AREA_B,BE,BU,15_30,very_high,unknown_or_oneway,Y,O,0,0.6750018763980503,30.182384902238148
33.0,365.2679456,,2,2,0,0,0,0,0,1,0,2,1,409.8333333333333,9.0,45.3107136,3,1,BAGGAGE,UPPER APEX,LANG_02,Multi-City,google,Organic Search,Paid Search,Logged-In,AREA_C,AREA_C,AREA_C_TO_AREA_C,CA,CA,31_60,very_high,unknown_or_oneway,Y,H,0,0.6660240260310276,30.17802389421084
21.0,90.4179847,,1,1,0,0,0,0,0,0,0,2,1,26.0,13.0,55.503397,3,0,BAGGAGE,NORTH MERIDIAN,LANG_02,One-Way,google,Paid Search,Paid Search,Logged-Out,AREA_B,AREA_B,AREA_B_TO_AREA_B,BI,BI,15_30,high,unknown_or_oneway,Y,T,1,0.5436704689675022,30.175557876279452
227.0,494.8004278,21.78125,4,2,0,2,0,1,0,0,0,2,1,526.0,14.0,33.8832413,2,0,BAGGAGE,LOWER VERTEX,LANG_02,Round-Trip,google,MetaSearches,MetaSearches,Logged-Out,AREA_B,AREA_B,AREA_B_TO_AREA_B,BU,BE,120_plus,very_high,15_30,Y,U,0,0.8904504794474738,30.17134846081945
164.0,396.8357971,14.586805555555555,4,2,0,2,0,1,0,0,0,3,1,353.3333333333333,15.0,33.8832413,2,0,BAGGAGE,LOWER VERTEX,LANG_02,Round-Trip,microsoft,Paid Search,Paid Search,Logged-Out,AREA_B,AREA_B,AREA_B_TO_AREA_B,BU,BE,120_plus,very_high,15_30,Y,L,0,0.8898165260894654,30.149868066217103
18.0,362.3906262,10.21875,3,2,0,1,0,1,0,0,0,2,1,261.1666666666667,10.0,33.2716289,2,1,BAGGAGE,UPPER APEX,LANG_09,Round-Trip,google,Paid Search,Paid Search,Logged-Out,AREA_C,AREA_B,AREA_C_TO_AREA_B,CA,BU,15_30,very_high,9_14,Y,L,0,0.9061422774541302,30.14882958605466
0.0,37.3730297,,1,1,0,0,0,0,0,0,0,2,1,4.666666666666667,12.0,48.7246929,2,0,BAGGAGE,LOWER VERTEX,LANG_02,One-Way,google,Paid Search,Paid Search,Logged-Out,AREA_B,AREA_C,AREA_B_TO_AREA_C,BI,CE,invalid_or_past,mid,unknown_or_oneway,Y,T,0,0.6184908157336837,30.135775058094225
38.0,238.3138294,9.645833333333334,3,2,0,1,0,1,0,0,0,3,1,232.0,14.0,36.1763595,2,1,BAGGAGE,UPPER VERTEX,LANG_10,Round-Trip,apple,Organic Search,Organic Search,Logged-Out,AREA_C,AREA_B,AREA_C_TO_AREA_B,CA,BU,31_60,very_high,9_14,Y,O,1,0.8329286269623793,30.132325446832425
115.0,1208.1889002,16.21875,2,2,0,0,0,0,0,0,0,2,1,409.8333333333333,13.0,98.063568,1,1,BAGGAGE,UPPER APEX,LANG_09,Round-Trip,mozilla,Email,Paid Search,Logged-Out,AREA_C,AREA_D,AREA_C_TO_AREA_D,CA,DA,61_120,very_high,15_30,C,F,0,0.30716161993141977,30.12136440313494
5.0,85.50281389999999,,1,1,0,0,0,0,0,0,0,2,1,10.583333333333334,22.0,44.0767813,1,0,BAGGAGE,OLD ZENITH,LANG_02,One-Way,google,Organic Search,Organic Search,Logged-Out,AREA_B,AREA_B,AREA_B_TO_AREA_B,BO,BU,4_7,high,unknown_or_oneway,Y,Q,0,0.6831347765467666,30.1103821442762
1.0,118.0489026,2.625,2,2,0,0,0,0,0,1,0,2,1,64.25,14.0,52.08128,2,0,BAGGAGE,UPPER APEX,LANG_09,Round-Trip,mozilla,Paid Search,Organic Search,Logged-In,AREA_B,AREA_B,AREA_B_TO_AREA_B,BE,BI,0_3,very_high,3_5,Y,W,0,0.5779922138401046,30.10257432682636
13.0,156.1333386,,1,1,0,0,0,0,0,0,0,2,1,12.25,10.0,53.1760148,1,0,BAGGAGE,NEW HORIZON,LANG_02,One-Way,google,Direct,Paid Search,Logged-Out,AREA_C,AREA_B,AREA_C_TO_AREA_B,CE,BO,8_14,very_high,unknown_or_oneway,Y,K,0,0.5660335151070903,30.099406576630656
28.0,150.03349,5.166666666666667,5,4,0,1,0,1,0,1,0,2,1,126.41666666666667,15.0,33.458796,2,1,BAGGAGE,UPPER APEX,LANG_09,Round-Trip,google,Direct,Direct,Logged-In,AREA_C,AREA_B,AREA_C_TO_AREA_B,CA,BA,15_30,very_high,6_8,Y,O,0,0.8989914977782568,30.079173129897146
27.0,136.26578650000002,6.604166666666667,2,2,0,0,0,0,0,0,0,4,1,161.5,6.0,46.5973268,2,0,BAGGAGE,LOWER VERTEX,LANG_02,Round-Trip,apple,Email,Email,Logged-Out,AREA_B,AREA_B,AREA_B_TO_AREA_B,BU,BU,15_30,very_high,6_8,Y,O,0,0.6454834727478209,30.077804323629103
194.0,732.0713466999999,18.770833333333332,4,4,0,0,0,0,0,0,0,2,1,454.0,21.0,44.260522,2,1,BAGGAGE,LOWER VERTEX,LANG_02,Round-Trip,apple,Direct,Direct,Logged-Out,AREA_B,AREA_C,AREA_B_TO_AREA_C,BU,CA,120_plus,very_high,15_30,Y,V,0,0.6795042380284317,30.07521227635064
6.0,367.0214058,10.222222222222221,2,2,0,0,0,0,0,0,0,3,1,263.6666666666667,10.0,34.8109391,1,0,BAGGAGE,EAST ZENITH,LANG_02,Round-Trip,google,Organic Search,Organic Search,Logged-Out,AREA_C,AREA_B,AREA_C_TO_AREA_B,CA,BE,4_7,very_high,9_14,Y,Q,0,0.8629531585123356,30.04020984712556
57.0,300.2875545,21.256944444444443,4,4,0,0,0,0,0,0,0,4,1,511.5,13.0,32.1636168,1,0,BAGGAGE,CENTRAL MERIDIAN,LANG_02,Round-Trip,google,Direct,Email,Logged-Out,AREA_B,AREA_B,AREA_B_TO_AREA_B,BO,BU,31_60,very_high,15_30,Y,L,0,0.9339618134552227,30.039589873806865
152.0,187.1936546,,2,2,0,0,0,0,0,1,0,2,1,750.5,14.0,45.3107136,2,1,BAGGAGE,UPPER APEX,LANG_02,Multi-City,google,Paid Search,Paid Search,Logged-In,AREA_C,AREA_B,AREA_C_TO_AREA_B,CA,BU,120_plus,very_high,unknown_or_oneway,Y,O,0,0.662419145629772,30.01468419078729
118.0,163.8097595,12.902777777777779,2,2,0,0,0,0,0,0,0,4,1,313.0,10.0,47.6046884,2,0,BAGGAGE,NORTH MERIDIAN,LANG_02,Round-Trip,google,MetaSearches,MetaSearches,Logged-Out,AREA_B,AREA_C,AREA_B_TO_AREA_C,BI,CA,61_120,very_high,9_14,Y,O,0,0.6303616399409766,30.008169448703185
16.0,223.7940311,11.590277777777779,3,3,0,0,0,0,0,0,0,2,1,285.0,22.0,41.3712102,3,1,BAGGAGE,NORTH VERTEX,LANG_02,Round-Trip,microsoft,Paid Search,Paid Search,Logged-Out,AREA_B,AREA_C,AREA_B_TO_AREA_C,BA,CA,15_30,very_high,9_14,Y,L,0,0.725251890888262,30.004548425885755
109.0,139.7110317,14.784722222222221,2,2,0,0,0,0,0,0,0,2,1,358.0,11.0,44.2228316,2,1,BAGGAGE,LOWER VERTEX,LANG_02,Round-Trip,google,Organic Search,Paid Search,Logged-Out,AREA_B,AREA_C,AREA_B_TO_AREA_C,BU,CA,61_120,very_high,15_30,Y,U,0,0.6776670255868993,29.968354753402338
4.0,65.2493635,,1,1,0,0,0,0,0,0,1,2,1,3.4166666666666665,15.0,51.0465072,1,0,BAGGAGE,UPPER MERIDIAN,LANG_02,One-Way,google,Paid Search,Organic Search,Logged-Out,AREA_B,AREA_C,AREA_B_TO_AREA_C,BE,CI,4_7,high,unknown_or_oneway,Y,B,0,0.5870460196860484,29.96664887063521
116.0,358.9890676,25.052083333333332,2,2,0,0,0,0,0,1,0,4,1,602.25,15.0,45.3107136,2,0,BAGGAGE,UPPER APEX,LANG_09,Round-Trip,google,Direct,Paid Search,Logged-In,AREA_B,AREA_D,AREA_B_TO_AREA_D,BE,DA,61_120,very_high,15_30,Y,L,0,0.6613141287145937,29.96461508582049
1.0,127.5113345,,3,2,1,0,0,0,1,0,0,2,1,6.166666666666667,19.0,33.1983896,3,0,BAGGAGE,CENTRAL VERTEX,LANG_02,One-Way,google,Direct,Direct,Logged-Out,AREA_B,AREA_C,AREA_B_TO_AREA_C,BI,CE,0_3,very_high,unknown_or_oneway,Y,T,1,0.9023588396038515,29.956860316172573
9.0,451.0324508,30.98263888888889,3,1,0,2,0,1,0,0,0,2,1,764.1666666666666,21.0,46.1587476,3,1,BAGGAGE,LOWER VERTEX,LANG_02,Round-Trip,google,Paid Search,MetaSearches,Logged-Out,AREA_C,AREA_D,AREA_C_TO_AREA_D,CA,DA,8_14,very_high,30_plus,Y,K,1,0.6480661229169167,29.913920595832533
58.0,328.2324163,8.833333333333334,2,2,0,0,0,0,0,0,0,5,1,214.25,14.0,69.0582354,3,0,BAGGAGE,NEW ZENITH,LANG_02,Round-Trip,mozilla,Direct,Email,Logged-Out,AREA_C,AREA_B,AREA_C_TO_AREA_B,CU,BO,31_60,very_high,9_14,Y,T,0,0.4329519918988385,29.89890057344888
157.0,174.3592168,34.423611111111114,2,2,0,0,0,0,0,1,0,2,1,840.8333333333334,20.0,42.1858368,2,1,BAGGAGE,UPPER APEX,LANG_09,Round-Trip,google,Direct,Paid Search,Logged-In,AREA_C,AREA_B,AREA_C_TO_AREA_B,CA,BU,120_plus,very_high,30_plus,Y,O,0,0.708255757099095,29.878361781642862
26.0,72.84012440000001,,1,1,0,0,0,0,0,0,0,2,1,9.083333333333334,3.0,59.7966762,1,0,BAGGAGE,UPPER MERIDIAN,LANG_02,One-Way,google,MetaSearches,MetaSearches,Logged-Out,AREA_B,AREA_B,AREA_B_TO_AREA_B,BI,BU,15_30,high,unknown_or_oneway,Y,L,0,0.49965858540684743,29.877922642123302
0.0,113.705084,,3,3,0,0,0,0,0,1,0,3,1,18.416666666666668,12.0,33.1983896,2,0,BAGGAGE,CENTRAL VERTEX,LANG_02,One-Way,apple,Direct,Direct,Logged-In,AREA_B,AREA_C,AREA_B_TO_AREA_C,BI,CE,invalid_or_past,very_high,unknown_or_oneway,Y,T,0,0.8997003154004689,29.868601593907645
6.0,164.7515912,,3,2,0,1,0,1,0,0,0,1,0,2.5,17.0,34.3826391,2,1,BAGGAGE,UPPER VERTEX,LANG_11,One-Way,google,Paid Search,Paid Search,Logged-Out,AREA_C,AREA_C,AREA_C_TO_AREA_C,CA,CE,4_7,very_high,unknown_or_oneway,Y,T,1,0.8679195039443622,29.841363071970033
29.0,281.8903563,7.229166666666667,2,2,0,0,0,0,0,0,0,4,1,174.75,14.0,48.4544356,2,0,BAGGAGE,UPPER HORIZON,LANG_05,Round-Trip,google,Direct,Direct,Logged-Out,AREA_C,AREA_B,AREA_C_TO_AREA_B,CI,BU,15_30,very_high,6_8,Y,K,0,0.6155034049911404,29.82387009872393
83.0,687.991139,8.4375,5,3,0,2,0,1,0,1,0,2,1,206.25,19.0,37.00512,4,1,BAGGAGE,UPPER APEX,LANG_09,Round-Trip,mozilla,Direct,Referrals,Logged-In,AREA_C,AREA_C,AREA_C_TO_AREA_C,CA,CE,61_120,very_high,9_14,Y,K,0,0.8052035905876399,29.796655494126483
70.0,135.02585800000003,17.78125,2,2,0,0,0,0,0,0,0,3,1,430.0,19.0,93.6229536,2,0,BAGGAGE,LOWER VERTEX,LANG_02,Round-Trip,google,Paid Search,Paid Search,Logged-Out,AREA_B,AREA_B,AREA_B_TO_AREA_B,BU,BE,61_120,very_high,15_30,Y,O,0,0.31824074130698504,29.794638157013466
158.0,410.3049754999999,55.979166666666664,4,1,1,1,1,1,1,1,0,4,1,1346.6666666666667,22.0,44.2074128,2,0,BAGGAGE,LOWER VERTEX,LANG_02,Round-Trip,apple,Direct,Direct,Logged-In,AREA_B,AREA_C,AREA_B_TO_AREA_C,BU,CO,120_plus,very_high,30_plus,Y,U,0,0.6738283106482075,29.788206285151944
,404.9083955,37.197916666666664,5,2,0,3,0,1,0,1,0,4,1,893.6666666666666,17.0,29.80968,2,0,BAGGAGE,UPPER APEX,LANG_09,Round-Trip,mozilla,Internal,Internal,Logged-In,AREA_C,AREA_B,AREA_C_TO_AREA_B,CA,BU,MISSING,very_high,30_plus,Y,L,1,0.9988755059318577,29.77615919166678
0.0,44.900402199999995,,1,1,0,0,0,0,0,0,0,2,1,4.75,18.0,51.7352136,1,0,BAGGAGE,UPPER HORIZON,LANG_02,One-Way,google,Direct,MetaSearches,Logged-Out,AREA_C,AREA_B,AREA_C_TO_AREA_B,CI,BE,invalid_or_past,mid,unknown_or_oneway,Y,Q,0,0.5754129691255561,29.76911286592085
28.0,213.4985557,,2,2,0,0,0,0,0,0,0,1,0,20.583333333333332,15.0,43.5289856,1,1,BAGGAGE,GREAT AURORA,LANG_10,One-Way,google,Direct,Email,Logged-Out,AREA_D,AREA_C,AREA_D_TO_AREA_C,DA,CA,15_30,very_high,unknown_or_oneway,Y,V,0,0.6837605681369622,29.763403924281643
164.0,561.0113248,19.22222222222222,4,3,1,0,0,0,1,0,0,2,1,481.9166666666667,13.0,33.9830352,2,1,BAGGAGE,UPPER APEX,LANG_09,Round-Trip,mozilla,Direct,Direct,Logged-Out,AREA_C,AREA_D,AREA_C_TO_AREA_D,CA,DA,120_plus,very_high,15_30,Y,W,1,0.8750465356124154,29.73673722135477
170.0,246.4129824,9.979166666666666,2,2,0,0,0,0,0,0,0,3,1,242.66666666666666,13.0,47.1695356,2,0,BAGGAGE,LOWER VERTEX,LANG_02,Round-Trip,apple,Direct,Organic Search,Logged-Out,AREA_B,AREA_B,AREA_B_TO_AREA_B,BU,BE,120_plus,very_high,9_14,Y,L,0,0.6302759072126806,29.729821843090836
89.0,197.53452980000003,13.809027777777779,2,2,0,0,0,0,0,0,0,2,1,334.0,10.0,43.72943,2,1,BAGGAGE,LOWER VERTEX,LANG_02,Round-Trip,google,MetaSearches,MetaSearches,Logged-Out,AREA_B,AREA_C,AREA_B_TO_AREA_C,BU,CA,61_120,very_high,9_14,Y,U,0,0.6796339093465377,29.720003464395766
80.0,374.771066,13.319444444444445,4,3,0,1,0,1,0,1,0,2,1,335.8333333333333,17.0,31.05175,1,1,BAGGAGE,UPPER APEX,LANG_09,Round-Trip,google,Paid Search,Paid Search,Logged-In,AREA_C,AREA_B,AREA_C_TO_AREA_B,CA,BO,61_120,very_high,9_14,Y,U,1,0.9568305960199334,29.711264459961964
210.0,197.9992353,20.78125,2,2,0,0,0,0,0,0,0,2,1,502.0,14.0,44.0789228,2,0,BAGGAGE,LOWER VERTEX,LANG_02,Round-Trip,microsoft,Direct,Paid Search,Logged-Out,AREA_B,AREA_B,AREA_B_TO_AREA_B,BU,BE,120_plus,very_high,15_30,Y,U,0,0.673996061293075,29.70902035324152
126.0,246.0677726,21.67013888888889,3,2,0,1,0,1,0,1,0,2,1,524.1666666666666,18.0,35.398995,2,1,BAGGAGE,UPPER APEX,LANG_02,Round-Trip,google,Paid Search,Paid Search,Logged-In,AREA_C,AREA_C,AREA_C_TO_AREA_C,CA,CE,120_plus,very_high,15_30,Y,U,0,0.83893509530584,29.697459244055953
,191.1815559,,2,2,0,0,0,0,0,1,1,1,0,3.25,11.0,29.8413742,1,0,BAGGAGE,UPPER VERTEX,LANG_02,One-Way,google,Direct,Email,Logged-In,AREA_B,AREA_B,AREA_B_TO_AREA_B,BE,BU,MISSING,very_high,unknown_or_oneway,Y,S,1,0.9947784420990226,29.685555736769967
15.0,180.065886,,5,5,0,0,0,0,0,1,0,1,0,1.9166666666666667,16.0,33.728625,3,1,BAGGAGE,UPPER APEX,LANG_02,One-Way,google,Paid Search,Paid Search,Logged-In,AREA_C,AREA_B,AREA_C_TO_AREA_B,CA,BA,15_30,very_high,unknown_or_oneway,Y,V,0,0.8799093244787972,29.678131639348674
209.0,391.0961488,30.74652777777778,2,2,0,0,0,0,0,1,0,4,1,742.75,12.0,45.8760696,2,0,BAGGAGE,LOWER VERTEX,LANG_02,Round-Trip,google,Direct,Paid MetaSearches,Logged-In,AREA_C,AREA_D,AREA_C_TO_AREA_D,CE,DA,120_plus,very_high,30_plus,Y,Q,0,0.6467847407670049,29.671941783645075
145.0,255.8998274,12.958333333333334,2,2,0,0,0,0,0,0,0,2,1,316.9166666666667,23.0,39.31794,1,1,BAGGAGE,UPPER APEX,LANG_09,Round-Trip,apple,Paid Search,Paid Search,Logged-Out,AREA_C,AREA_C,AREA_C_TO_AREA_C,CA,CA,120_plus,very_high,9_14,Y,L,0,0.7545993950845326,29.669293739969945
229.0,419.0881236,,2,2,0,0,0,0,0,0,0,3,1,7.666666666666667,16.0,58.998325,4,1,BAGGAGE,UPPER APEX,LANG_09,Round-Trip,google,Paid Search,Paid Search,Logged-Out,AREA_C,AREA_B,AREA_C_TO_AREA_B,CA,BU,120_plus,very_high,unknown_or_oneway,Y,S,0,0.502833360243348,29.666326008479125
103.0,208.9795624,6.229166666666667,2,2,0,0,0,0,0,0,0,2,1,164.16666666666666,14.0,45.3107136,1,1,BAGGAGE,UPPER APEX,LANG_09,Round-Trip,google,Paid Search,Paid Search,Logged-Out,AREA_C,AREA_B,AREA_C_TO_AREA_B,CA,BU,61_120,very_high,6_8,Y,L,0,0.6542892588674898,29.64631322010109
153.0,276.865969,17.461805555555557,2,2,0,0,0,0,0,0,0,4,1,419.9166666666667,23.0,62.497536,3,0,BAGGAGE,UPPER APEX,LANG_09,Round-Trip,apple,MetaSearches,MetaSearches,Logged-Out,AREA_B,AREA_B,AREA_B_TO_AREA_B,BE,BU,120_plus,very_high,15_30,Y,U,1,0.47429451631464364,29.642238607977028
1.0,149.1229242,,1,1,0,0,0,0,0,0,0,2,1,28.583333333333332,17.0,49.314462,1,0,BAGGAGE,NORTH MERIDIAN,LANG_02,One-Way,microsoft,Paid Search,Paid Search,Logged-Out,AREA_B,AREA_B,AREA_B_TO_AREA_B,BI,BO,0_3,very_high,unknown_or_oneway,Y,T,0,0.6009291039108744,29.634495459506866
,135.835345,,1,1,0,0,0,0,0,1,1,2,1,-957.0833333333334,20.0,30.58062,2,1,BAGGAGE,UPPER APEX,LANG_09,Round-Trip,apple,Direct,Paid Search,Logged-In,AREA_C,AREA_B,AREA_C_TO_AREA_B,CA,BU,MISSING,very_high,unknown_or_oneway,Y,L,1,0.968907057439995,29.62977853889066
1.0,67.8050296,,1,1,0,0,0,0,0,0,0,2,1,12.75,16.0,45.0494506,2,0,BAGGAGE,WEST MERIDIAN,LANG_02,One-Way,google,Paid Search,Paid Search,Logged-Out,AREA_C,AREA_B,AREA_C_TO_AREA_B,CE,BO,0_3,high,unknown_or_oneway,Y,S,0,0.6576236512559681,29.625584190647363
77.0,230.6678178,5.875,2,2,0,0,0,0,0,0,0,2,1,146.0,21.0,48.2968212,1,1,BAGGAGE,UPPER APEX,LANG_09,Round-Trip,google,Paid Search,Organic Search,Logged-Out,AREA_C,AREA_C,AREA_C_TO_AREA_C,CA,CA,61_120,very_high,6_8,Y,L,0,0.6130320090805098,29.607497332438157
87.0,67.87098780000001,9.197916666666666,3,2,0,1,0,1,0,0,0,2,1,222.41666666666666,16.0,40.6233984,4,1,BAGGAGE,UPPER APEX,LANG_09,Round-Trip,google,Email,Paid Search,Logged-Out,AREA_C,AREA_B,AREA_C_TO_AREA_B,CA,BA,61_120,high,9_14,Y,W,0,0.7287788768393484,29.605474659349383
3.0,151.6563187,5.763888888888889,2,2,0,0,0,0,0,0,0,4,1,142.0,19.0,47.6046884,2,0,BAGGAGE,NORTH MERIDIAN,LANG_02,Round-Trip,google,MetaSearches,MetaSearches,Logged-Out,AREA_B,AREA_C,AREA_B_TO_AREA_C,BI,CA,0_3,very_high,6_8,Y,O,0,0.6218685394794556,29.603858047682586
3.0,119.88202660000002,,1,1,0,0,0,0,0,0,0,2,1,8.5,15.0,41.3322349,1,0,BAGGAGE,OLD MERIDIAN,LANG_02,One-Way,apple,Direct,Direct,Logged-Out,AREA_B,AREA_B,AREA_B_TO_AREA_B,BU,BI,0_3,very_high,unknown_or_oneway,Y,H,0,0.7159938565705168,29.593626266729512
160.0,241.2562504,21.25,2,2,0,0,0,0,0,1,0,4,1,510.9166666666667,9.0,47.4076704,2,0,BAGGAGE,UPPER APEX,LANG_09,Round-Trip,google,Paid Search,Paid Search,Logged-In,AREA_B,AREA_B,AREA_B_TO_AREA_B,BE,BU,120_plus,very_high,15_30,Y,U,0,0.6230951515647647,29.539489573220408
6.0,405.86907239999994,22.75347222222222,2,1,0,1,0,1,0,0,0,4,1,549.8333333333334,21.0,58.4783688,2,0,BAGGAGE,LOWER VERTEX,LANG_09,Round-Trip,apple,Direct,Direct,Logged-Out,AREA_B,AREA_B,AREA_B_TO_AREA_B,BU,BE,4_7,very_high,15_30,Y,E,0,0.5050551131917959,29.534799173555584
52.0,185.4256322,24.819444444444443,2,2,0,0,0,0,0,0,0,4,1,596.6666666666666,9.0,45.3107136,2,0,BAGGAGE,LOWER VERTEX,LANG_02,Round-Trip,apple,Paid Search,Paid Search,Logged-Out,AREA_B,AREA_B,AREA_B_TO_AREA_B,BE,BU,31_60,very_high,15_30,Y,O,0,0.6516084412356716,29.524843460171947
4.0,39.9085657,,1,1,0,0,0,0,0,0,0,2,1,3.1666666666666665,14.0,60.039094,3,0,BAGGAGE,LOWER ZENITH,LANG_02,One-Way,google,Paid Search,Paid Search,Logged-Out,AREA_C,AREA_B,AREA_C_TO_AREA_B,CE,BE,4_7,mid,unknown_or_oneway,Y,T,0,0.49135601336761914,29.50056987404374
147.0,204.7269717,7.274305555555555,9,3,3,3,0,1,1,1,0,2,1,176.41666666666666,20.0,33.4074,4,1,BAGGAGE,UPPER APEX,LANG_09,Round-Trip,other,Direct,Direct,Logged-In,AREA_C,AREA_C,AREA_C_TO_AREA_C,CA,CE,120_plus,very_high,6_8,Y,W,1,0.8822351566374864,29.473182771851167
21.0,172.1530435,,1,1,0,0,0,0,0,0,0,1,0,7.166666666666667,13.0,78.63588,1,1,BAGGAGE,SOUTH ZENITH,LANG_07,One-Way,google,Paid Search,Paid Search,Logged-Out,AREA_B,AREA_C,AREA_B_TO_AREA_C,BU,CA,15_30,very_high,unknown_or_oneway,Y,K,0,0.37456079020302585,29.453917351110317
259.0,174.7875168,12.993055555555555,2,2,0,0,0,0,0,1,0,2,1,332.4166666666667,17.0,43.7482752,2,1,BAGGAGE,UPPER APEX,LANG_09,Round-Trip,google,Direct,Affiliate,Logged-In,AREA_C,AREA_D,AREA_C_TO_AREA_D,CA,DA,120_plus,very_high,9_14,Y,O,0,0.6725835628508487,29.42437080259543
65.0,228.4153881,22.77777777777778,2,2,0,0,0,0,0,0,0,2,1,550.0,14.0,52.5404176,2,1,BAGGAGE,NORTH MERIDIAN,LANG_02,Round-Trip,google,Organic Search,Organic Search,Logged-Out,AREA_B,AREA_C,AREA_B_TO_AREA_C,BI,CA,61_120,very_high,15_30,Y,O,0,0.5600315941702052,29.424293826896307
43.0,209.5620504,5.239583333333333,2,2,0,0,0,0,0,1,0,2,1,140.25,9.0,44.71452,1,1,BAGGAGE,UPPER APEX,LANG_09,Round-Trip,microsoft,Organic Search,Referrals,Logged-In,AREA_C,AREA_B,AREA_C_TO_AREA_B,CA,BU,31_60,very_high,6_8,Y,L,0,0.6580306613091015,29.423525165719045
238.0,656.3748896000001,13.0,3,3,0,0,0,0,0,0,0,2,1,319.25,11.0,41.63076,3,1,BAGGAGE,GREAT MERIDIAN,LANG_09,Round-Trip,google,Direct,Direct,Logged-Out,AREA_C,AREA_B,AREA_C_TO_AREA_B,CA,BU,120_plus,very_high,9_14,Y,T,0,0.706554191879206,29.414387989117174
194.0,252.0862442,8.375,2,2,0,0,0,0,0,1,0,4,1,201.91666666666666,11.0,44.71452,2,0,BAGGAGE,UPPER APEX,LANG_09,Round-Trip,apple,Paid Search,Paid Search,Logged-In,AREA_C,AREA_B,AREA_C_TO_AREA_B,CA,BU,120_plus,very_high,9_14,Y,W,0,0.6576914738163994,29.408358559792866
45.0,370.2644934,7.628472222222222,2,2,0,0,0,0,0,0,0,2,1,186.41666666666666,12.0,46.8268956,2,1,BAGGAGE,LOWER VERTEX,LANG_02,Round-Trip,apple,Paid Search,Paid Search,Logged-Out,AREA_B,AREA_C,AREA_B_TO_AREA_C,BU,CA,31_60,very_high,6_8,Y,W,0,0.6278804805933657,29.40169371402336
13.0,103.6567377,,1,1,0,0,0,0,0,1,0,2,1,31.25,14.0,40.8850897,3,0,BAGGAGE,LOWER VERTEX,LANG_02,One-Way,google,Paid Search,Paid Search,Logged-In,AREA_D,AREA_C,AREA_D_TO_AREA_C,DA,CU,8_14,very_high,unknown_or_oneway,Y,Q,0,0.7183815234431954,29.3710930247977
84.0,284.9132977,16.666666666666668,2,2,0,0,0,0,0,1,1,2,1,403.5,5.0,46.98451,2,1,BAGGAGE,LOWER VERTEX,LANG_02,Round-Trip,apple,Direct,Paid Search,Logged-In,AREA_B,AREA_C,AREA_B_TO_AREA_C,BU,CA,61_120,very_high,15_30,Y,S,0,0.6250762799944443,29.368902728161768
207.0,338.3694207,,3,1,1,1,0,1,1,0,0,3,1,1774.5833333333333,17.0,34.1509288,2,0,BAGGAGE,LOWER VERTEX,LANG_02,Multi-City,apple,Paid Search,Paid Search,Logged-Out,AREA_B,AREA_C,AREA_B_TO_AREA_C,BU,CU,120_plus,very_high,unknown_or_oneway,Y,O,1,0.8596169102291158,29.356715896510526
234.0,174.7875168,16.22222222222222,2,2,0,0,0,0,0,0,0,2,1,409.9166666666667,21.0,43.7482752,2,1,BAGGAGE,UPPER APEX,LANG_09,Round-Trip,google,Direct,Email,Logged-Out,AREA_C,AREA_D,AREA_C_TO_AREA_D,CA,DA,120_plus,very_high,15_30,Y,O,0,0.6707994549626826,29.346319159717442
224.0,110.0289851,15.253472222222221,4,2,0,1,1,1,0,0,0,2,1,368.5,9.0,32.2407108,1,1,BAGGAGE,SOUTH MERIDIAN,LANG_04,Round-Trip,mozilla,Direct,Direct,Logged-Out,AREA_B,AREA_C,AREA_B_TO_AREA_C,BI,CA,120_plus,very_high,15_30,Y,W,1,0.9097980585423768,29.332536091866242
15.0,71.324799,4.482638888888889,3,1,1,1,0,1,1,0,0,2,1,109.83333333333333,15.0,42.6535404,1,1,BAGGAGE,WEST APEX,LANG_02,Round-Trip,google,Paid Search,Paid Search,Logged-Out,AREA_B,AREA_C,AREA_B_TO_AREA_C,BE,CA,15_30,high,3_5,Y,U,0,0.6876155785884691,29.32923886099264
49.0,360.14719080000003,12.36111111111111,4,4,0,0,0,0,0,0,0,4,1,297.9166666666667,16.0,36.3703794,3,0,BAGGAGE,UPPER HORIZON,LANG_02,Round-Trip,apple,Paid Search,Paid Search,Logged-Out,AREA_C,AREA_B,AREA_C_TO_AREA_B,CI,BO,31_60,very_high,9_14,Y,L,0,0.8060360369689747,29.315836474634036
89.0,120.3891338,,2,2,0,0,0,0,0,0,0,4,1,607.4166666666666,16.0,35.0533569,1,0,BAGGAGE,UPPER HORIZON,LANG_05,Multi-City,apple,Direct,Direct,Logged-Out,AREA_C,AREA_B,AREA_C_TO_AREA_B,CI,BO,61_120,very_high,unknown_or_oneway,Y,L,0,0.8358127315822182,29.298041981715397
78.0,135.2776984,3.201388888888889,8,8,0,0,0,0,0,0,0,2,1,78.58333333333333,9.0,37.00512,1,0,BAGGAGE,UPPER APEX,LANG_09,Round-Trip,google,Direct,Direct,Logged-Out,AREA_C,AREA_B,AREA_C_TO_AREA_B,CE,BI,61_120,very_high,3_5,Y,O,0,0.7916359371705421,29.29458285130837
4.0,116.0573076,,1,1,0,0,0,0,0,1,0,1,0,14.416666666666666,15.0,49.4630821,1,1,BAGGAGE,NORTH MERIDIAN,LANG_02,One-Way,apple,Direct,Direct,Logged-In,AREA_B,AREA_C,AREA_B_TO_AREA_C,BI,CA,4_7,very_high,unknown_or_oneway,Y,T,0,0.5921091367213883,29.287542841810154
101.0,148.94989099999998,25.322916666666668,2,2,0,0,0,0,0,0,0,2,1,624.0,8.0,45.3107136,2,1,BAGGAGE,UPPER APEX,LANG_09,Round-Trip,apple,Email,Email,Logged-Out,AREA_C,AREA_B,AREA_C_TO_AREA_B,CA,BO,61_120,very_high,15_30,Y,O,1,0.6458105056339353,29.262134860650427
137.0,191.0483546,,2,2,0,0,0,0,0,0,0,2,1,241.0,14.0,45.3107136,2,1,BAGGAGE,UPPER APEX,LANG_09,Multi-City,google,Direct,Paid Search,Logged-Out,AREA_C,AREA_B,AREA_C_TO_AREA_B,CA,BU,120_plus,very_high,unknown_or_oneway,Y,O,0,0.6445802491530964,29.206391061592594
32.0,304.19236559999996,10.246527777777779,4,2,1,1,0,1,1,1,0,2,1,260.4166666666667,10.0,31.6393776,2,1,BAGGAGE,UPPER APEX,LANG_09,Round-Trip,apple,Paid Search,Paid Search,Logged-In,AREA_C,AREA_B,AREA_C_TO_AREA_B,CA,BU,31_60,very_high,9_14,Y,O,1,0.9229725041371558,29.202275572813036
101.0,232.2893616,,2,2,0,0,0,0,0,0,0,3,1,378.9166666666667,19.0,44.71452,2,0,BAGGAGE,UPPER APEX,LANG_09,Multi-City,microsoft,Organic Search,Paid Search,Logged-Out,AREA_B,AREA_B,AREA_B_TO_AREA_B,BE,BU,61_120,very_high,unknown_or_oneway,Y,U,0,0.6523202243653685,29.168185718789758
55.0,196.88351379999995,89.34722222222223,2,2,0,0,0,0,0,0,0,3,1,2159.0,15.0,55.50768,3,0,BAGGAGE,UPPER APEX,LANG_02,Round-Trip,microsoft,Direct,Direct,Logged-Out,AREA_C,AREA_B,AREA_C_TO_AREA_B,CU,BU,31_60,very_high,30_plus,Y,O,0,0.52529527166673,29.157921845189914
14.0,107.8408004,,1,1,0,0,0,0,0,1,0,1,0,1.25,22.0,67.4692424,5,0,BAGGAGE,EAST ZENITH,LANG_02,Round-Trip,google,Organic Search,Referrals,Logged-In,AREA_C,AREA_C,AREA_C_TO_AREA_C,CA,CI,8_14,very_high,unknown_or_oneway,Y,L,0,0.432090081109974,29.152790421044497
216.0,283.50376239999997,17.447916666666668,2,2,0,0,0,0,0,1,0,2,1,439.3333333333333,14.0,45.2918684,2,1,BAGGAGE,UPPER APEX,LANG_09,Round-Trip,apple,Direct,Direct,Logged-In,AREA_C,AREA_D,AREA_C_TO_AREA_D,CA,DA,120_plus,very_high,15_30,Y,L,0,0.6433288008619693,29.13756338657012
18.0,353.2665513,22.680555555555557,3,2,0,1,0,1,0,0,0,4,1,550.9166666666666,18.0,32.413744,1,0,BAGGAGE,WEST AURORA,LANG_02,Round-Trip,apple,Direct,Direct,Logged-Out,AREA_C,AREA_D,AREA_C_TO_AREA_D,CU,DA,15_30,very_high,15_30,Y,T,0,0.8983558147842888,29.119075401329354
53.0,307.270986,,2,2,0,0,0,0,0,0,0,5,1,385.0833333333333,22.0,42.1858368,2,0,BAGGAGE,UPPER APEX,LANG_09,Multi-City,google,Paid Search,Organic Search,Logged-Out,AREA_C,AREA_B,AREA_C_TO_AREA_B,CA,BU,31_60,very_high,unknown_or_oneway,Y,U,0,0.6891689811524669,29.073170166520246
211.0,255.87841240000003,6.642361111111111,2,2,0,0,0,0,0,0,0,2,1,165.33333333333334,20.0,44.71452,1,0,BAGGAGE,UPPER APEX,LANG_09,Round-Trip,microsoft,Paid Search,Paid Search,Logged-Out,AREA_B,AREA_C,AREA_B_TO_AREA_C,BE,CA,120_plus,very_high,6_8,Y,L,0,0.6498153936667401,29.056183416419326
59.0,149.3841872,,2,2,0,0,0,0,0,0,0,2,1,260.5833333333333,23.0,44.9535114,2,1,BAGGAGE,UPPER APEX,LANG_09,Multi-City,apple,Direct,MetaSearches,Logged-Out,AREA_C,AREA_B,AREA_C_TO_AREA_B,CA,BU,31_60,very_high,unknown_or_oneway,Y,O,0,0.646293803812185,29.053175877420422
176.0,138.0946275,176.77083333333334,2,2,0,0,0,0,0,0,1,2,1,4246.25,11.0,35.386146,1,1,BAGGAGE,LOWER VERTEX,LANG_02,Round-Trip,google,Paid Search,Paid Search,Logged-Out,AREA_B,AREA_C,AREA_B_TO_AREA_C,BU,CA,120_plus,very_high,30_plus,Y,O,0,0.8209282222623054,29.049485928494388
187.0,221.765174,,2,2,0,0,0,0,0,0,0,2,1,283.0833333333333,9.0,45.3107136,2,1,BAGGAGE,UPPER APEX,LANG_09,Multi-City,google,MetaSearches,Paid Search,Logged-Out,AREA_C,AREA_B,AREA_C_TO_AREA_B,CA,BU,120_plus,very_high,unknown_or_oneway,Y,O,1,0.6409784331330739,29.04319020746946
8.0,100.6796244,9.145833333333334,3,2,1,0,0,0,1,1,1,2,1,221.83333333333334,8.0,33.715776,1,0,BAGGAGE,UPPER APEX,LANG_09,Round-Trip,google,Paid Search,Affiliate,Logged-In,AREA_B,AREA_B,AREA_B_TO_AREA_B,BE,BA,8_14,high,9_14,Y,S,0,0.8597546372672246,28.987294765062995
130.0,158.5455242,20.65625,2,2,0,0,0,0,0,0,0,4,1,499.0,17.0,43.2531604,1,0,BAGGAGE,NORTH MERIDIAN,LANG_02,Round-Trip,apple,Internal,Internal,Logged-Out,AREA_B,AREA_B,AREA_B_TO_AREA_B,BI,BE,120_plus,very_high,15_30,Y,O,0,0.6701767111083179,28.987260781912536
56.0,187.4643402,4.204861111111111,3,3,0,0,0,0,0,1,1,2,1,104.91666666666667,20.0,40.6233984,4,1,BAGGAGE,UPPER APEX,LANG_09,Round-Trip,microsoft,Paid Search,Paid Search,Logged-In,AREA_C,AREA_B,AREA_C_TO_AREA_B,CA,BU,31_60,very_high,3_5,Y,U,0,0.7135273085856975,28.985904125956527
33.0,253.7788858,4.583333333333333,2,2,0,0,0,0,0,0,0,2,1,114.0,19.0,58.899816,1,1,BAGGAGE,CENTRAL MERIDIAN,LANG_02,Round-Trip,microsoft,MetaSearches,MetaSearches,Logged-Out,AREA_C,AREA_B,AREA_C_TO_AREA_B,CA,BO,31_60,very_high,3_5,Y,L,0,0.4919414553114655,28.975261200617542
57.0,160.1041079,20.760416666666668,2,2,0,0,0,0,0,0,0,2,1,503.0,12.0,41.2178788,2,1,BAGGAGE,LOWER VERTEX,LANG_02,Round-Trip,apple,Paid Search,Paid Search,Logged-Out,AREA_B,AREA_C,AREA_B_TO_AREA_C,BU,CA,31_60,very_high,15_30,Y,O,0,0.7029541899658268,28.974280603963628
4.0,101.71653870000002,,1,1,0,0,0,0,0,0,0,2,1,49.666666666666664,13.0,49.1311496,1,1,BAGGAGE,CENTRAL MERIDIAN,LANG_02,Multi-City,google,Direct,Direct,Logged-Out,AREA_B,AREA_C,AREA_B_TO_AREA_C,BI,CA,4_7,high,unknown_or_oneway,Y,Y,0,0.5894055538149793,28.9581724395546
22.0,424.4859885,9.239583333333334,3,3,0,0,0,0,0,0,0,2,1,236.25,17.0,36.953724,3,1,BAGGAGE,UPPER APEX,LANG_02,Round-Trip,apple,Direct,Direct,Logged-Out,AREA_C,AREA_B,AREA_C_TO_AREA_B,CA,BU,15_30,very_high,9_14,Y,U,0,0.7834610756978021,28.951804356079688
157.0,139.57697380000002,65.55208333333333,1,1,0,0,0,0,0,0,0,4,1,1576.5,,79.479631,4,0,BAGGAGE,LOWER VERTEX,LANG_02,Round-Trip,apple,Organic Search,Organic Search,Logged-Out,AREA_D,AREA_C,AREA_D_TO_AREA_C,DA,CU,120_plus,very_high,30_plus,Y,W,0,0.3642264847378748,28.94858660739342
43.0,74.215824,4.347222222222222,6,4,0,2,0,1,0,0,0,4,1,105.16666666666667,18.0,35.2782144,4,0,BAGGAGE,UPPER APEX,LANG_09,Round-Trip,microsoft,Direct,Direct,Logged-Out,AREA_D,AREA_B,AREA_D_TO_AREA_B,DA,BA,31_60,high,3_5,Y,O,1,0.8201627054804803,28.933875766824443
2.0,245.9315732,3.170138888888889,4,4,0,0,0,0,0,0,0,3,1,77.66666666666667,10.0,33.304608,4,1,BAGGAGE,UPPER APEX,LANG_09,Round-Trip,google,Paid Search,Paid Search,Logged-Out,AREA_C,AREA_D,AREA_C_TO_AREA_D,CA,DA,0_3,very_high,3_5,Y,L,0,0.8687157893684191,28.932238828325765
94.0,294.447684,10.190972222222221,2,2,0,0,0,0,0,1,0,2,1,264.8333333333333,22.0,45.3107136,2,1,BAGGAGE,UPPER APEX,LANG_09,Round-Trip,apple,Direct,Paid Search,Logged-In,AREA_C,AREA_B,AREA_C_TO_AREA_B,CA,BU,61_120,very_high,9_14,Y,U,0,0.6384927986277754,28.930564334285606
165.0,269.79816239999997,13.229166666666666,2,2,0,0,0,0,0,0,0,2,1,332.0833333333333,17.0,45.3107136,2,1,BAGGAGE,UPPER APEX,LANG_09,Round-Trip,microsoft,MetaSearches,Paid Search,Logged-Out,AREA_C,AREA_B,AREA_C_TO_AREA_B,CA,BU,120_plus,very_high,9_14,Y,U,0,0.6378761976505279,28.902625704000066
215.0,161.5479072,17.21527777777778,2,2,0,0,0,0,0,1,0,2,1,429.25,16.0,45.3107136,2,1,BAGGAGE,UPPER APEX,LANG_09,Round-Trip,google,Paid Search,Organic Search,Logged-In,AREA_C,AREA_B,AREA_C_TO_AREA_B,CA,BU,120_plus,very_high,15_30,Y,U,0,0.6375870492814996,28.889524185063113
31.0,288.74444120000004,10.229166666666666,2,2,0,0,0,0,0,0,0,2,1,266.0833333333333,20.0,67.07178,3,1,BAGGAGE,UPPER APEX,LANG_09,Round-Trip,opera,Paid Search,Organic Search,Logged-Out,AREA_C,AREA_D,AREA_C_TO_AREA_D,CA,DA,31_60,very_high,9_14,Y,U,0,0.4306400513063379,28.88379478040741
126.0,100.9742948,11.163194444444445,3,2,0,0,1,1,0,0,0,2,1,272.6666666666667,13.0,40.6233984,3,1,BAGGAGE,UPPER APEX,LANG_09,Round-Trip,apple,Direct,Direct,Logged-Out,AREA_C,AREA_B,AREA_C_TO_AREA_B,CA,BO,120_plus,high,9_14,Y,U,0,0.7108311940691081,28.876378791817096
117.0,40.3835504,,4,3,0,1,0,1,0,1,0,1,0,1.75,14.0,39.677712,2,0,BAGGAGE,UPPER APEX,LANG_09,One-Way,microsoft,Internal,Paid Search,Logged-In,AREA_D,AREA_C,AREA_D_TO_AREA_C,DA,CE,61_120,mid,unknown_or_oneway,Y,O,0,0.7274402674532731,28.863165429213943
2.0,174.9087257,,1,1,0,0,0,0,0,0,0,2,1,6.916666666666667,11.0,43.5002895,3,0,BAGGAGE,OLD ZENITH,LANG_02,One-Way,apple,Direct,Direct,Logged-Out,AREA_C,AREA_C,AREA_C_TO_AREA_C,CE,CA,0_3,very_high,unknown_or_oneway,Y,Y,1,0.6627643130871708,28.83043948956057
161.0,411.1774226,8.770833333333334,3,3,0,0,0,0,0,1,0,2,1,214.0,20.0,44.0909152,2,1,BAGGAGE,LOWER VERTEX,LANG_02,Round-Trip,microsoft,Paid Search,Paid Search,Logged-In,AREA_B,AREA_C,AREA_B_TO_AREA_C,BU,CA,120_plus,very_high,9_14,Y,U,0,0.6538798101293086,28.830159259403445
52.0,161.86056620000002,54.020833333333336,2,2,0,0,0,0,0,0,0,2,1,1312.8333333333333,13.0,41.63076,2,0,BAGGAGE,UPPER APEX,LANG_09,Round-Trip,google,Paid Search,Paid Search,Logged-Out,AREA_B,AREA_B,AREA_B_TO_AREA_B,BE,BU,31_60,very_high,30_plus,Y,O,0,0.6924951383880142,28.82909890739821
24.0,230.001383,8.211805555555555,2,2,0,0,0,0,0,0,0,4,1,198.0,17.0,44.71452,2,0,BAGGAGE,NORTH ZENITH,LANG_09,Round-Trip,google,Paid Search,Organic Search,Logged-Out,AREA_C,AREA_B,AREA_C_TO_AREA_B,CE,BU,15_30,very_high,9_14,Y,S,0,0.6444647105834768,28.816930190679084
45.0,150.898656,,2,2,0,0,0,0,0,0,0,2,1,22.833333333333332,16.0,45.0481657,1,0,BAGGAGE,NEW APEX,LANG_02,One-Way,mozilla,MetaSearches,MetaSearches,Logged-Out,AREA_C,AREA_C,AREA_C_TO_AREA_C,CU,CA,31_60,very_high,unknown_or_oneway,Y,S,0,0.6390770993863374,28.789251068231096
125.0,163.9129798,10.229166666666666,2,2,0,0,0,0,0,0,0,2,1,260.1666666666667,10.0,45.3107136,2,1,BAGGAGE,UPPER APEX,LANG_09,Round-Trip,google,Paid Search,Organic Search,Logged-Out,AREA_C,AREA_B,AREA_C_TO_AREA_B,CA,BU,120_plus,very_high,9_14,Y,O,0,0.6353377090543474,28.78760497424166
210.0,282.9444026,14.78125,3,3,0,0,0,0,0,0,0,2,1,358.0,19.0,44.0789228,2,0,BAGGAGE,LOWER VERTEX,LANG_02,Round-Trip,google,Direct,Email,Logged-Out,AREA_B,AREA_B,AREA_B_TO_AREA_B,BU,BE,120_plus,very_high,15_30,Y,O,0,0.6530124441449909,28.784085112906368
141.0,327.7707089,14.67013888888889,4,2,1,1,0,1,1,0,0,2,1,356.1666666666667,20.0,35.398995,4,1,BAGGAGE,UPPER APEX,LANG_09,Round-Trip,google,Direct,Direct,Logged-Out,AREA_C,AREA_C,AREA_C_TO_AREA_C,CA,CE,120_plus,very_high,15_30,Y,U,0,0.8129475931791015,28.777527786209046
23.0,102.2429194,7.78125,2,2,0,0,0,0,0,0,0,2,1,190.0,15.0,41.3001124,2,0,BAGGAGE,LOWER VERTEX,LANG_02,Round-Trip,apple,Direct,Organic Search,Logged-Out,AREA_B,AREA_B,AREA_B_TO_AREA_B,BU,BE,15_30,very_high,6_8,Y,O,0,0.696477874034398,28.76461448173368
158.0,297.7044772,7.315972222222222,4,4,0,0,0,0,0,0,0,2,1,194.91666666666666,11.0,34.8109391,3,0,BAGGAGE,EAST ZENITH,LANG_08,Round-Trip,microsoft,MetaSearches,MetaSearches,Logged-Out,AREA_C,AREA_B,AREA_C_TO_AREA_B,CA,BE,120_plus,very_high,6_8,Y,O,0,0.8261846256058033,28.76026268731992
131.0,212.8882282,21.21527777777778,2,2,0,0,0,0,0,0,0,2,1,525.25,10.0,40.5617232,2,1,BAGGAGE,UPPER APEX,LANG_09,Round-Trip,google,Paid MetaSearches,Paid MetaSearches,Logged-Out,AREA_C,AREA_B,AREA_C_TO_AREA_B,CA,BU,120_plus,very_high,15_30,Y,O,0,0.7089598903263025,28.75663483131784
20.0,261.8245013,24.875,2,2,0,0,0,0,0,0,0,4,1,599.8333333333334,14.0,44.4386948,5,0,BAGGAGE,LOWER VERTEX,LANG_02,Round-Trip,google,Paid Search,Paid Search,Logged-Out,AREA_D,AREA_C,AREA_D_TO_AREA_C,DA,CU,15_30,very_high,15_30,Y,W,0,0.6470084684378508,28.752211861925083
3.0,118.2232207,,1,1,0,0,0,0,0,0,0,1,0,16.416666666666668,10.0,41.8911664,1,1,BAGGAGE,LOWER VERTEX,LANG_02,One-Way,apple,MetaSearches,MetaSearches,Logged-Out,AREA_B,AREA_C,AREA_B_TO_AREA_C,BO,CA,0_3,very_high,unknown_or_oneway,Y,S,0,0.6861242221025051,28.742543959166603
23.0,88.09103080000001,,1,1,0,0,0,0,0,0,0,2,1,19.416666666666668,13.0,54.0060602,1,0,BAGGAGE,LOWER VERTEX,LANG_02,One-Way,apple,Direct,Paid Search,Logged-Out,AREA_B,AREA_B,AREA_B_TO_AREA_B,BU,BU,15_30,high,unknown_or_oneway,Y,S,0,0.5321541476343649,28.739548932821197
3.0,158.5296771,,1,1,0,0,0,0,0,1,0,2,1,1246.9166666666667,9.0,38.135832,3,0,BAGGAGE,EAST ZENITH,LANG_08,Multi-City,microsoft,Email,Email,Logged-In,AREA_C,AREA_B,AREA_C_TO_AREA_B,CA,BE,0_3,very_high,unknown_or_oneway,Y,K,0,0.75353871273,28.73682575416754
18.0,121.0011745,1.5451388888888888,2,2,0,0,0,0,0,0,0,4,1,40.833333333333336,13.0,57.6517498,2,0,BAGGAGE,CENTRAL VERTEX,LANG_02,Round-Trip,google,Paid Search,Paid Search,Logged-Out,AREA_B,AREA_B,AREA_B_TO_AREA_B,BI,BE,15_30,very_high,1_2,Y,Q,0,0.4981821242404371,28.721071181542193
2.0,176.3465288,,1,1,0,0,0,0,0,1,0,2,1,285.5833333333333,13.0,66.1029654,1,1,BAGGAGE,UPPER APEX,LANG_09,Multi-City,google,Direct,Direct,Logged-In,AREA_D,AREA_C,AREA_D_TO_AREA_C,DA,CA,0_3,very_high,unknown_or_oneway,Y,S,0,0.4343908044576348,28.714520317141197
169.0,350.546418,26.06597222222222,4,2,0,1,1,1,0,0,0,2,1,630.5833333333334,14.0,31.05175,1,1,BAGGAGE,UPPER APEX,LANG_09,Round-Trip,microsoft,Direct,Organic Search,Logged-Out,AREA_C,AREA_C,AREA_C_TO_AREA_C,CA,CA,120_plus,very_high,15_30,Y,O,0,0.9245642284597627,28.709337281075435
,124.0806515,91.22916666666667,1,1,0,0,0,0,0,1,0,2,1,2204.1666666666665,23.0,29.192928,2,1,BAGGAGE,UPPER APEX,LANG_09,Round-Trip,apple,Direct,Paid Search,Logged-In,AREA_C,AREA_B,AREA_C_TO_AREA_B,CA,BU,MISSING,very_high,30_plus,Y,L,1,0.9830076375257424,28.696871185739095
53.0,185.5661146,15.253472222222221,2,2,0,0,0,0,0,1,0,2,1,381.25,23.0,43.7482752,2,1,BAGGAGE,UPPER APEX,LANG_09,Round-Trip,google,Direct,MetaSearches,Logged-In,AREA_C,AREA_B,AREA_C_TO_AREA_B,CA,BO,31_60,very_high,15_30,Y,L,1,0.655953308210946,28.696825845962888
48.0,348.0657044,46.232638888888886,4,2,0,2,0,1,0,1,0,4,1,1110.9166666666667,10.0,34.5419667,3,0,BAGGAGE,UPPER MERIDIAN,LANG_02,Round-Trip,google,Paid Search,Paid Search,Logged-In,AREA_B,AREA_B,AREA_B_TO_AREA_B,BU,BO,31_60,very_high,30_plus,Y,O,0,0.8303538385573284,28.682054640664415
18.0,289.5235189,10.21875,3,2,0,1,0,1,0,0,0,2,1,261.1666666666667,11.0,31.6393776,2,1,BAGGAGE,UPPER APEX,LANG_09,Round-Trip,google,MetaSearches,Paid Search,Logged-Out,AREA_C,AREA_B,AREA_C_TO_AREA_B,CA,BU,15_30,very_high,9_14,Y,U,1,0.9061201968557393,28.66907905930507
108.0,140.5475016,12.590277777777779,2,2,0,0,0,0,0,1,0,2,1,305.3333333333333,15.0,44.4592532,2,1,BAGGAGE,LOWER VERTEX,LANG_02,Round-Trip,samsung,Direct,Direct,Logged-In,AREA_B,AREA_C,AREA_B_TO_AREA_C,BU,CA,61_120,very_high,9_14,Y,U,0,0.6445230301474129,28.65501259055506
79.0,396.0995494,16.23263888888889,4,3,0,1,0,1,0,0,0,4,1,390.9166666666667,20.0,34.5419667,3,0,BAGGAGE,UPPER MERIDIAN,LANG_02,Round-Trip,google,Direct,MetaSearches,Logged-Out,AREA_B,AREA_B,AREA_B_TO_AREA_B,BU,BO,61_120,very_high,15_30,Y,S,1,0.8295355898387907,28.65379072067637
66.0,265.8483798,17.229166666666668,2,2,0,0,0,0,0,0,0,2,1,434.0833333333333,18.0,45.3107136,2,1,BAGGAGE,UPPER APEX,LANG_09,Round-Trip,apple,Direct,Direct,Logged-Out,AREA_C,AREA_D,AREA_C_TO_AREA_D,CA,DA,61_120,very_high,15_30,Y,O,0,0.6313965209287518,28.60902692783908
52.0,153.17035919999998,6.239583333333333,2,2,0,0,0,0,0,0,0,2,1,164.25,5.0,44.71452,1,1,BAGGAGE,UPPER APEX,LANG_09,Round-Trip,google,Paid Search,Organic Search,Logged-Out,AREA_C,AREA_B,AREA_C_TO_AREA_B,CA,BU,31_60,very_high,6_8,Y,U,0,0.639812222421933,28.608896415729973
102.0,103.9895268,12.46875,4,2,0,2,0,1,0,0,0,2,1,301.5833333333333,16.0,31.3155828,1,1,BAGGAGE,NORTH HORIZON,LANG_04,Round-Trip,apple,Direct,Direct,Logged-Out,AREA_C,AREA_C,AREA_C_TO_AREA_C,CA,CU,61_120,very_high,9_14,Y,O,1,0.9134303419649561,28.6046035058359
191.0,655.4510465,,5,3,2,0,0,0,1,1,0,1,0,2.5833333333333335,10.0,33.9830352,1,1,BAGGAGE,UPPER APEX,LANG_09,One-Way,google,Paid Search,Paid Search,Logged-In,AREA_C,AREA_B,AREA_C_TO_AREA_B,CA,BU,120_plus,very_high,unknown_or_oneway,Y,T,1,0.8416510773481788,28.601858187641085
251.0,223.307054,9.42361111111111,2,2,0,0,0,0,0,0,0,2,1,240.83333333333334,21.0,45.3107136,2,1,BAGGAGE,UPPER APEX,LANG_09,Round-Trip,google,Direct,MetaSearches,Logged-Out,AREA_C,AREA_B,AREA_C_TO_AREA_B,CA,BU,120_plus,very_high,9_14,Y,L,0,0.6309347122211179,28.58810204574949
97.0,343.530864,17.010416666666668,2,2,0,0,0,0,0,0,0,2,1,414.9166666666667,21.0,33.53589,1,1,BAGGAGE,UPPER APEX,LANG_09,Round-Trip,apple,Direct,MetaSearches,Logged-Out,AREA_C,AREA_B,AREA_C_TO_AREA_B,CA,BU,61_120,very_high,15_30,Y,T,0,0.8521592857894351,28.57792007071306
295.0,379.4973565,9.729166666666666,5,5,0,0,0,0,0,0,0,4,1,234.41666666666666,21.0,32.2355712,2,0,BAGGAGE,UPPER APEX,LANG_09,Round-Trip,microsoft,Organic Search,Paid Search,Logged-Out,AREA_C,AREA_C,AREA_C_TO_AREA_C,CA,CE,120_plus,very_high,9_14,Y,U,0,0.8863725254253394,28.572724653072342
6.0,44.870849500000006,,1,1,0,0,0,0,0,0,0,2,1,11.0,19.0,46.6512926,3,0,BAGGAGE,WEST APEX,LANG_02,One-Way,samsung,Paid Search,MetaSearches,Logged-Out,AREA_B,AREA_B,AREA_B_TO_AREA_B,BA,BE,4_7,mid,unknown_or_oneway,Y,S,1,0.6123874662438507,28.5686668723145
109.0,289.8965682,14.215277777777779,2,2,0,0,0,0,0,0,0,2,1,357.25,10.0,45.3107136,2,1,BAGGAGE,UPPER APEX,LANG_09,Round-Trip,microsoft,Paid Search,Paid Search,Logged-Out,AREA_C,AREA_B,AREA_C_TO_AREA_B,CA,BU,61_120,very_high,15_30,Y,U,0,0.6304835078620374,28.567657654260127
132.0,195.7836394,17.22222222222222,2,2,0,0,0,0,0,0,0,3,1,428.0,9.0,45.3552568,2,0,BAGGAGE,UPPER APEX,LANG_09,Round-Trip,apple,Direct,Direct,Logged-Out,AREA_C,AREA_B,AREA_C_TO_AREA_B,CU,BU,120_plus,very_high,15_30,Y,O,0,0.6298617150053638,28.56753983255669
36.0,209.4781036,17.12152777777778,2,2,0,0,0,0,0,1,0,4,1,412.25,10.0,45.8949148,2,0,BAGGAGE,WEST HORIZON,LANG_02,Round-Trip,google,Organic Search,Organic Search,Logged-In,AREA_C,AREA_D,AREA_C_TO_AREA_D,CI,DA,31_60,very_high,15_30,Y,W,0,0.622108373771291,28.551610810599957
19.0,234.4205824,65.01041666666667,2,2,0,0,0,0,0,0,0,4,1,1563.1666666666667,13.0,46.1399024,2,0,BAGGAGE,NORTH MERIDIAN,LANG_02,Round-Trip,apple,Paid Search,Paid Search,Logged-Out,AREA_C,AREA_B,AREA_C_TO_AREA_B,CU,BI,15_30,very_high,30_plus,Y,V,0,0.6178316935036271,28.506694037884067
133.0,260.6094142,17.19097222222222,2,2,0,0,0,0,0,0,0,2,1,432.8333333333333,17.0,45.3107136,2,1,BAGGAGE,UPPER APEX,LANG_09,Round-Trip,google,Paid Search,Paid Search,Logged-Out,AREA_C,AREA_B,AREA_C_TO_AREA_B,CA,BU,120_plus,very_high,15_30,Y,O,0,0.6291309679316857,28.506373104843394
51.0,245.6523216,14.503472222222221,2,2,0,0,0,0,0,0,0,4,1,350.25,21.0,39.4036,1,0,BAGGAGE,LOWER ZENITH,LANG_02,Round-Trip,mozilla,Paid Search,Paid Search,Logged-Out,AREA_C,AREA_B,AREA_C_TO_AREA_B,CE,BU,31_60,very_high,15_30,Y,L,0,0.7232286655874892,28.49781304734319
109.0,363.1949736,6.829861111111111,2,2,0,0,0,0,0,1,1,2,1,169.83333333333334,9.0,42.1858368,1,1,BAGGAGE,UPPER APEX,LANG_09,Round-Trip,apple,Direct,Direct,Logged-In,AREA_C,AREA_C,AREA_C_TO_AREA_C,CA,CA,61_120,very_high,6_8,Y,W,0,0.6753345950716932,28.489555013088534
42.0,65.1594205,,3,2,0,1,0,1,0,0,0,1,0,1.5833333333333333,23.0,41.7952272,2,1,BAGGAGE,UPPER APEX,LANG_09,One-Way,google,Direct,Direct,Logged-Out,AREA_B,AREA_C,AREA_B_TO_AREA_C,BA,CA,31_60,high,unknown_or_oneway,Y,V,0,0.6816436346925715,28.489450581409827
162.0,156.11535,13.118055555555555,7,4,0,3,0,1,0,1,0,2,1,316.6666666666667,11.0,31.35156,4,1,BAGGAGE,UPPER APEX,LANG_09,Round-Trip,google,Paid Search,Paid Search,Logged-In,AREA_C,AREA_C,AREA_C_TO_AREA_C,CA,CE,120_plus,very_high,9_14,Y,L,1,0.9084240569173544,28.48051132588785
,122.9396603,,2,2,0,0,0,0,0,0,0,2,1,19.916666666666668,2.0,28.5744628,3,0,BAGGAGE,NORTH HORIZON,LANG_04,One-Way,google,Paid Search,MetaSearches,Logged-Out,AREA_C,AREA_B,AREA_C_TO_AREA_B,CE,BA,MISSING,very_high,unknown_or_oneway,Y,S,1,0.9965220579781693,28.47508247507664
70.0,114.9197428,,2,1,1,0,0,0,1,0,0,4,1,190.08333333333334,16.0,46.2923772,2,0,BAGGAGE,LOWER VERTEX,LANG_02,Multi-City,google,Paid Search,Affiliate,Logged-Out,AREA_B,AREA_B,AREA_B_TO_AREA_B,BU,BE,61_120,very_high,unknown_or_oneway,Y,O,0,0.6145524280865929,28.449092810160433
42.0,159.78845080000002,7.229166666666667,4,2,1,1,0,1,1,0,0,2,1,176.16666666666666,7.0,32.89344,4,1,BAGGAGE,UPPER APEX,LANG_09,Round-Trip,apple,Paid Search,Paid Search,Logged-Out,AREA_C,AREA_B,AREA_C_TO_AREA_B,CA,BO,31_60,very_high,6_8,Y,O,0,0.8648756172485047,28.44873422342665
116.0,202.919974,15.04513888888889,2,2,0,0,0,0,0,0,0,4,1,362.0,19.0,45.3107136,2,0,BAGGAGE,UPPER APEX,LANG_09,Round-Trip,google,Paid Search,Paid Search,Logged-Out,AREA_B,AREA_B,AREA_B_TO_AREA_B,BE,BU,61_120,very_high,15_30,Y,O,0,0.6278222403981227,28.44707372638969
297.0,219.049752,18.07986111111111,2,2,0,0,0,0,0,0,0,4,1,434.9166666666667,20.0,44.907255,2,0,BAGGAGE,UPPER APEX,LANG_09,Round-Trip,google,Direct,Direct,Logged-Out,AREA_C,AREA_D,AREA_C_TO_AREA_D,CE,DA,120_plus,very_high,15_30,Y,U,0,0.6332335023137352,28.436778362945997
259.0,217.6175168,24.993055555555557,2,2,0,0,0,0,0,0,0,2,1,620.4166666666666,21.0,43.7482752,2,1,BAGGAGE,UPPER APEX,LANG_09,Round-Trip,google,Organic Search,Affiliate,Logged-Out,AREA_C,AREA_D,AREA_C_TO_AREA_D,CA,DA,120_plus,very_high,15_30,Y,O,0,0.649854903156243,28.430031143348668
6.0,212.9756014,,2,2,0,0,0,0,0,0,0,1,0,4.5,18.0,48.941841,1,1,BAGGAGE,WEST MERIDIAN,LANG_02,One-Way,apple,Paid Search,Paid Search,Logged-Out,AREA_C,AREA_B,AREA_C_TO_AREA_B,CA,BO,4_7,very_high,unknown_or_oneway,C,D,0,0.5807991560648971,28.425379949062375
73.0,232.6936768,11.322916666666666,2,2,0,0,0,0,0,1,0,2,1,288.0,20.0,43.7482752,2,1,BAGGAGE,UPPER APEX,LANG_09,Round-Trip,google,Display,Display,Logged-In,AREA_C,AREA_B,AREA_C_TO_AREA_B,CA,BO,61_120,very_high,9_14,Y,L,0,0.6493444640666012,28.40770031358218
241.0,174.5039822,4.215277777777778,2,2,0,0,0,0,0,0,0,2,1,117.25,19.0,66.403632,2,1,BAGGAGE,UPPER APEX,LANG_02,Round-Trip,google,Paid Search,Paid Search,Logged-Out,AREA_C,AREA_B,AREA_C_TO_AREA_B,CA,BU,120_plus,very_high,3_5,Y,L,0,0.4277769937134895,28.40594606861687
149.0,231.4516068,13.770833333333334,2,2,0,0,0,0,0,0,0,2,1,334.0,8.0,44.0686436,2,1,BAGGAGE,LOWER VERTEX,LANG_02,Round-Trip,google,Direct,Email,Logged-Out,AREA_B,AREA_C,AREA_B_TO_AREA_C,BU,CA,120_plus,very_high,9_14,Y,L,0,0.6443266177139853,28.394600078031065
10.0,116.4791831,,1,1,0,0,0,0,0,1,1,2,1,13.833333333333334,12.0,41.5061247,2,0,BAGGAGE,SOUTH MERIDIAN,LANG_02,One-Way,google,Organic Search,Organic Search,Logged-In,AREA_B,AREA_C,AREA_B_TO_AREA_C,BI,CE,8_14,very_high,unknown_or_oneway,Y,H,1,0.6840179777101965,28.390935479881236
193.0,156.2421268,10.215277777777779,4,3,0,1,0,1,0,0,0,2,1,249.08333333333334,12.0,32.6056224,4,1,BAGGAGE,UPPER APEX,LANG_09,Round-Trip,google,Paid Search,Paid Search,Logged-Out,AREA_C,AREA_C,AREA_C_TO_AREA_C,CA,CI,120_plus,very_high,9_14,Y,V,0,0.8702471326833943,28.374949402957455
184.0,478.2192216,13.64236111111111,4,4,0,0,0,0,0,1,0,2,1,333.3333333333333,10.0,34.43532,3,0,BAGGAGE,UPPER APEX,LANG_09,Round-Trip,google,Paid Search,Paid Search,Logged-In,AREA_B,AREA_C,AREA_B_TO_AREA_C,BE,CA,120_plus,very_high,9_14,Y,L,1,0.8239714833207952,28.37372169902624
2.0,337.6280334,1.7395833333333333,2,2,0,0,0,0,0,1,0,4,1,45.083333333333336,14.0,44.2074128,2,0,BAGGAGE,LOWER VERTEX,LANG_02,Round-Trip,google,Direct,Direct,Logged-In,AREA_B,AREA_C,AREA_B_TO_AREA_C,BU,CO,0_3,very_high,1_2,Y,K,0,0.6413949482657936,28.354411245820582
113.0,254.6153557,53.25347222222222,3,1,0,1,1,1,0,0,0,4,1,1280.1666666666667,20.0,39.022413,3,0,BAGGAGE,CENTRAL APEX,LANG_02,Round-Trip,google,Direct,Organic Search,Logged-Out,AREA_C,AREA_B,AREA_C_TO_AREA_B,CU,BO,61_120,very_high,30_plus,Y,V,0,0.7262345852073302,28.339425918844128
39.0,104.53261120000002,13.760416666666666,2,2,0,0,0,0,0,0,0,4,1,334.0,17.0,43.9504328,1,0,BAGGAGE,LOWER VERTEX,LANG_02,Round-Trip,samsung,Direct,Direct,Logged-Out,AREA_B,AREA_B,AREA_B_TO_AREA_B,BU,BE,31_60,very_high,9_14,Y,O,0,0.6446058234003538,28.330704923845918
182.0,485.529446,20.270833333333332,4,2,0,2,0,1,0,1,0,2,1,501.1666666666667,21.0,29.80968,1,0,BAGGAGE,UPPER APEX,LANG_09,Round-Trip,mozilla,Paid Search,Paid Search,Logged-In,AREA_B,AREA_B,AREA_B_TO_AREA_B,BE,BU,120_plus,very_high,15_30,Y,S,1,0.9502185077717059,28.325709646752067
120.0,276.6192682,7.993055555555555,2,2,0,0,0,0,0,1,0,2,1,212.41666666666666,20.0,45.3107136,2,1,BAGGAGE,UPPER APEX,LANG_02,Round-Trip,mozilla,Paid Search,Organic Search,Logged-In,AREA_C,AREA_D,AREA_C_TO_AREA_D,CA,DA,61_120,very_high,6_8,Y,O,0,0.6249494066002212,28.316903576952573
3.0,220.6674411,5.795138888888889,2,2,0,0,0,0,0,0,0,4,1,142.41666666666666,16.0,34.8965991,2,0,BAGGAGE,LOWER VERTEX,LANG_02,Round-Trip,google,Organic Search,Organic Search,Logged-Out,AREA_B,AREA_B,AREA_B_TO_AREA_B,BU,BE,0_3,very_high,6_8,Y,W,0,0.8108290432561394,28.295176061146055
189.0,272.76413990000003,14.770833333333334,2,2,0,0,0,0,0,1,1,2,1,358.0,13.0,44.0686436,2,1,BAGGAGE,LOWER VERTEX,LANG_02,Round-Trip,google,Paid Search,Paid Search,Logged-In,AREA_B,AREA_C,AREA_B_TO_AREA_C,BU,CA,120_plus,very_high,15_30,Y,L,1,0.6419339766693586,28.28915963257268
38.0,830.362342,14.319444444444445,4,2,1,1,0,1,1,0,0,2,1,359.8333333333333,19.0,31.6496568,2,1,BAGGAGE,UPPER APEX,LANG_09,Round-Trip,apple,Organic Search,Organic Search,Logged-Out,AREA_C,AREA_B,AREA_C_TO_AREA_B,CA,BO,31_60,very_high,15_30,Y,V,0,0.8934428996485133,28.277161144272284
,56.700923800000005,,1,1,0,0,0,0,0,1,0,2,1,15.333333333333334,11.0,28.4386917,1,0,BAGGAGE,OLD ZENITH,LANG_02,One-Way,google,Paid Search,Organic Search,Logged-In,AREA_B,AREA_B,AREA_B_TO_AREA_B,BU,BO,MISSING,high,unknown_or_oneway,Y,L,1,0.9931259086262059,28.24320153470304
19.0,98.8692003,7.673611111111111,5,3,0,1,1,1,0,1,0,4,1,186.91666666666666,15.0,30.3955944,1,0,BAGGAGE,NEW MERIDIAN,LANG_02,Round-Trip,google,Paid Search,Organic Search,Logged-In,AREA_C,AREA_C,AREA_C_TO_AREA_C,CI,CE,15_30,high,6_8,Y,U,0,0.9291339930172292,28.24157999500413
0.0,124.0245442,,1,1,0,0,0,0,0,0,0,2,1,28.583333333333332,23.0,49.314462,1,0,BAGGAGE,NORTH MERIDIAN,LANG_02,One-Way,apple,MetaSearches,MetaSearches,Logged-Out,AREA_B,AREA_B,AREA_B_TO_AREA_B,BI,BO,invalid_or_past,very_high,unknown_or_oneway,Y,V,0,0.572544313594767,28.234714796085218
204.0,203.4956092,7.423611111111111,2,2,0,0,0,0,0,0,0,2,1,192.83333333333334,20.0,45.3107136,2,1,BAGGAGE,UPPER APEX,LANG_09,Round-Trip,apple,Paid Search,Paid Search,Logged-Out,AREA_C,AREA_B,AREA_C_TO_AREA_B,CA,BU,120_plus,very_high,6_8,Y,W,1,0.6227400359920222,28.21679541808821
27.0,101.3649044,5.777777777777778,2,2,0,0,0,0,0,1,0,2,1,142.41666666666666,15.0,47.4676324,1,1,BAGGAGE,LOWER VERTEX,LANG_02,Round-Trip,apple,Direct,Direct,Logged-In,AREA_B,AREA_C,AREA_B_TO_AREA_C,BU,CA,15_30,high,6_8,Y,O,1,0.5944388682975625,28.216605684620713
230.0,276.1627004,3.9791666666666665,4,4,0,0,0,0,0,0,0,3,1,98.66666666666667,20.0,44.4553985,2,0,BAGGAGE,LOWER VERTEX,LANG_02,Round-Trip,google,Direct,Direct,Logged-Out,AREA_B,AREA_B,AREA_B_TO_AREA_B,BU,BE,120_plus,very_high,3_5,Y,O,0,0.6345731964401077,28.21020432516377
120.0,142.7575296,17.770833333333332,2,1,0,1,0,1,0,0,0,2,1,430.0,8.0,44.0909152,2,1,BAGGAGE,LOWER VERTEX,LANG_02,Round-Trip,google,Paid Search,Paid Search,Logged-Out,AREA_B,AREA_C,AREA_B_TO_AREA_C,BU,CA,61_120,very_high,15_30,Y,O,0,0.6397900057090733,28.208926887526264
130.0,237.539463,13.597222222222221,5,4,1,0,0,0,1,1,0,4,1,327.25,19.0,30.4675488,2,0,BAGGAGE,UPPER APEX,LANG_09,Round-Trip,samsung,Direct,Direct,Logged-In,AREA_C,AREA_B,AREA_C_TO_AREA_B,CE,BO,120_plus,very_high,9_14,Y,S,1,0.925796073902995,28.206737060487907
57.0,270.7802543,,3,3,0,0,0,0,0,0,0,1,0,0.16666666666666666,13.0,39.4036,4,0,BAGGAGE,LOWER ZENITH,LANG_02,Round-Trip,google,MetaSearches,MetaSearches,Logged-Out,AREA_C,AREA_B,AREA_C_TO_AREA_B,CE,BU,31_60,very_high,unknown_or_oneway,Y,O,0,0.7155162668441634,28.193916772220675
21.0,66.62334990000001,,1,1,0,0,0,0,0,0,0,2,1,5.666666666666667,8.0,54.9543164,1,0,BAGGAGE,CENTRAL VERTEX,LANG_02,One-Way,apple,MetaSearches,MetaSearches,Logged-Out,AREA_B,AREA_B,AREA_B_TO_AREA_B,BI,BI,15_30,high,unknown_or_oneway,Y,S,0,0.5126695996381677,28.173407387177196
99.0,149.3859004,17.944444444444443,2,2,0,0,0,0,0,0,0,3,1,431.6666666666667,20.0,46.6864132,2,0,BAGGAGE,UPPER APEX,LANG_09,Round-Trip,mozilla,Direct,Direct,Logged-Out,AREA_B,AREA_B,AREA_B_TO_AREA_B,BE,BU,61_120,very_high,15_30,Y,U,0,0.603399760661277,28.17057055101348
12.0,111.6124102,,1,1,0,0,0,0,0,0,0,1,0,20.583333333333332,10.0,43.5289856,1,1,BAGGAGE,LOWER VERTEX,LANG_02,One-Way,apple,Direct,Direct,Logged-Out,AREA_D,AREA_C,AREA_D_TO_AREA_C,DA,CA,8_14,very_high,unknown_or_oneway,Y,S,0,0.6470010428811305,28.16329907875771
29.0,399.1554699,4.239583333333333,2,2,0,0,0,0,0,0,0,2,1,116.25,10.0,44.71452,1,1,BAGGAGE,UPPER VERTEX,LANG_10,Round-Trip,google,Paid MetaSearches,Organic Search,Logged-Out,AREA_C,AREA_B,AREA_C_TO_AREA_B,CA,BU,15_30,very_high,3_5,Y,T,0,0.6297299573290919,28.158072771590824
10.0,221.5099072,21.05902777777778,2,2,0,0,0,0,0,0,0,4,1,506.3333333333333,15.0,45.3107136,3,0,BAGGAGE,UPPER APEX,LANG_09,Round-Trip,microsoft,Direct,Paid Search,Logged-Out,AREA_C,AREA_B,AREA_C_TO_AREA_B,CU,BO,8_14,very_high,15_30,Y,L,0,0.6211252049471853,28.143626271103216
146.0,328.711684,14.190972222222221,2,2,0,0,0,0,0,0,0,2,1,360.8333333333333,11.0,45.3107136,2,1,BAGGAGE,UPPER APEX,LANG_09,Round-Trip,microsoft,Paid Search,Email,Logged-Out,AREA_C,AREA_B,AREA_C_TO_AREA_B,CA,BU,120_plus,very_high,15_30,Y,L,0,0.6208182889436146,28.129719687966166
125.0,216.4482578,11.11111111111111,2,2,0,0,0,0,0,0,0,5,1,268.0,18.0,48.3173796,2,0,BAGGAGE,WEST VERTEX,LANG_02,Round-Trip,apple,Direct,Direct,Logged-Out,AREA_B,AREA_B,AREA_B_TO_AREA_B,BO,BO,120_plus,very_high,9_14,Y,W,0,0.5821647324230379,28.12867436621635
10.0,205.014361,7.760416666666667,2,1,0,1,0,1,0,0,0,4,1,190.0,11.0,43.9504328,2,0,BAGGAGE,LOWER VERTEX,LANG_02,Round-Trip,google,Paid Search,Paid Search,Logged-Out,AREA_B,AREA_B,AREA_B_TO_AREA_B,BU,BE,8_14,very_high,6_8,Y,V,0,0.6398991614161825,28.123845092598284
125.0,149.6381691,15.371527777777779,2,2,0,0,0,0,0,0,0,4,1,370.1666666666667,20.0,41.8830287,2,0,BAGGAGE,CENTRAL MERIDIAN,LANG_02,Round-Trip,google,MetaSearches,MetaSearches,Logged-Out,AREA_B,AREA_B,AREA_B_TO_AREA_B,BI,BU,120_plus,very_high,15_30,Y,L,0,0.6707462546648507,28.09288463454545
63.0,160.00988189999998,30.524305555555557,2,2,0,0,0,0,0,0,0,2,1,736.0833333333334,17.0,41.2178788,2,1,BAGGAGE,LOWER VERTEX,LANG_02,Round-Trip,apple,Paid Search,Paid Search,Logged-Out,AREA_B,AREA_C,AREA_B_TO_AREA_C,BU,CA,61_120,very_high,30_plus,Y,O,0,0.6812932331067011,28.081461909452155
135.0,170.5045168,12.034722222222221,2,2,0,0,0,0,0,0,0,2,1,303.4166666666667,22.0,42.1858368,2,1,BAGGAGE,UPPER APEX,LANG_09,Round-Trip,google,Paid Search,Paid Search,Logged-Out,AREA_C,AREA_B,AREA_C_TO_AREA_B,CA,BU,120_plus,very_high,9_14,Y,O,0,0.6652287827146823,28.063232862264247
30.0,394.0257208,8.729166666666666,4,2,0,2,0,1,0,0,0,4,1,210.41666666666666,12.0,32.2355712,2,0,BAGGAGE,UPPER APEX,LANG_09,Round-Trip,google,Direct,Direct,Logged-Out,AREA_C,AREA_C,AREA_C_TO_AREA_C,CA,CE,15_30,very_high,9_14,Y,W,0,0.8702144538531094,28.051859986451024
54.0,327.98785699999996,,3,3,0,0,0,0,0,0,0,4,1,479.8333333333333,9.0,33.53589,2,1,BAGGAGE,LOWER VERTEX,LANG_09,Multi-City,apple,Paid Search,Paid Search,Logged-Out,AREA_C,AREA_B,AREA_C_TO_AREA_B,CA,BO,31_60,very_high,unknown_or_oneway,Y,B,0,0.8359534205532998,28.034441956799203
26.0,189.95105,,1,1,0,0,0,0,0,1,1,2,1,19.166666666666668,16.0,55.2584094,3,0,BAGGAGE,NORTH MERIDIAN,LANG_02,One-Way,samsung,Direct,Direct,Logged-In,AREA_B,AREA_B,AREA_B_TO_AREA_B,BI,BO,15_30,very_high,unknown_or_oneway,Y,M,0,0.5071647805483736,28.025119076803183
48.0,97.9453572,5.097222222222222,3,3,0,0,0,0,0,0,0,2,1,123.91666666666667,19.0,39.06096,1,1,BAGGAGE,UPPER APEX,LANG_09,Round-Trip,google,Direct,Direct,Logged-Out,AREA_C,AREA_B,AREA_C_TO_AREA_B,CA,BI,31_60,high,6_8,Y,W,0,0.7171964928986457,28.014383521254285
2.0,79.6008399,5.326388888888889,2,2,0,0,0,0,0,0,0,3,1,132.58333333333334,18.0,41.193894,2,0,BAGGAGE,NEW HORIZON,LANG_02,Round-Trip,google,Organic Search,Organic Search,Logged-Out,AREA_C,AREA_B,AREA_C_TO_AREA_B,CE,BE,0_3,high,6_8,Y,L,0,0.6799114435336044,28.008199934310287
112.0,182.7354799,,7,5,0,2,0,1,0,1,0,2,1,245.08333333333334,15.0,30.4675488,4,1,BAGGAGE,UPPER APEX,LANG_02,Multi-City,apple,Organic Search,Organic Search,Logged-In,AREA_C,AREA_C,AREA_C_TO_AREA_C,CA,CA,61_120,very_high,unknown_or_oneway,Y,W,1,0.9180797082479232,27.97163831333336
207.0,161.3466062,10.590277777777779,2,2,0,0,0,0,0,1,0,2,1,257.3333333333333,8.0,44.0703568,2,1,BAGGAGE,LOWER VERTEX,LANG_02,Round-Trip,apple,Direct,Direct,Logged-In,AREA_B,AREA_C,AREA_B_TO_AREA_C,BU,CA,120_plus,very_high,9_14,Y,O,0,0.634395006846341,27.95801430385669
223.0,761.6908615,20.64236111111111,5,4,1,0,0,0,1,0,0,2,1,501.3333333333333,11.0,34.43532,3,0,BAGGAGE,UPPER APEX,LANG_09,Round-Trip,mozilla,Paid Search,MetaSearches,Logged-Out,AREA_B,AREA_C,AREA_B_TO_AREA_C,BE,CA,120_plus,very_high,15_30,Y,V,0,0.8118669502357437,27.956898228791907
142.0,258.24862459999997,40.65625,2,2,0,0,0,0,0,1,0,4,1,979.0,12.0,43.2531604,1,0,BAGGAGE,NORTH MERIDIAN,LANG_02,Round-Trip,google,Direct,Direct,Logged-In,AREA_B,AREA_B,AREA_B_TO_AREA_B,BI,BE,120_plus,very_high,30_plus,Y,O,0,0.6462784695692626,27.953586307345834
0.0,45.4332074,,1,1,0,0,0,0,0,0,0,1,0,3.8333333333333335,14.0,70.720896,2,1,BAGGAGE,UPPER APEX,LANG_09,One-Way,microsoft,MetaSearches,MetaSearches,Logged-Out,AREA_C,AREA_B,AREA_C_TO_AREA_B,CA,BA,invalid_or_past,mid,unknown_or_oneway,Y,T,0,0.3952389195416287,27.95165052405589
124.0,181.7893652,9.243055555555555,2,2,0,0,0,0,0,0,0,4,1,223.16666666666666,19.0,57.152352,3,0,BAGGAGE,UPPER HORIZON,LANG_05,Round-Trip,google,Paid Search,Paid Search,Logged-Out,AREA_C,AREA_B,AREA_C_TO_AREA_B,CI,BO,120_plus,very_high,9_14,Y,L,0,0.4886434476636197,27.927122323364774
3.0,131.2465388,,1,1,0,0,0,0,0,0,0,2,1,14.0,14.0,42.1858368,3,0,BAGGAGE,OLD ZENITH,LANG_02,One-Way,apple,Direct,Direct,Logged-Out,AREA_C,AREA_C,AREA_C_TO_AREA_C,CE,CA,0_3,very_high,unknown_or_oneway,Y,B,1,0.6619280366178685,27.923988126105822
188.0,221.1120165,34.78472222222222,2,2,0,0,0,0,0,0,0,2,1,838.0,13.0,43.72943,2,1,BAGGAGE,LOWER VERTEX,LANG_02,Round-Trip,google,Paid Search,Paid Search,Logged-Out,AREA_B,AREA_C,AREA_B_TO_AREA_C,BU,CA,120_plus,very_high,30_plus,Y,O,0,0.6385337229014802,27.92271573825968
238.0,174.7875168,14.222222222222221,2,2,0,0,0,0,0,1,0,2,1,361.9166666666667,12.0,43.7482752,2,1,BAGGAGE,UPPER APEX,LANG_09,Round-Trip,apple,Direct,Direct,Logged-In,AREA_C,AREA_D,AREA_C_TO_AREA_D,CA,DA,120_plus,very_high,15_30,Y,O,0,0.6374277225676764,27.88636342699996
148.0,410.8540561,7.666666666666667,2,2,0,0,0,0,0,0,0,2,1,187.5,11.0,42.5276202,2,1,BAGGAGE,LOWER VERTEX,LANG_02,Round-Trip,apple,Paid Search,Paid Search,Logged-Out,AREA_B,AREA_C,AREA_B_TO_AREA_C,BU,CA,120_plus,very_high,6_8,Y,W,0,0.655717318793002,27.88609709219111
26.0,164.0872979,74.23958333333333,2,2,0,0,0,0,0,0,0,2,1,1796.25,21.0,44.71452,1,1,BAGGAGE,LOWER VERTEX,LANG_02,Round-Trip,google,Paid Search,Organic Search,Logged-Out,AREA_C,AREA_B,AREA_C_TO_AREA_B,CA,BU,15_30,very_high,30_plus,Y,O,0,0.6234748599877326,27.878379096418666
59.0,191.852702,,2,2,0,0,0,0,0,0,0,2,1,-142.91666666666666,20.0,48.3242324,1,1,BAGGAGE,UPPER APEX,LANG_09,Round-Trip,google,Organic Search,Organic Search,Logged-Out,AREA_C,AREA_B,AREA_C_TO_AREA_B,CA,BU,31_60,very_high,unknown_or_oneway,Y,L,0,0.5767147704055581,27.86929859359083
113.0,225.2035664,22.211805555555557,2,2,0,0,0,0,0,1,0,4,1,534.0,10.0,45.3192796,2,0,BAGGAGE,UPPER APEX,LANG_09,Round-Trip,microsoft,Paid Search,Paid Search,Logged-In,AREA_B,AREA_B,AREA_B_TO_AREA_B,BE,BU,61_120,very_high,15_30,Y,U,0,0.6147313429154677,27.859181608469562
259.0,174.7875168,17.22222222222222,2,2,0,0,0,0,0,0,0,2,1,433.9166666666667,17.0,43.7482752,2,1,BAGGAGE,UPPER APEX,LANG_09,Round-Trip,apple,Direct,Direct,Logged-Out,AREA_C,AREA_D,AREA_C_TO_AREA_D,CA,DA,120_plus,very_high,15_30,Y,O,0,0.6363836678047893,27.840687831909303
111.0,296.2653892,22.993055555555557,2,2,0,0,0,0,0,0,0,2,1,572.4166666666666,20.0,43.7542714,2,1,BAGGAGE,UPPER APEX,LANG_09,Round-Trip,google,Paid Search,Paid Search,Logged-Out,AREA_C,AREA_D,AREA_C_TO_AREA_D,CA,DA,61_120,very_high,15_30,Y,O,0,0.636052418191878,27.830010130193727
46.0,719.8395270000001,14.229166666666666,5,4,1,0,0,0,1,1,1,2,1,362.0833333333333,23.0,31.248768,2,1,BAGGAGE,UPPER APEX,LANG_09,Round-Trip,google,Paid Search,Paid Search,Logged-In,AREA_C,AREA_D,AREA_C_TO_AREA_D,CA,DA,31_60,very_high,15_30,Y,U,0,0.8905140570946866,27.827467170890614
1.0,175.4813628,,1,1,0,0,0,0,0,0,0,2,1,28.583333333333332,23.0,49.314462,1,0,BAGGAGE,NORTH MERIDIAN,LANG_02,One-Way,google,Paid MetaSearches,Organic Search,Logged-Out,AREA_B,AREA_B,AREA_B_TO_AREA_B,BI,BO,0_3,very_high,unknown_or_oneway,Y,Q,0,0.5642388881465403,27.825137208424813
143.0,147.8388808,60.78125,1,1,0,0,0,0,0,1,0,2,1,1462.0,6.0,116.0932848,2,0,BAGGAGE,LOWER VERTEX,LANG_02,Round-Trip,samsung,Direct,Referrals,Logged-In,AREA_B,AREA_B,AREA_B_TO_AREA_B,BU,BE,120_plus,very_high,30_plus,Y,O,0,0.23967053708146355,27.82413991956731
60.0,107.7397216,,2,2,0,0,0,0,0,0,0,1,0,3.75,17.0,61.2092096,1,1,BAGGAGE,UPPER APEX,LANG_09,One-Way,google,Organic Search,Organic Search,Logged-Out,AREA_C,AREA_C,AREA_C_TO_AREA_C,CE,CA,31_60,very_high,unknown_or_oneway,Y,L,0,0.45444298581609,27.81609597006688
82.0,489.9100984,15.48263888888889,3,2,1,0,0,0,1,0,0,2,1,392.1666666666667,20.0,48.56922,3,1,BAGGAGE,LOWER VERTEX,LANG_02,Round-Trip,google,MetaSearches,Organic Search,Logged-Out,AREA_C,AREA_D,AREA_C_TO_AREA_D,CA,DA,61_120,very_high,15_30,Y,S,0,0.5726626495404433,27.81377821131269
20.0,172.1406228,8.194444444444445,2,1,1,0,0,0,1,0,0,4,1,197.58333333333334,11.0,44.71452,1,0,BAGGAGE,UPPER APEX,LANG_09,Round-Trip,mozilla,Paid Search,Paid Search,Logged-Out,AREA_B,AREA_B,AREA_B_TO_AREA_B,BE,BO,15_30,very_high,9_14,Y,U,0,0.621585162715988,27.7938821899673
23.0,220.1629037,15.21875,2,1,0,1,0,1,0,0,0,2,1,381.1666666666667,12.0,49.6828,2,1,BAGGAGE,LOWER VERTEX,LANG_02,Round-Trip,samsung,Direct,Direct,Logged-Out,AREA_C,AREA_B,AREA_C_TO_AREA_B,CA,BU,15_30,very_high,15_30,Y,L,0,0.5593628499017038,27.79071259909637
18.0,511.93842399999994,,2,2,0,0,0,0,0,1,0,1,0,6.666666666666667,1.0,39.31794,1,1,BAGGAGE,UPPER APEX,LANG_09,One-Way,apple,Direct,Direct,Logged-In,AREA_B,AREA_C,AREA_B_TO_AREA_C,BU,CA,15_30,very_high,unknown_or_oneway,Y,B,1,0.7066151853720928,27.782653461548822
182.0,385.9291376,14.0,2,2,0,0,0,0,0,0,0,2,1,343.25,22.0,33.53589,1,1,BAGGAGE,UPPER APEX,LANG_09,Round-Trip,apple,Direct,Direct,Logged-Out,AREA_C,AREA_B,AREA_C_TO_AREA_B,CA,BU,120_plus,very_high,9_14,Y,S,0,0.8282971378069629,27.77768170080915
166.0,384.7710144,21.854166666666668,2,1,0,1,0,1,0,0,0,2,1,527.6666666666666,10.0,44.0703568,2,1,BAGGAGE,LOWER VERTEX,LANG_02,Round-Trip,mozilla,Organic Search,Organic Search,Logged-Out,AREA_B,AREA_C,AREA_B_TO_AREA_C,BU,CA,120_plus,very_high,15_30,Y,W,0,0.6300360584269973,27.765913891743416
93.0,186.4407032,9.229166666666666,2,2,0,0,0,0,0,0,0,2,1,236.16666666666666,8.0,45.3107136,2,1,BAGGAGE,UPPER APEX,LANG_09,Round-Trip,google,Display,Paid Search,Logged-Out,AREA_C,AREA_B,AREA_C_TO_AREA_B,CA,BU,61_120,very_high,9_14,Y,O,1,0.6122588277477192,27.741884393148638
23.0,54.8339641,,1,1,0,0,0,0,0,0,0,1,0,4.75,15.0,101.772646,2,1,BAGGAGE,UPPER APEX,LANG_09,One-Way,mozilla,Direct,Direct,Logged-Out,AREA_C,AREA_C,AREA_C_TO_AREA_C,CA,CE,15_30,high,unknown_or_oneway,Y,T,0,0.27240095584764995,27.722966049544507
186.0,481.4443206,16.979166666666668,2,2,0,0,0,0,0,0,0,3,1,410.6666666666667,14.0,43.849354,2,1,BAGGAGE,LOWER VERTEX,LANG_09,Round-Trip,apple,Internal,Internal,Logged-Out,AREA_B,AREA_C,AREA_B_TO_AREA_C,BU,CA,120_plus,very_high,15_30,Y,U,0,0.6319217786684175,27.709361773141087
341.0,546.450838,15.211805555555555,4,2,1,1,0,1,1,1,0,2,1,381.25,17.0,31.6393776,2,1,BAGGAGE,UPPER APEX,LANG_09,Round-Trip,google,Direct,Direct,Logged-In,AREA_C,AREA_B,AREA_C_TO_AREA_B,CA,BO,120_plus,very_high,15_30,Y,S,1,0.8757107752726679,27.706943887240683
210.0,551.3540164,14.67013888888889,4,2,0,2,0,1,0,1,0,2,1,356.1666666666667,18.0,35.398995,4,1,BAGGAGE,UPPER APEX,LANG_09,Round-Trip,google,Paid Search,Paid Search,Logged-In,AREA_C,AREA_C,AREA_C_TO_AREA_C,CA,CE,120_plus,very_high,15_30,Y,L,0,0.782552172989899,27.70156045890857
168.0,154.4090028,8.375,2,2,0,0,0,0,0,1,0,4,1,201.91666666666666,19.0,44.71452,2,0,BAGGAGE,UPPER APEX,LANG_09,Round-Trip,google,Paid Search,Paid Search,Logged-In,AREA_C,AREA_B,AREA_C_TO_AREA_B,CA,BU,120_plus,very_high,9_14,Y,O,0,0.6193416024754718,27.69356247072153
156.0,166.1898226,6.25,2,2,0,0,0,0,0,1,0,2,1,164.41666666666666,21.0,44.71452,1,1,BAGGAGE,UPPER APEX,LANG_09,Round-Trip,google,Direct,Direct,Logged-In,AREA_C,AREA_B,AREA_C_TO_AREA_B,CA,BU,120_plus,very_high,6_8,Y,U,0,0.619086613222731,27.68216074868007
24.0,174.53738959999998,119.78125,2,2,0,0,0,0,0,0,0,2,1,2877.9166666666665,9.0,35.4850833,2,1,BAGGAGE,LOWER VERTEX,LANG_02,Round-Trip,google,Paid Search,Paid Search,Logged-Out,AREA_B,AREA_C,AREA_B_TO_AREA_C,BU,CA,15_30,very_high,30_plus,Y,U,1,0.7799510335524042,27.676627395528158
178.0,225.6995378,10.42361111111111,2,2,0,0,0,0,0,1,0,2,1,264.8333333333333,13.0,45.3107136,2,1,BAGGAGE,UPPER APEX,LANG_09,Round-Trip,apple,Direct,Direct,Logged-In,AREA_C,AREA_B,AREA_C_TO_AREA_B,CA,BU,120_plus,very_high,9_14,Y,O,0,0.609983838875753,27.638803023927792
0.0,76.8164616,,1,1,0,0,0,0,0,0,0,2,1,6.5,8.0,41.0409909,1,0,BAGGAGE,CENTRAL VERTEX,LANG_02,One-Way,apple,MetaSearches,MetaSearches,Logged-Out,AREA_B,AREA_B,AREA_B_TO_AREA_B,BI,BU,invalid_or_past,high,unknown_or_oneway,Y,T,0,0.6732923983432638,27.632587193445065
46.0,302.414064,8.010416666666666,2,2,0,0,0,0,0,0,0,2,1,198.91666666666666,23.0,33.53589,1,1,BAGGAGE,UPPER APEX,LANG_09,Round-Trip,samsung,Organic Search,Organic Search,Logged-Out,AREA_C,AREA_B,AREA_C_TO_AREA_B,CA,BU,31_60,very_high,9_14,Y,V,0,0.8239345440233347,27.63137823556671
112.0,334.4234928,16.97222222222222,3,1,1,1,0,1,1,1,0,2,1,410.5,20.0,43.04415,2,1,BAGGAGE,LOWER VERTEX,LANG_02,Round-Trip,samsung,Direct,Direct,Logged-In,AREA_B,AREA_C,AREA_B_TO_AREA_C,BU,CA,61_120,very_high,15_30,Y,L,0,0.6418740017138611,27.628920810871694
225.0,200.0392282,10.409722222222221,2,2,0,0,0,0,0,0,0,2,1,265.9166666666667,21.0,40.5617232,2,1,BAGGAGE,UPPER APEX,LANG_09,Round-Trip,google,Paid Search,Paid Search,Logged-Out,AREA_C,AREA_B,AREA_C_TO_AREA_B,CA,BU,120_plus,very_high,9_14,Y,O,0,0.6803170352130877,27.59483127055792
319.0,610.1596064,15.211805555555555,4,2,1,1,0,1,1,0,0,2,1,381.25,20.0,31.6393776,2,1,BAGGAGE,UPPER APEX,LANG_09,Round-Trip,google,Direct,Direct,Logged-Out,AREA_C,AREA_B,AREA_C_TO_AREA_B,CA,BO,120_plus,very_high,15_30,Y,T,1,0.8721040226950549,27.592828480527814
71.0,458.6497663,13.875,3,3,0,0,0,0,0,1,0,2,1,338.0,10.0,32.687856,1,1,BAGGAGE,WEST APEX,LANG_02,Round-Trip,apple,Direct,Direct,Logged-In,AREA_C,AREA_C,AREA_C_TO_AREA_C,CA,CA,61_120,very_high,9_14,Y,V,0,0.8435082804852779,27.57247720731037
87.0,409.7670307,11.319444444444445,3,2,0,1,0,1,0,0,0,2,1,287.8333333333333,9.0,35.398995,3,1,BAGGAGE,UPPER APEX,LANG_09,Round-Trip,mozilla,Direct,Direct,Logged-Out,AREA_C,AREA_B,AREA_C_TO_AREA_B,CA,BO,61_120,very_high,9_14,Y,O,1,0.7781776088532425,27.546705284907887
95.0,54.8849318,182.00347222222223,1,1,0,0,0,0,0,1,0,4,1,4371.75,8.0,70.7568732,1,0,BAGGAGE,LOWER VERTEX,LANG_02,Round-Trip,google,Paid Search,Paid Search,Logged-In,AREA_D,AREA_D,AREA_D_TO_AREA_D,DA,DA,61_120,high,30_plus,Y,O,0,0.38872410907464255,27.504902495577454
6.0,87.792934,2.9097222222222223,4,1,0,3,0,1,0,0,0,2,1,73.41666666666667,11.0,36.4843072,3,1,BAGGAGE,UPPER APEX,LANG_09,Round-Trip,google,Paid Search,Paid Search,Logged-Out,AREA_C,AREA_C,AREA_C_TO_AREA_C,CA,CA,4_7,high,3_5,Y,Q,0,0.7538364302401656,27.50319989943357
11.0,317.5364804,8.01736111111111,2,2,0,0,0,0,0,0,0,2,1,196.08333333333334,18.0,46.8011976,2,1,BAGGAGE,LOWER VERTEX,LANG_02,Round-Trip,google,Direct,Paid Search,Logged-Out,AREA_D,AREA_C,AREA_D_TO_AREA_C,DA,CA,8_14,very_high,9_14,Y,O,0,0.5875526071301385,27.49816566669278
18.0,91.806105,,2,1,0,1,0,1,0,0,0,2,1,16.666666666666668,13.0,46.6709944,2,0,BAGGAGE,UPPER APEX,LANG_02,One-Way,apple,Direct,Direct,Logged-Out,AREA_C,AREA_C,AREA_C_TO_AREA_C,CE,CE,15_30,high,unknown_or_oneway,Y,U,0,0.5891295959199268,27.495264072053164
183.0,358.3003612,9.0,2,2,0,0,0,0,0,0,0,2,1,223.25,20.0,52.4650368,3,1,BAGGAGE,UPPER APEX,LANG_09,Round-Trip,apple,Direct,Paid Search,Logged-Out,AREA_C,AREA_B,AREA_C_TO_AREA_B,CA,BU,120_plus,very_high,9_14,Y,V,0,0.5239681967060439,27.490010722212233
244.0,549.6742238,13.67013888888889,4,2,1,1,0,1,1,1,1,2,1,333.4166666666667,9.0,33.201816,3,0,BAGGAGE,UPPER MERIDIAN,LANG_01,Round-Trip,google,Paid Search,Paid Search,Logged-In,AREA_B,AREA_C,AREA_B_TO_AREA_C,BE,CA,120_plus,very_high,9_14,Y,W,0,0.8278248623273524,27.485288759218086
43.0,417.5338229,5.510416666666667,5,3,1,1,0,1,1,0,0,2,1,137.0,10.0,32.5824942,2,1,BAGGAGE,NEW HORIZON,LANG_02,Round-Trip,google,Paid Search,Paid Search,Logged-Out,AREA_C,AREA_C,AREA_C_TO_AREA_C,CE,CA,31_60,very_high,6_8,Y,Q,1,0.8430682051663577,27.46926490503726
3.0,57.0889636,,1,1,0,0,0,0,0,0,0,2,1,19.333333333333332,11.0,34.8237881,4,0,BAGGAGE,LOWER VERTEX,LANG_02,One-Way,google,MetaSearches,MetaSearches,Logged-Out,AREA_B,AREA_C,AREA_B_TO_AREA_C,BU,CU,0_3,high,unknown_or_oneway,Y,W,0,0.7881630951300367,27.44682461304854
174.0,216.9926271,9.552083333333334,2,2,0,0,0,0,0,0,0,4,1,232.5,1.0,45.6593498,4,0,BAGGAGE,LOWER VERTEX,LANG_02,Round-Trip,google,Direct,Direct,Logged-Out,AREA_D,AREA_C,AREA_D_TO_AREA_C,DA,CU,120_plus,very_high,9_14,Y,U,0,0.6005071517081038,27.418766097241978
65.0,161.7868986,13.260416666666666,2,2,0,0,0,0,0,0,0,2,1,333.3333333333333,8.0,41.63076,2,0,BAGGAGE,UPPER APEX,LANG_09,Round-Trip,microsoft,Paid Search,Paid Search,Logged-Out,AREA_B,AREA_B,AREA_B_TO_AREA_B,BE,BU,61_120,very_high,9_14,Y,O,0,0.6585347178277928,27.415300789556564
97.0,174.7018568,8.229166666666666,2,2,0,0,0,0,0,1,0,2,1,212.16666666666666,15.0,42.1858368,2,1,BAGGAGE,UPPER APEX,LANG_09,Round-Trip,microsoft,Paid Search,Organic Search,Logged-In,AREA_C,AREA_B,AREA_C_TO_AREA_B,CA,BU,61_120,very_high,9_14,Y,O,0,0.6497712165607669,27.411142499169966
44.0,130.1355286,7.072916666666667,2,2,0,0,0,0,0,0,0,4,1,171.83333333333334,15.0,43.3234016,1,0,BAGGAGE,LOWER ZENITH,LANG_02,Round-Trip,google,Paid Search,Paid Search,Logged-Out,AREA_C,AREA_D,AREA_C_TO_AREA_D,CE,DA,31_60,very_high,6_8,Y,O,0,0.6326012109255862,27.406436313575476
77.0,149.3661986,11.253472222222221,2,2,0,0,0,0,0,1,0,2,1,285.25,21.0,47.4076704,2,1,BAGGAGE,UPPER APEX,LANG_09,Round-Trip,apple,Direct,Direct,Logged-In,AREA_C,AREA_B,AREA_C_TO_AREA_B,CA,BO,61_120,very_high,9_14,Y,O,0,0.5780027039428717,27.40176167883244
318.0,161.4241285,,2,2,0,0,0,0,0,0,0,2,1,25.416666666666668,19.0,45.7098892,2,0,BAGGAGE,GREAT ZENITH,LANG_02,One-Way,google,Direct,Direct,Logged-Out,AREA_C,AREA_B,AREA_C_TO_AREA_B,CI,BU,120_plus,very_high,unknown_or_oneway,Y,V,0,0.5994165928695314,27.39926604470779
47.0,183.4511692,16.239583333333332,2,2,0,0,0,0,0,0,1,2,1,404.25,12.0,45.3107136,2,1,BAGGAGE,UPPER APEX,LANG_09,Round-Trip,apple,Direct,Organic Search,Logged-Out,AREA_C,AREA_B,AREA_C_TO_AREA_B,CA,BU,31_60,very_high,15_30,Y,H,0,0.6045772196772492,27.393825249880123
25.0,177.2510984,,2,1,1,0,0,0,1,1,0,2,1,-2109.8333333333335,13.0,46.3446298,2,1,BAGGAGE,UPPER APEX,LANG_09,Round-Trip,microsoft,Direct,Direct,Logged-In,AREA_D,AREA_C,AREA_D_TO_AREA_C,DA,CA,15_30,very_high,unknown_or_oneway,Y,O,0,0.5907747393280243,27.379236589348785
40.0,216.150161,8.069444444444445,2,2,0,0,0,0,0,0,0,4,1,194.66666666666666,22.0,44.71452,2,0,BAGGAGE,UPPER APEX,LANG_09,Round-Trip,apple,Direct,Direct,Logged-Out,AREA_C,AREA_B,AREA_C_TO_AREA_B,CE,BU,31_60,very_high,9_14,Y,W,0,0.6119533306945236,27.36319944440689
190.0,244.5455944,39.263888888888886,3,2,0,1,0,1,0,0,0,4,1,944.3333333333334,21.0,34.3916334,3,0,BAGGAGE,UPPER MERIDIAN,LANG_02,Round-Trip,google,Direct,MetaSearches,Logged-Out,AREA_C,AREA_B,AREA_C_TO_AREA_B,CU,BO,120_plus,very_high,30_plus,Y,L,0,0.7955322346393651,27.35965297159983
60.0,67.2825036,5.722222222222222,2,1,1,0,0,0,1,1,0,4,1,138.25,9.0,93.746304,2,0,BAGGAGE,UPPER APEX,LANG_02,Round-Trip,google,Paid Search,Organic Search,Logged-In,AREA_B,AREA_B,AREA_B_TO_AREA_B,BE,BI,31_60,high,6_8,Y,V,0,0.29163755379382456,27.33994277577223
,151.1534945,,1,1,0,0,0,0,0,0,0,2,1,406.0,14.0,27.5114222,2,0,BAGGAGE,LOWER VERTEX,LANG_09,Multi-City,google,Paid Search,Paid Search,Logged-Out,AREA_B,AREA_B,AREA_B_TO_AREA_B,BU,BE,MISSING,very_high,unknown_or_oneway,Y,L,1,0.9928935767789645,27.315914390434205
3.0,174.2362947,33.763888888888886,2,1,0,1,0,1,0,0,0,2,1,813.6666666666666,19.0,47.704054,2,1,BAGGAGE,NORTH MERIDIAN,LANG_02,Round-Trip,microsoft,Paid Search,Paid Search,Logged-Out,AREA_B,AREA_C,AREA_B_TO_AREA_C,BI,CA,0_3,very_high,30_plus,Y,O,0,0.5725951316370859,27.315109079752652
144.0,225.6361494,10.229166666666666,2,2,0,0,0,0,0,0,0,2,1,260.1666666666667,8.0,59.61936,3,1,BAGGAGE,UPPER APEX,LANG_09,Round-Trip,google,Paid Search,Organic Search,Logged-Out,AREA_C,AREA_B,AREA_C_TO_AREA_B,CA,BU,120_plus,very_high,9_14,Y,O,0,0.4580081589169003,27.30615330940389
37.0,222.0872556,111.78125,2,2,0,0,0,0,0,1,0,2,1,2686.0833333333335,9.0,44.71452,2,1,BAGGAGE,LOWER VERTEX,LANG_09,Round-Trip,google,Direct,Direct,Logged-In,AREA_B,AREA_C,AREA_B_TO_AREA_C,BU,CA,31_60,very_high,30_plus,Y,U,0,0.6104008931465864,27.2937829446209
152.0,243.3060942,35.229166666666664,2,2,0,0,0,0,0,0,0,2,1,860.1666666666666,16.0,45.3107136,2,1,BAGGAGE,UPPER APEX,LANG_09,Round-Trip,google,Paid Search,Paid Search,Logged-Out,AREA_C,AREA_B,AREA_C_TO_AREA_B,CA,BU,120_plus,very_high,30_plus,Y,O,0,0.6023588278652907,27.29330833383589
1.0,876.9515310999999,16.729166666666668,5,2,2,1,0,1,1,1,0,4,1,408.0833333333333,1.0,32.413744,3,0,BAGGAGE,LOWER VERTEX,LANG_02,Round-Trip,apple,Direct,Direct,Logged-In,AREA_C,AREA_D,AREA_C_TO_AREA_D,CU,DA,0_3,very_high,15_30,Y,H,0,0.8419729733735027,27.291496413847536
128.0,306.0066444,6.274305555555555,4,2,2,0,0,0,1,0,0,2,1,165.25,22.0,29.80968,1,0,BAGGAGE,UPPER APEX,LANG_09,Round-Trip,apple,MetaSearches,MetaSearches,Logged-Out,AREA_C,AREA_B,AREA_C_TO_AREA_B,CU,BU,120_plus,very_high,6_8,Y,U,0,0.9155241798444449,27.291482833425352
15.0,196.61197160000003,173.43402777777777,2,1,0,1,0,1,0,0,0,2,1,4166.833333333333,20.0,32.8009272,1,1,BAGGAGE,UPPER APEX,LANG_02,Round-Trip,google,Direct,Paid Search,Logged-Out,AREA_C,AREA_B,AREA_C_TO_AREA_B,CA,BA,15_30,very_high,30_plus,Y,W,0,0.8319122539296118,27.287493277933105
18.0,106.9075347,7.114583333333333,3,2,1,0,0,0,1,0,0,2,1,172.58333333333334,10.0,32.4591438,1,1,BAGGAGE,UPPER VERTEX,LANG_10,Round-Trip,apple,Direct,Direct,Logged-Out,AREA_C,AREA_B,AREA_C_TO_AREA_B,CA,BA,15_30,very_high,6_8,Y,L,0,0.8404612759615213,27.280653414766505
3.0,53.5088039,,1,1,0,0,0,0,0,0,0,2,1,6.5,21.0,43.8030976,3,0,BAGGAGE,LOWER ZENITH,LANG_02,One-Way,google,Paid Search,Paid Search,Logged-Out,AREA_C,AREA_B,AREA_C_TO_AREA_B,CE,BI,0_3,mid,unknown_or_oneway,Y,Q,0,0.6223556730081138,27.261106286688094
216.0,405.6317942,21.19097222222222,2,2,0,0,0,0,0,1,0,2,1,528.8333333333334,20.0,45.3107136,2,1,BAGGAGE,UPPER APEX,LANG_02,Round-Trip,google,Referrals,MetaSearches,Logged-In,AREA_C,AREA_B,AREA_C_TO_AREA_B,CA,BU,120_plus,very_high,15_30,Y,L,0,0.6015575530487668,27.25700200010948
1.0,98.5993713,4.204861111111111,3,2,1,0,0,0,1,0,0,4,1,102.75,9.0,34.3445204,4,0,BAGGAGE,SOUTH HORIZON,LANG_02,Round-Trip,google,Paid Search,Paid Search,Logged-Out,AREA_C,AREA_C,AREA_C_TO_AREA_C,CA,CI,0_3,high,3_5,Y,S,0,0.7935725163989683,27.2548674783437
69.0,202.8839968,17.322916666666668,2,2,0,0,0,0,0,1,0,2,1,432.0,20.0,43.7482752,2,1,BAGGAGE,UPPER APEX,LANG_09,Round-Trip,apple,Direct,Direct,Logged-In,AREA_C,AREA_B,AREA_C_TO_AREA_B,CA,BO,61_120,very_high,15_30,Y,U,0,0.6224840100897053,27.232601781004007
3.0,464.3748524,,4,4,0,0,0,0,0,0,0,2,1,5.5,12.0,29.9878528,1,0,BAGGAGE,LOWER HORIZON,LANG_02,One-Way,google,Direct,Direct,Logged-Out,AREA_B,AREA_B,AREA_B_TO_AREA_B,BE,BA,0_3,very_high,unknown_or_oneway,Y,B,1,0.9078828356835265,27.225456836124177
0.0,106.79146539999998,,2,2,0,0,0,0,0,0,0,2,1,9.833333333333334,9.0,32.6218978,2,0,BAGGAGE,NEW MERIDIAN,LANG_02,One-Way,google,Direct,Email,Logged-Out,AREA_C,AREA_C,AREA_C_TO_AREA_C,CI,CE,invalid_or_past,very_high,unknown_or_oneway,Y,H,1,0.8342515466901392,27.21486869561765
0.0,163.0212592,,4,4,0,0,0,0,0,0,0,1,0,2.0,17.0,29.9878528,2,1,BAGGAGE,UPPER APEX,LANG_09,One-Way,apple,MetaSearches,MetaSearches,Logged-Out,AREA_C,AREA_C,AREA_C_TO_AREA_C,CA,CU,invalid_or_past,very_high,unknown_or_oneway,Y,T,0,0.9074524575242662,27.212550719235946
2.0,115.8076087,,1,1,0,0,0,0,0,0,0,2,1,31.583333333333332,14.0,36.2693006,3,0,BAGGAGE,NORTH MERIDIAN,LANG_02,One-Way,microsoft,Paid Search,Paid Search,Logged-Out,AREA_B,AREA_C,AREA_B_TO_AREA_C,BI,CE,0_3,very_high,unknown_or_oneway,Y,Q,0,0.7502589950344147,27.211369018757097
64.0,146.69960279999998,9.0,2,2,0,0,0,0,0,0,0,4,1,217.0,15.0,44.71452,2,0,BAGGAGE,UPPER APEX,LANG_09,Round-Trip,google,Paid Search,Paid Search,Logged-Out,AREA_B,AREA_B,AREA_B_TO_AREA_B,BE,BU,61_120,very_high,9_14,Y,L,0,0.6082783662411608,27.19887517285771
94.0,148.007631,9.07986111111111,2,2,0,0,0,0,0,0,0,4,1,218.91666666666666,21.0,44.71452,2,0,BAGGAGE,UPPER APEX,LANG_09,Round-Trip,microsoft,Paid Search,Paid Search,Logged-Out,AREA_C,AREA_B,AREA_C_TO_AREA_B,CA,BU,61_120,very_high,9_14,Y,O,0,0.6081719903603323,27.194118626406887
27.0,239.0397979,3.7118055555555554,2,2,0,0,0,0,0,0,0,2,1,93.83333333333333,16.0,53.3978742,1,1,BAGGAGE,LOWER VERTEX,LANG_02,Round-Trip,google,Paid Search,Paid Search,Logged-Out,AREA_B,AREA_C,AREA_B_TO_AREA_C,BU,CA,15_30,very_high,3_5,Y,L,0,0.5092487025656733,27.19279815611504
100.0,160.513991,7.270833333333333,2,1,0,1,0,1,0,0,0,2,1,189.16666666666666,21.0,50.6558976,2,1,BAGGAGE,UPPER APEX,LANG_02,Round-Trip,microsoft,Direct,Paid Search,Logged-Out,AREA_C,AREA_B,AREA_C_TO_AREA_B,CA,BU,61_120,very_high,6_8,Y,U,1,0.5367295244180411,27.188515827816992
1.0,160.9756984,5.760416666666667,2,2,0,0,0,0,0,0,0,4,1,142.0,19.0,43.9504328,1,0,BAGGAGE,LOWER VERTEX,LANG_02,Round-Trip,apple,Direct,Paid Search,Logged-Out,AREA_B,AREA_B,AREA_B_TO_AREA_B,BU,BE,0_3,very_high,6_8,Y,L,0,0.6181434403805517,27.167671737206245
77.0,404.6616947,27.76388888888889,2,2,0,0,0,0,0,0,0,4,1,670.0,15.0,67.6808226,5,0,BAGGAGE,NORTH MERIDIAN,LANG_02,Round-Trip,google,Direct,Direct,Logged-Out,AREA_B,AREA_C,AREA_B_TO_AREA_C,BI,CU,61_120,very_high,15_30,Y,O,0,0.40115675356133423,27.15061907257658
12.0,125.8096986,35.020833333333336,1,1,0,0,0,0,0,0,0,4,1,859.8333333333334,14.0,67.4692424,5,0,BAGGAGE,EAST ZENITH,LANG_08,Round-Trip,apple,Paid Search,Organic Search,Logged-Out,AREA_C,AREA_C,AREA_C_TO_AREA_C,CA,CI,8_14,very_high,30_plus,Y,L,0,0.4022978169181103,27.142728926638803
49.0,167.1504995,4.291666666666667,5,3,0,2,0,1,0,0,0,2,1,104.58333333333333,9.0,32.353782,2,1,BAGGAGE,LOWER MERIDIAN,LANG_02,Round-Trip,microsoft,Paid MetaSearches,Paid MetaSearches,Logged-Out,AREA_B,AREA_C,AREA_B_TO_AREA_C,BA,CA,31_60,very_high,3_5,Y,Q,1,0.8389339955411022,27.142687604125793
52.0,189.2940378,25.069444444444443,2,2,0,0,0,0,0,0,0,4,1,602.5,16.0,42.1858368,3,0,BAGGAGE,UPPER APEX,LANG_09,Round-Trip,google,Direct,Direct,Logged-Out,AREA_D,AREA_B,AREA_D_TO_AREA_B,DA,BO,31_60,very_high,15_30,Y,U,0,0.6432590445684983,27.136421074290592
37.0,178.1925018,,9,9,0,0,0,0,0,0,0,2,1,4.833333333333333,13.0,30.906128,1,0,BAGGAGE,UPPER HORIZON,LANG_05,One-Way,google,Direct,Paid Search,Logged-Out,AREA_B,AREA_C,AREA_B_TO_AREA_C,BE,CI,31_60,very_high,unknown_or_oneway,Y,V,0,0.8779363235315337,27.133612390914994
22.0,313.4693436,3.2395833333333335,3,3,0,0,0,0,0,0,0,2,1,92.25,13.0,35.5249152,2,1,BAGGAGE,UPPER APEX,LANG_09,Round-Trip,google,Paid Search,Organic Search,Logged-Out,AREA_C,AREA_B,AREA_C_TO_AREA_B,CA,BU,15_30,very_high,3_5,Y,L,0,0.7635457539607605,27.124898160776084
9.0,608.6164415,15.239583333333334,5,2,0,3,0,1,0,0,0,2,1,380.25,4.0,29.80968,2,1,BAGGAGE,UPPER APEX,LANG_09,Round-Trip,google,Direct,Affiliate,Logged-Out,AREA_C,AREA_B,AREA_C_TO_AREA_B,CA,BU,8_14,very_high,15_30,Y,T,1,0.9096727120671763,27.11705245145466
155.0,274.878657,7.180555555555555,5,4,0,1,0,1,0,0,1,2,1,177.41666666666666,22.0,30.4675488,3,1,BAGGAGE,UPPER APEX,LANG_09,Round-Trip,google,Direct,Direct,Logged-Out,AREA_C,AREA_B,AREA_C_TO_AREA_B,CA,BO,120_plus,very_high,6_8,Y,S,1,0.8899824796381643,27.11558462952078
82.0,193.03052700000003,8.552083333333334,4,2,0,2,0,1,0,0,0,4,1,207.41666666666666,11.0,31.2667566,4,0,BAGGAGE,WEST APEX,LANG_02,Round-Trip,apple,Organic Search,Organic Search,Logged-Out,AREA_B,AREA_B,AREA_B_TO_AREA_B,BE,BO,61_120,very_high,9_14,Y,T,1,0.8672100101259406,27.11484430769132
37.0,205.1411378,13.128472222222221,2,2,0,0,0,0,0,0,0,5,1,317.1666666666667,22.0,38.8044083,1,0,BAGGAGE,LOWER ZENITH,LANG_02,Round-Trip,apple,Direct,Direct,Logged-Out,AREA_C,AREA_B,AREA_C_TO_AREA_B,CE,BO,31_60,very_high,9_14,Y,W,0,0.6987504785175213,27.114598868214273
128.0,330.287828,5.423611111111111,4,2,2,0,0,0,1,0,0,2,1,144.83333333333334,18.0,29.80968,1,1,BAGGAGE,UPPER APEX,LANG_09,Round-Trip,mozilla,Paid Search,Paid Search,Logged-Out,AREA_C,AREA_B,AREA_C_TO_AREA_B,CA,BU,120_plus,very_high,6_8,Y,O,1,0.9093085961395655,27.10619827216968
0.0,160.37779160000002,5.590277777777778,1,1,0,0,0,0,0,0,0,3,1,137.25,16.0,78.828615,2,0,BAGGAGE,LOWER VERTEX,LANG_02,Round-Trip,google,Direct,Email,Logged-Out,AREA_B,AREA_B,AREA_B_TO_AREA_B,BU,BE,invalid_or_past,very_high,6_8,Y,V,0,0.3435905312126434,27.084765702606948
1.0,163.3197843,,1,1,0,0,0,0,0,0,0,2,1,24.416666666666668,,45.7098892,2,0,BAGGAGE,GREAT ZENITH,LANG_02,One-Way,google,MetaSearches,MetaSearches,Logged-Out,AREA_C,AREA_B,AREA_C_TO_AREA_B,CI,BU,0_3,very_high,unknown_or_oneway,Y,H,0,0.5923514413243451,27.076318750396116
8.0,147.1908629,29.618055555555557,1,1,0,0,0,0,0,0,0,4,1,717.4166666666666,14.0,114.4914428,3,0,BAGGAGE,WEST AURORA,LANG_02,Round-Trip,apple,MetaSearches,MetaSearches,Logged-Out,AREA_C,AREA_D,AREA_C_TO_AREA_D,CU,DA,8_14,very_high,15_30,Y,Q,0,0.23649016565226055,27.076100273538316
127.0,373.4394813,,4,2,1,1,0,1,1,0,0,3,1,362.6666666666667,10.0,29.9158984,2,0,BAGGAGE,LOWER VERTEX,LANG_02,Multi-City,google,Paid Search,Paid Search,Logged-Out,AREA_B,AREA_B,AREA_B_TO_AREA_B,BU,BE,120_plus,very_high,unknown_or_oneway,Y,O,0,0.9049219510630238,27.07155314793119
158.0,222.3142546,31.229166666666668,2,2,0,0,0,0,0,0,0,2,1,764.0833333333334,19.0,45.3107136,2,1,BAGGAGE,UPPER APEX,LANG_09,Round-Trip,microsoft,Paid Search,Organic Search,Logged-Out,AREA_C,AREA_B,AREA_C_TO_AREA_B,CA,BU,120_plus,very_high,30_plus,Y,O,0,0.5973403865931661,27.06591917863623
27.0,252.2999659,7.479166666666667,4,2,0,2,0,1,0,0,0,2,1,182.08333333333334,14.0,32.4283062,3,1,BAGGAGE,NORTH HORIZON,LANG_04,Round-Trip,apple,Paid Search,Paid Search,Logged-Out,AREA_C,AREA_C,AREA_C_TO_AREA_C,CU,CA,15_30,very_high,6_8,Y,U,0,0.8342354043707082,27.052841135814145
49.0,392.1052236,,2,2,0,0,0,0,0,1,0,2,1,305.9166666666667,14.0,45.3107136,3,1,BAGGAGE,UPPER APEX,LANG_09,Multi-City,google,Paid Search,Organic Search,Logged-In,AREA_C,AREA_C,AREA_C_TO_AREA_C,CA,CA,31_60,very_high,unknown_or_oneway,Y,L,0,0.596350630030552,27.021072602493902
0.0,246.4562407,3.78125,1,1,0,0,0,0,0,0,0,3,1,94.0,9.0,93.6229536,2,0,BAGGAGE,LOWER VERTEX,LANG_02,Round-Trip,apple,Direct,Direct,Logged-Out,AREA_B,AREA_B,AREA_B_TO_AREA_B,BU,BE,invalid_or_past,very_high,3_5,Y,K,0,0.28858299409046234,27.01799226548043
217.0,257.0348224,23.21527777777778,2,2,0,0,0,0,0,1,1,2,1,573.25,19.0,44.71452,2,1,BAGGAGE,UPPER APEX,LANG_09,Round-Trip,google,Direct,Direct,Logged-In,AREA_C,AREA_B,AREA_C_TO_AREA_B,CA,BU,120_plus,very_high,15_30,Y,O,0,0.6041407461401131,27.01386347609701
73.0,140.0870791,28.743055555555557,2,2,0,0,0,0,0,0,0,5,1,696.5,11.0,36.4423338,1,0,BAGGAGE,WEST AURORA,LANG_02,Round-Trip,apple,Direct,Paid Search,Logged-Out,AREA_C,AREA_B,AREA_C_TO_AREA_B,CU,BU,61_120,very_high,15_30,Y,W,0,0.7409236115993612,27.000985574205473
23.0,92.3110707,,1,1,0,0,0,0,0,0,0,1,0,20.583333333333332,14.0,43.5289856,1,1,BAGGAGE,LOWER VERTEX,LANG_02,One-Way,apple,MetaSearches,MetaSearches,Logged-Out,AREA_D,AREA_C,AREA_D_TO_AREA_C,DA,CA,15_30,high,unknown_or_oneway,Y,V,0,0.6202431621152761,26.998555672214316
23.0,92.3110707,,1,1,0,0,0,0,0,0,0,1,0,20.583333333333332,14.0,43.5289856,1,1,BAGGAGE,LOWER VERTEX,LANG_02,One-Way,apple,MetaSearches,MetaSearches,Logged-Out,AREA_D,AREA_C,AREA_D_TO_AREA_C,DA,CA,15_30,high,unknown_or_oneway,Y,V,0,0.6202431621152761,26.998555672214316
50.0,263.1423804,36.25694444444444,3,1,0,2,0,1,0,0,0,4,1,872.3333333333334,9.0,30.79477,1,0,BAGGAGE,CENTRAL APEX,LANG_02,Round-Trip,apple,Direct,Direct,Logged-Out,AREA_C,AREA_B,AREA_C_TO_AREA_B,CU,BO,31_60,very_high,30_plus,Y,L,0,0.8760162069923368,26.976717610601405
129.0,156.3706168,11.229166666666666,2,2,0,0,0,0,0,1,0,2,1,284.1666666666667,9.0,42.1858368,2,1,BAGGAGE,UPPER APEX,LANG_09,Round-Trip,apple,Direct,Direct,Logged-In,AREA_C,AREA_B,AREA_C_TO_AREA_B,CA,BU,120_plus,very_high,9_14,Y,O,0,0.6393853479916521,26.973005942687042
24.0,189.1462743,6.71875,2,2,0,0,0,0,0,0,0,4,1,166.0,15.0,37.0847838,1,0,BAGGAGE,LOWER VERTEX,LANG_02,Round-Trip,apple,Paid Search,Paid Search,Logged-Out,AREA_B,AREA_C,AREA_B_TO_AREA_C,BU,CU,15_30,very_high,6_8,Y,U,0,0.7272853799993398,26.97122107817636
141.0,488.506131,65.34722222222223,5,3,1,1,0,1,1,0,0,3,1,1583.0,21.0,29.80968,2,0,BAGGAGE,UPPER APEX,LANG_09,Round-Trip,google,Direct,Paid Search,Logged-Out,AREA_C,AREA_B,AREA_C_TO_AREA_B,CU,BU,120_plus,very_high,30_plus,Y,L,1,0.9043435592347772,26.95819211084975
62.0,219.7076208,,4,2,0,2,0,1,0,0,0,2,1,467.25,22.0,30.06666,3,1,BAGGAGE,UPPER APEX,LANG_02,Multi-City,google,Direct,Direct,Logged-Out,AREA_C,AREA_B,AREA_C_TO_AREA_B,CA,BO,61_120,very_high,unknown_or_oneway,Y,Q,0,0.8965521890676708,26.956329840953373
146.0,153.07142190000002,6.284722222222222,5,3,0,1,1,1,0,0,0,2,1,152.91666666666666,18.0,31.4080956,2,1,BAGGAGE,UPPER MERIDIAN,LANG_01,Round-Trip,microsoft,Paid Search,Paid Search,Logged-Out,AREA_B,AREA_C,AREA_B_TO_AREA_C,BA,CA,120_plus,very_high,6_8,Y,U,1,0.8580506678220011,26.949737404597254
39.0,80.2711294,,2,2,0,0,0,0,0,1,1,2,1,8.916666666666666,19.0,59.7966762,1,0,BAGGAGE,UPPER MERIDIAN,LANG_02,One-Way,google,Direct,Direct,Logged-In,AREA_B,AREA_B,AREA_B_TO_AREA_B,BI,BU,31_60,high,unknown_or_oneway,Y,L,0,0.4506681445120397,26.948457111041243
54.0,198.99074979999995,10.256944444444445,2,2,0,0,0,0,0,0,0,4,1,247.41666666666666,14.0,43.9195952,2,0,BAGGAGE,CENTRAL MERIDIAN,LANG_02,Round-Trip,google,Direct,MetaSearches,Logged-Out,AREA_B,AREA_B,AREA_B_TO_AREA_B,BI,BO,31_60,very_high,9_14,Y,L,0,0.613270323792885,26.934584369156443
92.0,238.5005682,23.40972222222222,2,2,0,0,0,0,0,1,1,2,1,577.9166666666666,16.0,45.3107136,2,1,BAGGAGE,UPPER APEX,LANG_09,Round-Trip,google,Direct,Direct,Logged-In,AREA_C,AREA_B,AREA_C_TO_AREA_B,CA,BU,61_120,very_high,15_30,Y,U,0,0.5941220199468394,26.920092689264727
32.0,197.0548338,6.239583333333333,2,2,0,0,0,0,0,0,0,2,1,163.91666666666666,9.0,41.8564741,1,1,BAGGAGE,UPPER APEX,LANG_02,Round-Trip,apple,Direct,Direct,Logged-Out,AREA_C,AREA_B,AREA_C_TO_AREA_B,CA,BU,31_60,very_high,6_8,Y,W,0,0.6430937144624951,26.91763540327222
16.0,144.8536298,6.590277777777778,2,2,0,0,0,0,0,0,0,2,1,165.0,21.0,41.3712102,1,1,BAGGAGE,NORTH VERTEX,LANG_02,Round-Trip,apple,Paid Search,Paid Search,Logged-Out,AREA_B,AREA_C,AREA_B_TO_AREA_C,BA,CA,15_30,very_high,6_8,Y,L,0,0.6499580947917616,26.889552960821494
142.0,133.7675126,5.225694444444445,3,2,0,1,0,1,0,1,0,2,1,128.0,8.0,32.89344,2,1,BAGGAGE,UPPER APEX,LANG_09,Round-Trip,apple,Direct,Direct,Logged-In,AREA_C,AREA_B,AREA_C_TO_AREA_B,CA,BO,120_plus,very_high,6_8,Y,W,0,0.8172171861175281,26.881084478525743
175.0,313.7790045,22.78472222222222,3,1,0,2,0,1,0,0,0,4,1,550.0,21.0,44.4553985,2,0,BAGGAGE,LOWER VERTEX,LANG_02,Round-Trip,apple,Paid Search,Paid Search,Logged-Out,AREA_B,AREA_B,AREA_B_TO_AREA_B,BU,BE,120_plus,very_high,15_30,Y,L,0,0.6044600992603554,26.871514589968655
3.0,153.6907437,,1,1,0,0,0,0,0,0,0,2,1,5.333333333333333,20.0,41.6410392,1,0,BAGGAGE,LOWER ZENITH,LANG_02,One-Way,google,MetaSearches,MetaSearches,Logged-Out,AREA_C,AREA_B,AREA_C_TO_AREA_B,CE,BU,0_3,very_high,unknown_or_oneway,Y,M,0,0.64530380849462,26.871121185433765
18.0,76.89741029999999,,2,2,0,0,0,0,0,0,0,2,1,7.0,16.0,44.560332,1,0,BAGGAGE,NEW AURORA,LANG_02,One-Way,google,Paid Search,Paid Search,Logged-Out,AREA_B,AREA_B,AREA_B_TO_AREA_B,BO,BE,15_30,high,unknown_or_oneway,Y,L,0,0.6028391162393606,26.862711162212502
51.0,134.85325310000002,,2,2,0,0,0,0,0,0,0,2,1,5.416666666666667,11.0,41.0409909,1,0,BAGGAGE,CENTRAL VERTEX,LANG_02,One-Way,apple,MetaSearches,MetaSearches,Logged-Out,AREA_B,AREA_B,AREA_B_TO_AREA_B,BI,BU,31_60,very_high,unknown_or_oneway,Y,Q,0,0.6545106527671932,26.861765744171436
46.0,166.6112698,12.21875,2,2,0,0,0,0,0,0,0,2,1,309.1666666666667,19.0,44.71452,2,1,BAGGAGE,UPPER APEX,LANG_09,Round-Trip,google,Paid Search,Paid Search,Logged-Out,AREA_C,AREA_B,AREA_C_TO_AREA_B,CA,BU,31_60,very_high,9_14,Y,O,1,0.6005935755872508,26.85525344746764
0.0,63.961893700000005,,1,1,0,0,0,0,0,0,0,2,1,19.25,10.0,40.2396416,1,0,BAGGAGE,WEST VERTEX,LANG_02,One-Way,apple,Direct,Email,Logged-Out,AREA_B,AREA_C,AREA_B_TO_AREA_C,BO,CE,invalid_or_past,high,unknown_or_oneway,Y,W,0,0.6673673698710838,26.85462377914705
6.0,39.356487,,1,1,0,0,0,0,0,1,0,2,1,4.833333333333333,11.0,51.0465072,1,0,BAGGAGE,UPPER HORIZON,LANG_02,One-Way,microsoft,Direct,Direct,Logged-In,AREA_B,AREA_C,AREA_B_TO_AREA_C,BE,CI,4_7,mid,unknown_or_oneway,Y,K,0,0.526017909893512,26.851377024708114
43.0,453.4343572,10.78125,2,1,0,1,0,1,0,0,0,2,1,262.0833333333333,9.0,44.71452,2,1,BAGGAGE,LOWER VERTEX,LANG_02,Round-Trip,google,Paid Search,Paid Search,Logged-Out,AREA_B,AREA_C,AREA_B_TO_AREA_C,BU,CA,31_60,very_high,9_14,Y,U,0,0.6002895463045969,26.841658924027822
3.0,46.3022281,,1,1,0,0,0,0,0,0,0,2,1,6.5,22.0,43.8030976,3,0,BAGGAGE,LOWER ZENITH,LANG_02,One-Way,google,Paid Search,Paid Search,Logged-Out,AREA_C,AREA_B,AREA_C_TO_AREA_B,CE,BI,0_3,mid,unknown_or_oneway,Y,Q,0,0.6125499990212306,26.83158739200687
8.0,195.5840516,1.4791666666666667,2,2,0,0,0,0,0,0,0,2,1,37.166666666666664,12.0,74.0367946,3,1,BAGGAGE,UPPER APEX,LANG_02,Round-Trip,microsoft,Paid Search,Paid Search,Logged-Out,AREA_C,AREA_C,AREA_C_TO_AREA_C,CA,CU,8_14,very_high,1_2,Y,Q,0,0.3623176298833249,26.824835943630543
67.0,214.766752,13.715277777777779,2,2,0,0,0,0,0,0,0,4,1,330.0,20.0,48.2745496,3,0,BAGGAGE,UPPER APEX,LANG_09,Round-Trip,opera,Paid Search,Paid Search,Logged-Out,AREA_D,AREA_B,AREA_D_TO_AREA_B,DA,BO,61_120,very_high,9_14,Y,O,0,0.5549154358358164,26.788292731061734
49.0,190.0953871,9.934027777777779,3,2,0,1,0,1,0,1,0,4,1,239.33333333333334,19.0,32.2355712,2,0,BAGGAGE,UPPER APEX,LANG_09,Round-Trip,microsoft,Paid MetaSearches,Paid MetaSearches,Logged-In,AREA_C,AREA_C,AREA_C_TO_AREA_C,CA,CE,31_60,very_high,9_14,Y,O,0,0.8308939849523693,26.784342211583834
184.0,299.8108566,8.78125,5,2,0,2,1,1,0,0,0,2,1,214.0,20.0,33.8832413,2,0,BAGGAGE,LOWER VERTEX,LANG_02,Round-Trip,google,MetaSearches,MetaSearches,Logged-Out,AREA_B,AREA_B,AREA_B_TO_AREA_B,BU,BE,120_plus,very_high,9_14,Y,L,0,0.7898055685714297,26.76117265998945
175.0,527.1195175,21.78472222222222,5,2,2,1,0,1,1,0,0,4,1,526.0,20.0,33.8832413,2,0,BAGGAGE,LOWER VERTEX,LANG_09,Round-Trip,apple,Direct,Email,Logged-Out,AREA_B,AREA_B,AREA_B_TO_AREA_B,BU,BE,120_plus,very_high,15_30,Y,L,0,0.7896496851852307,26.755890825600208
54.0,131.9489508,14.447916666666666,3,2,0,0,1,1,0,0,0,2,1,350.9166666666667,21.0,37.4985216,3,1,BAGGAGE,UPPER APEX,LANG_09,Round-Trip,google,Direct,Direct,Logged-Out,AREA_C,AREA_C,AREA_C_TO_AREA_C,CA,CE,31_60,very_high,15_30,Y,O,0,0.7134563296803289,26.75355758917453
114.0,200.5531882,6.274305555555555,6,5,1,0,0,0,1,0,0,2,1,152.66666666666666,13.0,32.353782,3,1,BAGGAGE,UPPER MERIDIAN,LANG_01,Round-Trip,google,Paid Search,Organic Search,Logged-Out,AREA_B,AREA_C,AREA_B_TO_AREA_C,BI,CA,61_120,very_high,6_8,Y,W,1,0.8265139837948343,26.740853251649604
23.0,101.6719955,,4,4,0,0,0,0,0,1,0,2,1,5.75,11.0,30.516375,1,0,BAGGAGE,UPPER APEX,LANG_09,One-Way,mozilla,Paid MetaSearches,MetaSearches,Logged-In,AREA_D,AREA_B,AREA_D_TO_AREA_B,DA,BO,15_30,high,unknown_or_oneway,Y,S,1,0.8760510473550722,26.733902280230144
12.0,146.1381015,,3,3,0,0,0,0,0,0,0,2,1,3.75,16.0,32.1225,1,0,BAGGAGE,UPPER APEX,LANG_02,One-Way,microsoft,MetaSearches,MetaSearches,Logged-Out,AREA_B,AREA_B,AREA_B_TO_AREA_B,BE,BI,8_14,very_high,unknown_or_oneway,Y,Q,1,0.8318392642642699,26.72075676632901
182.0,114.4940126,9.875,4,3,1,0,0,0,1,1,0,2,1,239.25,9.0,31.1948022,2,1,BAGGAGE,NORTH ZENITH,LANG_06,Round-Trip,google,Email,Organic Search,Logged-In,AREA_C,AREA_C,AREA_C_TO_AREA_C,CI,CA,120_plus,very_high,9_14,Y,U,1,0.8563860179750699,26.71479243757795
177.0,166.26606,8.315972222222221,5,4,0,1,0,1,0,0,0,2,1,200.83333333333334,18.0,29.604096,3,1,BAGGAGE,UPPER APEX,LANG_09,Round-Trip,apple,Paid Search,Paid Search,Logged-Out,AREA_C,AREA_B,AREA_C_TO_AREA_B,CA,BO,120_plus,very_high,9_14,Y,O,0,0.9018392698845791,26.698136322232987
1.0,382.8693624,11.48263888888889,2,1,1,0,0,0,1,0,0,2,1,296.1666666666667,22.0,33.9830352,2,1,BAGGAGE,UPPER APEX,LANG_09,Round-Trip,google,Paid Search,Paid Search,Logged-Out,AREA_C,AREA_D,AREA_C_TO_AREA_D,CA,DA,0_3,very_high,9_14,Y,Q,0,0.7855438435461852,26.695164086373307
95.0,294.233534,16.34722222222222,3,2,0,1,0,1,0,0,0,3,1,407.0,23.0,29.80968,2,0,BAGGAGE,UPPER APEX,LANG_09,Round-Trip,google,Paid Search,Affiliate,Logged-Out,AREA_C,AREA_B,AREA_C_TO_AREA_B,CU,BU,61_120,very_high,15_30,Y,L,0,0.8949157372768195,26.67715175518606
192.0,724.5062838,18.22222222222222,6,4,0,2,0,1,0,0,0,2,1,457.9166666666667,15.0,29.80968,2,1,BAGGAGE,UPPER APEX,LANG_09,Round-Trip,apple,Email,Email,Logged-Out,AREA_C,AREA_D,AREA_C_TO_AREA_D,CA,DA,120_plus,very_high,15_30,Y,S,1,0.8948811224039303,26.67611989690199
165.0,159.2350872,4.715277777777778,6,3,0,3,0,1,0,0,0,2,1,115.08333333333333,17.0,32.4591438,3,1,BAGGAGE,UPPER APEX,LANG_09,Round-Trip,google,Direct,Paid Search,Logged-Out,AREA_C,AREA_B,AREA_C_TO_AREA_B,CA,BA,120_plus,very_high,3_5,Y,U,0,0.8213990168215916,26.66190880419066
29.0,227.2354216,105.36111111111111,2,2,0,0,0,0,0,0,0,2,1,2543.8333333333335,10.0,36.5309919,1,1,BAGGAGE,LOWER VERTEX,LANG_02,Round-Trip,google,Paid Search,Paid Search,Logged-Out,AREA_C,AREA_B,AREA_C_TO_AREA_B,CA,BO,15_30,very_high,30_plus,Y,L,0,0.7298117495759922,26.660747112285396
165.0,180.1554007,21.85763888888889,2,2,0,0,0,0,0,1,0,4,1,527.1666666666666,18.0,55.1513344,4,0,BAGGAGE,NORTH HORIZON,LANG_04,Round-Trip,apple,Direct,Direct,Logged-In,AREA_C,AREA_C,AREA_C_TO_AREA_C,CU,CE,120_plus,very_high,15_30,Y,L,0,0.48323580594165494,26.65109952754172
333.0,263.5308485,6.270833333333333,3,2,0,1,0,1,0,0,0,2,1,165.16666666666666,19.0,29.449908,1,0,BAGGAGE,UPPER APEX,LANG_09,Round-Trip,mozilla,Direct,Paid Search,Logged-Out,AREA_B,AREA_B,AREA_B_TO_AREA_B,BE,BU,120_plus,very_high,6_8,Y,W,0,0.9037722807163654,26.616010520047137
194.0,208.42577050000003,12.284722222222221,2,2,0,0,0,0,0,1,0,2,1,310.9166666666667,12.0,45.2336196,2,1,BAGGAGE,SOUTH HORIZON,LANG_02,Round-Trip,google,MetaSearches,Organic Search,Logged-In,AREA_C,AREA_B,AREA_C_TO_AREA_B,CA,BU,120_plus,very_high,9_14,Y,V,1,0.5883599151003075,26.613648587535604
110.0,144.6951588,12.197916666666666,6,6,0,0,0,0,0,1,1,2,1,294.4166666666667,18.0,30.4675488,4,1,BAGGAGE,UPPER APEX,LANG_09,Round-Trip,google,Organic Search,Organic Search,Logged-In,AREA_C,AREA_B,AREA_C_TO_AREA_B,CA,BA,61_120,very_high,9_14,Y,W,1,0.872856360352085,26.593793754417536
190.0,315.6571,10.864583333333334,4,3,1,0,0,0,1,0,0,3,1,261.6666666666667,15.0,29.80968,2,0,BAGGAGE,UPPER APEX,LANG_09,Round-Trip,samsung,Direct,Direct,Logged-Out,AREA_B,AREA_B,AREA_B_TO_AREA_B,BE,BU,120_plus,very_high,9_14,Y,O,1,0.8916438797738891,26.579618730018108
42.0,237.5283272,7.229166666666667,4,2,0,2,0,1,0,0,0,2,1,176.16666666666666,21.0,28.52478,1,1,BAGGAGE,UPPER APEX,LANG_09,Round-Trip,google,Paid Search,Paid Search,Logged-Out,AREA_C,AREA_B,AREA_C_TO_AREA_B,CA,BO,31_60,very_high,6_8,Y,T,1,0.9313122684443217,26.565477568675217
98.0,338.35871319999995,15.024305555555555,4,2,0,2,0,1,0,0,0,2,1,376.9166666666667,14.0,29.8799212,2,0,BAGGAGE,LOWER VERTEX,LANG_02,Round-Trip,google,Direct,Direct,Logged-Out,AREA_B,AREA_B,AREA_B_TO_AREA_B,BE,BU,61_120,very_high,15_30,Y,U,1,0.8885589642076224,26.550071832077375
64.0,208.33111619999997,63.763888888888886,2,2,0,0,0,0,0,1,0,4,1,1534.0,17.0,67.6808226,5,0,BAGGAGE,NORTH MERIDIAN,LANG_02,Round-Trip,microsoft,MetaSearches,MetaSearches,Logged-In,AREA_B,AREA_C,AREA_B_TO_AREA_C,BI,CU,61_120,very_high,30_plus,Y,O,0,0.3922161156068071,26.545509341245403
65.0,576.2827896,17.010416666666668,3,3,0,0,0,0,0,1,0,2,1,414.9166666666667,19.0,42.1858368,4,1,BAGGAGE,UPPER APEX,LANG_09,Round-Trip,microsoft,Referrals,Paid Search,Logged-In,AREA_C,AREA_B,AREA_C_TO_AREA_B,CA,BU,61_120,very_high,15_30,Y,Y,1,0.6292045618048354,26.5435209581143
0.0,68.5489867,,1,1,0,0,0,0,0,0,0,2,1,4.416666666666667,,37.4355615,1,0,BAGGAGE,LOWER VERTEX,LANG_02,One-Way,google,Paid Search,Paid Search,Logged-Out,AREA_B,AREA_B,AREA_B_TO_AREA_B,BI,BE,invalid_or_past,high,unknown_or_oneway,Y,Q,0,0.7090443724968839,26.543474212836006
149.0,207.06420479999997,10.604166666666666,4,2,2,0,0,0,1,1,0,4,1,255.41666666666666,8.0,30.4675488,2,0,BAGGAGE,UPPER APEX,LANG_09,Round-Trip,apple,Direct,Direct,Logged-In,AREA_C,AREA_B,AREA_C_TO_AREA_B,CE,BO,120_plus,very_high,9_14,Y,W,0,0.871084669113826,26.539814665157344
87.0,296.9455296,,8,8,0,0,0,0,0,1,0,2,1,6.833333333333333,18.0,29.9060475,1,0,BAGGAGE,UPPER APEX,LANG_09,One-Way,apple,Direct,Direct,Logged-In,AREA_B,AREA_D,AREA_B_TO_AREA_D,BU,DA,61_120,very_high,unknown_or_oneway,Y,L,0,0.8869082396037982,26.52391994173257
117.0,384.05661,8.302083333333334,4,4,0,0,0,0,0,0,0,2,1,215.5,21.0,32.1225,3,1,BAGGAGE,UPPER APEX,LANG_09,Round-Trip,google,Paid Search,MetaSearches,Logged-Out,AREA_C,AREA_B,AREA_C_TO_AREA_B,CA,BO,61_120,very_high,9_14,Y,O,0,0.825551652173333,26.518782946937893
24.0,294.96421380000004,13.46875,3,3,0,0,0,0,0,0,0,2,1,338.4166666666667,10.0,30.32364,2,1,BAGGAGE,UPPER APEX,LANG_09,Round-Trip,mozilla,Direct,Affiliate,Logged-Out,AREA_C,AREA_B,AREA_C_TO_AREA_B,CA,BO,15_30,very_high,9_14,Y,U,0,0.8733966689958823,26.484566167830298
68.0,101.4582738,4.232638888888889,6,6,0,0,0,0,0,1,0,2,1,102.41666666666667,6.0,37.00512,2,0,BAGGAGE,UPPER APEX,LANG_09,Round-Trip,apple,Direct,Direct,Logged-In,AREA_C,AREA_B,AREA_C_TO_AREA_B,CE,BI,61_120,high,3_5,Y,O,1,0.715368180447774,26.472285361651526
114.0,275.5699332,57.65625,2,2,0,0,0,0,0,1,0,2,1,1389.6666666666667,21.0,35.398995,1,1,BAGGAGE,UPPER APEX,LANG_09,Round-Trip,apple,Direct,Direct,Logged-In,AREA_C,AREA_C,AREA_C_TO_AREA_C,CA,CA,61_120,very_high,30_plus,Y,L,1,0.7475101825653853,26.46110921508116
0.0,48.1858915,,1,1,0,0,0,0,0,1,0,2,1,3.3333333333333335,13.0,60.039094,2,0,BAGGAGE,LOWER ZENITH,LANG_02,One-Way,apple,Direct,Direct,Logged-In,AREA_C,AREA_B,AREA_C_TO_AREA_B,CE,BE,invalid_or_past,mid,unknown_or_oneway,Y,K,0,0.44060015457461654,26.45323409691993
26.0,262.19883550000003,22.12152777777778,3,2,0,1,0,1,0,0,0,4,1,532.25,18.0,33.9530542,3,0,BAGGAGE,UPPER HORIZON,LANG_05,Round-Trip,google,Paid Search,Paid Search,Logged-Out,AREA_C,AREA_B,AREA_C_TO_AREA_B,CI,BO,15_30,very_high,15_30,Y,L,1,0.7789592120166493,26.44804434519058
56.0,106.1061854,,3,2,0,0,1,1,0,1,0,2,1,14.5,15.0,35.3458858,2,0,BAGGAGE,LOWER ZENITH,LANG_02,One-Way,apple,Direct,Direct,Logged-In,AREA_C,AREA_B,AREA_C_TO_AREA_B,CE,BO,31_60,very_high,unknown_or_oneway,Y,W,0,0.7480254613310936,26.439622531701147
9.0,199.26571839999997,21.78125,1,1,0,0,0,0,0,0,0,2,1,526.0,14.0,93.6229536,2,0,BAGGAGE,LOWER VERTEX,LANG_02,Round-Trip,google,MetaSearches,MetaSearches,Logged-Out,AREA_B,AREA_B,AREA_B_TO_AREA_B,BU,BE,8_14,very_high,15_30,Y,Q,0,0.2823910134564823,26.43828074989322
217.0,350.84280160000003,8.034722222222221,4,4,0,0,0,0,0,0,0,2,1,207.41666666666666,17.0,29.80968,2,1,BAGGAGE,UPPER APEX,LANG_02,Round-Trip,google,Paid Search,Paid Search,Logged-Out,AREA_C,AREA_B,AREA_C_TO_AREA_B,CA,BU,120_plus,very_high,9_14,Y,L,1,0.8866240584625242,26.429979463069138
34.0,265.3601178,,2,2,0,0,0,0,0,1,0,1,0,16.166666666666668,16.0,41.8911664,1,1,BAGGAGE,LOWER VERTEX,LANG_02,One-Way,apple,Direct,Direct,Logged-In,AREA_B,AREA_C,AREA_B_TO_AREA_C,BO,CA,31_60,very_high,unknown_or_oneway,Y,S,1,0.6305131057374018,26.412929429826296
22.0,278.313623,256.2673611111111,2,2,0,0,0,0,0,0,0,4,1,6151.333333333333,22.0,44.71452,3,0,BAGGAGE,UPPER APEX,LANG_09,Round-Trip,google,Paid Search,Organic Search,Logged-Out,AREA_C,AREA_B,AREA_C_TO_AREA_B,CU,BU,15_30,very_high,30_plus,Y,W,0,0.5906940308153612,26.412600054774085
309.0,266.7499513,10.21875,3,2,0,1,0,1,0,0,0,2,1,261.5833333333333,21.0,29.80968,2,0,BAGGAGE,UPPER APEX,LANG_09,Round-Trip,apple,Paid Search,Paid Search,Logged-Out,AREA_B,AREA_B,AREA_B_TO_AREA_B,BE,BU,120_plus,very_high,9_14,Y,W,0,0.8854769589470267,26.395784793584003
68.0,164.4697698,9.239583333333334,2,1,1,0,0,0,1,0,0,2,1,236.25,9.0,44.71452,1,1,BAGGAGE,UPPER APEX,LANG_09,Round-Trip,mozilla,Direct,Paid MetaSearches,Logged-Out,AREA_C,AREA_B,AREA_C_TO_AREA_B,CA,BU,61_120,very_high,9_14,Y,O,0,0.5902009107548575,26.39055042796629
6.0,443.0519369,12.402777777777779,2,1,1,0,0,0,1,0,0,4,1,302.4166666666667,10.0,45.8760696,3,0,BAGGAGE,NEW HORIZON,LANG_02,Round-Trip,apple,Paid Search,Paid Search,Logged-Out,AREA_C,AREA_D,AREA_C_TO_AREA_D,CE,DA,4_7,very_high,9_14,Y,V,0,0.5751700179046615,26.386539773227497
8.0,321.6117549,16.010416666666668,2,2,0,0,0,0,0,0,0,4,1,387.25,12.0,46.2512604,4,0,BAGGAGE,OLD AURORA,LANG_02,Round-Trip,google,Paid Search,Paid Search,Logged-Out,AREA_B,AREA_B,AREA_B_TO_AREA_B,BO,BI,8_14,very_high,15_30,Y,K,0,0.5703337513027059,26.37865484641029
82.0,303.3451882,17.23263888888889,3,2,0,1,0,1,0,1,0,4,1,414.9166666666667,21.0,34.5419667,3,0,BAGGAGE,UPPER MERIDIAN,LANG_02,Round-Trip,google,Paid Search,Paid Search,Logged-In,AREA_B,AREA_B,AREA_B_TO_AREA_B,BU,BO,61_120,very_high,15_30,Y,V,0,0.7635838004032192,26.375686206187446
53.0,410.855341,,4,2,0,1,1,1,0,0,0,2,1,30.5,12.0,32.7126974,2,0,BAGGAGE,NORTH MERIDIAN,LANG_02,One-Way,google,MetaSearches,MetaSearches,Logged-Out,AREA_B,AREA_B,AREA_B_TO_AREA_B,BI,BO,31_60,very_high,unknown_or_oneway,Y,S,0,0.8039578678088778,26.299630451981024
84.0,288.4510557,15.006944444444445,3,2,1,0,0,0,1,1,0,4,1,362.0833333333333,16.0,33.53589,3,1,BAGGAGE,UPPER APEX,LANG_09,Round-Trip,google,Paid Search,Partners,Logged-In,AREA_C,AREA_B,AREA_C_TO_AREA_B,CA,BU,61_120,very_high,15_30,Y,U,0,0.7836550231409717,26.280568654003083
83.0,233.6860479,14.006944444444445,3,2,1,0,0,0,1,0,0,4,1,337.0833333333333,21.0,29.80968,2,0,BAGGAGE,UPPER APEX,LANG_09,Round-Trip,google,Paid Search,Paid Search,Logged-Out,AREA_C,AREA_B,AREA_C_TO_AREA_B,CU,BU,61_120,very_high,15_30,Y,O,1,0.8813378042703557,26.272397917201936
131.0,299.6506724,5.996527777777778,4,4,0,0,0,0,0,0,0,4,1,144.83333333333334,15.0,29.80968,1,0,BAGGAGE,UPPER APEX,LANG_02,Round-Trip,apple,Direct,Direct,Logged-Out,AREA_B,AREA_B,AREA_B_TO_AREA_B,BE,BU,120_plus,very_high,6_8,Y,O,1,0.8805113642565136,26.247762004850106
17.0,106.55161739999998,,2,2,0,0,0,0,0,0,0,1,0,11.083333333333334,13.0,40.7214791,1,1,BAGGAGE,UPPER APEX,LANG_02,One-Way,google,Paid Search,Paid Search,Logged-Out,AREA_C,AREA_B,AREA_C_TO_AREA_B,CA,BO,15_30,very_high,unknown_or_oneway,Y,U,0,0.6444187618549558,26.241685142524464
178.0,263.1963462,,2,1,1,0,0,0,1,0,0,2,1,690.0833333333334,12.0,45.3107136,2,1,BAGGAGE,UPPER APEX,LANG_09,Multi-City,microsoft,Paid Search,Paid Search,Logged-Out,AREA_C,AREA_B,AREA_C_TO_AREA_B,CA,BO,120_plus,very_high,unknown_or_oneway,Y,T,0,0.578965131403178,26.233323253395763
136.0,175.9649135,,2,1,0,1,0,1,0,0,0,3,1,406.0,15.0,43.1178176,2,0,BAGGAGE,NORTH MERIDIAN,LANG_02,Multi-City,google,Email,Email,Logged-Out,AREA_B,AREA_B,AREA_B_TO_AREA_B,BI,BE,120_plus,very_high,unknown_or_oneway,Y,U,1,0.6083485931825463,26.230663678061635
240.0,358.1860051,28.770833333333332,3,3,0,0,0,0,0,0,0,2,1,694.0,21.0,35.386146,1,1,BAGGAGE,LOWER VERTEX,LANG_02,Round-Trip,google,MetaSearches,MetaSearches,Logged-Out,AREA_B,AREA_C,AREA_B_TO_AREA_C,BU,CA,120_plus,very_high,15_30,Y,W,0,0.7410334945214898,26.222319428027635
0.0,471.5583,25.760416666666668,4,2,0,1,1,1,0,0,0,4,1,622.0,19.0,33.4836374,4,0,BAGGAGE,LOWER VERTEX,LANG_02,Round-Trip,apple,MetaSearches,MetaSearches,Logged-Out,AREA_B,AREA_D,AREA_B_TO_AREA_D,BU,DA,invalid_or_past,very_high,15_30,Y,S,0,0.7828534401608291,26.2127807276878
6.0,94.4855498,,1,1,0,0,0,0,0,1,0,2,1,19.083333333333332,11.0,35.3458858,1,0,BAGGAGE,OLD HORIZON,LANG_02,One-Way,google,Paid Search,Paid Search,Logged-In,AREA_C,AREA_B,AREA_C_TO_AREA_B,CE,BO,4_7,high,unknown_or_oneway,Y,Q,0,0.7408720963372905,26.186780509544466
118.0,363.4091236,,2,2,0,0,0,0,0,0,0,2,1,278.75,21.0,45.3107136,3,1,BAGGAGE,UPPER APEX,LANG_09,Multi-City,google,Paid Search,Paid Search,Logged-Out,AREA_C,AREA_C,AREA_C_TO_AREA_C,CA,CA,61_120,very_high,unknown_or_oneway,Y,L,0,0.5778074716782244,26.18086886515214
69.0,145.4618158,8.239583333333334,3,2,0,1,0,1,0,1,0,2,1,212.25,17.0,28.78176,1,1,BAGGAGE,UPPER APEX,LANG_09,Round-Trip,other,Direct,Direct,Logged-In,AREA_C,AREA_B,AREA_C_TO_AREA_B,CA,BU,61_120,very_high,9_14,Y,O,1,0.9093194389494847,26.17181385517872
111.0,482.9746365,37.21875,5,2,0,3,0,1,0,0,0,2,1,909.5833333333334,14.0,29.80968,2,0,BAGGAGE,UPPER APEX,LANG_09,Round-Trip,apple,Paid Search,Paid Search,Logged-Out,AREA_B,AREA_B,AREA_B_TO_AREA_B,BE,BU,61_120,very_high,30_plus,Y,U,1,0.8768019031252795,26.13718415555558
24.0,156.36547720000002,80.22916666666667,2,2,0,0,0,0,0,0,0,2,1,1940.1666666666667,21.0,31.7164716,2,1,BAGGAGE,UPPER APEX,LANG_09,Round-Trip,microsoft,MetaSearches,MetaSearches,Logged-Out,AREA_C,AREA_B,AREA_C_TO_AREA_B,CA,BU,15_30,very_high,30_plus,Y,U,0,0.8240628441070752,26.136365791737276
10.0,111.6522421,,1,1,0,0,0,0,0,0,0,2,1,5.416666666666667,22.0,40.4936235,2,0,BAGGAGE,CENTRAL MERIDIAN,LANG_02,One-Way,google,MetaSearches,MetaSearches,Logged-Out,AREA_B,AREA_B,AREA_B_TO_AREA_B,BI,BU,8_14,very_high,unknown_or_oneway,Y,H,0,0.6452360611391618,26.127946128392196
18.0,279.3698108,14.239583333333334,2,1,1,0,0,0,1,0,0,2,1,356.25,20.0,42.1858368,2,1,BAGGAGE,UPPER APEX,LANG_09,Round-Trip,apple,Direct,Direct,Logged-Out,AREA_C,AREA_B,AREA_C_TO_AREA_B,CA,BU,15_30,very_high,15_30,Y,W,0,0.6192655235592361,26.12423431273649
122.0,70.0852988,4.1875,4,4,0,0,0,0,0,0,0,2,1,101.75,22.0,40.08888,2,0,BAGGAGE,UPPER APEX,LANG_09,Round-Trip,google,MetaSearches,MetaSearches,Logged-Out,AREA_B,AREA_B,AREA_B_TO_AREA_B,BE,BI,120_plus,high,3_5,Y,O,0,0.651578110559656,26.121036684852783
121.0,164.655652,10.239583333333334,2,1,1,0,0,0,1,1,1,2,1,260.25,21.0,37.2621,1,1,BAGGAGE,UPPER APEX,LANG_09,Round-Trip,apple,Direct,Affiliate,Logged-In,AREA_C,AREA_B,AREA_C_TO_AREA_B,CA,BU,120_plus,very_high,9_14,Y,O,0,0.7009364323612457,26.11836343628797
23.0,57.5853633,13.385416666666666,2,2,0,0,0,0,0,0,1,4,1,322.9166666666667,22.0,47.1609696,1,0,BAGGAGE,UPPER MERIDIAN,LANG_01,Round-Trip,mozilla,Direct,Direct,Logged-Out,AREA_B,AREA_C,AREA_B_TO_AREA_C,BI,CE,15_30,high,9_14,Y,V,0,0.5537774554545161,26.116681741855786
125.0,252.5046933,26.260416666666668,2,2,0,0,0,0,0,0,0,4,1,631.1666666666666,9.0,45.3107136,2,0,BAGGAGE,LOWER VERTEX,LANG_09,Round-Trip,apple,Email,Email,Logged-Out,AREA_C,AREA_B,AREA_C_TO_AREA_B,CU,BU,120_plus,very_high,15_30,Y,O,0,0.5762826805909228,26.111779492895582
117.0,140.6554332,8.229166666666666,2,2,0,0,0,0,0,0,0,2,1,212.16666666666666,9.0,45.3107136,2,1,BAGGAGE,UPPER APEX,LANG_09,Round-Trip,apple,Direct,Direct,Logged-Out,AREA_C,AREA_B,AREA_C_TO_AREA_B,CA,BU,61_120,very_high,9_14,Y,O,0,0.576204465683303,26.108235519617168
166.0,296.91597690000003,12.715277777777779,5,3,0,2,0,1,0,0,0,4,1,307.3333333333333,17.0,31.274466,4,0,BAGGAGE,WEST APEX,LANG_02,Round-Trip,google,MetaSearches,MetaSearches,Logged-Out,AREA_B,AREA_B,AREA_B_TO_AREA_B,BE,BU,120_plus,very_high,9_14,Y,W,1,0.8348086574347292,26.108194973448086
,91.3666692,20.78472222222222,1,1,0,0,0,0,0,0,0,2,1,502.0,11.0,26.2753484,2,1,BAGGAGE,LOWER VERTEX,LANG_02,Round-Trip,samsung,MetaSearches,MetaSearches,Logged-Out,AREA_B,AREA_C,AREA_B_TO_AREA_C,BU,CA,MISSING,high,15_30,Y,L,1,0.9930202481008046,26.091952987103078
66.0,432.4951985,14.944444444444445,5,2,3,0,0,0,1,0,0,3,1,359.5833333333333,8.0,29.891057,2,0,BAGGAGE,UPPER APEX,LANG_09,Round-Trip,google,Paid Search,Organic Search,Logged-Out,AREA_B,AREA_B,AREA_B_TO_AREA_B,BE,BU,61_120,very_high,15_30,Y,L,0,0.8723350610668713,26.07501703344833
1.0,81.62712719999999,,1,1,0,0,0,0,0,0,0,1,0,16.166666666666668,8.0,36.7314363,2,1,BAGGAGE,LOWER VERTEX,LANG_02,One-Way,microsoft,Paid Search,Paid Search,Logged-Out,AREA_B,AREA_C,AREA_B_TO_AREA_C,BU,CA,0_3,high,unknown_or_oneway,Y,W,0,0.7094070826545757,26.057541067295382
11.0,246.93165369999997,,2,1,1,0,0,0,1,0,0,3,1,37.833333333333336,12.0,31.8381088,1,0,BAGGAGE,LOWER VERTEX,LANG_02,One-Way,google,MetaSearches,MetaSearches,Logged-Out,AREA_B,AREA_C,AREA_B_TO_AREA_C,BI,CE,8_14,very_high,unknown_or_oneway,Y,W,0,0.8182988066455289,26.053086436890514
0.0,251.9436203,12.51736111111111,2,2,0,0,0,0,0,0,0,4,1,304.0,12.0,29.4426269,2,0,BAGGAGE,LOWER VERTEX,LANG_02,Round-Trip,apple,Organic Search,Paid Search,Logged-Out,AREA_D,AREA_C,AREA_D_TO_AREA_C,DA,CU,invalid_or_past,very_high,9_14,Y,S,1,0.8848659065745975,26.05277674380613
162.0,212.0616092,13.274305555555555,2,2,0,0,0,0,0,1,0,2,1,333.25,17.0,29.80968,1,0,BAGGAGE,UPPER APEX,LANG_09,Round-Trip,google,Paid Search,Organic Search,Logged-In,AREA_C,AREA_B,AREA_C_TO_AREA_B,CU,BU,120_plus,very_high,9_14,Y,O,0,0.8732499365965101,26.031301169962255
29.0,278.9796295,33.423611111111114,2,1,0,1,0,1,0,0,0,2,1,816.6666666666666,14.0,48.3345116,2,1,BAGGAGE,LOWER VERTEX,LANG_02,Round-Trip,apple,Direct,Direct,Logged-Out,AREA_C,AREA_B,AREA_C_TO_AREA_B,CA,BU,15_30,very_high,30_plus,Y,L,0,0.5385593334905054,26.031002351885103
51.0,228.763596,90.76041666666667,3,3,0,0,0,0,0,0,0,2,1,2181.75,21.0,44.0789228,2,1,BAGGAGE,LOWER VERTEX,LANG_02,Round-Trip,apple,Direct,Direct,Logged-Out,AREA_B,AREA_C,AREA_B_TO_AREA_C,BU,CA,31_60,very_high,30_plus,Y,O,0,0.5905332918294586,26.030071381380576
,89.2542936,,2,2,0,0,0,0,0,0,0,2,1,14.166666666666666,15.0,26.21196,1,0,BAGGAGE,UPPER APEX,LANG_02,One-Way,google,Direct,Direct,Logged-Out,AREA_B,AREA_B,AREA_B_TO_AREA_B,BE,BO,MISSING,high,unknown_or_oneway,Y,O,1,0.9930274700819725,26.02919632468986
201.0,224.83865479999997,8.586805555555555,2,2,0,0,0,0,0,1,0,3,1,209.33333333333334,14.0,43.5349818,2,0,BAGGAGE,LOWER VERTEX,LANG_02,Round-Trip,apple,Direct,Direct,Logged-In,AREA_B,AREA_B,AREA_B_TO_AREA_B,BU,BE,120_plus,very_high,9_14,Y,U,0,0.5974099699058155,26.008232166988225
,352.4900434,11.28125,1,1,0,0,0,0,0,1,1,2,1,284.25,20.0,26.4586608,2,1,BAGGAGE,UPPER APEX,LANG_02,Round-Trip,apple,Paid Search,Organic Search,Logged-In,AREA_C,AREA_B,AREA_C_TO_AREA_B,CA,BU,MISSING,very_high,9_14,Y,W,1,0.9828290087584064,26.004339367138904
72.0,203.1366938,23.99652777777778,2,2,0,0,0,0,0,0,0,4,1,576.8333333333334,21.0,35.197694,2,0,BAGGAGE,UPPER APEX,LANG_02,Round-Trip,google,Paid Search,Paid Search,Logged-Out,AREA_C,AREA_B,AREA_C_TO_AREA_B,CE,BU,61_120,very_high,15_30,Y,O,0,0.7387681953427877,26.002936876607667
146.0,229.7478294,30.46527777777778,3,2,1,0,0,0,1,0,0,4,1,732.0833333333334,11.0,29.80968,2,0,BAGGAGE,UPPER APEX,LANG_09,Round-Trip,google,Organic Search,Organic Search,Logged-Out,AREA_B,AREA_B,AREA_B_TO_AREA_B,BE,BU,120_plus,very_high,30_plus,Y,O,1,0.8722969741447016,26.00289366422183
210.0,464.8442692,22.381944444444443,2,1,0,1,0,1,0,0,0,5,1,539.1666666666666,19.0,68.6633428,3,0,BAGGAGE,SOUTH MERIDIAN,LANG_01,Round-Trip,apple,Direct,Direct,Logged-Out,AREA_B,AREA_C,AREA_B_TO_AREA_C,BI,CA,120_plus,very_high,15_30,Y,Y,0,0.378639351113857,25.998643563100323
261.0,535.6011424,16.57638888888889,2,2,0,0,0,0,0,0,0,4,1,399.5,19.0,46.0559556,2,0,BAGGAGE,SOUTH HORIZON,LANG_02,Round-Trip,apple,Direct,Organic Search,Logged-Out,AREA_C,AREA_B,AREA_C_TO_AREA_B,CA,BU,120_plus,very_high,15_30,Y,Y,0,0.5642864492124158,25.988751650608673
68.0,203.3799682,7.229166666666667,2,2,0,0,0,0,0,1,1,2,1,188.16666666666666,16.0,42.1858368,2,1,BAGGAGE,UPPER APEX,LANG_09,Round-Trip,apple,Direct,Direct,Logged-In,AREA_C,AREA_B,AREA_C_TO_AREA_B,CA,BU,61_120,very_high,6_8,Y,W,0,0.6155962170149508,25.969441545690096
14.0,79.17339650000001,,2,2,0,0,0,0,0,0,0,1,0,4.75,15.0,37.4582614,2,1,BAGGAGE,NEW HORIZON,LANG_02,One-Way,google,MetaSearches,MetaSearches,Logged-Out,AREA_C,AREA_C,AREA_C_TO_AREA_C,CA,CE,8_14,high,unknown_or_oneway,Y,W,0,0.6930322440336935,25.959782955642677
115.0,149.3661986,8.302083333333334,2,2,0,0,0,0,0,0,0,2,1,215.5,17.0,45.3107136,2,1,BAGGAGE,UPPER APEX,LANG_09,Round-Trip,apple,Paid Search,Paid Search,Logged-Out,AREA_C,AREA_B,AREA_C_TO_AREA_B,CA,BO,61_120,very_high,9_14,Y,O,1,0.5727804461590393,25.953090751592452
106.0,268.9865339,6.642361111111111,3,2,0,1,0,1,0,0,0,2,1,165.33333333333334,8.0,29.80968,1,0,BAGGAGE,UPPER APEX,LANG_09,Round-Trip,google,MetaSearches,MetaSearches,Logged-Out,AREA_B,AREA_C,AREA_B_TO_AREA_C,BE,CA,61_120,very_high,6_8,Y,O,1,0.8705562480821076,25.951003177328243
11.0,154.9529438,,3,3,0,0,0,0,0,0,0,2,1,9.25,12.0,30.0833637,3,0,BAGGAGE,WEST APEX,LANG_02,One-Way,google,Paid Search,Paid Search,Logged-Out,AREA_B,AREA_C,AREA_B_TO_AREA_C,BE,CE,8_14,very_high,unknown_or_oneway,Y,T,1,0.8624932304481466,25.94669754035951
130.0,85.59147200000001,10.125,4,2,1,1,0,1,1,0,0,2,1,245.16666666666666,21.0,30.4675488,4,1,BAGGAGE,UPPER APEX,LANG_09,Round-Trip,google,MetaSearches,MetaSearches,Logged-Out,AREA_C,AREA_D,AREA_C_TO_AREA_D,CA,DA,120_plus,high,9_14,Y,W,0,0.8516128763458226,25.946556868774717
117.0,178.022895,24.77777777777778,5,2,0,1,2,1,0,0,0,3,1,597.9166666666666,8.0,29.0233212,2,0,BAGGAGE,LOWER VERTEX,LANG_02,Round-Trip,google,MetaSearches,Paid Search,Logged-Out,AREA_B,AREA_B,AREA_B_TO_AREA_B,BU,BE,61_120,very_high,15_30,Y,O,0,0.8936897617052505,25.937845007122945
6.0,129.47209189999998,,1,1,0,0,0,0,0,0,0,1,0,14.166666666666666,15.0,37.1310402,1,1,BAGGAGE,LOWER VERTEX,LANG_02,One-Way,apple,MetaSearches,MetaSearches,Logged-Out,AREA_B,AREA_C,AREA_B_TO_AREA_C,BU,CA,4_7,very_high,unknown_or_oneway,Y,H,0,0.6982393127197721,25.92635198981823
81.0,331.9616244,17.01388888888889,2,2,0,0,0,0,0,0,0,2,1,414.25,21.0,56.638392,3,1,BAGGAGE,UPPER APEX,LANG_09,Round-Trip,apple,Direct,Direct,Logged-Out,AREA_C,AREA_C,AREA_C_TO_AREA_C,CA,CA,61_120,very_high,15_30,Y,L,0,0.4576250685302736,25.919148020444503
14.0,200.2705102,7.409722222222222,2,2,0,0,0,0,0,1,0,2,1,193.91666666666666,21.0,33.9830352,2,1,BAGGAGE,UPPER APEX,LANG_09,Round-Trip,google,Paid Search,Paid Search,Logged-In,AREA_C,AREA_B,AREA_C_TO_AREA_B,CA,BU,8_14,very_high,6_8,Y,L,0,0.761347931412386,25.8729135526343
48.0,119.3654968,10.875,3,2,0,1,0,1,0,1,0,2,1,263.1666666666667,9.0,30.4598394,1,1,BAGGAGE,UPPER APEX,LANG_09,Round-Trip,apple,Direct,Direct,Logged-In,AREA_C,AREA_C,AREA_C_TO_AREA_C,CU,CA,31_60,very_high,9_14,Y,Q,0,0.8486878210789425,25.850894730800523
1.0,130.5989492,,1,1,0,0,0,0,0,0,0,2,1,28.583333333333332,23.0,49.314462,1,0,BAGGAGE,NORTH MERIDIAN,LANG_02,One-Way,google,Direct,Direct,Logged-Out,AREA_B,AREA_B,AREA_B_TO_AREA_B,BI,BO,0_3,very_high,unknown_or_oneway,Y,V,0,0.5241663134469889,25.848979746161625
0.0,182.27462910000003,160.93055555555554,2,1,0,1,0,1,0,0,0,4,1,3863.25,10.0,29.822529,2,0,BAGGAGE,LOWER VERTEX,LANG_02,Round-Trip,google,Email,Paid Search,Logged-Out,AREA_B,AREA_B,AREA_B_TO_AREA_B,BE,BU,invalid_or_past,very_high,30_plus,Y,L,0,0.8665846114179598,25.84374470496584
66.0,223.4158422,,2,2,0,0,0,0,0,1,0,1,0,3.25,2.0,39.5132448,1,0,BAGGAGE,UPPER APEX,LANG_02,One-Way,google,Paid Search,Paid Search,Logged-In,AREA_B,AREA_B,AREA_B_TO_AREA_B,BE,BU,61_120,very_high,unknown_or_oneway,Y,Q,0,0.6539651900836064,25.840286646452075
16.0,283.57743,,2,2,0,0,0,0,0,0,0,4,1,266.5,18.0,33.304608,2,0,BAGGAGE,UPPER APEX,LANG_02,Multi-City,google,Direct,Direct,Logged-Out,AREA_C,AREA_C,AREA_C_TO_AREA_C,CE,CA,15_30,very_high,unknown_or_oneway,Y,L,0,0.775525670263504,25.82857844206326
48.0,171.7735697,23.71875,2,2,0,0,0,0,0,0,0,2,1,572.75,11.0,43.7362828,3,1,BAGGAGE,LOWER VERTEX,LANG_02,Round-Trip,apple,Direct,Direct,Logged-Out,AREA_B,AREA_C,AREA_B_TO_AREA_C,BU,CA,31_60,very_high,15_30,Y,L,0,0.5903145978319799,25.81816619174774
292.0,388.952079,,2,2,0,0,0,0,0,1,0,1,0,7.25,21.0,39.31794,1,1,BAGGAGE,UPPER MERIDIAN,LANG_02,One-Way,google,Paid Search,Paid Search,Logged-In,AREA_B,AREA_C,AREA_B_TO_AREA_C,BU,CA,120_plus,very_high,unknown_or_oneway,Y,K,0,0.6563896073295361,25.80788719760626
108.0,354.7274826,,2,2,0,0,0,0,0,0,0,2,1,470.75,15.0,45.3107136,3,1,BAGGAGE,UPPER APEX,LANG_09,Multi-City,google,Organic Search,Paid Search,Logged-Out,AREA_C,AREA_C,AREA_C_TO_AREA_C,CA,CA,61_120,very_high,unknown_or_oneway,Y,L,0,0.5693628588763657,25.798237433024227
,93.2413383,,3,3,0,0,0,0,0,0,0,2,1,6.75,19.0,25.8598974,3,0,BAGGAGE,UPPER MERIDIAN,LANG_01,One-Way,microsoft,MetaSearches,MetaSearches,Logged-Out,AREA_B,AREA_B,AREA_B_TO_AREA_B,BU,BI,MISSING,high,unknown_or_oneway,Y,W,1,0.9973914324712359,25.79244011134519
250.0,1424.0435341999998,13.447916666666666,2,2,0,0,0,0,0,0,0,2,1,343.3333333333333,13.0,98.063568,2,1,BAGGAGE,UPPER APEX,LANG_09,Round-Trip,google,Paid Search,Paid Search,Logged-Out,AREA_C,AREA_D,AREA_C_TO_AREA_D,CA,DA,120_plus,very_high,9_14,C,D,0,0.2626861777699964,25.759943856408132
76.0,260.6817969,25.100694444444443,2,2,0,0,0,0,0,0,0,2,1,616.8333333333334,10.0,45.3107136,2,1,BAGGAGE,LOWER VERTEX,LANG_02,Round-Trip,mozilla,Paid Search,Paid Search,Logged-Out,AREA_C,AREA_B,AREA_C_TO_AREA_B,CA,BU,61_120,very_high,15_30,Y,L,0,0.5682374913844863,25.747246228904928
151.0,241.805331,7.302083333333333,2,2,0,0,0,0,0,1,1,2,1,191.5,20.0,45.3107136,2,1,BAGGAGE,UPPER APEX,LANG_02,Round-Trip,apple,Direct,Direct,Logged-In,AREA_C,AREA_B,AREA_C_TO_AREA_B,CA,BO,120_plus,very_high,6_8,Y,U,0,0.5677375836802008,25.724595054089612
9.0,113.4986434,,1,1,0,0,0,0,0,0,0,2,1,5.333333333333333,14.0,41.6410392,1,0,BAGGAGE,LOWER VERTEX,LANG_02,One-Way,google,Paid Search,Paid Search,Logged-Out,AREA_C,AREA_B,AREA_C_TO_AREA_B,CE,BU,8_14,very_high,unknown_or_oneway,Y,K,0,0.6177131725957563,25.722218434416256
4.0,62.5318,,2,1,0,1,0,1,0,0,0,1,0,2.4166666666666665,8.0,35.5420472,1,0,BAGGAGE,UPPER VERTEX,LANG_11,One-Way,google,MetaSearches,MetaSearches,Logged-Out,AREA_B,AREA_B,AREA_B_TO_AREA_B,BE,BA,4_7,high,unknown_or_oneway,Y,S,0,0.7234389210837909,25.712500279477172
1.0,80.8236364,,2,2,0,0,0,0,0,0,0,1,0,0.5833333333333334,22.0,44.406144,1,1,BAGGAGE,UPPER APEX,LANG_09,One-Way,apple,Direct,Direct,Logged-Out,AREA_B,AREA_C,AREA_B_TO_AREA_C,BI,CA,0_3,high,unknown_or_oneway,Y,S,0,0.5785661376884729,25.69189122371815
10.0,58.2376642,,1,1,0,0,0,0,0,0,0,1,0,1.8333333333333333,21.0,78.1724594,3,1,BAGGAGE,UPPER APEX,LANG_09,One-Way,google,Paid Search,Organic Search,Logged-Out,AREA_C,AREA_C,AREA_C_TO_AREA_C,CA,CA,8_14,high,unknown_or_oneway,Y,E,0,0.3285240099521867,25.68152982991251
24.0,256.63307699999996,5.736111111111111,6,6,0,0,0,0,0,0,0,2,1,142.41666666666666,22.0,31.557144,3,1,BAGGAGE,NEW HORIZON,LANG_02,Round-Trip,google,Paid Search,Organic Search,Logged-Out,AREA_C,AREA_C,AREA_C_TO_AREA_C,CE,CA,15_30,very_high,6_8,Y,W,1,0.8137064028776646,25.678250129332476
165.0,900.9054935,13.64236111111111,5,5,0,0,0,0,0,1,1,2,1,333.3333333333333,16.0,33.201816,3,0,BAGGAGE,UPPER APEX,LANG_09,Round-Trip,google,Paid Search,Paid Search,Logged-In,AREA_B,AREA_C,AREA_B_TO_AREA_C,BE,CA,120_plus,very_high,9_14,Y,V,0,0.7733825607902566,25.677705480966914
87.0,271.3850139,,3,2,0,1,0,1,0,0,0,1,0,4.0,11.0,29.80968,1,0,BAGGAGE,UPPER APEX,LANG_09,One-Way,microsoft,MetaSearches,MetaSearches,Logged-Out,AREA_C,AREA_B,AREA_C_TO_AREA_B,CU,BU,61_120,very_high,unknown_or_oneway,Y,T,1,0.860960398858418,25.664953982641805
67.0,262.93122850000003,18.100694444444443,2,2,0,0,0,0,0,0,0,2,1,448.8333333333333,17.0,45.3107136,2,1,BAGGAGE,LOWER VERTEX,LANG_02,Round-Trip,apple,Organic Search,Organic Search,Logged-Out,AREA_C,AREA_B,AREA_C_TO_AREA_B,CA,BU,61_120,very_high,15_30,Y,L,0,0.5663644545745108,25.662377594445868
83.0,494.6428134,18.01388888888889,3,2,1,0,0,0,1,1,0,2,1,438.25,23.0,33.9830352,3,1,BAGGAGE,UPPER APEX,LANG_09,Round-Trip,opera,Affiliate,Affiliate,Logged-In,AREA_C,AREA_C,AREA_C_TO_AREA_C,CA,CA,61_120,very_high,15_30,Y,W,0,0.7550153952276787,25.657714752564118
60.0,343.2901594,15.4375,3,2,0,1,0,1,0,0,0,2,1,374.25,14.0,37.00512,4,1,BAGGAGE,UPPER APEX,LANG_09,Round-Trip,apple,Direct,Direct,Logged-Out,AREA_C,AREA_C,AREA_C_TO_AREA_C,CA,CE,31_60,very_high,15_30,Y,Q,0,0.6927684874056612,25.63598100866498
240.0,357.0338781,16.864583333333332,3,3,0,0,0,0,0,1,1,3,1,405.6666666666667,20.0,29.449908,2,0,BAGGAGE,UPPER APEX,LANG_09,Round-Trip,microsoft,Email,Organic Search,Logged-In,AREA_B,AREA_B,AREA_B_TO_AREA_B,BE,BU,120_plus,very_high,15_30,Y,U,0,0.870366229071763,25.632205372470345
,182.3936965,14.125,2,2,0,0,0,0,0,0,0,4,1,340.3333333333333,15.0,25.6688756,1,0,BAGGAGE,UPPER HORIZON,LANG_05,Round-Trip,google,Organic Search,Organic Search,Logged-Out,AREA_C,AREA_B,AREA_C_TO_AREA_B,CI,BO,MISSING,very_high,15_30,Y,Q,1,0.9976836778149933,25.609418213983545
11.0,122.5100754,,1,1,0,0,0,0,0,1,1,1,0,7.666666666666667,,70.79799,4,1,BAGGAGE,UPPER APEX,LANG_09,Round-Trip,google,Organic Search,Organic Search,Logged-In,AREA_C,AREA_B,AREA_C_TO_AREA_B,CA,BA,8_14,very_high,unknown_or_oneway,Y,V,0,0.36166685131594023,25.605286122797423
333.0,332.4875768,14.82986111111111,2,2,0,0,0,0,0,1,0,2,1,361.8333333333333,14.0,32.687856,1,1,BAGGAGE,UPPER APEX,LANG_09,Round-Trip,mozilla,Paid Search,Organic Search,Logged-In,AREA_C,AREA_C,AREA_C_TO_AREA_C,CA,CA,120_plus,very_high,15_30,Y,L,0,0.7832395149544502,25.602420478340914
32.0,420.7940425,24.322916666666668,5,2,0,3,0,1,0,0,0,2,1,600.0,11.0,28.78176,2,1,BAGGAGE,UPPER APEX,LANG_09,Round-Trip,google,Paid Search,Organic Search,Logged-Out,AREA_C,AREA_B,AREA_C_TO_AREA_B,CA,BO,31_60,very_high,15_30,Y,U,1,0.8882433912561412,25.565208108720352
238.0,117.7585152,,4,2,0,2,0,1,0,0,0,1,0,1.9166666666666667,15.0,30.9502429,1,1,BAGGAGE,UPPER APEX,LANG_09,One-Way,mozilla,Paid Search,Paid Search,Logged-Out,AREA_C,AREA_C,AREA_C_TO_AREA_C,CE,CA,120_plus,very_high,unknown_or_oneway,Y,S,0,0.8258719655169648,25.560937937050486
0.0,480.8815344,,2,2,0,0,0,0,0,0,0,4,1,-2334.8333333333335,12.0,32.9011494,3,0,BAGGAGE,NORTH MERIDIAN,LANG_02,Round-Trip,apple,Paid Search,Paid Search,Logged-Out,AREA_B,AREA_B,AREA_B_TO_AREA_B,BI,BO,invalid_or_past,very_high,unknown_or_oneway,Y,W,0,0.7754501415710335,25.513200960079725
0.0,88.4323859,,1,1,0,0,0,0,0,0,0,1,0,14.5,12.0,34.0746914,1,1,BAGGAGE,LOWER VERTEX,LANG_02,One-Way,google,Organic Search,Organic Search,Logged-Out,AREA_B,AREA_C,AREA_B_TO_AREA_C,BU,CA,invalid_or_past,high,unknown_or_oneway,Y,V,0,0.7485264917948211,25.50580921263316
6.0,97.3902804,,1,1,0,0,0,0,0,1,0,1,0,15.916666666666666,,32.7311143,2,1,BAGGAGE,LOWER VERTEX,LANG_02,One-Way,google,Email,Paid MetaSearches,Logged-In,AREA_B,AREA_C,AREA_B_TO_AREA_C,BU,CA,4_7,high,unknown_or_oneway,Y,V,0,0.7791737781958089,25.50322599368987
22.0,117.0166996,,1,1,0,0,0,0,0,0,0,2,1,6.083333333333333,5.0,47.1365565,1,0,BAGGAGE,LOWER VERTEX,LANG_02,One-Way,google,Paid Search,Paid Search,Logged-Out,AREA_C,AREA_B,AREA_C_TO_AREA_B,CO,BU,15_30,very_high,unknown_or_oneway,Y,K,0,0.5407140605133229,25.487398863730665
84.0,387.7802502,22.82986111111111,3,2,0,1,0,1,0,1,0,2,1,553.8333333333334,10.0,33.9830352,3,1,BAGGAGE,UPPER APEX,LANG_02,Round-Trip,google,Direct,Direct,Logged-In,AREA_C,AREA_C,AREA_C_TO_AREA_C,CA,CA,61_120,very_high,15_30,Y,L,1,0.7494349941515714,25.46807578636465
65.0,149.3661986,7.361111111111111,2,2,0,0,0,0,0,0,0,2,1,191.83333333333334,20.0,47.4076704,2,1,BAGGAGE,UPPER APEX,LANG_09,Round-Trip,apple,Direct,Direct,Logged-Out,AREA_C,AREA_B,AREA_C_TO_AREA_B,CA,BO,61_120,very_high,6_8,Y,O,0,0.5367187223390282,25.444584286157767
1.0,154.37473880000002,4.875,3,1,1,1,0,1,1,1,0,2,1,119.25,16.0,31.1948022,2,1,BAGGAGE,UPPER APEX,LANG_09,Round-Trip,google,Paid Search,Paid Search,Logged-In,AREA_C,AREA_C,AREA_C_TO_AREA_C,CI,CA,0_3,very_high,3_5,Y,S,0,0.8150147981242355,25.424225417558457
74.0,184.661545,38.583333333333336,2,2,0,0,0,0,0,0,0,2,1,930.0,16.0,58.899816,4,1,BAGGAGE,UPPER APEX,LANG_09,Round-Trip,microsoft,Direct,Direct,Logged-Out,AREA_C,AREA_B,AREA_C_TO_AREA_B,CA,BO,61_120,very_high,30_plus,Y,O,0,0.43156840816058695,25.41929983207147
45.0,554.0822874,21.31597222222222,4,4,0,0,0,0,0,1,0,2,1,530.9166666666666,11.0,32.5816376,3,0,BAGGAGE,EAST ZENITH,LANG_08,Round-Trip,google,Organic Search,Organic Search,Logged-In,AREA_C,AREA_B,AREA_C_TO_AREA_B,CA,BE,31_60,very_high,15_30,Y,W,0,0.7800973107367652,25.416847871159874
1.0,297.9494648,5.295138888888889,4,2,0,2,0,1,0,0,0,2,1,133.75,17.0,28.1238912,3,1,BAGGAGE,UPPER APEX,LANG_09,Round-Trip,google,Paid Search,Paid Search,Logged-Out,AREA_C,AREA_B,AREA_C_TO_AREA_B,CA,BE,0_3,very_high,6_8,Y,S,0,0.9031317189740183,25.399578203694265
112.0,160.6561866,19.239583333333332,2,2,0,0,0,0,0,0,0,4,1,463.8333333333333,9.0,48.6651592,3,0,BAGGAGE,LOWER VERTEX,LANG_02,Round-Trip,google,Direct,Referrals,Logged-Out,AREA_C,AREA_B,AREA_C_TO_AREA_B,CE,BU,61_120,very_high,15_30,Y,W,0,0.5219217518585391,25.399405144138697
98.0,198.5585951,1.0138888888888888,2,2,0,0,0,0,0,0,0,5,1,25.25,8.0,47.1181396,2,0,BAGGAGE,LOWER VERTEX,LANG_02,Round-Trip,apple,Email,Email,Logged-Out,AREA_B,AREA_C,AREA_B_TO_AREA_C,BO,CE,61_120,very_high,1_2,Y,O,0,0.5390267272806348,25.39793658414008
7.0,125.9823035,,1,1,0,0,0,0,0,0,0,2,1,13.916666666666666,14.0,38.9954301,1,0,BAGGAGE,NORTH MERIDIAN,LANG_02,One-Way,opera,Paid Search,Paid Search,Logged-Out,AREA_C,AREA_B,AREA_C_TO_AREA_B,CE,BI,4_7,very_high,unknown_or_oneway,Y,Q,0,0.651238283436199,25.39531696018029
34.0,151.55695310000002,,2,2,0,0,0,0,0,0,0,2,1,13.833333333333334,,41.5061247,2,0,BAGGAGE,WEST ZENITH,LANG_10,One-Way,apple,Direct,Organic Search,Logged-Out,AREA_B,AREA_C,AREA_B_TO_AREA_C,BI,CE,31_60,very_high,unknown_or_oneway,Y,T,0,0.6117854127287117,25.392841630358873
0.0,108.501239,,1,1,0,0,0,0,0,0,0,2,1,-915.75,10.0,43.7362828,3,1,BAGGAGE,LOWER VERTEX,LANG_02,Round-Trip,google,Paid Search,Paid Search,Logged-Out,AREA_B,AREA_C,AREA_B_TO_AREA_C,BU,CA,invalid_or_past,very_high,unknown_or_oneway,Y,L,0,0.5805842811723622,25.392598310589147
11.0,88.43367079999999,54.892361111111114,1,1,0,0,0,0,0,0,0,4,1,1321.0833333333333,13.0,67.6808226,1,0,BAGGAGE,NORTH MERIDIAN,LANG_02,Round-Trip,google,Organic Search,Organic Search,Logged-Out,AREA_B,AREA_C,AREA_B_TO_AREA_C,BI,CU,8_14,high,30_plus,Y,O,0,0.3742199852906491,25.32751643783103
71.0,1423.8863481,10.229166666666666,2,2,0,0,0,0,0,1,0,2,1,266.0833333333333,16.0,98.063568,2,1,BAGGAGE,UPPER VERTEX,LANG_11,Round-Trip,apple,Paid Search,Paid Search,Logged-In,AREA_C,AREA_D,AREA_C_TO_AREA_D,CA,DA,61_120,very_high,9_14,C,D,0,0.2582335727295778,25.3233055192499
89.0,74.9233756,,2,2,0,0,0,0,0,0,0,2,1,7.666666666666667,11.0,51.884262,2,0,BAGGAGE,UPPER APEX,LANG_09,One-Way,google,Email,Email,Logged-Out,AREA_C,AREA_B,AREA_C_TO_AREA_B,CE,BU,61_120,high,unknown_or_oneway,Y,L,0,0.4879145754177119,25.315087664591324
32.0,153.76012830000002,20.12847222222222,2,2,0,0,0,0,0,0,0,4,1,484.0,9.0,39.472128,2,0,BAGGAGE,NORTH MERIDIAN,LANG_02,Round-Trip,google,Paid Search,Paid Search,Logged-Out,AREA_C,AREA_B,AREA_C_TO_AREA_B,CU,BI,31_60,very_high,15_30,Y,O,0,0.6405853495177457,25.285266911089195
57.0,130.0772798,10.222222222222221,2,2,0,0,0,0,0,1,0,2,1,259.8333333333333,9.0,34.7976618,1,1,BAGGAGE,UPPER APEX,LANG_02,Round-Trip,apple,Direct,Paid Search,Logged-In,AREA_C,AREA_B,AREA_C_TO_AREA_B,CA,BU,31_60,very_high,9_14,Y,O,0,0.7265446879985737,25.28205633556089
10.0,151.1295097,50.21875,2,2,0,0,0,0,0,0,0,2,1,1221.1666666666667,21.0,44.71452,2,1,BAGGAGE,LOWER VERTEX,LANG_02,Round-Trip,apple,Internal,Internal,Logged-Out,AREA_C,AREA_B,AREA_C_TO_AREA_B,CA,BU,8_14,very_high,30_plus,Y,O,0,0.5651828825319201,25.27188130463119
208.0,140.658003,10.239583333333334,2,2,0,0,0,0,0,0,0,4,1,247.83333333333334,18.0,48.6651592,2,0,BAGGAGE,LOWER ZENITH,LANG_02,Round-Trip,apple,Direct,Direct,Logged-Out,AREA_C,AREA_B,AREA_C_TO_AREA_B,CE,BU,120_plus,very_high,9_14,Y,L,0,0.5191292444775287,25.263507327874656
,241.1667357,15.78125,2,2,0,0,0,0,0,0,0,4,1,382.0833333333333,23.0,25.5301064,2,0,BAGGAGE,LOWER VERTEX,LANG_02,Round-Trip,google,Organic Search,MetaSearches,Logged-Out,AREA_B,AREA_C,AREA_B_TO_AREA_C,BU,CE,MISSING,very_high,15_30,Y,T,1,0.9895551539662707,25.263448369427273
45.0,132.8783618,7.760416666666667,3,1,0,2,0,1,0,0,0,2,1,190.0,14.0,29.2391844,1,1,BAGGAGE,LOWER VERTEX,LANG_02,Round-Trip,google,Paid Search,Paid Search,Logged-Out,AREA_C,AREA_C,AREA_C_TO_AREA_C,CA,CA,31_60,very_high,6_8,Y,O,0,0.8640056897957581,25.26282168658737
,48.7602418,9.89236111111111,4,2,0,2,0,1,0,0,0,2,1,239.0,11.0,25.3245224,2,0,BAGGAGE,CENTRAL APEX,LANG_02,Round-Trip,google,Paid Search,Paid Search,Logged-Out,AREA_C,AREA_C,AREA_C_TO_AREA_C,CU,CE,MISSING,mid,9_14,Y,O,1,0.9969009700114396,25.24604094563643
52.0,62.7048332,7.163194444444445,5,3,0,2,0,1,0,1,0,2,1,174.91666666666666,10.0,29.29572,1,1,BAGGAGE,UPPER APEX,LANG_09,Round-Trip,google,Direct,Organic Search,Logged-In,AREA_C,AREA_C,AREA_C_TO_AREA_C,CA,CI,31_60,high,6_8,Y,O,0,0.8612972848899096,25.232324094895024
56.0,101.4565606,7.760416666666667,2,2,0,0,0,0,0,0,0,2,1,190.0,21.0,70.2647565,2,1,BAGGAGE,LOWER VERTEX,LANG_02,Round-Trip,google,MetaSearches,MetaSearches,Logged-Out,AREA_B,AREA_C,AREA_B_TO_AREA_C,BU,CA,31_60,high,6_8,Y,O,0,0.3589486868694601,25.22144207887736
19.0,84.0178978,,1,1,0,0,0,0,0,0,0,1,0,15.916666666666666,19.0,72.6859364,2,1,BAGGAGE,LOWER VERTEX,LANG_02,One-Way,google,MetaSearches,MetaSearches,Logged-Out,AREA_B,AREA_C,AREA_B_TO_AREA_C,BU,CA,15_30,high,unknown_or_oneway,Y,V,0,0.346835957784237,25.210096368738135
254.0,152.0327944,11.04861111111111,2,2,0,0,0,0,0,0,0,3,1,266.1666666666667,16.0,29.80968,1,0,BAGGAGE,UPPER APEX,LANG_09,Round-Trip,google,Direct,Organic Search,Logged-Out,AREA_B,AREA_B,AREA_B_TO_AREA_B,BE,BU,120_plus,very_high,9_14,Y,O,0,0.8453201418712011,25.198722926735105
51.0,211.8260442,16.725694444444443,2,2,0,0,0,0,0,1,0,4,1,402.3333333333333,23.0,45.3107136,3,0,BAGGAGE,UPPER APEX,LANG_09,Round-Trip,opera,Affiliate,Affiliate,Logged-In,AREA_C,AREA_D,AREA_C_TO_AREA_D,CU,DA,31_60,very_high,15_30,Y,O,0,0.5555294700282668,25.171436712810582
162.0,176.4801584,7.114583333333333,4,4,0,0,0,0,0,0,0,2,1,172.58333333333334,19.0,30.4675488,4,1,BAGGAGE,UPPER APEX,LANG_09,Round-Trip,google,Paid Search,Paid Search,Logged-Out,AREA_C,AREA_C,AREA_C_TO_AREA_C,CA,CA,120_plus,very_high,6_8,Y,W,0,0.8256670591766304,25.156051418016474
174.0,143.9546281,9.722222222222221,2,2,0,0,0,0,0,0,0,4,1,238.91666666666666,15.0,36.3922227,1,0,BAGGAGE,WEST AURORA,LANG_02,Round-Trip,google,Direct,Paid Search,Logged-Out,AREA_C,AREA_B,AREA_C_TO_AREA_B,CU,BU,120_plus,very_high,9_14,Y,W,0,0.6908318159136171,25.140905292973756
218.0,464.7693167,15.770833333333334,3,2,0,1,0,1,0,0,0,2,1,382.0,11.0,57.6997194,2,1,BAGGAGE,LOWER VERTEX,LANG_02,Round-Trip,apple,Direct,Direct,Logged-Out,AREA_B,AREA_C,AREA_B_TO_AREA_C,BU,CA,120_plus,very_high,15_30,P,R,0,0.4355791179995168,25.13279288507161
2.0,131.3351969,,1,1,0,0,0,0,0,0,0,2,1,8.666666666666666,10.0,32.5246737,1,0,BAGGAGE,WEST AURORA,LANG_02,One-Way,google,MetaSearches,MetaSearches,Logged-Out,AREA_C,AREA_D,AREA_C_TO_AREA_D,CU,DA,0_3,very_high,unknown_or_oneway,Y,H,1,0.7726153724723186,25.129062885266126
5.0,90.0089582,,2,2,0,0,0,0,0,0,0,1,0,1.9166666666666667,13.0,42.967056,3,1,BAGGAGE,UPPER APEX,LANG_09,One-Way,apple,Direct,Direct,Logged-Out,AREA_C,AREA_B,AREA_C_TO_AREA_B,CA,BA,4_7,high,unknown_or_oneway,Y,T,0,0.584816169718943,25.127829114019328
23.0,87.0254204,,4,4,0,0,0,0,0,0,0,2,1,-56.416666666666664,14.0,30.8795734,1,1,BAGGAGE,OLD AURORA,LANG_02,Round-Trip,mozilla,Paid Search,Paid Search,Logged-Out,AREA_B,AREA_C,AREA_B_TO_AREA_C,BO,CA,15_30,high,unknown_or_oneway,Y,O,0,0.8137256716945422,25.12750160655592
27.0,322.8294118,27.68402777777778,2,1,0,1,0,1,0,0,0,2,1,669.75,9.0,44.71452,4,0,BAGGAGE,UPPER APEX,LANG_02,Round-Trip,google,MetaSearches,MetaSearches,Logged-Out,AREA_B,AREA_C,AREA_B_TO_AREA_C,BE,CA,15_30,very_high,15_30,Y,L,0,0.5619325941230155,25.126546218565462
9.0,67.0542197,,1,1,0,0,0,0,0,0,0,2,1,3.0,13.0,45.6936138,2,0,BAGGAGE,NEW MERIDIAN,LANG_02,One-Way,google,Paid Search,Paid Search,Logged-Out,AREA_C,AREA_B,AREA_C_TO_AREA_B,CI,BI,8_14,high,unknown_or_oneway,Y,E,0,0.5498846084889797,25.12621493485964
6.0,734.1417489,19.239583333333332,3,3,0,0,0,0,0,0,0,2,1,476.25,16.0,29.80968,2,1,BAGGAGE,UPPER APEX,LANG_09,Round-Trip,apple,Paid Search,Paid Search,Logged-Out,AREA_C,AREA_B,AREA_C_TO_AREA_B,CA,BU,4_7,very_high,15_30,Y,M,0,0.8428826057133141,25.126060753880065
1.0,240.27886979999997,13.78125,2,2,0,0,0,0,0,0,0,2,1,335.0833333333333,22.0,47.4487872,2,1,BAGGAGE,LOWER VERTEX,LANG_02,Round-Trip,samsung,Direct,Direct,Logged-Out,AREA_B,AREA_C,AREA_B_TO_AREA_C,BU,CA,0_3,very_high,9_14,Y,W,0,0.5293063961268512,25.114946553421863
345.0,225.140178,7.180555555555555,5,2,1,2,0,1,1,1,0,2,1,177.41666666666666,9.0,26.5546,1,1,BAGGAGE,UPPER APEX,LANG_09,Round-Trip,google,Direct,Paid Search,Logged-In,AREA_C,AREA_B,AREA_C_TO_AREA_B,CA,BO,120_plus,very_high,6_8,Y,S,1,0.9451688389388285,25.098580450485017
210.0,382.9922845,53.770833333333336,4,1,0,3,0,1,0,0,0,2,1,1294.0,8.0,27.8669112,1,1,BAGGAGE,LOWER VERTEX,LANG_02,Round-Trip,google,Direct,Direct,Logged-Out,AREA_B,AREA_C,AREA_B_TO_AREA_C,BU,CA,120_plus,very_high,30_plus,Y,U,0,0.9005106866619847,25.094451339860555
22.0,50.3625121,,1,1,0,0,0,0,0,0,0,2,1,26.833333333333332,12.0,45.8092548,1,0,BAGGAGE,EAST AURORA,LANG_02,One-Way,google,Organic Search,Organic Search,Logged-Out,AREA_D,AREA_B,AREA_D_TO_AREA_B,DA,BU,15_30,mid,unknown_or_oneway,Y,S,0,0.5474069391874251,25.07630395652486
254.0,509.7575204,21.993055555555557,4,3,1,0,0,0,1,0,0,2,1,548.4166666666666,7.0,27.522558,1,1,BAGGAGE,UPPER APEX,LANG_09,Round-Trip,google,Direct,Direct,Logged-Out,AREA_C,AREA_D,AREA_C_TO_AREA_D,CA,DA,120_plus,very_high,15_30,Y,O,1,0.9109033867589151,25.070391294468674
169.0,511.2964022999999,17.21875,3,2,1,0,0,0,1,0,0,2,1,429.5833333333333,21.0,29.80968,2,0,BAGGAGE,UPPER APEX,LANG_09,Round-Trip,microsoft,Paid Search,Paid Search,Logged-Out,AREA_B,AREA_B,AREA_B_TO_AREA_B,BE,BU,120_plus,very_high,15_30,Y,T,0,0.8391525767322733,25.014869783564514
27.0,51.48166,,1,1,0,0,0,0,0,0,0,2,1,20.0,19.0,55.6066173,1,0,BAGGAGE,EAST ZENITH,LANG_02,One-Way,google,Paid Search,Paid Search,Logged-Out,AREA_C,AREA_C,AREA_C_TO_AREA_C,CA,CE,15_30,mid,unknown_or_oneway,Y,L,0,0.4498083047560836,25.01231826093331
63.0,138.2805097,,2,2,0,0,0,0,0,0,0,2,1,7.166666666666667,18.0,43.5002895,3,0,BAGGAGE,SOUTH HORIZON,LANG_02,One-Way,google,Paid Search,Paid Search,Logged-Out,AREA_C,AREA_C,AREA_C_TO_AREA_C,CE,CA,61_120,very_high,unknown_or_oneway,Y,W,0,0.5749274902094066,25.0095122656176
114.0,125.8850794,5.138888888888889,2,2,0,0,0,0,0,0,0,4,1,125.41666666666667,20.0,48.6651592,2,0,BAGGAGE,LOWER ZENITH,LANG_02,Round-Trip,apple,Direct,Paid Search,Logged-Out,AREA_C,AREA_B,AREA_C_TO_AREA_B,CE,BU,61_120,very_high,6_8,Y,L,0,0.5136178999984521,24.99529687139435
24.0,130.2147641,,2,2,0,0,0,0,0,1,0,2,1,10.25,23.0,34.9634139,1,0,BAGGAGE,EAST ZENITH,LANG_08,One-Way,google,MetaSearches,Referrals,Logged-In,AREA_C,AREA_B,AREA_C_TO_AREA_B,CA,BA,15_30,very_high,unknown_or_oneway,Y,L,1,0.7144743249213157,24.980461543147044
0.0,136.22038669999998,,1,1,0,0,0,0,0,0,0,2,1,8.083333333333334,20.0,51.6654007,2,0,BAGGAGE,NEW HORIZON,LANG_02,One-Way,google,Affiliate,MetaSearches,Logged-Out,AREA_C,AREA_C,AREA_C_TO_AREA_C,CU,CE,invalid_or_past,very_high,unknown_or_oneway,C,Z,0,0.4835034542142403,24.98039970181283
76.0,68.193926,5.145833333333333,4,2,1,1,0,1,1,0,0,2,1,126.0,17.0,33.458796,2,1,BAGGAGE,UPPER APEX,LANG_09,Round-Trip,apple,Direct,Direct,Logged-Out,AREA_C,AREA_B,AREA_C_TO_AREA_B,CA,BA,61_120,high,6_8,Y,L,1,0.7464371020490181,24.97488672428928
36.0,218.6420104,9.21875,2,2,0,0,0,0,0,0,0,2,1,237.16666666666666,14.0,44.71452,2,1,BAGGAGE,UPPER MERIDIAN,LANG_09,Round-Trip,google,Paid Search,Paid Search,Logged-Out,AREA_C,AREA_B,AREA_C_TO_AREA_B,CA,BU,31_60,very_high,9_14,Y,U,0,0.5584098925545365,24.969030308827676
151.0,105.0923993,24.26388888888889,2,2,0,0,0,0,0,0,0,4,1,584.25,23.0,35.3039124,2,0,BAGGAGE,UPPER MERIDIAN,LANG_01,Round-Trip,microsoft,Paid Search,Paid Search,Logged-Out,AREA_C,AREA_C,AREA_C_TO_AREA_C,CU,CE,120_plus,very_high,15_30,Y,Q,0,0.7068439394825738,24.95435651996369
47.0,216.63157020000003,,2,2,0,0,0,0,0,1,0,2,1,307.0833333333333,20.0,32.3726272,2,1,BAGGAGE,UPPER APEX,LANG_09,Multi-City,google,Organic Search,Paid Search,Logged-In,AREA_C,AREA_B,AREA_C_TO_AREA_B,CA,BU,31_60,very_high,unknown_or_oneway,Y,U,0,0.7706960465435633,24.94945579926862
72.0,171.7894168,11.215277777777779,2,1,0,1,0,1,0,0,0,2,1,285.4166666666667,18.0,43.7482752,2,1,BAGGAGE,UPPER APEX,LANG_09,Round-Trip,google,Paid Search,Paid Search,Logged-Out,AREA_C,AREA_B,AREA_C_TO_AREA_B,CA,BO,61_120,very_high,9_14,Y,L,0,0.5702750782465777,24.948551062832816
0.0,106.16057949999998,,3,3,0,0,0,0,0,0,0,2,1,17.083333333333332,6.0,27.548256,2,0,BAGGAGE,LOWER VERTEX,LANG_02,One-Way,google,Paid Search,Paid Search,Logged-Out,AREA_B,AREA_B,AREA_B_TO_AREA_B,BE,BA,invalid_or_past,very_high,unknown_or_oneway,Y,Q,0,0.905619036057414,24.94822504378287
269.0,452.5263612,11.496527777777779,2,2,0,0,0,0,0,1,0,2,1,283.1666666666667,18.0,52.4650368,3,1,BAGGAGE,UPPER APEX,LANG_09,Round-Trip,microsoft,Paid Search,Paid Search,Logged-In,AREA_C,AREA_B,AREA_C_TO_AREA_B,CA,BU,120_plus,very_high,9_14,Y,V,0,0.47527709973167687,24.935430527619697
181.0,520.7258551000001,13.78125,6,4,0,1,1,1,0,0,0,2,1,334.0,9.0,29.1655168,2,0,BAGGAGE,LOWER VERTEX,LANG_02,Round-Trip,apple,MetaSearches,MetaSearches,Logged-Out,AREA_B,AREA_B,AREA_B_TO_AREA_B,BU,BE,120_plus,very_high,9_14,Y,L,0,0.8548800580179771,24.933018694108284
199.0,163.8722913,49.229166666666664,2,1,0,1,0,1,0,1,0,2,1,1196.0833333333333,17.0,45.3107136,2,1,BAGGAGE,LOWER VERTEX,LANG_02,Round-Trip,mozilla,Paid Search,Paid Search,Logged-In,AREA_C,AREA_B,AREA_C_TO_AREA_B,CA,BU,120_plus,very_high,30_plus,Y,O,0,0.5502047191458902,24.930168450587868
59.0,95.776446,6.854166666666667,5,2,1,2,0,1,1,0,0,2,1,166.91666666666666,19.0,28.7397866,2,0,BAGGAGE,NORTH HORIZON,LANG_04,Round-Trip,google,Paid Search,Organic Search,Logged-Out,AREA_B,AREA_B,AREA_B_TO_AREA_B,BA,BE,31_60,high,6_8,Y,L,0,0.8673063197804739,24.926198547322176
152.0,188.126492,,2,2,0,0,0,0,0,0,0,3,1,413.6666666666667,20.0,33.304608,2,0,BAGGAGE,UPPER APEX,LANG_09,Multi-City,apple,Direct,Affiliate,Logged-Out,AREA_C,AREA_C,AREA_C_TO_AREA_C,CE,CA,120_plus,very_high,unknown_or_oneway,Y,O,0,0.7484274278512214,24.926082101033213
140.0,381.5780379,22.024305555555557,3,3,0,0,0,0,0,0,0,2,1,544.9166666666666,11.0,29.80968,2,0,BAGGAGE,UPPER APEX,LANG_09,Round-Trip,opera,Paid Search,Paid Search,Logged-Out,AREA_B,AREA_B,AREA_B_TO_AREA_B,BE,BU,120_plus,very_high,15_30,Y,O,0,0.8361255015887169,24.924633642199144
93.0,132.999999,5.861111111111111,5,4,0,1,0,1,0,1,1,2,1,143.08333333333334,21.0,27.7251439,2,1,BAGGAGE,UPPER APEX,LANG_09,Round-Trip,google,Paid Search,Paid Search,Logged-In,AREA_C,AREA_C,AREA_C_TO_AREA_C,CA,CE,61_120,very_high,6_8,Y,U,0,0.8987964980650759,24.9192622456703
8.0,148.5665625,,1,1,0,0,0,0,0,0,0,2,1,31.333333333333332,23.0,49.314462,1,0,BAGGAGE,NORTH MERIDIAN,LANG_02,One-Way,apple,Direct,Organic Search,Logged-Out,AREA_B,AREA_B,AREA_B_TO_AREA_B,BI,BO,8_14,very_high,unknown_or_oneway,Y,V,0,0.5050543444002837,24.906483274862705
5.0,249.9712988,6.59375,3,2,0,1,0,1,0,0,0,2,1,165.91666666666666,20.0,28.3487487,2,1,BAGGAGE,UPPER APEX,LANG_09,Round-Trip,mozilla,Direct,Direct,Logged-Out,AREA_B,AREA_C,AREA_B_TO_AREA_C,BA,CA,4_7,very_high,6_8,Y,W,0,0.8785499679369572,24.905792261437856
6.0,83.06450199999999,7.263888888888889,2,2,0,0,0,0,0,0,0,4,1,176.25,20.0,35.3039124,2,0,BAGGAGE,UPPER MERIDIAN,LANG_01,Round-Trip,google,Paid Search,Paid Search,Logged-Out,AREA_C,AREA_C,AREA_C_TO_AREA_C,CU,CE,4_7,high,6_8,Y,S,0,0.7051979712045138,24.896247400061878
12.0,70.7076187,,1,1,0,0,0,0,0,1,1,1,0,3.9166666666666665,17.0,57.1557784,2,1,BAGGAGE,UPPER VERTEX,LANG_10,One-Way,google,MetaSearches,Organic Search,Logged-In,AREA_C,AREA_B,AREA_C_TO_AREA_B,CA,BA,8_14,high,unknown_or_oneway,Y,H,0,0.43557977624162475,24.89590116638789
96.0,143.5905731,6.222222222222222,2,2,0,0,0,0,0,0,0,2,1,163.5,22.0,33.53589,1,1,BAGGAGE,UPPER APEX,LANG_09,Round-Trip,google,Direct,Organic Search,Logged-Out,AREA_C,AREA_B,AREA_C_TO_AREA_B,CA,BU,61_120,very_high,6_8,Y,O,0,0.7423585305645513,24.89565402157443
3.0,27.5551088,,1,1,0,0,0,0,0,0,0,1,0,2.3333333333333335,13.0,87.3732,2,0,BAGGAGE,UPPER APEX,LANG_09,One-Way,apple,MetaSearches,MetaSearches,Logged-Out,AREA_B,AREA_B,AREA_B_TO_AREA_B,BA,BE,0_3,low,unknown_or_oneway,Y,Q,0,0.2849024649957714,24.89284005456853
4.0,89.304833,,1,1,0,0,0,0,0,0,0,2,1,8.0,17.0,34.3076866,1,0,BAGGAGE,UPPER MERIDIAN,LANG_02,One-Way,google,Organic Search,Organic Search,Logged-Out,AREA_B,AREA_B,AREA_B_TO_AREA_B,BU,BU,4_7,high,unknown_or_oneway,Y,T,0,0.7251774790499336,24.879161680623184
149.0,192.01288620000005,15.319444444444445,2,2,0,0,0,0,0,0,0,2,1,383.8333333333333,22.0,48.7850832,3,1,BAGGAGE,UPPER APEX,LANG_09,Round-Trip,google,Organic Search,Organic Search,Logged-Out,AREA_C,AREA_B,AREA_C_TO_AREA_B,CA,BO,120_plus,very_high,15_30,Y,O,0,0.509953529844251,24.87812538158547
172.0,376.2328539,20.21875,3,3,0,0,0,0,0,0,0,2,1,501.5833333333333,12.0,29.80968,2,0,BAGGAGE,UPPER APEX,LANG_09,Round-Trip,google,Paid Search,Paid Search,Logged-Out,AREA_B,AREA_B,AREA_B_TO_AREA_B,BE,BU,120_plus,very_high,15_30,Y,S,1,0.8344303179868375,24.87410076148587
68.0,218.9264016,8.256944444444445,2,2,0,0,0,0,0,0,0,4,1,199.5,22.0,48.3173796,3,0,BAGGAGE,CENTRAL AURORA,LANG_01,Round-Trip,microsoft,Paid Search,Paid Search,Logged-Out,AREA_B,AREA_B,AREA_B_TO_AREA_B,BO,BO,61_120,very_high,9_14,Y,S,0,0.5147677417130245,24.87222838218296
37.0,256.3229878,14.875,2,2,0,0,0,0,0,0,0,2,1,362.0,9.0,32.687856,1,1,BAGGAGE,UPPER APEX,LANG_09,Round-Trip,apple,Direct,Direct,Logged-Out,AREA_C,AREA_C,AREA_C_TO_AREA_C,CA,CA,31_60,very_high,15_30,Y,W,0,0.7608826443677134,24.871622311991022
102.0,175.03593080000002,6.215277777777778,2,2,0,0,0,0,0,1,0,2,1,165.25,22.0,45.3107136,2,1,BAGGAGE,UPPER APEX,LANG_09,Round-Trip,samsung,Direct,Direct,Logged-In,AREA_C,AREA_B,AREA_C_TO_AREA_B,CA,BU,61_120,very_high,6_8,Y,O,0,0.5487930782539856,24.86620599442873
92.0,216.5951647,23.131944444444443,2,2,0,0,0,0,0,0,0,4,1,556.4166666666666,19.0,59.4146326,3,0,BAGGAGE,CENTRAL MERIDIAN,LANG_02,Round-Trip,google,Paid Search,Paid Search,Logged-Out,AREA_B,AREA_B,AREA_B_TO_AREA_B,BI,BI,61_120,very_high,15_30,Y,W,0,0.4181168515050701,24.842259116042495
9.0,359.159531,5.673611111111111,1,1,0,0,0,0,0,0,0,4,1,137.08333333333334,12.0,67.9660704,1,0,BAGGAGE,UPPER APEX,LANG_09,Round-Trip,google,Paid Search,Paid Search,Logged-Out,AREA_B,AREA_B,AREA_B_TO_AREA_B,BE,BU,8_14,very_high,6_8,Y,M,0,0.3654613827068311,24.838974065533826
7.0,774.2914475,254.99652777777777,2,1,0,0,1,1,0,1,0,2,1,6140.5,23.0,98.063568,2,1,BAGGAGE,UPPER APEX,LANG_02,Round-Trip,mozilla,Direct,Direct,Logged-In,AREA_C,AREA_D,AREA_C_TO_AREA_D,CA,DA,4_7,very_high,30_plus,C,Z,0,0.25307198187518465,24.817141503511937
53.0,265.78756119999997,5.725694444444445,3,1,0,2,0,1,0,1,1,2,1,141.41666666666666,20.0,31.2050814,1,0,BAGGAGE,UPPER APEX,LANG_09,Round-Trip,apple,Direct,Direct,Logged-In,AREA_B,AREA_C,AREA_B_TO_AREA_C,BU,CU,31_60,very_high,6_8,Y,L,1,0.7952317196290908,24.815270542887756
94.0,264.2242662,41.27430555555556,2,2,0,0,0,0,0,0,0,2,1,1005.25,15.0,29.80968,1,0,BAGGAGE,UPPER APEX,LANG_09,Round-Trip,mozilla,Paid Search,Paid Search,Logged-Out,AREA_C,AREA_B,AREA_C_TO_AREA_B,CU,BU,61_120,very_high,30_plus,Y,O,1,0.8321290254183863,24.805499966433963
112.0,371.70272480000006,24.975694444444443,4,2,0,2,0,1,0,0,0,2,1,602.6666666666666,16.0,29.0233212,2,0,BAGGAGE,LOWER VERTEX,LANG_02,Round-Trip,google,MetaSearches,MetaSearches,Logged-Out,AREA_B,AREA_B,AREA_B_TO_AREA_B,BU,BE,61_120,very_high,15_30,Y,U,0,0.8545745008102468,24.802590226345455
95.0,140.7509441,52.78472222222222,3,1,0,1,1,1,0,0,0,4,1,1270.0,12.0,29.2391844,2,0,BAGGAGE,LOWER VERTEX,LANG_02,Round-Trip,google,Paid Search,Paid Search,Logged-Out,AREA_B,AREA_C,AREA_B_TO_AREA_C,BU,CO,61_120,very_high,30_plus,Y,O,0,0.8479764980411106,24.794141193090272
46.0,347.9868972,,3,2,1,0,0,0,1,1,0,1,0,4.666666666666667,19.0,31.6393776,1,1,BAGGAGE,UPPER APEX,LANG_09,One-Way,apple,Direct,Direct,Logged-In,AREA_C,AREA_B,AREA_C_TO_AREA_B,CA,BI,31_60,very_high,unknown_or_oneway,Y,T,1,0.7834133564828532,24.7867110026444
14.0,370.7763119,19.239583333333332,2,2,0,0,0,0,0,0,0,2,1,476.25,20.0,39.06096,1,1,BAGGAGE,LOWER VERTEX,LANG_02,Round-Trip,apple,Paid Search,Paid Search,Logged-Out,AREA_C,AREA_B,AREA_C_TO_AREA_B,CA,BU,8_14,very_high,15_30,Y,K,0,0.6343674080949873,24.778999952901973
0.0,113.006955,5.229166666666667,3,2,0,1,0,1,0,0,0,2,1,128.16666666666666,15.0,28.1238912,2,1,BAGGAGE,UPPER APEX,LANG_09,Round-Trip,apple,Paid Search,Paid Search,Logged-Out,AREA_C,AREA_B,AREA_C_TO_AREA_B,CA,BO,invalid_or_past,very_high,6_8,Y,L,0,0.8799462866725587,24.74751362822305
249.0,401.0635464,17.49652777777778,2,2,0,0,0,0,0,0,0,2,1,427.1666666666667,18.0,52.4650368,3,1,BAGGAGE,UPPER APEX,LANG_09,Round-Trip,opera,Direct,Direct,Logged-Out,AREA_C,AREA_B,AREA_C_TO_AREA_B,CA,BU,120_plus,very_high,15_30,Y,V,0,0.4716006532326376,24.74254562675437
131.0,358.469968,18.586805555555557,3,2,0,1,0,1,0,0,0,3,1,449.3333333333333,7.0,28.9676422,2,0,BAGGAGE,UPPER APEX,LANG_09,Round-Trip,microsoft,Organic Search,Paid Search,Logged-Out,AREA_B,AREA_B,AREA_B_TO_AREA_B,BU,BE,120_plus,very_high,15_30,Y,W,0,0.8539431624098789,24.73671998782586
164.0,485.6900585,,2,2,0,0,0,0,0,0,0,3,1,244.33333333333334,9.0,43.1178176,3,0,BAGGAGE,NORTH MERIDIAN,LANG_02,Multi-City,google,Paid Search,Paid Search,Logged-Out,AREA_B,AREA_B,AREA_B_TO_AREA_B,BI,BE,120_plus,very_high,unknown_or_oneway,Y,W,0,0.5732719611303537,24.718235855212882
9.0,172.5355154,,3,3,0,0,0,0,0,1,0,1,0,2.3333333333333335,21.0,30.3334909,1,1,BAGGAGE,NORTH HORIZON,LANG_04,One-Way,apple,Direct,Direct,Logged-In,AREA_C,AREA_C,AREA_C_TO_AREA_C,CE,CA,8_14,very_high,unknown_or_oneway,Y,K,0,0.8145817847643716,24.709109155455824
0.0,136.37500300000002,3.8541666666666665,4,3,1,0,0,0,1,0,0,2,1,94.91666666666667,16.0,28.3093451,1,0,BAGGAGE,NORTH HORIZON,LANG_04,Round-Trip,mozilla,Paid Search,Paid Search,Logged-Out,AREA_B,AREA_B,AREA_B_TO_AREA_B,BA,BE,invalid_or_past,very_high,3_5,Y,T,1,0.8727128406224804,24.7059289783831
4.0,45.5394258,,1,1,0,0,0,0,0,0,0,2,1,4.583333333333333,11.0,44.8134573,3,0,BAGGAGE,NORTH ZENITH,LANG_06,One-Way,google,Paid Search,Paid Search,Logged-Out,AREA_B,AREA_C,AREA_B_TO_AREA_C,BE,CU,4_7,mid,unknown_or_oneway,Y,H,0,0.5511948642030219,24.700947510941422
102.0,175.76618229999997,13.770833333333334,3,2,0,1,0,1,0,0,0,3,1,334.0,16.0,29.017325,2,0,BAGGAGE,LOWER VERTEX,LANG_02,Round-Trip,apple,Direct,Direct,Logged-Out,AREA_B,AREA_C,AREA_B_TO_AREA_C,BU,CU,61_120,very_high,9_14,Y,W,0,0.851240893958922,24.700733673296575
17.0,94.1549022,4.534722222222222,2,2,0,0,0,0,0,0,0,4,1,110.91666666666667,19.0,50.4944285,3,0,BAGGAGE,SOUTH MERIDIAN,LANG_02,Round-Trip,google,Direct,Organic Search,Logged-Out,AREA_C,AREA_B,AREA_C_TO_AREA_B,CE,BA,15_30,high,3_5,Y,V,0,0.4891268016831578,24.698178315023892
0.0,117.9469672,,4,1,0,2,1,1,0,0,0,1,0,5.0,12.0,26.7242068,1,1,BAGGAGE,NORTH VERTEX,LANG_02,One-Way,apple,Paid Search,Paid Search,Logged-Out,AREA_B,AREA_C,AREA_B_TO_AREA_C,BA,CA,invalid_or_past,very_high,unknown_or_oneway,Y,V,1,0.9236322683390121,24.683339746244854
14.0,276.7970127,11.746527777777779,5,3,0,2,0,1,0,1,0,4,1,283.0,21.0,27.5516824,4,0,BAGGAGE,WEST VERTEX,LANG_02,Round-Trip,google,Paid Search,Paid Search,Logged-In,AREA_C,AREA_B,AREA_C_TO_AREA_B,CI,BO,8_14,very_high,9_14,Y,S,1,0.8950387933575931,24.659824570267634
0.0,204.1907401,3.7777777777777777,1,1,0,0,0,0,0,0,0,4,1,94.0,13.0,67.6808226,4,0,BAGGAGE,NORTH MERIDIAN,LANG_02,Round-Trip,google,Organic Search,Organic Search,Logged-Out,AREA_B,AREA_C,AREA_B_TO_AREA_C,BI,CU,invalid_or_past,very_high,3_5,Y,Q,0,0.36430985104226526,24.65679039982398
17.0,20.4294817,,1,1,0,0,0,0,0,0,0,2,1,8.166666666666666,23.0,117.2017252,3,0,BAGGAGE,NORTH HORIZON,LANG_04,One-Way,google,MetaSearches,MetaSearches,Logged-Out,AREA_C,AREA_B,AREA_C_TO_AREA_B,CE,BO,15_30,very_low,unknown_or_oneway,Y,L,0,0.21037283258491693,24.65605891416304
0.0,160.5970812,,2,2,0,0,0,0,0,0,0,1,0,2.25,20.0,32.071104,2,1,BAGGAGE,UPPER APEX,LANG_09,One-Way,apple,Direct,Organic Search,Logged-Out,AREA_C,AREA_C,AREA_C_TO_AREA_C,CA,CI,invalid_or_past,very_high,unknown_or_oneway,Y,H,0,0.7681255257742308,24.634633622160035
99.0,170.58889190000002,18.697916666666668,2,2,0,0,0,0,0,0,0,2,1,454.0,15.0,34.6177758,2,1,BAGGAGE,LOWER VERTEX,LANG_02,Round-Trip,google,Paid Search,Paid Search,Logged-Out,AREA_B,AREA_C,AREA_B_TO_AREA_C,BO,CA,61_120,very_high,15_30,Y,O,0,0.711575702900578,24.633168147739617
137.0,167.2117464,7.347222222222222,2,2,0,0,0,0,0,0,0,4,1,177.16666666666666,9.0,29.80968,1,0,BAGGAGE,UPPER APEX,LANG_09,Round-Trip,google,Email,Email,Logged-Out,AREA_D,AREA_B,AREA_D_TO_AREA_B,DA,BU,120_plus,very_high,6_8,Y,O,1,0.8257048747558839,24.61399809091298
13.0,74.5379056,1.9027777777777777,2,2,0,0,0,0,0,0,0,2,1,47.25,23.0,110.6281768,3,1,BAGGAGE,UPPER MERIDIAN,LANG_01,Round-Trip,google,Paid Search,Paid Search,Logged-Out,AREA_B,AREA_C,AREA_B_TO_AREA_C,BI,CA,8_14,high,1_2,Y,L,0,0.22235688860529967,24.598937185325
146.0,107.5028717,2.857638888888889,7,4,1,2,0,1,1,0,0,2,1,71.08333333333333,22.0,28.7397866,3,0,BAGGAGE,NORTH HORIZON,LANG_04,Round-Trip,mozilla,MetaSearches,MetaSearches,Logged-Out,AREA_B,AREA_B,AREA_B_TO_AREA_B,BA,BE,120_plus,very_high,3_5,Y,O,0,0.8557691738230049,24.594623434531464
146.0,374.2177024,6.586805555555555,4,2,1,1,0,1,1,1,0,3,1,161.33333333333334,7.0,29.0233212,2,0,BAGGAGE,LOWER VERTEX,LANG_02,Round-Trip,apple,Direct,Organic Search,Logged-In,AREA_B,AREA_B,AREA_B_TO_AREA_B,BU,BE,120_plus,very_high,6_8,Y,O,0,0.847020425881795,24.583345883328132
39.0,173.56172220000002,18.67013888888889,2,2,0,0,0,0,0,1,0,2,1,452.1666666666667,19.0,35.398995,1,1,BAGGAGE,UPPER APEX,LANG_09,Round-Trip,apple,Direct,Direct,Logged-In,AREA_C,AREA_C,AREA_C_TO_AREA_C,CA,CE,31_60,very_high,15_30,Y,U,0,0.694333728812663,24.578716194570813
19.0,193.4596836,7.222222222222222,2,2,0,0,0,0,0,0,0,2,1,187.83333333333334,22.0,28.1684344,1,1,BAGGAGE,UPPER APEX,LANG_09,Round-Trip,apple,MetaSearches,MetaSearches,Logged-Out,AREA_C,AREA_B,AREA_C_TO_AREA_B,CA,BU,15_30,very_high,6_8,Y,L,0,0.8720965717011616,24.565595070429065
4.0,108.8961316,,1,1,0,0,0,0,0,0,0,2,1,265.1666666666667,10.0,67.9660704,2,1,BAGGAGE,UPPER APEX,LANG_09,Multi-City,apple,Paid Search,Paid Search,Logged-Out,AREA_C,AREA_B,AREA_C_TO_AREA_B,CA,BO,4_7,very_high,unknown_or_oneway,Y,L,0,0.36135168214878916,24.55965386808303
58.0,113.5586054,,1,1,0,0,0,0,0,0,0,2,1,-381.75,16.0,86.4429324,2,0,BAGGAGE,LOWER VERTEX,LANG_02,Round-Trip,google,Paid Search,Paid Search,Logged-Out,AREA_B,AREA_B,AREA_B_TO_AREA_B,BU,BE,31_60,very_high,unknown_or_oneway,Y,U,0,0.28401624264838143,24.551196863756033
46.0,258.3111564,168.21527777777777,2,2,0,0,0,0,0,0,0,2,1,4053.25,14.0,44.71452,2,1,BAGGAGE,LOWER VERTEX,LANG_02,Round-Trip,google,Paid Search,Email,Logged-Out,AREA_C,AREA_B,AREA_C_TO_AREA_B,CA,BU,31_60,very_high,30_plus,Y,L,0,0.5490129279538609,24.548849547251475
1.0,134.9046491,,1,1,0,0,0,0,0,0,0,1,0,14.166666666666666,11.0,43.849354,1,1,BAGGAGE,LOWER VERTEX,LANG_02,Round-Trip,mozilla,Paid Search,MetaSearches,Logged-Out,AREA_B,AREA_C,AREA_B_TO_AREA_C,BU,CA,0_3,very_high,unknown_or_oneway,Y,K,0,0.5597929680997358,24.54656002491602
15.0,152.9977543,9.777777777777779,2,2,0,0,0,0,0,0,0,2,1,238.41666666666666,20.0,47.4676324,1,1,BAGGAGE,LOWER VERTEX,LANG_02,Round-Trip,apple,Direct,Direct,Logged-Out,AREA_B,AREA_C,AREA_B_TO_AREA_C,BU,CA,15_30,very_high,9_14,Y,O,0,0.5168730318414954,24.534739072925596
,130.537274,174.41666666666666,1,1,0,0,0,0,0,0,0,2,1,4202.333333333333,10.0,24.7501721,2,0,BAGGAGE,LOWER VERTEX,LANG_09,Round-Trip,apple,Email,Organic Search,Logged-Out,AREA_B,AREA_B,AREA_B_TO_AREA_B,BE,BU,MISSING,very_high,30_plus,Y,T,1,0.9910154085058028,24.527801914270423
23.0,133.5152439,6.736111111111111,4,2,0,2,0,1,0,0,0,2,1,166.16666666666666,13.0,27.4780148,2,0,BAGGAGE,NEW HORIZON,LANG_02,Round-Trip,microsoft,MetaSearches,MetaSearches,Logged-Out,AREA_C,AREA_B,AREA_C_TO_AREA_B,CE,BE,15_30,very_high,6_8,Y,O,0,0.8924500498314117,24.52275567752827
18.0,167.09910349999998,15.833333333333334,2,2,0,0,0,0,0,0,0,4,1,383.25,10.0,30.4358546,2,0,BAGGAGE,OLD AURORA,LANG_02,Round-Trip,google,MetaSearches,MetaSearches,Logged-Out,AREA_B,AREA_B,AREA_B_TO_AREA_B,BO,BU,15_30,very_high,15_30,Y,L,1,0.8050736123198565,24.50310340686392
263.0,141.27047199999998,,2,2,0,0,0,0,0,0,0,2,1,99.58333333333333,18.0,49.1311496,2,1,BAGGAGE,LOWER VERTEX,LANG_02,Multi-City,apple,Paid Search,Paid Search,Logged-Out,AREA_B,AREA_C,AREA_B_TO_AREA_C,BI,CA,120_plus,very_high,unknown_or_oneway,Y,U,0,0.49853218076352784,24.49345915350713
171.0,223.2710768,20.854166666666668,2,1,1,0,0,0,1,0,0,4,1,503.6666666666667,16.0,44.4592532,2,0,BAGGAGE,LOWER VERTEX,LANG_02,Round-Trip,google,MetaSearches,Paid Search,Logged-Out,AREA_B,AREA_C,AREA_B_TO_AREA_C,BU,CU,120_plus,very_high,15_30,Y,L,1,0.5507650706555642,24.48660372999162
14.0,158.6872915,,3,3,0,0,0,0,0,0,0,2,1,5.5,11.0,28.8181655,3,0,BAGGAGE,LOWER ZENITH,LANG_02,One-Way,google,MetaSearches,MetaSearches,Logged-Out,AREA_C,AREA_B,AREA_C_TO_AREA_B,CE,BI,8_14,very_high,unknown_or_oneway,Y,H,0,0.8494492355616671,24.479568654264607
5.0,97.5808739,,1,1,0,0,0,0,0,0,0,1,0,14.5,16.0,44.0909152,2,1,BAGGAGE,LOWER VERTEX,LANG_02,Round-Trip,google,Direct,Referrals,Logged-Out,AREA_C,AREA_C,AREA_C_TO_AREA_C,CA,CA,4_7,high,unknown_or_oneway,Y,W,0,0.5549312278876526,24.467425710626365
112.0,543.9101624,28.725694444444443,3,1,0,2,0,1,0,0,0,2,1,693.4166666666666,7.0,31.1134252,2,0,BAGGAGE,LOWER VERTEX,LANG_02,Round-Trip,google,Paid Search,Paid Search,Logged-Out,AREA_B,AREA_C,AREA_B_TO_AREA_C,BU,CU,61_120,very_high,15_30,Y,W,0,0.7860911635785643,24.457988618382625
121.0,274.45464,20.586805555555557,4,2,0,2,0,1,0,0,0,2,1,497.3333333333333,7.0,28.0896272,2,0,BAGGAGE,LOWER VERTEX,LANG_02,Round-Trip,google,Direct,Direct,Logged-Out,AREA_B,AREA_B,AREA_B_TO_AREA_B,BU,BE,120_plus,very_high,15_30,Y,U,0,0.8704574069929262,24.45082405590997
69.0,199.63063,28.21527777777778,2,2,0,0,0,0,0,0,0,2,1,693.25,10.0,33.9830352,2,1,BAGGAGE,LOWER VERTEX,LANG_02,Round-Trip,google,Paid Search,Paid Search,Logged-Out,AREA_C,AREA_B,AREA_C_TO_AREA_B,CA,BU,61_120,very_high,15_30,Y,L,0,0.7185557975762535,24.418706962197902
94.0,150.9170729,15.319444444444445,2,2,0,0,0,0,0,0,0,4,1,368.9166666666667,11.0,41.8830287,2,0,BAGGAGE,UPPER VERTEX,LANG_02,Round-Trip,apple,Direct,Direct,Logged-Out,AREA_B,AREA_B,AREA_B_TO_AREA_B,BI,BU,61_120,very_high,15_30,Y,L,0,0.5830114870024765,24.418286842554398
27.0,116.0363209,363.21180555555554,1,1,0,0,0,0,0,0,0,3,1,8735.25,13.0,34.8109391,1,0,BAGGAGE,EAST ZENITH,LANG_08,Round-Trip,samsung,Direct,Direct,Logged-Out,AREA_C,AREA_B,AREA_C_TO_AREA_B,CA,BE,15_30,very_high,30_plus,Y,L,0,0.7013355060944545,24.414147591321733
5.0,79.9224932,2.9027777777777777,1,1,0,0,0,0,0,0,0,2,1,71.33333333333333,14.0,110.6281768,3,1,BAGGAGE,UPPER MERIDIAN,LANG_01,Round-Trip,apple,Organic Search,Organic Search,Logged-Out,AREA_B,AREA_C,AREA_B_TO_AREA_C,BI,CA,4_7,high,3_5,Y,S,0,0.22050030616245406,24.3935468545941
153.0,168.4225505,15.760416666666666,5,3,0,2,0,1,0,0,0,2,1,382.75,18.0,27.462596,2,0,BAGGAGE,NEW HORIZON,LANG_02,Round-Trip,google,Paid Search,Paid Search,Logged-Out,AREA_C,AREA_B,AREA_C_TO_AREA_B,CE,BE,120_plus,very_high,15_30,Y,L,0,0.8875020145676641,24.373109275257875
181.0,498.97763769999995,14.78125,4,2,0,2,0,1,0,0,0,2,1,358.0,16.0,29.1655168,2,0,BAGGAGE,LOWER VERTEX,LANG_02,Round-Trip,apple,MetaSearches,MetaSearches,Logged-Out,AREA_B,AREA_B,AREA_B_TO_AREA_B,BU,BE,120_plus,very_high,15_30,Y,L,0,0.8356080960801896,24.370941964442782
138.0,762.8832487,10.770833333333334,4,2,0,2,0,1,0,0,0,4,1,262.0,17.0,44.1800016,2,0,BAGGAGE,LOWER VERTEX,LANG_02,Round-Trip,google,Paid Search,Paid Search,Logged-Out,AREA_B,AREA_C,AREA_B_TO_AREA_C,BU,CU,120_plus,very_high,9_14,P,R,0,0.5515837292870968,24.3689700424379
15.0,187.7718596,,2,1,0,1,0,1,0,0,0,1,0,15.916666666666666,14.0,32.7311143,2,1,BAGGAGE,LOWER VERTEX,LANG_02,One-Way,apple,Direct,Direct,Logged-Out,AREA_B,AREA_C,AREA_B_TO_AREA_C,BU,CA,15_30,very_high,unknown_or_oneway,Y,V,0,0.7445167560285688,24.368863039836302
58.0,238.9258701,28.67361111111111,2,2,0,0,0,0,0,1,0,4,1,693.75,13.0,35.16343,2,0,BAGGAGE,LOWER VERTEX,LANG_09,Round-Trip,google,Direct,Direct,Logged-In,AREA_C,AREA_D,AREA_C_TO_AREA_D,CU,DA,31_60,very_high,15_30,Y,L,0,0.6921943577309759,24.33992784446813
196.0,96.213312,9.565972222222221,5,3,1,1,0,1,1,0,0,2,1,232.25,20.0,26.72592,2,0,BAGGAGE,UPPER APEX,LANG_09,Round-Trip,mozilla,Paid Search,MetaSearches,Logged-Out,AREA_B,AREA_B,AREA_B_TO_AREA_B,BE,BO,120_plus,high,9_14,Y,U,0,0.9106676521799524,24.33843081874923
29.0,79.4959064,6.600694444444445,4,3,1,0,0,0,1,0,0,4,1,159.33333333333334,21.0,30.4675488,2,0,BAGGAGE,UPPER APEX,LANG_09,Round-Trip,opera,MetaSearches,Affiliate,Logged-Out,AREA_B,AREA_B,AREA_B_TO_AREA_B,BE,BO,15_30,high,6_8,Y,O,0,0.7986340504004352,24.33242190391692
181.0,269.58187089999996,13.770833333333334,2,2,0,0,0,0,0,0,0,2,1,334.0,11.0,47.181528,3,1,BAGGAGE,LOWER VERTEX,LANG_02,Round-Trip,google,Direct,Direct,Logged-Out,AREA_B,AREA_C,AREA_B_TO_AREA_C,BU,CA,120_plus,very_high,9_14,Y,W,0,0.5156891490605232,24.33100202569525
11.0,214.2459392,8.680555555555555,3,1,0,2,0,1,0,0,0,2,1,214.0,21.0,30.6936912,1,1,BAGGAGE,LOWER VERTEX,LANG_02,Round-Trip,apple,Direct,Direct,Logged-Out,AREA_B,AREA_C,AREA_B_TO_AREA_C,BO,CA,8_14,very_high,9_14,Y,O,0,0.7918118009842272,24.303626907925725
153.0,541.641029,20.180555555555557,5,2,0,3,0,1,0,1,1,4,1,485.3333333333333,23.0,29.80968,3,0,BAGGAGE,UPPER APEX,LANG_09,Round-Trip,mozilla,Paid Search,Organic Search,Logged-In,AREA_B,AREA_B,AREA_B_TO_AREA_B,BE,BI,120_plus,very_high,15_30,Y,L,1,0.8151580827306866,24.299601595615293
51.0,96.7255588,22.21527777777778,4,2,0,2,0,1,0,1,1,4,1,534.0833333333334,21.0,28.1238912,4,0,BAGGAGE,UPPER APEX,LANG_02,Round-Trip,google,Email,Paid Search,Logged-In,AREA_B,AREA_B,AREA_B_TO_AREA_B,BE,BU,31_60,high,15_30,Y,O,0,0.8639762085303284,24.298372888095468
21.0,153.4196298,15.59375,2,2,0,0,0,0,0,1,0,4,1,379.3333333333333,7.0,30.9074129,2,0,BAGGAGE,OLD MERIDIAN,LANG_02,Round-Trip,google,Paid Search,Email,Logged-In,AREA_B,AREA_B,AREA_B_TO_AREA_B,BU,BU,15_30,very_high,15_30,Y,L,0,0.7860753540686718,24.295555538714133
1.0,107.9448773,,2,2,0,0,0,0,0,0,0,2,1,12.666666666666666,16.0,29.000193,2,0,BAGGAGE,NORTH HORIZON,LANG_04,One-Way,google,Paid Search,Paid Search,Logged-Out,AREA_C,AREA_B,AREA_C_TO_AREA_B,CI,BA,0_3,very_high,unknown_or_oneway,Y,W,1,0.8375164884678568,24.28813980625012
147.0,174.1990326,38.02430555555556,2,2,0,0,0,0,0,0,0,2,1,928.9166666666666,21.0,29.80968,2,0,BAGGAGE,UPPER APEX,LANG_09,Round-Trip,mozilla,Paid Search,Paid Search,Logged-Out,AREA_B,AREA_B,AREA_B_TO_AREA_B,BE,BU,120_plus,very_high,30_plus,Y,O,1,0.814667318454434,24.28497206958477
3.0,158.2251558,,1,1,0,0,0,0,0,0,0,5,1,185.0,12.0,44.71452,1,0,BAGGAGE,UPPER VERTEX,LANG_11,Multi-City,apple,MetaSearches,MetaSearches,Logged-Out,AREA_C,AREA_D,AREA_C_TO_AREA_D,CU,DA,0_3,very_high,unknown_or_oneway,Y,W,0,0.5429915181759696,24.279605099309755
1.0,234.6304494,,2,2,0,0,0,0,0,0,0,2,1,23.333333333333332,14.0,28.0176728,1,0,BAGGAGE,UPPER HORIZON,LANG_05,One-Way,apple,Direct,Paid Search,Logged-Out,AREA_C,AREA_B,AREA_C_TO_AREA_B,CI,BU,0_3,very_high,unknown_or_oneway,Y,T,0,0.8662826737382092,24.2712245051063
185.0,107.666054,12.159722222222221,5,2,0,3,0,1,0,0,0,2,1,294.5,15.0,26.72592,2,0,BAGGAGE,UPPER APEX,LANG_09,Round-Trip,apple,Direct,Direct,Logged-Out,AREA_B,AREA_B,AREA_B_TO_AREA_B,BE,BO,120_plus,very_high,9_14,Y,L,1,0.9080425561206072,24.268272711474857
47.0,153.8526411,18.12847222222222,2,1,0,1,0,1,0,0,0,4,1,436.0,9.0,29.80968,2,0,BAGGAGE,LOWER VERTEX,LANG_02,Round-Trip,google,MetaSearches,MetaSearches,Logged-Out,AREA_C,AREA_B,AREA_C_TO_AREA_B,CU,BU,31_60,very_high,15_30,Y,O,0,0.8138715295380978,24.261249856641243
13.0,68.7545707,,3,3,0,0,0,0,0,1,0,1,0,0.3333333333333333,15.0,35.2366693,1,1,BAGGAGE,UPPER APEX,LANG_09,One-Way,microsoft,Paid Search,Organic Search,Logged-In,AREA_B,AREA_C,AREA_B_TO_AREA_C,BE,CA,8_14,high,unknown_or_oneway,Y,V,0,0.6879415049788666,24.240767308684628
88.0,308.410264,,2,2,0,0,0,0,0,1,0,2,1,357.0833333333333,22.0,32.3726272,2,1,BAGGAGE,UPPER APEX,LANG_02,Multi-City,google,MetaSearches,Organic Search,Logged-In,AREA_C,AREA_B,AREA_C_TO_AREA_B,CA,BU,61_120,very_high,unknown_or_oneway,Y,L,0,0.7488031532368298,24.240725325920362
8.0,53.0389588,,1,1,0,0,0,0,0,1,0,2,1,14.916666666666666,20.0,41.0371362,2,0,BAGGAGE,OLD HORIZON,LANG_02,One-Way,google,Paid Search,MetaSearches,Logged-In,AREA_C,AREA_C,AREA_C_TO_AREA_C,CE,CE,8_14,mid,unknown_or_oneway,Y,U,1,0.590503976811695,24.232592123063167
0.0,160.0625628,,5,3,0,2,0,1,0,0,0,1,0,4.75,6.0,25.698,2,1,BAGGAGE,NEW HORIZON,LANG_02,One-Way,apple,MetaSearches,MetaSearches,Logged-Out,AREA_C,AREA_C,AREA_C_TO_AREA_C,CA,CE,invalid_or_past,very_high,unknown_or_oneway,Y,V,1,0.9428452101901911,24.22923621146753
79.0,117.7212531,,2,2,0,0,0,0,0,0,0,2,1,19.666666666666668,17.0,43.5002895,3,0,BAGGAGE,NEW VERTEX,LANG_02,One-Way,google,Internal,Internal,Logged-Out,AREA_C,AREA_C,AREA_C_TO_AREA_C,CE,CA,61_120,very_high,unknown_or_oneway,Y,W,0,0.556980738811375,24.2288233842187
12.0,128.2338766,7.618055555555555,4,3,1,0,0,0,1,0,0,4,1,185.66666666666666,15.0,27.5516824,4,0,BAGGAGE,NEW APEX,LANG_02,Round-Trip,apple,MetaSearches,MetaSearches,Logged-Out,AREA_C,AREA_B,AREA_C_TO_AREA_B,CU,BI,8_14,very_high,6_8,Y,S,1,0.8786569066588289,24.2084760308305
114.0,308.4582336,7.163194444444445,4,3,1,0,0,0,1,0,0,2,1,174.91666666666666,22.0,29.29572,2,1,BAGGAGE,UPPER APEX,LANG_09,Round-Trip,google,Direct,Direct,Logged-Out,AREA_C,AREA_C,AREA_C_TO_AREA_C,CA,CI,61_120,very_high,6_8,Y,Q,0,0.8260301024615507,24.1991465932849
45.0,53.5567735,,1,1,0,0,0,0,0,0,0,2,1,9.25,5.0,51.6654007,3,0,BAGGAGE,NEW HORIZON,LANG_02,One-Way,google,MetaSearches,MetaSearches,Logged-Out,AREA_C,AREA_C,AREA_C_TO_AREA_C,CU,CE,31_60,mid,unknown_or_oneway,Y,S,0,0.46829457951983233,24.19462709653015
7.0,93.352268,4.173611111111111,5,2,0,3,0,1,0,0,0,2,1,101.5,10.0,31.6942,3,1,BAGGAGE,UPPER APEX,LANG_09,Round-Trip,google,Direct,Direct,Logged-Out,AREA_C,AREA_C,AREA_C_TO_AREA_C,CA,CI,4_7,high,3_5,Y,L,1,0.7629841386346462,24.1821718867142
54.0,180.7117624,14.229166666666666,2,2,0,0,0,0,0,1,0,2,1,356.1666666666667,11.0,33.201816,2,1,BAGGAGE,UPPER APEX,LANG_09,Round-Trip,apple,Direct,Direct,Logged-In,AREA_C,AREA_B,AREA_C_TO_AREA_B,CA,BU,31_60,very_high,15_30,Y,U,1,0.7280182330305169,24.171527417724345
7.0,94.4585669,212.38888888888889,1,1,0,0,0,0,0,1,0,4,1,5099.416666666667,13.0,38.8044083,2,0,BAGGAGE,LOWER VERTEX,LANG_02,Round-Trip,google,Direct,Organic Search,Logged-In,AREA_C,AREA_B,AREA_C_TO_AREA_B,CE,BO,4_7,high,30_plus,Y,V,0,0.6225810284914255,24.158888429415207
17.0,115.6165869,,1,1,0,0,0,0,0,0,0,2,1,23.75,11.0,43.583808,1,0,BAGGAGE,UPPER APEX,LANG_09,One-Way,google,Paid Search,Paid Search,Logged-Out,AREA_D,AREA_C,AREA_D_TO_AREA_C,DA,CA,15_30,very_high,unknown_or_oneway,Y,V,0,0.5542035094307419,24.154299347955643
17.0,115.6165869,,1,1,0,0,0,0,0,0,0,2,1,23.75,11.0,43.583808,1,0,BAGGAGE,UPPER APEX,LANG_09,One-Way,google,Paid Search,Paid Search,Logged-Out,AREA_D,AREA_C,AREA_D_TO_AREA_C,DA,CA,15_30,very_high,unknown_or_oneway,Y,V,0,0.5542035094307419,24.154299347955643
9.0,101.2668237,,1,1,0,0,0,0,0,0,0,2,1,23.916666666666668,12.0,34.8237881,3,0,BAGGAGE,UPPER VERTEX,LANG_02,One-Way,google,Paid Search,Paid Search,Logged-Out,AREA_B,AREA_C,AREA_B_TO_AREA_C,BU,CU,8_14,high,unknown_or_oneway,Y,S,0,0.6935684360321258,24.152680249231157
66.0,325.9337302,14.038194444444445,2,2,0,0,0,0,0,1,0,4,1,339.0,19.0,50.8888928,3,0,BAGGAGE,NEW AURORA,LANG_02,Round-Trip,microsoft,MetaSearches,MetaSearches,Logged-In,AREA_C,AREA_B,AREA_C_TO_AREA_B,CU,BU,61_120,very_high,15_30,Y,V,0,0.4743973498616334,24.14155588171276
265.0,188.1581862,,2,2,0,0,0,0,0,0,0,2,1,506.3333333333333,20.0,31.6393776,2,1,BAGGAGE,UPPER APEX,LANG_02,Multi-City,apple,Direct,Direct,Logged-Out,AREA_C,AREA_D,AREA_C_TO_AREA_D,CA,DA,120_plus,very_high,unknown_or_oneway,Y,O,1,0.7625779016427746,24.127490179491407
58.0,218.030398,66.67013888888889,3,2,0,1,0,1,0,1,0,2,1,1604.1666666666667,8.0,35.398995,4,1,BAGGAGE,UPPER APEX,LANG_02,Round-Trip,microsoft,Direct,Direct,Logged-In,AREA_C,AREA_C,AREA_C_TO_AREA_C,CA,CE,31_60,very_high,30_plus,Y,O,0,0.681258839096556,24.115878238884793
61.0,309.1979077,23.65972222222222,3,2,0,0,1,1,0,0,0,4,1,572.6666666666666,19.0,33.8793866,2,0,BAGGAGE,NEW HORIZON,LANG_02,Round-Trip,google,Internal,Referrals,Logged-Out,AREA_C,AREA_B,AREA_C_TO_AREA_B,CE,BU,61_120,very_high,15_30,Y,T,0,0.7114764957707541,24.10438725703064
233.0,274.480338,14.409722222222221,2,1,1,0,0,0,1,1,0,2,1,361.9166666666667,20.0,44.71452,2,1,BAGGAGE,UPPER APEX,LANG_09,Round-Trip,apple,Direct,Referrals,Logged-In,AREA_C,AREA_B,AREA_C_TO_AREA_B,CA,BU,120_plus,very_high,15_30,Y,L,0,0.5389395891120814,24.098425036143947
20.0,114.6092253,8.722222222222221,4,4,0,0,0,0,0,0,0,4,1,212.16666666666666,22.0,27.5516824,4,0,BAGGAGE,NEW APEX,LANG_02,Round-Trip,google,MetaSearches,Organic Search,Logged-Out,AREA_C,AREA_B,AREA_C_TO_AREA_B,CU,BI,15_30,very_high,9_14,Y,W,0,0.8742226496117388,24.08630478898911
208.0,427.3641645,9.25,3,3,0,0,0,0,0,0,0,2,1,236.41666666666666,12.0,42.1858368,1,1,BAGGAGE,UPPER APEX,LANG_09,Round-Trip,google,Paid Search,Email,Logged-Out,AREA_C,AREA_B,AREA_C_TO_AREA_B,CA,BU,120_plus,very_high,9_14,P,R,0,0.5701785239799972,24.05345815948505
21.0,224.6621952,5.288194444444445,3,3,0,0,0,0,0,0,0,3,1,143.0,19.0,27.75384,2,0,BAGGAGE,UPPER APEX,LANG_09,Round-Trip,apple,Paid Search,Paid Search,Logged-Out,AREA_B,AREA_B,AREA_B_TO_AREA_B,BE,BU,15_30,very_high,6_8,Y,O,1,0.866413846615599,24.046311272753876
35.0,48.500692,,4,3,0,1,0,1,0,1,0,2,1,-80.83333333333333,12.0,37.758928,2,1,BAGGAGE,UPPER APEX,LANG_02,Round-Trip,microsoft,Direct,Direct,Logged-In,AREA_C,AREA_C,AREA_C_TO_AREA_C,CA,CA,31_60,mid,unknown_or_oneway,Y,L,0,0.636783488644592,24.044261899319967
82.0,100.8629368,27.760416666666668,2,2,0,0,0,0,0,0,0,2,1,670.0,20.0,57.9044468,1,1,BAGGAGE,LOWER VERTEX,LANG_02,Round-Trip,apple,Direct,Direct,Logged-Out,AREA_B,AREA_C,AREA_B_TO_AREA_C,BU,CA,61_120,high,15_30,Y,O,0,0.4151161028043378,24.03706829065711
79.0,175.03593080000002,9.260416666666666,2,2,0,0,0,0,0,1,0,2,1,238.33333333333334,22.0,33.2716289,2,1,BAGGAGE,UPPER APEX,LANG_09,Round-Trip,google,Paid Search,Paid Search,Logged-In,AREA_C,AREA_B,AREA_C_TO_AREA_B,CA,BU,61_120,very_high,9_14,Y,O,0,0.7224028031021562,24.035517981134713
113.0,486.000576,9.21875,3,3,0,0,0,0,0,0,0,2,1,237.58333333333334,15.0,29.8585062,2,0,BAGGAGE,UPPER APEX,LANG_09,Round-Trip,google,Paid Search,Paid Search,Logged-Out,AREA_B,AREA_B,AREA_B_TO_AREA_B,BE,BU,61_120,very_high,9_14,Y,V,0,0.8049678358405579,24.03513711724588
1.0,135.1492084,5.145833333333333,5,2,2,0,1,1,1,0,0,2,1,125.83333333333333,20.0,26.72592,2,0,BAGGAGE,UPPER APEX,LANG_09,Round-Trip,microsoft,Direct,Direct,Logged-Out,AREA_B,AREA_B,AREA_B_TO_AREA_B,BE,BA,0_3,very_high,6_8,Y,L,0,0.8992405144701898,24.033030050489135
221.0,232.5129342,,2,2,0,0,0,0,0,0,0,2,1,462.5,22.0,44.71452,3,1,BAGGAGE,UPPER APEX,LANG_09,Multi-City,opera,Paid Search,Paid Search,Logged-Out,AREA_C,AREA_B,AREA_C_TO_AREA_B,CA,BU,120_plus,very_high,unknown_or_oneway,Y,L,0,0.5370833841590823,24.01542572264897
95.0,331.7239179,63.02430555555556,3,3,0,0,0,0,0,0,0,2,1,1528.9166666666667,16.0,29.80968,2,0,BAGGAGE,UPPER APEX,LANG_02,Round-Trip,google,Organic Search,Paid Search,Logged-Out,AREA_B,AREA_B,AREA_B_TO_AREA_B,BE,BU,61_120,very_high,30_plus,Y,O,0,0.8056022512839132,24.01474531805304
9.0,51.3441757,,1,1,0,0,0,0,0,0,0,1,0,4.416666666666667,9.0,45.7501494,3,1,BAGGAGE,LOWER APEX,LANG_02,One-Way,apple,Paid Search,Paid Search,Logged-Out,AREA_C,AREA_B,AREA_C_TO_AREA_B,CA,BO,8_14,mid,unknown_or_oneway,Y,Q,0,0.5246636425327048,24.003440030619437
173.0,135.5106936,9.184027777777779,4,2,1,1,0,1,1,0,0,2,1,223.75,12.0,26.72592,2,0,BAGGAGE,UPPER APEX,LANG_02,Round-Trip,google,Paid Search,Paid Search,Logged-Out,AREA_B,AREA_B,AREA_B_TO_AREA_B,BE,BA,120_plus,very_high,9_14,Y,S,1,0.897966583510142,23.998983073565373
5.0,54.3735416,,2,2,0,0,0,0,0,0,0,1,0,3.0833333333333335,15.0,33.6335424,1,1,BAGGAGE,NEW HORIZON,LANG_02,One-Way,google,MetaSearches,MetaSearches,Logged-Out,AREA_C,AREA_C,AREA_C_TO_AREA_C,CE,CA,4_7,high,unknown_or_oneway,Y,V,0,0.7134391661112386,23.995486443222987
12.0,79.6822169,,2,1,0,1,0,1,0,1,1,2,1,10.5,21.0,40.7510318,2,0,BAGGAGE,OLD HORIZON,LANG_02,One-Way,google,Paid Search,Paid Search,Logged-In,AREA_C,AREA_C,AREA_C_TO_AREA_C,CE,CA,8_14,high,unknown_or_oneway,Y,W,1,0.5884031734811104,23.978036433749647
220.0,273.4883952,10.777777777777779,3,2,1,0,0,0,1,1,1,2,1,261.9166666666667,14.0,29.0233212,2,0,BAGGAGE,UPPER APEX,LANG_09,Round-Trip,samsung,Direct,Email,Logged-In,AREA_B,AREA_B,AREA_B_TO_AREA_B,BU,BE,120_plus,very_high,9_14,Y,O,0,0.8261393493922391,23.97730769336998
84.0,91.9795665,27.006944444444443,1,1,0,0,0,0,0,0,0,4,1,651.5,11.0,70.7568732,1,0,BAGGAGE,LOWER VERTEX,LANG_02,Round-Trip,google,Paid Search,Paid Search,Logged-Out,AREA_D,AREA_D,AREA_D_TO_AREA_D,DA,DA,61_120,high,15_30,Y,O,0,0.33882509793018123,23.974204491223418
88.0,151.5372513,7.430555555555555,2,2,0,0,0,0,0,0,0,2,1,182.75,10.0,32.8009272,1,1,BAGGAGE,UPPER APEX,LANG_09,Round-Trip,google,MetaSearches,MetaSearches,Logged-Out,AREA_C,AREA_B,AREA_C_TO_AREA_B,CA,BA,61_120,very_high,6_8,Y,U,0,0.7308954345856572,23.9740479406565
78.0,175.03593080000002,10.260416666666666,2,2,0,0,0,0,0,1,0,2,1,262.3333333333333,19.0,33.2716289,2,1,BAGGAGE,UPPER APEX,LANG_09,Round-Trip,apple,Direct,Direct,Logged-In,AREA_C,AREA_B,AREA_C_TO_AREA_B,CA,BU,61_120,very_high,9_14,Y,O,0,0.720542203118788,23.97361278895674
108.0,133.3477786,20.274305555555557,2,2,0,0,0,0,0,1,0,2,1,501.25,20.0,29.80968,2,0,BAGGAGE,UPPER APEX,LANG_09,Round-Trip,google,Internal,Internal,Logged-In,AREA_C,AREA_B,AREA_C_TO_AREA_B,CU,BU,61_120,very_high,15_30,Y,O,1,0.8041515599273498,23.97150067293512
219.0,424.1163656,14.48611111111111,2,2,0,0,0,0,0,1,1,4,1,349.8333333333333,20.0,50.8888928,4,0,BAGGAGE,UPPER APEX,LANG_02,Round-Trip,apple,Direct,Referrals,Logged-In,AREA_C,AREA_B,AREA_C_TO_AREA_B,CU,BU,120_plus,very_high,15_30,Y,V,0,0.4708536713498748,23.96122200581021
148.0,67.9052518,,4,2,1,1,0,1,1,0,0,2,1,4.666666666666667,20.0,33.1983896,2,0,BAGGAGE,LOWER VERTEX,LANG_02,One-Way,apple,Paid Search,Paid Search,Logged-Out,AREA_B,AREA_C,AREA_B_TO_AREA_C,BI,CE,120_plus,high,unknown_or_oneway,Y,L,0,0.7216595319186803,23.957934299189983
156.0,102.7603058,15.395833333333334,3,2,0,1,0,1,0,0,0,2,1,372.5,20.0,30.4675488,4,1,BAGGAGE,UPPER APEX,LANG_02,Round-Trip,google,Direct,Direct,Logged-Out,AREA_C,AREA_B,AREA_C_TO_AREA_B,CA,BO,120_plus,very_high,15_30,Y,L,0,0.7862072933551524,23.95380907721402
9.0,292.6299788,7.319444444444445,2,2,0,0,0,0,0,1,0,2,1,191.83333333333334,16.0,36.3896529,3,1,BAGGAGE,UPPER APEX,LANG_09,Round-Trip,google,Paid Search,Email,Logged-In,AREA_C,AREA_B,AREA_C_TO_AREA_B,CA,BO,8_14,very_high,6_8,Y,W,0,0.6578726567046687,23.93975762988375
8.0,153.1168217,,1,1,0,0,0,0,0,0,0,1,0,6.666666666666667,17.0,39.31794,1,1,BAGGAGE,GREAT APEX,LANG_10,One-Way,apple,MetaSearches,MetaSearches,Logged-Out,AREA_B,AREA_C,AREA_B_TO_AREA_C,BU,CA,8_14,very_high,unknown_or_oneway,Y,K,0,0.6088628796614031,23.939234170754265
170.0,206.94984869999996,12.760416666666666,5,3,1,1,0,1,1,0,0,2,1,310.75,19.0,27.4780148,2,0,BAGGAGE,NEW HORIZON,LANG_02,Round-Trip,google,Paid Search,Paid Search,Logged-Out,AREA_C,AREA_B,AREA_C_TO_AREA_B,CE,BE,120_plus,very_high,9_14,Y,L,0,0.8711767859560763,23.938208617917496
114.0,157.0593232,15.322916666666666,2,2,0,0,0,0,0,0,0,4,1,368.75,15.0,31.6393776,2,0,BAGGAGE,LOWER VERTEX,LANG_02,Round-Trip,apple,Paid Search,Organic Search,Logged-Out,AREA_B,AREA_B,AREA_B_TO_AREA_B,BE,BU,61_120,very_high,15_30,Y,O,0,0.7562496059098817,23.927266841233937
252.0,223.135734,22.22222222222222,2,2,0,0,0,0,0,1,0,2,1,553.9166666666666,13.0,33.9830352,2,1,BAGGAGE,UPPER APEX,LANG_09,Round-Trip,google,Paid Search,Organic Search,Logged-In,AREA_C,AREA_D,AREA_C_TO_AREA_D,CA,DA,120_plus,very_high,15_30,Y,O,0,0.7037727497242227,23.91633412667905
44.0,171.59882330000002,,2,2,0,0,0,0,0,0,0,2,1,9.166666666666666,21.0,34.3076866,1,0,BAGGAGE,UPPER MERIDIAN,LANG_02,One-Way,google,MetaSearches,MetaSearches,Logged-Out,AREA_B,AREA_B,AREA_B_TO_AREA_B,BU,BU,31_60,very_high,unknown_or_oneway,Y,S,0,0.6965915774949063,23.898445528894857
208.0,434.1882684,8.229166666666666,4,4,0,0,0,0,0,1,0,2,1,212.08333333333334,13.0,29.80968,3,1,BAGGAGE,UPPER APEX,LANG_09,Round-Trip,google,Direct,Paid Search,Logged-In,AREA_C,AREA_B,AREA_C_TO_AREA_B,CA,BU,120_plus,very_high,9_14,Y,U,0,0.8016725667450261,23.897602679447868
1.0,377.88909,,2,2,0,0,0,0,0,0,0,2,1,-98.0,11.0,30.58062,1,1,BAGGAGE,UPPER APEX,LANG_09,Round-Trip,google,Direct,Referrals,Logged-Out,AREA_C,AREA_B,AREA_C_TO_AREA_B,CA,BU,0_3,very_high,unknown_or_oneway,Y,L,0,0.7814139168100105,23.896122052678543
16.0,46.927117800000005,,1,1,0,0,0,0,0,0,0,2,1,7.666666666666667,16.0,51.884262,2,0,BAGGAGE,SOUTH HORIZON,LANG_02,One-Way,google,MetaSearches,MetaSearches,Logged-Out,AREA_C,AREA_B,AREA_C_TO_AREA_B,CE,BU,15_30,mid,unknown_or_oneway,Y,T,0,0.46056132694834,23.895884554455332
74.0,359.05031449999996,3.4375,5,5,0,0,0,0,0,0,0,2,1,86.25,13.0,33.53589,2,1,BAGGAGE,UPPER APEX,LANG_09,Round-Trip,google,Direct,Paid Search,Logged-Out,AREA_C,AREA_C,AREA_C_TO_AREA_C,CA,CE,61_120,very_high,3_5,Y,O,0,0.712172899116789,23.883352005761736
175.0,119.28155,10.225694444444445,2,1,0,1,0,1,0,0,0,2,1,248.0,10.0,49.6279776,4,1,BAGGAGE,UPPER APEX,LANG_09,Round-Trip,google,MetaSearches,MetaSearches,Logged-Out,AREA_C,AREA_B,AREA_C_TO_AREA_B,CA,BO,120_plus,very_high,9_14,Y,S,0,0.48108739396932054,23.875394411551817
166.0,231.1894872,15.333333333333334,2,1,1,0,0,0,1,0,0,2,1,382.4166666666667,21.0,45.3107136,2,1,BAGGAGE,UPPER APEX,LANG_09,Round-Trip,google,Direct,Affiliate,Logged-Out,AREA_C,AREA_B,AREA_C_TO_AREA_B,CA,BU,120_plus,very_high,15_30,Y,U,0,0.5267026177549945,23.86527146546683
110.0,66.7685436,13.538194444444445,4,2,0,2,0,1,0,0,0,4,1,325.8333333333333,16.0,28.1238912,4,0,BAGGAGE,UPPER APEX,LANG_02,Round-Trip,apple,Direct,Direct,Logged-Out,AREA_B,AREA_B,AREA_B_TO_AREA_B,BE,BU,61_120,high,9_14,Y,O,0,0.8485058300703611,23.863285647464522
306.0,184.64269980000003,29.038194444444443,3,1,1,1,0,1,1,0,0,4,1,698.5833333333334,11.0,27.9559976,2,0,BAGGAGE,UPPER MERIDIAN,LANG_01,Round-Trip,google,Organic Search,Organic Search,Logged-Out,AREA_B,AREA_C,AREA_B_TO_AREA_C,BI,CE,120_plus,very_high,15_30,Y,W,0,0.8535632168083792,23.862211240543328
14.0,247.7814009,13.524305555555555,3,2,0,0,1,1,0,0,0,4,1,326.3333333333333,15.0,31.8252598,3,0,BAGGAGE,EAST ZENITH,LANG_08,Round-Trip,samsung,Direct,Direct,Logged-Out,AREA_B,AREA_C,AREA_B_TO_AREA_C,BA,CA,8_14,very_high,9_14,Y,W,0,0.7494420115359605,23.85118672216654
270.0,452.4595464,11.496527777777779,2,2,0,0,0,0,0,0,0,2,1,283.1666666666667,21.0,52.4650368,3,1,BAGGAGE,UPPER APEX,LANG_09,Round-Trip,apple,Direct,Direct,Logged-Out,AREA_C,AREA_B,AREA_C_TO_AREA_B,CA,BU,120_plus,very_high,9_14,Y,V,0,0.4545131157036312,23.846047341473668
326.0,362.9739708,13.67013888888889,3,2,0,1,0,1,0,0,0,2,1,333.4166666666667,18.0,26.21196,1,0,BAGGAGE,UPPER APEX,LANG_09,Round-Trip,google,Paid Search,Paid Search,Logged-Out,AREA_B,AREA_C,AREA_B_TO_AREA_C,BE,CA,120_plus,very_high,9_14,Y,L,0,0.9097018965850728,23.845069725212067
43.0,85.9662345,16.72222222222222,2,2,0,0,0,0,0,0,0,4,1,405.0,20.0,67.6808226,1,0,BAGGAGE,NORTH MERIDIAN,LANG_02,Round-Trip,google,Direct,MetaSearches,Logged-Out,AREA_B,AREA_C,AREA_B_TO_AREA_C,BI,CU,31_60,high,15_30,Y,O,0,0.3521792794050081,23.835783332806187
14.0,106.9413704,3.513888888888889,2,2,0,0,0,0,0,0,0,2,1,86.41666666666667,14.0,50.573664,4,1,BAGGAGE,UPPER APEX,LANG_09,Round-Trip,mozilla,MetaSearches,MetaSearches,Logged-Out,AREA_C,AREA_C,AREA_C_TO_AREA_C,CA,CI,8_14,very_high,3_5,Y,V,0,0.4711256270886002,23.826549166168164
136.0,101.0111286,6.322916666666667,6,6,0,0,0,0,0,0,0,2,1,152.75,20.0,29.29572,3,1,BAGGAGE,UPPER APEX,LANG_09,Round-Trip,microsoft,Paid MetaSearches,MetaSearches,Logged-Out,AREA_C,AREA_C,AREA_C_TO_AREA_C,CA,CE,120_plus,high,6_8,Y,O,1,0.8130034124608474,23.817520330497494
98.0,202.4668326,13.006944444444445,2,2,0,0,0,0,0,0,0,3,1,313.0833333333333,19.0,29.80968,2,0,BAGGAGE,UPPER APEX,LANG_09,Round-Trip,mozilla,Paid Search,Paid Search,Logged-Out,AREA_B,AREA_B,AREA_B_TO_AREA_B,BE,BU,61_120,very_high,9_14,Y,U,0,0.7984596424378297,23.801826433986125
20.0,80.9692584,,3,3,0,0,0,0,0,0,0,1,0,0.8333333333333334,11.0,36.3943642,1,1,BAGGAGE,UPPER APEX,LANG_09,One-Way,google,Direct,Direct,Logged-Out,AREA_C,AREA_C,AREA_C_TO_AREA_C,CU,CA,15_30,high,unknown_or_oneway,Y,V,0,0.6539284308363594,23.799309472592974
0.0,85.325926,,2,2,0,0,0,0,0,0,0,1,0,3.0,13.0,39.8674489,1,1,BAGGAGE,UPPER APEX,LANG_09,One-Way,apple,Direct,Direct,Logged-Out,AREA_B,AREA_C,AREA_B_TO_AREA_C,BO,CA,invalid_or_past,high,unknown_or_oneway,Y,T,0,0.5967405514070536,23.790523439778532
97.0,220.5942018,13.024305555555555,2,2,0,0,0,0,0,0,0,2,1,328.9166666666667,18.0,29.80968,2,0,BAGGAGE,UPPER APEX,LANG_09,Round-Trip,mozilla,Paid Search,MetaSearches,Logged-Out,AREA_B,AREA_B,AREA_B_TO_AREA_B,BE,BU,61_120,very_high,9_14,Y,U,0,0.798052315863003,23.789684159135042
42.0,532.1267728,7.197916666666667,4,4,0,0,0,0,0,0,0,2,1,178.58333333333334,17.0,33.6746592,4,1,BAGGAGE,UPPER APEX,LANG_09,Round-Trip,apple,Direct,Direct,Logged-Out,AREA_C,AREA_B,AREA_C_TO_AREA_B,CA,BI,31_60,very_high,6_8,Y,Y,1,0.706445801347608,23.7893216036516
202.0,485.77657509999995,,5,2,0,3,0,1,0,0,0,2,1,7.083333333333333,16.0,28.2288247,2,0,BAGGAGE,LOWER VERTEX,LANG_02,One-Way,google,Paid Search,Paid Search,Logged-Out,AREA_B,AREA_B,AREA_B_TO_AREA_B,BE,BU,120_plus,very_high,unknown_or_oneway,Y,T,0,0.8422184488916334,23.77483695286783
23.0,158.376774,,1,1,0,0,0,0,0,0,0,2,1,15.333333333333334,14.0,38.9954301,1,0,BAGGAGE,LOWER VERTEX,LANG_02,One-Way,google,Paid Search,Organic Search,Logged-Out,AREA_C,AREA_B,AREA_C_TO_AREA_B,CE,BI,15_30,very_high,unknown_or_oneway,Y,H,0,0.609509771038195,23.768095671786938
119.0,453.8857854,20.270833333333332,3,3,0,0,0,0,0,0,0,2,1,501.1666666666667,16.0,29.80968,2,0,BAGGAGE,UPPER APEX,LANG_09,Round-Trip,apple,Organic Search,Organic Search,Logged-Out,AREA_B,AREA_B,AREA_B_TO_AREA_B,BE,BU,61_120,very_high,15_30,Y,W,0,0.7970642417208493,23.76022998514117
69.0,149.4407228,13.760416666666666,3,2,0,1,0,1,0,0,0,2,1,334.0,23.0,29.1102661,1,1,BAGGAGE,LOWER VERTEX,LANG_02,Round-Trip,google,Direct,Paid Search,Logged-Out,AREA_B,AREA_C,AREA_B_TO_AREA_C,BU,CA,61_120,very_high,9_14,Y,O,0,0.8156476821739737,23.7437210719326
59.0,146.7762685,,2,2,0,0,0,0,0,0,0,3,1,24.25,11.0,34.6743114,1,0,BAGGAGE,LOWER VERTEX,LANG_02,One-Way,google,Paid Search,Paid Search,Logged-Out,AREA_B,AREA_B,AREA_B_TO_AREA_B,BO,BU,31_60,very_high,unknown_or_oneway,Y,S,0,0.6843350384136639,23.728846223886347
0.0,132.0239033,,1,1,0,0,0,0,0,0,0,1,0,3.0,2.0,37.2621,1,1,BAGGAGE,LOWER VERTEX,LANG_02,One-Way,apple,MetaSearches,MetaSearches,Logged-Out,AREA_C,AREA_B,AREA_C_TO_AREA_B,CA,BU,invalid_or_past,very_high,unknown_or_oneway,Y,K,0,0.6367100726132628,23.725154396722658
60.0,201.5674026,13.07638888888889,3,3,0,0,0,0,0,0,0,4,1,314.8333333333333,16.0,29.80968,3,0,BAGGAGE,UPPER APEX,LANG_09,Round-Trip,google,Direct,Direct,Logged-Out,AREA_B,AREA_B,AREA_B_TO_AREA_B,BE,BU,31_60,very_high,9_14,Y,O,0,0.795718844648558,23.720124128943226
85.0,165.2959605,13.76388888888889,2,2,0,0,0,0,0,0,0,4,1,335.0,20.0,42.9439278,1,0,BAGGAGE,NORTH MERIDIAN,LANG_02,Round-Trip,apple,Organic Search,MetaSearches,Logged-Out,AREA_B,AREA_C,AREA_B_TO_AREA_C,BI,CU,61_120,very_high,9_14,Y,U,0,0.552299170669968,23.717895709250982
31.0,157.3869727,28.78125,2,2,0,0,0,0,0,0,0,2,1,695.0,7.0,29.0233212,2,0,BAGGAGE,LOWER VERTEX,LANG_09,Round-Trip,google,Paid Search,Paid Search,Logged-Out,AREA_B,AREA_B,AREA_B_TO_AREA_B,BU,BE,31_60,very_high,15_30,Y,O,0,0.8169561894751403,23.710781893465057
35.0,112.5589532,,2,2,0,0,0,0,0,0,0,2,1,11.25,23.0,34.6743114,1,0,BAGGAGE,CENTRAL AURORA,LANG_02,One-Way,apple,MetaSearches,MetaSearches,Logged-Out,AREA_B,AREA_B,AREA_B_TO_AREA_B,BO,BU,31_60,very_high,unknown_or_oneway,Y,L,0,0.6836872660924913,23.706385164705704
10.0,92.2939387,8.67361111111111,2,2,0,0,0,0,0,0,0,4,1,210.91666666666666,21.0,30.3955944,1,0,BAGGAGE,NEW MERIDIAN,LANG_02,Round-Trip,google,MetaSearches,MetaSearches,Logged-Out,AREA_C,AREA_C,AREA_C_TO_AREA_C,CI,CE,8_14,high,9_14,Y,V,0,0.7792885448439789,23.686938529643793
82.0,171.3666847,2.5347222222222223,5,5,0,0,0,0,0,0,0,4,1,62.5,14.0,32.418027,4,0,BAGGAGE,SOUTH VERTEX,LANG_02,Round-Trip,google,MetaSearches,MetaSearches,Logged-Out,AREA_B,AREA_C,AREA_B_TO_AREA_C,BA,CU,61_120,very_high,3_5,Y,L,0,0.7303606845093904,23.6768523901639
,82.4023502,,1,1,0,0,0,0,0,0,0,2,1,24.166666666666668,8.0,23.8533119,3,0,BAGGAGE,GREAT AURORA,LANG_02,One-Way,apple,Direct,Paid Search,Logged-Out,AREA_C,AREA_B,AREA_C_TO_AREA_B,CE,BO,MISSING,high,unknown_or_oneway,Y,Q,1,0.9923480674658994,23.670787966626342
18.0,353.02755989999997,63.00694444444444,4,4,0,0,0,0,0,1,0,3,1,1513.0833333333333,20.0,29.80968,2,0,BAGGAGE,LOWER VERTEX,LANG_02,Round-Trip,google,Paid Search,Paid Search,Logged-In,AREA_B,AREA_B,AREA_B_TO_AREA_B,BE,BU,15_30,very_high,30_plus,Y,W,0,0.7940134278752776,23.669286200665105
87.0,53.957234,3.0243055555555554,4,4,0,0,0,0,0,0,0,2,1,74.91666666666667,21.0,43.018452,1,1,BAGGAGE,NEW APEX,LANG_02,Round-Trip,samsung,Direct,Direct,Logged-Out,AREA_C,AREA_C,AREA_C_TO_AREA_C,CE,CA,61_120,mid,3_5,Y,O,0,0.550167873834436,23.667370272488743
,214.20439410000003,25.59027777777778,2,2,0,0,0,0,0,0,0,2,1,617.3333333333334,15.0,23.762084,2,1,BAGGAGE,LOWER VERTEX,LANG_02,Round-Trip,mozilla,Paid Search,Paid Search,Logged-Out,AREA_B,AREA_C,AREA_B_TO_AREA_C,BU,CA,MISSING,very_high,15_30,Y,W,1,0.995923651387148,23.66522146184813
133.0,148.508742,6.760416666666667,4,2,0,2,0,1,0,0,0,2,1,166.75,16.0,27.462596,2,0,BAGGAGE,NEW HORIZON,LANG_02,Round-Trip,apple,Direct,Direct,Logged-Out,AREA_C,AREA_B,AREA_C_TO_AREA_B,CE,BE,120_plus,very_high,6_8,Y,Q,1,0.8609464783952862,23.643825313792473
144.0,254.0474299,66.77083333333333,2,2,0,0,0,0,0,0,0,4,1,1608.0833333333333,14.0,35.16343,2,0,BAGGAGE,LOWER VERTEX,LANG_02,Round-Trip,google,Direct,MetaSearches,Logged-Out,AREA_C,AREA_D,AREA_C_TO_AREA_D,CU,DA,120_plus,very_high,30_plus,Y,L,0,0.6723383814042353,23.641723610821128
2.0,95.2864708,8.26388888888889,2,2,0,0,0,0,0,0,0,2,1,200.25,22.0,34.43532,2,1,BAGGAGE,SOUTH VERTEX,LANG_02,Round-Trip,google,Direct,Organic Search,Logged-Out,AREA_C,AREA_C,AREA_C_TO_AREA_C,CU,CA,0_3,high,9_14,Y,S,0,0.6862220110727995,23.63027454233539
71.0,173.9394828,13.559027777777779,2,2,0,0,0,0,0,0,0,3,1,341.5833333333333,17.0,27.9174506,1,0,BAGGAGE,UPPER APEX,LANG_09,Round-Trip,microsoft,Direct,MetaSearches,Logged-Out,AREA_B,AREA_B,AREA_B_TO_AREA_B,BE,BO,61_120,very_high,9_14,Y,O,0,0.8463833493906838,23.628865345276953
0.0,40.238785,,1,1,0,0,0,0,0,0,0,1,0,0.5833333333333334,16.0,44.406144,1,1,BAGGAGE,LOWER VERTEX,LANG_02,One-Way,google,MetaSearches,MetaSearches,Logged-Out,AREA_B,AREA_C,AREA_B_TO_AREA_C,BI,CA,invalid_or_past,mid,unknown_or_oneway,Y,S,0,0.531874249596316,23.61848451746595
21.0,70.87851040000001,,1,1,0,0,0,0,0,0,0,3,1,166.08333333333334,1.0,40.3985409,1,1,BAGGAGE,LOWER VERTEX,LANG_02,Multi-City,google,Affiliate,Affiliate,Logged-Out,AREA_D,AREA_C,AREA_D_TO_AREA_C,DA,CA,15_30,high,unknown_or_oneway,Y,O,0,0.5844819962643192,23.612219831397745
4.0,54.150397299999995,,1,1,0,0,0,0,0,0,0,4,1,201.25,23.0,49.1311496,1,1,BAGGAGE,CENTRAL MERIDIAN,LANG_02,Multi-City,mozilla,Paid Search,Organic Search,Logged-Out,AREA_B,AREA_C,AREA_B_TO_AREA_C,BI,CA,4_7,high,unknown_or_oneway,Y,Q,0,0.4802767296957362,23.59654785607998
10.0,172.540655,8.666666666666666,3,3,0,0,0,0,0,1,0,4,1,210.41666666666666,20.0,26.7880235,1,0,BAGGAGE,OLD ZENITH,LANG_02,Round-Trip,mozilla,Direct,Direct,Logged-In,AREA_B,AREA_C,AREA_B_TO_AREA_C,BU,CU,8_14,very_high,9_14,Y,Q,0,0.8808544166943068,23.596348814485882
125.0,263.944158,21.23611111111111,4,2,0,2,0,1,0,1,0,2,1,530.25,23.0,24.8414,1,1,BAGGAGE,UPPER APEX,LANG_02,Round-Trip,google,Direct,Direct,Logged-In,AREA_C,AREA_D,AREA_C_TO_AREA_D,CA,DA,120_plus,very_high,15_30,Y,O,0,0.9498472307754459,23.595534998585162
214.0,151.7531145,14.277777777777779,5,2,1,2,0,1,1,0,0,2,1,344.5833333333333,14.0,26.72592,4,1,BAGGAGE,UPPER APEX,LANG_09,Round-Trip,mozilla,Direct,Organic Search,Logged-Out,AREA_C,AREA_C,AREA_C_TO_AREA_C,CA,CU,120_plus,very_high,15_30,Y,O,1,0.8828560300050986,23.595139629433863
22.0,54.4373583,,1,1,0,0,0,0,0,0,0,3,1,25.916666666666668,13.0,36.7751229,1,0,BAGGAGE,EAST ZENITH,LANG_08,One-Way,google,Direct,MetaSearches,Logged-Out,AREA_C,AREA_B,AREA_C_TO_AREA_B,CA,BU,15_30,high,unknown_or_oneway,Y,W,0,0.6415740789769736,23.593965603832512
121.0,105.006311,9.197916666666666,5,2,2,1,0,1,1,0,0,2,1,222.41666666666666,21.0,26.72592,4,1,BAGGAGE,UPPER APEX,LANG_09,Round-Trip,microsoft,MetaSearches,Email,Logged-Out,AREA_C,AREA_B,AREA_C_TO_AREA_B,CA,BA,120_plus,very_high,9_14,Y,L,1,0.882688722267351,23.590668176219438
274.0,212.6475236,,2,1,1,0,0,0,1,0,0,3,1,166.0,18.0,51.1724274,2,0,BAGGAGE,LOWER VERTEX,LANG_02,Multi-City,google,Paid Search,Paid Search,Logged-Out,AREA_B,AREA_C,AREA_B_TO_AREA_C,BU,CU,120_plus,very_high,unknown_or_oneway,Y,L,0,0.4609930724989529,23.590134534355602
3.0,77.1471092,,2,2,0,0,0,0,0,0,0,2,1,6.666666666666667,15.0,29.9878528,3,1,BAGGAGE,LOWER VERTEX,LANG_02,One-Way,microsoft,Paid MetaSearches,MetaSearches,Logged-Out,AREA_C,AREA_C,AREA_C_TO_AREA_C,CA,CU,0_3,high,unknown_or_oneway,Y,T,0,0.7864294227232673,23.583329766214316
184.0,436.2201236,15.0,2,2,0,0,0,0,0,0,0,2,1,367.25,12.0,58.998325,4,1,BAGGAGE,UPPER APEX,LANG_09,Round-Trip,opera,Direct,Paid Search,Logged-Out,AREA_C,AREA_B,AREA_C_TO_AREA_B,CA,BU,120_plus,very_high,15_30,Y,Q,0,0.3996184814205715,23.57682104285734
4.0,119.585643,,3,3,0,0,0,0,0,0,0,2,1,6.25,9.0,26.867259,2,0,BAGGAGE,UPPER APEX,LANG_09,One-Way,google,Paid Search,Paid Search,Logged-Out,AREA_B,AREA_C,AREA_B_TO_AREA_C,BE,CE,4_7,very_high,unknown_or_oneway,Y,Q,0,0.8774384753739167,23.574366774436143
3.0,43.7739732,0.08680555555555555,2,2,0,0,0,0,0,0,0,2,1,4.166666666666667,21.0,93.746304,3,0,BAGGAGE,UPPER APEX,LANG_09,Round-Trip,google,Organic Search,Organic Search,Logged-Out,AREA_B,AREA_B,AREA_B_TO_AREA_B,BE,BI,0_3,mid,1_2,Y,U,0,0.25146733295990603,23.57413304172857
293.0,162.1141198,6.246527777777778,2,2,0,0,0,0,0,1,1,2,1,164.08333333333334,5.0,45.3107136,3,1,BAGGAGE,UPPER APEX,LANG_09,Round-Trip,google,Email,Email,Logged-In,AREA_C,AREA_B,AREA_C_TO_AREA_B,CA,BU,120_plus,very_high,6_8,Y,U,0,0.5202738506067819,23.57397943841308
246.0,60.9115411,,4,2,1,1,0,1,1,1,1,1,0,1.6666666666666667,11.0,33.53589,2,1,BAGGAGE,LOWER VERTEX,LANG_02,One-Way,microsoft,Direct,Direct,Logged-In,AREA_B,AREA_C,AREA_B_TO_AREA_C,BA,CA,120_plus,high,unknown_or_oneway,Y,L,0,0.7028836460699067,23.571828637399324
142.0,150.12000659999998,16.739583333333332,2,2,0,0,0,0,0,0,0,4,1,404.9166666666667,9.0,28.8995425,2,0,BAGGAGE,LOWER VERTEX,LANG_02,Round-Trip,apple,MetaSearches,MetaSearches,Logged-Out,AREA_B,AREA_B,AREA_B_TO_AREA_B,BU,BO,120_plus,very_high,15_30,Y,U,0,0.8153253155454702,23.562528607932226
12.0,66.4173376,5.041666666666667,3,3,0,0,0,0,0,0,0,4,1,123.5,14.0,30.0726562,2,0,BAGGAGE,UPPER HORIZON,LANG_02,Round-Trip,google,Direct,Direct,Logged-Out,AREA_B,AREA_B,AREA_B_TO_AREA_B,BE,BE,8_14,high,6_8,Y,L,1,0.7832020769711978,23.55296679588077
139.0,216.84829,11.229166666666666,2,2,0,0,0,0,0,0,0,2,1,284.0833333333333,22.0,30.58062,2,1,BAGGAGE,UPPER APEX,LANG_09,Round-Trip,apple,Direct,Direct,Logged-Out,AREA_C,AREA_B,AREA_C_TO_AREA_B,CA,BU,120_plus,very_high,9_14,Y,U,0,0.7701901872834577,23.55289344504425
6.0,39.4986826,,1,1,0,0,0,0,0,0,0,1,0,4.416666666666667,18.0,45.7501494,3,1,BAGGAGE,UPPER VERTEX,LANG_10,One-Way,apple,Direct,Organic Search,Logged-Out,AREA_C,AREA_B,AREA_C_TO_AREA_B,CA,BO,4_7,mid,unknown_or_oneway,Y,S,0,0.5148060364656958,23.552453080327428
79.0,290.75402479999997,10.239583333333334,4,1,1,2,0,1,1,0,0,2,1,260.25,17.0,24.8414,1,1,BAGGAGE,UPPER APEX,LANG_09,Round-Trip,google,Paid MetaSearches,Paid Search,Logged-Out,AREA_C,AREA_B,AREA_C_TO_AREA_B,CA,BU,61_120,very_high,9_14,Y,O,1,0.9480872159935776,23.551813767382857
48.0,527.4013389,8.760416666666666,4,2,0,2,0,1,0,0,0,2,1,214.0,9.0,29.1102661,2,1,BAGGAGE,LOWER VERTEX,LANG_02,Round-Trip,apple,Direct,Direct,Logged-Out,AREA_B,AREA_C,AREA_B_TO_AREA_C,BU,CA,31_60,very_high,9_14,Y,Q,1,0.8087613302648401,23.54325753539948
91.0,744.539588,32.010416666666664,4,2,0,2,0,1,0,0,0,2,1,774.9166666666666,14.0,33.53589,4,1,BAGGAGE,UPPER APEX,LANG_02,Round-Trip,mozilla,Direct,Direct,Logged-Out,AREA_C,AREA_B,AREA_C_TO_AREA_B,CA,BU,61_120,very_high,30_plus,Y,S,0,0.7017561069055991,23.534015608014414
113.0,143.82913620000002,7.979166666666667,2,2,0,0,0,0,0,0,0,3,1,192.41666666666666,18.0,29.80968,1,0,BAGGAGE,UPPER APEX,LANG_09,Round-Trip,google,Direct,Direct,Logged-Out,AREA_B,AREA_B,AREA_B_TO_AREA_B,BE,BU,61_120,very_high,6_8,Y,O,0,0.7894548345084028,23.533395991148446
107.0,41.862042,6.118055555555555,4,2,0,2,0,1,0,1,1,2,1,150.5,18.0,37.758928,2,1,BAGGAGE,UPPER APEX,LANG_09,Round-Trip,apple,Direct,Organic Search,Logged-In,AREA_C,AREA_C,AREA_C_TO_AREA_C,CA,CA,61_120,mid,6_8,Y,U,0,0.6232352737166212,23.532695827326194
197.0,310.25024080000003,20.979166666666668,3,2,0,1,0,1,0,0,0,2,1,506.6666666666667,20.0,35.4067044,2,1,BAGGAGE,LOWER VERTEX,LANG_02,Round-Trip,google,Paid Search,Paid Search,Logged-Out,AREA_B,AREA_C,AREA_B_TO_AREA_C,BU,CA,120_plus,very_high,15_30,Y,U,0,0.664481115768694,23.527086445404326
57.0,140.6211692,,2,2,0,0,0,0,0,0,1,2,1,-170.0,3.0,45.3107136,2,1,BAGGAGE,UPPER APEX,LANG_09,Round-Trip,google,Direct,Direct,Logged-Out,AREA_C,AREA_B,AREA_C_TO_AREA_B,CA,BU,31_60,very_high,unknown_or_oneway,Y,O,0,0.5192283045402548,23.526605000037065
1.0,116.1331167,50.583333333333336,1,1,0,0,0,0,0,0,0,3,1,1217.25,16.0,34.7402696,2,0,BAGGAGE,LOWER VERTEX,LANG_02,Round-Trip,microsoft,Organic Search,Affiliate,Logged-Out,AREA_B,AREA_B,AREA_B_TO_AREA_B,BU,BE,0_3,very_high,30_plus,Y,W,0,0.6767636125881207,23.510950356781265
152.0,235.51788699999997,19.208333333333332,2,2,0,0,0,0,0,0,0,3,1,461.9166666666667,19.0,29.80968,2,0,BAGGAGE,UPPER APEX,LANG_09,Round-Trip,google,Paid Search,Paid Search,Logged-Out,AREA_B,AREA_B,AREA_B_TO_AREA_B,BE,BU,120_plus,very_high,15_30,Y,U,0,0.7885429584572271,23.506213257863234
5.0,101.1481846,,1,1,0,0,0,0,0,0,0,1,0,14.75,2.0,34.0746914,1,1,BAGGAGE,LOWER VERTEX,LANG_09,One-Way,google,Paid Search,Paid Search,Logged-Out,AREA_B,AREA_C,AREA_B_TO_AREA_C,BU,CA,4_7,high,unknown_or_oneway,Y,S,0,0.6897791591383806,23.50401198179181
174.0,149.3160875,,6,6,0,0,0,0,0,0,0,1,0,2.3333333333333335,11.0,27.702444,1,1,BAGGAGE,SOUTH ZENITH,LANG_07,One-Way,google,Paid Search,Paid Search,Logged-Out,AREA_C,AREA_B,AREA_C_TO_AREA_B,CA,BU,120_plus,very_high,unknown_or_oneway,Y,W,0,0.848382105981659,23.502257781558974
83.0,236.6802932,8.21875,2,1,0,1,0,1,0,0,0,2,1,213.58333333333334,13.0,29.80968,2,0,BAGGAGE,UPPER APEX,LANG_09,Round-Trip,mozilla,Paid Search,Referrals,Logged-Out,AREA_B,AREA_B,AREA_B_TO_AREA_B,BE,BU,61_120,very_high,9_14,Y,U,0,0.7879895994733912,23.48971780362996
6.0,104.5201905,,1,1,0,0,0,0,0,0,0,1,0,14.416666666666666,14.0,31.6492285,3,0,BAGGAGE,NORTH MERIDIAN,LANG_02,One-Way,google,Paid Search,Paid Search,Logged-Out,AREA_B,AREA_C,AREA_B_TO_AREA_C,BI,CI,4_7,very_high,unknown_or_oneway,Y,S,0,0.7420952063743195,23.486740755295493
23.0,219.9303368,57.25347222222222,3,3,0,0,0,0,0,0,0,4,1,1376.25,22.0,30.79477,4,0,BAGGAGE,CENTRAL APEX,LANG_02,Round-Trip,google,Paid Search,Paid Search,Logged-Out,AREA_C,AREA_B,AREA_C_TO_AREA_B,CU,BO,15_30,very_high,30_plus,Y,W,0,0.7621372513383746,23.46984136339744
92.0,375.5916888,14.989583333333334,4,4,0,0,0,0,0,0,0,3,1,360.75,15.0,29.80968,3,0,BAGGAGE,UPPER APEX,LANG_09,Round-Trip,apple,Direct,Organic Search,Logged-Out,AREA_B,AREA_C,AREA_B_TO_AREA_C,BE,CA,61_120,very_high,15_30,Y,O,0,0.7871516500903494,23.464738800665287
212.0,256.7127408,18.03472222222222,2,2,0,0,0,0,0,0,0,2,1,447.4166666666667,20.0,29.80968,2,1,BAGGAGE,UPPER APEX,LANG_09,Round-Trip,google,Direct,Paid Search,Logged-Out,AREA_C,AREA_B,AREA_C_TO_AREA_B,CA,BU,120_plus,very_high,15_30,Y,W,0,0.7867765278873119,23.453556527831843
0.0,145.20569239999998,,1,1,0,0,0,0,0,0,0,1,0,3.0,16.0,37.2621,1,1,BAGGAGE,LOWER VERTEX,LANG_02,One-Way,google,Organic Search,Organic Search,Logged-Out,AREA_C,AREA_B,AREA_C_TO_AREA_B,CA,BU,invalid_or_past,very_high,unknown_or_oneway,Y,K,0,0.6293859778263701,23.45224324436398
1.0,85.4557009,,1,1,0,0,0,0,0,1,0,4,1,14.333333333333334,7.0,37.6282965,3,0,BAGGAGE,UPPER APEX,LANG_09,One-Way,apple,Direct,Direct,Logged-In,AREA_C,AREA_C,AREA_C_TO_AREA_C,CE,CU,0_3,high,unknown_or_oneway,Y,M,0,0.6232022370056735,23.45003855351275
3.0,207.3083358,,2,2,0,0,0,0,0,1,0,2,1,30.083333333333332,10.0,27.8664829,3,0,BAGGAGE,NORTH MERIDIAN,LANG_02,One-Way,google,Paid Search,Organic Search,Logged-In,AREA_B,AREA_C,AREA_B_TO_AREA_C,BI,CU,0_3,very_high,unknown_or_oneway,Y,T,0,0.8414486310665087,23.448213888843274
52.0,277.0578474,,2,2,0,0,0,0,0,1,0,2,1,-169.91666666666666,10.0,44.71452,3,1,BAGGAGE,UPPER APEX,LANG_09,Round-Trip,google,Paid Search,Paid Search,Logged-In,AREA_C,AREA_D,AREA_C_TO_AREA_D,CA,DA,31_60,very_high,unknown_or_oneway,Y,O,0,0.5241449100937384,23.43688806528467
112.0,255.3062036,,2,2,0,0,0,0,0,0,0,2,1,259.8333333333333,12.0,45.3107136,3,1,BAGGAGE,UPPER APEX,LANG_09,Multi-City,microsoft,Paid Search,Paid Search,Logged-Out,AREA_C,AREA_B,AREA_C_TO_AREA_B,CA,BO,61_120,very_high,unknown_or_oneway,Y,U,0,0.5170555984516065,23.428158136717347
27.0,329.9550389,65.69097222222223,2,2,0,0,0,0,0,0,0,4,1,1579.4166666666667,18.0,48.2334328,4,0,BAGGAGE,NEW APEX,LANG_02,Round-Trip,microsoft,Paid Search,Organic Search,Logged-Out,AREA_C,AREA_B,AREA_C_TO_AREA_B,CU,BU,15_30,very_high,30_plus,Y,V,0,0.48567302199078966,23.425677068965676
149.0,236.1025165,10.472222222222221,2,2,0,0,0,0,0,0,0,4,1,253.5,10.0,50.8888928,3,0,BAGGAGE,NEW AURORA,LANG_02,Round-Trip,google,Paid Search,Organic Search,Logged-Out,AREA_C,AREA_B,AREA_C_TO_AREA_B,CU,BU,120_plus,very_high,9_14,Y,O,0,0.46027722047521863,23.422998131045365
33.0,128.4330361,,2,2,0,0,0,0,0,0,0,2,1,7.416666666666667,22.0,36.31984,1,0,BAGGAGE,EAST ZENITH,LANG_08,One-Way,google,MetaSearches,MetaSearches,Logged-Out,AREA_C,AREA_B,AREA_C_TO_AREA_B,CA,BE,31_60,very_high,unknown_or_oneway,Y,W,0,0.644907025891432,23.422919995252666
144.0,120.527903,,2,2,0,0,0,0,0,0,0,4,1,384.5833333333333,11.0,26.34045,1,0,BAGGAGE,UPPER APEX,LANG_09,Multi-City,google,Organic Search,Organic Search,Logged-Out,AREA_D,AREA_B,AREA_D_TO_AREA_B,DA,BU,120_plus,very_high,unknown_or_oneway,Y,O,0,0.8891793051262642,23.421383027713105
,124.5175175,11.006944444444445,2,1,0,1,0,1,0,0,0,2,1,267.5,13.0,23.492255,2,1,BAGGAGE,LOWER VERTEX,LANG_02,Round-Trip,apple,MetaSearches,Organic Search,Logged-Out,AREA_D,AREA_C,AREA_D_TO_AREA_C,DA,CA,MISSING,very_high,9_14,Y,O,1,0.9969533369306312,23.420682014275304
56.0,359.04174850000004,14.319444444444445,5,2,0,3,0,1,0,1,1,2,1,359.8333333333333,13.0,24.8414,1,1,BAGGAGE,UPPER APEX,LANG_09,Round-Trip,apple,Direct,Affiliate,Logged-In,AREA_C,AREA_B,AREA_C_TO_AREA_B,CA,BO,31_60,very_high,15_30,Y,O,1,0.9427411253029503,23.419009390100708
4.0,181.1267851,,1,1,0,0,0,0,0,0,0,2,1,30.5,1.0,32.7126974,1,0,BAGGAGE,NORTH MERIDIAN,LANG_02,One-Way,apple,Organic Search,Organic Search,Logged-Out,AREA_B,AREA_B,AREA_B_TO_AREA_B,BI,BO,4_7,very_high,unknown_or_oneway,Y,S,0,0.7157450420405306,23.413950975822157
90.0,244.2033827,8.302083333333334,3,2,0,1,0,1,0,0,0,2,1,215.5,22.0,26.9520624,2,1,BAGGAGE,UPPER APEX,LANG_09,Round-Trip,google,Paid Search,Email,Logged-Out,AREA_C,AREA_B,AREA_C_TO_AREA_B,CA,BO,61_120,very_high,9_14,Y,O,0,0.8685624724867507,23.409549956761186
134.0,487.7488966,15.78125,3,2,0,1,0,1,0,0,0,2,1,382.0,15.0,29.1004152,2,0,BAGGAGE,LOWER VERTEX,LANG_02,Round-Trip,microsoft,Direct,Email,Logged-Out,AREA_B,AREA_B,AREA_B_TO_AREA_B,BU,BE,120_plus,very_high,15_30,Y,W,0,0.8038057627646756,23.39108143660476
168.0,335.3057908,13.274305555555555,4,4,0,0,0,0,0,0,0,2,1,333.25,14.0,24.8679546,1,0,BAGGAGE,UPPER APEX,LANG_09,Round-Trip,microsoft,MetaSearches,MetaSearches,Logged-Out,AREA_C,AREA_B,AREA_C_TO_AREA_B,CU,BU,120_plus,very_high,9_14,Y,U,0,0.9400525494993689,23.37718412256456
107.0,149.3336478,0.18055555555555555,2,2,0,0,0,0,0,0,0,4,1,8.083333333333334,15.0,48.457862,3,0,BAGGAGE,UPPER HORIZON,LANG_02,Round-Trip,mozilla,MetaSearches,MetaSearches,Logged-Out,AREA_C,AREA_B,AREA_C_TO_AREA_B,CI,BU,61_120,very_high,1_2,Y,L,0,0.48241444269132455,23.376772490743114
72.0,73.7978032,8.274305555555555,3,2,0,0,1,1,0,0,0,4,1,200.5,21.0,35.3039124,2,0,BAGGAGE,UPPER MERIDIAN,LANG_01,Round-Trip,google,Paid Search,Paid Search,Logged-Out,AREA_C,AREA_C,AREA_C_TO_AREA_C,CU,CE,61_120,high,9_14,Y,S,0,0.6618353456392646,23.36537706567232
166.0,797.0191870000001,14.0,5,2,1,2,0,1,1,0,0,2,1,343.25,23.0,24.8414,1,1,BAGGAGE,UPPER APEX,LANG_09,Round-Trip,apple,Direct,Organic Search,Logged-Out,AREA_C,AREA_B,AREA_C_TO_AREA_B,CA,BU,120_plus,very_high,9_14,Y,V,1,0.9402823499006177,23.357929966821203
169.0,333.033231,,2,2,0,0,0,0,0,0,0,2,1,493.6666666666667,21.0,44.71452,4,1,BAGGAGE,UPPER APEX,LANG_09,Multi-City,apple,Affiliate,Affiliate,Logged-Out,AREA_C,AREA_C,AREA_C_TO_AREA_C,CA,CA,120_plus,very_high,unknown_or_oneway,Y,L,0,0.5223361778614976,23.35601147171149
177.0,102.5709972,14.840277777777779,3,1,0,2,0,1,0,0,0,2,1,359.0,16.0,27.428332,2,0,BAGGAGE,GREAT MERIDIAN,LANG_03,Round-Trip,apple,Organic Search,Organic Search,Logged-Out,AREA_B,AREA_B,AREA_B_TO_AREA_B,BO,BE,120_plus,very_high,15_30,Y,W,0,0.8512936160837957,23.34956393142689
75.0,551.2889147999999,14.319444444444445,4,2,1,1,0,1,1,0,0,2,1,359.8333333333333,23.0,24.8414,1,1,BAGGAGE,UPPER APEX,LANG_09,Round-Trip,microsoft,Paid Search,Organic Search,Logged-Out,AREA_C,AREA_B,AREA_C_TO_AREA_B,CA,BO,61_120,very_high,15_30,Y,V,0,0.9399257675616023,23.349071962304787
94.0,408.0444081,,5,4,0,1,0,1,0,0,0,2,1,9.333333333333334,10.0,27.7118666,2,0,BAGGAGE,NORTH MERIDIAN,LANG_02,One-Way,google,MetaSearches,MetaSearches,Logged-Out,AREA_B,AREA_B,AREA_B_TO_AREA_B,BO,BI,61_120,very_high,unknown_or_oneway,Y,W,0,0.8425552202639958,23.348777867089467
51.0,226.8563761,21.37152777777778,3,3,0,0,0,0,0,0,0,2,1,528.8333333333334,11.0,28.6871057,2,1,BAGGAGE,LOWER VERTEX,LANG_02,Round-Trip,apple,Direct,Direct,Logged-Out,AREA_C,AREA_B,AREA_C_TO_AREA_B,CA,BU,31_60,very_high,15_30,Y,O,1,0.8132670303566517,23.330277262166376
180.0,93.981869,6.28125,2,2,0,0,0,0,0,0,0,2,1,164.25,9.0,44.71452,1,1,BAGGAGE,UPPER APEX,LANG_09,Round-Trip,google,MetaSearches,Paid Search,Logged-Out,AREA_C,AREA_B,AREA_C_TO_AREA_B,CA,BU,120_plus,high,6_8,Y,O,0,0.5214980372350412,23.318534415906992
99.0,266.1764576,31.319444444444443,2,2,0,0,0,0,0,0,1,2,1,767.8333333333334,19.0,48.56922,3,1,BAGGAGE,UPPER APEX,LANG_02,Round-Trip,google,Organic Search,Paid Search,Logged-Out,AREA_C,AREA_B,AREA_C_TO_AREA_B,CA,BO,61_120,very_high,30_plus,Y,V,0,0.48006687196072234,23.316473518972156
178.0,342.3556088,,3,2,0,1,0,1,0,1,0,1,0,4.0,14.0,28.2288247,1,0,BAGGAGE,LOWER VERTEX,LANG_02,One-Way,microsoft,Direct,Paid Search,Logged-In,AREA_B,AREA_B,AREA_B_TO_AREA_B,BE,BU,120_plus,very_high,unknown_or_oneway,Y,Q,0,0.825920050321118,23.31475231673002
38.0,345.86038770000005,13.927083333333334,2,1,1,0,0,0,1,0,0,2,1,339.25,23.0,37.2621,1,1,BAGGAGE,UPPER VERTEX,LANG_11,Round-Trip,apple,Direct,Direct,Logged-Out,AREA_C,AREA_C,AREA_C_TO_AREA_C,CA,CA,31_60,very_high,9_14,Y,W,0,0.6255918418586819,23.310865770522387
206.0,224.189352,8.229166666666666,2,2,0,0,0,0,0,1,1,2,1,212.16666666666666,22.0,44.71452,3,1,BAGGAGE,UPPER APEX,LANG_09,Round-Trip,google,Direct,Paid Search,Logged-In,AREA_C,AREA_B,AREA_C_TO_AREA_B,CA,BU,120_plus,very_high,9_14,Y,O,0,0.5212164133622967,23.305941739616685
96.0,345.4479348,14.36111111111111,4,4,0,0,0,0,0,0,0,2,1,359.8333333333333,22.0,24.8414,1,1,BAGGAGE,UPPER APEX,LANG_09,Round-Trip,mozilla,Paid Search,Organic Search,Logged-Out,AREA_C,AREA_B,AREA_C_TO_AREA_B,CA,BO,61_120,very_high,15_30,Y,U,0,0.9381084565081871,23.303927411502478
36.0,104.4319607,4.597222222222222,2,2,0,0,0,0,0,0,0,4,1,112.41666666666667,22.0,50.4944285,1,0,BAGGAGE,LOWER ZENITH,LANG_02,Round-Trip,google,Direct,Paid Search,Logged-Out,AREA_C,AREA_B,AREA_C_TO_AREA_B,CE,BA,31_60,very_high,3_5,Y,V,0,0.4613886498701238,23.2975561915785
201.0,281.7353117,19.875,2,1,1,0,0,0,1,0,0,4,1,480.5,7.0,29.0541588,1,0,BAGGAGE,LOWER VERTEX,LANG_02,Round-Trip,apple,Direct,Paid Search,Logged-Out,AREA_B,AREA_B,AREA_B_TO_AREA_B,BU,BE,120_plus,very_high,15_30,Y,W,0,0.8016882491942146,23.29237770018268
16.0,257.0262564,6.21875,2,2,0,0,0,0,0,0,0,2,1,165.33333333333334,16.0,29.822529,2,0,BAGGAGE,UPPER APEX,LANG_09,Round-Trip,opera,Paid Search,Paid Search,Logged-Out,AREA_B,AREA_B,AREA_B_TO_AREA_B,BE,BU,15_30,very_high,6_8,Y,V,0,0.7809945513313173,23.2912326559202
6.0,156.2888115,,3,1,1,1,0,1,1,0,0,1,0,14.75,12.0,25.8444786,1,1,BAGGAGE,LOWER VERTEX,LANG_02,One-Way,google,MetaSearches,MetaSearches,Logged-Out,AREA_B,AREA_C,AREA_B_TO_AREA_C,BU,CA,4_7,very_high,unknown_or_oneway,Y,L,1,0.9009791263591832,23.285335750236605
24.0,678.3102741,,2,2,0,0,0,0,0,0,0,4,1,-376.25,15.0,32.8574628,2,0,BAGGAGE,NORTH MERIDIAN,LANG_02,Round-Trip,google,Organic Search,Organic Search,Logged-Out,AREA_B,AREA_C,AREA_B_TO_AREA_C,BI,CE,15_30,very_high,unknown_or_oneway,Y,Y,0,0.7085064308929561,23.279723696626075
28.0,62.90913230000001,,2,2,0,0,0,0,0,0,0,2,1,4.75,19.0,45.6936138,1,0,BAGGAGE,NEW MERIDIAN,LANG_10,One-Way,google,Organic Search,Organic Search,Logged-Out,AREA_C,AREA_B,AREA_C_TO_AREA_B,CI,BI,15_30,high,unknown_or_oneway,Y,W,0,0.5093327092337673,23.273252111435458
5.0,70.19408700000001,6.263888888888889,2,1,0,1,0,1,0,0,0,4,1,152.25,20.0,40.43152,2,0,BAGGAGE,SOUTH VERTEX,LANG_02,Round-Trip,mozilla,Direct,Direct,Logged-Out,AREA_C,AREA_B,AREA_C_TO_AREA_B,CU,BI,4_7,high,6_8,Y,W,0,0.5755721515387023,23.271256956380075
207.0,370.5518827,21.302083333333332,3,2,0,1,0,1,0,1,0,2,1,527.5,20.0,26.9520624,2,1,BAGGAGE,UPPER APEX,LANG_09,Round-Trip,apple,Direct,Direct,Logged-In,AREA_C,AREA_B,AREA_C_TO_AREA_B,CA,BO,120_plus,very_high,15_30,Y,V,0,0.8633595931160728,23.269321627303004
18.0,72.0978805,,2,2,0,0,0,0,0,0,0,1,0,1.9166666666666667,21.0,42.967056,3,1,BAGGAGE,CENTRAL MERIDIAN,LANG_02,One-Way,google,Paid Search,Paid Search,Logged-Out,AREA_C,AREA_B,AREA_C_TO_AREA_B,CA,BA,15_30,high,unknown_or_oneway,Y,V,0,0.5411648075818623,23.252258592599098
0.0,219.8134109,9.76388888888889,2,1,0,1,0,1,0,0,0,4,1,238.0,8.0,25.9965251,1,0,BAGGAGE,NORTH MERIDIAN,LANG_02,Round-Trip,apple,Direct,MetaSearches,Logged-Out,AREA_B,AREA_D,AREA_B_TO_AREA_D,BI,DA,invalid_or_past,very_high,9_14,Y,W,1,0.8944076989400587,23.251492195128478
196.0,276.56358919999997,11.21875,2,2,0,0,0,0,0,0,0,2,1,285.5833333333333,17.0,29.80968,2,0,BAGGAGE,UPPER APEX,LANG_09,Round-Trip,mozilla,Paid Search,Paid Search,Logged-Out,AREA_B,AREA_B,AREA_B_TO_AREA_B,BE,BU,120_plus,very_high,9_14,Y,T,1,0.7799692874913196,23.25063486994424
217.0,266.4651318,6.979166666666667,4,2,0,2,0,1,0,0,0,3,1,170.66666666666666,18.0,29.0310306,2,0,BAGGAGE,LOWER VERTEX,LANG_02,Round-Trip,google,MetaSearches,MetaSearches,Logged-Out,AREA_B,AREA_B,AREA_B_TO_AREA_B,BU,BE,120_plus,very_high,6_8,Y,O,0,0.8008019488054642,23.248105880311066
107.0,529.8482167999999,,2,2,0,0,0,0,0,1,0,3,1,7.666666666666667,18.0,45.3107136,3,1,BAGGAGE,UPPER APEX,LANG_09,Round-Trip,apple,Direct,Direct,Logged-In,AREA_C,AREA_B,AREA_C_TO_AREA_B,CA,BU,61_120,very_high,unknown_or_oneway,Y,T,0,0.5121559590437597,23.206151978765124
,209.3581796,9.71875,2,2,0,0,0,0,0,0,0,2,1,238.0,17.0,23.3012332,2,1,BAGGAGE,LOWER VERTEX,LANG_02,Round-Trip,microsoft,MetaSearches,MetaSearches,Logged-Out,AREA_B,AREA_C,AREA_B_TO_AREA_C,BU,CA,MISSING,very_high,9_14,Y,O,1,0.9957781489501402,23.20285886415155
70.0,251.66651020000003,17.21527777777778,2,2,0,0,0,0,0,0,0,2,1,429.25,13.0,33.9830352,2,1,BAGGAGE,UPPER APEX,LANG_02,Round-Trip,google,Direct,Affiliate,Logged-Out,AREA_C,AREA_B,AREA_C_TO_AREA_B,CA,BU,61_120,very_high,15_30,Y,L,0,0.6826758796138621,23.19939844710884
108.0,212.796572,15.996527777777779,2,2,0,0,0,0,0,0,0,2,1,404.5,20.0,42.1858368,3,1,BAGGAGE,UPPER APEX,LANG_09,Round-Trip,google,Paid Search,Email,Logged-Out,AREA_C,AREA_D,AREA_C_TO_AREA_D,CA,DA,61_120,very_high,15_30,Y,O,0,0.5497894887308286,23.193329645954172
14.0,467.51257820000006,16.760416666666668,2,2,0,0,0,0,0,0,0,2,1,406.0,13.0,57.6997194,2,1,BAGGAGE,LOWER VERTEX,LANG_02,Round-Trip,google,Paid Search,Paid MetaSearches,Logged-Out,AREA_B,AREA_C,AREA_B_TO_AREA_C,BU,CA,8_14,very_high,15_30,P,A,0,0.4017208138492795,23.17917823624306
9.0,154.2582412,,3,3,0,0,0,0,0,0,0,1,0,1.0833333333333333,12.0,27.6998742,1,1,BAGGAGE,WEST AURORA,LANG_02,One-Way,google,Paid Search,Paid Search,Logged-Out,AREA_C,AREA_C,AREA_C_TO_AREA_C,CU,CA,8_14,very_high,unknown_or_oneway,Y,V,0,0.8364593985435171,23.16982011306309
137.0,94.1694644,6.986111111111111,7,5,0,2,0,1,0,0,0,2,1,169.33333333333334,19.0,24.8139888,1,1,BAGGAGE,UPPER APEX,LANG_09,Round-Trip,google,Paid Search,Paid Search,Logged-Out,AREA_C,AREA_B,AREA_C_TO_AREA_B,CA,BA,120_plus,high,6_8,Y,O,0,0.933452670100337,23.162684101199858
53.0,577.279872,23.46527777777778,3,3,0,0,0,0,0,1,1,4,1,564.0833333333334,20.0,29.80968,2,0,BAGGAGE,UPPER APEX,LANG_09,Round-Trip,google,Paid Search,Paid Search,Logged-In,AREA_C,AREA_B,AREA_C_TO_AREA_B,CE,BU,31_60,very_high,15_30,Y,S,0,0.7765347516354701,23.14825245513284
25.0,72.1479916,160.13541666666666,2,1,0,1,0,1,0,0,0,2,1,3843.5833333333335,22.0,30.06666,2,1,BAGGAGE,UPPER APEX,LANG_02,Round-Trip,google,Direct,Paid Search,Logged-Out,AREA_C,AREA_B,AREA_C_TO_AREA_B,CA,BU,15_30,high,30_plus,Y,U,0,0.7698305046488616,23.14623204090574
320.0,585.0051191,26.21875,5,2,2,1,0,1,1,0,0,2,1,649.8333333333334,21.0,24.8414,1,1,BAGGAGE,UPPER APEX,LANG_09,Round-Trip,google,MetaSearches,Paid Search,Logged-Out,AREA_C,AREA_D,AREA_C_TO_AREA_D,CA,DA,120_plus,very_high,15_30,Y,S,1,0.9314874025336289,23.13945116129889
79.0,116.6295164,,6,6,0,0,0,0,0,0,0,1,0,3.4166666666666665,13.0,27.548256,2,0,BAGGAGE,GREAT MERIDIAN,LANG_03,One-Way,apple,Paid Search,Paid Search,Logged-Out,AREA_B,AREA_B,AREA_B_TO_AREA_B,BE,BA,61_120,very_high,unknown_or_oneway,Y,U,0,0.8398889505149696,23.137475820357714
170.0,296.2311252,18.05902777777778,2,1,0,1,0,1,0,0,0,3,1,434.3333333333333,16.0,29.80968,2,0,BAGGAGE,UPPER APEX,LANG_09,Round-Trip,microsoft,Direct,Paid Search,Logged-Out,AREA_C,AREA_B,AREA_C_TO_AREA_B,CU,BU,120_plus,very_high,15_30,Y,Q,0,0.7760326423657761,23.133284738478228
129.0,141.8084168,4.142361111111111,4,2,1,1,0,1,1,0,0,2,1,102.0,12.0,30.4675488,4,1,BAGGAGE,UPPER APEX,LANG_09,Round-Trip,microsoft,Direct,Paid Search,Logged-Out,AREA_C,AREA_B,AREA_C_TO_AREA_B,CA,BA,120_plus,very_high,3_5,Y,Q,0,0.7592299005028801,23.131874043990642
154.0,132.0551692,8.125,2,2,0,0,0,0,0,1,0,2,1,209.41666666666666,17.0,33.9830352,2,1,BAGGAGE,UPPER APEX,LANG_09,Round-Trip,mozilla,Paid Search,Organic Social,Logged-In,AREA_C,AREA_B,AREA_C_TO_AREA_B,CA,BU,120_plus,very_high,9_14,Y,O,0,0.6806793023670491,23.131548692250874
217.0,145.6215717,24.78125,2,2,0,0,0,0,0,0,0,2,1,598.0,1.0,29.0541588,2,0,BAGGAGE,LOWER VERTEX,LANG_02,Round-Trip,google,Direct,Paid Search,Logged-Out,AREA_B,AREA_B,AREA_B_TO_AREA_B,BU,BE,120_plus,very_high,15_30,Y,O,1,0.7959795382371951,23.126515905494138
15.0,70.9616006,59.541666666666664,1,1,0,0,0,0,0,0,0,4,1,1432.25,11.0,45.6593498,4,0,BAGGAGE,LOWER VERTEX,LANG_02,Round-Trip,google,MetaSearches,MetaSearches,Logged-Out,AREA_D,AREA_C,AREA_D_TO_AREA_C,DA,CU,15_30,high,30_plus,Y,U,0,0.5064193128621801,23.12277655144992
7.0,132.0037732,17.760416666666668,1,1,0,0,0,0,0,0,0,4,1,431.0,13.0,37.0847838,1,0,BAGGAGE,LOWER VERTEX,LANG_02,Round-Trip,microsoft,MetaSearches,MetaSearches,Logged-Out,AREA_B,AREA_C,AREA_B_TO_AREA_C,BU,CU,4_7,very_high,15_30,Y,W,0,0.6235097349017656,23.12272371602729
25.0,217.7460068,20.006944444444443,2,2,0,0,0,0,0,0,0,4,1,481.0833333333333,20.0,28.78176,2,0,BAGGAGE,UPPER APEX,LANG_02,Round-Trip,apple,Paid Search,Paid Search,Logged-Out,AREA_C,AREA_B,AREA_C_TO_AREA_B,CU,BU,15_30,very_high,15_30,Y,O,0,0.8032859267404888,23.11998275482233
211.0,294.2652282,16.458333333333332,2,2,0,0,0,0,0,0,0,2,1,415.25,19.0,29.80968,2,1,BAGGAGE,UPPER APEX,LANG_09,Round-Trip,mozilla,Paid Search,Paid Search,Logged-Out,AREA_C,AREA_B,AREA_C_TO_AREA_B,CA,BU,120_plus,very_high,15_30,Y,U,0,0.7749628084169559,23.10139333081076
134.0,159.8968107,10.760416666666666,2,2,0,0,0,0,0,1,1,4,1,262.0,12.0,27.7487004,1,0,BAGGAGE,LOWER VERTEX,LANG_02,Round-Trip,google,Direct,Direct,Logged-In,AREA_B,AREA_B,AREA_B_TO_AREA_B,BU,BO,120_plus,very_high,9_14,Y,O,1,0.8324906978150842,23.100534959457708
1.0,198.0086579,,1,1,0,0,0,0,0,0,0,1,0,3.75,10.0,33.3016099,1,1,BAGGAGE,LOWER VERTEX,LANG_02,One-Way,google,Paid Search,Referrals,Logged-Out,AREA_C,AREA_B,AREA_C_TO_AREA_B,CA,BU,0_3,very_high,unknown_or_oneway,Y,E,1,0.693669273175215,23.100303534897545
19.0,117.6647175,,1,1,0,0,0,0,0,0,0,2,1,8.25,17.0,40.4936235,1,0,BAGGAGE,CENTRAL MERIDIAN,LANG_02,One-Way,google,MetaSearches,MetaSearches,Logged-Out,AREA_B,AREA_B,AREA_B_TO_AREA_B,BI,BU,15_30,very_high,unknown_or_oneway,Y,Q,0,0.570375839269969,23.09658448889464
26.0,151.2472922,10.788194444444445,2,1,0,1,0,1,0,0,0,2,1,262.0,8.0,27.826651,2,0,BAGGAGE,LOWER VERTEX,LANG_02,Round-Trip,google,Referrals,Email,Logged-Out,AREA_B,AREA_B,AREA_B_TO_AREA_B,BU,BE,15_30,very_high,9_14,Y,O,0,0.8298377086022912,23.091604303915656
69.0,194.6747707,6.125,2,2,0,0,0,0,0,0,0,4,1,166.33333333333334,16.0,32.2604126,1,0,BAGGAGE,EAST ZENITH,LANG_08,Round-Trip,samsung,MetaSearches,MetaSearches,Logged-Out,AREA_C,AREA_B,AREA_C_TO_AREA_B,CA,BE,61_120,very_high,6_8,Y,L,0,0.7155805666395346,23.084924328333184
74.0,202.7263824,15.274305555555555,2,2,0,0,0,0,0,0,0,2,1,381.25,20.0,26.2325184,1,0,BAGGAGE,UPPER APEX,LANG_09,Round-Trip,google,Paid Search,Paid Search,Logged-Out,AREA_C,AREA_B,AREA_C_TO_AREA_B,CU,BU,61_120,very_high,15_30,Y,W,0,0.8799025706648574,23.082060375173175
58.0,116.1995032,,3,1,0,2,0,1,0,0,0,3,1,144.08333333333334,13.0,26.72592,2,1,BAGGAGE,UPPER APEX,LANG_02,Multi-City,google,Paid Search,Paid Search,Logged-Out,AREA_C,AREA_B,AREA_C_TO_AREA_B,CA,BU,31_60,very_high,unknown_or_oneway,Y,U,1,0.8636022868848309,23.080565631101038
74.0,250.5246624,15.274305555555555,2,2,0,0,0,0,0,0,0,2,1,381.25,20.0,26.2325184,1,0,BAGGAGE,UPPER APEX,LANG_09,Round-Trip,google,Paid Search,Paid Search,Logged-Out,AREA_C,AREA_B,AREA_C_TO_AREA_B,CU,BU,61_120,very_high,15_30,Y,W,0,0.879614629749349,23.074506959808986
210.0,167.5312582,46.72569444444444,2,2,0,0,0,0,0,0,0,3,1,1125.4166666666667,9.0,26.9195116,1,0,BAGGAGE,LOWER VERTEX,LANG_09,Round-Trip,samsung,Direct,Email,Logged-Out,AREA_B,AREA_C,AREA_B_TO_AREA_C,BU,CU,120_plus,very_high,30_plus,Y,W,0,0.8566135494045318,23.059618379912468
200.0,107.4583285,,5,5,0,0,0,0,0,1,0,1,0,3.4166666666666665,12.0,27.548256,2,0,BAGGAGE,UPPER APEX,LANG_02,One-Way,google,Paid Search,Paid Search,Logged-In,AREA_B,AREA_B,AREA_B_TO_AREA_B,BE,BA,120_plus,very_high,unknown_or_oneway,Y,L,0,0.8369350155314327,23.056100063223884
35.0,149.639454,5.097222222222222,4,1,3,0,0,0,1,0,0,2,1,123.91666666666667,23.0,29.29572,1,1,BAGGAGE,UPPER APEX,LANG_09,Round-Trip,apple,Direct,Organic Search,Logged-Out,AREA_C,AREA_D,AREA_C_TO_AREA_D,CA,DA,31_60,very_high,6_8,Y,U,1,0.7869280230917829,23.053623024650406
,360.9780928,11.784722222222221,2,2,0,0,0,0,0,0,0,2,1,286.0,19.0,23.7912084,2,1,BAGGAGE,UPPER APEX,LANG_09,Round-Trip,google,Paid Search,Paid Search,Logged-Out,AREA_B,AREA_C,AREA_B_TO_AREA_C,BU,CA,MISSING,very_high,9_14,P,R,1,0.9689313858204055,23.05204852535407
38.0,115.5780399,5.232638888888889,7,5,1,1,0,1,1,0,0,2,1,126.41666666666667,17.0,24.67008,1,0,BAGGAGE,UPPER APEX,LANG_09,Round-Trip,google,MetaSearches,Organic Search,Logged-Out,AREA_C,AREA_B,AREA_C_TO_AREA_B,CE,BI,31_60,very_high,6_8,Y,O,1,0.9342093615069152,23.047019685124518
3.0,195.8384618,,5,2,0,2,1,1,0,0,0,2,1,10.916666666666666,14.0,24.67008,2,0,BAGGAGE,SOUTH HORIZON,LANG_02,One-Way,apple,MetaSearches,MetaSearches,Logged-Out,AREA_C,AREA_C,AREA_C_TO_AREA_C,CE,CE,0_3,very_high,unknown_or_oneway,Y,U,0,0.9340341165159911,23.04269637717882
241.0,394.8442021,17.23263888888889,4,3,1,0,0,0,1,0,0,4,1,416.0833333333333,16.0,30.45213,3,0,BAGGAGE,NORTH HORIZON,LANG_02,Round-Trip,microsoft,Paid Search,Organic Search,Logged-Out,AREA_C,AREA_D,AREA_C_TO_AREA_D,CU,DA,120_plus,very_high,15_30,Y,T,1,0.7565523061792293,23.038629179569693
136.0,624.7008197,14.57638888888889,3,3,0,0,0,0,0,0,0,2,1,353.3333333333333,17.0,57.6997194,2,1,BAGGAGE,LOWER VERTEX,LANG_02,Round-Trip,google,MetaSearches,MetaSearches,Logged-Out,AREA_B,AREA_C,AREA_B_TO_AREA_C,BU,CA,120_plus,very_high,15_30,P,R,0,0.3992516842455151,23.036710150943623
41.0,367.6137447,10.583333333333334,3,3,0,0,0,0,0,0,0,2,1,258.0,12.0,31.6393776,3,1,BAGGAGE,UPPER APEX,LANG_09,Round-Trip,google,Paid Search,Paid Search,Logged-Out,AREA_C,AREA_B,AREA_C_TO_AREA_B,CA,BO,31_60,very_high,9_14,Y,L,0,0.7279822821029008,23.0329063095634
124.0,246.6896642,7.881944444444445,3,2,0,1,0,1,0,0,0,4,1,191.0,14.0,32.9097154,4,0,BAGGAGE,SOUTH HORIZON,LANG_02,Round-Trip,apple,Direct,Direct,Logged-Out,AREA_C,AREA_C,AREA_C_TO_AREA_C,CA,CE,120_plus,very_high,6_8,Y,V,0,0.6996799785315071,23.02626896455001
0.0,125.8092703,,1,1,0,0,0,0,0,0,0,2,1,26.666666666666668,10.0,31.8381088,1,0,BAGGAGE,NORTH MERIDIAN,LANG_02,One-Way,google,Paid Search,Paid Search,Logged-Out,AREA_B,AREA_C,AREA_B_TO_AREA_C,BI,CE,invalid_or_past,very_high,unknown_or_oneway,Y,W,0,0.7227816600056157,23.012001129903403
52.0,257.32178339999996,15.20486111111111,3,3,0,0,0,0,0,1,0,4,1,365.75,12.0,24.6992044,1,0,BAGGAGE,UPPER APEX,LANG_09,Round-Trip,apple,Direct,Direct,Logged-In,AREA_D,AREA_B,AREA_D_TO_AREA_B,DA,BU,31_60,very_high,15_30,Y,U,0,0.9308788894502039,22.99196796217559
59.0,252.8190655,10.875,3,2,0,1,0,1,0,0,0,2,1,266.0,14.0,26.057772,1,1,BAGGAGE,UPPER APEX,LANG_09,Round-Trip,apple,Direct,Direct,Logged-Out,AREA_C,AREA_C,AREA_C_TO_AREA_C,CA,CA,31_60,very_high,9_14,Y,O,0,0.8819957969342742,22.982845381471616
74.0,235.1332736,9.239583333333334,3,2,0,1,0,1,0,1,0,2,1,236.25,21.0,24.8414,1,1,BAGGAGE,UPPER APEX,LANG_09,Round-Trip,apple,Direct,Direct,Logged-In,AREA_C,AREA_B,AREA_C_TO_AREA_B,CA,BU,61_120,very_high,9_14,Y,O,0,0.9250489390766659,22.97951071517909
4.0,125.66322,,2,2,0,0,0,0,0,0,0,2,1,9.5,,36.31984,1,0,BAGGAGE,EAST ZENITH,LANG_02,One-Way,microsoft,Referrals,Referrals,Logged-Out,AREA_C,AREA_B,AREA_C_TO_AREA_B,CA,BE,4_7,very_high,unknown_or_oneway,Y,W,0,0.6325307244683817,22.973414707775706
14.0,77.5111642,,1,1,0,0,0,0,0,0,0,2,1,13.333333333333334,14.0,32.525102,2,0,BAGGAGE,LOWER VERTEX,LANG_02,One-Way,mozilla,Paid MetaSearches,Paid MetaSearches,Logged-Out,AREA_B,AREA_B,AREA_B_TO_AREA_B,BI,BO,8_14,high,unknown_or_oneway,Y,S,0,0.7062689095163902,22.97146832144936
15.0,246.092614,20.770833333333332,2,2,0,0,0,0,0,0,0,4,1,502.0833333333333,22.0,55.97881,4,0,BAGGAGE,LOWER VERTEX,LANG_02,Round-Trip,apple,Paid Search,Paid Search,Logged-Out,AREA_D,AREA_C,AREA_D_TO_AREA_C,DA,CU,15_30,very_high,15_30,Y,W,0,0.4101981765220108,22.962405785872104
,53.0972076,11.71875,1,1,0,0,0,0,0,0,0,2,1,285.0,14.0,23.1461886,1,1,BAGGAGE,LOWER VERTEX,LANG_02,Round-Trip,google,Paid Search,Referrals,Logged-Out,AREA_B,AREA_C,AREA_B_TO_AREA_C,BU,CA,MISSING,mid,9_14,Y,W,1,0.9919441391689806,22.95972612586987
65.0,142.12664370000002,25.05902777777778,2,2,0,0,0,0,0,0,0,3,1,602.3333333333334,21.0,45.3552568,1,0,BAGGAGE,LOWER VERTEX,LANG_02,Round-Trip,apple,Direct,Direct,Logged-Out,AREA_C,AREA_B,AREA_C_TO_AREA_B,CU,BU,61_120,very_high,15_30,Y,O,0,0.5061796761383672,22.95790919819648
30.0,129.2420948,8.041666666666666,2,2,0,0,0,0,0,0,0,2,1,198.08333333333334,11.0,33.458796,1,1,BAGGAGE,SOUTH MERIDIAN,LANG_02,Round-Trip,microsoft,Direct,Direct,Logged-Out,AREA_C,AREA_B,AREA_C_TO_AREA_B,CA,BO,15_30,very_high,9_14,Y,K,0,0.6861527722992262,22.95784563319426
25.0,119.9942412,6.125,3,3,0,0,0,0,0,1,1,2,1,149.08333333333334,12.0,30.4675488,3,1,BAGGAGE,UPPER APEX,LANG_09,Round-Trip,google,Email,Paid Search,Logged-In,AREA_C,AREA_C,AREA_C_TO_AREA_C,CA,CI,15_30,very_high,6_8,Y,S,1,0.7532132342794752,22.94856097221574
176.0,425.1173026999999,20.78125,3,2,0,1,0,1,0,0,0,2,1,502.0,12.0,29.0541588,2,0,BAGGAGE,LOWER VERTEX,LANG_02,Round-Trip,google,Direct,Direct,Logged-Out,AREA_B,AREA_B,AREA_B_TO_AREA_B,BU,BE,120_plus,very_high,15_30,Y,W,0,0.7897882041507894,22.946631901763855
59.0,193.2733731,34.763888888888886,2,2,0,0,0,0,0,0,0,2,1,838.0,20.0,47.695488,1,1,BAGGAGE,NORTH MERIDIAN,LANG_02,Round-Trip,apple,Direct,Direct,Logged-Out,AREA_B,AREA_C,AREA_B_TO_AREA_C,BI,CA,31_60,very_high,30_plus,Y,O,0,0.4810265884131897,22.942797875342226
0.0,55.33336189999999,18.760416666666668,1,1,0,0,0,0,0,1,0,4,1,454.0,9.0,43.9504328,1,0,BAGGAGE,LOWER VERTEX,LANG_02,Round-Trip,mozilla,MetaSearches,Organic Search,Logged-In,AREA_B,AREA_B,AREA_B_TO_AREA_B,BU,BE,invalid_or_past,high,15_30,Y,L,0,0.5219950529334099,22.941908495882274
9.0,462.7755801999999,,9,9,0,0,0,0,0,0,0,1,0,1.0833333333333333,12.0,27.6998742,1,1,BAGGAGE,WEST AURORA,LANG_02,One-Way,google,Paid Search,Paid Search,Logged-Out,AREA_C,AREA_C,AREA_C_TO_AREA_C,CU,CA,8_14,very_high,unknown_or_oneway,Y,V,1,0.8281245903299813,22.93894697406702
247.0,267.2253643,14.48611111111111,4,2,0,2,0,1,0,0,0,4,1,349.75,22.0,24.2580554,1,0,BAGGAGE,LOWER ZENITH,LANG_02,Round-Trip,google,Direct,MetaSearches,Logged-Out,AREA_C,AREA_B,AREA_C_TO_AREA_B,CE,BU,120_plus,very_high,15_30,Y,L,1,0.9452383401103784,22.929644020601604
4.0,145.3320409,,1,1,0,0,0,0,0,0,0,1,0,3.6666666666666665,13.0,38.9350398,1,1,BAGGAGE,UPPER APEX,LANG_02,One-Way,google,Paid Search,Organic Search,Logged-Out,AREA_C,AREA_B,AREA_C_TO_AREA_B,CA,BI,4_7,very_high,unknown_or_oneway,Y,K,0,0.588855331396641,22.927105764370406
152.0,258.82640130000004,7.229166666666667,3,2,1,0,0,0,1,0,0,2,1,188.16666666666666,19.0,29.80968,3,1,BAGGAGE,UPPER APEX,LANG_02,Round-Trip,google,Direct,Direct,Logged-Out,AREA_C,AREA_B,AREA_C_TO_AREA_B,CA,BU,120_plus,very_high,6_8,Y,O,1,0.7688751830574813,22.91992316688494
231.0,477.3780404,9.88888888888889,2,2,0,0,0,0,0,0,0,2,1,244.58333333333334,20.0,42.1858368,3,1,BAGGAGE,UPPER APEX,LANG_09,Round-Trip,google,Organic Search,Organic Search,Logged-Out,AREA_C,AREA_B,AREA_C_TO_AREA_B,CA,BU,120_plus,very_high,9_14,Y,S,0,0.5431763739769441,22.91434986620713
26.0,131.8572946,12.972222222222221,2,2,0,0,0,0,0,0,0,3,1,313.0,13.0,27.75384,2,1,BAGGAGE,UPPER APEX,LANG_09,Round-Trip,microsoft,MetaSearches,MetaSearches,Logged-Out,AREA_C,AREA_B,AREA_C_TO_AREA_B,CA,BU,15_30,very_high,9_14,Y,O,0,0.8256097845715553,22.913841863433415
0.0,101.1854467,,2,2,0,0,0,0,0,0,0,1,0,2.25,12.0,30.3334909,1,1,BAGGAGE,LOWER VERTEX,LANG_02,One-Way,apple,Paid Search,Paid Search,Logged-Out,AREA_C,AREA_C,AREA_C_TO_AREA_C,CE,CA,invalid_or_past,high,unknown_or_oneway,Y,Q,1,0.7551624362447791,22.906712887852837
166.0,187.1131342,8.21875,2,2,0,0,0,0,0,0,0,2,1,213.58333333333334,11.0,29.80968,2,0,BAGGAGE,UPPER APEX,LANG_09,Round-Trip,google,Paid Search,Paid Search,Logged-Out,AREA_B,AREA_B,AREA_B_TO_AREA_B,BE,BU,120_plus,very_high,9_14,Y,O,1,0.7682863912641303,22.902371471938523
38.0,151.1445002,6.21875,2,2,0,0,0,0,0,1,0,2,1,165.16666666666666,15.0,36.1763595,2,1,BAGGAGE,UPPER APEX,LANG_09,Round-Trip,google,Paid Search,Referrals,Logged-In,AREA_C,AREA_B,AREA_C_TO_AREA_B,CA,BU,31_60,very_high,6_8,Y,O,0,0.6329775522852684,22.898823486901914
0.0,220.086238,83.41666666666667,2,2,0,0,0,0,0,0,0,2,1,2013.8333333333333,9.0,30.906128,3,1,BAGGAGE,UPPER APEX,LANG_02,Round-Trip,google,Paid Search,Paid Search,Logged-Out,AREA_B,AREA_C,AREA_B_TO_AREA_C,BO,CA,invalid_or_past,very_high,30_plus,Y,T,0,0.7407562693538472,22.89390807745248
1.0,163.8144708,17.38888888888889,2,2,0,0,0,0,0,0,0,2,1,429.1666666666667,14.0,30.906128,3,1,BAGGAGE,UPPER APEX,LANG_09,Round-Trip,microsoft,Direct,Paid Search,Logged-Out,AREA_B,AREA_C,AREA_B_TO_AREA_C,BO,CA,0_3,very_high,15_30,Y,L,0,0.7405512475745203,22.88757164809781
112.0,320.8506658,,2,2,0,0,0,0,0,1,1,2,1,426.3333333333333,23.0,37.5601968,3,1,BAGGAGE,UPPER APEX,LANG_09,Multi-City,google,Direct,Direct,Logged-In,AREA_C,AREA_B,AREA_C_TO_AREA_B,CA,BU,61_120,very_high,unknown_or_oneway,Y,W,0,0.6092105387961736,22.882067729818317
63.0,391.9150584,8.4375,4,2,1,1,0,1,1,0,0,2,1,206.25,18.0,25.903584,1,1,BAGGAGE,UPPER APEX,LANG_09,Round-Trip,apple,Direct,Direct,Logged-Out,AREA_C,AREA_C,AREA_C_TO_AREA_C,CA,CE,61_120,very_high,9_14,Y,S,0,0.8831266489218876,22.876145332986624
108.0,939.5184517,17.875,6,5,1,0,0,0,1,1,0,4,1,431.0833333333333,13.0,30.32364,3,0,BAGGAGE,WEST APEX,LANG_02,Round-Trip,google,Paid Search,Paid Search,Logged-In,AREA_B,AREA_B,AREA_B_TO_AREA_B,BE,BU,61_120,very_high,15_30,Y,V,0,0.7542752195771204,22.87237021937755
122.0,141.1758177,18.51736111111111,3,2,0,1,0,1,0,0,0,2,1,446.75,10.0,30.4675488,4,1,BAGGAGE,UPPER VERTEX,LANG_10,Round-Trip,apple,Direct,Direct,Logged-Out,AREA_C,AREA_C,AREA_C_TO_AREA_C,CA,CU,120_plus,very_high,15_30,Y,L,0,0.7507079678113425,22.87223164384091
64.0,209.7702042,16.319444444444443,2,1,1,0,0,0,1,0,0,4,1,392.6666666666667,17.0,67.07178,3,0,BAGGAGE,UPPER APEX,LANG_09,Round-Trip,apple,Direct,Direct,Logged-Out,AREA_B,AREA_B,AREA_B_TO_AREA_B,BE,BO,61_120,very_high,15_30,Y,L,0,0.34100413336273255,22.87175421199586
57.0,257.32264,2.736111111111111,5,5,0,0,0,0,0,0,0,2,1,70.41666666666667,18.0,32.25099,1,1,BAGGAGE,NEW HORIZON,LANG_02,Round-Trip,google,Paid Search,Paid Search,Logged-Out,AREA_C,AREA_C,AREA_C_TO_AREA_C,CE,CA,31_60,very_high,3_5,Y,V,0,0.7091647065531655,22.87126385939908
131.0,203.99929,12.42361111111111,2,2,0,0,0,0,0,0,0,2,1,312.8333333333333,15.0,30.58062,2,1,BAGGAGE,UPPER APEX,LANG_09,Round-Trip,apple,Direct,Direct,Logged-Out,AREA_C,AREA_B,AREA_C_TO_AREA_B,CA,BU,120_plus,very_high,9_14,Y,O,0,0.7474723023143833,22.858166437601277
13.0,170.5846089,,1,1,0,0,0,0,0,0,0,4,1,382.0833333333333,16.0,38.4733324,2,1,BAGGAGE,LOWER VERTEX,LANG_02,Multi-City,apple,Direct,Organic Search,Logged-Out,AREA_B,AREA_C,AREA_B_TO_AREA_C,BU,CA,8_14,very_high,unknown_or_oneway,Y,T,0,0.5940622867138629,22.855555823046547
93.0,170.4899546,6.229166666666667,2,2,0,0,0,0,0,0,0,2,1,164.16666666666666,21.0,31.248768,1,1,BAGGAGE,UPPER APEX,LANG_02,Round-Trip,google,Direct,Paid Search,Logged-Out,AREA_C,AREA_B,AREA_C_TO_AREA_B,CA,BU,61_120,very_high,6_8,Y,L,0,0.7313562683735619,22.853982355751175
238.0,119.23186719999998,21.979166666666668,2,2,0,0,0,0,0,0,0,3,1,530.6666666666666,13.0,29.0156118,2,0,BAGGAGE,LOWER VERTEX,LANG_02,Round-Trip,google,Paid Search,Paid Search,Logged-Out,AREA_B,AREA_B,AREA_B_TO_AREA_B,BU,BE,120_plus,very_high,15_30,Y,O,0,0.7874521668105265,22.84840638324308
202.0,358.85372479999995,14.78125,3,1,2,0,0,0,1,0,0,2,1,358.0,11.0,29.1655168,2,0,BAGGAGE,LOWER VERTEX,LANG_02,Round-Trip,apple,Paid Search,Paid Search,Logged-Out,AREA_B,AREA_B,AREA_B_TO_AREA_B,BU,BE,120_plus,very_high,15_30,Y,L,0,0.7833444723497968,22.846646368505134
56.0,43.6403436,,4,3,0,1,0,1,0,0,0,1,0,1.0833333333333333,17.0,37.621872,1,1,BAGGAGE,UPPER APEX,LANG_09,One-Way,apple,Paid Search,Paid Search,Logged-Out,AREA_C,AREA_C,AREA_C_TO_AREA_C,CE,CA,31_60,mid,unknown_or_oneway,Y,U,0,0.6072670202497665,22.846522105658128
76.0,255.6946717,13.739583333333334,5,3,0,2,0,1,0,0,0,4,1,332.9166666666667,22.0,29.0233212,2,0,BAGGAGE,LOWER VERTEX,LANG_02,Round-Trip,google,MetaSearches,MetaSearches,Logged-Out,AREA_B,AREA_B,AREA_B_TO_AREA_B,BU,BE,61_120,very_high,9_14,Y,O,0,0.7871036822048095,22.84436298633291
,69.7238136,154.20138888888889,1,1,0,0,0,0,0,1,1,2,1,3704.3333333333335,15.0,23.436576,4,1,BAGGAGE,UPPER APEX,LANG_02,Round-Trip,apple,Direct,Direct,Logged-In,AREA_C,AREA_B,AREA_C_TO_AREA_B,CA,BA,MISSING,high,30_plus,Y,S,1,0.9744535992037816,22.837855836212967
,110.9159944,3.3993055555555554,2,2,0,0,0,0,0,0,0,4,1,83.66666666666667,16.0,23.0545324,4,0,BAGGAGE,CENTRAL APEX,LANG_02,Round-Trip,google,Paid Search,Paid Search,Logged-Out,AREA_C,AREA_B,AREA_C_TO_AREA_B,CU,BI,MISSING,very_high,3_5,Y,Q,1,0.9904916400623618,22.835321607746856
98.0,139.4793214,11.072916666666666,2,2,0,0,0,0,0,0,0,4,1,266.5833333333333,23.0,25.1947475,1,0,BAGGAGE,UPPER APEX,LANG_09,Round-Trip,google,Paid MetaSearches,Paid MetaSearches,Logged-Out,AREA_D,AREA_B,AREA_D_TO_AREA_B,DA,BU,61_120,very_high,9_14,Y,O,0,0.9062427303109892,22.83255676389597
32.0,296.8487338,8.809027777777779,2,2,0,0,0,0,0,0,0,5,1,212.83333333333334,19.0,41.8564741,3,1,BAGGAGE,UPPER APEX,LANG_09,Round-Trip,apple,Paid MetaSearches,Paid MetaSearches,Logged-Out,AREA_C,AREA_B,AREA_C_TO_AREA_B,CA,BU,31_60,very_high,9_14,Y,W,0,0.5448587690072656,22.805866953110495
124.0,172.8760139,30.979166666666668,2,2,0,0,0,0,0,0,0,4,1,746.6666666666666,16.0,29.1355358,2,0,BAGGAGE,LOWER VERTEX,LANG_02,Round-Trip,google,Paid Search,Paid Search,Logged-Out,AREA_B,AREA_B,AREA_B_TO_AREA_B,BU,BE,120_plus,very_high,30_plus,Y,L,0,0.7827396866921905,22.8055401637011
20.0,55.823765400000006,,3,3,0,0,0,0,0,1,0,2,1,2.8333333333333335,13.0,33.7980096,2,0,BAGGAGE,UPPER APEX,LANG_09,One-Way,google,Direct,Email,Logged-In,AREA_C,AREA_B,AREA_C_TO_AREA_B,CI,BE,15_30,high,unknown_or_oneway,Y,W,1,0.6747032690085052,22.80362756310084
21.0,191.5721655,10.770833333333334,2,2,0,0,0,0,0,1,0,2,1,262.25,6.0,27.7170062,1,1,BAGGAGE,LOWER VERTEX,LANG_09,Round-Trip,apple,Direct,Direct,Logged-In,AREA_B,AREA_C,AREA_B_TO_AREA_C,BU,CA,15_30,very_high,9_14,Y,W,0,0.8227022924605203,22.802844540882454
102.0,318.83637089999996,11.402777777777779,2,2,0,0,0,0,0,0,0,4,1,278.5,20.0,48.3619228,2,0,BAGGAGE,NEW HORIZON,LANG_02,Round-Trip,google,Direct,Paid Search,Logged-Out,AREA_C,AREA_B,AREA_C_TO_AREA_B,CE,BU,61_120,very_high,9_14,Y,T,0,0.4714377604250335,22.799636574680367
97.0,379.0005285,8.253472222222221,5,4,0,1,0,1,0,1,0,2,1,213.25,20.0,24.2195084,1,1,BAGGAGE,UPPER APEX,LANG_09,Round-Trip,apple,Paid Search,Email,Logged-In,AREA_C,AREA_B,AREA_C_TO_AREA_B,CA,BO,61_120,very_high,9_14,Y,O,0,0.9410556925526102,22.79190625064576
53.0,270.432903,5.729166666666667,4,3,0,1,0,1,0,0,0,4,1,140.25,19.0,27.5602484,2,0,BAGGAGE,NEW MERIDIAN,LANG_02,Round-Trip,apple,Direct,Direct,Logged-Out,AREA_C,AREA_C,AREA_C_TO_AREA_C,CI,CE,31_60,very_high,6_8,Y,L,0,0.826768325728346,22.785940426325325
198.0,295.5736847,20.78125,2,2,0,0,0,0,0,0,0,2,1,502.0,11.0,33.8832413,2,0,BAGGAGE,LOWER VERTEX,LANG_02,Round-Trip,apple,MetaSearches,MetaSearches,Logged-Out,AREA_B,AREA_B,AREA_B_TO_AREA_B,BU,BE,120_plus,very_high,15_30,Y,L,0,0.6721886295928657,22.775929535611393
9.0,299.2082385,6.125,2,2,0,0,0,0,0,1,0,3,1,166.33333333333334,1.0,28.8061731,1,1,BAGGAGE,EAST ZENITH,LANG_08,Round-Trip,microsoft,Organic Search,Organic Search,Logged-In,AREA_C,AREA_C,AREA_C_TO_AREA_C,CA,CA,8_14,very_high,6_8,Y,T,0,0.790461471671793,22.770169981858416
3.0,243.3887561,,1,1,0,0,0,0,0,1,0,2,1,31.25,12.0,32.1075095,2,0,BAGGAGE,LOWER VERTEX,LANG_02,One-Way,apple,Direct,Direct,Logged-In,AREA_D,AREA_C,AREA_D_TO_AREA_C,DA,CU,0_3,very_high,unknown_or_oneway,P,A,0,0.7091371977421344,22.768629313308956
0.0,99.9853501,126.78125,1,1,0,0,0,0,0,0,0,2,1,3045.9166666666665,16.0,37.1670174,1,1,BAGGAGE,UPPER VERTEX,LANG_10,Round-Trip,google,Email,Email,Logged-Out,AREA_B,AREA_C,AREA_B_TO_AREA_C,BU,CA,invalid_or_past,high,30_plus,Y,W,0,0.6125521348512262,22.76673585442267
11.0,595.9854462,,2,2,0,0,0,0,0,0,0,4,1,-316.1666666666667,18.0,31.086014,1,0,BAGGAGE,UPPER APEX,LANG_09,Round-Trip,apple,Direct,Direct,Logged-Out,AREA_B,AREA_B,AREA_B_TO_AREA_B,BE,BU,8_14,very_high,unknown_or_oneway,Y,Q,0,0.732372245830088,22.766533887085554
13.0,157.3505672,,3,2,0,0,1,1,0,1,0,2,1,13.333333333333334,13.0,27.6536178,2,0,BAGGAGE,OLD HORIZON,LANG_02,One-Way,apple,Direct,Direct,Logged-In,AREA_B,AREA_B,AREA_B_TO_AREA_B,BO,BI,8_14,very_high,unknown_or_oneway,Y,L,0,0.8232705483803181,22.766409090905725
22.0,95.3477177,,1,1,0,0,0,0,0,0,0,2,1,22.833333333333332,13.0,45.0481657,1,0,BAGGAGE,NEW APEX,LANG_02,One-Way,samsung,Direct,Organic Search,Logged-Out,AREA_C,AREA_C,AREA_C_TO_AREA_C,CU,CA,15_30,high,unknown_or_oneway,Y,T,1,0.5053084137837381,22.763217153734
132.0,133.107074,,5,5,0,0,0,0,0,0,0,1,0,3.4166666666666665,10.0,27.548256,2,0,BAGGAGE,UPPER APEX,LANG_09,One-Way,apple,Paid Search,Organic Search,Logged-Out,AREA_B,AREA_B,AREA_B_TO_AREA_B,BE,BA,120_plus,very_high,unknown_or_oneway,Y,V,0,0.8261812582341633,22.75985280423684
62.0,149.3379308,13.46875,2,2,0,0,0,0,0,0,0,2,1,338.4166666666667,21.0,29.80968,2,1,BAGGAGE,UPPER APEX,LANG_09,Round-Trip,google,Organic Search,Paid Search,Logged-Out,AREA_C,AREA_B,AREA_C_TO_AREA_B,CA,BO,61_120,very_high,9_14,Y,O,0,0.7634859285346871,22.759271214121892
58.0,71.32394239999999,7.121527777777778,4,2,0,2,0,1,0,0,0,2,1,172.75,18.0,30.4675488,4,1,BAGGAGE,UPPER APEX,LANG_09,Round-Trip,google,Paid Search,Paid Search,Logged-Out,AREA_C,AREA_C,AREA_C_TO_AREA_C,CA,CA,31_60,high,6_8,Y,O,0,0.7469475815686181,22.757661892483853
111.0,58.0753385,15.385416666666666,3,2,0,1,0,1,0,0,1,2,1,371.75,19.0,28.52478,1,1,BAGGAGE,UPPER APEX,LANG_09,Round-Trip,google,Direct,Direct,Logged-Out,AREA_C,AREA_C,AREA_C_TO_AREA_C,CE,CA,61_120,high,15_30,Y,O,1,0.7977938782322346,22.75689486192128
231.0,224.8078172,23.21875,2,2,0,0,0,0,0,1,0,2,1,573.5833333333334,16.0,29.8799212,2,0,BAGGAGE,UPPER APEX,LANG_09,Round-Trip,google,Display,Paid Search,Logged-In,AREA_B,AREA_B,AREA_B_TO_AREA_B,BE,BU,120_plus,very_high,15_30,Y,V,0,0.7615088264217692,22.75382372658694
49.0,134.5941316,20.9375,3,2,0,1,0,1,0,0,0,2,1,503.5,15.0,25.4632916,1,0,BAGGAGE,SOUTH HORIZON,LANG_02,Round-Trip,microsoft,Direct,Paid Search,Logged-Out,AREA_C,AREA_C,AREA_C_TO_AREA_C,CO,CE,31_60,very_high,15_30,Y,T,0,0.8934677198582389,22.75062908593745
128.0,143.467651,6.270833333333333,2,2,0,0,0,0,0,0,0,2,1,165.16666666666666,9.0,29.80968,1,0,BAGGAGE,UPPER APEX,LANG_09,Round-Trip,microsoft,Direct,Paid MetaSearches,Logged-Out,AREA_B,AREA_B,AREA_B_TO_AREA_B,BE,BU,120_plus,very_high,6_8,Y,O,1,0.7631234409875298,22.748465576337146
51.0,170.63086529999998,16.288194444444443,2,2,0,0,0,0,0,0,0,2,1,404.0833333333333,9.0,29.80968,2,1,BAGGAGE,LOWER VERTEX,LANG_02,Round-Trip,google,Paid Search,Paid Search,Logged-Out,AREA_C,AREA_B,AREA_C_TO_AREA_B,CA,BU,31_60,very_high,15_30,Y,O,0,0.7630760437928403,22.74705268113056
86.0,76.3971559,122.24305555555556,1,1,0,0,0,0,0,1,0,4,1,2935.1666666666665,16.0,36.3703794,1,0,BAGGAGE,UPPER HORIZON,LANG_05,Round-Trip,google,Direct,Paid Search,Logged-In,AREA_C,AREA_B,AREA_C_TO_AREA_B,CI,BO,61_120,high,30_plus,Y,L,0,0.6252791028947887,22.741638203175103
86.0,76.3971559,122.24305555555556,1,1,0,0,0,0,0,0,0,4,1,2935.1666666666665,15.0,36.3703794,1,0,BAGGAGE,UPPER HORIZON,LANG_05,Round-Trip,google,Direct,Paid Search,Logged-Out,AREA_C,AREA_B,AREA_C_TO_AREA_B,CI,BO,61_120,high,30_plus,Y,L,0,0.6252767467546376,22.741552509463887
39.0,406.4772584,9.777777777777779,2,2,0,0,0,0,0,0,0,4,1,239.33333333333334,17.0,32.8574628,1,0,BAGGAGE,NORTH MERIDIAN,LANG_02,Round-Trip,google,MetaSearches,MetaSearches,Logged-Out,AREA_B,AREA_C,AREA_B_TO_AREA_C,BI,CE,31_60,very_high,9_14,Y,E,0,0.6918332690212158,22.73188590066699
171.0,230.7517646,,2,1,1,0,0,0,1,0,0,4,1,362.0,14.0,27.8729074,1,0,BAGGAGE,NEW HORIZON,LANG_02,Multi-City,google,Direct,Organic Search,Logged-Out,AREA_C,AREA_B,AREA_C_TO_AREA_B,CE,BO,120_plus,very_high,unknown_or_oneway,Y,T,0,0.8155404836771193,22.731484382483558
55.0,184.55447,20.239583333333332,2,2,0,0,0,0,0,0,0,2,1,500.25,15.0,48.56922,3,1,BAGGAGE,LOWER VERTEX,LANG_02,Round-Trip,google,Direct,Direct,Logged-Out,AREA_C,AREA_B,AREA_C_TO_AREA_B,CA,BU,31_60,very_high,15_30,Y,O,0,0.46779191661070196,22.72028851208684
46.0,183.744983,,2,2,0,0,0,0,0,0,0,4,1,317.75,15.0,29.80968,2,0,BAGGAGE,UPPER APEX,LANG_09,Multi-City,microsoft,Direct,Organic Search,Logged-Out,AREA_C,AREA_B,AREA_C_TO_AREA_B,CA,BI,31_60,very_high,unknown_or_oneway,Y,O,0,0.7621406314774626,22.71916833934109
6.0,590.2368036,,9,9,0,0,0,0,0,0,0,1,0,1.25,9.0,27.8634848,1,1,BAGGAGE,LOWER VERTEX,LANG_02,One-Way,google,Paid Search,Paid Search,Logged-Out,AREA_C,AREA_B,AREA_C_TO_AREA_B,CA,BI,4_7,very_high,unknown_or_oneway,Y,H,0,0.8150864684613126,22.711149424657464
51.0,188.6871367,45.78125,2,2,0,0,0,0,0,1,0,4,1,1102.0833333333333,14.0,28.8995425,2,0,BAGGAGE,LOWER VERTEX,LANG_02,Round-Trip,apple,Direct,Direct,Logged-In,AREA_B,AREA_B,AREA_B_TO_AREA_B,BU,BO,31_60,very_high,30_plus,Y,U,0,0.7854928294819084,22.70038340905766
55.0,341.1782121,6.684027777777778,3,2,1,0,0,0,1,0,0,2,1,165.75,14.0,27.75384,1,0,BAGGAGE,UPPER APEX,LANG_09,Round-Trip,google,Paid Search,Paid Search,Logged-Out,AREA_B,AREA_C,AREA_B_TO_AREA_C,BE,CA,31_60,very_high,6_8,Y,L,1,0.817579191587904,22.690962070660035
37.0,239.942226,7.239583333333333,2,2,0,0,0,0,0,0,0,2,1,188.25,21.0,44.71452,3,1,BAGGAGE,UPPER APEX,LANG_09,Round-Trip,apple,Direct,MetaSearches,Logged-Out,AREA_C,AREA_B,AREA_C_TO_AREA_B,CA,BU,31_60,very_high,6_8,Y,O,0,0.5072988814996248,22.683625982792602
210.0,194.679482,,9,9,0,0,0,0,0,1,0,1,0,3.4166666666666665,20.0,27.548256,1,0,BAGGAGE,GREAT MERIDIAN,LANG_03,One-Way,google,Paid Search,Paid Search,Logged-In,AREA_B,AREA_B,AREA_B_TO_AREA_B,BE,BA,120_plus,very_high,unknown_or_oneway,Y,L,0,0.823277852241842,22.679869032688437
71.0,248.0910618,17.229166666666668,2,1,1,0,0,0,1,0,0,2,1,428.1666666666667,19.0,45.3107136,2,1,BAGGAGE,UPPER APEX,LANG_09,Round-Trip,opera,Paid Search,Paid Search,Logged-Out,AREA_C,AREA_B,AREA_C_TO_AREA_B,CA,BU,61_120,very_high,15_30,Y,U,0,0.5005335498596577,22.67953232488227
40.0,282.03940470000003,17.125,3,2,0,1,0,1,0,1,0,2,1,430.3333333333333,11.0,31.086014,3,1,BAGGAGE,EAST ZENITH,LANG_08,Round-Trip,samsung,Direct,Direct,Logged-In,AREA_C,AREA_C,AREA_C_TO_AREA_C,CA,CA,31_60,very_high,15_30,Y,W,0,0.7295093073231438,22.67753654057755
59.0,402.6384055,9.211805555555555,5,2,0,3,0,1,0,1,0,2,1,237.25,9.0,24.8414,1,1,BAGGAGE,UPPER APEX,LANG_09,Round-Trip,apple,Direct,Direct,Logged-In,AREA_C,AREA_B,AREA_C_TO_AREA_B,CA,BO,31_60,very_high,9_14,Y,O,0,0.9127455537326526,22.67387739849432
5.0,156.509386,,1,1,0,0,0,0,0,0,0,1,0,6.666666666666667,20.0,39.31794,1,1,BAGGAGE,UPPER APEX,LANG_09,One-Way,apple,MetaSearches,MetaSearches,Logged-Out,AREA_B,AREA_C,AREA_B_TO_AREA_C,BU,CA,4_7,very_high,unknown_or_oneway,Y,K,0,0.576558517323274,22.669093190605448
203.0,175.5588851,17.78125,2,2,0,0,0,0,0,1,0,2,1,430.0,11.0,29.0233212,2,0,BAGGAGE,LOWER VERTEX,LANG_02,Round-Trip,google,Direct,Organic Search,Logged-In,AREA_B,AREA_B,AREA_B_TO_AREA_B,BU,BE,120_plus,very_high,15_30,Y,U,0,0.7808760552076968,22.663616567681917
6.0,626.3703331,13.760416666666666,2,2,0,0,0,0,0,0,0,2,1,334.0,9.0,27.4309018,1,1,BAGGAGE,LOWER VERTEX,LANG_02,Round-Trip,apple,MetaSearches,MetaSearches,Logged-Out,AREA_B,AREA_C,AREA_B_TO_AREA_C,BU,CA,4_7,very_high,9_14,Y,K,1,0.8260112096400943,22.658232377336642
267.0,271.0385192,10.875,5,2,0,3,0,1,0,0,0,3,1,264.5,11.0,25.5343894,2,0,BAGGAGE,LOWER VERTEX,LANG_02,Round-Trip,google,MetaSearches,Organic Search,Logged-Out,AREA_B,AREA_B,AREA_B_TO_AREA_B,BU,BE,120_plus,very_high,9_14,Y,O,0,0.8873518070261877,22.65798657540033
4.0,201.3661016,17.22222222222222,1,1,0,0,0,0,0,1,0,3,1,431.6666666666667,13.0,34.8109391,1,0,BAGGAGE,EAST ZENITH,LANG_08,Round-Trip,microsoft,Organic Search,Organic Search,Logged-In,AREA_C,AREA_B,AREA_C_TO_AREA_B,CA,BE,4_7,very_high,15_30,Y,Q,1,0.6507853785797936,22.65445018091164
179.0,176.9127414,8.118055555555555,3,2,0,1,0,1,0,1,0,4,1,196.16666666666666,16.0,24.3805492,1,0,BAGGAGE,UPPER HORIZON,LANG_05,Round-Trip,microsoft,Paid Search,Paid Search,Logged-In,AREA_C,AREA_B,AREA_C_TO_AREA_B,CI,BU,120_plus,very_high,9_14,Y,W,1,0.9291812580113591,22.653949376663835
16.0,75.1216785,,1,1,0,0,0,0,0,0,0,3,1,429.0,8.0,49.233085,1,1,BAGGAGE,LOWER VERTEX,LANG_02,Multi-City,google,Direct,Direct,Logged-Out,AREA_B,AREA_C,AREA_B_TO_AREA_C,BU,CA,15_30,high,unknown_or_oneway,Y,W,0,0.4601185132374476,22.653053872292887
44.0,326.2708023,,2,2,0,0,0,0,0,0,0,2,1,7.666666666666667,12.0,32.5246737,1,0,BAGGAGE,WEST AURORA,LANG_02,One-Way,google,Organic Search,Organic Search,Logged-Out,AREA_C,AREA_D,AREA_C_TO_AREA_D,CU,DA,31_60,very_high,unknown_or_oneway,Y,Q,0,0.6962743777566471,22.646096942205485
53.0,260.7893002,26.23611111111111,2,2,0,0,0,0,0,0,0,2,1,644.0833333333334,22.0,27.959424,1,1,BAGGAGE,UPPER APEX,LANG_09,Round-Trip,mozilla,Direct,Direct,Logged-Out,AREA_C,AREA_B,AREA_C_TO_AREA_B,CA,BI,31_60,very_high,15_30,Y,S,0,0.8098738735309278,22.643607016573586
,174.2555682,15.409722222222221,2,2,0,0,0,0,0,1,1,2,1,385.9166666666667,23.0,22.6553568,2,1,BAGGAGE,UPPER APEX,LANG_09,Round-Trip,google,Organic Search,Organic Search,Logged-In,AREA_C,AREA_B,AREA_C_TO_AREA_B,CA,BU,MISSING,very_high,15_30,Y,L,1,0.9977679948170783,22.60478992620146
3.0,67.7669109,,1,1,0,0,0,0,0,0,0,2,1,10.666666666666666,20.0,34.426754,3,0,BAGGAGE,OLD ZENITH,LANG_02,One-Way,apple,Direct,Direct,Logged-Out,AREA_C,AREA_B,AREA_C_TO_AREA_B,CE,BA,0_3,high,unknown_or_oneway,Y,S,1,0.6564864961685992,22.60069910791831
76.0,472.0996712,11.319444444444445,4,2,0,2,0,1,0,0,0,2,1,287.8333333333333,8.0,24.28461,1,1,BAGGAGE,UPPER APEX,LANG_09,Round-Trip,google,Paid Search,Organic Search,Logged-Out,AREA_C,AREA_B,AREA_C_TO_AREA_B,CA,BO,61_120,very_high,9_14,Y,U,1,0.9306433319501549,22.60031036551005
33.0,281.0110564,,2,2,0,0,0,0,0,1,0,1,0,4.666666666666667,14.0,44.71452,4,1,BAGGAGE,NORTH MERIDIAN,LANG_02,Round-Trip,microsoft,Paid Search,Paid Search,Logged-In,AREA_C,AREA_B,AREA_C_TO_AREA_B,CA,BI,31_60,very_high,unknown_or_oneway,Y,V,0,0.5054037262196818,22.598885024124485
186.0,405.1645189,21.270833333333332,4,2,1,1,0,1,1,0,0,4,1,513.4166666666666,10.0,29.5471321,3,0,BAGGAGE,NEW APEX,LANG_02,Round-Trip,google,MetaSearches,Paid Search,Logged-Out,AREA_C,AREA_B,AREA_C_TO_AREA_B,CU,BO,120_plus,very_high,15_30,Y,L,0,0.7647816565769538,22.597104634536088
21.0,224.1670804,16.73611111111111,3,2,1,0,0,0,1,0,0,7,1,402.75,17.0,24.5360221,1,0,BAGGAGE,LOWER VERTEX,LANG_02,Round-Trip,google,Paid Search,Paid Search,Logged-Out,AREA_D,AREA_B,AREA_D_TO_AREA_B,DA,BE,15_30,very_high,15_30,Y,L,0,0.9209229833560547,22.59578667202209
0.0,631.1784289,,1,1,0,0,0,0,0,1,0,1,0,20.583333333333332,11.0,43.5289856,1,1,BAGGAGE,LOWER VERTEX,LANG_02,One-Way,apple,Direct,Direct,Logged-In,AREA_D,AREA_C,AREA_D_TO_AREA_C,DA,CA,invalid_or_past,very_high,unknown_or_oneway,C,D,0,0.5190791578618245,22.594989187827483
,154.3130636,13.118055555555555,2,1,0,1,0,1,0,1,0,2,1,329.4166666666667,19.0,22.6553568,2,1,BAGGAGE,UPPER APEX,LANG_09,Round-Trip,google,Paid Search,Organic Search,Logged-In,AREA_C,AREA_B,AREA_C_TO_AREA_B,CA,BU,MISSING,very_high,9_14,Y,O,1,0.9971558892607657,22.590922456423936
187.0,1473.8698146999998,13.61111111111111,5,3,1,1,0,1,1,1,0,4,1,327.9166666666667,11.0,25.6928604,1,0,BAGGAGE,UPPER MERIDIAN,LANG_02,Round-Trip,google,MetaSearches,Organic Search,Logged-In,AREA_B,AREA_B,AREA_B_TO_AREA_B,BU,BU,120_plus,very_high,9_14,Y,M,1,0.879224496837515,22.589792257506517
,171.1906534,9.197916666666666,2,2,0,0,0,0,0,0,0,4,1,221.66666666666666,21.0,22.6553568,2,0,BAGGAGE,UPPER APEX,LANG_09,Round-Trip,google,Paid Search,Paid Search,Logged-Out,AREA_C,AREA_B,AREA_C_TO_AREA_B,CA,BU,MISSING,very_high,9_14,Y,U,1,0.997087057588672,22.58936305033351
,188.199303,,2,2,0,0,0,0,0,0,0,2,1,361.8333333333333,12.0,22.6553568,2,1,BAGGAGE,UPPER APEX,LANG_02,Multi-City,apple,Direct,Direct,Logged-Out,AREA_C,AREA_B,AREA_C_TO_AREA_B,CA,BU,MISSING,very_high,unknown_or_oneway,Y,O,1,0.9970659454161045,22.58888474653117
,204.067818,8.42361111111111,2,2,0,0,0,0,0,0,0,2,1,216.83333333333334,20.0,22.6553568,2,1,BAGGAGE,UPPER APEX,LANG_09,Round-Trip,apple,Paid Search,Paid Search,Logged-Out,AREA_C,AREA_B,AREA_C_TO_AREA_B,CA,BU,MISSING,very_high,9_14,Y,O,1,0.9970192368988005,22.58782654840605
,132.0551692,13.215277777777779,2,2,0,0,0,0,0,1,0,2,1,333.25,9.0,22.6553568,2,1,BAGGAGE,UPPER APEX,LANG_09,Round-Trip,google,Direct,Paid Search,Logged-In,AREA_C,AREA_B,AREA_C_TO_AREA_B,CA,BU,MISSING,very_high,9_14,Y,O,1,0.9970188813368073,22.58781849302223
97.0,337.6644389,11.36111111111111,4,2,1,1,0,1,1,0,0,4,1,273.9166666666667,19.0,24.3736964,1,0,BAGGAGE,UPPER HORIZON,LANG_05,Round-Trip,mozilla,Organic Search,Organic Search,Logged-Out,AREA_C,AREA_B,AREA_C_TO_AREA_B,CI,BO,61_120,very_high,9_14,Y,S,0,0.92671239575371,22.587406584217575
61.0,457.7533344,170.22222222222223,4,1,0,3,0,1,0,0,0,3,1,4100.0,10.0,24.8414,1,0,BAGGAGE,UPPER APEX,LANG_02,Round-Trip,apple,MetaSearches,MetaSearches,Logged-Out,AREA_B,AREA_B,AREA_B_TO_AREA_B,BE,BU,61_120,very_high,30_plus,Y,S,1,0.9090695318741532,22.58255986909859
231.0,343.41094,20.006944444444443,2,2,0,0,0,0,0,1,0,2,1,483.5,20.0,47.4676324,1,1,BAGGAGE,LOWER VERTEX,LANG_02,Round-Trip,samsung,Direct,Direct,Logged-In,AREA_D,AREA_C,AREA_D_TO_AREA_C,DA,CA,120_plus,very_high,15_30,Y,O,1,0.47571894885541915,22.581252189983438
13.0,70.08829689999999,25.350694444444443,1,1,0,0,0,0,0,0,0,3,1,624.5,16.0,78.6975552,2,0,BAGGAGE,LOWER VERTEX,LANG_02,Round-Trip,apple,Direct,Paid Search,Logged-Out,AREA_B,AREA_B,AREA_B_TO_AREA_B,BE,BU,8_14,high,15_30,Y,O,0,0.2867418018936128,22.565878782670058
125.0,323.3853452,16.01388888888889,4,2,0,2,0,1,0,0,0,4,1,388.0833333333333,9.0,24.1321352,1,0,BAGGAGE,SOUTH HORIZON,LANG_02,Round-Trip,other,MetaSearches,MetaSearches,Logged-Out,AREA_B,AREA_B,AREA_B_TO_AREA_B,BA,BO,120_plus,very_high,15_30,Y,L,0,0.9350078262039878,22.563735275012736
22.0,106.4424009,,1,1,0,0,0,0,0,1,1,1,0,20.583333333333332,14.0,43.5289856,1,1,BAGGAGE,UPPER APEX,LANG_02,One-Way,google,Email,Email,Logged-In,AREA_D,AREA_C,AREA_D_TO_AREA_C,DA,CA,15_30,very_high,unknown_or_oneway,Y,V,0,0.5181100744970984,22.552805971999124
174.0,243.14162699999997,7.184027777777778,5,5,0,0,0,0,0,0,0,2,1,175.75,20.0,26.72592,2,0,BAGGAGE,UPPER APEX,LANG_09,Round-Trip,apple,Direct,Direct,Logged-Out,AREA_B,AREA_B,AREA_B_TO_AREA_B,BE,BA,120_plus,very_high,6_8,Y,Q,1,0.8438089198600535,22.5515696874662
77.0,345.158404,8.239583333333334,4,4,0,0,0,0,0,0,0,2,1,212.25,12.0,24.28461,1,1,BAGGAGE,UPPER APEX,LANG_09,Round-Trip,google,Paid Search,Paid Search,Logged-Out,AREA_C,AREA_B,AREA_C_TO_AREA_B,CA,BU,61_120,very_high,9_14,Y,U,0,0.9286253754362416,22.551305078572707
3.0,108.107203,,2,2,0,0,0,0,0,0,0,1,0,1.9166666666666667,17.0,29.3762404,3,1,BAGGAGE,SOUTH HORIZON,LANG_02,One-Way,microsoft,MetaSearches,MetaSearches,Logged-Out,AREA_C,AREA_C,AREA_C_TO_AREA_C,CA,CA,0_3,very_high,unknown_or_oneway,Y,H,0,0.7673102305023598,22.540689792616735
,212.6702235,21.23263888888889,2,2,0,0,0,0,0,0,0,4,1,510.9166666666667,13.0,22.6831963,3,0,BAGGAGE,UPPER MERIDIAN,LANG_02,Round-Trip,google,Organic Search,Organic Search,Logged-Out,AREA_B,AREA_B,AREA_B_TO_AREA_B,BU,BO,MISSING,very_high,15_30,Y,L,1,0.993298948772508,22.531195039590443
,195.343347,66.99305555555556,2,1,0,1,0,1,0,1,1,2,1,1628.4166666666667,12.0,22.652787,2,1,BAGGAGE,UPPER VERTEX,LANG_11,Round-Trip,google,Organic Search,Organic Search,Logged-In,AREA_C,AREA_D,AREA_C_TO_AREA_D,CA,DA,MISSING,very_high,30_plus,Y,O,1,0.9943850207452567,22.52559207093288
113.0,392.1390593,13.322916666666666,5,2,1,2,0,1,1,0,0,2,1,336.0,9.0,24.1150032,1,1,BAGGAGE,LOWER ZENITH,LANG_02,Round-Trip,mozilla,Organic Search,MetaSearches,Logged-Out,AREA_C,AREA_B,AREA_C_TO_AREA_B,CA,BO,61_120,very_high,9_14,Y,O,1,0.9339069465682222,22.521169004994906
142.0,300.4764348,16.552083333333332,2,2,0,0,0,0,0,0,0,4,1,400.5,20.0,79.479631,4,0,BAGGAGE,LOWER VERTEX,LANG_02,Round-Trip,apple,MetaSearches,MetaSearches,Logged-Out,AREA_D,AREA_C,AREA_D_TO_AREA_C,DA,CU,120_plus,very_high,15_30,Y,V,0,0.2833336057196198,22.51925043249487
35.0,223.4406836,6.28125,2,2,0,0,0,0,0,0,0,2,1,164.25,21.0,28.1684344,1,1,BAGGAGE,UPPER APEX,LANG_09,Round-Trip,google,Paid Search,Paid Search,Logged-Out,AREA_C,AREA_B,AREA_C_TO_AREA_B,CA,BU,31_60,very_high,6_8,Y,V,0,0.7994295311100706,22.518678304496785
12.0,53.8921324,,1,1,0,0,0,0,0,0,0,2,1,9.083333333333334,5.0,36.7751229,1,0,BAGGAGE,EAST ZENITH,LANG_02,One-Way,google,Organic Search,Organic Search,Logged-Out,AREA_C,AREA_B,AREA_C_TO_AREA_B,CA,BU,8_14,mid,unknown_or_oneway,Y,W,0,0.6122578187071552,22.515856529441553
2.0,149.1135016,2.7083333333333335,2,2,0,0,0,0,0,0,0,4,1,65.83333333333333,7.0,35.2782144,2,0,BAGGAGE,UPPER APEX,LANG_09,Round-Trip,mozilla,Organic Search,Paid Search,Logged-Out,AREA_D,AREA_B,AREA_D_TO_AREA_B,DA,BA,0_3,very_high,3_5,Y,V,0,0.6381437374187422,22.51257158667569
12.0,134.11100919999998,28.25347222222222,2,2,0,0,0,0,0,0,0,4,1,679.4166666666666,14.0,24.3805492,1,0,BAGGAGE,UPPER HORIZON,LANG_05,Round-Trip,google,Paid Search,Paid Search,Logged-Out,AREA_C,AREA_B,AREA_C_TO_AREA_B,CI,BU,8_14,very_high,15_30,Y,W,0,0.9232922461702595,22.510372033732523
143.0,589.7348360000001,13.0,4,4,0,0,0,0,0,0,0,2,1,319.25,23.0,29.80968,3,1,BAGGAGE,UPPER APEX,LANG_09,Round-Trip,google,Paid Search,Affiliate,Logged-Out,AREA_C,AREA_B,AREA_C_TO_AREA_B,CA,BU,120_plus,very_high,9_14,Y,W,1,0.7550919096199107,22.50904819635846
153.0,132.0551692,10.229166666666666,2,2,0,0,0,0,0,1,0,2,1,259.9166666666667,7.0,33.9830352,2,1,BAGGAGE,UPPER APEX,LANG_09,Round-Trip,google,Direct,Direct,Logged-In,AREA_C,AREA_B,AREA_C_TO_AREA_B,CA,BU,120_plus,very_high,9_14,Y,O,1,0.662346399083089,22.508540994633865
28.0,107.9041888,3.5034722222222223,4,4,0,0,0,0,0,0,0,2,1,86.25,22.0,30.10949,3,1,BAGGAGE,UPPER APEX,LANG_09,Round-Trip,google,Paid Search,Paid Search,Logged-Out,AREA_C,AREA_C,AREA_C_TO_AREA_C,CA,CI,15_30,very_high,3_5,Y,W,0,0.7473760721236161,22.503112369845297
192.0,256.67033910000004,,3,3,0,0,0,0,0,0,0,2,1,307.0833333333333,20.0,24.2871798,1,1,BAGGAGE,UPPER APEX,LANG_09,Multi-City,google,Paid Search,Organic Search,Logged-Out,AREA_C,AREA_B,AREA_C_TO_AREA_B,CA,BU,120_plus,very_high,unknown_or_oneway,Y,U,0,0.9263817295114376,22.499199628079253
31.0,269.90737889999997,26.21527777777778,2,2,0,0,0,0,0,1,1,4,1,630.5,18.0,34.5419667,2,0,BAGGAGE,UPPER MERIDIAN,LANG_02,Round-Trip,google,Paid Search,Paid Search,Logged-In,AREA_B,AREA_B,AREA_B_TO_AREA_B,BU,BO,31_60,very_high,15_30,Y,Y,0,0.6513310088351956,22.498254017862735
11.0,61.8829255,3.8020833333333335,3,1,1,1,0,1,1,0,0,2,1,92.41666666666667,21.0,40.47435,3,1,BAGGAGE,UPPER MERIDIAN,LANG_01,Round-Trip,apple,Direct,Direct,Logged-Out,AREA_C,AREA_C,AREA_C_TO_AREA_C,CE,CA,8_14,high,3_5,Y,V,0,0.5558476139241558,22.497570872631158
116.0,176.2437368,12.024305555555555,2,2,0,0,0,0,0,0,0,2,1,304.9166666666667,15.0,29.80968,2,0,BAGGAGE,UPPER APEX,LANG_02,Round-Trip,google,Direct,Email,Logged-Out,AREA_B,AREA_B,AREA_B_TO_AREA_B,BE,BU,61_120,very_high,9_14,Y,O,0,0.7546061856154197,22.494568919216263
0.0,155.8095438,,1,1,0,0,0,0,0,0,0,2,1,8.75,19.0,39.754806,1,1,BAGGAGE,UPPER VERTEX,LANG_11,One-Way,apple,Direct,Direct,Logged-Out,AREA_C,AREA_B,AREA_C_TO_AREA_B,CA,BU,invalid_or_past,very_high,unknown_or_oneway,Y,H,0,0.5658033701212482,22.49340321331642
68.0,153.9554331,12.319444444444445,2,2,0,0,0,0,0,1,0,2,1,311.8333333333333,21.0,48.7850832,3,1,BAGGAGE,UPPER APEX,LANG_09,Round-Trip,other,Direct,Direct,Logged-In,AREA_C,AREA_B,AREA_C_TO_AREA_B,CA,BO,61_120,very_high,9_14,Y,O,0,0.46104061571969757,22.491904796464674
128.0,212.107009,20.322916666666668,2,2,0,0,0,0,0,1,0,2,1,504.0,19.0,44.71452,3,1,BAGGAGE,UPPER APEX,LANG_09,Round-Trip,apple,Direct,Direct,Logged-In,AREA_C,AREA_B,AREA_C_TO_AREA_B,CA,BO,120_plus,very_high,15_30,Y,O,0,0.502907322678428,22.48725953805102
4.0,161.9547922,,1,1,0,0,0,0,0,0,0,2,1,9.0,19.0,41.4988436,1,0,BAGGAGE,LOWER VERTEX,LANG_02,One-Way,google,Direct,Paid MetaSearches,Logged-Out,AREA_C,AREA_B,AREA_C_TO_AREA_B,CE,BO,4_7,very_high,unknown_or_oneway,Y,M,0,0.541776741315419,22.48310825396623
71.0,219.9517518,28.24652777777778,3,1,0,2,0,1,0,0,0,2,1,692.0833333333334,12.0,24.2554856,1,1,BAGGAGE,UPPER APEX,LANG_09,Round-Trip,mozilla,Direct,Email,Logged-Out,AREA_C,AREA_B,AREA_C_TO_AREA_B,CA,BU,61_120,very_high,15_30,Y,O,0,0.9265568798730185,22.47408705734093
12.0,218.827036,6.986111111111111,4,2,1,1,0,1,1,1,0,4,1,168.91666666666666,21.0,25.1857532,2,0,BAGGAGE,UPPER MERIDIAN,LANG_01,Round-Trip,apple,Direct,Direct,Logged-In,AREA_B,AREA_C,AREA_B_TO_AREA_C,BI,CE,8_14,very_high,6_8,Y,W,0,0.8922577854595691,22.472184375363256
149.0,293.4531714,13.958333333333334,2,2,0,0,0,0,0,0,0,2,1,340.9166666666667,10.0,46.0559556,3,1,BAGGAGE,UPPER APEX,LANG_09,Round-Trip,apple,Direct,Direct,Logged-Out,AREA_C,AREA_C,AREA_C_TO_AREA_C,CA,CA,120_plus,very_high,9_14,Y,L,0,0.487848022270707,22.46830685324749
7.0,27.0891184,,1,1,0,0,0,0,0,0,0,1,0,3.0833333333333335,12.0,73.384922,1,1,BAGGAGE,NEW HORIZON,LANG_02,One-Way,apple,Paid Search,Organic Search,Logged-Out,AREA_C,AREA_C,AREA_C_TO_AREA_C,CE,CA,4_7,low,unknown_or_oneway,Y,V,0,0.3060477802660226,22.459292483095208
25.0,303.9756458,,4,4,0,0,0,0,0,0,0,4,1,225.91666666666666,23.0,24.276044,1,0,BAGGAGE,UPPER HORIZON,LANG_05,Multi-City,mozilla,Direct,Organic Search,Logged-Out,AREA_C,AREA_B,AREA_C_TO_AREA_B,CI,BU,15_30,very_high,unknown_or_oneway,Y,L,0,0.9250015133988514,22.455377439337106
103.0,435.78282929999995,11.479166666666666,3,3,0,0,0,0,0,1,0,4,1,276.4166666666667,21.0,29.80968,2,0,BAGGAGE,UPPER APEX,LANG_09,Round-Trip,apple,Direct,Direct,Logged-In,AREA_C,AREA_C,AREA_C_TO_AREA_C,CE,CA,61_120,very_high,9_14,Y,W,0,0.7532423003870514,22.45391193700188
18.0,90.7584832,3.388888888888889,2,2,0,0,0,0,0,0,0,4,1,84.0,11.0,48.0976617,2,0,BAGGAGE,NEW MERIDIAN,LANG_02,Round-Trip,google,Direct,Direct,Logged-Out,AREA_C,AREA_C,AREA_C_TO_AREA_C,CI,CU,15_30,high,3_5,Y,S,0,0.4665879768377368,22.4417906632289
292.0,103.9861004,8.42013888888889,2,2,0,0,0,0,0,0,0,2,1,206.91666666666666,16.0,32.5824942,1,1,BAGGAGE,NEW HORIZON,LANG_02,Round-Trip,google,Paid Search,Paid Search,Logged-Out,AREA_C,AREA_C,AREA_C_TO_AREA_C,CE,CA,120_plus,very_high,9_14,Y,S,0,0.6884888972107454,22.432685500133505
1.0,86.1392677,,1,1,0,0,0,0,0,0,0,2,1,11.166666666666666,18.0,28.7115188,2,0,BAGGAGE,NORTH HORIZON,LANG_04,One-Way,samsung,MetaSearches,MetaSearches,Logged-Out,AREA_B,AREA_B,AREA_B_TO_AREA_B,BI,BU,0_3,high,unknown_or_oneway,Y,S,0,0.7810872914278673,22.42620245227229
166.0,644.2758429,15.010416666666666,5,5,0,0,0,0,0,0,0,4,1,363.1666666666667,9.0,31.634238,3,0,BAGGAGE,NORTH ZENITH,LANG_02,Round-Trip,apple,Affiliate,Affiliate,Logged-Out,AREA_C,AREA_B,AREA_C_TO_AREA_B,CU,BI,120_plus,very_high,15_30,Y,Q,0,0.7087893403671687,22.42201068503802
6.0,198.7466188,3.236111111111111,2,2,0,0,0,0,0,0,0,4,1,79.41666666666667,10.0,47.1609696,5,0,BAGGAGE,UPPER MERIDIAN,LANG_01,Round-Trip,mozilla,Paid Search,Paid Search,Logged-Out,AREA_B,AREA_C,AREA_B_TO_AREA_C,BI,CE,4_7,very_high,3_5,Y,T,1,0.4754281543940887,22.421652736363725
1.0,501.5118888,7.791666666666667,3,2,0,1,0,1,0,0,0,4,1,190.0,12.0,26.4278232,2,0,BAGGAGE,LOWER VERTEX,LANG_02,Round-Trip,microsoft,Direct,Direct,Logged-Out,AREA_B,AREA_B,AREA_B_TO_AREA_B,BU,BE,0_3,very_high,6_8,Y,L,1,0.8482441555352015,22.417246572917605
,443.8370108,17.0,2,2,0,0,0,0,0,0,0,2,1,415.25,18.0,22.6553568,3,1,BAGGAGE,UPPER APEX,LANG_09,Round-Trip,apple,Direct,Direct,Logged-Out,AREA_C,AREA_B,AREA_C_TO_AREA_B,CA,BU,MISSING,very_high,15_30,Y,V,1,0.9894602386393553,22.41657474578774
61.0,200.2263953,,2,2,0,0,0,0,0,0,0,4,1,343.8333333333333,22.0,46.1056384,2,0,BAGGAGE,LOWER VERTEX,LANG_02,Multi-City,mozilla,MetaSearches,MetaSearches,Logged-Out,AREA_C,AREA_B,AREA_C_TO_AREA_B,CE,BU,61_120,very_high,unknown_or_oneway,Y,V,0,0.4861696284044213,22.415161088276616
78.0,542.8496916,23.76388888888889,3,2,0,1,0,1,0,1,0,4,1,574.0,16.0,32.9011494,3,0,BAGGAGE,NORTH MERIDIAN,LANG_02,Round-Trip,apple,Direct,Direct,Logged-In,AREA_B,AREA_B,AREA_B_TO_AREA_B,BI,BO,61_120,very_high,15_30,Y,U,0,0.6810644837724338,22.40780433163072
12.0,74.6038638,5.041666666666667,3,2,0,1,0,1,0,0,0,4,1,123.5,14.0,28.5920231,2,0,BAGGAGE,UPPER HORIZON,LANG_02,Round-Trip,google,Direct,Direct,Logged-Out,AREA_B,AREA_B,AREA_B_TO_AREA_B,BE,BE,8_14,high,6_8,Y,L,1,0.783579826861832,22.4041325103275
83.0,519.6533919,7.829861111111111,3,2,0,1,0,1,0,0,0,2,1,193.83333333333334,19.0,31.248768,3,1,BAGGAGE,UPPER APEX,LANG_09,Round-Trip,apple,Direct,Direct,Logged-Out,AREA_C,AREA_C,AREA_C_TO_AREA_C,CA,CA,61_120,very_high,6_8,Y,L,0,0.7168175277195197,22.399664622040838
0.0,333.058929,,2,2,0,0,0,0,0,0,0,2,1,9.25,19.0,27.7435608,1,0,BAGGAGE,NEW HORIZON,LANG_02,One-Way,apple,Direct,Paid Search,Logged-Out,AREA_C,AREA_B,AREA_C_TO_AREA_B,CE,BU,invalid_or_past,very_high,unknown_or_oneway,Y,H,0,0.8073681532545743,22.399267447802004
99.0,109.9052064,16.78125,2,2,0,0,0,0,0,0,0,3,1,406.0,14.0,29.0233212,2,0,BAGGAGE,LOWER VERTEX,LANG_02,Round-Trip,microsoft,Paid Search,Organic Search,Logged-Out,AREA_B,AREA_B,AREA_B_TO_AREA_B,BU,BE,61_120,very_high,15_30,Y,O,0,0.7717313542173195,22.398206973560242
7.0,466.6645442,11.01388888888889,4,2,0,2,0,1,0,1,0,2,1,267.8333333333333,14.0,24.6165425,1,1,BAGGAGE,LOWER VERTEX,LANG_02,Round-Trip,apple,Direct,Direct,Logged-In,AREA_B,AREA_C,AREA_B_TO_AREA_C,BU,CA,4_7,very_high,9_14,Y,O,0,0.9096972841813292,22.39360185818427
101.0,554.90548,8.010416666666666,3,2,0,1,0,1,0,0,0,2,1,198.91666666666666,11.0,24.8414,1,1,BAGGAGE,UPPER APEX,LANG_09,Round-Trip,google,Email,Email,Logged-Out,AREA_C,AREA_B,AREA_C_TO_AREA_B,CA,BU,61_120,very_high,9_14,Y,Q,1,0.9014540371669693,22.39338031887955
105.0,229.4283176,23.21875,2,2,0,0,0,0,0,0,0,2,1,573.5833333333334,21.0,29.80968,2,0,BAGGAGE,UPPER APEX,LANG_02,Round-Trip,apple,Direct,MetaSearches,Logged-Out,AREA_B,AREA_B,AREA_B_TO_AREA_B,BE,BU,61_120,very_high,15_30,Y,U,0,0.7504773037694791,22.371488272630966
,100.2354773,18.19097222222222,1,1,0,0,0,0,0,0,0,2,1,456.8333333333333,19.0,22.6553568,2,1,BAGGAGE,UPPER APEX,LANG_09,Round-Trip,google,Paid Search,Paid Search,Logged-Out,AREA_C,AREA_B,AREA_C_TO_AREA_B,CA,BU,MISSING,high,15_30,Y,O,1,0.9872423271578287,22.366327169822938
98.0,309.5264138,13.64236111111111,2,2,0,0,0,0,0,0,0,2,1,333.3333333333333,22.0,35.154864,2,0,BAGGAGE,UPPER APEX,LANG_09,Round-Trip,google,Direct,Direct,Logged-Out,AREA_B,AREA_C,AREA_B_TO_AREA_C,BE,CA,61_120,very_high,9_14,Y,L,0,0.6359138336515621,22.35546433773929
99.0,289.4245816,18.21875,4,2,1,1,0,1,1,0,0,2,1,453.1666666666667,17.0,24.2409234,2,1,BAGGAGE,UPPER APEX,LANG_09,Round-Trip,mozilla,Organic Search,Organic Search,Logged-Out,AREA_C,AREA_B,AREA_C_TO_AREA_B,CA,BU,61_120,very_high,15_30,Y,U,0,0.9217456551096772,22.343965819796505
26.0,82.3595202,5.013888888888889,3,3,0,0,0,0,0,1,0,2,1,122.25,19.0,30.0885033,1,1,BAGGAGE,UPPER MERIDIAN,LANG_01,Round-Trip,apple,Direct,Direct,Logged-In,AREA_B,AREA_C,AREA_B_TO_AREA_C,BA,CA,15_30,high,6_8,Y,W,0,0.7424225536793467,22.33838345637545
127.0,215.3243986,20.23263888888889,3,2,0,1,0,1,0,0,0,4,1,487.6666666666667,22.0,24.1586898,1,0,BAGGAGE,LOWER ZENITH,LANG_02,Round-Trip,apple,Paid Search,Paid Search,Logged-Out,AREA_C,AREA_B,AREA_C_TO_AREA_B,CE,BO,120_plus,very_high,15_30,Y,L,0,0.9246261432540887,22.337756175845893
213.0,109.6473698,13.979166666666666,2,2,0,0,0,0,0,0,0,3,1,338.6666666666667,8.0,29.0233212,2,0,BAGGAGE,LOWER VERTEX,LANG_02,Round-Trip,google,Direct,Organic Search,Logged-Out,AREA_B,AREA_B,AREA_B_TO_AREA_B,BU,BE,120_plus,very_high,9_14,Y,O,0,0.7695337345028449,22.33442475071159
48.0,186.2565342,12.427083333333334,2,2,0,0,0,0,0,0,0,2,1,314.4166666666667,16.0,42.1858368,3,1,BAGGAGE,UPPER APEX,LANG_09,Round-Trip,opera,Paid Search,Affiliate,Logged-Out,AREA_C,AREA_B,AREA_C_TO_AREA_B,CA,BO,31_60,very_high,9_14,Y,O,1,0.5291998715670176,22.324739416507164
11.0,308.521622,11.67013888888889,2,2,0,0,0,0,0,0,0,2,1,283.75,12.0,26.4779343,1,1,BAGGAGE,NORTH MERIDIAN,LANG_02,Round-Trip,google,MetaSearches,MetaSearches,Logged-Out,AREA_B,AREA_C,AREA_B_TO_AREA_C,BI,CA,8_14,very_high,9_14,Y,V,0,0.8431183256875516,22.324031634680995
5.0,110.0187059,,1,1,0,0,0,0,0,1,0,2,1,7.5,10.0,28.2288247,2,0,BAGGAGE,LOWER VERTEX,LANG_02,One-Way,apple,Paid Search,Organic Search,Logged-In,AREA_B,AREA_B,AREA_B_TO_AREA_B,BE,BU,4_7,very_high,unknown_or_oneway,Y,Q,0,0.7906108254529765,22.31801439763437
35.0,150.2330778,11.222222222222221,2,1,0,1,0,1,0,1,0,2,1,283.5,8.0,25.462435,1,1,BAGGAGE,UPPER APEX,LANG_09,Round-Trip,google,Direct,Paid Search,Logged-In,AREA_C,AREA_B,AREA_C_TO_AREA_B,CA,BU,31_60,very_high,9_14,Y,O,0,0.8764013424163847,22.315312215189937
6.0,96.7949434,,1,1,0,0,0,0,0,0,0,2,1,8.416666666666666,11.0,29.80968,1,0,BAGGAGE,LOWER VERTEX,LANG_02,One-Way,google,Direct,Direct,Logged-Out,AREA_C,AREA_B,AREA_C_TO_AREA_B,CU,BU,4_7,high,unknown_or_oneway,Y,T,0,0.7485452745744678,22.313895100577025
,236.511543,11.319444444444445,3,2,0,1,0,1,0,1,0,2,1,287.8333333333333,9.0,22.35726,2,1,BAGGAGE,UPPER APEX,LANG_09,Round-Trip,google,Paid Search,Email,Logged-In,AREA_C,AREA_B,AREA_C_TO_AREA_B,CA,BO,MISSING,very_high,9_14,Y,O,1,0.9978257625373573,22.308650007745957
15.0,75.09341069999999,78.22222222222223,1,1,0,0,0,0,0,0,0,2,1,1891.5,16.0,51.9707786,1,1,BAGGAGE,LOWER VERTEX,LANG_02,Round-Trip,apple,MetaSearches,MetaSearches,Logged-Out,AREA_C,AREA_B,AREA_C_TO_AREA_B,CA,BU,15_30,high,30_plus,Y,O,0,0.4292391300201597,22.307891792734335
32.0,180.2222155,8.40625,2,2,0,0,0,0,0,0,0,4,1,203.91666666666666,17.0,46.6470096,3,0,BAGGAGE,WEST APEX,LANG_02,Round-Trip,google,MetaSearches,MetaSearches,Logged-Out,AREA_B,AREA_C,AREA_B_TO_AREA_C,BE,CA,31_60,very_high,9_14,Y,L,0,0.47812946979210624,22.30330996743529
,202.341769,12.23611111111111,2,2,0,0,0,0,0,0,0,2,1,308.0833333333333,2.0,22.35726,1,1,BAGGAGE,UPPER APEX,LANG_09,Round-Trip,microsoft,Paid MetaSearches,MetaSearches,Logged-Out,AREA_C,AREA_B,AREA_C_TO_AREA_B,CA,BI,MISSING,very_high,9_14,Y,L,1,0.9975727337939205,22.302992978341468
47.0,187.5414342,77.21527777777777,2,2,0,0,0,0,0,0,0,2,1,1869.25,9.0,28.78176,2,1,BAGGAGE,UPPER APEX,LANG_02,Round-Trip,microsoft,Direct,Direct,Logged-Out,AREA_C,AREA_B,AREA_C_TO_AREA_B,CA,BU,31_60,very_high,30_plus,Y,L,1,0.7747308303891502,22.29811682486123
60.0,145.4284084,7.739583333333333,2,2,0,0,0,0,0,0,0,3,1,188.91666666666666,15.0,32.8017838,2,1,BAGGAGE,LOWER VERTEX,LANG_02,Round-Trip,microsoft,Paid Search,Paid Search,Logged-Out,AREA_B,AREA_C,AREA_B_TO_AREA_C,BU,CA,31_60,very_high,6_8,Y,O,0,0.6797426879235055,22.296772688897697
99.0,180.1395536,21.552083333333332,2,2,0,0,0,0,0,0,0,4,1,519.4166666666666,16.0,46.6470096,3,0,BAGGAGE,WEST APEX,LANG_02,Round-Trip,google,Organic Search,Organic Search,Logged-Out,AREA_B,AREA_C,AREA_B_TO_AREA_C,BE,CA,61_120,very_high,15_30,Y,L,0,0.4776095841388421,22.279058856376572
6.0,365.7986092999999,,2,2,0,0,0,0,0,0,0,1,0,5.666666666666667,13.0,27.942292,1,1,BAGGAGE,LOWER VERTEX,LANG_02,One-Way,google,Paid Search,Paid Search,Logged-Out,AREA_C,AREA_B,AREA_C_TO_AREA_B,CA,BO,4_7,very_high,unknown_or_oneway,Y,H,0,0.7972560251766379,22.277160654244966
89.0,322.6687993,10.024305555555555,3,1,0,2,0,1,0,1,0,2,1,256.9166666666667,20.0,26.2325184,2,0,BAGGAGE,UPPER APEX,LANG_09,Round-Trip,mozilla,Paid Search,Paid Search,Logged-In,AREA_B,AREA_B,AREA_B_TO_AREA_B,BE,BU,61_120,very_high,9_14,Y,U,0,0.8491925773631877,22.276459910823245
1.0,80.7144199,,1,1,0,0,0,0,0,0,0,2,1,4.5,14.0,33.728625,1,0,BAGGAGE,UPPER APEX,LANG_09,One-Way,google,Paid Search,Organic Search,Logged-Out,AREA_C,AREA_D,AREA_C_TO_AREA_D,CI,DA,0_3,high,unknown_or_oneway,Y,H,1,0.6602633320616281,22.269774328357133
45.0,172.622032,10.229166666666666,2,2,0,0,0,0,0,0,0,2,1,260.1666666666667,8.0,30.58062,2,1,BAGGAGE,UPPER MERIDIAN,LANG_09,Round-Trip,google,Direct,Organic Search,Logged-Out,AREA_C,AREA_B,AREA_C_TO_AREA_B,CA,BU,31_60,very_high,9_14,Y,U,0,0.7281695789658561,22.267877189914838
,78.6046141,87.84027777777777,1,1,0,0,0,0,0,0,0,4,1,2111.25,11.0,22.3525487,2,0,BAGGAGE,LOWER VERTEX,LANG_02,Round-Trip,google,MetaSearches,MetaSearches,Logged-Out,AREA_B,AREA_B,AREA_B_TO_AREA_B,BO,BU,MISSING,high,30_plus,Y,L,1,0.9960875864907383,22.265096286499688
0.0,89.07098119999999,,3,2,0,0,1,1,0,0,0,2,1,6.25,14.0,25.6782982,2,0,BAGGAGE,SOUTH VERTEX,LANG_02,One-Way,google,MetaSearches,MetaSearches,Logged-Out,AREA_B,AREA_B,AREA_B_TO_AREA_B,BO,BA,invalid_or_past,high,unknown_or_oneway,Y,Q,0,0.8667406166330562,22.2564240159555
100.0,227.0414017,23.993055555555557,3,2,0,1,0,1,0,0,0,4,1,576.75,20.0,24.8414,2,0,BAGGAGE,UPPER APEX,LANG_09,Round-Trip,apple,MetaSearches,MetaSearches,Logged-Out,AREA_B,AREA_D,AREA_B_TO_AREA_D,BE,DA,61_120,very_high,15_30,Y,O,0,0.8956988970495139,22.250414581165796
99.0,381.6478508,13.71875,2,2,0,0,0,0,0,1,1,6,1,336.5,17.0,26.2325184,1,0,BAGGAGE,UPPER APEX,LANG_02,Round-Trip,google,Email,Email,Logged-In,AREA_C,AREA_B,AREA_C_TO_AREA_B,CA,BU,61_120,very_high,9_14,Y,T,0,0.8480525501853331,22.246554126903675
160.0,145.4596743,8.239583333333334,3,2,0,1,0,1,0,1,0,4,1,199.0,23.0,24.2469196,1,0,BAGGAGE,UPPER HORIZON,LANG_05,Round-Trip,apple,Direct,Direct,Logged-In,AREA_C,AREA_B,AREA_C_TO_AREA_B,CI,BU,120_plus,very_high,9_14,Y,L,1,0.9173221966281591,22.242237548938363
55.0,736.7976372,15.552083333333334,2,2,0,0,0,0,0,1,0,4,1,375.1666666666667,20.0,46.0559556,3,0,BAGGAGE,SOUTH HORIZON,LANG_02,Round-Trip,microsoft,MetaSearches,MetaSearches,Logged-In,AREA_C,AREA_B,AREA_C_TO_AREA_B,CA,BU,31_60,very_high,15_30,Y,B,0,0.48292366853615554,22.241511036290294
26.0,554.0788610000001,6.4375,7,5,0,2,0,1,0,0,0,2,1,158.25,21.0,25.2114512,1,1,BAGGAGE,UPPER APEX,LANG_09,Round-Trip,google,Direct,Paid Search,Logged-Out,AREA_C,AREA_C,AREA_C_TO_AREA_C,CA,CE,15_30,very_high,6_8,Y,L,0,0.8819398581221999,22.234983694382766
17.0,82.7252884,,1,1,0,0,0,0,0,0,0,1,0,3.9166666666666665,10.0,57.1557784,2,1,BAGGAGE,UPPER APEX,LANG_02,One-Way,microsoft,Paid Search,Paid Search,Logged-Out,AREA_C,AREA_B,AREA_C_TO_AREA_B,CA,BA,15_30,high,unknown_or_oneway,Y,M,0,0.38895453358189414,22.2309991290821
150.0,187.0197648,83.27430555555556,2,2,0,0,0,0,0,1,0,2,1,2013.25,11.0,26.2325184,1,0,BAGGAGE,LOWER VERTEX,LANG_02,Round-Trip,google,Direct,Direct,Logged-In,AREA_C,AREA_B,AREA_C_TO_AREA_B,CU,BU,120_plus,very_high,30_plus,Y,O,0,0.8474516343461957,22.230790591096653
72.0,245.58465019999997,13.118055555555555,2,2,0,0,0,0,0,0,0,4,1,316.5,16.0,45.990854,3,0,BAGGAGE,CENTRAL HORIZON,LANG_02,Round-Trip,google,MetaSearches,Email,Logged-Out,AREA_D,AREA_B,AREA_D_TO_AREA_B,DA,BI,61_120,very_high,9_14,Y,V,0,0.48336078281664097,22.23017519184584
2.0,107.6506352,204.01041666666666,1,1,0,0,0,0,0,0,0,4,1,4899.166666666667,16.0,29.5471321,1,0,BAGGAGE,LOWER VERTEX,LANG_02,Round-Trip,google,MetaSearches,MetaSearches,Logged-Out,AREA_C,AREA_B,AREA_C_TO_AREA_B,CU,BO,0_3,very_high,30_plus,Y,T,0,0.7523356176172072,22.22935987727071
201.0,593.5017345,27.770833333333332,4,1,0,3,0,1,0,0,0,2,1,670.0,16.0,57.6997194,2,1,BAGGAGE,LOWER VERTEX,LANG_02,Round-Trip,apple,Direct,Direct,Logged-Out,AREA_B,AREA_C,AREA_B_TO_AREA_C,BU,CA,120_plus,very_high,15_30,P,R,0,0.38524658110690707,22.22861962967788
4.0,186.9353897,24.416666666666668,2,2,0,0,0,0,0,0,0,2,1,597.8333333333334,12.0,30.906128,3,1,BAGGAGE,OLD HORIZON,LANG_02,Round-Trip,google,Direct,Direct,Logged-Out,AREA_B,AREA_C,AREA_B_TO_AREA_C,BO,CA,4_7,very_high,15_30,Y,S,0,0.7192011988320587,22.227724308857056
,241.976651,21.461805555555557,2,2,0,0,0,0,0,1,0,4,1,516.0,16.0,22.35726,2,0,BAGGAGE,UPPER APEX,LANG_02,Round-Trip,google,Direct,Paid Search,Logged-In,AREA_C,AREA_C,AREA_C_TO_AREA_C,CE,CA,MISSING,very_high,15_30,Y,W,1,0.9941114205057165,22.225607497215638
126.0,154.30706740000002,21.78125,2,2,0,0,0,0,0,0,0,2,1,526.0,12.0,29.0233212,2,0,BAGGAGE,LOWER VERTEX,LANG_02,Round-Trip,apple,Direct,Direct,Logged-Out,AREA_B,AREA_B,AREA_B_TO_AREA_B,BU,BE,120_plus,very_high,15_30,Y,U,0,0.7657008090704008,22.223180524750116
150.0,190.4170404,36.333333333333336,2,2,0,0,0,0,0,0,0,2,1,886.4166666666666,17.0,29.80968,2,1,BAGGAGE,LOWER VERTEX,LANG_02,Round-Trip,google,Direct,Email,Logged-Out,AREA_C,AREA_B,AREA_C_TO_AREA_B,CA,BU,120_plus,very_high,30_plus,Y,O,0,0.7453357786089087,22.218221052882413
142.0,132.0551692,7.229166666666667,2,2,0,0,0,0,0,0,0,2,1,187.91666666666666,14.0,33.9830352,2,1,BAGGAGE,UPPER APEX,LANG_09,Round-Trip,apple,Email,Email,Logged-Out,AREA_C,AREA_B,AREA_C_TO_AREA_B,CA,BU,120_plus,very_high,6_8,Y,O,0,0.6537582957671186,22.216691177346007
34.0,104.1955391,,1,1,0,0,0,0,0,0,0,2,1,7.5,18.0,58.8629822,1,0,BAGGAGE,NORTH MERIDIAN,LANG_02,One-Way,microsoft,Paid Search,Paid Search,Logged-Out,AREA_C,AREA_B,AREA_C_TO_AREA_B,CI,BI,31_60,very_high,unknown_or_oneway,Y,K,0,0.377412994567557,22.215654381278803
6.0,67.04351220000001,67.93402777777777,1,1,0,0,0,0,0,0,0,4,1,1631.3333333333333,8.0,52.4650368,2,0,BAGGAGE,LOWER VERTEX,LANG_02,Round-Trip,apple,Paid Search,Paid Search,Logged-Out,AREA_C,AREA_B,AREA_C_TO_AREA_B,CU,BU,4_7,high,30_plus,Y,O,0,0.4233879748228209,22.213065679756774
204.0,300.4190426,21.21875,2,2,0,0,0,0,0,0,0,2,1,525.5833333333334,13.0,29.80968,2,0,BAGGAGE,UPPER APEX,LANG_09,Round-Trip,google,Direct,Direct,Logged-Out,AREA_B,AREA_B,AREA_B_TO_AREA_B,BE,BU,120_plus,very_high,15_30,Y,T,0,0.7450383407611351,22.209354525820395
180.0,553.7602058,18.57638888888889,3,2,0,1,0,1,0,1,0,2,1,449.3333333333333,,57.6997194,2,1,BAGGAGE,LOWER VERTEX,LANG_09,Round-Trip,apple,Direct,Direct,Logged-In,AREA_B,AREA_C,AREA_B_TO_AREA_C,BU,CA,120_plus,very_high,15_30,P,R,0,0.3846156381530986,22.192214398285724
123.0,246.0330803,28.805555555555557,3,2,0,1,0,1,0,0,0,4,1,695.1666666666666,11.0,29.4010818,3,0,BAGGAGE,CENTRAL VERTEX,LANG_02,Round-Trip,microsoft,Paid Search,MetaSearches,Logged-Out,AREA_B,AREA_B,AREA_B_TO_AREA_B,BI,BI,120_plus,very_high,15_30,Y,V,0,0.7544612058255042,22.181975627402288
23.0,150.4352354,12.125,2,2,0,0,0,0,0,0,0,4,1,292.0,17.0,24.905645,1,0,BAGGAGE,UPPER APEX,LANG_09,Round-Trip,google,Paid Search,Paid Search,Logged-Out,AREA_B,AREA_B,AREA_B_TO_AREA_B,BE,BU,15_30,very_high,9_14,Y,U,0,0.8906259394110356,22.181613474762763
1.0,531.3729648,4.4375,4,3,0,1,0,1,0,0,0,2,1,110.25,15.0,27.959424,3,1,BAGGAGE,UPPER APEX,LANG_09,Round-Trip,microsoft,Direct,MetaSearches,Logged-Out,AREA_C,AREA_C,AREA_C_TO_AREA_C,CA,CE,0_3,very_high,3_5,Y,L,0,0.7932387572662504,22.178498747640173
171.0,461.8718672,12.0,2,2,0,0,0,0,0,0,0,2,1,295.25,23.0,45.3107136,3,1,BAGGAGE,UPPER APEX,LANG_09,Round-Trip,microsoft,Paid Search,Organic Search,Logged-Out,AREA_C,AREA_B,AREA_C_TO_AREA_B,CA,BU,120_plus,very_high,9_14,Y,S,0,0.48944790568972735,22.177233876827046
87.0,270.749845,85.78472222222223,3,1,1,1,0,1,1,1,1,4,1,2062.0,23.0,33.0591921,2,0,BAGGAGE,LOWER VERTEX,LANG_09,Round-Trip,google,Direct,Organic Search,Logged-In,AREA_B,AREA_B,AREA_B_TO_AREA_B,BU,BE,61_120,very_high,30_plus,Y,O,1,0.6707393727018784,22.174101771184894
2.0,101.1083527,,1,1,0,0,0,0,0,0,0,1,0,15.916666666666666,16.0,28.7115188,2,1,BAGGAGE,LOWER VERTEX,LANG_02,One-Way,apple,Direct,MetaSearches,Logged-Out,AREA_B,AREA_C,AREA_B_TO_AREA_C,BU,CA,0_3,high,unknown_or_oneway,Y,S,0,0.7720213026454579,22.165904144905554
0.0,591.9110283,5.770833333333333,3,3,0,0,0,0,0,0,0,2,1,142.0,11.0,26.9580586,1,1,BAGGAGE,LOWER VERTEX,LANG_02,Round-Trip,apple,Organic Search,Organic Search,Logged-Out,AREA_B,AREA_C,AREA_B_TO_AREA_C,BU,CA,invalid_or_past,very_high,6_8,Y,V,1,0.8221337338207002,22.163129373375238
47.0,117.7323889,,1,1,0,0,0,0,0,1,0,2,1,10.083333333333334,14.0,59.7966762,1,0,BAGGAGE,UPPER MERIDIAN,LANG_01,One-Way,apple,Direct,Direct,Logged-In,AREA_B,AREA_B,AREA_B_TO_AREA_B,BI,BU,31_60,very_high,unknown_or_oneway,Y,Y,0,0.37053643393881003,22.156847160541712
,141.6242478,,3,3,0,0,0,0,0,1,0,1,0,5.083333333333333,14.0,22.203072,3,1,BAGGAGE,UPPER APEX,LANG_09,One-Way,opera,Paid Search,Organic Search,Logged-In,AREA_C,AREA_B,AREA_C_TO_AREA_B,CA,BU,MISSING,very_high,unknown_or_oneway,Y,V,1,0.9977334336348851,22.152747263802574
62.0,160.38978400000002,6.270833333333333,2,2,0,0,0,0,0,1,0,2,1,165.16666666666666,10.0,29.80968,1,0,BAGGAGE,UPPER APEX,LANG_02,Round-Trip,google,Paid Search,Paid Search,Logged-In,AREA_B,AREA_B,AREA_B_TO_AREA_B,BE,BU,61_120,very_high,6_8,Y,U,1,0.7430308809985787,22.149512792685712
10.0,230.8130115,8.989583333333334,3,2,0,1,0,1,0,0,0,4,1,216.75,13.0,23.59933,1,0,BAGGAGE,UPPER APEX,LANG_09,Round-Trip,apple,Paid Search,Paid Search,Logged-Out,AREA_B,AREA_B,AREA_B_TO_AREA_B,BE,BU,8_14,very_high,9_14,Y,U,1,0.9384894958281621,22.147723313582418
203.0,320.0107695,15.979166666666666,4,2,0,2,0,1,0,0,0,3,1,386.6666666666667,13.0,25.5275366,2,0,BAGGAGE,LOWER VERTEX,LANG_02,Round-Trip,mozilla,Paid Search,Email,Logged-Out,AREA_B,AREA_B,AREA_B_TO_AREA_B,BU,BE,120_plus,very_high,15_30,Y,U,1,0.8675068634689175,22.145313207953993
56.0,135.6147705,9.902777777777779,2,2,0,0,0,0,0,0,0,4,1,239.33333333333334,22.0,25.595208,1,0,BAGGAGE,CENTRAL HORIZON,LANG_02,Round-Trip,apple,MetaSearches,MetaSearches,Logged-Out,AREA_D,AREA_B,AREA_D_TO_AREA_B,DA,BU,31_60,very_high,9_14,Y,L,0,0.8651333836317698,22.143268901798944
175.0,256.9551586,10.21875,2,2,0,0,0,0,0,1,0,2,1,261.5833333333333,18.0,29.80968,2,0,BAGGAGE,UPPER APEX,LANG_09,Round-Trip,apple,Direct,Direct,Logged-In,AREA_B,AREA_B,AREA_B_TO_AREA_B,BE,BU,120_plus,very_high,9_14,Y,L,0,0.7424475155571367,22.132122855553266
143.0,241.0082647,21.21875,2,2,0,0,0,0,0,0,0,2,1,525.5833333333334,11.0,29.80968,2,0,BAGGAGE,LOWER VERTEX,LANG_02,Round-Trip,google,Organic Search,Organic Search,Logged-Out,AREA_B,AREA_B,AREA_B_TO_AREA_B,BE,BU,120_plus,very_high,15_30,Y,O,0,0.7423630435682326,22.129604772595073
,219.91491800000003,,2,2,0,0,0,0,0,0,0,2,1,356.4166666666667,16.0,22.203072,2,1,BAGGAGE,UPPER APEX,LANG_02,Multi-City,apple,Direct,Paid Search,Logged-Out,AREA_C,AREA_D,AREA_C_TO_AREA_D,CA,DA,MISSING,very_high,unknown_or_oneway,Y,W,1,0.996593761577028,22.127443043045584
66.0,283.0060778,15.239583333333334,2,2,0,0,0,0,0,0,0,2,1,380.25,19.0,44.71452,3,1,BAGGAGE,UPPER APEX,LANG_09,Round-Trip,apple,Direct,Organic Search,Logged-Out,AREA_C,AREA_B,AREA_C_TO_AREA_B,CA,BU,61_120,very_high,15_30,Y,W,0,0.4947802342659271,22.123860680688484
92.0,250.0034213,,3,2,0,1,0,1,0,0,0,2,1,13.333333333333334,13.0,27.6801724,2,0,BAGGAGE,OLD HORIZON,LANG_02,One-Way,google,Paid Search,Paid Search,Logged-Out,AREA_C,AREA_B,AREA_C_TO_AREA_B,CE,BI,61_120,very_high,unknown_or_oneway,Y,L,1,0.7992378816044294,22.123042351421397
0.0,319.72038210000005,,2,2,0,0,0,0,0,0,0,1,0,3.25,10.0,27.2364536,1,1,BAGGAGE,NORTH MERIDIAN,LANG_02,One-Way,apple,Direct,Paid Search,Logged-Out,AREA_C,AREA_B,AREA_C_TO_AREA_B,CA,BI,invalid_or_past,very_high,unknown_or_oneway,Y,H,1,0.8121516784989903,22.12013150759987
103.0,239.91652800000003,49.229166666666664,2,2,0,0,0,0,0,1,0,2,1,1202.0833333333333,8.0,48.56922,3,1,BAGGAGE,LOWER VERTEX,LANG_02,Round-Trip,google,Paid Search,Organic Social,Logged-In,AREA_C,AREA_D,AREA_C_TO_AREA_D,CA,DA,61_120,very_high,30_plus,Y,O,0,0.45543028662472396,22.119893785739276
143.0,427.006534,16.39236111111111,2,2,0,0,0,0,0,0,0,2,1,400.6666666666667,12.0,45.3107136,3,1,BAGGAGE,UPPER APEX,LANG_09,Round-Trip,google,Direct,Paid Search,Logged-Out,AREA_C,AREA_B,AREA_C_TO_AREA_B,CA,BU,120_plus,very_high,15_30,Y,S,0,0.48797292752678967,22.110401563719922
1.0,157.1102909,,1,1,0,0,0,0,0,0,0,1,0,3.6666666666666665,13.0,38.9350398,1,1,BAGGAGE,UPPER APEX,LANG_09,One-Way,mozilla,Organic Search,MetaSearches,Logged-Out,AREA_C,AREA_B,AREA_C_TO_AREA_B,CA,BI,0_3,very_high,unknown_or_oneway,Y,K,0,0.5678158993708954,22.107934641078607
226.0,411.5397644,20.54861111111111,4,2,1,1,0,1,1,0,0,4,1,495.6666666666667,20.0,24.1321352,1,0,BAGGAGE,NORTH HORIZON,LANG_04,Round-Trip,apple,Paid MetaSearches,Paid MetaSearches,Logged-Out,AREA_C,AREA_D,AREA_C_TO_AREA_D,CE,DA,120_plus,very_high,15_30,Y,S,1,0.915836898427242,22.10109985399487
154.0,422.950533,28.78125,3,1,0,2,0,1,0,0,0,2,1,694.0,5.0,28.9676422,2,0,BAGGAGE,LOWER VERTEX,LANG_02,Round-Trip,apple,Direct,Direct,Logged-Out,AREA_B,AREA_B,AREA_B_TO_AREA_B,BU,BE,120_plus,very_high,15_30,Y,U,0,0.7629366640194089,22.10047630457585
9.0,428.9218916,10.347222222222221,4,4,0,0,0,0,0,0,0,4,1,249.16666666666666,22.0,25.1947475,3,0,BAGGAGE,UPPER APEX,LANG_09,Round-Trip,mozilla,Paid Search,Paid Search,Logged-Out,AREA_D,AREA_B,AREA_D_TO_AREA_B,DA,BU,8_14,very_high,9_14,Y,U,0,0.8771788283243023,22.10029909197664
14.0,186.1854364,,1,1,0,0,0,0,0,0,0,2,1,5.333333333333333,9.0,41.6410392,1,0,BAGGAGE,LOWER ZENITH,LANG_02,One-Way,google,MetaSearches,Paid Search,Logged-Out,AREA_C,AREA_B,AREA_C_TO_AREA_B,CE,BU,8_14,very_high,unknown_or_oneway,Y,B,0,0.5307231760795972,22.09986457947901
154.0,460.97929,15.04513888888889,4,4,0,0,0,0,0,0,0,4,1,362.0,20.0,26.3151803,2,0,BAGGAGE,UPPER APEX,LANG_09,Round-Trip,google,Paid Search,Paid Search,Logged-Out,AREA_B,AREA_B,AREA_B_TO_AREA_B,BE,BU,120_plus,very_high,15_30,Y,O,0,0.8396943228458102,22.096707502573906
0.0,113.9397924,,1,1,0,0,0,0,0,0,0,1,0,9.083333333333334,23.0,34.2502944,1,1,BAGGAGE,UPPER APEX,LANG_02,One-Way,google,Paid Search,Organic Search,Logged-Out,AREA_C,AREA_C,AREA_C_TO_AREA_C,CA,CE,invalid_or_past,very_high,unknown_or_oneway,Y,H,0,0.6449715215617109,22.090464493104548
85.0,254.02473,8.229166666666666,2,2,0,0,0,0,0,0,0,2,1,212.16666666666666,18.0,30.58062,2,1,BAGGAGE,UPPER APEX,LANG_09,Round-Trip,google,Paid Search,Paid Search,Logged-Out,AREA_C,AREA_B,AREA_C_TO_AREA_B,CA,BU,61_120,very_high,9_14,Y,O,0,0.7222941425849803,22.0882027026171
6.0,125.928766,9.777777777777779,2,2,0,0,0,0,0,0,0,2,1,238.0,1.0,24.2966024,1,1,BAGGAGE,LOWER VERTEX,LANG_02,Round-Trip,google,MetaSearches,MetaSearches,Logged-Out,AREA_D,AREA_C,AREA_D_TO_AREA_C,DA,CA,4_7,very_high,9_14,Y,O,0,0.9090489673174303,22.086801321042202
6.0,117.7636548,,2,2,0,0,0,0,0,1,1,1,0,1.8333333333333333,8.0,31.4796217,2,1,BAGGAGE,UPPER APEX,LANG_09,One-Way,google,Direct,Direct,Logged-In,AREA_B,AREA_C,AREA_B_TO_AREA_C,BA,CA,4_7,very_high,unknown_or_oneway,Y,H,0,0.7008386523641459,22.06213564916112
74.0,149.1674674,18.569444444444443,3,2,0,1,0,1,0,0,0,4,1,453.3333333333333,15.0,26.314752,2,0,BAGGAGE,SOUTH HORIZON,LANG_02,Round-Trip,apple,Direct,Direct,Logged-Out,AREA_B,AREA_B,AREA_B_TO_AREA_B,BA,BE,61_120,very_high,15_30,Y,O,0,0.8381899607208461,22.056760945258805
3.0,98.5681054,,1,1,0,0,0,0,0,0,0,4,1,-675.0,15.0,33.201816,2,0,BAGGAGE,LOWER VERTEX,LANG_02,Round-Trip,microsoft,Direct,Direct,Logged-Out,AREA_C,AREA_B,AREA_C_TO_AREA_B,CU,BU,0_3,high,unknown_or_oneway,Y,L,0,0.6642517357095663,22.05436390670965
44.0,327.3265618,14.875,2,2,0,0,0,0,0,0,0,2,1,362.0,12.0,49.031784,4,1,BAGGAGE,UPPER APEX,LANG_09,Round-Trip,google,Direct,Affiliate,Logged-Out,AREA_C,AREA_C,AREA_C_TO_AREA_C,CA,CA,31_60,very_high,15_30,Y,S,0,0.44975520484820986,22.05230005699318
