DTD,FARE_YQ_TICKET,stay_length_days,pax_total,ADULTS,TEENAGERS,CHILDREN,INFANTS,has_child_or_infant,has_teenager,is_logged_in,has_loyalty,segment_count,has_connection,travel_span_hours,HOUR_OF_THE_DAY_PL_TIME,emd_price,display_position,is_hub_caj_route,product,MARKET,LANGUAGE,FLIGHT_TYPE,BROWSER_TYPE,FIRST_TOUCH_CHANNEL,LAST_TOUCH_CHANNEL,LOGIN_STATUS,origin_area,destination_area,route_direction,origin_prefix,destination_prefix,dtd_bucket,fare_bucket,stay_bucket,first_booking_class,first_rbd,actual_sold,predicted_probability,expected_revenue
69.0,164.9687393,9.677083333333334,5,5,0,0,0,0,0,0,0,4,1,235.25,22.0,122.6544125,2,0,SPECIAL EQUIPMENT,OLD AURORA,LANG_02,Round-Trip,google,Organic Search,Organic Search,Logged-Out,AREA_B,AREA_C,AREA_B_TO_AREA_C,BO,CE,61_120,very_high,9_14,Y,O,1,0.9601044829729887,117.76105129766819
74.0,113.43996629999998,5.416666666666667,4,4,0,0,0,0,0,0,0,4,1,131.83333333333334,9.0,97.626702,5,0,SPECIAL EQUIPMENT,SOUTH HORIZON,LANG_02,Round-Trip,google,Direct,Organic Search,Logged-Out,AREA_C,AREA_B,AREA_C_TO_AREA_B,CU,BI,61_120,very_high,6_8,Y,O,1,0.9602478197244149,93.74582774238516
33.0,119.4121815,8.496527777777779,3,3,0,0,0,0,0,0,0,4,1,205.25,21.0,97.8005918,6,0,SPECIAL EQUIPMENT,CENTRAL MERIDIAN,LANG_02,Round-Trip,apple,Direct,Direct,Logged-Out,AREA_B,AREA_C,AREA_B_TO_AREA_C,BI,CE,31_60,very_high,9_14,Y,O,0,0.9514883170280454,93.05612049612886
30.0,96.8219263,6.496527777777778,3,3,0,0,0,0,0,0,0,4,1,157.25,12.0,97.8005918,4,0,SPECIAL EQUIPMENT,CENTRAL MERIDIAN,LANG_02,Round-Trip,google,MetaSearches,MetaSearches,Logged-Out,AREA_B,AREA_C,AREA_B_TO_AREA_C,BI,CE,15_30,high,6_8,Y,O,0,0.8858391301992941,86.63559117308822
34.0,45.5818275,4.263888888888889,2,2,0,0,0,0,0,0,0,4,1,104.25,19.0,97.626702,5,0,SPECIAL EQUIPMENT,SOUTH VERTEX,LANG_02,Round-Trip,apple,Paid Search,Paid Search,Logged-Out,AREA_C,AREA_B,AREA_C_TO_AREA_B,CU,BI,31_60,mid,3_5,Y,U,0,0.8573256633107198,83.69787704898798
71.0,60.330338,7.517361111111111,2,2,0,0,0,0,0,0,0,2,1,182.58333333333334,13.0,96.3675,3,1,SPECIAL EQUIPMENT,UPPER APEX,LANG_02,Round-Trip,apple,Direct,Direct,Logged-Out,AREA_C,AREA_B,AREA_C_TO_AREA_B,CA,BI,61_120,high,6_8,Y,L,0,0.8569955563570983,82.58651927724269
27.0,81.5401823,7.135416666666667,4,2,0,1,1,1,0,0,0,2,1,173.58333333333334,22.0,92.0845,6,1,SPECIAL EQUIPMENT,UPPER APEX,LANG_09,Round-Trip,google,Direct,Paid MetaSearches,Logged-Out,AREA_C,AREA_C,AREA_C_TO_AREA_C,CA,CU,15_30,high,6_8,Y,L,0,0.8799712565387935,81.03171317274654
36.0,65.431391,3.3819444444444446,2,2,0,0,0,0,0,0,0,4,1,83.08333333333333,11.0,97.626702,4,0,SPECIAL EQUIPMENT,SOUTH VERTEX,LANG_02,Round-Trip,google,Paid Search,Paid Search,Logged-Out,AREA_C,AREA_B,AREA_C_TO_AREA_B,CU,BI,31_60,high,3_5,Y,O,0,0.8167000481964635,79.73173222866177
13.0,54.0968598,5.704861111111111,2,2,0,0,0,0,0,1,0,4,1,138.16666666666666,10.0,97.8005918,4,0,SPECIAL EQUIPMENT,CENTRAL MERIDIAN,LANG_02,Round-Trip,apple,Direct,Direct,Logged-In,AREA_B,AREA_C,AREA_B_TO_AREA_C,BI,CE,8_14,high,6_8,Y,V,0,0.8123859952291588,79.45183110344371
32.0,267.0647518,4.135416666666667,7,7,0,0,0,0,0,0,0,2,1,101.58333333333333,16.0,92.0845,6,1,SPECIAL EQUIPMENT,UPPER APEX,LANG_09,Round-Trip,apple,Direct,MetaSearches,Logged-Out,AREA_C,AREA_C,AREA_C_TO_AREA_C,CA,CU,31_60,very_high,3_5,Y,O,0,0.8266501893181311,76.12166935826545
122.0,244.74218410000003,7.322916666666667,8,7,0,1,0,1,0,1,0,2,1,176.66666666666666,19.0,85.66,2,1,SPECIAL EQUIPMENT,CENTRAL MERIDIAN,LANG_02,Round-Trip,microsoft,MetaSearches,MetaSearches,Logged-In,AREA_C,AREA_C,AREA_C_TO_AREA_C,CA,CE,120_plus,very_high,6_8,Y,O,0,0.8862371811244499,75.91507693512038
341.0,342.3753106,5.541666666666667,4,4,0,0,0,0,0,0,0,4,1,134.66666666666666,15.0,87.6712968,3,0,SPECIAL EQUIPMENT,SOUTH VERTEX,LANG_02,Round-Trip,google,Paid Search,Paid Search,Logged-Out,AREA_B,AREA_B,AREA_B_TO_AREA_B,BA,BE,120_plus,very_high,6_8,C,F,1,0.8568675098322382,75.12268577277908
93.0,153.8145224,11.21875,3,2,0,1,0,1,0,0,0,2,1,273.25,22.0,77.094,2,1,SPECIAL EQUIPMENT,UPPER APEX,LANG_09,Round-Trip,apple,Direct,Direct,Logged-Out,AREA_C,AREA_C,AREA_C_TO_AREA_C,CA,CI,61_120,very_high,9_14,Y,V,0,0.9335408266858224,71.97039649251678
123.0,67.76048639999999,6.322916666666667,3,2,1,0,0,0,1,0,0,2,1,152.66666666666666,23.0,85.66,4,1,SPECIAL EQUIPMENT,UPPER APEX,LANG_09,Round-Trip,apple,MetaSearches,MetaSearches,Logged-Out,AREA_C,AREA_C,AREA_C_TO_AREA_C,CA,CE,120_plus,high,6_8,Y,L,0,0.8307351670373565,71.16077440841995
6.0,179.99050520000003,3.392361111111111,4,4,0,0,0,0,0,0,0,4,1,84.08333333333333,10.0,87.7603832,5,0,SPECIAL EQUIPMENT,NEW MERIDIAN,LANG_02,Round-Trip,google,Affiliate,Paid Search,Logged-Out,AREA_C,AREA_B,AREA_C_TO_AREA_B,CI,BA,4_7,very_high,3_5,Y,V,1,0.8086074518445509,70.96369983225334
47.0,254.9310128,92.4375,2,2,0,0,0,0,0,1,0,4,1,2219.5833333333335,13.0,77.094,1,0,SPECIAL EQUIPMENT,UPPER APEX,LANG_09,Round-Trip,apple,Direct,Direct,Logged-In,AREA_C,AREA_D,AREA_C_TO_AREA_D,CE,DA,31_60,very_high,30_plus,Y,O,0,0.9109021882352085,70.22509329980517
19.0,211.22428270000003,8.4375,2,2,0,0,0,0,0,0,0,4,1,203.58333333333334,10.0,77.094,4,0,SPECIAL EQUIPMENT,LOWER VERTEX,LANG_02,Round-Trip,apple,Direct,Paid Search,Logged-Out,AREA_C,AREA_D,AREA_C_TO_AREA_D,CE,DA,15_30,very_high,9_14,Y,U,0,0.8960788966731845,69.08230646012248
21.0,80.8090742,7.135416666666667,2,2,0,0,0,0,0,0,0,2,1,173.58333333333334,12.0,92.0845,2,1,SPECIAL EQUIPMENT,UPPER APEX,LANG_09,Round-Trip,microsoft,Internal,Paid Search,Logged-Out,AREA_C,AREA_C,AREA_C_TO_AREA_C,CA,CU,15_30,high,6_8,Y,L,0,0.7452108558862873,68.62236905886083
83.0,127.7755956,6.517361111111111,3,2,1,0,0,0,1,1,1,2,1,158.58333333333334,21.0,72.275625,3,1,SPECIAL EQUIPMENT,UPPER APEX,LANG_02,Round-Trip,apple,Paid Search,Paid Search,Logged-In,AREA_C,AREA_B,AREA_C_TO_AREA_B,CA,BI,61_120,very_high,6_8,Y,L,0,0.9348764869982503,67.56878239560292
28.0,168.34459990000002,8.88888888888889,3,3,0,0,0,0,0,0,0,4,1,215.33333333333334,19.0,68.5245736,6,0,SPECIAL EQUIPMENT,NORTH ZENITH,LANG_06,Round-Trip,google,MetaSearches,MetaSearches,Logged-Out,AREA_C,AREA_C,AREA_C_TO_AREA_C,CU,CE,15_30,very_high,9_14,Y,W,1,0.9739351076872137,66.7384879683364
195.0,223.3207596,8.215277777777779,7,4,1,2,0,1,1,1,1,2,1,201.08333333333334,22.0,77.094,3,1,SPECIAL EQUIPMENT,UPPER APEX,LANG_09,Round-Trip,apple,Direct,Affiliate,Logged-In,AREA_C,AREA_C,AREA_C_TO_AREA_C,CA,CI,120_plus,very_high,9_14,Y,W,0,0.8612552314530525,66.39761081364162
48.0,130.151804,4.53125,2,2,0,0,0,0,0,0,0,2,1,110.91666666666667,19.0,107.075,5,1,SPECIAL EQUIPMENT,UPPER APEX,LANG_09,Round-Trip,apple,Direct,Direct,Logged-Out,AREA_C,AREA_B,AREA_C_TO_AREA_B,CA,BI,31_60,very_high,3_5,Y,T,0,0.610694331620162,65.39009555822884
40.0,64.5079762,3.3784722222222223,2,2,0,0,0,0,0,0,0,4,1,83.83333333333333,16.0,87.2464232,5,0,SPECIAL EQUIPMENT,NORTH HORIZON,LANG_04,Round-Trip,google,MetaSearches,Organic Search,Logged-Out,AREA_C,AREA_C,AREA_C_TO_AREA_C,CI,CI,31_60,high,3_5,Y,L,0,0.7336020794913327,64.00415748770085
97.0,73.5339704,5.517361111111111,2,2,0,0,0,0,0,0,0,2,1,134.58333333333334,13.0,72.275625,3,1,SPECIAL EQUIPMENT,UPPER APEX,LANG_09,Round-Trip,apple,Paid Search,Paid Search,Logged-Out,AREA_C,AREA_B,AREA_C_TO_AREA_B,CA,BI,61_120,high,6_8,Y,U,0,0.8831283395577607,63.82865269674939
8.0,143.0012323,8.496527777777779,3,3,0,0,0,0,0,0,0,4,1,205.25,23.0,68.7974007,5,0,SPECIAL EQUIPMENT,CENTRAL MERIDIAN,LANG_02,Round-Trip,apple,Direct,Paid Search,Logged-Out,AREA_B,AREA_C,AREA_B_TO_AREA_C,BI,CE,8_14,very_high,9_14,Y,S,1,0.9171608102050564,63.09827976601391
34.0,51.9609277,5.263888888888889,2,2,0,0,0,0,0,0,0,4,1,128.25,19.0,69.8574432,4,0,SPECIAL EQUIPMENT,SOUTH VERTEX,LANG_02,Round-Trip,google,Direct,Direct,Logged-Out,AREA_C,AREA_B,AREA_C_TO_AREA_B,CU,BO,31_60,mid,6_8,Y,O,0,0.9027557394887606,63.0642077948101
96.0,56.8542552,6.142361111111111,4,4,0,0,0,0,0,1,1,2,1,149.75,20.0,72.275625,3,1,SPECIAL EQUIPMENT,UPPER APEX,LANG_09,Round-Trip,google,Paid Search,Paid Search,Logged-In,AREA_C,AREA_C,AREA_C_TO_AREA_C,CA,CU,61_120,high,6_8,Y,O,0,0.8724573317230714,63.057398936117316
3.0,226.59297160000003,9.128472222222221,6,5,0,1,0,1,0,0,0,2,1,221.0,11.0,85.66,6,1,SPECIAL EQUIPMENT,UPPER APEX,LANG_09,Round-Trip,microsoft,Paid Search,MetaSearches,Logged-Out,AREA_C,AREA_B,AREA_C_TO_AREA_B,CA,BE,0_3,very_high,9_14,Y,S,0,0.7247394612537105,62.08118225099284
3.0,114.0207411,23.53472222222222,2,2,0,0,0,0,0,1,0,4,1,566.6666666666666,19.0,69.8574432,6,0,SPECIAL EQUIPMENT,SOUTH VERTEX,LANG_02,Round-Trip,google,Paid Search,Paid Search,Logged-In,AREA_C,AREA_B,AREA_C_TO_AREA_B,CU,BO,0_3,very_high,15_30,Y,T,0,0.8881268230542587,62.04226909590933
40.0,74.7918875,5.701388888888889,2,2,0,0,0,0,0,0,0,4,1,138.91666666666666,13.0,63.9700314,3,0,SPECIAL EQUIPMENT,SOUTH HORIZON,LANG_02,Round-Trip,google,Paid Search,Organic Search,Logged-Out,AREA_C,AREA_C,AREA_C_TO_AREA_C,CE,CI,31_60,high,6_8,Y,O,0,0.9666474342870305,61.83646672407078
47.0,576.6027297,11.48611111111111,2,2,0,0,0,0,0,0,0,4,1,277.9166666666667,19.0,76.224551,1,0,SPECIAL EQUIPMENT,NORTH ZENITH,LANG_06,Round-Trip,google,Paid Search,Paid Search,Logged-Out,AREA_C,AREA_B,AREA_C_TO_AREA_B,CI,BU,31_60,very_high,9_14,Y,Q,0,0.8098149414235264,61.72778030309961
89.0,123.2501778,14.135416666666666,3,3,0,0,0,0,0,0,0,2,1,341.5833333333333,23.0,96.3675,2,1,SPECIAL EQUIPMENT,UPPER APEX,LANG_02,Round-Trip,opera,Paid Search,Paid Search,Logged-Out,AREA_C,AREA_C,AREA_C_TO_AREA_C,CA,CU,61_120,very_high,15_30,Y,U,0,0.6290727100514616,60.62216438588423
22.0,148.7682918,6.520833333333333,3,2,1,0,0,0,1,1,0,2,1,158.83333333333334,22.0,72.275625,3,1,SPECIAL EQUIPMENT,UPPER APEX,LANG_09,Round-Trip,apple,Email,Organic Search,Logged-In,AREA_C,AREA_C,AREA_C_TO_AREA_C,CA,CU,15_30,very_high,6_8,Y,U,1,0.8375511179291311,60.53453051777666
47.0,42.1327276,9.13888888888889,2,2,0,0,0,0,0,0,0,2,1,221.66666666666666,12.0,72.275625,6,1,SPECIAL EQUIPMENT,UPPER APEX,LANG_02,Round-Trip,microsoft,Email,MetaSearches,Logged-Out,AREA_C,AREA_C,AREA_C_TO_AREA_C,CA,CU,31_60,mid,9_14,Y,O,0,0.8279560587499469,59.84104161868914
7.0,93.2940192,9.381944444444445,2,2,0,0,0,0,0,0,0,4,1,227.08333333333334,17.0,69.8574432,4,0,SPECIAL EQUIPMENT,SOUTH VERTEX,LANG_02,Round-Trip,microsoft,Direct,Paid Search,Logged-Out,AREA_C,AREA_B,AREA_C_TO_AREA_B,CU,BO,4_7,high,9_14,Y,U,0,0.8558828065349311,59.789784543370544
32.0,188.1963049,7.517361111111111,3,2,0,1,0,1,0,0,0,2,1,182.5,19.0,64.245,5,1,SPECIAL EQUIPMENT,UPPER APEX,LANG_09,Round-Trip,apple,Direct,Direct,Logged-Out,AREA_C,AREA_B,AREA_C_TO_AREA_B,CA,BI,31_60,very_high,6_8,Y,L,1,0.9297897884374036,59.734344958160996
46.0,91.3174147,5.576388888888889,3,1,1,1,0,1,1,0,0,4,1,135.91666666666666,23.0,68.5245736,3,0,SPECIAL EQUIPMENT,NORTH ZENITH,LANG_02,Round-Trip,mozilla,Direct,Email,Logged-Out,AREA_C,AREA_C,AREA_C_TO_AREA_C,CU,CE,31_60,high,6_8,Y,L,0,0.870244803571969,59.63315409238493
32.0,191.7100781,3.8020833333333335,4,3,1,0,0,0,1,0,0,4,1,95.0,19.0,70.2621867,2,0,SPECIAL EQUIPMENT,WEST HORIZON,LANG_02,Round-Trip,google,Direct,Paid Search,Logged-Out,AREA_B,AREA_B,AREA_B_TO_AREA_B,BA,BE,31_60,very_high,3_5,Y,V,0,0.8475209750799977,59.548676983236845
0.0,196.3562765,4.847222222222222,4,2,1,1,0,1,1,0,0,4,1,120.08333333333333,19.0,70.2621867,5,0,SPECIAL EQUIPMENT,WEST HORIZON,LANG_02,Round-Trip,google,Paid Search,Organic Search,Logged-Out,AREA_B,AREA_B,AREA_B_TO_AREA_B,BA,BE,invalid_or_past,very_high,3_5,Y,S,0,0.8452842894202595,59.39152255782311
54.0,232.5523378,7.857638888888889,7,5,1,1,0,1,1,0,0,4,1,191.33333333333334,14.0,58.518629,6,0,SPECIAL EQUIPMENT,NEW MERIDIAN,LANG_02,Round-Trip,google,Paid Search,Paid Search,Logged-Out,AREA_C,AREA_B,AREA_C_TO_AREA_B,CI,BI,31_60,very_high,6_8,Y,L,0,0.9924404016071925,58.0762516662623
54.0,158.16433719999998,7.857638888888889,4,2,2,0,0,0,1,0,0,4,1,191.33333333333334,15.0,58.518629,6,0,SPECIAL EQUIPMENT,NEW MERIDIAN,LANG_02,Round-Trip,mozilla,Direct,Direct,Logged-Out,AREA_C,AREA_B,AREA_C_TO_AREA_B,CI,BI,31_60,very_high,6_8,Y,L,0,0.9897317461058565,57.9177448598908
10.0,130.6439207,5.131944444444445,5,3,0,2,0,1,0,0,0,2,1,125.08333333333333,22.0,85.66,3,1,SPECIAL EQUIPMENT,UPPER VERTEX,LANG_02,Round-Trip,google,Paid Search,Organic Search,Logged-Out,AREA_C,AREA_B,AREA_C_TO_AREA_B,CA,BE,8_14,very_high,6_8,Y,U,0,0.6746798971661669,57.793079991253855
12.0,240.2865792,5.756944444444445,4,2,1,1,0,1,1,0,0,3,1,139.75,20.0,64.245,3,1,SPECIAL EQUIPMENT,UPPER APEX,LANG_09,Round-Trip,apple,Direct,Direct,Logged-Out,AREA_C,AREA_D,AREA_C_TO_AREA_D,CA,DA,8_14,very_high,6_8,Y,L,0,0.8931726432702568,57.38187646689765
26.0,52.2920036,6.461805555555555,2,2,0,0,0,0,0,0,0,2,1,157.41666666666666,22.0,85.66,3,1,SPECIAL EQUIPMENT,UPPER APEX,LANG_09,Round-Trip,google,Paid Search,Paid Search,Logged-Out,AREA_C,AREA_C,AREA_C_TO_AREA_C,CA,CU,15_30,mid,6_8,Y,O,0,0.6693831285529406,57.33935879184489
48.0,47.0513248,5.517361111111111,2,2,0,0,0,0,0,1,0,2,1,134.41666666666666,17.0,65.8442722,3,1,SPECIAL EQUIPMENT,UPPER APEX,LANG_02,Round-Trip,apple,Direct,Direct,Logged-In,AREA_C,AREA_B,AREA_C_TO_AREA_B,CA,BI,31_60,mid,6_8,Y,L,0,0.8633088082182545,56.84394016098035
40.0,114.5711066,7.510416666666667,3,2,0,1,0,1,0,1,1,2,1,181.83333333333334,22.0,64.245,2,1,SPECIAL EQUIPMENT,UPPER APEX,LANG_09,Round-Trip,google,Email,Organic Search,Logged-In,AREA_C,AREA_D,AREA_C_TO_AREA_D,CA,DA,31_60,very_high,6_8,Y,W,0,0.8687012914979544,55.80971447228608
77.0,383.6488684,8.524305555555555,4,2,1,1,0,1,1,1,1,2,1,206.58333333333334,17.0,64.245,2,1,SPECIAL EQUIPMENT,UPPER APEX,LANG_09,Round-Trip,google,Paid Search,Email,Logged-In,AREA_C,AREA_B,AREA_C_TO_AREA_B,CA,BI,61_120,very_high,9_14,Y,K,1,0.8660420844679171,55.638873716641335
45.0,64.5358157,7.135416666666667,2,2,0,0,0,0,0,0,0,2,1,173.58333333333334,9.0,96.3675,3,1,SPECIAL EQUIPMENT,NORTH HORIZON,LANG_04,Round-Trip,google,Organic Search,Paid Search,Logged-Out,AREA_C,AREA_C,AREA_C_TO_AREA_C,CA,CU,31_60,high,6_8,Y,L,0,0.5758055286388518,55.48893928110456
9.0,96.6938646,4.159722222222222,3,3,0,0,0,0,0,1,1,2,1,101.75,23.0,85.66,6,1,SPECIAL EQUIPMENT,UPPER APEX,LANG_02,Round-Trip,google,Direct,Direct,Logged-In,AREA_C,AREA_B,AREA_C_TO_AREA_B,CA,BE,8_14,high,3_5,Y,W,0,0.6459025438568369,55.328011906776645
193.0,312.8628708,6.517361111111111,6,6,0,0,0,0,0,1,0,2,1,158.75,13.0,72.275625,3,1,SPECIAL EQUIPMENT,UPPER APEX,LANG_09,Round-Trip,google,Direct,Paid Search,Logged-In,AREA_C,AREA_C,AREA_C_TO_AREA_C,CA,CU,120_plus,very_high,6_8,Y,T,0,0.7599475287406964,54.9256826069393
112.0,205.8328423,,2,2,0,0,0,0,0,0,0,3,1,386.6666666666667,17.0,65.0253626,4,1,SPECIAL EQUIPMENT,LOWER VERTEX,LANG_02,Multi-City,apple,Direct,Direct,Logged-Out,AREA_B,AREA_C,AREA_B_TO_AREA_C,BU,CA,61_120,very_high,unknown_or_oneway,Y,L,0,0.8435937008321435,54.854986283686046
107.0,184.9330872,7.201388888888889,4,2,0,2,0,1,0,1,0,2,1,176.33333333333334,22.0,77.094,3,1,SPECIAL EQUIPMENT,UPPER APEX,LANG_09,Round-Trip,apple,Direct,Direct,Logged-In,AREA_C,AREA_B,AREA_C_TO_AREA_B,CA,BA,61_120,very_high,6_8,Y,W,0,0.7040289590876597,54.276408571904035
11.0,63.360132199999995,12.184027777777779,2,2,0,0,0,0,0,0,0,3,1,294.6666666666667,18.0,63.9700314,5,0,SPECIAL EQUIPMENT,LOWER ZENITH,LANG_02,Round-Trip,google,MetaSearches,Paid Search,Logged-Out,AREA_C,AREA_C,AREA_C_TO_AREA_C,CE,CI,8_14,high,9_14,Y,T,0,0.8468380044669038,54.17225373646118
67.0,61.80840129999999,4.847222222222222,2,2,0,0,0,0,0,0,0,4,1,120.08333333333333,17.0,70.2621867,4,0,SPECIAL EQUIPMENT,WEST HORIZON,LANG_02,Round-Trip,google,Direct,Organic Search,Logged-Out,AREA_B,AREA_B,AREA_B_TO_AREA_B,BA,BE,61_120,high,3_5,Y,V,0,0.7639170138693839,53.674479851797145
126.0,227.3437815,,2,2,0,0,0,0,0,0,0,2,1,521.3333333333334,13.0,65.0253626,4,1,SPECIAL EQUIPMENT,LOWER VERTEX,LANG_02,Multi-City,google,Direct,Direct,Logged-Out,AREA_B,AREA_C,AREA_B_TO_AREA_C,BU,CA,120_plus,very_high,unknown_or_oneway,Y,U,0,0.8224226061602787,53.478328176009114
86.0,131.432421,10.197916666666666,3,3,0,0,0,0,0,0,0,2,1,248.25,23.0,77.094,3,1,SPECIAL EQUIPMENT,UPPER APEX,LANG_09,Round-Trip,apple,Organic Search,Organic Search,Logged-Out,AREA_C,AREA_B,AREA_C_TO_AREA_B,CA,BA,61_120,very_high,9_14,Y,V,0,0.6879740465606397,53.03867114554595
113.0,127.0226442,4.75,3,3,0,0,0,0,0,0,0,2,1,115.91666666666667,11.0,85.66,4,1,SPECIAL EQUIPMENT,UPPER APEX,LANG_09,Round-Trip,google,Direct,Direct,Logged-Out,AREA_C,AREA_B,AREA_C_TO_AREA_B,CA,BE,61_120,very_high,3_5,Y,W,0,0.6143023878666191,52.62114254465459
26.0,44.7796216,3.2708333333333335,2,2,0,0,0,0,0,1,1,4,1,81.25,15.0,87.2464232,4,0,SPECIAL EQUIPMENT,NEW MERIDIAN,LANG_02,Round-Trip,google,MetaSearches,MetaSearches,Logged-In,AREA_C,AREA_C,AREA_C_TO_AREA_C,CI,CI,15_30,mid,3_5,Y,U,0,0.5989138336131322,52.253089787745715
67.0,168.0854784,9.197916666666666,3,3,0,0,0,0,0,0,0,2,1,224.25,17.0,77.094,2,1,SPECIAL EQUIPMENT,UPPER APEX,LANG_09,Round-Trip,google,Paid Search,Paid Search,Logged-Out,AREA_C,AREA_B,AREA_C_TO_AREA_B,CA,BA,61_120,very_high,9_14,Y,S,0,0.6777227590444349,52.24835838577166
188.0,73.3211053,5.232638888888889,3,3,0,0,0,0,0,1,1,4,1,127.66666666666667,10.0,64.0454122,4,0,SPECIAL EQUIPMENT,LOWER ZENITH,LANG_02,Round-Trip,google,Email,Email,Logged-In,AREA_C,AREA_B,AREA_C_TO_AREA_B,CE,BE,120_plus,high,6_8,Y,S,1,0.8088891698982174,51.80564031024716
166.0,517.4245187,15.496527777777779,2,2,0,0,0,0,0,0,0,4,1,374.0833333333333,10.0,76.224551,5,0,SPECIAL EQUIPMENT,NORTH ZENITH,LANG_06,Round-Trip,google,MetaSearches,MetaSearches,Logged-Out,AREA_C,AREA_B,AREA_C_TO_AREA_B,CI,BU,120_plus,very_high,15_30,Y,K,0,0.6712703909489183,51.167284149675766
5.0,278.754772,6.159722222222222,4,2,0,2,0,1,0,0,0,2,1,149.75,7.0,85.66,3,1,SPECIAL EQUIPMENT,UPPER APEX,LANG_02,Round-Trip,mozilla,MetaSearches,MetaSearches,Logged-Out,AREA_C,AREA_B,AREA_C_TO_AREA_B,CA,BE,4_7,very_high,6_8,Y,B,0,0.5905352077912076,50.58524589939484
27.0,44.82759119999999,2.0416666666666665,2,2,0,0,0,0,0,0,0,4,1,51.75,19.0,87.2464232,5,0,SPECIAL EQUIPMENT,NEW MERIDIAN,LANG_02,Round-Trip,google,Direct,Organic Search,Logged-Out,AREA_C,AREA_C,AREA_C_TO_AREA_C,CI,CI,15_30,mid,3_5,Y,U,0,0.5782080067645172,50.44658045580553
93.0,446.9790196,,2,2,0,0,0,0,0,0,0,2,1,406.0,20.0,65.0253626,4,1,SPECIAL EQUIPMENT,LOWER VERTEX,LANG_02,Multi-City,google,Organic Search,Organic Search,Logged-Out,AREA_B,AREA_C,AREA_B_TO_AREA_C,BU,CA,61_120,very_high,unknown_or_oneway,Y,V,0,0.772466101366637,50.22988833757392
161.0,728.1960882999999,,5,2,0,3,0,1,0,1,0,2,1,310.0,22.0,65.0253626,4,1,SPECIAL EQUIPMENT,LOWER VERTEX,LANG_02,Multi-City,google,Internal,Paid Search,Logged-In,AREA_B,AREA_C,AREA_B_TO_AREA_C,BU,CA,120_plus,very_high,unknown_or_oneway,Y,U,0,0.7672483107467319,49.89059961054372
47.0,188.610471,6.197916666666667,3,2,1,0,0,0,1,1,0,2,1,152.25,17.0,77.094,3,1,SPECIAL EQUIPMENT,UPPER APEX,LANG_09,Round-Trip,google,Direct,Direct,Logged-In,AREA_C,AREA_B,AREA_C_TO_AREA_B,CA,BA,31_60,very_high,6_8,Y,S,0,0.6449611327640401,49.7226335693109
100.0,187.0763004,,2,2,0,0,0,0,0,0,0,2,1,209.33333333333334,19.0,65.0253626,4,1,SPECIAL EQUIPMENT,LOWER VERTEX,LANG_02,Multi-City,apple,Direct,Direct,Logged-Out,AREA_B,AREA_C,AREA_B_TO_AREA_C,BU,CA,61_120,very_high,unknown_or_oneway,Y,U,0,0.7608850387545227,49.47682554192789
79.0,322.95404709999997,6.378472222222222,4,3,0,1,0,1,0,1,0,4,1,155.83333333333334,21.0,50.1093868,3,0,SPECIAL EQUIPMENT,NEW MERIDIAN,LANG_02,Round-Trip,google,Direct,Direct,Logged-In,AREA_C,AREA_B,AREA_C_TO_AREA_B,CI,BI,61_120,very_high,6_8,Y,K,1,0.9815761789500231,49.18618042467273
77.0,63.748172,5.159722222222222,4,4,0,0,0,0,0,0,0,2,1,125.75,17.0,85.66,4,1,SPECIAL EQUIPMENT,UPPER APEX,LANG_09,Round-Trip,google,Direct,MetaSearches,Logged-Out,AREA_C,AREA_B,AREA_C_TO_AREA_B,CA,BE,61_120,high,6_8,Y,O,1,0.5737070469188574,49.14374563906932
31.0,200.5540448,78.4375,2,2,0,0,0,0,0,0,0,4,1,1883.5833333333333,11.0,77.094,2,0,SPECIAL EQUIPMENT,LOWER VERTEX,LANG_02,Round-Trip,google,MetaSearches,Paid MetaSearches,Logged-Out,AREA_C,AREA_D,AREA_C_TO_AREA_D,CE,DA,31_60,very_high,30_plus,Y,O,0,0.6315675207483595,48.69006644457403
115.0,28.4271276,5.142361111111111,2,2,0,0,0,0,0,0,0,2,1,125.75,21.0,72.275625,3,1,SPECIAL EQUIPMENT,UPPER APEX,LANG_09,Round-Trip,apple,Direct,Organic Search,Logged-Out,AREA_C,AREA_C,AREA_C_TO_AREA_C,CA,CU,61_120,low,6_8,Y,O,0,0.6714262443280202,48.52775145021037
73.0,28.4271276,10.76736111111111,2,2,0,0,0,0,0,0,0,2,1,260.75,21.0,72.275625,6,1,SPECIAL EQUIPMENT,UPPER APEX,LANG_09,Round-Trip,google,Email,Paid Search,Logged-Out,AREA_C,AREA_C,AREA_C_TO_AREA_C,CA,CU,61_120,low,9_14,Y,O,0,0.6694355374583062,48.383871867009994
101.0,78.7592304,6.159722222222222,3,2,1,0,0,0,1,1,0,2,1,149.75,19.0,85.66,4,1,SPECIAL EQUIPMENT,UPPER APEX,LANG_02,Round-Trip,google,Direct,Email,Logged-In,AREA_C,AREA_B,AREA_C_TO_AREA_B,CA,BE,61_120,high,6_8,Y,O,0,0.5635082480939877,48.270116531730984
,125.3458497,7.392361111111111,3,3,0,0,0,0,0,0,0,4,1,180.16666666666666,22.0,48.2539912,2,0,SPECIAL EQUIPMENT,NEW MERIDIAN,LANG_02,Round-Trip,google,Direct,Direct,Logged-Out,AREA_C,AREA_B,AREA_C_TO_AREA_B,CI,BI,MISSING,very_high,6_8,Y,L,1,0.9989616110557489,48.20388478902193
30.0,31.9306216,7.385416666666667,2,2,0,0,0,0,0,1,1,2,1,179.25,17.0,85.66,6,1,SPECIAL EQUIPMENT,UPPER APEX,LANG_02,Round-Trip,google,Direct,Email,Logged-In,AREA_C,AREA_B,AREA_C_TO_AREA_B,CA,BE,15_30,low,6_8,Y,U,0,0.561955523053584,48.13711010477
38.0,75.1974876,4.159722222222222,3,3,0,0,0,0,0,1,1,2,1,101.75,15.0,85.66,6,1,SPECIAL EQUIPMENT,UPPER APEX,LANG_02,Round-Trip,apple,Direct,Direct,Logged-In,AREA_C,AREA_B,AREA_C_TO_AREA_B,CA,BE,31_60,high,3_5,Y,O,0,0.5615058998347102,48.09859537984128
181.0,56.094451,7.0,3,2,0,1,0,1,0,0,0,2,1,170.0,21.0,85.66,3,1,SPECIAL EQUIPMENT,UPPER APEX,LANG_09,Round-Trip,google,Organic Search,Paid Search,Logged-Out,AREA_C,AREA_B,AREA_C_TO_AREA_B,CA,BE,120_plus,high,6_8,Y,U,0,0.5608965241384303,48.046396257697936
18.0,50.001883500000005,6.673611111111111,2,2,0,0,0,0,0,0,0,4,1,162.91666666666666,22.0,49.5080536,4,0,SPECIAL EQUIPMENT,NEW MERIDIAN,LANG_02,Round-Trip,google,Direct,Direct,Logged-Out,AREA_C,AREA_C,AREA_C_TO_AREA_C,CI,CE,15_30,mid,6_8,Y,U,0,0.9629989088943123,47.676201598281125
179.0,815.3427176,19.49652777777778,4,2,0,2,0,1,0,0,0,4,1,470.0833333333333,15.0,76.224551,5,0,SPECIAL EQUIPMENT,NORTH ZENITH,LANG_06,Round-Trip,apple,Direct,Direct,Logged-Out,AREA_C,AREA_B,AREA_C_TO_AREA_B,CI,BU,120_plus,very_high,15_30,Y,K,0,0.625115472859626,47.64914624187768
83.0,171.2664625,8.67361111111111,4,2,0,2,0,1,0,0,0,4,1,210.91666666666666,20.0,48.3927604,2,0,SPECIAL EQUIPMENT,NEW MERIDIAN,LANG_02,Round-Trip,google,Paid Search,Paid Search,Logged-Out,AREA_C,AREA_C,AREA_C_TO_AREA_C,CI,CE,61_120,very_high,9_14,Y,L,0,0.981055111312742,47.475964940952856
38.0,53.6437184,4.513888888888889,4,4,0,0,0,0,0,0,0,2,1,110.33333333333333,10.0,85.66,6,1,SPECIAL EQUIPMENT,UPPER APEX,LANG_09,Round-Trip,mozilla,Direct,Organic Search,Logged-Out,AREA_C,AREA_B,AREA_C_TO_AREA_B,CA,BE,31_60,mid,3_5,Y,O,0,0.5509782810990715,47.196799558946466
31.0,124.4160104,11.197916666666666,2,2,0,0,0,0,0,0,0,2,1,272.25,21.0,77.094,2,1,SPECIAL EQUIPMENT,UPPER APEX,LANG_09,Round-Trip,google,Paid Search,Paid Search,Logged-Out,AREA_C,AREA_B,AREA_C_TO_AREA_B,CA,BA,31_60,very_high,9_14,Y,T,0,0.6118508980935009,47.17003313762036
41.0,145.870414,8.197916666666666,2,2,0,0,0,0,0,0,0,2,1,200.25,21.0,77.094,2,1,SPECIAL EQUIPMENT,UPPER APEX,LANG_09,Round-Trip,apple,Paid Search,Paid Search,Logged-Out,AREA_C,AREA_B,AREA_C_TO_AREA_B,CA,BA,31_60,very_high,9_14,Y,T,0,0.6095984799669012,46.99638521456828
51.0,108.2412609,3.7291666666666665,3,3,0,0,0,0,0,0,0,4,1,92.25,16.0,48.9581164,6,0,SPECIAL EQUIPMENT,NEW MERIDIAN,LANG_10,Round-Trip,google,Paid Search,Paid Search,Logged-Out,AREA_C,AREA_C,AREA_C_TO_AREA_C,CI,CI,31_60,very_high,3_5,Y,L,0,0.9577736520981126,46.8907939442725
38.0,135.4610108,5.197916666666667,4,2,1,1,0,1,1,1,0,2,1,128.25,18.0,77.094,3,1,SPECIAL EQUIPMENT,UPPER APEX,LANG_09,Round-Trip,apple,Direct,Direct,Logged-In,AREA_C,AREA_B,AREA_C_TO_AREA_B,CA,BA,31_60,very_high,6_8,Y,U,0,0.608086528709534,46.87982284433281
24.0,64.8116409,6.71875,2,2,0,0,0,0,0,0,0,4,1,163.91666666666666,12.0,48.2539912,3,0,SPECIAL EQUIPMENT,NEW MERIDIAN,LANG_02,Round-Trip,google,Direct,Direct,Logged-Out,AREA_C,AREA_B,AREA_C_TO_AREA_B,CI,BI,15_30,high,6_8,Y,W,0,0.9714619124652335,46.87691457523255
10.0,105.2238874,8.666666666666666,2,2,0,0,0,0,0,0,0,4,1,210.41666666666666,12.0,49.0009464,5,0,SPECIAL EQUIPMENT,NEW MERIDIAN,LANG_02,Round-Trip,google,MetaSearches,MetaSearches,Logged-Out,AREA_B,AREA_C,AREA_B_TO_AREA_C,BU,CE,8_14,very_high,9_14,Y,V,1,0.9545632424648346,46.77450227942956
143.0,70.6776377,9.04861111111111,2,2,0,0,0,0,0,0,0,4,1,218.75,17.0,47.9370492,2,0,SPECIAL EQUIPMENT,EAST VERTEX,LANG_02,Round-Trip,apple,Direct,Paid Search,Logged-Out,AREA_B,AREA_C,AREA_B_TO_AREA_C,BI,CU,120_plus,high,9_14,Y,W,0,0.9717629705743843,46.58344933116241
17.0,53.1922902,6.513888888888889,3,3,0,0,0,0,0,0,0,2,1,158.33333333333334,18.0,85.66,3,1,SPECIAL EQUIPMENT,UPPER APEX,LANG_02,Round-Trip,apple,Direct,Direct,Logged-Out,AREA_C,AREA_B,AREA_C_TO_AREA_B,CA,BE,15_30,mid,6_8,Y,U,0,0.5434064743035845,46.54819858884505
93.0,41.7369784,6.513888888888889,2,2,0,0,0,0,0,1,0,2,1,158.33333333333334,13.0,85.66,3,1,SPECIAL EQUIPMENT,UPPER APEX,LANG_02,Round-Trip,apple,Direct,Direct,Logged-In,AREA_C,AREA_B,AREA_C_TO_AREA_B,CA,BE,61_120,mid,6_8,Y,W,0,0.5415671813489968,46.390644754355066
17.0,282.1708928,6.517361111111111,2,2,0,0,0,0,0,0,0,2,1,158.58333333333334,19.0,49.2545,4,1,SPECIAL EQUIPMENT,UPPER APEX,LANG_09,Round-Trip,apple,Direct,Direct,Logged-Out,AREA_C,AREA_B,AREA_C_TO_AREA_B,CA,BI,15_30,very_high,6_8,C,Z,0,0.9417949554688222,46.387639634139106
160.0,117.2651136,5.329861111111111,2,2,0,0,0,0,0,0,0,4,1,130.0,7.0,47.9087814,3,0,SPECIAL EQUIPMENT,UPPER APEX,LANG_02,Round-Trip,google,Direct,Email,Logged-Out,AREA_C,AREA_B,AREA_C_TO_AREA_B,CE,BI,120_plus,very_high,6_8,Y,L,0,0.9663774858716221,46.297967720505135
18.0,188.6541576,6.197916666666667,3,3,0,0,0,0,0,0,0,2,1,152.25,9.0,77.094,4,1,SPECIAL EQUIPMENT,UPPER APEX,LANG_09,Round-Trip,mozilla,Paid Search,Paid Search,Logged-Out,AREA_C,AREA_B,AREA_C_TO_AREA_B,CA,BA,15_30,very_high,6_8,Y,V,0,0.6000458840182539,46.25993738250326
11.0,68.4813153,5.371527777777778,2,2,0,0,0,0,0,1,1,4,1,131.66666666666666,16.0,48.9581164,4,0,SPECIAL EQUIPMENT,NEW MERIDIAN,LANG_02,Round-Trip,microsoft,Paid Search,MetaSearches,Logged-In,AREA_C,AREA_C,AREA_C_TO_AREA_C,CI,CI,8_14,high,6_8,Y,L,1,0.9428197256794925,46.15867787403266
170.0,44.1671526,5.15625,3,2,1,0,0,0,1,0,0,2,1,125.66666666666667,16.0,85.66,4,1,SPECIAL EQUIPMENT,UPPER APEX,LANG_02,Round-Trip,google,Paid Search,Paid Search,Logged-Out,AREA_C,AREA_B,AREA_C_TO_AREA_B,CA,BE,120_plus,mid,6_8,Y,O,0,0.5369873246239107,45.99833422728419
123.0,253.9609133,,3,2,1,0,0,0,1,0,0,2,1,209.33333333333334,15.0,65.0253626,4,1,SPECIAL EQUIPMENT,LOWER VERTEX,LANG_02,Multi-City,google,Paid Search,Paid Search,Logged-Out,AREA_B,AREA_C,AREA_B_TO_AREA_C,BU,CA,120_plus,very_high,unknown_or_oneway,Y,L,0,0.706724856052077,45.955040023219105
30.0,152.89796040000002,7.135416666666667,4,3,1,0,0,0,1,0,0,2,1,173.58333333333334,20.0,49.2545,6,1,SPECIAL EQUIPMENT,UPPER APEX,LANG_09,Round-Trip,apple,Direct,Paid Search,Logged-Out,AREA_C,AREA_C,AREA_C_TO_AREA_C,CA,CU,15_30,very_high,6_8,Y,O,1,0.9314279421399073,45.877017576130065
20.0,80.4878492,4.128472222222222,2,2,0,0,0,0,0,0,0,2,1,101.25,20.0,64.245,5,1,SPECIAL EQUIPMENT,UPPER APEX,LANG_09,Round-Trip,apple,MetaSearches,MetaSearches,Logged-Out,AREA_C,AREA_B,AREA_C_TO_AREA_B,CA,BI,15_30,high,3_5,Y,W,0,0.7137991675151057,45.85802751700797
1.0,86.9688848,3.5104166666666665,2,2,0,0,0,0,0,0,0,2,1,85.83333333333333,20.0,64.245,5,1,SPECIAL EQUIPMENT,UPPER APEX,LANG_09,Round-Trip,apple,Direct,Paid Search,Logged-Out,AREA_C,AREA_D,AREA_C_TO_AREA_D,CA,DA,0_3,high,3_5,Y,V,0,0.7103965780271186,45.63942815535224
84.0,332.686308,12.39236111111111,2,2,0,0,0,0,0,0,0,2,1,304.6666666666667,17.0,77.094,5,1,SPECIAL EQUIPMENT,UPPER APEX,LANG_09,Round-Trip,google,Direct,Paid Search,Logged-Out,AREA_C,AREA_B,AREA_C_TO_AREA_B,CA,BU,61_120,very_high,9_14,Y,V,0,0.5915010327365083,45.60118061778837
71.0,66.3248248,4.986111111111111,2,2,0,0,0,0,0,0,0,2,1,121.41666666666667,12.0,64.245,5,1,SPECIAL EQUIPMENT,UPPER APEX,LANG_09,Round-Trip,google,Paid Search,Paid Search,Logged-Out,AREA_C,AREA_D,AREA_C_TO_AREA_D,CA,DA,61_120,high,3_5,Y,O,0,0.7096462396236944,45.591222664624254
88.0,471.9848868,7.701388888888889,3,2,1,0,0,0,1,1,0,4,1,186.91666666666666,19.0,46.7981995,1,0,SPECIAL EQUIPMENT,LOWER ZENITH,LANG_02,Round-Trip,google,Organic Search,Organic Search,Logged-In,AREA_C,AREA_B,AREA_C_TO_AREA_B,CE,BI,61_120,very_high,6_8,C,Z,0,0.9712960827539427,45.45490785428753
177.0,377.7558887,21.875,2,2,0,0,0,0,0,1,1,4,1,527.25,18.0,76.224551,5,0,SPECIAL EQUIPMENT,NORTH ZENITH,LANG_06,Round-Trip,google,Paid Search,Referrals,Logged-In,AREA_C,AREA_B,AREA_C_TO_AREA_B,CI,BU,120_plus,very_high,15_30,Y,T,0,0.5933057155440634,45.22446177307996
64.0,96.290406,10.197916666666666,2,2,0,0,0,0,0,0,0,2,1,248.25,17.0,77.094,2,1,SPECIAL EQUIPMENT,UPPER APEX,LANG_09,Round-Trip,apple,Direct,Direct,Logged-Out,AREA_C,AREA_B,AREA_C_TO_AREA_B,CA,BA,61_120,high,9_14,Y,O,0,0.5849122170651592,45.09322246242138
24.0,76.33076940000001,5.899305555555555,3,3,0,0,0,0,0,0,0,2,1,143.5,20.0,85.66,4,1,SPECIAL EQUIPMENT,UPPER APEX,LANG_09,Round-Trip,microsoft,Paid Search,Paid Search,Logged-Out,AREA_C,AREA_B,AREA_C_TO_AREA_B,CA,BE,15_30,high,6_8,Y,V,0,0.5247771906959565,44.95241415501563
83.0,80.5662281,7.9375,2,2,0,0,0,0,0,0,0,4,1,191.41666666666666,20.0,48.18375,5,0,SPECIAL EQUIPMENT,SOUTH MERIDIAN,LANG_02,Round-Trip,google,Paid Search,Organic Search,Logged-Out,AREA_C,AREA_B,AREA_C_TO_AREA_B,CA,BI,61_120,high,6_8,Y,S,0,0.9327928404119666,44.9454570242001
177.0,54.1251276,9.76736111111111,2,2,0,0,0,0,0,0,0,2,1,236.75,19.0,72.275625,5,1,SPECIAL EQUIPMENT,UPPER APEX,LANG_09,Round-Trip,mozilla,Email,Email,Logged-Out,AREA_C,AREA_C,AREA_C_TO_AREA_C,CA,CU,120_plus,high,9_14,Y,O,0,0.621303978577395,44.90513336666784
85.0,54.6904836,7.680555555555555,3,2,1,0,0,0,1,1,0,4,1,185.33333333333334,20.0,49.2545,3,0,SPECIAL EQUIPMENT,UPPER APEX,LANG_09,Round-Trip,mozilla,Direct,Organic Search,Logged-In,AREA_B,AREA_C,AREA_B_TO_AREA_C,BE,CE,61_120,high,6_8,Y,U,1,0.9107185522733038,44.85698693294544
82.0,319.2865142,,2,2,0,0,0,0,0,1,1,3,1,382.0833333333333,16.0,65.0253626,4,1,SPECIAL EQUIPMENT,LOWER VERTEX,LANG_02,Multi-City,microsoft,Paid Search,Paid Search,Logged-In,AREA_B,AREA_C,AREA_B_TO_AREA_C,BU,CA,61_120,very_high,unknown_or_oneway,Y,L,0,0.6885446678569371,44.7728666936939
26.0,59.441187199999995,,3,2,0,1,0,1,0,0,0,1,0,2.0833333333333335,16.0,65.8442722,3,1,SPECIAL EQUIPMENT,UPPER APEX,LANG_09,Round-Trip,google,Paid Search,Paid Search,Logged-Out,AREA_C,AREA_B,AREA_C_TO_AREA_B,CA,BI,15_30,high,unknown_or_oneway,Y,U,0,0.6758121010803083,44.498355939585736
41.0,90.0509316,8.20138888888889,2,2,0,0,0,0,0,0,0,2,1,200.33333333333334,1.0,77.094,2,1,SPECIAL EQUIPMENT,UPPER APEX,LANG_02,Round-Trip,microsoft,Paid Search,Organic Search,Logged-Out,AREA_C,AREA_B,AREA_C_TO_AREA_B,CA,BA,31_60,high,9_14,Y,W,0,0.5765307584895003,44.447062294989536
40.0,89.4992812,30.197916666666668,2,2,0,0,0,0,0,0,0,2,1,728.25,21.0,77.094,2,1,SPECIAL EQUIPMENT,UPPER APEX,LANG_09,Round-Trip,google,Direct,Direct,Logged-Out,AREA_C,AREA_B,AREA_C_TO_AREA_B,CA,BA,31_60,high,30_plus,Y,U,0,0.5763866291832181,44.43595079025101
131.0,75.5110032,7.517361111111111,3,3,0,0,0,0,0,1,1,2,1,182.41666666666666,17.0,47.113,2,1,SPECIAL EQUIPMENT,UPPER APEX,LANG_09,Round-Trip,apple,Direct,Direct,Logged-In,AREA_C,AREA_B,AREA_C_TO_AREA_B,CA,BI,120_plus,high,6_8,Y,U,1,0.9423040539807205,44.39477089519368
63.0,34.5312592,8.46875,2,2,0,0,0,0,0,1,0,2,1,204.91666666666666,19.0,59.962,6,1,SPECIAL EQUIPMENT,UPPER APEX,LANG_09,Round-Trip,apple,Direct,Direct,Logged-In,AREA_C,AREA_C,AREA_C_TO_AREA_C,CA,CU,61_120,mid,9_14,Y,O,0,0.738902231415713,44.30605560014899
141.0,43.1649306,4.385416666666667,3,3,0,0,0,0,0,1,0,2,1,107.25,23.0,85.66,5,1,SPECIAL EQUIPMENT,UPPER APEX,LANG_02,Round-Trip,apple,Direct,Direct,Logged-In,AREA_C,AREA_B,AREA_C_TO_AREA_B,CA,BE,120_plus,mid,3_5,Y,U,0,0.5137191213991358,44.00517993904997
8.0,48.7799436,7.347222222222222,2,2,0,0,0,0,0,0,0,4,1,177.25,21.0,48.18375,5,0,SPECIAL EQUIPMENT,UPPER APEX,LANG_02,Round-Trip,google,MetaSearches,MetaSearches,Logged-Out,AREA_C,AREA_B,AREA_C_TO_AREA_B,CA,BI,8_14,mid,6_8,Y,W,1,0.9123998296044783,43.96284528970478
43.0,115.461114,9.197916666666666,2,2,0,0,0,0,0,1,0,2,1,224.25,8.0,77.094,3,1,SPECIAL EQUIPMENT,UPPER APEX,LANG_02,Round-Trip,google,Direct,Direct,Logged-In,AREA_C,AREA_B,AREA_C_TO_AREA_B,CA,BA,31_60,very_high,9_14,Y,Q,0,0.5695861010643606,43.91167087545581
34.0,105.1802008,8.51736111111111,4,2,2,0,0,0,1,1,1,2,1,206.41666666666666,13.0,48.18375,6,1,SPECIAL EQUIPMENT,UPPER APEX,LANG_02,Round-Trip,apple,Direct,Direct,Logged-In,AREA_C,AREA_B,AREA_C_TO_AREA_B,CA,BI,31_60,very_high,9_14,Y,L,0,0.9108640629575734,43.88884629353198
69.0,64.5825004,6.517361111111111,2,2,0,0,0,0,0,0,0,2,1,158.41666666666666,16.0,48.18375,3,1,SPECIAL EQUIPMENT,UPPER APEX,LANG_09,Round-Trip,apple,Direct,Direct,Logged-Out,AREA_C,AREA_B,AREA_C_TO_AREA_B,CA,BI,61_120,high,6_8,Y,U,1,0.9076602992073947,43.734476941934304
48.0,503.6756604,15.48611111111111,2,2,0,0,0,0,0,0,0,4,1,373.9166666666667,1.0,76.224551,1,0,SPECIAL EQUIPMENT,NORTH ZENITH,LANG_06,Round-Trip,google,Paid Search,Organic Search,Logged-Out,AREA_C,AREA_B,AREA_C_TO_AREA_B,CI,BU,31_60,very_high,15_30,Y,Q,0,0.5716542774291685,43.57409062426781
133.0,365.0366636,12.0,2,2,0,0,0,0,0,0,0,2,1,295.25,13.0,77.094,5,1,SPECIAL EQUIPMENT,UPPER APEX,LANG_09,Round-Trip,apple,Direct,Direct,Logged-Out,AREA_C,AREA_B,AREA_C_TO_AREA_B,CA,BU,120_plus,very_high,9_14,Y,W,0,0.5642361110646161,43.499218746415515
51.0,820.7187392,8.496527777777779,2,2,0,0,0,0,0,1,1,2,1,211.16666666666666,21.0,77.094,5,1,SPECIAL EQUIPMENT,UPPER APEX,LANG_02,Round-Trip,google,Direct,Direct,Logged-In,AREA_C,AREA_B,AREA_C_TO_AREA_B,CA,BU,31_60,very_high,9_14,P,P,0,0.5640043983952145,43.481355089880665
33.0,58.608572,5.517361111111111,2,2,0,0,0,0,0,0,0,2,1,134.41666666666666,12.0,48.18375,3,1,SPECIAL EQUIPMENT,UPPER APEX,LANG_09,Round-Trip,apple,Direct,Email,Logged-Out,AREA_C,AREA_B,AREA_C_TO_AREA_B,CA,BI,31_60,high,6_8,Y,L,0,0.9010928965622842,43.418034854732966
76.0,383.5563556,22.36111111111111,2,2,0,0,0,0,0,0,0,2,1,543.9166666666666,17.0,77.094,4,1,SPECIAL EQUIPMENT,UPPER APEX,LANG_09,Round-Trip,google,Direct,Direct,Logged-Out,AREA_C,AREA_B,AREA_C_TO_AREA_B,CA,BU,61_120,very_high,15_30,Y,V,0,0.5626405197845458,43.37620823226977
33.0,92.015972,8.197916666666666,2,2,0,0,0,0,0,0,0,2,1,200.25,22.0,77.094,2,1,SPECIAL EQUIPMENT,UPPER APEX,LANG_09,Round-Trip,google,Direct,Direct,Logged-Out,AREA_C,AREA_B,AREA_C_TO_AREA_B,CA,BA,31_60,high,9_14,Y,O,0,0.5615575735519841,43.29271957541666
54.0,66.5818048,3.7222222222222223,2,2,0,0,0,0,0,1,0,4,1,92.08333333333333,7.0,48.2539912,4,0,SPECIAL EQUIPMENT,NEW MERIDIAN,LANG_02,Round-Trip,google,Organic Search,Organic Search,Logged-In,AREA_C,AREA_B,AREA_C_TO_AREA_B,CI,BI,31_60,high,3_5,Y,W,0,0.8966503380226454,43.266957520421755
0.0,357.1495191,,2,2,0,0,0,0,0,1,1,3,1,262.0,23.0,65.0253626,3,1,SPECIAL EQUIPMENT,LOWER VERTEX,LANG_02,Multi-City,google,Organic Search,Paid Search,Logged-In,AREA_B,AREA_C,AREA_B_TO_AREA_C,BU,CA,invalid_or_past,very_high,unknown_or_oneway,Y,S,0,0.6649799979654687,43.24056548945186
69.0,122.2004145,7.322916666666667,3,3,0,0,0,0,0,0,0,2,1,176.75,12.0,48.18375,2,1,SPECIAL EQUIPMENT,UPPER APEX,LANG_09,Round-Trip,google,Paid Search,Paid Search,Logged-Out,AREA_C,AREA_C,AREA_C_TO_AREA_C,CA,CE,61_120,very_high,6_8,Y,V,0,0.895648275784188,43.15569260831637
77.0,49.5945702,5.638888888888889,2,2,0,0,0,0,0,1,0,4,1,136.58333333333334,19.0,47.8531024,4,0,SPECIAL EQUIPMENT,CENTRAL MERIDIAN,LANG_02,Round-Trip,apple,Direct,Direct,Logged-In,AREA_B,AREA_C,AREA_B_TO_AREA_C,BI,CE,61_120,mid,6_8,Y,O,0,0.9016084935328857,43.14476356573892
159.0,123.6206573,6.885416666666667,4,2,1,1,0,1,1,0,0,5,1,166.83333333333334,21.0,43.6626152,3,0,SPECIAL EQUIPMENT,NEW MERIDIAN,LANG_02,Round-Trip,google,Direct,Direct,Logged-Out,AREA_C,AREA_D,AREA_C_TO_AREA_D,CI,DA,120_plus,very_high,6_8,Y,L,0,0.9861933013486989,43.05977862960588
68.0,353.03055800000004,17.39236111111111,2,2,0,0,0,0,0,0,0,2,1,424.6666666666667,15.0,77.094,5,1,SPECIAL EQUIPMENT,UPPER APEX,LANG_09,Round-Trip,apple,Direct,Organic Search,Logged-Out,AREA_C,AREA_B,AREA_C_TO_AREA_B,CA,BU,61_120,very_high,15_30,Y,V,0,0.5583593231844551,43.04615366158238
25.0,57.0996711,8.899305555555555,4,3,1,0,0,0,1,0,0,2,1,215.5,19.0,85.66,6,1,SPECIAL EQUIPMENT,UPPER VERTEX,LANG_11,Round-Trip,google,Paid Search,MetaSearches,Logged-Out,AREA_C,AREA_B,AREA_C_TO_AREA_B,CA,BE,15_30,high,9_14,Y,O,0,0.5006056081948264,42.881876397968824
,111.6166932,7.517361111111111,3,3,0,0,0,0,0,0,0,2,1,182.41666666666666,16.0,42.83,2,1,SPECIAL EQUIPMENT,UPPER APEX,LANG_09,Round-Trip,google,Direct,Direct,Logged-Out,AREA_C,AREA_B,AREA_C_TO_AREA_B,CA,BI,MISSING,very_high,6_8,Y,Q,1,0.9990898191933734,42.79101695605218
54.0,109.1685304,7.517361111111111,2,2,0,0,0,0,0,1,0,2,1,182.41666666666666,16.0,47.113,3,1,SPECIAL EQUIPMENT,UPPER APEX,LANG_09,Round-Trip,apple,Direct,MetaSearches,Logged-In,AREA_C,AREA_B,AREA_C_TO_AREA_B,CA,BI,31_60,very_high,6_8,Y,Q,0,0.9076605204655869,42.76261010069519
66.0,84.272308,8.197916666666666,2,2,0,0,0,0,0,0,0,2,1,200.25,23.0,77.094,2,1,SPECIAL EQUIPMENT,UPPER APEX,LANG_09,Round-Trip,google,Organic Search,Organic Search,Logged-Out,AREA_C,AREA_B,AREA_C_TO_AREA_B,CA,BA,61_120,high,9_14,Y,O,0,0.5540820354583744,42.71640044162791
124.0,349.6743992,10.0,2,2,0,0,0,0,0,0,0,2,1,247.25,13.0,77.094,5,1,SPECIAL EQUIPMENT,UPPER APEX,LANG_09,Round-Trip,google,Direct,Direct,Logged-Out,AREA_C,AREA_B,AREA_C_TO_AREA_B,CA,BU,120_plus,very_high,9_14,Y,W,0,0.5536463331822176,42.68281041034988
143.0,191.2607914,6.263888888888889,4,2,2,0,0,0,1,1,0,4,1,152.25,21.0,43.2702924,4,0,SPECIAL EQUIPMENT,SOUTH VERTEX,LANG_02,Round-Trip,microsoft,Paid Search,Paid Search,Logged-In,AREA_C,AREA_C,AREA_C_TO_AREA_C,CU,CI,120_plus,very_high,6_8,Y,T,0,0.985901840079373,42.66026089793251
131.0,202.35633120000003,7.513888888888889,3,3,0,0,0,0,0,0,0,2,1,182.41666666666666,19.0,47.113,2,1,SPECIAL EQUIPMENT,UPPER APEX,LANG_09,Round-Trip,apple,Direct,Paid Search,Logged-Out,AREA_C,AREA_C,AREA_C_TO_AREA_C,CA,CI,120_plus,very_high,6_8,Y,Q,1,0.9054254247392192,42.65730803573883
1.0,197.2475688,3.1006944444444446,4,4,0,0,0,0,0,0,0,2,1,76.0,8.0,64.245,4,1,SPECIAL EQUIPMENT,UPPER APEX,LANG_09,Round-Trip,google,Direct,Organic Search,Logged-Out,AREA_C,AREA_D,AREA_C_TO_AREA_D,CA,DA,0_3,very_high,3_5,Y,V,0,0.6621309852941206,42.53860515022078
177.0,42.1327276,7.142361111111111,2,2,0,0,0,0,0,0,0,2,1,173.75,16.0,72.275625,6,1,SPECIAL EQUIPMENT,UPPER APEX,LANG_09,Round-Trip,microsoft,Paid Search,Paid Search,Logged-Out,AREA_C,AREA_C,AREA_C_TO_AREA_C,CA,CU,120_plus,mid,6_8,Y,O,0,0.5873135727537143,42.448455541757674
140.0,218.5280826,9.746527777777779,2,2,0,0,0,0,0,0,0,2,1,237.75,12.0,50.2841332,2,1,SPECIAL EQUIPMENT,UPPER APEX,LANG_09,Round-Trip,google,Organic Search,Organic Search,Logged-Out,AREA_C,AREA_C,AREA_C_TO_AREA_C,CA,CE,120_plus,very_high,9_14,Y,V,0,0.8436589020198547,42.42265660453212
147.0,202.69554479999996,5.204861111111111,4,4,0,0,0,0,0,0,0,2,1,128.41666666666666,21.0,77.094,4,1,SPECIAL EQUIPMENT,UPPER APEX,LANG_09,Round-Trip,google,Paid Search,Paid Search,Logged-Out,AREA_C,AREA_B,AREA_C_TO_AREA_B,CA,BA,120_plus,very_high,6_8,Y,V,0,0.5502689582526075,42.422435067526514
59.0,88.0362084,3.513888888888889,3,3,0,0,0,0,0,0,0,2,1,86.41666666666667,10.0,64.245,4,1,SPECIAL EQUIPMENT,UPPER APEX,LANG_09,Round-Trip,google,Direct,Direct,Logged-Out,AREA_C,AREA_C,AREA_C_TO_AREA_C,CA,CI,31_60,high,3_5,Y,U,1,0.6599220739099377,42.396693638343955
58.0,60.4057188,4.138888888888889,2,2,0,0,0,0,0,0,0,2,1,101.66666666666667,13.0,72.275625,4,1,SPECIAL EQUIPMENT,UPPER APEX,LANG_09,Round-Trip,google,Paid Search,Paid Search,Logged-Out,AREA_C,AREA_C,AREA_C_TO_AREA_C,CA,CU,31_60,high,3_5,Y,O,0,0.5857188058918539,42.33319277008742
111.0,387.1249512,21.010416666666668,2,2,0,0,0,0,0,1,0,2,1,510.9166666666667,22.0,68.8500816,1,1,SPECIAL EQUIPMENT,UPPER APEX,LANG_09,Round-Trip,google,Direct,Direct,Logged-In,AREA_C,AREA_B,AREA_C_TO_AREA_B,CA,BU,61_120,very_high,15_30,Y,V,0,0.6147606660140066,42.3263220195347
12.0,50.224171199999994,4.385416666666667,4,4,0,0,0,0,0,0,0,2,1,107.25,18.0,85.66,6,1,SPECIAL EQUIPMENT,UPPER APEX,LANG_09,Round-Trip,apple,Paid Search,Paid Search,Logged-Out,AREA_C,AREA_B,AREA_C_TO_AREA_B,CA,BE,8_14,mid,3_5,Y,O,0,0.4931933763129974,42.246944614971355
172.0,28.4271276,6.142361111111111,2,2,0,0,0,0,0,0,0,2,1,149.75,15.0,72.275625,3,1,SPECIAL EQUIPMENT,UPPER APEX,LANG_09,Round-Trip,google,Direct,Email,Logged-Out,AREA_C,AREA_C,AREA_C_TO_AREA_C,CA,CU,120_plus,low,6_8,Y,O,0,0.584387065396666,42.23694039345991
4.0,41.5339642,3.7222222222222223,2,2,0,0,0,0,0,1,0,4,1,92.08333333333333,23.0,48.9581164,6,0,SPECIAL EQUIPMENT,NEW MERIDIAN,LANG_02,Round-Trip,google,Direct,Direct,Logged-In,AREA_C,AREA_C,AREA_C_TO_AREA_C,CI,CI,4_7,mid,3_5,Y,U,0,0.8613150332151416,42.16836165321677
27.0,145.4738082,7.475694444444445,2,2,0,0,0,0,0,0,0,2,1,182.33333333333334,20.0,50.2841332,5,1,SPECIAL EQUIPMENT,UPPER APEX,LANG_09,Round-Trip,google,Paid Search,Paid Search,Logged-Out,AREA_C,AREA_C,AREA_C_TO_AREA_C,CA,CE,15_30,very_high,6_8,Y,L,0,0.8380689011480412,42.141568256105735
75.0,57.3613624,5.517361111111111,2,2,0,0,0,0,0,0,0,2,1,134.41666666666666,8.0,47.113,3,1,SPECIAL EQUIPMENT,UPPER APEX,LANG_09,Round-Trip,google,Direct,MetaSearches,Logged-Out,AREA_C,AREA_B,AREA_C_TO_AREA_B,CA,BI,61_120,high,6_8,Y,L,0,0.8923304188443856,42.04036302301554
37.0,172.2421299,4.534722222222222,6,6,0,0,0,0,0,0,0,4,1,110.66666666666667,14.0,43.0283029,6,0,SPECIAL EQUIPMENT,SOUTH VERTEX,LANG_02,Round-Trip,google,Organic Search,Organic Search,Logged-Out,AREA_C,AREA_B,AREA_C_TO_AREA_B,CU,BI,31_60,very_high,3_5,Y,O,0,0.9762208259584012,42.00512539662627
96.0,78.2024404,5.197916666666667,2,2,0,0,0,0,0,0,0,2,1,128.25,18.0,77.094,4,1,SPECIAL EQUIPMENT,UPPER APEX,LANG_09,Round-Trip,google,Direct,Direct,Logged-Out,AREA_C,AREA_B,AREA_C_TO_AREA_B,CA,BA,61_120,high,6_8,Y,U,0,0.5448354229962548,42.00354210047326
66.0,146.7989684,9.197916666666666,3,2,0,1,0,1,0,0,0,2,1,224.25,21.0,77.094,3,1,SPECIAL EQUIPMENT,UPPER APEX,LANG_09,Round-Trip,mozilla,Paid Search,Paid Search,Logged-Out,AREA_C,AREA_B,AREA_C_TO_AREA_B,CA,BA,61_120,very_high,9_14,Y,S,0,0.5432216002123204,41.879126046768626
27.0,55.949685599999995,11.288194444444445,2,2,0,0,0,0,0,1,0,2,1,272.8333333333333,10.0,85.66,2,1,SPECIAL EQUIPMENT,UPPER APEX,LANG_09,Round-Trip,google,MetaSearches,MetaSearches,Logged-In,AREA_C,AREA_B,AREA_C_TO_AREA_B,CA,BE,15_30,high,9_14,Y,L,0,0.4884023588692978,41.83654606074405
6.0,82.1428004,7.517361111111111,2,2,0,0,0,0,0,0,0,2,1,182.41666666666666,19.0,48.18375,5,1,SPECIAL EQUIPMENT,UPPER APEX,LANG_09,Round-Trip,apple,Direct,Direct,Logged-Out,AREA_C,AREA_B,AREA_C_TO_AREA_B,CA,BI,4_7,high,6_8,Y,S,0,0.8677446730567544,41.81119239039839
141.0,86.7547348,12.104166666666666,2,2,0,0,0,0,0,1,0,2,1,292.0833333333333,16.0,64.245,2,1,SPECIAL EQUIPMENT,UPPER APEX,LANG_09,Round-Trip,microsoft,Organic Search,Organic Search,Logged-In,AREA_C,AREA_D,AREA_C_TO_AREA_D,CA,DA,120_plus,high,9_14,Y,O,0,0.6506051714855823,41.798129242091235
35.0,114.0254524,7.319444444444445,2,2,0,0,0,0,0,1,0,3,1,177.25,14.0,44.4892342,6,1,SPECIAL EQUIPMENT,UPPER APEX,LANG_02,Round-Trip,apple,Direct,Direct,Logged-In,AREA_C,AREA_D,AREA_C_TO_AREA_D,CA,DA,31_60,very_high,6_8,Y,U,0,0.9391827227198143,41.78352010767548
38.0,285.0996082,7.475694444444445,2,2,0,0,0,0,0,0,0,2,1,182.33333333333334,14.0,50.2841332,2,1,SPECIAL EQUIPMENT,UPPER APEX,LANG_09,Round-Trip,google,Paid Search,Paid Search,Logged-Out,AREA_C,AREA_C,AREA_C_TO_AREA_C,CA,CE,31_60,very_high,6_8,Y,T,0,0.8288756799136818,41.679295095020144
33.0,222.3292451,4.986111111111111,3,3,0,0,0,0,0,0,0,6,1,120.16666666666667,19.0,43.6746076,4,0,SPECIAL EQUIPMENT,NEW MERIDIAN,LANG_02,Round-Trip,google,Paid Search,Paid Search,Logged-Out,AREA_C,AREA_B,AREA_C_TO_AREA_B,CI,BI,31_60,very_high,3_5,Y,Q,1,0.954080057524762,41.66907213137941
77.0,182.5782938,7.434027777777778,2,2,0,0,0,0,0,1,0,2,1,182.25,23.0,50.2841332,5,1,SPECIAL EQUIPMENT,UPPER APEX,LANG_09,Round-Trip,google,Direct,Direct,Logged-In,AREA_C,AREA_C,AREA_C_TO_AREA_C,CA,CE,61_120,very_high,6_8,Y,W,0,0.8282336357953212,41.64701046305222
41.0,132.78627730000002,8.197916666666666,3,2,0,1,0,1,0,0,0,2,1,200.25,8.0,77.094,2,1,SPECIAL EQUIPMENT,LOWER VERTEX,LANG_02,Round-Trip,google,Paid Search,Paid Search,Logged-Out,AREA_C,AREA_B,AREA_C_TO_AREA_B,CA,BA,31_60,very_high,9_14,Y,U,0,0.5396522325379587,41.60394921528138
19.0,63.0834504,12.125,4,3,0,1,0,1,0,0,0,2,1,293.0,22.0,46.77036,6,1,SPECIAL EQUIPMENT,UPPER APEX,LANG_09,Round-Trip,google,Direct,Paid Search,Logged-Out,AREA_C,AREA_C,AREA_C_TO_AREA_C,CA,CU,15_30,high,9_14,Y,U,0,0.888262770157668,41.544369534871386
8.0,202.6043169,7.475694444444445,3,3,0,0,0,0,0,1,0,2,1,182.33333333333334,16.0,50.2841332,5,1,SPECIAL EQUIPMENT,UPPER APEX,LANG_09,Round-Trip,google,Direct,Paid Search,Logged-In,AREA_C,AREA_C,AREA_C_TO_AREA_C,CA,CE,8_14,very_high,6_8,Y,L,0,0.8260943063405478,41.53943613578971
52.0,205.49834,10.458333333333334,2,2,0,0,0,0,0,0,0,2,1,254.83333333333334,12.0,50.2841332,5,1,SPECIAL EQUIPMENT,UPPER APEX,LANG_09,Round-Trip,google,Direct,Affiliate,Logged-Out,AREA_C,AREA_C,AREA_C_TO_AREA_C,CA,CE,31_60,very_high,9_14,Y,W,0,0.8257534268486557,41.52229530601426
20.0,101.018838,3.517361111111111,2,2,0,0,0,0,0,0,0,2,1,86.58333333333333,11.0,96.3675,4,1,SPECIAL EQUIPMENT,UPPER APEX,LANG_09,Round-Trip,mozilla,Direct,Organic Search,Logged-Out,AREA_C,AREA_B,AREA_C_TO_AREA_B,CA,BI,15_30,high,3_5,Y,U,0,0.43086699529799627,41.52157516937966
86.0,115.34119,7.427083333333333,2,2,0,0,0,0,0,0,0,2,1,182.08333333333334,13.0,50.2841332,5,1,SPECIAL EQUIPMENT,UPPER APEX,LANG_09,Round-Trip,mozilla,Paid Search,Paid Search,Logged-Out,AREA_C,AREA_C,AREA_C_TO_AREA_C,CA,CE,61_120,very_high,6_8,Y,O,0,0.8255890925390814,41.514031897702296
38.0,296.4872486,4.729166666666667,6,6,0,0,0,0,0,0,0,4,1,116.25,21.0,42.5695936,6,0,SPECIAL EQUIPMENT,NEW MERIDIAN,LANG_02,Round-Trip,apple,Direct,Direct,Logged-Out,AREA_C,AREA_D,AREA_C_TO_AREA_D,CI,DA,31_60,very_high,3_5,Y,Q,0,0.974908619576374,41.50146373250324
29.0,305.4027414,7.517361111111111,6,3,1,2,0,1,1,0,1,2,1,182.58333333333334,17.0,43.2583,6,1,SPECIAL EQUIPMENT,UPPER APEX,LANG_09,Round-Trip,apple,Direct,Direct,Logged-Out,AREA_C,AREA_B,AREA_C_TO_AREA_B,CA,BI,15_30,very_high,6_8,Y,V,0,0.959134400662927,41.49052364419709
173.0,125.8756568,8.427083333333334,4,2,0,1,1,1,0,0,0,2,1,205.75,9.0,77.094,2,1,SPECIAL EQUIPMENT,UPPER APEX,LANG_02,Round-Trip,google,Paid Search,Paid Search,Logged-Out,AREA_C,AREA_B,AREA_C_TO_AREA_B,CA,BA,120_plus,very_high,9_14,Y,U,0,0.5378486223956421,41.46490169496963
12.0,68.9524453,6.381944444444445,2,2,0,0,0,0,0,0,0,4,1,155.08333333333334,13.0,43.0283029,4,0,SPECIAL EQUIPMENT,SOUTH VERTEX,LANG_02,Round-Trip,apple,MetaSearches,MetaSearches,Logged-Out,AREA_C,AREA_B,AREA_C_TO_AREA_B,CU,BI,8_14,high,6_8,Y,U,0,0.963645066989454,41.464011830513016
100.0,479.78679959999994,11.319444444444445,4,3,1,0,0,0,1,1,0,2,1,287.8333333333333,17.0,57.8205,2,1,SPECIAL EQUIPMENT,UPPER APEX,LANG_09,Round-Trip,google,Direct,Direct,Logged-In,AREA_C,AREA_B,AREA_C_TO_AREA_B,CA,BO,61_120,very_high,9_14,Y,W,0,0.7168592910890837,41.44916264041637
157.0,42.6406914,10.51736111111111,3,3,0,0,0,0,0,1,0,2,1,254.75,21.0,72.275625,6,1,SPECIAL EQUIPMENT,UPPER APEX,LANG_09,Round-Trip,apple,Direct,Direct,Logged-In,AREA_C,AREA_C,AREA_C_TO_AREA_C,CA,CU,120_plus,mid,9_14,Y,O,0,0.5730297866406096,41.41608597306671
13.0,99.0503712,4.125,4,4,0,0,0,0,0,0,0,2,1,101.0,15.0,85.66,4,1,SPECIAL EQUIPMENT,UPPER APEX,LANG_09,Round-Trip,samsung,Affiliate,Email,Logged-Out,AREA_C,AREA_B,AREA_C_TO_AREA_B,CA,BE,8_14,high,3_5,Y,W,0,0.48314640767026895,41.38632128103524
83.0,205.048625,8.76736111111111,2,2,0,0,0,0,0,1,1,2,1,214.25,16.0,50.2841332,5,1,SPECIAL EQUIPMENT,UPPER APEX,LANG_09,Round-Trip,samsung,Direct,Direct,Logged-In,AREA_C,AREA_C,AREA_C_TO_AREA_C,CA,CE,61_120,very_high,9_14,Y,W,0,0.8222038245890021,41.343806633182815
147.0,154.2890788,7.458333333333333,2,2,0,0,0,0,0,1,0,2,1,182.83333333333334,20.0,50.2841332,4,1,SPECIAL EQUIPMENT,UPPER APEX,LANG_09,Round-Trip,microsoft,Direct,Referrals,Logged-In,AREA_C,AREA_C,AREA_C_TO_AREA_C,CA,CE,120_plus,very_high,6_8,Y,W,0,0.8208668443778725,41.27657774216061
57.0,140.1817334,3.7291666666666665,6,6,0,0,0,0,0,0,0,4,1,92.25,23.0,42.5695936,6,0,SPECIAL EQUIPMENT,NEW MERIDIAN,LANG_02,Round-Trip,google,Direct,Email,Logged-Out,AREA_C,AREA_D,AREA_C_TO_AREA_D,CI,DA,31_60,very_high,3_5,Y,O,0,0.9693714676058611,41.26574942341707
0.0,278.8044548,,2,2,0,0,0,0,0,0,0,2,1,166.08333333333334,14.0,65.0253626,1,1,SPECIAL EQUIPMENT,LOWER VERTEX,LANG_02,Multi-City,google,Paid Search,Paid Search,Logged-Out,AREA_B,AREA_C,AREA_B_TO_AREA_C,BU,CA,invalid_or_past,very_high,unknown_or_oneway,Y,S,0,0.633265984860314,41.17835028778803
111.0,215.7038724,10.479166666666666,2,2,0,0,0,0,0,1,0,2,1,255.33333333333334,15.0,50.2841332,3,1,SPECIAL EQUIPMENT,UPPER APEX,LANG_02,Round-Trip,apple,Direct,Direct,Logged-In,AREA_C,AREA_C,AREA_C_TO_AREA_C,CA,CE,61_120,very_high,9_14,P,R,0,0.8187149184751161,41.16837001342988
31.0,231.4336182,7.475694444444445,3,3,0,0,0,0,0,0,0,2,1,182.33333333333334,12.0,50.2841332,2,1,SPECIAL EQUIPMENT,UPPER APEX,LANG_09,Round-Trip,microsoft,Paid Search,Paid Search,Logged-Out,AREA_C,AREA_C,AREA_C_TO_AREA_C,CA,CE,31_60,very_high,6_8,Y,L,0,0.8185790613340619,41.16153855485294
74.0,105.2058988,7.697916666666667,4,2,1,1,0,1,1,1,1,4,1,186.83333333333334,22.0,42.6963704,2,0,SPECIAL EQUIPMENT,LOWER ZENITH,LANG_02,Round-Trip,google,Direct,Direct,Logged-In,AREA_C,AREA_C,AREA_C_TO_AREA_C,CE,CU,61_120,very_high,6_8,Y,U,0,0.9640120751690456,41.159816631490216
208.0,298.2998142,14.04513888888889,2,2,0,0,0,0,0,0,0,4,1,338.25,10.0,77.094,1,0,SPECIAL EQUIPMENT,UPPER APEX,LANG_09,Round-Trip,apple,Direct,Direct,Logged-Out,AREA_C,AREA_D,AREA_C_TO_AREA_D,CE,DA,120_plus,very_high,15_30,Y,O,0,0.5335325567007178,41.13215892628513
20.0,119.8953039,8.67361111111111,2,1,1,0,0,0,1,0,0,4,1,210.91666666666666,20.0,42.4856468,6,0,SPECIAL EQUIPMENT,NEW MERIDIAN,LANG_02,Round-Trip,google,Paid Search,Paid Search,Logged-Out,AREA_C,AREA_C,AREA_C_TO_AREA_C,CI,CE,15_30,very_high,9_14,Y,T,1,0.9665543482044835,41.0646866508199
29.0,218.0595224,1.9791666666666667,5,5,0,0,0,0,0,0,0,4,1,49.583333333333336,15.0,47.9087814,6,0,SPECIAL EQUIPMENT,LOWER ZENITH,LANG_02,Round-Trip,microsoft,Paid Search,Paid Search,Logged-Out,AREA_C,AREA_B,AREA_C_TO_AREA_B,CE,BI,15_30,very_high,1_2,Y,S,0,0.8570735584217868,41.06134975414951
145.0,181.0492628,8.746527777777779,2,2,0,0,0,0,0,1,0,2,1,213.75,22.0,50.2841332,2,1,SPECIAL EQUIPMENT,UPPER APEX,LANG_09,Round-Trip,google,Direct,Organic Search,Logged-In,AREA_C,AREA_C,AREA_C_TO_AREA_C,CA,CE,120_plus,very_high,9_14,Y,L,0,0.8158386875322321,41.02374123358394
33.0,121.0187348,10.180555555555555,2,2,0,0,0,0,0,1,0,2,1,247.25,22.0,50.2841332,5,1,SPECIAL EQUIPMENT,UPPER APEX,LANG_09,Round-Trip,microsoft,Paid Search,Paid Search,Logged-In,AREA_C,AREA_C,AREA_C_TO_AREA_C,CA,CE,31_60,very_high,9_14,Y,O,0,0.8152071769334546,40.9919862705178
104.0,29.6589184,5.895833333333333,2,2,0,0,0,0,0,0,0,2,1,143.41666666666666,21.0,85.66,4,1,SPECIAL EQUIPMENT,UPPER APEX,LANG_09,Round-Trip,google,Paid Search,Paid Search,Logged-Out,AREA_C,AREA_B,AREA_C_TO_AREA_B,CA,BE,61_120,low,6_8,Y,U,0,0.47824695478334545,40.96663414674137
149.0,105.096254,10.197916666666666,4,3,0,1,0,1,0,0,0,2,1,248.25,21.0,77.094,3,1,SPECIAL EQUIPMENT,UPPER APEX,LANG_09,Round-Trip,apple,Organic Search,Organic Search,Logged-Out,AREA_C,AREA_B,AREA_C_TO_AREA_B,CA,BA,120_plus,very_high,9_14,Y,O,0,0.5313360527409462,40.962821650010504
65.0,81.1504293,6.194444444444445,3,3,0,0,0,0,0,0,0,4,1,149.91666666666666,13.0,43.3576656,4,0,SPECIAL EQUIPMENT,CENTRAL MERIDIAN,LANG_02,Round-Trip,google,MetaSearches,MetaSearches,Logged-Out,AREA_B,AREA_B,AREA_B_TO_AREA_B,BI,BA,61_120,high,6_8,Y,V,0,0.9446008260934153,40.955686743242055
32.0,114.2712966,7.517361111111111,2,2,0,0,0,0,0,0,0,2,1,182.5,18.0,42.83,6,1,SPECIAL EQUIPMENT,UPPER APEX,LANG_09,Round-Trip,apple,Direct,Direct,Logged-Out,AREA_C,AREA_B,AREA_C_TO_AREA_B,CA,BI,31_60,very_high,6_8,Y,L,1,0.9562169742371417,40.95477300657678
31.0,61.720599799999995,4.673611111111111,2,2,0,0,0,0,0,0,0,4,1,114.91666666666667,17.0,42.6963704,6,0,SPECIAL EQUIPMENT,NEW MERIDIAN,LANG_02,Round-Trip,apple,Paid Search,Paid Search,Logged-Out,AREA_C,AREA_C,AREA_C_TO_AREA_C,CI,CE,31_60,high,3_5,Y,L,0,0.9587066332829659,40.93329351958648
147.0,129.5710292,9.13888888888889,2,2,0,0,0,0,0,1,0,2,1,223.16666666666666,23.0,50.2841332,5,1,SPECIAL EQUIPMENT,UPPER APEX,LANG_09,Round-Trip,google,Direct,Direct,Logged-In,AREA_C,AREA_C,AREA_C_TO_AREA_C,CA,CE,120_plus,very_high,9_14,Y,O,0,0.8135818947713256,40.91026036578972
17.0,219.1988004,5.739583333333333,2,2,0,0,0,0,0,0,0,2,1,139.91666666666666,19.0,47.113,3,1,SPECIAL EQUIPMENT,UPPER APEX,LANG_09,Round-Trip,google,Paid Search,Organic Search,Logged-Out,AREA_C,AREA_B,AREA_C_TO_AREA_B,CA,BI,15_30,very_high,6_8,Y,K,1,0.8675683471378548,40.87374753870575
42.0,95.2012391,7.899305555555555,4,2,1,1,0,1,1,0,0,4,1,191.5,17.0,43.2617264,3,0,SPECIAL EQUIPMENT,SOUTH VERTEX,LANG_02,Round-Trip,google,Direct,Paid Search,Logged-Out,AREA_C,AREA_B,AREA_C_TO_AREA_B,CU,BO,31_60,high,6_8,Y,W,0,0.944703631945901,40.86951005432987
127.0,526.2175176999999,,4,4,0,0,0,0,0,0,0,3,1,500.3333333333333,8.0,65.0253626,4,1,SPECIAL EQUIPMENT,LOWER VERTEX,LANG_02,Multi-City,google,Direct,Paid Search,Logged-Out,AREA_B,AREA_C,AREA_B_TO_AREA_C,BU,CA,120_plus,very_high,unknown_or_oneway,Y,O,0,0.6281875123701945,40.84812077266388
179.0,144.2351646,12.427083333333334,2,2,0,0,0,0,0,1,0,2,1,302.0833333333333,23.0,50.2841332,2,1,SPECIAL EQUIPMENT,UPPER APEX,LANG_09,Round-Trip,apple,Direct,Direct,Logged-In,AREA_C,AREA_C,AREA_C_TO_AREA_C,CA,CE,120_plus,very_high,9_14,Y,L,0,0.8103445536445008,40.747473473354624
14.0,109.2768903,4.857638888888889,6,6,0,0,0,0,0,0,0,6,1,119.33333333333333,13.0,42.5695936,5,0,SPECIAL EQUIPMENT,NEW MERIDIAN,LANG_02,Round-Trip,google,Direct,Direct,Logged-Out,AREA_C,AREA_D,AREA_C_TO_AREA_D,CI,DA,8_14,very_high,3_5,Y,L,1,0.9569453284299316,40.73677372868071
12.0,53.4848191,9.59375,2,2,0,0,0,0,0,0,0,2,1,232.16666666666666,21.0,85.66,6,1,SPECIAL EQUIPMENT,UPPER VERTEX,LANG_10,Round-Trip,google,Organic Search,Organic Search,Logged-Out,AREA_C,AREA_B,AREA_C_TO_AREA_B,CA,BE,8_14,mid,9_14,Y,U,0,0.47281642632975085,40.501455079406455
0.0,86.1294168,4.892361111111111,3,2,0,0,1,1,0,0,0,4,1,119.33333333333333,11.0,46.9194084,3,0,SPECIAL EQUIPMENT,SOUTH VERTEX,LANG_09,Round-Trip,google,MetaSearches,Paid Search,Logged-Out,AREA_C,AREA_C,AREA_C_TO_AREA_C,CU,CE,invalid_or_past,high,3_5,Y,S,0,0.8626393251642174,40.47452679928031
48.0,85.7944862,7.194444444444445,4,2,0,1,1,1,0,0,0,4,1,175.41666666666666,18.0,42.5695936,3,0,SPECIAL EQUIPMENT,NEW MERIDIAN,LANG_02,Round-Trip,google,Paid Search,Paid Search,Logged-Out,AREA_C,AREA_D,AREA_C_TO_AREA_D,CI,DA,31_60,high,6_8,Y,U,0,0.9505851750691594,40.466024584878966
18.0,82.1359476,7.128472222222222,2,2,0,0,0,0,0,0,0,2,1,173.25,23.0,42.83,6,1,SPECIAL EQUIPMENT,UPPER APEX,LANG_09,Round-Trip,apple,Direct,Affiliate,Logged-Out,AREA_C,AREA_B,AREA_C_TO_AREA_B,CA,BI,15_30,high,6_8,Y,L,1,0.9439974772269358,40.43141194962966
40.0,159.2368004,7.517361111111111,2,2,0,0,0,0,0,0,0,2,1,182.58333333333334,10.0,42.83,6,1,SPECIAL EQUIPMENT,UPPER APEX,LANG_09,Round-Trip,google,Internal,Internal,Logged-Out,AREA_C,AREA_B,AREA_C_TO_AREA_B,CA,BI,31_60,very_high,6_8,Y,T,1,0.9437420884922663,40.42047365012376
66.0,924.7887864,7.458333333333333,9,9,0,0,0,0,0,0,0,2,1,182.83333333333334,16.0,50.2841332,5,1,SPECIAL EQUIPMENT,UPPER APEX,LANG_09,Round-Trip,microsoft,Paid Search,Paid Search,Logged-Out,AREA_C,AREA_C,AREA_C_TO_AREA_C,CA,CE,61_120,very_high,6_8,Y,W,0,0.8032654228135085,40.39150551570878
73.0,223.7473464,12.76736111111111,2,2,0,0,0,0,0,0,0,2,1,310.25,16.0,50.2841332,5,1,SPECIAL EQUIPMENT,UPPER APEX,LANG_09,Round-Trip,google,Direct,Email,Logged-Out,AREA_C,AREA_C,AREA_C_TO_AREA_C,CA,CE,61_120,very_high,9_14,Y,W,0,0.8031189316018518,40.3841393321092
203.0,42.7940228,5.513888888888889,2,2,0,0,0,0,0,0,0,2,1,134.25,21.0,47.113,3,1,SPECIAL EQUIPMENT,UPPER APEX,LANG_09,Round-Trip,apple,Direct,Direct,Logged-Out,AREA_C,AREA_B,AREA_C_TO_AREA_B,CA,BI,120_plus,mid,6_8,Y,U,0,0.8566351070851452,40.35864980010245
119.0,77.183943,5.329861111111111,2,2,0,0,0,0,0,0,0,2,1,129.83333333333334,11.0,48.18375,4,1,SPECIAL EQUIPMENT,UPPER APEX,LANG_02,Round-Trip,google,MetaSearches,MetaSearches,Logged-Out,AREA_C,AREA_C,AREA_C_TO_AREA_C,CA,CE,61_120,high,6_8,Y,V,0,0.8372671701374672,40.34267200911119
74.0,300.383922,8.010416666666666,2,2,0,0,0,0,0,1,0,2,1,198.91666666666666,20.0,68.8500816,1,1,SPECIAL EQUIPMENT,UPPER APEX,LANG_09,Round-Trip,apple,Direct,Email,Logged-In,AREA_C,AREA_B,AREA_C_TO_AREA_B,CA,BU,61_120,very_high,9_14,Y,L,0,0.5857963121857935,40.332123894970955
57.0,74.22952959999999,7.1875,2,2,0,0,0,0,0,1,1,2,1,175.41666666666666,21.0,42.83,6,1,SPECIAL EQUIPMENT,UPPER APEX,LANG_09,Round-Trip,apple,Direct,Direct,Logged-In,AREA_C,AREA_C,AREA_C_TO_AREA_C,CA,CI,31_60,high,6_8,Y,W,0,0.941397706918331,40.320063787312115
73.0,249.5455686,9.13888888888889,2,2,0,0,0,0,0,0,0,2,1,223.16666666666666,21.0,50.2841332,5,1,SPECIAL EQUIPMENT,UPPER APEX,LANG_09,Round-Trip,microsoft,Direct,Direct,Logged-Out,AREA_C,AREA_C,AREA_C_TO_AREA_C,CA,CE,61_120,very_high,9_14,Y,S,0,0.7998486493971969,40.21969602612875
66.0,719.2801672,7.458333333333333,7,7,0,0,0,0,0,0,0,2,1,182.83333333333334,17.0,50.2841332,5,1,SPECIAL EQUIPMENT,UPPER APEX,LANG_09,Round-Trip,microsoft,Paid Search,Paid Search,Logged-Out,AREA_C,AREA_C,AREA_C_TO_AREA_C,CA,CE,61_120,very_high,6_8,Y,W,0,0.7988904335401701,40.17151297233966
48.0,461.334779,,5,4,1,0,0,0,1,1,0,2,1,-178.41666666666666,18.0,49.2545,2,1,SPECIAL EQUIPMENT,UPPER APEX,LANG_02,Round-Trip,google,Paid Search,Paid Search,Logged-In,AREA_C,AREA_B,AREA_C_TO_AREA_B,CA,BI,31_60,very_high,unknown_or_oneway,Y,U,0,0.8136353950674582,40.075204566350116
61.0,71.7479594,5.729166666666667,2,2,0,0,0,0,0,0,0,4,1,140.25,20.0,42.5695936,4,0,SPECIAL EQUIPMENT,NEW MERIDIAN,LANG_10,Round-Trip,apple,Paid Search,Paid Search,Logged-Out,AREA_C,AREA_D,AREA_C_TO_AREA_D,CI,DA,61_120,high,6_8,Y,L,0,0.9389537757540926,39.970880643037255
34.0,103.7929371,9.416666666666666,3,2,1,0,0,0,1,0,0,2,1,228.91666666666666,15.0,42.83,6,1,SPECIAL EQUIPMENT,UPPER APEX,LANG_09,Round-Trip,microsoft,Email,Paid Search,Logged-Out,AREA_C,AREA_C,AREA_C_TO_AREA_C,CA,CI,31_60,very_high,9_14,Y,O,0,0.9330297729592072,39.96166517584284
82.0,44.82759119999999,8.159722222222221,2,2,0,0,0,0,0,0,0,2,1,197.75,21.0,85.66,2,1,SPECIAL EQUIPMENT,UPPER APEX,LANG_09,Round-Trip,opera,Direct,Paid MetaSearches,Logged-Out,AREA_C,AREA_B,AREA_C_TO_AREA_B,CA,BE,61_120,mid,9_14,Y,O,0,0.46590919500847366,39.909781644425856
244.0,180.4650616,9.20486111111111,4,2,0,2,0,1,0,0,0,2,1,224.41666666666666,10.0,77.094,2,1,SPECIAL EQUIPMENT,UPPER APEX,LANG_09,Round-Trip,google,Paid Search,Paid Search,Logged-Out,AREA_C,AREA_B,AREA_C_TO_AREA_B,CA,BA,120_plus,very_high,9_14,Y,V,0,0.5172285921631512,39.87522108422598
185.0,147.1022048,10.458333333333334,2,2,0,0,0,0,0,0,0,2,1,254.83333333333334,17.0,50.2841332,3,1,SPECIAL EQUIPMENT,UPPER APEX,LANG_09,Round-Trip,google,Direct,Direct,Logged-Out,AREA_C,AREA_C,AREA_C_TO_AREA_C,CA,CE,120_plus,very_high,9_14,Y,L,0,0.7929439904456085,39.8725012357065
119.0,335.7803472,17.010416666666668,2,2,0,0,0,0,0,0,0,2,1,414.9166666666667,22.0,68.8500816,2,1,SPECIAL EQUIPMENT,UPPER APEX,LANG_09,Round-Trip,microsoft,Paid Search,Paid Search,Logged-Out,AREA_C,AREA_B,AREA_C_TO_AREA_B,CA,BU,61_120,very_high,15_30,Y,V,0,0.5790875004147903,39.87022165709834
30.0,93.8884996,3.3854166666666665,7,7,0,0,0,0,0,0,0,2,1,83.25,17.0,85.66,6,1,SPECIAL EQUIPMENT,UPPER APEX,LANG_02,Round-Trip,google,Organic Search,Organic Search,Logged-Out,AREA_C,AREA_B,AREA_C_TO_AREA_B,CA,BE,15_30,high,3_5,Y,O,0,0.46544118169571846,39.86969162405524
31.0,150.96033119999998,3.8993055555555554,3,3,0,0,0,0,0,0,0,2,1,95.5,22.0,85.66,5,1,SPECIAL EQUIPMENT,UPPER APEX,LANG_09,Round-Trip,google,Direct,Email,Logged-Out,AREA_C,AREA_B,AREA_C_TO_AREA_B,CA,BE,31_60,very_high,3_5,Y,T,0,0.46532072818903375,39.85937357667263
62.0,513.535983,13.010416666666666,3,2,1,0,0,0,1,1,1,2,1,318.9166666666667,21.0,68.8500816,2,1,SPECIAL EQUIPMENT,UPPER APEX,LANG_09,Round-Trip,mozilla,Direct,Paid Search,Logged-In,AREA_C,AREA_B,AREA_C_TO_AREA_B,CA,BU,61_120,very_high,9_14,Y,T,0,0.5780148910663376,39.79637241593245
44.0,218.805621,5.197916666666667,3,3,0,0,0,0,0,0,0,2,1,128.25,10.0,77.094,4,1,SPECIAL EQUIPMENT,UPPER APEX,LANG_09,Round-Trip,google,Paid Search,Organic Search,Logged-Out,AREA_C,AREA_B,AREA_C_TO_AREA_B,CA,BA,31_60,very_high,6_8,Y,T,0,0.5158578320819838,39.76954370652845
72.0,137.0422944,7.166666666666667,3,3,0,0,0,0,0,0,0,2,1,174.91666666666666,10.0,42.83,6,1,SPECIAL EQUIPMENT,UPPER APEX,LANG_09,Round-Trip,apple,Direct,Direct,Logged-Out,AREA_C,AREA_C,AREA_C_TO_AREA_C,CA,CI,61_120,very_high,6_8,Y,W,0,0.9283683449129679,39.76201621262241
24.0,126.6230403,8.36111111111111,2,2,0,0,0,0,0,1,0,4,1,203.41666666666666,,48.2539912,3,0,SPECIAL EQUIPMENT,NEW MERIDIAN,LANG_10,Round-Trip,apple,Direct,Direct,Logged-In,AREA_C,AREA_B,AREA_C_TO_AREA_B,CI,BI,15_30,very_high,9_14,Y,S,0,0.8215368560045047,39.64243222011704
75.0,66.7514116,8.128472222222221,2,2,0,0,0,0,0,0,0,2,1,197.25,23.0,47.113,2,1,SPECIAL EQUIPMENT,UPPER APEX,LANG_09,Round-Trip,microsoft,Paid Search,Paid Search,Logged-Out,AREA_C,AREA_B,AREA_C_TO_AREA_B,CA,BI,61_120,high,9_14,Y,L,0,0.8407699837354883,39.611196243730056
122.0,156.2232816,5.204861111111111,4,2,1,1,0,1,1,1,0,2,1,128.41666666666666,14.0,77.094,3,1,SPECIAL EQUIPMENT,UPPER APEX,LANG_09,Round-Trip,mozilla,Paid Search,Paid Search,Logged-In,AREA_C,AREA_B,AREA_C_TO_AREA_B,CA,BA,120_plus,very_high,6_8,Y,L,0,0.5130014967767152,39.549337392504086
6.0,154.3104938,12.475694444444445,2,2,0,0,0,0,0,0,0,2,1,302.3333333333333,19.0,50.2841332,5,1,SPECIAL EQUIPMENT,UPPER APEX,LANG_09,Round-Trip,apple,Paid Search,Organic Search,Logged-Out,AREA_C,AREA_C,AREA_C_TO_AREA_C,CA,CE,4_7,very_high,9_14,Y,L,0,0.7859318233414078,39.51990049101822
89.0,177.0575068,9.746527777777779,2,2,0,0,0,0,0,1,0,2,1,237.75,22.0,50.2841332,5,1,SPECIAL EQUIPMENT,UPPER APEX,LANG_09,Round-Trip,samsung,Direct,Direct,Logged-In,AREA_C,AREA_C,AREA_C_TO_AREA_C,CA,CE,61_120,very_high,9_14,Y,W,0,0.7851672844047396,39.48145631329021
59.0,82.5573948,7.190972222222222,3,2,1,0,0,0,1,0,0,2,1,177.66666666666666,17.0,42.83,2,1,SPECIAL EQUIPMENT,UPPER APEX,LANG_09,Round-Trip,apple,Email,Email,Logged-Out,AREA_C,AREA_B,AREA_C_TO_AREA_B,CA,BI,31_60,high,6_8,Y,L,0,0.9206134781978288,39.42987527121301
111.0,361.78501,7.427083333333333,4,4,0,0,0,0,0,0,0,2,1,182.08333333333334,21.0,50.2841332,5,1,SPECIAL EQUIPMENT,UPPER APEX,LANG_09,Round-Trip,microsoft,Email,Organic Search,Logged-Out,AREA_C,AREA_C,AREA_C_TO_AREA_C,CA,CE,61_120,very_high,6_8,Y,V,0,0.7835466407622677,39.399963652502414
135.0,115.34119,13.434027777777779,2,2,0,0,0,0,0,0,0,2,1,326.25,12.0,50.2841332,5,1,SPECIAL EQUIPMENT,UPPER APEX,LANG_09,Round-Trip,google,Direct,Display,Logged-Out,AREA_C,AREA_C,AREA_C_TO_AREA_C,CA,CE,120_plus,very_high,9_14,Y,O,0,0.7827682302698286,39.36082195561633
160.0,143.6955066,10.13888888888889,2,2,0,0,0,0,0,1,0,2,1,247.16666666666666,15.0,50.2841332,5,1,SPECIAL EQUIPMENT,UPPER APEX,LANG_09,Round-Trip,apple,Paid Search,Paid Search,Logged-In,AREA_C,AREA_C,AREA_C_TO_AREA_C,CA,CE,120_plus,very_high,9_14,Y,L,0,0.7823393836442811,39.339257774774936
16.0,94.761375,7.138888888888889,3,1,2,0,0,0,1,1,0,2,1,173.66666666666666,10.0,72.275625,6,1,SPECIAL EQUIPMENT,UPPER APEX,LANG_09,Round-Trip,google,Email,Email,Logged-In,AREA_C,AREA_C,AREA_C_TO_AREA_C,CA,CU,15_30,high,6_8,Y,L,0,0.5442770047017262,39.337960687945206
117.0,664.9134784,7.0,4,4,0,0,0,0,0,0,0,2,1,175.25,12.0,77.094,4,1,SPECIAL EQUIPMENT,UPPER APEX,LANG_09,Round-Trip,google,Paid Search,Paid Search,Logged-Out,AREA_C,AREA_B,AREA_C_TO_AREA_B,CA,BU,61_120,very_high,6_8,Y,W,0,0.5102146340082583,39.33448699423266
5.0,96.7820944,2.329861111111111,2,2,0,0,0,0,0,0,0,4,1,58.0,23.0,45.935175,5,0,SPECIAL EQUIPMENT,LOWER ZENITH,LANG_02,Round-Trip,apple,MetaSearches,MetaSearches,Logged-Out,AREA_C,AREA_D,AREA_C_TO_AREA_D,CE,DA,4_7,high,3_5,Y,T,0,0.856163572747605,39.32802354278647
109.0,35.8624156,6.732638888888889,2,2,0,0,0,0,0,0,0,4,1,162.58333333333334,15.0,47.113,3,0,SPECIAL EQUIPMENT,UPPER APEX,LANG_09,Round-Trip,apple,Direct,Direct,Logged-Out,AREA_B,AREA_B,AREA_B_TO_AREA_B,BE,BI,61_120,mid,6_8,Y,O,1,0.8336726714033057,39.27682056782394
57.0,139.96844,5.190972222222222,4,2,0,2,0,1,0,0,0,2,1,129.66666666666666,22.0,42.83,3,1,SPECIAL EQUIPMENT,UPPER APEX,LANG_09,Round-Trip,google,Paid Search,Paid Search,Logged-Out,AREA_C,AREA_B,AREA_C_TO_AREA_B,CA,BI,31_60,very_high,6_8,Y,S,0,0.9166115239916611,39.25847157256285
73.0,300.22116800000003,11.010416666666666,2,2,0,0,0,0,0,0,0,2,1,270.9166666666667,15.0,68.8500816,1,1,SPECIAL EQUIPMENT,UPPER APEX,LANG_09,Round-Trip,google,Paid Search,MetaSearches,Logged-Out,AREA_C,AREA_B,AREA_C_TO_AREA_B,CA,BU,61_120,very_high,9_14,Y,L,0,0.5692814711573501,39.195075742551595
114.0,258.496182,,2,2,0,0,0,0,0,1,0,4,1,-316.4166666666667,23.0,76.224551,5,0,SPECIAL EQUIPMENT,NORTH ZENITH,LANG_06,Round-Trip,google,Paid Search,MetaSearches,Logged-In,AREA_C,AREA_B,AREA_C_TO_AREA_B,CI,BU,61_120,very_high,unknown_or_oneway,Y,W,0,0.5138868458839575,39.170794092310864
95.0,92.2703822,7.388888888888889,2,2,0,0,0,0,0,0,0,2,1,177.91666666666666,16.0,42.83,2,1,SPECIAL EQUIPMENT,UPPER APEX,LANG_09,Round-Trip,apple,Direct,Direct,Logged-Out,AREA_C,AREA_B,AREA_C_TO_AREA_B,CA,BI,61_120,high,6_8,Y,U,0,0.9142156170321375,39.15585487748645
83.0,123.980001,7.392361111111111,2,2,0,0,0,0,0,1,0,2,1,178.0,11.0,42.83,2,1,SPECIAL EQUIPMENT,UPPER APEX,LANG_09,Round-Trip,apple,Direct,Direct,Logged-In,AREA_C,AREA_B,AREA_C_TO_AREA_B,CA,BI,61_120,very_high,6_8,Y,L,0,0.9140878458198188,39.15038243646284
117.0,107.5564092,7.190972222222222,2,2,0,0,0,0,0,1,0,2,1,177.66666666666666,21.0,42.83,2,1,SPECIAL EQUIPMENT,UPPER APEX,LANG_09,Round-Trip,google,Paid Search,Paid Search,Logged-In,AREA_C,AREA_B,AREA_C_TO_AREA_B,CA,BI,61_120,very_high,6_8,Y,L,0,0.9137274726928345,39.1349476554341
67.0,119.65160120000002,10.753472222222221,3,2,0,1,0,1,0,0,0,4,1,259.6666666666667,19.0,42.6021444,5,0,SPECIAL EQUIPMENT,EAST VERTEX,LANG_02,Round-Trip,google,Direct,Direct,Logged-Out,AREA_B,AREA_B,AREA_B_TO_AREA_B,BI,BI,61_120,very_high,9_14,Y,V,0,0.9174615837948915,39.08583087428267
71.0,399.3006636,18.75347222222222,2,2,0,0,0,0,0,0,0,2,1,457.3333333333333,19.0,77.094,5,1,SPECIAL EQUIPMENT,UPPER APEX,LANG_09,Round-Trip,google,Paid Search,Paid Search,Logged-Out,AREA_C,AREA_B,AREA_C_TO_AREA_B,CA,BU,61_120,very_high,15_30,Y,V,0,0.5067910743707897,39.07055108754166
105.0,176.7645496,8.746527777777779,2,2,0,0,0,0,0,1,0,2,1,213.75,12.0,50.2841332,5,1,SPECIAL EQUIPMENT,UPPER APEX,LANG_09,Round-Trip,google,Paid Search,Paid Search,Logged-In,AREA_C,AREA_C,AREA_C_TO_AREA_C,CA,CE,61_120,very_high,9_14,Y,W,0,0.7766588301949602,39.053616068479556
17.0,60.8083208,4.159722222222222,2,2,0,0,0,0,0,0,0,2,1,101.75,17.0,85.66,5,1,SPECIAL EQUIPMENT,UPPER APEX,LANG_02,Round-Trip,google,Direct,Direct,Logged-Out,AREA_C,AREA_B,AREA_C_TO_AREA_B,CA,BE,15_30,high,3_5,Y,W,0,0.45547222752667255,39.01575100993477
131.0,111.7588888,7.517361111111111,3,2,1,0,0,0,1,0,0,2,1,182.58333333333334,17.0,42.83,2,1,SPECIAL EQUIPMENT,UPPER APEX,LANG_09,Round-Trip,google,Direct,Direct,Logged-Out,AREA_C,AREA_B,AREA_C_TO_AREA_B,CA,BI,120_plus,very_high,6_8,Y,U,0,0.9092325889673116,38.94243178546996
66.0,205.5086192,13.190972222222221,2,2,0,0,0,0,0,1,0,2,1,320.4166666666667,21.0,50.2841332,5,1,SPECIAL EQUIPMENT,UPPER APEX,LANG_09,Round-Trip,microsoft,Organic Search,Organic Search,Logged-In,AREA_C,AREA_C,AREA_C_TO_AREA_C,CA,CE,61_120,very_high,9_14,Y,W,0,0.7743432575535334,38.93717950534378
33.0,73.4757216,3.3854166666666665,4,4,0,0,0,0,0,1,0,2,1,83.25,17.0,85.66,3,1,SPECIAL EQUIPMENT,UPPER APEX,LANG_02,Round-Trip,apple,Direct,Direct,Logged-In,AREA_C,AREA_B,AREA_C_TO_AREA_B,CA,BE,31_60,high,3_5,Y,L,0,0.45359761440554613,38.85517164997908
41.0,102.8266923,3.0416666666666665,2,2,0,0,0,0,0,0,0,4,1,75.75,,43.6746076,5,0,SPECIAL EQUIPMENT,NEW MERIDIAN,LANG_02,Round-Trip,google,Direct,Paid Search,Logged-Out,AREA_C,AREA_B,AREA_C_TO_AREA_B,CI,BI,31_60,very_high,3_5,Y,V,0,0.8890859456287111,38.830479798008895
24.0,145.0981891,4.673611111111111,2,2,0,0,0,0,0,0,0,4,1,114.91666666666667,21.0,42.4856468,4,0,SPECIAL EQUIPMENT,NEW MERIDIAN,LANG_02,Round-Trip,google,Paid Search,Paid Search,Logged-Out,AREA_C,AREA_C,AREA_C_TO_AREA_C,CI,CE,15_30,very_high,3_5,Y,K,1,0.9120674226941259,38.74977437836893
83.0,460.568122,14.0,2,2,0,0,0,0,0,1,0,2,1,343.25,11.0,77.094,5,1,SPECIAL EQUIPMENT,UPPER APEX,LANG_09,Round-Trip,google,Direct,Paid Search,Logged-In,AREA_C,AREA_B,AREA_C_TO_AREA_B,CA,BU,61_120,very_high,9_14,Y,K,0,0.502272325702563,38.722182677713384
117.0,81.8584092,7.190972222222222,2,2,0,0,0,0,0,1,0,2,1,177.66666666666666,22.0,42.83,3,1,SPECIAL EQUIPMENT,UPPER APEX,LANG_09,Round-Trip,google,Paid Search,Paid Search,Logged-In,AREA_C,AREA_B,AREA_C_TO_AREA_B,CA,BI,61_120,high,6_8,Y,L,0,0.9037696569479441,38.708454407080445
14.0,70.35212969999999,7.138888888888889,2,2,0,0,0,0,0,1,1,4,1,173.41666666666666,16.0,47.0033552,4,0,SPECIAL EQUIPMENT,GREAT AURORA,LANG_10,Round-Trip,samsung,Direct,Direct,Logged-In,AREA_C,AREA_B,AREA_C_TO_AREA_B,CE,BO,8_14,high,6_8,Y,W,0,0.8235042625559241,38.70746336163016
24.0,90.3558812,5.197916666666667,2,2,0,0,0,0,0,1,0,2,1,128.25,11.0,77.094,4,1,SPECIAL EQUIPMENT,UPPER APEX,LANG_09,Round-Trip,google,Direct,Paid Search,Logged-In,AREA_C,AREA_B,AREA_C_TO_AREA_B,CA,BA,15_30,high,6_8,Y,W,0,0.5019176641416528,38.694840399336584
100.0,112.9375704,5.190972222222222,4,4,0,0,0,0,0,0,0,2,1,129.66666666666666,21.0,42.83,3,1,SPECIAL EQUIPMENT,UPPER APEX,LANG_09,Round-Trip,google,Paid Search,Paid Search,Logged-Out,AREA_C,AREA_B,AREA_C_TO_AREA_B,CA,BI,61_120,very_high,6_8,Y,U,0,0.9016415554850292,38.6173078214238
102.0,64.6921452,3.767361111111111,2,2,0,0,0,0,0,0,0,2,1,92.75,12.0,72.275625,4,1,SPECIAL EQUIPMENT,UPPER APEX,LANG_09,Round-Trip,microsoft,Direct,Direct,Logged-Out,AREA_C,AREA_C,AREA_C_TO_AREA_C,CA,CU,61_120,high,3_5,Y,L,0,0.5336526334735407,38.570077617196084
252.0,265.9760132,8.20486111111111,2,2,0,0,0,0,0,0,0,2,1,200.41666666666666,11.0,77.094,4,1,SPECIAL EQUIPMENT,UPPER APEX,LANG_02,Round-Trip,microsoft,Direct,Direct,Logged-Out,AREA_C,AREA_B,AREA_C_TO_AREA_B,CA,BA,120_plus,very_high,9_14,C,Z,0,0.4999089356344131,38.53997948379944
55.0,40.765594,6.159722222222222,2,2,0,0,0,0,0,0,0,2,1,149.75,21.0,85.66,4,1,SPECIAL EQUIPMENT,UPPER APEX,LANG_09,Round-Trip,samsung,Direct,Direct,Logged-Out,AREA_C,AREA_B,AREA_C_TO_AREA_B,CA,BE,31_60,mid,6_8,Y,L,0,0.4490096778882726,38.46216900790943
32.0,51.1403049,4.729166666666667,4,4,0,0,0,0,0,1,1,4,1,116.25,10.0,42.5695936,4,0,SPECIAL EQUIPMENT,NEW MERIDIAN,LANG_02,Round-Trip,google,MetaSearches,MetaSearches,Logged-In,AREA_C,AREA_D,AREA_C_TO_AREA_D,CI,DA,31_60,mid,3_5,Y,O,0,0.9032890217382816,38.45264655874021
111.0,86.1298451,8.753472222222221,2,2,0,0,0,0,0,0,0,4,1,211.66666666666666,11.0,42.6021444,5,0,SPECIAL EQUIPMENT,EAST VERTEX,LANG_02,Round-Trip,apple,Direct,Direct,Logged-Out,AREA_B,AREA_B,AREA_B_TO_AREA_B,BI,BI,61_120,high,9_14,Y,V,0,0.9021373649098473,38.43298628852481
94.0,102.8331168,7.190972222222222,4,3,0,1,0,1,0,1,0,2,1,177.66666666666666,21.0,42.83,3,1,SPECIAL EQUIPMENT,UPPER APEX,LANG_09,Round-Trip,microsoft,Direct,Direct,Logged-In,AREA_C,AREA_B,AREA_C_TO_AREA_B,CA,BI,61_120,very_high,6_8,Y,U,0,0.8971076467383735,38.423120509804534
42.0,191.2967686,13.118055555555555,2,2,0,0,0,0,0,0,0,2,1,318.6666666666667,22.0,50.2841332,5,1,SPECIAL EQUIPMENT,UPPER APEX,LANG_09,Round-Trip,google,Email,Paid Search,Logged-Out,AREA_C,AREA_C,AREA_C_TO_AREA_C,CA,CE,31_60,very_high,9_14,Y,W,0,0.7633540981021061,38.38459914773217
81.0,79.997874,7.190972222222222,2,2,0,0,0,0,0,0,0,2,1,177.66666666666666,13.0,42.83,2,1,SPECIAL EQUIPMENT,UPPER APEX,LANG_09,Round-Trip,microsoft,Paid Search,Paid Search,Logged-Out,AREA_C,AREA_B,AREA_C_TO_AREA_B,CA,BI,61_120,high,6_8,Y,W,0,0.8959804272191136,38.374841697794636
23.0,63.0783108,11.506944444444445,4,2,1,1,0,1,1,0,0,2,1,278.1666666666667,16.0,46.77036,6,1,SPECIAL EQUIPMENT,CENTRAL APEX,LANG_09,Round-Trip,samsung,Direct,Direct,Logged-Out,AREA_C,AREA_C,AREA_C_TO_AREA_C,CA,CU,15_30,high,9_14,Y,U,0,0.8197273343345567,38.33894252866757
140.0,143.87881900000002,8.746527777777779,2,2,0,0,0,0,0,0,0,2,1,213.75,16.0,50.2841332,5,1,SPECIAL EQUIPMENT,UPPER APEX,LANG_09,Round-Trip,google,Display,Paid Search,Logged-Out,AREA_C,AREA_C,AREA_C_TO_AREA_C,CA,CE,120_plus,very_high,9_14,Y,O,0,0.7619936347383491,38.31618942673529
47.0,125.8512437,6.197916666666667,3,2,0,1,0,1,0,0,0,2,1,152.25,20.0,77.094,3,1,SPECIAL EQUIPMENT,UPPER VERTEX,LANG_11,Round-Trip,apple,Direct,Direct,Logged-Out,AREA_C,AREA_B,AREA_C_TO_AREA_B,CA,BA,31_60,very_high,6_8,Y,U,0,0.496399185323082,38.26939879329768
123.0,75.6874628,23.197916666666668,2,2,0,0,0,0,0,0,0,2,1,560.25,13.0,77.094,2,1,SPECIAL EQUIPMENT,UPPER APEX,LANG_02,Round-Trip,apple,MetaSearches,MetaSearches,Logged-Out,AREA_C,AREA_B,AREA_C_TO_AREA_B,CA,BA,120_plus,high,15_30,Y,O,0,0.49607389078842823,38.244320536443084
110.0,387.1763472,8.010416666666666,2,2,0,0,0,0,0,0,0,2,1,198.91666666666666,22.0,68.8500816,2,1,SPECIAL EQUIPMENT,UPPER APEX,LANG_09,Round-Trip,mozilla,Email,Paid Search,Logged-Out,AREA_C,AREA_B,AREA_C_TO_AREA_B,CA,BU,61_120,very_high,9_14,Y,T,0,0.5553851336637603,38.2383117721768
191.0,107.8733512,5.503472222222222,4,4,0,0,0,0,0,1,0,2,1,134.25,11.0,46.9442498,3,1,SPECIAL EQUIPMENT,UPPER APEX,LANG_09,Round-Trip,microsoft,Direct,Direct,Logged-In,AREA_C,AREA_C,AREA_C_TO_AREA_C,CA,CI,120_plus,very_high,6_8,Y,L,0,0.8135410889340728,38.19107610148513
55.0,105.98240669999998,7.097222222222222,3,3,0,0,0,0,0,0,0,2,1,171.91666666666666,19.0,42.83,3,1,SPECIAL EQUIPMENT,UPPER APEX,LANG_09,Round-Trip,apple,Direct,MetaSearches,Logged-Out,AREA_C,AREA_C,AREA_C_TO_AREA_C,CA,CO,31_60,very_high,6_8,Y,W,0,0.8909254968602958,38.15833903052646
185.0,301.4649512,7.892361111111111,2,2,0,0,0,0,0,0,0,2,1,196.66666666666666,22.0,68.8500816,2,1,SPECIAL EQUIPMENT,UPPER APEX,LANG_09,Round-Trip,apple,MetaSearches,MetaSearches,Logged-Out,AREA_C,AREA_B,AREA_C_TO_AREA_B,CA,BU,120_plus,very_high,6_8,Y,W,0,0.5537861935025142,38.128224611601496
119.0,47.7113351,6.53125,1,1,0,0,0,0,0,0,0,4,1,158.5,20.0,46.9194084,4,0,SPECIAL EQUIPMENT,SOUTH VERTEX,LANG_02,Round-Trip,apple,Direct,Direct,Logged-Out,AREA_C,AREA_C,AREA_C_TO_AREA_C,CU,CE,61_120,mid,6_8,Y,L,0,0.8122600774882682,38.110762302687704
140.0,122.2813632,7.131944444444445,2,2,0,0,0,0,0,0,0,2,1,177.16666666666666,19.0,42.83,2,1,SPECIAL EQUIPMENT,UPPER APEX,LANG_09,Round-Trip,google,Paid Search,Paid Search,Logged-Out,AREA_C,AREA_B,AREA_C_TO_AREA_B,CA,BI,120_plus,very_high,6_8,Y,S,0,0.8893936552967778,38.092730256360994
128.0,78.6033292,7.631944444444445,2,2,0,0,0,0,0,0,0,2,1,189.16666666666666,19.0,42.83,5,1,SPECIAL EQUIPMENT,UPPER APEX,LANG_09,Round-Trip,google,Paid Search,Organic Search,Logged-Out,AREA_C,AREA_B,AREA_C_TO_AREA_B,CA,BI,120_plus,high,6_8,Y,L,0,0.8893793351409999,38.09211692408903
6.0,346.90415479999996,,2,2,0,0,0,0,0,0,0,2,1,-483.5,22.0,77.496602,1,1,SPECIAL EQUIPMENT,LOWER VERTEX,LANG_02,Round-Trip,apple,Direct,Direct,Logged-Out,AREA_D,AREA_C,AREA_D_TO_AREA_C,DA,CA,4_7,very_high,unknown_or_oneway,Y,W,0,0.49141638628084516,38.08310010388492
137.0,136.8902479,11.753472222222221,2,2,0,0,0,0,0,0,0,4,1,283.6666666666667,22.0,42.6021444,5,0,SPECIAL EQUIPMENT,EAST VERTEX,LANG_02,Round-Trip,google,MetaSearches,MetaSearches,Logged-Out,AREA_B,AREA_B,AREA_B_TO_AREA_B,BI,BI,120_plus,very_high,9_14,Y,W,0,0.8938494597518368,38.07990375620974
32.0,103.6631622,5.947916666666667,2,2,0,0,0,0,0,0,0,2,1,143.33333333333334,17.0,42.83,4,1,SPECIAL EQUIPMENT,UPPER APEX,LANG_09,Round-Trip,apple,Direct,Email,Logged-Out,AREA_C,AREA_B,AREA_C_TO_AREA_B,CA,BI,31_60,very_high,6_8,Y,U,0,0.8887755411881267,38.06625642908747
3.0,70.79542020000001,7.041666666666667,1,1,0,0,0,0,0,0,0,4,1,171.75,12.0,58.518629,3,0,SPECIAL EQUIPMENT,NEW MERIDIAN,LANG_02,Round-Trip,google,Paid Search,Paid Search,Logged-Out,AREA_C,AREA_B,AREA_C_TO_AREA_B,CI,BI,0_3,high,6_8,Y,T,0,0.6504209970545957,38.06174502044797
118.0,105.5395445,6.25,2,2,0,0,0,0,0,0,0,4,1,151.0,21.0,42.3091872,4,0,SPECIAL EQUIPMENT,NEW MERIDIAN,LANG_02,Round-Trip,microsoft,Email,Email,Logged-Out,AREA_C,AREA_B,AREA_C_TO_AREA_B,CI,BO,61_120,very_high,6_8,Y,V,1,0.8982042249448939,38.00229069702442
38.0,123.2921512,3.513888888888889,4,4,0,0,0,0,0,0,0,2,1,86.33333333333333,20.0,85.66,5,1,SPECIAL EQUIPMENT,UPPER APEX,LANG_09,Round-Trip,google,MetaSearches,MetaSearches,Logged-Out,AREA_C,AREA_B,AREA_C_TO_AREA_B,CA,BE,31_60,very_high,3_5,Y,O,0,0.4428439250139002,37.934010616690685
50.0,41.7969404,5.125,2,2,0,0,0,0,0,0,0,2,1,125.0,16.0,85.66,4,1,SPECIAL EQUIPMENT,UPPER APEX,LANG_09,Round-Trip,google,Direct,Paid Search,Logged-Out,AREA_C,AREA_B,AREA_C_TO_AREA_B,CA,BE,31_60,mid,6_8,Y,W,0,0.4428027485703047,37.9304834425323
42.0,84.6132348,5.5,2,2,0,0,0,0,0,1,0,2,1,133.58333333333334,11.0,43.669468,3,1,SPECIAL EQUIPMENT,UPPER APEX,LANG_02,Round-Trip,apple,Direct,Direct,Logged-In,AREA_C,AREA_D,AREA_C_TO_AREA_D,CA,DA,31_60,high,6_8,Y,U,0,0.8683999282464467,37.922562877760505
28.0,18.4764337,4.722222222222222,2,2,0,0,0,0,0,0,0,4,1,116.16666666666667,13.0,48.9683956,6,0,SPECIAL EQUIPMENT,NEW APEX,LANG_02,Round-Trip,google,Direct,Paid Search,Logged-Out,AREA_C,AREA_B,AREA_C_TO_AREA_B,CU,BI,15_30,very_low,3_5,Y,O,0,0.7738120854586276,37.89233632079908
0.0,73.2457245,,2,2,0,0,0,0,0,0,0,2,1,4.75,8.0,63.8698092,4,0,SPECIAL EQUIPMENT,SOUTH VERTEX,LANG_02,One-Way,samsung,MetaSearches,MetaSearches,Logged-Out,AREA_C,AREA_B,AREA_C_TO_AREA_B,CI,BA,invalid_or_past,high,unknown_or_oneway,Y,E,0,0.5931405703216386,37.88377505522224
75.0,120.7429096,5.190972222222222,4,4,0,0,0,0,0,0,0,2,1,129.66666666666666,11.0,42.83,3,1,SPECIAL EQUIPMENT,UPPER APEX,LANG_09,Round-Trip,google,Paid Search,Affiliate,Logged-Out,AREA_C,AREA_B,AREA_C_TO_AREA_B,CA,BI,61_120,very_high,6_8,Y,U,0,0.8841778485142685,37.86933725186612
42.0,285.16299660000004,7.128472222222222,3,3,0,0,0,0,0,1,0,2,1,173.25,15.0,42.83,3,1,SPECIAL EQUIPMENT,UPPER APEX,LANG_02,Round-Trip,apple,Direct,Direct,Logged-In,AREA_C,AREA_B,AREA_C_TO_AREA_B,CA,BI,31_60,very_high,6_8,Y,E,1,0.8840155532774894,37.86238614687487
9.0,156.0879388,5.180555555555555,2,2,0,0,0,0,0,0,0,2,1,127.25,14.0,50.2841332,4,1,SPECIAL EQUIPMENT,UPPER APEX,LANG_02,Round-Trip,google,Paid Search,Paid Search,Logged-Out,AREA_C,AREA_C,AREA_C_TO_AREA_C,CA,CE,8_14,very_high,6_8,Y,W,0,0.7525136727787557,37.839497756828166
113.0,39.2271404,13.125,2,2,0,0,0,0,0,0,0,2,1,317.0,15.0,85.66,2,1,SPECIAL EQUIPMENT,UPPER APEX,LANG_09,Round-Trip,google,Display,Display,Logged-Out,AREA_C,AREA_B,AREA_C_TO_AREA_B,CA,BE,61_120,mid,9_14,Y,O,0,0.4414984476733156,37.818757027696215
11.0,320.2930192,4.513888888888889,7,7,0,0,0,0,0,1,0,2,1,110.41666666666667,9.0,48.18375,6,1,SPECIAL EQUIPMENT,UPPER APEX,LANG_09,Round-Trip,google,Direct,Direct,Logged-In,AREA_C,AREA_C,AREA_C_TO_AREA_C,CA,CI,8_14,very_high,3_5,Y,V,0,0.7848023874722363,37.81472203736537
95.0,314.1631896,8.4375,3,2,0,1,0,1,0,0,0,2,1,206.25,12.0,42.83,1,1,SPECIAL EQUIPMENT,UPPER APEX,LANG_09,Round-Trip,apple,Direct,Direct,Logged-Out,AREA_C,AREA_C,AREA_C_TO_AREA_C,CA,CE,61_120,very_high,9_14,P,R,0,0.8822212381462583,37.785535629804244
122.0,403.4020644,15.010416666666666,2,2,0,0,0,0,0,0,0,2,1,366.9166666666667,17.0,68.8500816,1,1,SPECIAL EQUIPMENT,UPPER APEX,LANG_09,Round-Trip,google,Direct,Direct,Logged-Out,AREA_C,AREA_B,AREA_C_TO_AREA_B,CA,BU,120_plus,very_high,15_30,Y,V,0,0.548246663884738,37.74682754539198
39.0,73.18019460000001,8.541666666666666,2,2,0,0,0,0,0,0,0,2,1,206.58333333333334,17.0,64.245,2,1,SPECIAL EQUIPMENT,GREAT AURORA,LANG_10,Round-Trip,microsoft,Organic Search,Organic Search,Logged-Out,AREA_C,AREA_D,AREA_C_TO_AREA_D,CA,DA,31_60,high,9_14,Y,U,0,0.5874413564109662,37.74016994262252
18.0,116.7481555,5.958333333333333,5,5,0,0,0,0,0,0,0,2,1,144.66666666666666,11.0,42.83,5,1,SPECIAL EQUIPMENT,UPPER APEX,LANG_09,Round-Trip,google,Paid Search,Paid Search,Logged-Out,AREA_C,AREA_C,AREA_C_TO_AREA_C,CA,CO,15_30,very_high,6_8,Y,O,0,0.881120170962206,37.73837692231128
99.0,278.10675410000005,7.871527777777778,8,5,2,1,0,1,1,0,0,4,1,191.25,15.0,42.7777474,2,0,SPECIAL EQUIPMENT,OLD ZENITH,LANG_02,Round-Trip,google,Paid Search,Paid Search,Logged-Out,AREA_B,AREA_B,AREA_B_TO_AREA_B,BU,BI,61_120,very_high,6_8,Y,U,0,0.8817569924234534,37.719577890074206
69.0,141.8640958,6.024305555555555,2,2,0,0,0,0,0,0,0,3,1,145.83333333333334,15.0,42.83,3,1,SPECIAL EQUIPMENT,UPPER APEX,LANG_02,Round-Trip,apple,Direct,Direct,Logged-Out,AREA_C,AREA_B,AREA_C_TO_AREA_B,CA,BI,61_120,very_high,6_8,Y,W,0,0.8806281229561566,37.717302506212185
153.0,407.8666636,14.0,2,2,0,0,0,0,0,0,0,2,1,343.25,20.0,77.094,5,1,SPECIAL EQUIPMENT,UPPER APEX,LANG_09,Round-Trip,microsoft,Paid Search,Paid Search,Logged-Out,AREA_C,AREA_B,AREA_C_TO_AREA_B,CA,BU,120_plus,very_high,9_14,Y,V,0,0.4891479062237417,37.71036868241314
104.0,184.5339116,9.416666666666666,4,4,0,0,0,0,0,0,0,2,1,228.91666666666666,12.0,42.83,5,1,SPECIAL EQUIPMENT,UPPER APEX,LANG_09,Round-Trip,google,Paid Search,Paid Search,Logged-Out,AREA_C,AREA_C,AREA_C_TO_AREA_C,CA,CI,61_120,very_high,9_14,Y,L,0,0.8797799754286967,37.68097634761108
35.0,59.962,23.79861111111111,2,2,0,0,0,0,0,0,0,2,1,573.5833333333334,12.0,96.3675,3,1,SPECIAL EQUIPMENT,UPPER APEX,LANG_09,Round-Trip,google,Paid Search,Paid Search,Logged-Out,AREA_C,AREA_C,AREA_C_TO_AREA_C,CA,CU,31_60,high,15_30,Y,U,0,0.3905320466425942,37.6345970048302
111.0,135.2532853,7.326388888888889,5,3,0,2,0,1,0,0,0,4,1,177.91666666666666,20.0,39.2220008,3,0,SPECIAL EQUIPMENT,LOWER ZENITH,LANG_02,Round-Trip,google,Paid Search,Paid Search,Logged-Out,AREA_C,AREA_C,AREA_C_TO_AREA_C,CE,CI,61_120,very_high,6_8,Y,S,0,0.9580720457053309,37.577502543112125
12.0,45.4931694,7.9375,2,2,0,0,0,0,0,1,0,2,1,192.58333333333334,23.0,42.83,6,1,SPECIAL EQUIPMENT,UPPER APEX,LANG_09,Round-Trip,google,Paid Search,Paid Search,Logged-In,AREA_C,AREA_C,AREA_C_TO_AREA_C,CA,CO,8_14,mid,6_8,Y,O,0,0.8761927369141741,37.52733492203407
138.0,79.869384,7.090277777777778,2,2,0,0,0,0,0,0,0,2,1,170.75,10.0,42.83,3,1,SPECIAL EQUIPMENT,SOUTH HORIZON,LANG_09,Round-Trip,google,Direct,Paid Search,Logged-Out,AREA_C,AREA_B,AREA_C_TO_AREA_B,CA,BI,120_plus,high,6_8,Y,U,0,0.8751785740321206,37.48389832579573
14.0,59.4120628,4.513888888888889,2,2,0,0,0,0,0,0,0,2,1,110.33333333333333,10.0,85.66,4,1,SPECIAL EQUIPMENT,UPPER APEX,LANG_09,Round-Trip,google,Direct,Direct,Logged-Out,AREA_C,AREA_B,AREA_C_TO_AREA_B,CA,BE,8_14,high,3_5,Y,U,0,0.4374314040187482,37.47037406824597
20.0,199.0412892,5.690972222222222,3,3,0,0,0,0,0,0,0,4,1,139.25,21.0,39.4344376,4,0,SPECIAL EQUIPMENT,NEW MERIDIAN,LANG_02,Round-Trip,microsoft,Paid Search,Paid Search,Logged-Out,AREA_C,AREA_C,AREA_C_TO_AREA_C,CI,CE,15_30,very_high,6_8,Y,E,0,0.948142854196939,37.38948021971509
52.0,79.9875948,7.190972222222222,2,2,0,0,0,0,0,0,0,2,1,177.66666666666666,21.0,42.83,2,1,SPECIAL EQUIPMENT,UPPER APEX,LANG_09,Round-Trip,apple,Direct,Direct,Logged-Out,AREA_C,AREA_B,AREA_C_TO_AREA_B,CA,BI,31_60,high,6_8,Y,O,0,0.872700541767699,37.377764203910544
133.0,42.3365984,6.215277777777778,2,2,0,0,0,0,0,1,0,2,1,153.08333333333334,18.0,42.83,3,1,SPECIAL EQUIPMENT,UPPER APEX,LANG_09,Round-Trip,microsoft,Direct,Direct,Logged-In,AREA_C,AREA_C,AREA_C_TO_AREA_C,CA,CI,120_plus,mid,6_8,Y,O,0,0.8725593232615386,37.3717158152917
30.0,235.1992318,5.180555555555555,2,2,0,0,0,0,0,0,0,2,1,127.25,12.0,50.2841332,4,1,SPECIAL EQUIPMENT,UPPER APEX,LANG_09,Round-Trip,mozilla,Paid Search,Paid Search,Logged-Out,AREA_C,AREA_C,AREA_C_TO_AREA_C,CA,CE,15_30,very_high,6_8,Y,V,0,0.7427963541249105,37.35087081129137
30.0,143.8368456,,4,4,0,0,0,0,0,1,0,2,1,3.75,19.0,42.83,4,0,SPECIAL EQUIPMENT,UPPER APEX,LANG_02,One-Way,mozilla,Paid Search,Paid Search,Logged-In,AREA_C,AREA_B,AREA_C_TO_AREA_B,CU,BE,15_30,very_high,unknown_or_oneway,Y,T,0,0.871562762230277,37.32903310632276
38.0,91.424918,7.190972222222222,2,2,0,0,0,0,0,1,0,2,1,177.66666666666666,21.0,42.83,4,1,SPECIAL EQUIPMENT,UPPER APEX,LANG_09,Round-Trip,google,Paid Search,Organic Search,Logged-In,AREA_C,AREA_B,AREA_C_TO_AREA_B,CA,BI,31_60,high,6_8,Y,U,1,0.8703542894523468,37.27727421724401
43.0,134.7397536,21.197916666666668,2,2,0,0,0,0,0,0,0,2,1,512.25,10.0,77.094,2,1,SPECIAL EQUIPMENT,UPPER APEX,LANG_09,Round-Trip,google,MetaSearches,MetaSearches,Logged-Out,AREA_C,AREA_B,AREA_C_TO_AREA_B,CA,BA,31_60,very_high,15_30,Y,Q,0,0.4834403129558643,37.2703474870194
157.0,409.3408722,11.0,2,2,0,0,0,0,0,0,0,2,1,271.25,9.0,77.094,4,1,SPECIAL EQUIPMENT,NEW ZENITH,LANG_02,Round-Trip,apple,Direct,Direct,Logged-Out,AREA_C,AREA_B,AREA_C_TO_AREA_B,CA,BU,120_plus,very_high,9_14,Y,V,0,0.4833337889877006,37.262135128217786
42.0,91.609087,7.097222222222222,2,2,0,0,0,0,0,0,0,2,1,172.0,11.0,42.83,2,1,SPECIAL EQUIPMENT,UPPER APEX,LANG_09,Round-Trip,apple,Email,Email,Logged-Out,AREA_C,AREA_C,AREA_C_TO_AREA_C,CA,CO,31_60,high,6_8,Y,U,0,0.8694488434827162,37.238493966364736
62.0,77.8632268,8.128472222222221,2,2,0,0,0,0,0,0,0,2,1,197.25,18.0,42.83,6,1,SPECIAL EQUIPMENT,UPPER APEX,LANG_02,Round-Trip,apple,Direct,Direct,Logged-Out,AREA_C,AREA_B,AREA_C_TO_AREA_B,CA,BI,61_120,high,9_14,Y,W,0,0.8689343197513063,37.216456914948445
153.0,172.2519808,9.13888888888889,3,2,0,1,0,1,0,0,0,2,1,223.16666666666666,20.0,50.2841332,5,1,SPECIAL EQUIPMENT,UPPER APEX,LANG_09,Round-Trip,google,Organic Search,Organic Search,Logged-Out,AREA_C,AREA_C,AREA_C_TO_AREA_C,CA,CE,120_plus,very_high,9_14,Y,O,0,0.7398349286667835,37.20195809909304
19.0,58.40384459999999,5.461805555555555,2,2,0,0,0,0,0,0,0,6,1,134.41666666666666,22.0,42.675812,4,0,SPECIAL EQUIPMENT,NEW MERIDIAN,LANG_02,Round-Trip,microsoft,MetaSearches,MetaSearches,Logged-Out,AREA_C,AREA_B,AREA_C_TO_AREA_B,CI,BO,15_30,high,6_8,Y,W,0,0.8714637913668949,37.19042492518083
136.0,153.652625,7.458333333333333,2,2,0,0,0,0,0,0,0,2,1,182.83333333333334,18.0,50.2841332,5,1,SPECIAL EQUIPMENT,UPPER APEX,LANG_09,Round-Trip,opera,Paid Search,Paid Search,Logged-Out,AREA_C,AREA_C,AREA_C_TO_AREA_C,CA,CE,120_plus,very_high,6_8,Y,W,0,0.7395047377720524,37.18535473616095
43.0,77.5557074,5.388888888888889,2,2,0,0,0,0,0,0,0,2,1,129.91666666666666,23.0,42.83,3,1,SPECIAL EQUIPMENT,UPPER APEX,LANG_09,Round-Trip,google,Paid Search,Paid Search,Logged-Out,AREA_C,AREA_B,AREA_C_TO_AREA_B,CA,BI,31_60,high,6_8,Y,U,0,0.8677186077528464,37.164387970054406
28.0,132.4740466,7.128472222222222,3,2,0,1,0,1,0,0,0,2,1,173.25,7.0,42.83,2,1,SPECIAL EQUIPMENT,UPPER APEX,LANG_09,Round-Trip,mozilla,Direct,Direct,Logged-Out,AREA_C,AREA_B,AREA_C_TO_AREA_B,CA,BI,15_30,very_high,6_8,Y,W,0,0.8670750840876567,37.136825851474335
40.0,63.3661284,4.59375,3,2,1,0,0,0,1,0,0,2,1,112.16666666666667,22.0,85.66,5,1,SPECIAL EQUIPMENT,UPPER APEX,LANG_09,Round-Trip,apple,Direct,MetaSearches,Logged-Out,AREA_C,AREA_B,AREA_C_TO_AREA_B,CA,BE,31_60,high,3_5,Y,O,0,0.4330150318774595,37.09206763062318
24.0,79.81498990000001,4.673611111111111,2,2,0,0,0,0,0,1,0,4,1,114.91666666666667,3.0,42.6963704,4,0,SPECIAL EQUIPMENT,NEW MERIDIAN,LANG_02,Round-Trip,google,Internal,Internal,Logged-In,AREA_C,AREA_C,AREA_C_TO_AREA_C,CI,CE,15_30,high,3_5,Y,U,0,0.8673219265178,37.031498230645575
27.0,31.658222799999997,6.079861111111111,2,2,0,0,0,0,0,0,0,5,1,146.91666666666666,17.0,48.18375,5,0,SPECIAL EQUIPMENT,UPPER APEX,LANG_09,Round-Trip,opera,Organic Search,Organic Search,Logged-Out,AREA_C,AREA_B,AREA_C_TO_AREA_B,CA,BI,15_30,low,6_8,Y,L,0,0.7685019969609805,37.02930809606865
180.0,503.5934268,,3,2,1,0,0,0,1,0,0,2,1,-193.75,8.0,68.8500816,2,1,SPECIAL EQUIPMENT,UPPER APEX,LANG_09,Round-Trip,apple,Direct,Direct,Logged-Out,AREA_C,AREA_B,AREA_C_TO_AREA_B,CA,BU,120_plus,very_high,unknown_or_oneway,Y,W,0,0.5373354020728048,36.99558627928142
24.0,125.843106,7.197916666666667,2,2,0,0,0,0,0,0,0,2,1,176.25,19.0,77.094,3,1,SPECIAL EQUIPMENT,UPPER APEX,LANG_09,Round-Trip,google,Paid Search,Organic Search,Logged-Out,AREA_C,AREA_B,AREA_C_TO_AREA_B,CA,BA,15_30,very_high,6_8,Y,Q,0,0.4797695471258702,36.98735346612184
43.0,143.7015028,5.243055555555555,2,2,0,0,0,0,0,1,0,2,1,126.41666666666667,13.0,42.83,3,1,SPECIAL EQUIPMENT,UPPER APEX,LANG_09,Round-Trip,apple,Direct,Direct,Logged-In,AREA_C,AREA_B,AREA_C_TO_AREA_B,CA,BI,31_60,very_high,6_8,Y,W,0,0.8627626451480016,36.95212409168891
13.0,47.02734,4.121527777777778,2,2,0,0,0,0,0,1,0,2,1,100.83333333333333,21.0,49.2545,6,1,SPECIAL EQUIPMENT,UPPER APEX,LANG_09,Round-Trip,google,Direct,Paid Search,Logged-In,AREA_C,AREA_B,AREA_C_TO_AREA_B,CA,BI,8_14,mid,3_5,Y,L,0,0.7502116734835929,36.951300871597624
32.0,97.776607,5.201388888888889,2,2,0,0,0,0,0,0,0,2,1,128.33333333333334,16.0,77.094,4,1,SPECIAL EQUIPMENT,UPPER APEX,LANG_09,Round-Trip,samsung,Direct,Direct,Logged-Out,AREA_C,AREA_B,AREA_C_TO_AREA_B,CA,BA,31_60,high,6_8,Y,L,0,0.4790970664745916,36.935509242792165
35.0,288.5388572,5.034722222222222,2,2,0,0,0,0,0,0,0,2,1,123.0,16.0,42.83,4,1,SPECIAL EQUIPMENT,UPPER APEX,LANG_09,Round-Trip,apple,Paid Search,Paid Search,Logged-Out,AREA_C,AREA_B,AREA_C_TO_AREA_B,CA,BI,31_60,very_high,6_8,Y,H,0,0.8618981009854361,36.91509566520622
37.0,63.311306,5.184027777777778,2,2,0,0,0,0,0,0,0,2,1,129.5,15.0,42.83,3,1,SPECIAL EQUIPMENT,UPPER APEX,LANG_09,Round-Trip,microsoft,Direct,MetaSearches,Logged-Out,AREA_C,AREA_B,AREA_C_TO_AREA_B,CA,BI,31_60,high,6_8,Y,L,0,0.8607976569772773,36.86796364833678
47.0,244.5987036,7.319444444444445,2,2,0,0,0,0,0,0,1,2,1,191.83333333333334,21.0,57.8205,1,1,SPECIAL EQUIPMENT,UPPER APEX,LANG_02,Round-Trip,apple,Organic Search,Email,Logged-Out,AREA_C,AREA_B,AREA_C_TO_AREA_B,CA,BO,31_60,very_high,6_8,Y,L,0,0.63701521105904,36.832538011039226
54.0,230.746625,5.138888888888889,2,2,0,0,0,0,0,1,0,2,1,127.16666666666667,14.0,50.2841332,4,1,SPECIAL EQUIPMENT,UPPER APEX,LANG_09,Round-Trip,mozilla,Paid Search,Email,Logged-In,AREA_C,AREA_C,AREA_C_TO_AREA_C,CA,CE,31_60,very_high,6_8,Y,T,0,0.7303411373845847,36.724571033685955
25.0,162.7599962,7.045138888888889,2,2,0,0,0,0,0,1,0,2,1,170.58333333333334,19.0,42.83,4,1,SPECIAL EQUIPMENT,UPPER APEX,LANG_09,Round-Trip,google,Paid Search,Paid Search,Logged-In,AREA_C,AREA_B,AREA_C_TO_AREA_B,CA,BI,15_30,very_high,6_8,Y,T,0,0.8571735095803588,36.71274141532676
104.0,307.4842794,8.4375,3,3,0,0,0,0,0,1,0,2,1,206.66666666666666,20.0,42.83,2,1,SPECIAL EQUIPMENT,UPPER APEX,LANG_09,Round-Trip,apple,Direct,Direct,Logged-In,AREA_C,AREA_C,AREA_C_TO_AREA_C,CA,CE,61_120,very_high,9_14,Y,W,0,0.8569382601751371,36.70266568330112
,209.8036116,,4,4,0,0,0,0,0,0,0,2,1,4.666666666666667,21.0,36.8111001,4,0,SPECIAL EQUIPMENT,NEW MERIDIAN,LANG_10,One-Way,google,Direct,Direct,Logged-Out,AREA_B,AREA_C,AREA_B_TO_AREA_C,BE,CI,MISSING,very_high,unknown_or_oneway,Y,Q,1,0.9970289097289139,36.70173099862491
1.0,375.54628899999994,7.322916666666667,2,2,0,0,0,0,0,0,0,2,1,176.66666666666666,9.0,42.83,3,1,SPECIAL EQUIPMENT,UPPER APEX,LANG_02,Round-Trip,apple,Direct,Direct,Logged-Out,AREA_C,AREA_C,AREA_C_TO_AREA_C,CA,CE,0_3,very_high,6_8,C,Z,0,0.856878287839313,36.700097068157774
227.0,71.2040184,8.15625,4,2,0,2,0,1,0,0,0,2,1,197.66666666666666,7.0,85.66,3,1,SPECIAL EQUIPMENT,UPPER APEX,LANG_09,Round-Trip,google,Direct,Direct,Logged-Out,AREA_C,AREA_B,AREA_C_TO_AREA_B,CA,BE,120_plus,high,9_14,Y,U,0,0.42779150262614346,36.644620114955444
56.0,58.64968880000001,7.541666666666667,2,2,0,0,0,0,0,0,0,2,1,183.08333333333334,22.0,42.83,2,1,SPECIAL EQUIPMENT,UPPER APEX,LANG_09,Round-Trip,mozilla,Direct,MetaSearches,Logged-Out,AREA_C,AREA_C,AREA_C_TO_AREA_C,CA,CI,31_60,high,6_8,Y,U,0,0.8554106880173611,36.637239767783576
74.0,65.9976036,7.138888888888889,2,2,0,0,0,0,0,0,0,2,1,173.66666666666666,17.0,42.83,6,1,SPECIAL EQUIPMENT,UPPER APEX,LANG_02,Round-Trip,mozilla,Direct,Direct,Logged-Out,AREA_C,AREA_C,AREA_C_TO_AREA_C,CA,CU,61_120,high,6_8,Y,W,0,0.8548256265463209,36.61218158497892
108.0,363.9539212,7.4375,4,4,0,0,0,0,0,0,0,2,1,182.25,19.0,42.83,2,1,SPECIAL EQUIPMENT,UPPER APEX,LANG_09,Round-Trip,google,Direct,MetaSearches,Logged-Out,AREA_C,AREA_C,AREA_C_TO_AREA_C,CA,CE,61_120,very_high,6_8,Y,U,0,0.8545284286603999,36.59945259952492
119.0,58.4920744,6.517361111111111,2,2,0,0,0,0,0,0,0,2,1,158.58333333333334,21.0,42.83,3,1,SPECIAL EQUIPMENT,UPPER APEX,LANG_09,Round-Trip,google,Direct,Direct,Logged-Out,AREA_C,AREA_B,AREA_C_TO_AREA_B,CA,BI,61_120,high,6_8,Y,O,1,0.8545099115403031,36.59865951127118
19.0,113.3778628,5.045138888888889,2,2,0,0,0,0,0,0,0,2,1,122.58333333333333,21.0,42.83,4,1,SPECIAL EQUIPMENT,UPPER APEX,LANG_09,Round-Trip,google,Direct,Paid Search,Logged-Out,AREA_C,AREA_B,AREA_C_TO_AREA_B,CA,BI,15_30,very_high,6_8,Y,W,0,0.8542129416128877,36.58594028927998
8.0,129.9068164,7.131944444444445,2,2,0,0,0,0,0,0,0,2,1,177.16666666666666,19.0,42.83,2,1,SPECIAL EQUIPMENT,UPPER APEX,LANG_09,Round-Trip,google,Direct,Paid Search,Logged-Out,AREA_C,AREA_B,AREA_C_TO_AREA_B,CA,BI,8_14,very_high,6_8,Y,V,0,0.8538041304448397,36.568430906952486
5.0,57.7982284,2.7291666666666665,3,2,0,1,0,1,0,0,0,5,1,66.41666666666667,10.0,47.9040701,5,0,SPECIAL EQUIPMENT,NEW MERIDIAN,LANG_02,Round-Trip,apple,Direct,Direct,Logged-Out,AREA_C,AREA_B,AREA_C_TO_AREA_B,CI,BE,4_7,high,3_5,Y,L,0,0.7629125592603798,36.546616718979635
31.0,89.2607181,5.194444444444445,2,2,0,0,0,0,0,0,0,2,1,126.16666666666667,21.0,42.83,3,1,SPECIAL EQUIPMENT,UPPER APEX,LANG_09,Round-Trip,google,Paid Search,Paid Search,Logged-Out,AREA_C,AREA_B,AREA_C_TO_AREA_B,CA,BI,31_60,high,6_8,Y,W,0,0.8531139745109863,36.53887152830554
27.0,59.962,7.190972222222222,2,2,0,0,0,0,0,0,0,2,1,177.66666666666666,22.0,42.83,3,1,SPECIAL EQUIPMENT,UPPER APEX,LANG_09,Round-Trip,google,Paid Search,Paid Search,Logged-Out,AREA_C,AREA_B,AREA_C_TO_AREA_B,CA,BI,15_30,high,6_8,Y,U,0,0.8526316138829808,36.51821202260807
86.0,652.2238060000001,7.4375,5,3,1,1,0,1,1,0,0,2,1,182.25,12.0,42.83,2,1,SPECIAL EQUIPMENT,UPPER APEX,LANG_09,Round-Trip,mozilla,Direct,Organic Search,Logged-Out,AREA_C,AREA_C,AREA_C_TO_AREA_C,CA,CE,61_120,very_high,6_8,Y,Q,0,0.8525866270110185,36.51628523488192
29.0,53.480107800000006,5.513888888888889,3,2,1,0,0,0,1,0,0,2,1,134.33333333333334,22.0,85.66,3,1,SPECIAL EQUIPMENT,UPPER APEX,LANG_09,Round-Trip,google,Paid Search,Paid Search,Logged-Out,AREA_C,AREA_B,AREA_C_TO_AREA_B,CA,BE,15_30,mid,6_8,Y,O,0,0.4260967389983226,36.49944666259631
55.0,81.6129933,7.190972222222222,2,2,0,0,0,0,0,0,0,2,1,177.66666666666666,23.0,42.83,3,1,SPECIAL EQUIPMENT,GREAT HORIZON,LANG_02,Round-Trip,google,Paid Search,Paid Search,Logged-Out,AREA_C,AREA_B,AREA_C_TO_AREA_B,CA,BI,31_60,high,6_8,Y,V,0,0.8519504291475414,36.48903688038919
10.0,302.516856,5.170138888888889,2,2,0,0,0,0,0,0,0,2,1,127.08333333333333,17.0,47.113,3,1,SPECIAL EQUIPMENT,UPPER APEX,LANG_09,Round-Trip,apple,Direct,Direct,Logged-Out,AREA_C,AREA_B,AREA_C_TO_AREA_B,CA,BO,8_14,very_high,6_8,C,D,1,0.7737993713629847,36.4560097830243
190.0,56.1492734,11.493055555555555,3,2,0,1,0,1,0,0,0,2,1,277.75,18.0,46.77036,4,1,SPECIAL EQUIPMENT,UPPER APEX,LANG_09,Round-Trip,google,Paid Search,MetaSearches,Logged-Out,AREA_C,AREA_C,AREA_C_TO_AREA_C,CA,CU,120_plus,high,9_14,Y,W,0,0.7788845019456568,36.42870855441907
76.0,228.9841705,8.875,2,2,0,0,0,0,0,0,0,2,1,218.0,16.0,81.377,2,1,SPECIAL EQUIPMENT,NEW HORIZON,LANG_02,Round-Trip,google,Paid Search,Paid Search,Logged-Out,AREA_C,AREA_C,AREA_C_TO_AREA_C,CA,CA,61_120,very_high,9_14,Y,L,0,0.4476322114584894,36.42696647185749
198.0,128.02914919999998,7.131944444444445,2,2,0,0,0,0,0,1,0,2,1,177.16666666666666,7.0,42.83,2,1,SPECIAL EQUIPMENT,UPPER APEX,LANG_09,Round-Trip,google,Email,Email,Logged-In,AREA_C,AREA_B,AREA_C_TO_AREA_B,CA,BI,120_plus,very_high,6_8,Y,V,0,0.849766370352613,36.39549364220242
57.0,65.65582020000001,5.114583333333333,3,2,1,0,0,0,1,0,0,2,1,124.75,20.0,42.83,4,1,SPECIAL EQUIPMENT,UPPER APEX,LANG_09,Round-Trip,apple,Paid Search,Paid Search,Logged-Out,AREA_C,AREA_C,AREA_C_TO_AREA_C,CA,CO,31_60,high,6_8,Y,W,0,0.8497436981735101,36.39452259277144
89.0,134.2155144,6.517361111111111,2,2,0,0,0,0,0,1,1,2,1,158.58333333333334,17.0,42.83,3,1,SPECIAL EQUIPMENT,UPPER APEX,LANG_02,Round-Trip,apple,Direct,Paid Search,Logged-In,AREA_C,AREA_B,AREA_C_TO_AREA_B,CA,BI,61_120,very_high,6_8,Y,O,0,0.849504323153159,36.3842701606498
78.0,400.9162112,20.0,2,2,0,0,0,0,0,0,0,2,1,487.25,19.0,77.094,4,1,SPECIAL EQUIPMENT,UPPER APEX,LANG_09,Round-Trip,google,Direct,Email,Logged-Out,AREA_C,AREA_B,AREA_C_TO_AREA_B,CA,BU,61_120,very_high,15_30,Y,V,0,0.4718311527145211,36.37535088737329
59.0,482.7866128,,2,2,0,0,0,0,0,0,0,2,1,-294.25,21.0,81.377,1,1,SPECIAL EQUIPMENT,UPPER APEX,LANG_09,Round-Trip,apple,Direct,Direct,Logged-Out,AREA_C,AREA_C,AREA_C_TO_AREA_C,CA,CA,31_60,very_high,unknown_or_oneway,P,A,0,0.4469231763746913,36.36926732384325
80.0,45.26617040000001,4.15625,4,2,0,2,0,1,0,0,0,2,1,101.66666666666667,21.0,85.66,6,1,SPECIAL EQUIPMENT,UPPER APEX,LANG_09,Round-Trip,google,Paid Search,Affiliate,Logged-Out,AREA_C,AREA_B,AREA_C_TO_AREA_B,CA,BE,61_120,mid,3_5,Y,U,0,0.42417931424303734,36.335200058058575
73.0,164.8501002,7.4375,2,2,0,0,0,0,0,0,0,2,1,182.25,23.0,42.83,2,1,SPECIAL EQUIPMENT,UPPER APEX,LANG_09,Round-Trip,google,Email,Email,Logged-Out,AREA_C,AREA_C,AREA_C_TO_AREA_C,CA,CE,61_120,very_high,6_8,Y,L,0,0.848345982313617,36.33465842249222
80.0,209.4455528,11.4375,2,2,0,0,0,0,0,1,0,2,1,278.25,19.0,42.83,2,1,SPECIAL EQUIPMENT,UPPER APEX,LANG_09,Round-Trip,apple,Direct,MetaSearches,Logged-In,AREA_C,AREA_C,AREA_C_TO_AREA_C,CA,CE,61_120,very_high,9_14,Y,W,0,0.8482566649451692,36.330832959601594
55.0,85.8330332,7.940972222222222,3,2,0,0,1,1,0,0,0,2,1,192.91666666666666,21.0,42.83,6,1,SPECIAL EQUIPMENT,UPPER APEX,LANG_09,Round-Trip,microsoft,Direct,Paid Search,Logged-Out,AREA_C,AREA_C,AREA_C_TO_AREA_C,CA,CU,31_60,high,6_8,Y,O,0,0.8470493685374628,36.279124454459534
110.0,271.6372826,11.458333333333334,3,3,0,0,0,0,0,0,0,2,1,278.8333333333333,13.0,50.2841332,5,1,SPECIAL EQUIPMENT,LOWER VERTEX,LANG_02,Round-Trip,apple,Direct,Paid Search,Logged-Out,AREA_C,AREA_C,AREA_C_TO_AREA_C,CA,CE,61_120,very_high,9_14,Y,W,0,0.7214766261651454,36.27882677077478
50.0,50.3560876,5.222222222222222,3,2,0,1,0,1,0,1,1,2,1,129.33333333333334,19.0,42.83,3,1,SPECIAL EQUIPMENT,UPPER APEX,LANG_02,Round-Trip,google,Direct,Direct,Logged-In,AREA_C,AREA_C,AREA_C_TO_AREA_C,CA,CI,31_60,mid,6_8,Y,U,0,0.8467187047610278,36.264962124914824
104.0,349.852572,16.0,2,2,0,0,0,0,0,0,0,2,1,391.25,18.0,77.094,5,1,SPECIAL EQUIPMENT,UPPER APEX,LANG_09,Round-Trip,google,Paid Search,MetaSearches,Logged-Out,AREA_C,AREA_B,AREA_C_TO_AREA_B,CA,BU,61_120,very_high,15_30,Y,W,0,0.47002815425253786,36.23635052394515
90.0,235.2189336,10.819444444444445,3,3,0,0,0,0,0,1,0,2,1,261.5,21.0,42.83,1,1,SPECIAL EQUIPMENT,UPPER APEX,LANG_09,Round-Trip,google,Direct,Paid Search,Logged-In,AREA_C,AREA_C,AREA_C_TO_AREA_C,CA,CU,61_120,very_high,9_14,C,F,0,0.8456312384467242,36.218385942673194
27.0,41.2260165,,2,2,0,0,0,0,0,1,1,4,1,-143.66666666666666,20.0,97.8005918,2,0,SPECIAL EQUIPMENT,CENTRAL MERIDIAN,LANG_02,Round-Trip,microsoft,Direct,Paid Search,Logged-In,AREA_B,AREA_C,AREA_B_TO_AREA_C,BI,CE,15_30,mid,unknown_or_oneway,Y,U,0,0.370256501597875,36.21130497406982
153.0,50.84520619999999,8.322916666666666,2,2,0,0,0,0,0,0,0,2,1,200.75,12.0,42.83,2,1,SPECIAL EQUIPMENT,UPPER APEX,LANG_09,Round-Trip,google,Organic Search,Organic Search,Logged-Out,AREA_C,AREA_C,AREA_C_TO_AREA_C,CA,CE,120_plus,mid,9_14,Y,O,1,0.844443066577655,36.16749654152096
166.0,209.130324,5.892361111111111,5,5,0,0,0,0,0,0,0,2,1,142.91666666666666,21.0,42.83,4,1,SPECIAL EQUIPMENT,UPPER APEX,LANG_09,Round-Trip,google,Paid Search,Paid Search,Logged-Out,AREA_C,AREA_B,AREA_C_TO_AREA_B,CA,BI,120_plus,very_high,6_8,Y,U,0,0.8442288201806986,36.15832036833932
5.0,90.9435088,6.947916666666667,2,2,0,0,0,0,0,0,0,2,1,167.33333333333334,15.0,42.83,4,1,SPECIAL EQUIPMENT,UPPER APEX,LANG_09,Round-Trip,apple,Direct,Direct,Logged-Out,AREA_C,AREA_B,AREA_C_TO_AREA_B,CA,BI,4_7,high,6_8,Y,U,0,0.8435251705551156,36.1281830548756
7.0,79.972176,6.513888888888889,2,2,0,0,0,0,0,1,1,2,1,158.41666666666666,22.0,44.9715,3,1,SPECIAL EQUIPMENT,UPPER APEX,LANG_09,Round-Trip,apple,Paid Search,Paid Search,Logged-In,AREA_C,AREA_C,AREA_C_TO_AREA_C,CA,CI,4_7,high,6_8,Y,S,1,0.8024332902331172,36.086628711718625
8.0,202.07194,3.517361111111111,2,2,0,0,0,0,0,0,0,2,1,86.58333333333333,16.0,47.113,6,1,SPECIAL EQUIPMENT,UPPER APEX,LANG_09,Round-Trip,google,Direct,Email,Logged-Out,AREA_C,AREA_B,AREA_C_TO_AREA_B,CA,BI,8_14,very_high,3_5,Y,Q,0,0.7659315009373681,36.085330803662224
67.0,76.5149384,7.21875,2,2,0,0,0,0,0,1,0,2,1,177.25,20.0,42.83,5,1,SPECIAL EQUIPMENT,UPPER APEX,LANG_09,Round-Trip,mozilla,Paid Search,Organic Search,Logged-In,AREA_C,AREA_C,AREA_C_TO_AREA_C,CA,CI,61_120,high,6_8,Y,O,0,0.8420474118468502,36.06489064940059
23.0,49.0934592,4.385416666666667,2,2,0,0,0,0,0,1,0,2,1,107.25,22.0,85.66,6,1,SPECIAL EQUIPMENT,UPPER APEX,LANG_09,Round-Trip,google,Paid Search,Paid Search,Logged-In,AREA_C,AREA_B,AREA_C_TO_AREA_B,CA,BE,15_30,mid,3_5,Y,O,0,0.42088373383838235,36.05290064059583
15.0,44.7419312,10.909722222222221,2,2,0,0,0,0,0,0,0,2,1,264.8333333333333,9.0,42.83,6,1,SPECIAL EQUIPMENT,UPPER APEX,LANG_09,Round-Trip,samsung,Direct,Direct,Logged-Out,AREA_C,AREA_C,AREA_C_TO_AREA_C,CA,CI,15_30,mid,9_14,Y,L,0,0.8407963577058999,36.01130800054369
132.0,82.9291592,6.503472222222222,2,2,0,0,0,0,0,0,0,2,1,158.25,13.0,42.83,3,1,SPECIAL EQUIPMENT,UPPER APEX,LANG_09,Round-Trip,mozilla,Paid Search,Paid Search,Logged-Out,AREA_C,AREA_C,AREA_C_TO_AREA_C,CA,CI,120_plus,high,6_8,Y,L,0,0.8406376408023591,36.00451015556504
116.0,1330.693836,15.010416666666666,4,2,0,2,0,1,0,0,0,2,1,366.9166666666667,12.0,68.8500816,1,1,SPECIAL EQUIPMENT,UPPER APEX,LANG_09,Round-Trip,google,Organic Search,Organic Search,Logged-Out,AREA_C,AREA_B,AREA_C_TO_AREA_B,CA,BU,61_120,very_high,15_30,P,R,0,0.5225771381332596,35.97947860276939
103.0,288.0724385,11.065972222222221,2,2,0,0,0,0,0,1,0,2,1,270.5833333333333,21.0,81.377,1,1,SPECIAL EQUIPMENT,UPPER APEX,LANG_02,Round-Trip,apple,Direct,Direct,Logged-In,AREA_C,AREA_C,AREA_C_TO_AREA_C,CA,CA,61_120,very_high,9_14,P,R,0,0.4421109335433925,35.977661438960645
101.0,229.5550944,9.51736111111111,4,4,0,0,0,0,0,0,0,2,1,230.58333333333334,20.0,42.83,2,1,SPECIAL EQUIPMENT,UPPER APEX,LANG_09,Round-Trip,google,Direct,MetaSearches,Logged-Out,AREA_C,AREA_B,AREA_C_TO_AREA_B,CA,BI,61_120,very_high,9_14,Y,S,0,0.8397999516467544,35.96863192903049
19.0,90.5456181,5.097222222222222,2,2,0,0,0,0,0,1,0,2,1,123.91666666666667,16.0,42.83,5,1,SPECIAL EQUIPMENT,UPPER APEX,LANG_09,Round-Trip,google,Direct,Organic Search,Logged-In,AREA_C,AREA_C,AREA_C_TO_AREA_C,CA,CO,15_30,high,6_8,Y,V,0,0.8394058650952412,35.95175320202918
64.0,562.670559,8.4375,5,2,1,2,0,1,1,0,0,2,1,206.25,14.0,42.83,2,1,SPECIAL EQUIPMENT,UPPER APEX,LANG_09,Round-Trip,apple,Direct,Direct,Logged-Out,AREA_C,AREA_C,AREA_C_TO_AREA_C,CA,CE,61_120,very_high,9_14,Y,S,0,0.8379278744686834,35.88845086349371
93.0,377.6937852,6.4375,4,2,1,1,0,1,1,1,1,2,1,158.25,7.0,42.83,3,1,SPECIAL EQUIPMENT,UPPER APEX,LANG_09,Round-Trip,google,Direct,Direct,Logged-In,AREA_C,AREA_C,AREA_C_TO_AREA_C,CA,CE,61_120,very_high,6_8,Y,V,0,0.8379134240172037,35.88783195065683
10.0,79.0144972,4.739583333333333,2,2,0,0,0,0,0,0,0,2,1,115.75,8.0,85.66,4,1,SPECIAL EQUIPMENT,UPPER APEX,LANG_09,Round-Trip,google,Direct,Organic Search,Logged-Out,AREA_C,AREA_B,AREA_C_TO_AREA_B,CA,BE,8_14,high,3_5,Y,L,0,0.41873585525646945,35.86891336126917
8.0,171.8014092,5.194444444444445,2,2,0,0,0,0,0,0,0,2,1,126.16666666666667,11.0,42.83,3,1,SPECIAL EQUIPMENT,UPPER APEX,LANG_09,Round-Trip,apple,Direct,Direct,Logged-Out,AREA_C,AREA_B,AREA_C_TO_AREA_B,CA,BI,8_14,very_high,6_8,Y,K,0,0.8371849676669934,35.856632165177324
111.0,156.46741260000002,7.4375,2,2,0,0,0,0,0,0,0,2,1,182.25,21.0,42.83,2,1,SPECIAL EQUIPMENT,UPPER APEX,LANG_09,Round-Trip,microsoft,Paid Search,Paid Search,Logged-Out,AREA_C,AREA_C,AREA_C_TO_AREA_C,CA,CE,61_120,very_high,6_8,Y,O,0,0.8364861134143171,35.8267002375352
39.0,374.3530452,8.26736111111111,4,2,0,2,0,1,0,0,0,2,1,205.08333333333334,13.0,42.83,4,1,SPECIAL EQUIPMENT,UPPER APEX,LANG_09,Round-Trip,google,Paid Search,Paid Search,Logged-Out,AREA_C,AREA_B,AREA_C_TO_AREA_B,CA,BE,31_60,very_high,9_14,C,F,0,0.8364858386821492,35.82668847075645
80.0,75.23517799999999,7.690972222222222,2,2,0,0,0,0,0,1,1,4,1,186.66666666666666,18.0,39.2220008,2,0,SPECIAL EQUIPMENT,LOWER ZENITH,LANG_02,Round-Trip,google,Organic Search,MetaSearches,Logged-In,AREA_C,AREA_C,AREA_C_TO_AREA_C,CE,CI,61_120,high,6_8,Y,V,1,0.9133660984001563,35.82404584214381
102.0,263.3282626,16.319444444444443,3,2,1,0,0,0,1,1,0,2,1,407.8333333333333,15.0,57.8205,2,1,SPECIAL EQUIPMENT,UPPER APEX,LANG_09,Round-Trip,microsoft,Paid Search,Affiliate,Logged-In,AREA_C,AREA_B,AREA_C_TO_AREA_B,CA,BO,61_120,very_high,15_30,Y,W,0,0.6193589186877045,35.81164235798242
259.0,99.7459304,5.517361111111111,2,2,0,0,0,0,0,0,0,2,1,134.5,23.0,72.275625,3,1,SPECIAL EQUIPMENT,UPPER APEX,LANG_09,Round-Trip,google,Paid Search,Paid Search,Logged-Out,AREA_C,AREA_B,AREA_C_TO_AREA_B,CA,BI,120_plus,high,6_8,Y,O,0,0.4953880429617443,35.80448042258693
76.0,166.8498329,11.875,2,2,0,0,0,0,0,0,0,4,1,286.8333333333333,12.0,42.157569,6,0,SPECIAL EQUIPMENT,SOUTH HORIZON,LANG_02,Round-Trip,google,Paid Search,Paid Search,Logged-Out,AREA_C,AREA_C,AREA_C_TO_AREA_C,CA,CE,61_120,very_high,9_14,Y,W,0,0.849147077227531,35.79797649936797
35.0,73.5806551,0.3298611111111111,2,2,0,0,0,0,0,0,0,5,1,9.5,11.0,42.5695936,6,0,SPECIAL EQUIPMENT,NEW MERIDIAN,LANG_02,Round-Trip,google,Paid Search,Organic Search,Logged-Out,AREA_C,AREA_D,AREA_C_TO_AREA_D,CI,DA,31_60,high,1_2,Y,L,0,0.8404533894535138,35.777759228778606
197.0,72.4991976,6.215277777777778,3,3,0,0,0,0,0,0,0,2,1,153.08333333333334,19.0,42.83,3,1,SPECIAL EQUIPMENT,UPPER APEX,LANG_09,Round-Trip,apple,Direct,Direct,Logged-Out,AREA_C,AREA_C,AREA_C_TO_AREA_C,CA,CI,120_plus,high,6_8,Y,L,0,0.8352926169983627,35.77558278603987
175.0,135.5252558,6.746527777777778,2,2,0,0,0,0,0,0,0,2,1,165.75,12.0,50.2841332,4,1,SPECIAL EQUIPMENT,UPPER APEX,LANG_09,Round-Trip,mozilla,Direct,Email,Logged-Out,AREA_C,AREA_C,AREA_C_TO_AREA_C,CA,CE,120_plus,very_high,6_8,Y,L,0,0.710705789380279,35.73722457920909
320.0,148.4239386,,7,7,0,0,0,0,0,0,0,2,1,4.5,22.0,42.83,4,0,SPECIAL EQUIPMENT,UPPER APEX,LANG_02,One-Way,google,Organic Search,Organic Search,Logged-Out,AREA_C,AREA_B,AREA_C_TO_AREA_B,CU,BE,120_plus,very_high,unknown_or_oneway,Y,W,0,0.8339100645714159,35.71636806559374
6.0,91.437767,6.940972222222222,2,2,0,0,0,0,0,1,0,2,1,167.16666666666666,21.0,42.83,4,1,SPECIAL EQUIPMENT,UPPER APEX,LANG_09,Round-Trip,apple,Direct,Direct,Logged-In,AREA_C,AREA_B,AREA_C_TO_AREA_B,CA,BI,4_7,high,6_8,Y,W,0,0.8336016264302436,35.703157660007335
64.0,164.90834900000002,8.440972222222221,2,2,0,0,0,0,0,0,0,2,1,206.33333333333334,9.0,42.83,2,1,SPECIAL EQUIPMENT,UPPER APEX,LANG_09,Round-Trip,google,Direct,Paid Search,Logged-Out,AREA_C,AREA_C,AREA_C_TO_AREA_C,CA,CE,61_120,very_high,9_14,Y,L,0,0.833327598426163,35.69142104059256
133.0,332.1603556,18.0,2,2,0,0,0,0,0,0,0,2,1,439.25,11.0,77.094,1,1,SPECIAL EQUIPMENT,UPPER APEX,LANG_02,Round-Trip,google,Direct,Direct,Logged-Out,AREA_C,AREA_B,AREA_C_TO_AREA_B,CA,BU,120_plus,very_high,15_30,Y,W,0,0.4628227613479076,35.680857963355585
148.0,131.4229984,8.76736111111111,4,2,0,1,1,1,0,1,0,2,1,212.75,20.0,72.275625,6,1,SPECIAL EQUIPMENT,UPPER APEX,LANG_09,Round-Trip,apple,Direct,MetaSearches,Logged-In,AREA_C,AREA_C,AREA_C_TO_AREA_C,CA,CU,120_plus,very_high,9_14,Y,Q,0,0.4933285389356359,35.65562848190992
300.0,100.8226766,,1,1,0,0,0,0,0,0,0,3,1,1369.9166666666667,12.0,38.547,4,0,SPECIAL EQUIPMENT,LOWER VERTEX,LANG_02,Multi-City,apple,Direct,Direct,Logged-Out,AREA_C,AREA_B,AREA_C_TO_AREA_B,CU,BU,120_plus,high,unknown_or_oneway,Y,L,0,0.9247140819120366,35.644953715463274
28.0,44.8498628,5.517361111111111,2,2,0,0,0,0,0,0,1,2,1,134.58333333333334,18.0,42.83,3,1,SPECIAL EQUIPMENT,UPPER APEX,LANG_09,Round-Trip,google,Direct,Direct,Logged-Out,AREA_C,AREA_B,AREA_C_TO_AREA_B,CA,BI,15_30,mid,6_8,Y,U,0,0.8317246251851719,35.62276569668091
155.0,134.91963959999998,10.427083333333334,2,2,0,0,0,0,0,0,0,2,1,254.08333333333334,8.0,50.2841332,5,1,SPECIAL EQUIPMENT,UPPER APEX,LANG_09,Round-Trip,google,Paid Search,Paid Search,Logged-Out,AREA_C,AREA_C,AREA_C_TO_AREA_C,CA,CE,120_plus,very_high,9_14,Y,L,0,0.7082195674764978,35.6122070658346
90.0,82.5860909,3.2881944444444446,4,4,0,0,0,0,0,0,0,2,1,80.83333333333333,20.0,85.66,5,1,SPECIAL EQUIPMENT,SOUTH HORIZON,LANG_02,Round-Trip,google,Organic Search,Organic Search,Logged-Out,AREA_C,AREA_B,AREA_C_TO_AREA_B,CA,BE,61_120,high,3_5,Y,W,0,0.4152011519038679,35.56613067208532
104.0,152.3737212,7.190972222222222,3,3,0,0,0,0,0,1,0,2,1,177.66666666666666,8.0,42.83,2,1,SPECIAL EQUIPMENT,UPPER APEX,LANG_09,Round-Trip,apple,Paid Search,Organic Search,Logged-In,AREA_C,AREA_B,AREA_C_TO_AREA_B,CA,BI,61_120,very_high,6_8,Y,O,0,0.8295834743672993,35.53106020715143
44.0,163.25082799999998,4.197916666666667,4,2,0,2,0,1,0,0,0,2,1,104.25,22.0,77.094,5,1,SPECIAL EQUIPMENT,UPPER APEX,LANG_09,Round-Trip,microsoft,Direct,Direct,Logged-Out,AREA_C,AREA_B,AREA_C_TO_AREA_B,CA,BA,31_60,very_high,3_5,Y,T,0,0.4605854946799872,35.50837812685893
68.0,322.8970832,7.4375,3,2,0,1,0,1,0,0,0,2,1,182.25,11.0,42.83,2,1,SPECIAL EQUIPMENT,UPPER APEX,LANG_09,Round-Trip,google,MetaSearches,MetaSearches,Logged-Out,AREA_C,AREA_C,AREA_C_TO_AREA_C,CA,CE,61_120,very_high,6_8,Y,T,0,0.8288987402592273,35.5017330453027
50.0,156.796347,10.097222222222221,3,2,1,0,0,0,1,0,0,2,1,243.91666666666666,21.0,42.83,2,1,SPECIAL EQUIPMENT,UPPER APEX,LANG_09,Round-Trip,google,Paid Search,Paid Search,Logged-Out,AREA_C,AREA_C,AREA_C_TO_AREA_C,CA,CO,31_60,very_high,9_14,Y,V,0,0.8279762424050862,35.46222246220984
61.0,59.3932176,4.125,3,3,0,0,0,0,0,0,0,2,1,101.0,17.0,85.66,4,1,SPECIAL EQUIPMENT,UPPER APEX,LANG_09,Round-Trip,mozilla,MetaSearches,MetaSearches,Logged-Out,AREA_C,AREA_B,AREA_C_TO_AREA_B,CA,BE,61_120,high,3_5,Y,L,0,0.41388649427007185,35.453517099174356
72.0,53.7310916,4.128472222222222,2,2,0,0,0,0,0,0,0,2,1,101.25,11.0,47.113,5,1,SPECIAL EQUIPMENT,UPPER APEX,LANG_09,Round-Trip,google,Direct,Direct,Logged-Out,AREA_C,AREA_B,AREA_C_TO_AREA_B,CA,BI,61_120,mid,3_5,Y,L,1,0.7523198485394255,35.44404502423795
128.0,222.2268814,7.447916666666667,2,2,0,0,0,0,0,1,1,2,1,182.91666666666666,15.0,42.83,2,1,SPECIAL EQUIPMENT,UPPER APEX,LANG_09,Round-Trip,apple,Paid Search,Paid Search,Logged-In,AREA_C,AREA_C,AREA_C_TO_AREA_C,CA,CE,120_plus,very_high,6_8,Y,W,0,0.827511483994619,35.44231685948953
12.0,135.372781,5.045138888888889,2,2,0,0,0,0,0,0,0,2,1,122.58333333333333,11.0,42.83,4,1,SPECIAL EQUIPMENT,UPPER APEX,LANG_09,Round-Trip,google,Direct,Direct,Logged-Out,AREA_C,AREA_B,AREA_C_TO_AREA_B,CA,BI,8_14,very_high,6_8,Y,W,0,0.8274925156889966,35.441504446959726
26.0,52.6753321,0.3298611111111111,2,2,0,0,0,0,0,0,0,5,1,9.5,20.0,42.5695936,6,0,SPECIAL EQUIPMENT,NEW MERIDIAN,LANG_02,Round-Trip,google,Paid Search,Paid Search,Logged-Out,AREA_C,AREA_D,AREA_C_TO_AREA_D,CI,DA,15_30,mid,1_2,Y,U,0,0.8321034551319939,35.42230591812481
26.0,52.6753321,0.3298611111111111,2,2,0,0,0,0,0,0,0,5,1,9.5,20.0,42.5695936,6,0,SPECIAL EQUIPMENT,NEW MERIDIAN,LANG_02,Round-Trip,google,Paid Search,Paid Search,Logged-Out,AREA_C,AREA_D,AREA_C_TO_AREA_D,CI,DA,15_30,mid,1_2,Y,U,0,0.8321034551319939,35.42230591812481
58.0,150.44380139999998,7.4375,2,2,0,0,0,0,0,0,0,2,1,182.25,9.0,42.83,2,1,SPECIAL EQUIPMENT,UPPER APEX,LANG_09,Round-Trip,apple,Paid Search,Paid Search,Logged-Out,AREA_C,AREA_C,AREA_C_TO_AREA_C,CA,CE,31_60,very_high,6_8,Y,O,0,0.8260295033547234,35.3788436286828
75.0,43.960712,5.159722222222222,4,3,1,0,0,0,1,1,0,2,1,125.75,13.0,85.66,4,1,SPECIAL EQUIPMENT,UPPER APEX,LANG_09,Round-Trip,mozilla,Direct,Direct,Logged-In,AREA_C,AREA_B,AREA_C_TO_AREA_B,CA,BE,61_120,mid,6_8,Y,O,0,0.4129039037541275,35.36934839557856
52.0,77.0614492,7.510416666666667,2,2,0,0,0,0,0,0,0,2,1,181.83333333333334,13.0,42.83,3,1,SPECIAL EQUIPMENT,UPPER APEX,LANG_09,Round-Trip,google,Paid Search,Paid MetaSearches,Logged-Out,AREA_C,AREA_D,AREA_C_TO_AREA_D,CA,DA,31_60,high,6_8,Y,U,0,0.8254573439605577,35.35433804183069
108.0,24.169825599999996,6.0,2,2,0,0,0,0,0,1,1,2,1,146.0,18.0,85.66,4,1,SPECIAL EQUIPMENT,LOWER ZENITH,LANG_02,Round-Trip,google,Paid Search,Organic Search,Logged-In,AREA_C,AREA_B,AREA_C_TO_AREA_B,CA,BE,61_120,low,6_8,Y,U,0,0.41258730844840863,35.342228841690684
5.0,94.2071548,7.322916666666667,2,2,0,0,0,0,0,0,0,2,1,176.66666666666666,16.0,44.9432322,4,1,SPECIAL EQUIPMENT,UPPER APEX,LANG_09,Round-Trip,google,Paid Search,Paid Search,Logged-Out,AREA_C,AREA_C,AREA_C_TO_AREA_C,CA,CE,4_7,high,6_8,Y,V,0,0.7857511462836735,35.3141962188433
4.0,68.77727060000001,0.3020833333333333,2,2,0,0,0,0,0,0,0,5,1,8.833333333333334,13.0,45.935175,6,0,SPECIAL EQUIPMENT,LOWER ZENITH,LANG_02,Round-Trip,microsoft,Direct,Direct,Logged-Out,AREA_C,AREA_D,AREA_C_TO_AREA_D,CE,DA,4_7,high,1_2,Y,S,0,0.7687743808643733,35.31378572052164
58.0,143.72720080000002,7.447916666666667,2,2,0,0,0,0,0,1,0,2,1,182.91666666666666,20.0,42.83,2,1,SPECIAL EQUIPMENT,UPPER APEX,LANG_09,Round-Trip,google,Paid Search,Paid Search,Logged-In,AREA_C,AREA_C,AREA_C_TO_AREA_C,CA,CE,31_60,very_high,6_8,Y,O,0,0.824423408092827,35.310054568615776
129.0,107.5067264,7.131944444444445,4,4,0,0,0,0,0,1,0,2,1,177.16666666666666,22.0,42.83,2,1,SPECIAL EQUIPMENT,UPPER APEX,LANG_09,Round-Trip,google,Paid Search,Organic Search,Logged-In,AREA_C,AREA_B,AREA_C_TO_AREA_B,CA,BI,120_plus,very_high,6_8,Y,O,0,0.8241405007094837,35.29793764538719
86.0,44.3448971,,4,4,0,0,0,0,0,0,0,2,1,4.333333333333333,20.0,42.718642,5,0,SPECIAL EQUIPMENT,SOUTH VERTEX,LANG_02,One-Way,google,Organic Search,Organic Search,Logged-Out,AREA_B,AREA_C,AREA_B_TO_AREA_C,BI,CU,61_120,mid,unknown_or_oneway,Y,W,1,0.8260687653131633,35.28853585279504
17.0,113.8986756,7.34375,3,3,0,0,0,0,0,0,0,2,1,177.75,9.0,42.83,3,1,SPECIAL EQUIPMENT,UPPER APEX,LANG_09,Round-Trip,microsoft,Email,Email,Logged-Out,AREA_C,AREA_B,AREA_C_TO_AREA_B,CA,BI,15_30,very_high,6_8,Y,L,0,0.8228084726020392,35.240886881545336
10.0,124.7877748,,4,4,0,0,0,0,0,0,0,2,1,4.333333333333333,15.0,42.83,4,0,SPECIAL EQUIPMENT,UPPER APEX,LANG_09,One-Way,microsoft,Paid Search,Paid Search,Logged-Out,AREA_C,AREA_B,AREA_C_TO_AREA_B,CU,BE,8_14,very_high,unknown_or_oneway,Y,T,0,0.8227835471746927,35.239819325492086
108.0,376.35620429999994,12.875,4,4,0,0,0,0,0,1,1,2,1,314.0,17.0,81.377,3,1,SPECIAL EQUIPMENT,UPPER APEX,LANG_09,Round-Trip,apple,Direct,Direct,Logged-In,AREA_C,AREA_C,AREA_C_TO_AREA_C,CA,CA,61_120,very_high,9_14,Y,W,0,0.43255919307990404,35.20036945526335
117.0,295.4464796,13.211805555555555,4,2,0,2,0,1,0,0,0,2,1,333.25,17.0,57.8205,2,1,SPECIAL EQUIPMENT,UPPER APEX,LANG_09,Round-Trip,samsung,Direct,Direct,Logged-Out,AREA_C,AREA_B,AREA_C_TO_AREA_B,CA,BO,61_120,very_high,9_14,Y,O,0,0.608729933044238,35.19706909358436
20.0,225.79976,11.322916666666666,2,2,0,0,0,0,0,0,0,2,1,272.75,22.0,42.83,1,1,SPECIAL EQUIPMENT,UPPER APEX,LANG_09,Round-Trip,mozilla,Paid Search,Paid Search,Logged-Out,AREA_C,AREA_C,AREA_C_TO_AREA_C,CA,CE,15_30,very_high,9_14,C,Z,0,0.821162067499727,35.17037135101331
22.0,103.6254718,5.236111111111111,2,2,0,0,0,0,0,0,0,2,1,126.25,12.0,42.83,3,1,SPECIAL EQUIPMENT,UPPER APEX,LANG_09,Round-Trip,microsoft,Paid Search,Paid Search,Logged-Out,AREA_C,AREA_B,AREA_C_TO_AREA_B,CA,BI,15_30,very_high,6_8,Y,U,0,0.8211354851174926,35.169232827582206
35.0,234.66557,7.267361111111111,5,3,0,2,0,1,0,0,0,2,1,181.08333333333334,21.0,42.83,6,1,SPECIAL EQUIPMENT,UPPER APEX,LANG_09,Round-Trip,apple,Direct,Paid Search,Logged-Out,AREA_C,AREA_B,AREA_C_TO_AREA_B,CA,BE,31_60,very_high,6_8,Y,V,0,0.8208929213067848,35.15884381956959
14.0,156.4220128,5.791666666666667,3,3,0,0,0,0,0,0,0,2,1,139.58333333333334,19.0,42.83,4,1,SPECIAL EQUIPMENT,UPPER MERIDIAN,LANG_02,Round-Trip,google,Organic Search,Paid Search,Logged-Out,AREA_C,AREA_B,AREA_C_TO_AREA_B,CA,BI,8_14,very_high,6_8,Y,U,0,0.8202373385642509,35.13076521070686
43.0,51.4833732,3.263888888888889,2,2,0,0,0,0,0,0,0,4,1,80.25,13.0,43.2617264,5,0,SPECIAL EQUIPMENT,SOUTH VERTEX,LANG_02,Round-Trip,microsoft,Direct,Direct,Logged-Out,AREA_C,AREA_B,AREA_C_TO_AREA_B,CU,BO,31_60,mid,3_5,Y,U,0,0.8119285875418191,35.12543241057263
95.0,44.2502428,5.9375,2,2,0,0,0,0,0,0,0,2,1,144.58333333333334,10.0,42.83,4,1,SPECIAL EQUIPMENT,UPPER APEX,LANG_09,Round-Trip,mozilla,Paid Search,Paid Search,Logged-Out,AREA_C,AREA_C,AREA_C_TO_AREA_C,CA,CO,61_120,mid,6_8,Y,L,1,0.8200157634687751,35.12127514936764
30.0,318.9824212,7.267361111111111,4,3,0,1,0,1,0,0,0,2,1,181.08333333333334,17.0,42.83,6,1,SPECIAL EQUIPMENT,NEW APEX,LANG_02,Round-Trip,google,MetaSearches,Paid Search,Logged-Out,AREA_C,AREA_B,AREA_C_TO_AREA_B,CA,BE,15_30,very_high,6_8,Y,H,0,0.8195374072092527,35.10078715077229
175.0,369.9929512,13.39236111111111,2,2,0,0,0,0,0,0,0,2,1,328.6666666666667,23.0,68.8500816,1,1,SPECIAL EQUIPMENT,UPPER APEX,LANG_09,Round-Trip,google,Paid Search,Paid Search,Logged-Out,AREA_C,AREA_B,AREA_C_TO_AREA_B,CA,BU,120_plus,very_high,9_14,Y,S,0,0.5096777630598414,35.09135557637554
242.0,55.4293011,9.902777777777779,2,2,0,0,0,0,0,0,0,4,1,239.25,20.0,42.6021444,5,0,SPECIAL EQUIPMENT,EAST VERTEX,LANG_02,Round-Trip,google,MetaSearches,MetaSearches,Logged-Out,AREA_B,AREA_B,AREA_B_TO_AREA_B,BI,BI,120_plus,high,9_14,Y,L,0,0.8233204806398987,35.07521800369837
63.0,46.585334399999994,3.0868055555555554,2,2,0,0,0,0,0,0,0,4,1,76.75,9.0,42.6792384,5,0,SPECIAL EQUIPMENT,NEW MERIDIAN,LANG_02,Round-Trip,microsoft,Direct,Paid Search,Logged-Out,AREA_C,AREA_B,AREA_C_TO_AREA_B,CI,BE,61_120,mid,3_5,Y,L,0,0.8215331511900054,35.062409213141486
146.0,64.9679704,5.190972222222222,2,2,0,0,0,0,0,0,0,2,1,129.66666666666666,22.0,42.83,3,1,SPECIAL EQUIPMENT,UPPER APEX,LANG_09,Round-Trip,google,Direct,Paid Search,Logged-Out,AREA_C,AREA_B,AREA_C_TO_AREA_B,CA,BI,120_plus,high,6_8,Y,O,0,0.8178174029297659,35.02711936748187
154.0,135.0695446,12.753472222222221,2,2,0,0,0,0,0,1,0,2,1,309.9166666666667,15.0,50.2841332,5,1,SPECIAL EQUIPMENT,UPPER APEX,LANG_09,Round-Trip,mozilla,Email,Display,Logged-In,AREA_C,AREA_C,AREA_C_TO_AREA_C,CA,CE,120_plus,very_high,9_14,Y,L,0,0.6965363966789475,35.024728949252236
53.0,173.9600412,7.447916666666667,3,3,0,0,0,0,0,0,0,2,1,182.91666666666666,16.0,42.83,4,1,SPECIAL EQUIPMENT,UPPER APEX,LANG_09,Round-Trip,google,Paid Search,Paid Search,Logged-Out,AREA_C,AREA_C,AREA_C_TO_AREA_C,CA,CE,31_60,very_high,6_8,Y,O,0,0.8176757923952164,35.02105418828712
69.0,341.8553544,5.4375,2,2,0,0,0,0,0,1,1,2,1,134.25,,42.83,2,1,SPECIAL EQUIPMENT,UPPER APEX,LANG_02,Round-Trip,apple,Direct,Direct,Logged-In,AREA_C,AREA_C,AREA_C_TO_AREA_C,CA,CE,61_120,very_high,6_8,P,R,0,0.8174662180794178,35.012078120341464
53.0,206.5639504,12.190972222222221,4,2,0,2,0,1,0,0,0,2,1,297.6666666666667,20.0,42.83,2,1,SPECIAL EQUIPMENT,UPPER APEX,LANG_09,Round-Trip,apple,MetaSearches,MetaSearches,Logged-Out,AREA_C,AREA_B,AREA_C_TO_AREA_B,CA,BI,31_60,very_high,9_14,Y,V,0,0.8173141826825212,35.005566444292384
62.0,217.9293192,8.4375,2,2,0,0,0,0,0,1,0,2,1,206.25,16.0,42.83,2,1,SPECIAL EQUIPMENT,UPPER APEX,LANG_09,Round-Trip,apple,MetaSearches,MetaSearches,Logged-In,AREA_C,AREA_C,AREA_C_TO_AREA_C,CA,CE,61_120,very_high,9_14,Y,S,0,0.8172412802648757,35.002444033744624
8.0,346.40904,3.1284722222222223,2,2,0,0,0,0,0,1,0,2,1,77.25,9.0,49.2545,3,1,SPECIAL EQUIPMENT,UPPER APEX,LANG_02,Round-Trip,apple,Direct,Direct,Logged-In,AREA_C,AREA_B,AREA_C_TO_AREA_B,CA,BI,8_14,very_high,3_5,C,D,0,0.7099549303010289,34.968475114512025
182.0,113.0849056,7.236111111111111,4,4,0,0,0,0,0,0,1,2,1,174.25,22.0,42.83,2,1,SPECIAL EQUIPMENT,UPPER APEX,LANG_09,Round-Trip,mozilla,Direct,Email,Logged-Out,AREA_C,AREA_B,AREA_C_TO_AREA_B,CA,BI,120_plus,very_high,6_8,Y,O,0,0.8163310330214162,34.96345814430725
68.0,59.879766399999994,6.131944444444445,2,2,0,0,0,0,0,0,0,2,1,149.58333333333334,23.0,42.83,3,1,SPECIAL EQUIPMENT,UPPER APEX,LANG_09,Round-Trip,microsoft,Paid Search,Paid Search,Logged-Out,AREA_C,AREA_C,AREA_C_TO_AREA_C,CA,CU,61_120,high,6_8,Y,L,0,0.8162386946723719,34.959503292817686
123.0,403.175922,10.010416666666666,2,2,0,0,0,0,0,0,0,2,1,246.91666666666666,21.0,68.8500816,1,1,SPECIAL EQUIPMENT,UPPER APEX,LANG_09,Round-Trip,opera,Direct,Organic Search,Logged-Out,AREA_C,AREA_B,AREA_C_TO_AREA_B,CA,BU,120_plus,very_high,9_14,Y,V,0,0.5074695273211642,34.93931836557559
3.0,89.65860880000001,6.513888888888889,2,2,0,0,0,0,0,0,0,2,1,158.25,12.0,42.83,3,1,SPECIAL EQUIPMENT,UPPER APEX,LANG_02,Round-Trip,google,Direct,Direct,Logged-Out,AREA_C,AREA_B,AREA_C_TO_AREA_B,CA,BI,0_3,high,6_8,Y,V,0,0.8157234507392592,34.937435395162474
68.0,382.8046891,22.39236111111111,2,2,0,0,0,0,0,0,0,2,1,544.6666666666666,21.0,77.094,5,1,SPECIAL EQUIPMENT,CENTRAL MERIDIAN,LANG_02,Round-Trip,apple,Direct,Direct,Logged-Out,AREA_C,AREA_B,AREA_C_TO_AREA_B,CA,BU,61_120,very_high,15_30,Y,S,0,0.4531560785041259,34.93561471619708
27.0,67.41442,7.163194444444445,4,2,0,1,1,1,0,0,0,2,1,174.91666666666666,11.0,42.83,5,1,SPECIAL EQUIPMENT,UPPER APEX,LANG_09,Round-Trip,google,Paid Search,Paid Search,Logged-Out,AREA_C,AREA_C,AREA_C_TO_AREA_C,CA,CI,15_30,high,6_8,Y,O,0,0.8143065967580652,34.87675153914793
119.0,179.39688139999998,10.4375,2,2,0,0,0,0,0,0,0,2,1,254.66666666666666,22.0,42.83,2,1,SPECIAL EQUIPMENT,UPPER APEX,LANG_09,Round-Trip,google,MetaSearches,MetaSearches,Logged-Out,AREA_C,AREA_C,AREA_C_TO_AREA_C,CA,CE,61_120,very_high,9_14,Y,L,0,0.8135430312190528,34.84404802711203
18.0,302.5357012,4.170138888888889,2,2,0,0,0,0,0,0,0,2,1,103.08333333333333,13.0,47.113,3,1,SPECIAL EQUIPMENT,UPPER APEX,LANG_09,Round-Trip,apple,Direct,Direct,Logged-Out,AREA_C,AREA_B,AREA_C_TO_AREA_B,CA,BO,15_30,very_high,3_5,C,D,0,0.7388057041700913,34.80735314056551
83.0,687.991139,8.4375,5,3,0,2,0,1,0,1,0,2,1,206.25,19.0,42.83,2,1,SPECIAL EQUIPMENT,UPPER APEX,LANG_09,Round-Trip,mozilla,Direct,Referrals,Logged-In,AREA_C,AREA_C,AREA_C_TO_AREA_C,CA,CE,61_120,very_high,9_14,Y,K,0,0.8123538837672524,34.79311684175142
94.0,383.1777384,14.496527777777779,2,2,0,0,0,0,0,1,0,2,1,355.1666666666667,21.0,77.094,5,1,SPECIAL EQUIPMENT,UPPER APEX,LANG_09,Round-Trip,apple,Paid Search,Paid Search,Logged-In,AREA_C,AREA_B,AREA_C_TO_AREA_B,CA,BU,61_120,very_high,15_30,Y,V,0,0.4510693051004646,34.77473700741522
24.0,36.2444592,8.125,2,2,0,0,0,0,0,0,0,2,1,197.08333333333334,16.0,42.83,6,1,SPECIAL EQUIPMENT,UPPER APEX,LANG_09,Round-Trip,microsoft,Organic Search,Organic Search,Logged-Out,AREA_C,AREA_C,AREA_C_TO_AREA_C,CA,CI,15_30,mid,9_14,Y,O,0,0.8112046460597789,34.74389499074033
22.0,531.9875753,9.4375,3,2,0,1,0,1,0,0,0,2,1,230.25,19.0,42.83,2,1,SPECIAL EQUIPMENT,UPPER APEX,LANG_09,Round-Trip,apple,Direct,Direct,Logged-Out,AREA_C,AREA_C,AREA_C_TO_AREA_C,CA,CE,15_30,very_high,9_14,Y,H,0,0.8111565988012839,34.741837126658986
66.0,67.21568880000001,7.597222222222222,2,2,0,0,0,0,0,0,0,4,1,183.25,19.0,42.83,2,0,SPECIAL EQUIPMENT,UPPER APEX,LANG_09,Round-Trip,google,Direct,Email,Logged-Out,AREA_B,AREA_B,AREA_B_TO_AREA_B,BE,BI,61_120,high,6_8,Y,O,1,0.8110705281242199,34.73815071956034
40.0,113.3474535,15.086805555555555,2,1,1,0,0,0,1,0,0,5,1,364.8333333333333,19.0,43.6746076,3,0,SPECIAL EQUIPMENT,NEW MERIDIAN,LANG_02,Round-Trip,google,MetaSearches,Email,Logged-Out,AREA_C,AREA_B,AREA_C_TO_AREA_B,CI,BI,31_60,very_high,15_30,Y,S,0,0.7950579581471531,34.723844341334136
120.0,207.4796558,6.4375,3,2,0,1,0,1,0,0,0,2,1,158.25,21.0,42.83,2,1,SPECIAL EQUIPMENT,UPPER APEX,LANG_09,Round-Trip,google,Paid Search,Paid Search,Logged-Out,AREA_C,AREA_C,AREA_C_TO_AREA_C,CA,CE,61_120,very_high,6_8,Y,O,0,0.8106867767836673,34.72171464964447
22.0,54.7418796,5.125,2,2,0,0,0,0,0,0,0,2,1,125.08333333333333,21.0,42.83,4,1,SPECIAL EQUIPMENT,UPPER APEX,LANG_09,Round-Trip,apple,Direct,Direct,Logged-Out,AREA_C,AREA_C,AREA_C_TO_AREA_C,CA,CI,15_30,high,6_8,Y,O,0,0.8100501832031793,34.69444934659217
117.0,298.0608228,13.0,2,2,0,0,0,0,0,1,0,2,1,319.25,16.0,77.094,5,1,SPECIAL EQUIPMENT,UPPER APEX,LANG_09,Round-Trip,google,Organic Search,Organic Search,Logged-In,AREA_C,AREA_B,AREA_C_TO_AREA_B,CA,BU,61_120,very_high,9_14,Y,L,0,0.44999770677136003,34.69212320583123
221.0,169.7969652,6.215277777777778,6,3,0,3,0,1,0,1,0,2,1,153.08333333333334,23.0,42.83,3,1,SPECIAL EQUIPMENT,UPPER APEX,LANG_09,Round-Trip,google,Paid Search,Paid Search,Logged-In,AREA_C,AREA_C,AREA_C_TO_AREA_C,CA,CI,120_plus,very_high,6_8,Y,L,0,0.8099220844587514,34.68896287736832
48.0,31.2007984,8.21875,2,2,0,0,0,0,0,0,0,2,1,201.25,9.0,42.83,6,1,SPECIAL EQUIPMENT,UPPER APEX,LANG_09,Round-Trip,google,MetaSearches,MetaSearches,Logged-Out,AREA_C,AREA_C,AREA_C_TO_AREA_C,CA,CI,31_60,low,9_14,Y,O,0,0.8092018063945725,34.65811336787954
66.0,133.37647470000002,6.4375,2,2,0,0,0,0,0,1,0,2,1,158.25,10.0,42.83,3,1,SPECIAL EQUIPMENT,UPPER APEX,LANG_09,Round-Trip,microsoft,Direct,Direct,Logged-In,AREA_C,AREA_C,AREA_C_TO_AREA_C,CA,CE,61_120,very_high,6_8,Y,O,0,0.8086995350245739,34.6366010851025
36.0,150.29989260000002,6.4375,2,2,0,0,0,0,0,0,0,2,1,158.25,22.0,42.83,3,1,SPECIAL EQUIPMENT,UPPER APEX,LANG_09,Round-Trip,apple,Direct,Direct,Logged-Out,AREA_C,AREA_C,AREA_C_TO_AREA_C,CA,CE,31_60,very_high,6_8,Y,O,0,0.8074302915285763,34.58223938616892
85.0,286.3802252,7.4375,2,2,0,0,0,0,0,0,0,2,1,182.25,12.0,42.83,2,1,SPECIAL EQUIPMENT,UPPER APEX,LANG_09,Round-Trip,mozilla,Organic Search,Organic Search,Logged-Out,AREA_C,AREA_C,AREA_C_TO_AREA_C,CA,CE,61_120,very_high,6_8,Y,Q,0,0.8069523850538926,34.56177065185822
126.0,244.3404387,13.4375,3,3,0,0,0,0,0,1,1,2,1,326.25,20.0,42.83,2,1,SPECIAL EQUIPMENT,UPPER APEX,LANG_09,Round-Trip,google,Direct,Organic Search,Logged-In,AREA_C,AREA_C,AREA_C_TO_AREA_C,CA,CE,120_plus,very_high,9_14,Y,U,0,0.8068062021807306,34.55550963940069
196.0,690.3690606,9.0,3,3,0,0,0,0,0,1,0,2,1,223.25,19.0,77.094,5,1,SPECIAL EQUIPMENT,UPPER APEX,LANG_09,Round-Trip,apple,Direct,Direct,Logged-In,AREA_C,AREA_B,AREA_C_TO_AREA_B,CA,BU,120_plus,very_high,9_14,Y,V,0,0.4481814683107702,34.55210211795052
40.0,36.628216,,2,2,0,0,0,0,0,1,0,4,1,-47.666666666666664,15.0,49.2545,4,0,SPECIAL EQUIPMENT,UPPER APEX,LANG_02,Round-Trip,samsung,Direct,Direct,Logged-In,AREA_B,AREA_C,AREA_B_TO_AREA_C,BE,CE,31_60,mid,unknown_or_oneway,Y,L,0,0.7011028991742873,34.532472747379934
51.0,461.4624124,7.4375,4,2,0,2,0,1,0,0,0,2,1,182.25,10.0,42.83,2,1,SPECIAL EQUIPMENT,UPPER APEX,LANG_09,Round-Trip,google,Direct,Paid MetaSearches,Logged-Out,AREA_C,AREA_C,AREA_C_TO_AREA_C,CA,CE,31_60,very_high,6_8,Y,W,0,0.8061499612076861,34.5274028385252
188.0,318.6483472,7.892361111111111,2,2,0,0,0,0,0,0,0,2,1,196.66666666666666,17.0,68.8500816,1,1,SPECIAL EQUIPMENT,UPPER APEX,LANG_09,Round-Trip,microsoft,Direct,Paid Search,Logged-Out,AREA_C,AREA_B,AREA_C_TO_AREA_B,CA,BU,120_plus,very_high,6_8,Y,W,0,0.5012995556507128,34.514515312595314
57.0,47.7348916,5.125,2,2,0,0,0,0,0,1,0,2,1,125.08333333333333,17.0,42.83,4,1,SPECIAL EQUIPMENT,UPPER APEX,LANG_09,Round-Trip,google,Paid Search,Paid Search,Logged-In,AREA_C,AREA_C,AREA_C_TO_AREA_C,CA,CI,31_60,mid,6_8,Y,W,0,0.805743730658362,34.510003984097644
77.0,66.9998256,5.190972222222222,2,2,0,0,0,0,0,1,0,2,1,129.66666666666666,11.0,42.83,3,1,SPECIAL EQUIPMENT,UPPER APEX,LANG_09,Round-Trip,apple,Direct,Direct,Logged-In,AREA_C,AREA_B,AREA_C_TO_AREA_B,CA,BI,61_120,high,6_8,Y,O,0,0.8056357540420424,34.505379345620675
28.0,112.6069228,5.190972222222222,2,2,0,0,0,0,0,0,0,2,1,129.66666666666666,20.0,42.83,3,1,SPECIAL EQUIPMENT,UPPER APEX,LANG_09,Round-Trip,opera,Direct,Direct,Logged-Out,AREA_C,AREA_B,AREA_C_TO_AREA_B,CA,BI,15_30,very_high,6_8,Y,S,0,0.8056056726587203,34.50409095997299
13.0,59.06770959999999,7.451388888888889,2,1,0,1,0,1,0,0,0,4,1,179.83333333333334,14.0,49.2545,6,0,SPECIAL EQUIPMENT,UPPER APEX,LANG_09,Round-Trip,google,Paid Search,Paid Search,Logged-Out,AREA_B,AREA_C,AREA_B_TO_AREA_C,BE,CU,8_14,high,6_8,Y,U,0,0.7003421530224054,34.49500257604207
27.0,74.7910309,6.739583333333333,2,2,0,0,0,0,0,1,1,2,1,163.91666666666666,20.0,42.83,4,1,SPECIAL EQUIPMENT,NORTH HORIZON,LANG_09,Round-Trip,apple,Direct,Direct,Logged-In,AREA_C,AREA_B,AREA_C_TO_AREA_B,CA,BI,15_30,high,6_8,Y,W,0,0.8048672438370592,34.472464053541245
96.0,83.26152,6.506944444444445,2,2,0,0,0,0,0,0,0,2,1,157.75,18.0,44.4892342,5,1,SPECIAL EQUIPMENT,UPPER APEX,LANG_09,Round-Trip,apple,Paid Search,Email,Logged-Out,AREA_C,AREA_D,AREA_C_TO_AREA_D,CA,DA,61_120,high,6_8,Y,O,0,0.7747490188944093,34.4679905478136
48.0,507.3847384,16.36111111111111,2,2,0,0,0,0,0,0,0,2,1,399.9166666666667,8.0,77.094,5,1,SPECIAL EQUIPMENT,UPPER APEX,LANG_09,Round-Trip,apple,Direct,Direct,Logged-Out,AREA_C,AREA_B,AREA_C_TO_AREA_B,CA,BU,31_60,very_high,15_30,Y,V,0,0.44682036613277315,34.44716930664001
2.0,109.6799206,7.097222222222222,2,2,0,0,0,0,0,0,0,2,1,171.91666666666666,12.0,42.83,3,1,SPECIAL EQUIPMENT,UPPER APEX,LANG_09,Round-Trip,google,Paid Search,Paid Search,Logged-Out,AREA_C,AREA_C,AREA_C_TO_AREA_C,CA,CO,0_3,very_high,6_8,Y,S,0,0.8042471504728078,34.44590545475036
227.0,39.7667984,5.21875,2,2,0,0,0,0,0,1,0,2,1,129.16666666666666,12.0,42.83,3,1,SPECIAL EQUIPMENT,UPPER APEX,LANG_09,Round-Trip,microsoft,Paid Search,Paid Search,Logged-In,AREA_C,AREA_C,AREA_C_TO_AREA_C,CA,CI,120_plus,mid,6_8,Y,L,0,0.804112803653464,34.440151380477865
25.0,537.5417697,13.34375,3,3,0,0,0,0,0,0,0,2,1,335.4166666666667,15.0,57.8205,1,1,SPECIAL EQUIPMENT,UPPER APEX,LANG_09,Round-Trip,apple,Direct,Direct,Logged-Out,AREA_C,AREA_B,AREA_C_TO_AREA_B,CA,BO,15_30,very_high,9_14,Y,K,0,0.5953726285558715,34.42474306941477
100.0,146.756995,7.177083333333333,3,2,0,0,1,1,0,0,0,2,1,175.33333333333334,15.0,42.83,5,1,SPECIAL EQUIPMENT,UPPER APEX,LANG_09,Round-Trip,mozilla,Direct,Paid Search,Logged-Out,AREA_C,AREA_C,AREA_C_TO_AREA_C,CA,CO,61_120,very_high,6_8,Y,Q,0,0.8033597617867204,34.407898597325236
187.0,291.45001229999997,9.13888888888889,3,3,0,0,0,0,0,0,0,2,1,223.16666666666666,21.0,50.2841332,5,1,SPECIAL EQUIPMENT,UPPER APEX,LANG_09,Round-Trip,microsoft,Internal,Internal,Logged-Out,AREA_C,AREA_C,AREA_C_TO_AREA_C,CA,CE,120_plus,very_high,9_14,Y,L,0,0.6839010465171129,34.3893713186859
86.0,36.2290404,6.493055555555555,2,2,0,0,0,0,0,0,0,2,1,157.75,23.0,46.77036,3,1,SPECIAL EQUIPMENT,UPPER APEX,LANG_09,Round-Trip,apple,MetaSearches,MetaSearches,Logged-Out,AREA_C,AREA_C,AREA_C_TO_AREA_C,CA,CU,61_120,mid,6_8,Y,O,0,0.734868787263685,34.37007773308596
179.0,118.3923992,5.190972222222222,4,3,1,0,0,0,1,0,0,2,1,129.66666666666666,13.0,42.83,3,1,SPECIAL EQUIPMENT,UPPER APEX,LANG_02,Round-Trip,google,Direct,Paid MetaSearches,Logged-Out,AREA_C,AREA_B,AREA_C_TO_AREA_B,CA,BI,120_plus,very_high,6_8,Y,O,0,0.8022831917655461,34.36178910331834
64.0,289.385178,12.319444444444445,3,3,0,0,0,0,0,1,1,2,1,311.8333333333333,19.0,57.8205,2,1,SPECIAL EQUIPMENT,UPPER APEX,LANG_09,Round-Trip,mozilla,Direct,Organic Search,Logged-In,AREA_C,AREA_B,AREA_C_TO_AREA_B,CA,BO,61_120,very_high,9_14,Y,O,0,0.5942447617861509,34.35952924885614
172.0,335.7306644,14.88888888888889,2,2,0,0,0,0,0,0,0,2,1,364.5833333333333,15.0,68.8500816,1,1,SPECIAL EQUIPMENT,UPPER APEX,LANG_09,Round-Trip,apple,Direct,Direct,Logged-Out,AREA_C,AREA_B,AREA_C_TO_AREA_B,CA,BU,120_plus,very_high,15_30,Y,V,0,0.4988756189623461,34.347627073808034
89.0,418.346308,15.0,2,2,0,0,0,0,0,1,0,2,1,367.25,21.0,77.094,5,1,SPECIAL EQUIPMENT,UPPER APEX,LANG_09,Round-Trip,google,Direct,Paid Search,Logged-In,AREA_C,AREA_B,AREA_C_TO_AREA_B,CA,BU,61_120,very_high,15_30,Y,S,0,0.44529965073406036,34.32993127369165
14.0,110.424306,7.267361111111111,2,2,0,0,0,0,0,0,0,2,1,181.08333333333334,22.0,42.83,6,1,SPECIAL EQUIPMENT,UPPER APEX,LANG_09,Round-Trip,apple,Direct,Paid Search,Logged-Out,AREA_C,AREA_B,AREA_C_TO_AREA_B,CA,BE,8_14,very_high,6_8,Y,L,0,0.8013154711718107,34.32034163028865
79.0,677.5200606,16.36111111111111,3,3,0,0,0,0,0,1,0,2,1,399.9166666666667,16.0,77.094,5,1,SPECIAL EQUIPMENT,UPPER APEX,LANG_09,Round-Trip,google,Direct,Direct,Logged-In,AREA_C,AREA_B,AREA_C_TO_AREA_B,CA,BU,61_120,very_high,15_30,Y,T,0,0.44505803856199394,34.31130442489836
33.0,38.9393228,5.121527777777778,2,2,0,0,0,0,0,1,1,2,1,124.91666666666667,14.0,47.113,4,1,SPECIAL EQUIPMENT,UPPER APEX,LANG_09,Round-Trip,google,Direct,Direct,Logged-In,AREA_C,AREA_B,AREA_C_TO_AREA_B,CA,BI,31_60,mid,6_8,Y,O,0,0.7265246680715782,34.228756686856265
49.0,45.9548768,8.385416666666666,4,4,0,0,0,0,0,0,0,2,1,203.25,21.0,85.66,2,1,SPECIAL EQUIPMENT,UPPER VERTEX,LANG_10,Round-Trip,apple,Direct,Direct,Logged-Out,AREA_C,AREA_B,AREA_C_TO_AREA_B,CA,BE,31_60,mid,9_14,Y,O,0,0.3993774174729355,34.210669580731654
47.0,143.72720080000002,7.447916666666667,2,2,0,0,0,0,0,0,0,2,1,182.91666666666666,22.0,42.83,4,1,SPECIAL EQUIPMENT,UPPER APEX,LANG_09,Round-Trip,google,Paid Search,Paid Search,Logged-Out,AREA_C,AREA_C,AREA_C_TO_AREA_C,CA,CE,31_60,very_high,6_8,Y,O,0,0.7972768841876896,34.14736894975874
100.0,283.513185,7.399305555555555,3,3,0,0,0,0,0,1,0,2,1,181.41666666666666,15.0,50.2841332,5,1,SPECIAL EQUIPMENT,UPPER APEX,LANG_09,Round-Trip,opera,Internal,MetaSearches,Logged-In,AREA_C,AREA_C,AREA_C_TO_AREA_C,CA,CE,61_120,very_high,6_8,Y,V,0,0.6790297338046258,34.14442158139235
56.0,42.5391843,11.159722222222221,4,2,0,2,0,1,0,1,0,2,1,269.75,14.0,85.66,3,1,SPECIAL EQUIPMENT,WEST APEX,LANG_02,Round-Trip,apple,Direct,Direct,Logged-In,AREA_C,AREA_B,AREA_C_TO_AREA_B,CA,BE,31_60,mid,9_14,Y,O,0,0.3984849884463468,34.134224110314065
18.0,106.038514,1.0034722222222223,3,2,0,1,0,1,0,0,0,5,1,30.833333333333332,18.0,49.2545,3,0,SPECIAL EQUIPMENT,UPPER APEX,LANG_02,Round-Trip,apple,Organic Search,Organic Search,Logged-Out,AREA_B,AREA_C,AREA_B_TO_AREA_C,BE,CE,15_30,very_high,1_2,Y,L,0,0.6924487213153325,34.10621554402604
189.0,99.7750548,8.635416666666666,2,2,0,0,0,0,0,0,0,2,1,213.25,18.0,42.83,3,1,SPECIAL EQUIPMENT,UPPER APEX,LANG_09,Round-Trip,apple,Direct,Direct,Logged-Out,AREA_C,AREA_B,AREA_C_TO_AREA_B,CA,BI,120_plus,high,9_14,Y,L,0,0.7959425843665983,34.0902208884214
13.0,146.6858972,7.142361111111111,2,2,0,0,0,0,0,0,0,2,1,173.58333333333334,23.0,42.3348852,6,1,SPECIAL EQUIPMENT,GREAT AURORA,LANG_10,Round-Trip,apple,Direct,Paid Search,Logged-Out,AREA_C,AREA_B,AREA_C_TO_AREA_B,CA,BI,8_14,very_high,6_8,Y,S,1,0.8050753386575118,34.08277203941689
50.0,232.59088480000003,4.020833333333333,2,2,0,0,0,0,0,0,0,2,1,98.66666666666667,9.0,49.2545,2,1,SPECIAL EQUIPMENT,UPPER APEX,LANG_09,Round-Trip,mozilla,Email,Email,Logged-Out,AREA_C,AREA_B,AREA_C_TO_AREA_B,CA,BI,31_60,very_high,3_5,C,F,0,0.691838306595125,34.07614987218958
10.0,225.6215872,11.322916666666666,2,2,0,0,0,0,0,1,0,2,1,272.75,1.0,42.83,3,1,SPECIAL EQUIPMENT,UPPER APEX,LANG_02,Round-Trip,apple,Direct,Direct,Logged-In,AREA_C,AREA_C,AREA_C_TO_AREA_C,CA,CE,8_14,very_high,9_14,C,Z,0,0.7954522443946339,34.06921962742217
122.0,214.8464158,7.4375,3,2,1,0,0,0,1,0,0,2,1,182.25,16.0,42.83,2,1,SPECIAL EQUIPMENT,UPPER APEX,LANG_09,Round-Trip,apple,Direct,Paid Search,Logged-Out,AREA_C,AREA_C,AREA_C_TO_AREA_C,CA,CE,120_plus,very_high,6_8,Y,O,0,0.7950353451325841,34.05136383202858
84.0,35.28506719999999,7.385416666666667,2,2,0,0,0,0,0,0,0,2,1,179.25,23.0,85.66,6,1,SPECIAL EQUIPMENT,UPPER APEX,LANG_09,Round-Trip,apple,MetaSearches,MetaSearches,Logged-Out,AREA_C,AREA_B,AREA_C_TO_AREA_B,CA,BE,61_120,mid,6_8,Y,U,0,0.39667571097152937,33.979241401821206
42.0,144.148648,7.253472222222222,4,2,0,2,0,1,0,0,0,2,1,180.75,12.0,42.83,6,1,SPECIAL EQUIPMENT,UPPER APEX,LANG_09,Round-Trip,google,Paid Search,Paid Search,Logged-Out,AREA_C,AREA_B,AREA_C_TO_AREA_B,CA,BE,31_60,very_high,6_8,Y,O,0,0.7929239713901672,33.960933694640865
105.0,267.3894032,6.4375,3,2,0,1,0,1,0,0,0,2,1,158.66666666666666,10.0,42.83,3,1,SPECIAL EQUIPMENT,UPPER APEX,LANG_02,Round-Trip,google,Paid Search,Paid Search,Logged-Out,AREA_C,AREA_C,AREA_C_TO_AREA_C,CA,CE,61_120,very_high,6_8,Y,V,0,0.792112163707911,33.92616397160983
96.0,1499.272716,19.0,6,5,1,0,0,0,1,1,0,2,1,463.25,20.0,77.094,5,1,SPECIAL EQUIPMENT,UPPER APEX,LANG_02,Round-Trip,google,Direct,MetaSearches,Logged-In,AREA_C,AREA_B,AREA_C_TO_AREA_B,CA,BU,61_120,very_high,15_30,Y,T,0,0.4399799083833508,33.91981105690605
26.0,115.7857654,9.10763888888889,2,2,0,0,0,0,0,0,0,3,1,222.75,13.0,42.83,3,1,SPECIAL EQUIPMENT,UPPER APEX,LANG_09,Round-Trip,google,Paid Search,Paid Search,Logged-Out,AREA_C,AREA_C,AREA_C_TO_AREA_C,CA,CE,15_30,very_high,9_14,Y,O,0,0.7915263941983371,33.90107546351478
56.0,47.737461399999994,5.125,2,2,0,0,0,0,0,0,0,2,1,125.08333333333333,12.0,42.83,4,1,SPECIAL EQUIPMENT,UPPER APEX,LANG_09,Round-Trip,google,Organic Search,Organic Search,Logged-Out,AREA_C,AREA_C,AREA_C_TO_AREA_C,CA,CI,31_60,mid,6_8,Y,W,0,0.7912506142950394,33.88926381025654
33.0,244.77601979999997,8.319444444444445,2,2,0,0,0,0,0,0,0,2,1,215.83333333333334,19.0,57.8205,1,1,SPECIAL EQUIPMENT,UPPER APEX,LANG_09,Round-Trip,apple,Direct,Paid Search,Logged-Out,AREA_C,AREA_B,AREA_C_TO_AREA_B,CA,BO,31_60,very_high,9_14,Y,L,0,0.5861044211742622,33.88885068450643
71.0,592.2224024000001,7.4375,6,4,1,1,0,1,1,0,0,2,1,182.25,21.0,42.83,2,1,SPECIAL EQUIPMENT,UPPER APEX,LANG_09,Round-Trip,google,Paid Search,Paid Search,Logged-Out,AREA_C,AREA_C,AREA_C_TO_AREA_C,CA,CE,61_120,very_high,6_8,Y,V,0,0.7909945869628732,33.87829815961986
59.0,300.6768792,9.4375,4,4,0,0,0,0,0,1,0,2,1,230.25,13.0,42.83,2,1,SPECIAL EQUIPMENT,UPPER APEX,LANG_09,Round-Trip,apple,Direct,Direct,Logged-In,AREA_C,AREA_C,AREA_C_TO_AREA_C,CA,CE,31_60,very_high,9_14,Y,O,0,0.7905278811797729,33.85830915092967
19.0,82.75612600000001,7.267361111111111,2,2,0,0,0,0,0,0,0,2,1,181.08333333333334,11.0,42.83,6,1,SPECIAL EQUIPMENT,UPPER APEX,LANG_09,Round-Trip,google,Paid Search,Paid Search,Logged-Out,AREA_C,AREA_B,AREA_C_TO_AREA_B,CA,BE,15_30,high,6_8,Y,U,0,0.7901066382930945,33.84026731809323
5.0,135.86875239999998,6.416666666666667,4,3,0,1,0,1,0,0,0,2,1,157.0,19.0,42.83,3,1,SPECIAL EQUIPMENT,UPPER APEX,LANG_09,Round-Trip,samsung,Direct,Direct,Logged-Out,AREA_C,AREA_C,AREA_C_TO_AREA_C,CA,CI,4_7,very_high,6_8,Y,L,0,0.7899322459541616,33.83279809421674
1.0,80.2642766,5.743055555555555,2,2,0,0,0,0,0,1,0,2,1,139.33333333333334,12.0,42.83,4,1,SPECIAL EQUIPMENT,UPPER APEX,LANG_02,Round-Trip,google,Paid Search,Paid Search,Logged-In,AREA_C,AREA_B,AREA_C_TO_AREA_B,CA,BI,0_3,high,6_8,Y,U,0,0.789894149101222,33.83116640600534
28.0,350.7245908,7.4375,2,2,0,0,0,0,0,1,0,2,1,182.25,16.0,42.83,2,1,SPECIAL EQUIPMENT,UPPER APEX,LANG_09,Round-Trip,google,Paid Search,Paid Search,Logged-In,AREA_C,AREA_C,AREA_C_TO_AREA_C,CA,CE,15_30,very_high,6_8,Y,K,0,0.7893799522737511,33.80914335588476
48.0,52.4556142,6.090277777777778,2,2,0,0,0,0,0,0,0,2,1,146.75,16.0,42.83,4,1,SPECIAL EQUIPMENT,UPPER APEX,LANG_09,Round-Trip,samsung,Direct,Direct,Logged-Out,AREA_C,AREA_B,AREA_C_TO_AREA_B,CA,BI,31_60,mid,6_8,Y,O,0,0.7882221881722986,33.759556319419545
41.0,72.37756040000001,5.086805555555555,2,2,0,0,0,0,0,0,0,2,1,122.66666666666667,17.0,42.83,5,1,SPECIAL EQUIPMENT,UPPER APEX,LANG_09,Round-Trip,google,Paid Search,Paid Search,Logged-Out,AREA_C,AREA_B,AREA_C_TO_AREA_B,CA,BI,31_60,high,6_8,Y,O,0,0.7874116248375892,33.72483989179394
110.0,102.1568311,3.7395833333333335,3,3,0,0,0,0,0,0,0,2,1,91.75,12.0,85.66,5,1,SPECIAL EQUIPMENT,UPPER VERTEX,LANG_11,Round-Trip,google,Paid Search,Paid Search,Logged-Out,AREA_C,AREA_B,AREA_C_TO_AREA_B,CA,BE,61_120,high,3_5,Y,W,0,0.39360271042865613,33.716008175318684
180.0,209.86614339999997,8.322916666666666,2,2,0,0,0,0,0,0,0,2,1,216.0,19.0,57.8205,2,1,SPECIAL EQUIPMENT,UPPER APEX,LANG_09,Round-Trip,microsoft,Direct,Direct,Logged-Out,AREA_C,AREA_B,AREA_C_TO_AREA_B,CA,BO,120_plus,very_high,9_14,Y,L,0,0.5828991768323721,33.703521854036175
66.0,327.0687252,10.4375,5,2,0,2,1,1,0,0,0,2,1,254.25,11.0,42.83,2,1,SPECIAL EQUIPMENT,UPPER APEX,LANG_09,Round-Trip,google,Direct,Direct,Logged-Out,AREA_C,AREA_C,AREA_C_TO_AREA_C,CA,CE,61_120,very_high,9_14,Y,L,0,0.785912297100708,33.66062368482332
148.0,142.3185221,6.784722222222222,1,1,0,0,0,0,0,0,0,4,1,166.0,16.0,38.547,4,0,SPECIAL EQUIPMENT,NORTH MERIDIAN,LANG_02,Round-Trip,google,Direct,Paid Search,Logged-Out,AREA_B,AREA_D,AREA_B_TO_AREA_D,BI,DA,120_plus,very_high,6_8,Y,O,0,0.8730688654409156,33.65418555615097
12.0,85.7957711,,4,4,0,0,0,0,0,1,0,2,1,3.5833333333333335,12.0,42.83,4,0,SPECIAL EQUIPMENT,WEST APEX,LANG_02,One-Way,google,Paid Search,Paid Search,Logged-In,AREA_C,AREA_B,AREA_C_TO_AREA_B,CU,BE,8_14,high,unknown_or_oneway,Y,W,0,0.7850415307515266,33.62332876208788
28.0,98.4391871,9.34375,2,2,0,0,0,0,0,1,0,2,1,225.75,20.0,42.83,2,1,SPECIAL EQUIPMENT,UPPER APEX,LANG_09,Round-Trip,apple,Direct,Direct,Logged-In,AREA_C,AREA_B,AREA_C_TO_AREA_B,CA,BI,15_30,high,9_14,Y,W,0,0.7845113307391667,33.60062029555851
3.0,206.7078592,5.725694444444445,2,2,0,0,0,0,0,1,0,3,1,138.33333333333334,14.0,42.83,4,1,SPECIAL EQUIPMENT,LOWER ZENITH,LANG_02,Round-Trip,apple,Direct,Direct,Logged-In,AREA_C,AREA_B,AREA_C_TO_AREA_B,CA,BI,0_3,very_high,6_8,Y,L,0,0.7843697233689754,33.59455525189321
109.0,49.1893984,11.215277777777779,2,2,0,0,0,0,0,0,0,2,1,273.0833333333333,14.0,42.83,5,1,SPECIAL EQUIPMENT,UPPER APEX,LANG_09,Round-Trip,microsoft,Display,Display,Logged-Out,AREA_C,AREA_C,AREA_C_TO_AREA_C,CA,CI,61_120,mid,9_14,Y,O,0,0.7843267144513365,33.59271317995074
56.0,79.35628059999999,21.9375,2,2,0,0,0,0,0,1,0,2,1,529.4166666666666,21.0,42.83,6,1,SPECIAL EQUIPMENT,UPPER APEX,LANG_09,Round-Trip,apple,Direct,Direct,Logged-In,AREA_C,AREA_C,AREA_C_TO_AREA_C,CA,CI,31_60,high,15_30,Y,W,0,0.7842616761776486,33.58992759068869
94.0,40.9043632,5.190972222222222,2,2,0,0,0,0,0,0,0,2,1,129.66666666666666,18.0,42.83,3,1,SPECIAL EQUIPMENT,UPPER APEX,LANG_09,Round-Trip,google,Paid Search,Display,Logged-Out,AREA_C,AREA_B,AREA_C_TO_AREA_B,CA,BI,61_120,mid,6_8,Y,O,0,0.7840717054899525,33.58179114613466
154.0,167.786525,7.458333333333333,2,2,0,0,0,0,0,0,0,2,1,182.83333333333334,9.0,50.2841332,5,1,SPECIAL EQUIPMENT,UPPER APEX,LANG_09,Round-Trip,mozilla,Paid Search,Paid Search,Logged-Out,AREA_C,AREA_C,AREA_C_TO_AREA_C,CA,CE,120_plus,very_high,6_8,Y,V,0,0.6674611638698541,33.56270606985877
57.0,203.4964658,7.4375,4,3,0,1,0,1,0,0,0,2,1,182.25,23.0,42.83,3,1,SPECIAL EQUIPMENT,UPPER APEX,LANG_09,Round-Trip,microsoft,Affiliate,Affiliate,Logged-Out,AREA_C,AREA_C,AREA_C_TO_AREA_C,CA,CE,31_60,very_high,6_8,Y,O,0,0.7834109202673373,33.553489715050056
77.0,261.031718,10.746527777777779,4,2,0,2,0,1,0,0,0,3,1,262.9166666666667,22.0,42.83,3,1,SPECIAL EQUIPMENT,UPPER APEX,LANG_09,Round-Trip,google,Direct,Direct,Logged-Out,AREA_C,AREA_C,AREA_C_TO_AREA_C,CA,CE,61_120,very_high,9_14,Y,O,0,0.7830578838838526,33.538369166745404
21.0,31.916916,3.232638888888889,2,2,0,0,0,0,0,0,0,4,1,79.66666666666667,17.0,45.935175,5,0,SPECIAL EQUIPMENT,LOWER ZENITH,LANG_02,Round-Trip,google,Direct,Email,Logged-Out,AREA_C,AREA_D,AREA_C_TO_AREA_D,CE,DA,15_30,low,3_5,Y,U,0,0.7300310185639568,33.5341025931636
82.0,286.181494,4.197916666666667,5,3,0,2,0,1,0,0,0,2,1,104.25,17.0,77.094,4,1,SPECIAL EQUIPMENT,UPPER APEX,LANG_09,Round-Trip,apple,Direct,Direct,Logged-Out,AREA_C,AREA_B,AREA_C_TO_AREA_B,CA,BA,61_120,very_high,3_5,Y,S,0,0.4346992865346578,33.512706796102904
198.0,318.5969512,16.0,2,2,0,0,0,0,0,0,0,2,1,391.25,13.0,68.8500816,2,1,SPECIAL EQUIPMENT,UPPER APEX,LANG_02,Round-Trip,google,Paid Search,Paid Search,Logged-Out,AREA_C,AREA_B,AREA_C_TO_AREA_B,CA,BU,120_plus,very_high,15_30,Y,W,0,0.4867394808513767,33.51205297455892
89.0,366.6744828,12.88888888888889,2,2,0,0,0,0,0,0,0,2,1,316.5833333333333,19.0,77.094,5,1,SPECIAL EQUIPMENT,SOUTH MERIDIAN,LANG_02,Round-Trip,other,MetaSearches,MetaSearches,Logged-Out,AREA_C,AREA_B,AREA_C_TO_AREA_B,CA,BU,61_120,very_high,9_14,Y,V,0,0.43450955384262724,33.498079543943504
30.0,179.470549,7.4375,2,2,0,0,0,0,0,1,0,2,1,182.25,19.0,42.83,2,1,SPECIAL EQUIPMENT,UPPER APEX,LANG_02,Round-Trip,apple,Direct,Direct,Logged-In,AREA_C,AREA_C,AREA_C_TO_AREA_C,CA,CE,15_30,very_high,6_8,Y,L,0,0.7820368134141993,33.49463671853015
148.0,205.1222926,5.447916666666667,2,2,0,0,0,0,0,0,0,2,1,134.91666666666666,22.0,42.83,3,1,SPECIAL EQUIPMENT,UPPER APEX,LANG_09,Round-Trip,google,Direct,Paid Search,Logged-Out,AREA_C,AREA_C,AREA_C_TO_AREA_C,CA,CE,120_plus,very_high,6_8,Y,W,0,0.7819938115960596,33.49279495065923
2.0,143.6877972,7.121527777777778,2,2,0,0,0,0,0,0,0,2,1,173.08333333333334,13.0,42.83,2,1,SPECIAL EQUIPMENT,UPPER APEX,LANG_02,Round-Trip,apple,Direct,Direct,Logged-Out,AREA_C,AREA_C,AREA_C_TO_AREA_C,CA,CI,0_3,very_high,6_8,Y,T,0,0.7818447054415403,33.48640873406117
80.0,382.1686636,20.0,2,2,0,0,0,0,0,0,0,2,1,487.25,15.0,77.094,5,1,SPECIAL EQUIPMENT,UPPER APEX,LANG_09,Round-Trip,google,Organic Search,Paid MetaSearches,Logged-Out,AREA_C,AREA_B,AREA_C_TO_AREA_B,CA,BU,61_120,very_high,15_30,Y,V,0,0.4336862757998016,33.434609746509906
12.0,52.5164328,4.621527777777778,2,2,0,0,0,0,0,0,0,4,1,111.83333333333333,9.0,42.83,5,0,SPECIAL EQUIPMENT,UPPER APEX,LANG_09,Round-Trip,google,Direct,Direct,Logged-Out,AREA_C,AREA_C,AREA_C_TO_AREA_C,CA,CI,8_14,mid,3_5,Y,W,0,0.7803069450723732,33.420546457449746
40.0,45.3582549,6.895833333333333,3,3,0,0,0,0,0,0,0,2,1,167.41666666666666,20.0,85.66,4,1,SPECIAL EQUIPMENT,UPPER APEX,LANG_09,Round-Trip,google,Paid Search,Paid Search,Logged-Out,AREA_C,AREA_B,AREA_C_TO_AREA_B,CA,BE,31_60,mid,6_8,Y,O,0,0.38992032198403775,33.40057478115267
44.0,102.1118596,7.041666666666667,1,1,0,0,0,0,0,1,0,4,1,171.75,14.0,43.6746076,3,0,SPECIAL EQUIPMENT,NEW MERIDIAN,LANG_02,Round-Trip,apple,Direct,Direct,Logged-In,AREA_C,AREA_B,AREA_C_TO_AREA_B,CI,BI,31_60,high,6_8,Y,M,0,0.7643287057237216,33.381756299899415
80.0,346.17775800000004,10.4375,4,2,0,2,0,1,0,0,0,2,1,254.25,11.0,42.83,3,1,SPECIAL EQUIPMENT,UPPER APEX,LANG_09,Round-Trip,google,Paid Search,Paid Search,Logged-Out,AREA_C,AREA_C,AREA_C_TO_AREA_C,CA,CE,61_120,very_high,9_14,Y,V,0,0.7784018634461741,33.33895181139964
22.0,255.1143252,,2,2,0,0,0,0,0,0,0,2,1,-218.0,18.0,42.83,4,1,SPECIAL EQUIPMENT,UPPER APEX,LANG_09,Round-Trip,apple,Direct,Direct,Logged-Out,AREA_C,AREA_B,AREA_C_TO_AREA_B,CA,BE,15_30,very_high,unknown_or_oneway,C,Z,0,0.7781404978420599,33.327757522575425
73.0,225.3406224,10.4375,3,3,0,0,0,0,0,0,0,2,1,254.25,19.0,42.83,2,1,SPECIAL EQUIPMENT,UPPER APEX,LANG_09,Round-Trip,google,Paid Search,Paid Search,Logged-Out,AREA_C,AREA_C,AREA_C_TO_AREA_C,CA,CE,61_120,very_high,9_14,Y,O,0,0.7778880506338133,33.316945208646224
43.0,36.4778827,7.326388888888889,1,1,0,0,0,0,0,0,0,4,1,177.91666666666666,18.0,47.9087814,6,0,SPECIAL EQUIPMENT,LOWER ZENITH,LANG_02,Round-Trip,apple,MetaSearches,MetaSearches,Logged-Out,AREA_C,AREA_B,AREA_C_TO_AREA_B,CE,BI,31_60,mid,6_8,Y,L,0,0.6948071424017737,33.28736350048525
3.0,97.8228634,6.416666666666667,3,2,0,1,0,1,0,1,0,2,1,157.0,13.0,42.83,3,1,SPECIAL EQUIPMENT,UPPER APEX,LANG_09,Round-Trip,google,Email,Paid Search,Logged-In,AREA_C,AREA_C,AREA_C_TO_AREA_C,CA,CI,0_3,high,6_8,Y,L,0,0.7771110930123409,33.28366811371856
51.0,40.2327888,5.513888888888889,3,2,1,0,0,0,1,0,0,2,1,134.33333333333334,18.0,85.66,3,1,SPECIAL EQUIPMENT,UPPER APEX,LANG_09,Round-Trip,google,Paid Search,Paid Search,Logged-Out,AREA_C,AREA_B,AREA_C_TO_AREA_B,CA,BE,31_60,mid,6_8,Y,O,0,0.38844898748310847,33.27454026780307
95.0,273.6083192,9.440972222222221,2,2,0,0,0,0,0,1,0,2,1,230.33333333333334,16.0,42.83,2,1,SPECIAL EQUIPMENT,UPPER APEX,LANG_09,Round-Trip,mozilla,Paid Search,Paid Search,Logged-In,AREA_C,AREA_C,AREA_C_TO_AREA_C,CA,CE,61_120,very_high,9_14,Y,V,0,0.7766712830981459,33.26483105509359
124.0,332.5423992,18.0,2,2,0,0,0,0,0,0,0,2,1,439.25,14.0,77.094,5,1,SPECIAL EQUIPMENT,UPPER APEX,LANG_09,Round-Trip,apple,Paid Search,Paid Search,Logged-Out,AREA_C,AREA_B,AREA_C_TO_AREA_B,CA,BU,120_plus,very_high,15_30,Y,W,0,0.43136245595676076,33.25545717953051
33.0,156.3020888,6.4375,2,2,0,0,0,0,0,1,0,2,1,158.25,20.0,42.83,3,1,SPECIAL EQUIPMENT,UPPER APEX,LANG_09,Round-Trip,google,Direct,Email,Logged-In,AREA_C,AREA_C,AREA_C_TO_AREA_C,CA,CE,31_60,very_high,6_8,Y,O,0,0.7763994527654569,33.25318856194452
172.0,174.86975040000002,7.128472222222222,6,3,0,3,0,1,0,0,0,2,1,173.25,23.0,47.113,6,1,SPECIAL EQUIPMENT,UPPER APEX,LANG_09,Round-Trip,microsoft,Direct,Paid Search,Logged-Out,AREA_C,AREA_B,AREA_C_TO_AREA_B,CA,BI,120_plus,very_high,6_8,Y,U,0,0.7055264563685161,33.239467938889895
175.0,189.26320020000003,9.13888888888889,2,2,0,0,0,0,0,1,0,2,1,223.16666666666666,19.0,50.2841332,4,1,SPECIAL EQUIPMENT,SOUTH HORIZON,LANG_02,Round-Trip,apple,Direct,Direct,Logged-In,AREA_C,AREA_C,AREA_C_TO_AREA_C,CA,CE,120_plus,very_high,9_14,Y,V,0,0.6608165117800259,33.22858549910619
94.0,185.2752989,6.878472222222222,2,2,0,0,0,0,0,0,0,4,1,167.0,21.0,42.157569,4,0,SPECIAL EQUIPMENT,SOUTH HORIZON,LANG_02,Round-Trip,apple,Direct,Direct,Logged-Out,AREA_C,AREA_C,AREA_C_TO_AREA_C,CA,CE,61_120,very_high,6_8,Y,T,0,0.7881250486737419,33.225436120091636
35.0,150.3324434,5.4375,2,2,0,0,0,0,0,0,0,2,1,134.25,14.0,42.83,3,1,SPECIAL EQUIPMENT,UPPER APEX,LANG_09,Round-Trip,apple,Direct,MetaSearches,Logged-Out,AREA_C,AREA_C,AREA_C_TO_AREA_C,CA,CE,31_60,very_high,6_8,Y,O,0,0.7745535949160502,33.17413047025443
44.0,66.8679092,5.388888888888889,2,2,0,0,0,0,0,0,0,2,1,129.91666666666666,18.0,42.83,3,1,SPECIAL EQUIPMENT,UPPER APEX,LANG_09,Round-Trip,google,MetaSearches,MetaSearches,Logged-Out,AREA_C,AREA_B,AREA_C_TO_AREA_B,CA,BI,31_60,high,6_8,Y,O,0,0.7741670187232814,33.15757341191814
131.0,82.4854404,5.114583333333333,4,4,0,0,0,0,0,1,1,2,1,124.75,15.0,42.83,4,1,SPECIAL EQUIPMENT,UPPER APEX,LANG_09,Round-Trip,mozilla,Email,Email,Logged-In,AREA_C,AREA_C,AREA_C_TO_AREA_C,CA,CO,120_plus,high,6_8,Y,U,0,0.7737977865690621,33.14175919875293
235.0,157.6495206,11.753472222222221,6,6,0,0,0,0,0,0,0,4,1,283.6666666666667,10.0,42.6021444,5,0,SPECIAL EQUIPMENT,EAST VERTEX,LANG_02,Round-Trip,apple,Direct,Direct,Logged-Out,AREA_B,AREA_B,AREA_B_TO_AREA_B,BI,BI,120_plus,very_high,9_14,Y,U,0,0.7772129508339153,33.11093836097656
22.0,39.652014,10.447916666666666,2,2,0,0,0,0,0,0,0,2,1,252.66666666666666,20.0,85.66,3,1,SPECIAL EQUIPMENT,UPPER APEX,LANG_09,Round-Trip,google,Paid Search,Organic Search,Logged-Out,AREA_C,AREA_B,AREA_C_TO_AREA_B,CA,BE,15_30,mid,9_14,Y,L,0,0.3864467701150798,33.103030328057734
27.0,41.9438473,3.263888888888889,2,2,0,0,0,0,0,0,0,4,1,80.41666666666667,15.0,47.0033552,5,0,SPECIAL EQUIPMENT,LOWER ZENITH,LANG_02,Round-Trip,google,Organic Search,Paid Search,Logged-Out,AREA_C,AREA_B,AREA_C_TO_AREA_B,CE,BO,15_30,mid,3_5,Y,L,0,0.7040302006210015,33.0917815913162
102.0,980.4712128,10.010416666666666,6,5,1,0,0,0,1,0,0,2,1,246.91666666666666,13.0,68.8500816,1,1,SPECIAL EQUIPMENT,UPPER APEX,LANG_09,Round-Trip,google,Organic Search,Organic Search,Logged-Out,AREA_C,AREA_B,AREA_C_TO_AREA_B,CA,BU,61_120,very_high,9_14,Y,W,0,0.48032491935059735,33.07040989180204
77.0,62.752802800000005,7.184027777777778,2,1,1,0,0,0,1,1,0,2,1,177.5,21.0,42.83,2,1,SPECIAL EQUIPMENT,UPPER APEX,LANG_09,Round-Trip,google,Direct,Direct,Logged-In,AREA_C,AREA_B,AREA_C_TO_AREA_B,CA,BI,61_120,high,6_8,Y,U,0,0.7720791935716965,33.06815186067576
26.0,294.8806953,7.4375,3,3,0,0,0,0,0,1,0,2,1,182.25,18.0,42.83,2,1,SPECIAL EQUIPMENT,UPPER APEX,LANG_09,Round-Trip,apple,Direct,Direct,Logged-In,AREA_C,AREA_C,AREA_C_TO_AREA_C,CA,CE,15_30,very_high,6_8,Y,L,0,0.7717934423748295,33.055913136913944
3.0,449.2661416,7.267361111111111,4,2,0,2,0,1,0,0,0,2,1,181.08333333333334,22.0,42.83,6,1,SPECIAL EQUIPMENT,UPPER APEX,LANG_09,Round-Trip,microsoft,MetaSearches,MetaSearches,Logged-Out,AREA_C,AREA_B,AREA_C_TO_AREA_B,CA,BE,0_3,very_high,6_8,Y,H,0,0.771568763239332,33.04629012954059
12.0,177.8999729,7.475694444444445,3,3,0,0,0,0,0,0,0,2,1,182.33333333333334,23.0,50.2841332,3,1,SPECIAL EQUIPMENT,UPPER VERTEX,LANG_10,Round-Trip,apple,Direct,Organic Search,Logged-Out,AREA_C,AREA_C,AREA_C_TO_AREA_C,CA,CE,8_14,very_high,6_8,Y,L,0,0.6571524100760364,33.04433932096444
142.0,27.4917204,7.982638888888889,2,2,0,0,0,0,0,1,0,2,1,193.5,21.0,85.66,3,1,SPECIAL EQUIPMENT,UPPER APEX,LANG_09,Round-Trip,apple,Direct,Direct,Logged-In,AREA_C,AREA_B,AREA_C_TO_AREA_B,CA,BE,120_plus,low,6_8,Y,O,0,0.38538710029594175,33.012259011350366
59.0,206.0448508,8.4375,4,2,0,2,0,1,0,0,0,2,1,206.25,15.0,42.83,3,1,SPECIAL EQUIPMENT,UPPER APEX,LANG_09,Round-Trip,google,Paid Search,Organic Search,Logged-Out,AREA_C,AREA_C,AREA_C_TO_AREA_C,CA,CE,31_60,very_high,9_14,Y,O,0,0.7704085227015879,32.99659702730901
23.0,48.9611145,3.15625,2,2,0,0,0,0,0,0,0,4,1,77.83333333333333,21.0,42.6963704,5,0,SPECIAL EQUIPMENT,LOWER ZENITH,LANG_02,Round-Trip,apple,Direct,Direct,Logged-Out,AREA_C,AREA_C,AREA_C_TO_AREA_C,CE,CU,15_30,mid,3_5,Y,U,0,0.7726442749782635,32.989106151911386
55.0,82.584806,4.197916666666667,2,2,0,0,0,0,0,0,0,2,1,104.25,12.0,77.094,5,1,SPECIAL EQUIPMENT,UPPER APEX,LANG_09,Round-Trip,apple,Direct,Paid Search,Logged-Out,AREA_C,AREA_B,AREA_C_TO_AREA_B,CA,BA,31_60,high,3_5,Y,W,0,0.42787897301868966,32.98690154590286
91.0,284.579652,13.319444444444445,2,2,0,0,0,0,0,0,0,2,1,335.8333333333333,11.0,57.8205,1,1,SPECIAL EQUIPMENT,UPPER APEX,LANG_09,Round-Trip,apple,Paid Search,Paid Search,Logged-Out,AREA_C,AREA_B,AREA_C_TO_AREA_B,CA,BO,61_120,very_high,9_14,Y,W,0,0.5703515037009306,32.97800911973966
139.0,147.7048229,7.319444444444445,3,3,0,0,0,0,0,0,0,2,1,191.83333333333334,17.0,57.8205,2,1,SPECIAL EQUIPMENT,UPPER APEX,LANG_09,Round-Trip,microsoft,Paid Search,Paid Search,Logged-Out,AREA_C,AREA_B,AREA_C_TO_AREA_B,CA,BO,120_plus,very_high,6_8,Y,O,0,0.5700394314707142,32.95996494735243
155.0,75.83479799999999,5.118055555555555,2,2,0,0,0,0,0,1,0,2,1,124.66666666666667,20.0,42.83,4,1,SPECIAL EQUIPMENT,UPPER APEX,LANG_09,Round-Trip,google,Paid Search,Paid Search,Logged-In,AREA_C,AREA_C,AREA_C_TO_AREA_C,CA,CE,120_plus,high,6_8,Y,U,0,0.7695353925173033,32.9592008615161
60.0,118.733326,16.29513888888889,2,2,0,0,0,0,0,1,1,2,1,397.75,21.0,42.83,6,1,SPECIAL EQUIPMENT,UPPER APEX,LANG_02,Round-Trip,google,Paid Search,Paid Search,Logged-In,AREA_C,AREA_B,AREA_C_TO_AREA_B,CA,BE,31_60,very_high,15_30,Y,W,0,0.769252247552347,32.947073762667024
33.0,171.829677,3.3645833333333335,5,5,0,0,0,0,0,0,0,4,1,81.75,12.0,42.83,5,0,SPECIAL EQUIPMENT,UPPER APEX,LANG_09,Round-Trip,google,Paid Search,Organic Search,Logged-Out,AREA_C,AREA_C,AREA_C_TO_AREA_C,CA,CI,31_60,very_high,3_5,Y,W,0,0.769037981717289,32.93789675695149
134.0,195.7656508,11.4375,2,2,0,0,0,0,0,0,0,2,1,278.25,15.0,42.83,2,1,SPECIAL EQUIPMENT,UPPER APEX,LANG_09,Round-Trip,microsoft,Direct,Email,Logged-Out,AREA_C,AREA_C,AREA_C_TO_AREA_C,CA,CE,120_plus,very_high,9_14,Y,U,0,0.768340594860608,32.90802767787984
97.0,401.248572,13.0,2,2,0,0,0,0,0,0,0,2,1,319.25,17.0,77.094,5,1,SPECIAL EQUIPMENT,UPPER APEX,LANG_09,Round-Trip,google,Paid Search,Paid Search,Logged-Out,AREA_C,AREA_B,AREA_C_TO_AREA_B,CA,BU,61_120,very_high,9_14,Y,W,0,0.4261531441677587,32.853850496469185
80.0,741.4147111999999,16.0,4,3,1,0,0,0,1,1,0,2,1,391.25,18.0,77.094,4,1,SPECIAL EQUIPMENT,UPPER APEX,LANG_09,Round-Trip,microsoft,Paid Search,Paid Search,Logged-In,AREA_C,AREA_B,AREA_C_TO_AREA_B,CA,BU,61_120,very_high,15_30,Y,V,0,0.42588765312411037,32.83338272995016
71.0,404.6972436,5.010416666666667,2,2,0,0,0,0,0,0,0,2,1,126.91666666666667,9.0,68.8500816,4,1,SPECIAL EQUIPMENT,UPPER APEX,LANG_09,Round-Trip,google,MetaSearches,MetaSearches,Logged-Out,AREA_C,AREA_B,AREA_C_TO_AREA_B,CA,BU,61_120,very_high,6_8,Y,T,0,0.47649830672925725,32.80694730057119
30.0,72.3972622,5.090277777777778,2,2,0,0,0,0,0,0,0,2,1,122.75,23.0,42.83,4,1,SPECIAL EQUIPMENT,UPPER APEX,LANG_02,Round-Trip,apple,Paid Search,Paid Search,Logged-Out,AREA_C,AREA_B,AREA_C_TO_AREA_B,CA,BI,15_30,high,6_8,Y,O,0,0.763336854557646,32.693717480703974
20.0,82.40192189999999,,4,4,0,0,0,0,0,0,0,2,1,4.083333333333333,16.0,36.0774222,4,0,SPECIAL EQUIPMENT,EAST APEX,LANG_02,One-Way,google,Paid Search,Paid Search,Logged-Out,AREA_C,AREA_C,AREA_C_TO_AREA_C,CI,CI,15_30,high,unknown_or_oneway,Y,V,0,0.9061782460074965,32.69257516966792
4.0,447.0608249,8.4375,3,2,0,1,0,1,0,1,1,2,1,206.25,11.0,42.83,4,1,SPECIAL EQUIPMENT,UPPER APEX,LANG_09,Round-Trip,apple,Direct,Paid Search,Logged-In,AREA_C,AREA_C,AREA_C_TO_AREA_C,CA,CE,4_7,very_high,9_14,Y,E,0,0.7630923587042897,32.68324572330473
169.0,209.86614339999997,14.256944444444445,2,2,0,0,0,0,0,1,1,2,1,358.4166666666667,20.0,57.8205,2,1,SPECIAL EQUIPMENT,UPPER APEX,LANG_09,Round-Trip,apple,Direct,Direct,Logged-In,AREA_C,AREA_B,AREA_C_TO_AREA_B,CA,BO,120_plus,very_high,15_30,Y,U,0,0.5650508582252295,32.671523148011886
68.0,156.2686814,5.4375,2,2,0,0,0,0,0,0,0,2,1,134.25,17.0,42.83,3,1,SPECIAL EQUIPMENT,UPPER APEX,LANG_09,Round-Trip,microsoft,Paid Search,Paid Search,Logged-Out,AREA_C,AREA_C,AREA_C_TO_AREA_C,CA,CE,61_120,very_high,6_8,Y,O,0,0.7620286560871553,32.637687340212864
54.0,68.9254624,10.51736111111111,2,2,0,0,0,0,0,1,1,2,1,254.58333333333334,13.0,42.83,3,1,SPECIAL EQUIPMENT,UPPER APEX,LANG_02,Round-Trip,google,Direct,Paid Search,Logged-In,AREA_C,AREA_B,AREA_C_TO_AREA_B,CA,BI,31_60,high,9_14,Y,W,1,0.7607067917995309,32.581071892773906
117.0,149.3507798,15.211805555555555,2,2,0,0,0,0,0,0,1,2,1,381.25,16.0,57.8205,2,1,SPECIAL EQUIPMENT,UPPER APEX,LANG_09,Round-Trip,google,Direct,Partners,Logged-Out,AREA_C,AREA_B,AREA_C_TO_AREA_B,CA,BO,61_120,very_high,15_30,Y,O,0,0.5634336888122015,32.5780176039659
212.0,123.8849184,9.20486111111111,3,3,0,0,0,0,0,0,0,2,1,224.41666666666666,19.0,77.094,3,1,SPECIAL EQUIPMENT,UPPER APEX,LANG_09,Round-Trip,google,Paid Search,Paid Search,Logged-Out,AREA_C,AREA_B,AREA_C_TO_AREA_B,CA,BA,120_plus,very_high,9_14,Y,L,0,0.42248780141800907,32.57127456251999
0.0,216.1296026,,4,4,0,0,0,0,0,0,0,1,0,2.75,14.0,42.7306344,3,1,SPECIAL EQUIPMENT,NEW MERIDIAN,LANG_02,One-Way,google,Paid Search,Organic Search,Logged-Out,AREA_C,AREA_C,AREA_C_TO_AREA_C,CA,CI,invalid_or_past,very_high,unknown_or_oneway,Y,H,0,0.7619597337803682,32.55902281169024
29.0,150.3135982,12.4375,2,2,0,0,0,0,0,0,0,2,1,302.25,15.0,42.83,2,1,SPECIAL EQUIPMENT,UPPER APEX,LANG_02,Round-Trip,apple,Direct,Direct,Logged-Out,AREA_C,AREA_C,AREA_C_TO_AREA_C,CA,CE,15_30,very_high,9_14,Y,O,0,0.7601643650122655,32.55783975347533
10.0,120.1030294,7.190972222222222,2,2,0,0,0,0,0,0,0,2,1,177.66666666666666,16.0,42.83,5,1,SPECIAL EQUIPMENT,LOWER VERTEX,LANG_02,Round-Trip,google,MetaSearches,Organic Search,Logged-Out,AREA_C,AREA_B,AREA_C_TO_AREA_B,CA,BI,8_14,very_high,6_8,Y,S,0,0.7600635479551839,32.553521758920525
12.0,111.18668,,2,2,0,0,0,0,0,0,0,3,1,35.583333333333336,11.0,42.83,3,1,SPECIAL EQUIPMENT,UPPER APEX,LANG_09,Multi-City,google,Paid Search,Organic Search,Logged-Out,AREA_C,AREA_D,AREA_C_TO_AREA_D,CA,DA,8_14,very_high,unknown_or_oneway,Y,K,0,0.7592988854387583,32.52077126334202
25.0,209.95266,7.072916666666667,1,1,0,0,0,0,0,0,0,4,1,172.08333333333334,11.0,42.7777474,3,0,SPECIAL EQUIPMENT,OLD ZENITH,LANG_02,Round-Trip,google,Direct,Direct,Logged-Out,AREA_B,AREA_B,AREA_B_TO_AREA_B,BU,BI,15_30,very_high,6_8,C,C,0,0.7599466056327079,32.5088039332434
95.0,184.1544378,9.118055555555555,3,2,0,0,1,1,0,1,0,2,1,222.66666666666666,13.0,50.2841332,5,1,SPECIAL EQUIPMENT,CENTRAL HORIZON,LANG_02,Round-Trip,apple,Direct,Direct,Logged-In,AREA_C,AREA_C,AREA_C_TO_AREA_C,CA,CE,61_120,very_high,9_14,Y,V,0,0.6459984967382002,32.48347445698342
172.0,173.534311,,2,2,0,0,0,0,0,0,0,2,1,33.0,21.0,38.1289792,3,0,SPECIAL EQUIPMENT,SOUTH ZENITH,LANG_07,One-Way,microsoft,MetaSearches,MetaSearches,Logged-Out,AREA_B,AREA_B,AREA_B_TO_AREA_B,BI,BU,120_plus,very_high,unknown_or_oneway,Y,S,0,0.8512996567791605,32.459186906299756
136.0,175.95549089999997,11.4375,2,2,0,0,0,0,0,0,0,2,1,278.25,14.0,42.83,2,1,SPECIAL EQUIPMENT,UPPER APEX,LANG_09,Round-Trip,microsoft,Paid Search,Paid Search,Logged-Out,AREA_C,AREA_C,AREA_C_TO_AREA_C,CA,CE,120_plus,very_high,9_14,Y,U,0,0.7578220321628362,32.45751763753427
18.0,47.9336228,5.753472222222222,2,2,0,0,0,0,0,1,0,2,1,140.0,18.0,85.66,4,1,SPECIAL EQUIPMENT,UPPER APEX,LANG_09,Round-Trip,google,Paid Search,Organic Search,Logged-In,AREA_C,AREA_B,AREA_C_TO_AREA_B,CA,BE,15_30,mid,6_8,Y,V,0,0.3787243605766514,32.441528726995955
148.0,264.753645,10.256944444444445,1,1,0,0,0,0,0,0,0,4,1,247.41666666666666,14.0,37.870286,1,0,SPECIAL EQUIPMENT,CENTRAL MERIDIAN,LANG_02,Round-Trip,google,Paid Search,Paid Search,Logged-Out,AREA_B,AREA_B,AREA_B_TO_AREA_B,BI,BO,120_plus,very_high,9_14,Y,Y,0,0.8564205174863448,32.43288993347588
63.0,133.0308366,10.447916666666666,2,2,0,0,0,0,0,0,0,2,1,254.91666666666666,13.0,42.83,4,1,SPECIAL EQUIPMENT,UPPER APEX,LANG_09,Round-Trip,google,Email,Paid Search,Logged-Out,AREA_C,AREA_C,AREA_C_TO_AREA_C,CA,CE,61_120,very_high,9_14,Y,O,0,0.7571085665315299,32.42695990454543
29.0,74.5421886,7.517361111111111,3,1,0,2,0,1,0,0,0,2,1,182.41666666666666,10.0,48.18375,6,1,SPECIAL EQUIPMENT,UPPER APEX,LANG_09,Round-Trip,google,Direct,Direct,Logged-Out,AREA_C,AREA_B,AREA_C_TO_AREA_B,CA,BI,15_30,high,6_8,Y,L,0,0.6724246976939054,32.39994352750872
72.0,209.2172689,6.4375,3,2,0,1,0,1,0,0,0,2,1,158.25,13.0,42.83,3,1,SPECIAL EQUIPMENT,UPPER APEX,LANG_09,Round-Trip,google,Organic Search,Organic Search,Logged-Out,AREA_C,AREA_C,AREA_C_TO_AREA_C,CA,CE,61_120,very_high,6_8,Y,O,0,0.7564164342512059,32.39731587897914
194.0,75.9410164,8.14236111111111,2,2,0,0,0,0,0,1,1,2,1,201.41666666666666,12.0,42.83,3,1,SPECIAL EQUIPMENT,UPPER APEX,LANG_09,Round-Trip,apple,Direct,Direct,Logged-In,AREA_C,AREA_B,AREA_C_TO_AREA_B,CA,BI,120_plus,high,9_14,Y,U,0,0.7561562844702272,32.38617366385983
145.0,154.0008329,8.427083333333334,2,2,0,0,0,0,0,1,1,2,1,218.41666666666666,21.0,57.8205,1,1,SPECIAL EQUIPMENT,UPPER APEX,LANG_09,Round-Trip,google,Direct,Paid Search,Logged-In,AREA_C,AREA_B,AREA_C_TO_AREA_B,CA,BO,120_plus,very_high,9_14,Y,O,0,0.5588386671176592,32.31233115207662
73.0,130.1616549,,2,2,0,0,0,0,0,0,0,2,1,-169.66666666666666,17.0,81.377,4,1,SPECIAL EQUIPMENT,UPPER APEX,LANG_09,Round-Trip,google,Paid Search,Paid Search,Logged-Out,AREA_C,AREA_C,AREA_C_TO_AREA_C,CA,CA,61_120,very_high,unknown_or_oneway,Y,U,0,0.3968400650457943,32.2936539732316
62.0,280.3840252,12.4375,2,2,0,0,0,0,0,0,0,2,1,302.25,21.0,42.83,3,1,SPECIAL EQUIPMENT,UPPER APEX,LANG_09,Round-Trip,google,Email,Paid Search,Logged-Out,AREA_C,AREA_C,AREA_C_TO_AREA_C,CA,CE,61_120,very_high,9_14,Y,K,0,0.753418076921849,32.268896234562796
33.0,150.3401528,5.4375,2,2,0,0,0,0,0,0,0,2,1,134.25,20.0,42.83,3,1,SPECIAL EQUIPMENT,UPPER APEX,LANG_09,Round-Trip,apple,Paid Search,Paid Search,Logged-Out,AREA_C,AREA_C,AREA_C_TO_AREA_C,CA,CE,31_60,very_high,6_8,Y,O,0,0.7533655281510769,32.26664557071062
29.0,46.59904,5.958333333333333,2,2,0,0,0,0,0,1,0,2,1,144.66666666666666,13.0,42.83,5,1,SPECIAL EQUIPMENT,UPPER APEX,LANG_09,Round-Trip,samsung,Direct,Direct,Logged-In,AREA_C,AREA_C,AREA_C_TO_AREA_C,CA,CO,15_30,mid,6_8,Y,O,0,0.7528683338791486,32.24535074004393
66.0,87.83062439999999,7.506944444444445,3,3,0,0,0,0,0,0,0,2,1,182.33333333333334,6.0,36.4055,6,1,SPECIAL EQUIPMENT,UPPER APEX,LANG_02,Round-Trip,apple,Direct,Direct,Logged-Out,AREA_C,AREA_C,AREA_C_TO_AREA_C,CA,CI,61_120,high,6_8,Y,O,0,0.8853327027787992,32.230979711013575
15.0,66.82936219999999,6.944444444444445,2,2,0,0,0,0,0,0,0,2,1,167.25,21.0,42.83,4,1,SPECIAL EQUIPMENT,UPPER APEX,LANG_09,Round-Trip,google,Paid Search,Paid Search,Logged-Out,AREA_C,AREA_B,AREA_C_TO_AREA_B,CA,BI,15_30,high,6_8,Y,O,0,0.7523674433519496,32.223897598764
201.0,248.722376,7.215277777777778,5,5,0,0,0,0,0,1,0,2,1,177.08333333333334,22.0,42.83,5,1,SPECIAL EQUIPMENT,UPPER APEX,LANG_09,Round-Trip,google,Paid Search,Paid Search,Logged-In,AREA_C,AREA_C,AREA_C_TO_AREA_C,CA,CI,120_plus,very_high,6_8,Y,L,0,0.7522680422584765,32.21964024993055
50.0,85.2008624,,2,2,0,0,0,0,0,1,1,3,1,-49.0,16.0,42.83,4,1,SPECIAL EQUIPMENT,UPPER APEX,LANG_02,Round-Trip,google,Direct,Direct,Logged-In,AREA_C,AREA_C,AREA_C_TO_AREA_C,CA,CO,31_60,high,unknown_or_oneway,Y,W,0,0.752243167694584,32.21857487235903
19.0,89.2735671,8.194444444444445,2,2,0,0,0,0,0,1,1,2,1,198.16666666666666,21.0,42.83,3,1,SPECIAL EQUIPMENT,UPPER APEX,LANG_02,Round-Trip,google,Paid Search,Paid Search,Logged-In,AREA_C,AREA_B,AREA_C_TO_AREA_B,CA,BI,15_30,high,9_14,Y,W,0,0.7510724090075853,32.16843127779488
9.0,111.2629174,4.690972222222222,2,2,0,0,0,0,0,0,0,4,1,115.25,17.0,39.4344376,5,0,SPECIAL EQUIPMENT,EAST HORIZON,LANG_02,Round-Trip,google,Paid Search,Paid Search,Logged-Out,AREA_C,AREA_C,AREA_C_TO_AREA_C,CI,CE,8_14,very_high,3_5,Y,Q,0,0.8156194407659573,32.16349394223204
191.0,407.8666636,14.0,2,2,0,0,0,0,0,1,0,2,1,343.25,10.0,77.094,5,1,SPECIAL EQUIPMENT,UPPER APEX,LANG_09,Round-Trip,google,Paid Search,Paid Search,Logged-In,AREA_C,AREA_B,AREA_C_TO_AREA_B,CA,BU,120_plus,very_high,9_14,Y,V,0,0.4170827037557789,32.154573963348014
3.0,131.59560330000002,9.86111111111111,2,2,0,0,0,0,0,0,0,4,1,239.33333333333334,17.0,39.4344376,3,0,SPECIAL EQUIPMENT,NEW MERIDIAN,LANG_02,Round-Trip,mozilla,Direct,Direct,Logged-Out,AREA_C,AREA_C,AREA_C_TO_AREA_C,CI,CE,0_3,very_high,9_14,Y,K,0,0.8147895901205586,32.130769248738744
137.0,35.664541,7.239583333333333,1,1,0,0,0,0,0,0,0,2,1,178.58333333333334,20.0,38.547,2,1,SPECIAL EQUIPMENT,UPPER APEX,LANG_09,Round-Trip,microsoft,Paid Search,Paid Search,Logged-Out,AREA_C,AREA_B,AREA_C_TO_AREA_B,CA,BI,120_plus,mid,6_8,Y,U,0,0.8334057214353717,32.12529034416927
39.0,118.4643536,3.1979166666666665,2,2,0,0,0,0,0,1,0,2,1,80.25,20.0,77.094,6,1,SPECIAL EQUIPMENT,UPPER APEX,LANG_02,Round-Trip,apple,Direct,Direct,Logged-In,AREA_C,AREA_B,AREA_C_TO_AREA_B,CA,BA,31_60,very_high,3_5,Y,V,0,0.4165872668744335,32.116378752417575
137.0,27.098541,7.239583333333333,1,1,0,0,0,0,0,1,0,2,1,178.58333333333334,17.0,38.547,3,1,SPECIAL EQUIPMENT,UPPER APEX,LANG_09,Round-Trip,apple,Direct,Direct,Logged-In,AREA_C,AREA_B,AREA_C_TO_AREA_B,CA,BI,120_plus,low,6_8,Y,U,1,0.8330942152007371,32.11328271334281
230.0,67.3137695,10.902777777777779,2,2,0,0,0,0,0,0,0,4,1,263.25,17.0,42.6021444,5,0,SPECIAL EQUIPMENT,EAST VERTEX,LANG_02,Round-Trip,google,Direct,Paid Search,Logged-Out,AREA_B,AREA_B,AREA_B_TO_AREA_B,BI,BI,120_plus,high,9_14,Y,V,0,0.7535237708413421,32.101728494215365
25.0,282.70369800000003,9.184027777777779,6,3,0,3,0,1,0,0,0,2,1,225.5,18.0,42.83,6,1,SPECIAL EQUIPMENT,UPPER APEX,LANG_09,Round-Trip,google,Direct,Email,Logged-Out,AREA_C,AREA_B,AREA_C_TO_AREA_B,CA,BO,15_30,very_high,9_14,Y,L,0,0.7494502093374683,32.098952465923766
53.0,46.6084626,6.243055555555555,2,2,0,0,0,0,0,0,0,2,1,150.41666666666666,22.0,42.83,3,1,SPECIAL EQUIPMENT,UPPER APEX,LANG_09,Round-Trip,mozilla,Paid Search,Paid Search,Logged-Out,AREA_C,AREA_B,AREA_C_TO_AREA_B,CA,BI,31_60,mid,6_8,Y,O,0,0.7494167237342582,32.09751827753828
8.0,64.6544548,,3,3,0,0,0,0,0,0,0,2,1,4.333333333333333,13.0,42.83,4,0,SPECIAL EQUIPMENT,SOUTH VERTEX,LANG_02,One-Way,apple,Direct,Direct,Logged-Out,AREA_C,AREA_B,AREA_C_TO_AREA_B,CU,BE,8_14,high,unknown_or_oneway,Y,W,0,0.7493944657313764,32.09656496727485
76.0,316.58222800000004,8.4375,4,2,1,1,0,1,1,0,0,2,1,206.25,21.0,42.83,2,1,SPECIAL EQUIPMENT,UPPER APEX,LANG_02,Round-Trip,microsoft,Direct,Direct,Logged-Out,AREA_C,AREA_C,AREA_C_TO_AREA_C,CA,CE,61_120,very_high,9_14,Y,O,0,0.7489683137704559,32.07831287878862
76.0,48.3327984,8.215277777777779,3,2,0,0,1,1,0,1,0,2,1,201.08333333333334,15.0,42.83,6,1,SPECIAL EQUIPMENT,UPPER APEX,LANG_09,Round-Trip,google,Affiliate,Organic Search,Logged-In,AREA_C,AREA_C,AREA_C_TO_AREA_C,CA,CI,61_120,mid,9_14,Y,U,0,0.7487880174964072,32.07059078937112
65.0,156.9616708,4.46875,2,2,0,0,0,0,0,1,0,2,1,110.25,23.0,47.113,2,1,SPECIAL EQUIPMENT,UPPER APEX,LANG_09,Round-Trip,apple,Direct,Direct,Logged-In,AREA_C,AREA_B,AREA_C_TO_AREA_B,CA,BO,61_120,very_high,3_5,C,F,0,0.680516398964633,32.061169104420756
156.0,884.2613272,15.0,4,3,1,0,0,0,1,0,0,2,1,367.25,18.0,77.094,5,1,SPECIAL EQUIPMENT,UPPER APEX,LANG_09,Round-Trip,samsung,Direct,Direct,Logged-Out,AREA_C,AREA_B,AREA_C_TO_AREA_B,CA,BU,120_plus,very_high,15_30,Y,V,0,0.4157371374016964,32.05083887084638
37.0,134.1144356,11.239583333333334,2,2,0,0,0,0,0,1,0,2,1,270.3333333333333,12.0,42.83,2,1,SPECIAL EQUIPMENT,UPPER APEX,LANG_09,Round-Trip,apple,Direct,Affiliate,Logged-In,AREA_C,AREA_B,AREA_C_TO_AREA_B,CA,BI,31_60,very_high,9_14,Y,T,0,0.7475057509553414,32.01567131341727
29.0,66.7694002,5.947916666666667,2,2,0,0,0,0,0,0,0,2,1,143.33333333333334,10.0,42.83,4,1,SPECIAL EQUIPMENT,UPPER APEX,LANG_09,Round-Trip,google,Internal,Internal,Logged-Out,AREA_C,AREA_B,AREA_C_TO_AREA_B,CA,BI,15_30,high,6_8,Y,O,0,0.7467428652129687,31.98299691707145
155.0,38.9478888,7.322916666666667,4,4,0,0,0,0,0,1,0,2,1,176.75,21.0,42.83,3,1,SPECIAL EQUIPMENT,UPPER APEX,LANG_02,Round-Trip,apple,Direct,Direct,Logged-In,AREA_C,AREA_C,AREA_C_TO_AREA_C,CA,CE,120_plus,mid,6_8,Y,O,1,0.7462776163184986,31.963070306921296
101.0,75.8759148,4.190972222222222,2,2,0,0,0,0,0,1,0,2,1,105.66666666666667,22.0,42.83,3,1,SPECIAL EQUIPMENT,UPPER APEX,LANG_02,Round-Trip,apple,Direct,Direct,Logged-In,AREA_C,AREA_B,AREA_C_TO_AREA_B,CA,BI,61_120,high,3_5,Y,L,0,0.7461713692372046,31.958519744429474
21.0,250.9692378,6.4375,3,3,0,0,0,0,0,0,0,2,1,158.25,16.0,42.83,2,1,SPECIAL EQUIPMENT,UPPER APEX,LANG_09,Round-Trip,google,Paid Search,Paid Search,Logged-Out,AREA_C,AREA_C,AREA_C_TO_AREA_C,CA,CE,15_30,very_high,6_8,Y,O,0,0.7461069963237141,31.955762652544674
62.0,180.6774984,14.190972222222221,4,2,1,1,0,1,1,1,0,2,1,345.6666666666667,13.0,42.83,2,1,SPECIAL EQUIPMENT,UPPER APEX,LANG_09,Round-Trip,apple,Direct,Direct,Logged-In,AREA_C,AREA_B,AREA_C_TO_AREA_B,CA,BI,61_120,very_high,15_30,Y,W,0,0.745821449052766,31.943532662929968
35.0,334.82438160000004,7.4375,4,4,0,0,0,0,0,1,0,2,1,182.25,21.0,42.83,2,1,SPECIAL EQUIPMENT,UPPER APEX,LANG_09,Round-Trip,google,Paid Search,Paid Search,Logged-In,AREA_C,AREA_C,AREA_C_TO_AREA_C,CA,CE,31_60,very_high,6_8,Y,O,0,0.74570951844368,31.938738674942815
60.0,245.4612998,7.4375,5,2,1,2,0,1,1,0,0,2,1,182.25,13.0,42.83,3,1,SPECIAL EQUIPMENT,UPPER APEX,LANG_09,Round-Trip,mozilla,Direct,Direct,Logged-Out,AREA_C,AREA_C,AREA_C_TO_AREA_C,CA,CE,31_60,very_high,6_8,Y,O,0,0.7443647830242501,31.881143656928632
127.0,879.5226160000001,14.0,4,4,0,0,0,0,0,1,0,2,1,343.25,17.0,77.094,5,1,SPECIAL EQUIPMENT,UPPER APEX,LANG_09,Round-Trip,apple,Paid Search,Paid Search,Logged-In,AREA_C,AREA_B,AREA_C_TO_AREA_B,CA,BU,120_plus,very_high,9_14,Y,T,0,0.41343457266553174,31.8733249450765
21.0,286.798246,8.239583333333334,5,2,0,3,0,1,0,0,0,2,1,204.41666666666666,12.0,42.83,6,1,SPECIAL EQUIPMENT,UPPER APEX,LANG_09,Round-Trip,google,Paid Search,Paid Search,Logged-Out,AREA_C,AREA_B,AREA_C_TO_AREA_B,CA,BE,15_30,very_high,9_14,Y,U,0,0.7437563485595502,31.855084408805535
145.0,73.3832088,10.14236111111111,2,2,0,0,0,0,0,0,0,2,1,249.41666666666666,21.0,42.83,5,1,SPECIAL EQUIPMENT,UPPER APEX,LANG_09,Round-Trip,google,Paid Search,Paid Search,Logged-Out,AREA_C,AREA_B,AREA_C_TO_AREA_B,CA,BI,120_plus,high,9_14,Y,L,0,0.7429445261958866,31.82031405696982
36.0,50.4057704,6.506944444444445,2,2,0,0,0,0,0,0,0,2,1,158.16666666666666,18.0,42.83,3,1,SPECIAL EQUIPMENT,UPPER APEX,LANG_09,Round-Trip,mozilla,Direct,Paid Search,Logged-Out,AREA_C,AREA_C,AREA_C_TO_AREA_C,CA,CU,31_60,mid,6_8,Y,V,0,0.7428555162739352,31.816501762012642
117.0,294.1924172,6.46875,2,2,0,0,0,0,0,1,0,4,1,156.16666666666666,20.0,82.87605,4,0,SPECIAL EQUIPMENT,UPPER APEX,LANG_09,Round-Trip,apple,Direct,Direct,Logged-In,AREA_B,AREA_C,AREA_B_TO_AREA_C,BE,CA,61_120,very_high,6_8,Y,L,0,0.38361249193985897,31.792288062632352
14.0,49.56972880000001,4.385416666666667,2,2,0,0,0,0,0,0,0,2,1,107.25,10.0,85.66,5,1,SPECIAL EQUIPMENT,UPPER APEX,LANG_09,Round-Trip,google,Organic Search,Organic Search,Logged-Out,AREA_C,AREA_B,AREA_C_TO_AREA_B,CA,BE,8_14,mid,3_5,Y,W,0,0.37094182271474785,31.7748765337453
31.0,156.2686814,6.4375,2,2,0,0,0,0,0,0,0,2,1,158.25,20.0,42.83,3,1,SPECIAL EQUIPMENT,UPPER APEX,LANG_09,Round-Trip,google,Organic Search,Organic Search,Logged-Out,AREA_C,AREA_C,AREA_C_TO_AREA_C,CA,CE,31_60,very_high,6_8,Y,O,0,0.7414913129749348,31.758072934716456
4.0,59.076275599999995,,2,2,0,0,0,0,0,1,1,1,0,2.25,15.0,85.66,5,1,SPECIAL EQUIPMENT,UPPER APEX,LANG_02,Round-Trip,apple,Direct,Direct,Logged-In,AREA_C,AREA_B,AREA_C_TO_AREA_B,CA,BE,4_7,high,unknown_or_oneway,Y,U,0,0.37049118064571396,31.736274534111857
30.0,45.3800982,5.368055555555555,2,2,0,0,0,0,0,1,0,3,1,131.08333333333334,22.0,42.83,3,1,SPECIAL EQUIPMENT,UPPER APEX,LANG_02,Round-Trip,apple,Paid Search,Paid Search,Logged-In,AREA_C,AREA_B,AREA_C_TO_AREA_B,CA,BI,15_30,mid,6_8,Y,O,0,0.7409045482536896,31.732941801705522
35.0,118.8669556,4.791666666666667,2,2,0,0,0,0,0,0,0,2,1,115.58333333333333,20.0,42.83,5,1,SPECIAL EQUIPMENT,UPPER APEX,LANG_09,Round-Trip,google,Direct,Direct,Logged-Out,AREA_C,AREA_B,AREA_C_TO_AREA_B,CA,BI,31_60,very_high,3_5,Y,V,0,0.7397486736796202,31.68343569369813
5.0,1307.5180947,5.440972222222222,9,9,0,0,0,0,0,0,0,2,1,134.33333333333334,15.0,42.83,2,1,SPECIAL EQUIPMENT,UPPER APEX,LANG_09,Round-Trip,google,Email,Email,Logged-Out,AREA_C,AREA_C,AREA_C_TO_AREA_C,CA,CE,4_7,very_high,6_8,Y,K,0,0.7395318784549336,31.674150354224807
163.0,293.5328352,,2,2,0,0,0,0,0,0,0,2,1,374.75,20.0,41.438025,5,1,SPECIAL EQUIPMENT,LOWER ZENITH,LANG_02,Multi-City,apple,Paid Search,Paid Search,Logged-Out,AREA_C,AREA_C,AREA_C_TO_AREA_C,CA,CA,120_plus,very_high,unknown_or_oneway,Y,L,0,0.7636211135251537,31.64295079278316
46.0,100.7481524,11.253472222222221,2,2,0,0,0,0,0,0,0,2,1,276.75,10.0,42.83,6,1,SPECIAL EQUIPMENT,UPPER APEX,LANG_09,Round-Trip,google,Direct,Email,Logged-Out,AREA_C,AREA_B,AREA_C_TO_AREA_B,CA,BE,31_60,high,9_14,Y,O,0,0.7386496002717297,31.63636237963818
69.0,363.7500504,,4,4,0,0,0,0,0,0,0,2,1,-121.41666666666667,18.0,42.83,3,1,SPECIAL EQUIPMENT,UPPER APEX,LANG_09,Round-Trip,google,Direct,Direct,Logged-Out,AREA_C,AREA_C,AREA_C_TO_AREA_C,CA,CE,61_120,very_high,unknown_or_oneway,Y,W,0,0.7380756064391252,31.61177822378773
22.0,64.8583256,12.6875,1,1,0,0,0,0,0,1,0,4,1,307.1666666666667,22.0,39.4344376,2,0,SPECIAL EQUIPMENT,NEW MERIDIAN,LANG_02,Round-Trip,google,Paid Search,Paid Search,Logged-In,AREA_C,AREA_C,AREA_C_TO_AREA_C,CI,CE,15_30,high,9_14,Y,T,0,0.8013573896567437,31.60107797771775
135.0,50.9043116,4.517361111111111,2,2,0,0,0,0,0,1,0,2,1,110.5,18.0,47.113,4,1,SPECIAL EQUIPMENT,UPPER APEX,LANG_09,Round-Trip,google,Direct,Direct,Logged-In,AREA_C,AREA_B,AREA_C_TO_AREA_B,CA,BI,120_plus,mid,3_5,Y,O,0,0.6701600217394903,31.573249104212607
50.0,387.1198116,5.4375,4,2,1,1,0,1,1,0,0,2,1,134.25,18.0,42.83,3,1,SPECIAL EQUIPMENT,UPPER APEX,LANG_09,Round-Trip,google,Organic Search,Organic Search,Logged-Out,AREA_C,AREA_C,AREA_C_TO_AREA_C,CA,CE,31_60,very_high,6_8,Y,W,0,0.7368552373887832,31.559509817361583
119.0,533.935912,9.14236111111111,7,4,0,3,0,1,0,1,0,2,1,223.25,1.0,50.2841332,5,1,SPECIAL EQUIPMENT,UPPER APEX,LANG_09,Round-Trip,google,Direct,Paid Search,Logged-In,AREA_C,AREA_C,AREA_C_TO_AREA_C,CA,CE,61_120,very_high,9_14,Y,W,0,0.6271309499837089,31.534736222823355
75.0,451.38708320000006,8.36111111111111,2,2,0,0,0,0,0,0,0,2,1,207.91666666666666,20.0,77.094,5,1,SPECIAL EQUIPMENT,UPPER APEX,LANG_09,Round-Trip,microsoft,Paid Search,Paid Search,Logged-Out,AREA_C,AREA_B,AREA_C_TO_AREA_B,CA,BU,61_120,very_high,9_14,Y,Q,0,0.40863004971213557,31.502925052507376
20.0,68.18964299999999,,9,9,0,0,0,0,0,0,0,2,1,3.5833333333333335,12.0,42.83,4,0,SPECIAL EQUIPMENT,UPPER APEX,LANG_09,One-Way,opera,Direct,Affiliate,Logged-Out,AREA_C,AREA_B,AREA_C_TO_AREA_B,CU,BE,15_30,high,unknown_or_oneway,Y,O,0,0.7354606888773115,31.49978130461525
37.0,123.9388842,4.243055555555555,2,2,0,0,0,0,0,0,0,3,1,106.91666666666667,18.0,42.83,3,1,SPECIAL EQUIPMENT,UPPER APEX,LANG_02,Round-Trip,google,Direct,Direct,Logged-Out,AREA_C,AREA_B,AREA_C_TO_AREA_B,CA,BI,31_60,very_high,3_5,Y,L,0,0.7342622345498937,31.448451505771946
79.0,369.1265003,,2,1,1,0,0,0,1,0,0,2,1,156.91666666666666,8.0,65.0253626,4,1,SPECIAL EQUIPMENT,LOWER VERTEX,LANG_02,Multi-City,google,MetaSearches,Paid Search,Logged-Out,AREA_B,AREA_C,AREA_B_TO_AREA_C,BU,CA,61_120,very_high,unknown_or_oneway,Y,K,0,0.48298352554339113,31.406178878285367
263.0,68.0465908,5.177083333333333,2,2,0,0,0,0,0,1,0,2,1,127.5,19.0,42.83,4,1,SPECIAL EQUIPMENT,UPPER APEX,LANG_09,Round-Trip,google,Paid Search,Organic Search,Logged-In,AREA_C,AREA_C,AREA_C_TO_AREA_C,CA,CO,120_plus,high,6_8,Y,U,0,0.732907757537376,31.390439255325813
18.0,193.8425838,8.934027777777779,3,3,0,0,0,0,0,0,0,2,1,215.0,14.0,42.83,3,1,SPECIAL EQUIPMENT,UPPER APEX,LANG_02,Round-Trip,google,MetaSearches,MetaSearches,Logged-Out,AREA_C,AREA_B,AREA_C_TO_AREA_B,CA,BI,15_30,very_high,9_14,Y,U,0,0.7307574690305629,31.29834239857901
272.0,143.900234,7.475694444444445,2,2,0,0,0,0,0,1,1,2,1,182.25,18.0,50.2841332,5,1,SPECIAL EQUIPMENT,UPPER APEX,LANG_09,Round-Trip,google,Paid Search,Paid Search,Logged-In,AREA_C,AREA_C,AREA_C_TO_AREA_C,CA,CE,120_plus,very_high,6_8,Y,L,0,0.6224010745552451,31.296898536759073
63.0,36.9691428,5.097222222222222,2,2,0,0,0,0,0,0,0,2,1,124.0,18.0,42.83,5,1,SPECIAL EQUIPMENT,UPPER APEX,LANG_09,Round-Trip,apple,Direct,Direct,Logged-Out,AREA_C,AREA_C,AREA_C_TO_AREA_C,CA,CO,61_120,mid,6_8,Y,O,0,0.7301140971905397,31.27078678267081
37.0,590.856982,5.447916666666667,5,3,1,1,0,1,1,0,0,2,1,134.91666666666666,16.0,42.83,3,1,SPECIAL EQUIPMENT,UPPER APEX,LANG_09,Round-Trip,microsoft,Direct,Direct,Logged-Out,AREA_C,AREA_C,AREA_C_TO_AREA_C,CA,CE,31_60,very_high,6_8,Y,L,0,0.7294118069512655,31.2407076917227
54.0,118.861816,14.190972222222221,2,2,0,0,0,0,0,0,0,2,1,345.6666666666667,17.0,42.83,2,1,SPECIAL EQUIPMENT,UPPER APEX,LANG_09,Round-Trip,google,Direct,Direct,Logged-Out,AREA_C,AREA_B,AREA_C_TO_AREA_B,CA,BI,31_60,very_high,15_30,Y,W,0,0.7288300141063038,31.21578950417299
38.0,209.0759299,6.440972222222222,3,2,0,1,0,1,0,0,0,2,1,158.33333333333334,21.0,42.83,3,1,SPECIAL EQUIPMENT,UPPER APEX,LANG_09,Round-Trip,apple,Organic Search,Organic Search,Logged-Out,AREA_C,AREA_C,AREA_C_TO_AREA_C,CA,CE,31_60,very_high,6_8,Y,O,0,0.7287782149783311,31.21357094752192
123.0,83.2992104,8.510416666666666,2,2,0,0,0,0,0,1,1,2,1,205.83333333333334,16.0,42.83,2,1,SPECIAL EQUIPMENT,UPPER APEX,LANG_02,Round-Trip,google,Email,Paid Search,Logged-In,AREA_C,AREA_D,AREA_C_TO_AREA_D,CA,DA,120_plus,high,9_14,Y,O,1,0.7284797898561747,31.20078939953996
45.0,99.8230244,6.326388888888889,3,2,1,0,0,0,1,0,0,4,1,153.91666666666666,12.0,32.8369044,4,0,SPECIAL EQUIPMENT,LOWER ZENITH,LANG_02,Round-Trip,google,Direct,Direct,Logged-Out,AREA_C,AREA_B,AREA_C_TO_AREA_B,CE,BI,31_60,high,6_8,Y,S,0,0.9490553474861524,31.164039715711567
17.0,76.3633202,6.392361111111111,2,2,0,0,0,0,0,1,0,2,1,154.0,20.0,42.83,3,1,SPECIAL EQUIPMENT,UPPER APEX,LANG_09,Round-Trip,mozilla,Direct,Email,Logged-In,AREA_C,AREA_B,AREA_C_TO_AREA_B,CA,BI,15_30,high,6_8,Y,O,0,0.7270162282969801,31.138105057959656
13.0,127.1896812,3.3854166666666665,5,5,0,0,0,0,0,0,0,2,1,83.25,12.0,85.66,1,1,SPECIAL EQUIPMENT,UPPER APEX,LANG_09,Round-Trip,mozilla,Paid Search,Paid Search,Logged-Out,AREA_C,AREA_B,AREA_C_TO_AREA_B,CA,BE,8_14,very_high,3_5,Y,V,0,0.36334969924863364,31.124535237637957
22.0,75.9350202,5.086805555555555,2,2,0,0,0,0,0,1,0,2,1,122.66666666666667,19.0,42.83,4,1,SPECIAL EQUIPMENT,UPPER APEX,LANG_09,Round-Trip,google,Paid Search,Paid Search,Logged-In,AREA_C,AREA_B,AREA_C_TO_AREA_B,CA,BI,15_30,high,6_8,Y,O,0,0.7254131020076167,31.06944315898622
10.0,144.54439720000002,7.475694444444445,2,2,0,0,0,0,0,1,0,2,1,182.33333333333334,18.0,50.2841332,2,1,SPECIAL EQUIPMENT,UPPER VERTEX,LANG_10,Round-Trip,google,MetaSearches,Organic Search,Logged-In,AREA_C,AREA_C,AREA_C_TO_AREA_C,CA,CE,8_14,very_high,6_8,Y,L,0,0.6168309284470095,31.016808567909095
17.0,79.9824552,6.583333333333333,1,1,0,0,0,0,0,0,0,4,1,160.08333333333334,16.0,87.6336064,3,0,SPECIAL EQUIPMENT,LOWER ZENITH,LANG_02,Round-Trip,google,MetaSearches,MetaSearches,Logged-Out,AREA_C,AREA_B,AREA_C_TO_AREA_B,CE,BO,15_30,high,6_8,Y,T,0,0.3536174917918184,30.988776091839444
0.0,92.6918294,,3,3,0,0,0,0,0,0,0,2,1,3.75,15.0,42.83,3,0,SPECIAL EQUIPMENT,SOUTH VERTEX,LANG_09,One-Way,google,Direct,Direct,Logged-Out,AREA_C,AREA_B,AREA_C_TO_AREA_B,CU,BE,invalid_or_past,high,unknown_or_oneway,Y,S,0,0.723451252234179,30.985417133189888
100.0,139.1700888,4.256944444444445,2,2,0,0,0,0,0,1,0,3,1,107.25,12.0,42.83,3,1,SPECIAL EQUIPMENT,UPPER APEX,LANG_09,Round-Trip,apple,Direct,Direct,Logged-In,AREA_C,AREA_B,AREA_C_TO_AREA_B,CA,BI,61_120,very_high,3_5,Y,T,0,0.7232473707212956,30.97668488799309
6.0,443.5427686999999,7.302083333333333,2,2,0,0,0,0,0,1,1,2,1,191.66666666666666,22.0,57.8205,1,1,SPECIAL EQUIPMENT,UPPER APEX,LANG_02,Round-Trip,apple,Direct,Organic Search,Logged-In,AREA_C,AREA_B,AREA_C_TO_AREA_B,CA,BO,4_7,very_high,6_8,Y,T,0,0.535607425771619,30.9690891618279
16.0,176.36366080000002,7.4375,3,2,0,0,1,1,0,0,0,2,1,182.25,20.0,42.83,4,1,SPECIAL EQUIPMENT,UPPER APEX,LANG_09,Round-Trip,apple,Direct,Direct,Logged-Out,AREA_C,AREA_C,AREA_C_TO_AREA_C,CA,CE,15_30,very_high,6_8,Y,L,0,0.7227580761367398,30.955728400936565
128.0,74.0564964,7.239583333333333,2,2,0,0,0,0,0,1,0,2,1,178.58333333333334,13.0,38.547,3,1,SPECIAL EQUIPMENT,UPPER APEX,LANG_09,Round-Trip,apple,Direct,Direct,Logged-In,AREA_C,AREA_B,AREA_C_TO_AREA_B,CA,BI,120_plus,high,6_8,Y,L,0,0.8030552117321574,30.95536924663947
171.0,160.2253168,7.21875,4,2,0,2,0,1,0,0,0,2,1,177.16666666666666,23.0,42.83,6,1,SPECIAL EQUIPMENT,UPPER APEX,LANG_09,Round-Trip,apple,MetaSearches,MetaSearches,Logged-Out,AREA_C,AREA_C,AREA_C_TO_AREA_C,CA,CI,120_plus,very_high,6_8,Y,S,0,0.7217138909367593,30.9110059488214
65.0,172.1406228,7.4375,3,2,0,0,1,1,0,1,0,2,1,182.25,14.0,42.83,2,1,SPECIAL EQUIPMENT,UPPER APEX,LANG_02,Round-Trip,google,Paid Search,MetaSearches,Logged-In,AREA_C,AREA_C,AREA_C_TO_AREA_C,CA,CE,61_120,very_high,6_8,Y,L,0,0.7215705713294448,30.90486757004012
62.0,351.10106649999994,7.4375,2,2,0,0,0,0,0,0,0,2,1,182.25,16.0,42.83,2,1,SPECIAL EQUIPMENT,UPPER VERTEX,LANG_10,Round-Trip,apple,Direct,Organic Search,Logged-Out,AREA_C,AREA_C,AREA_C_TO_AREA_C,CA,CE,61_120,very_high,6_8,Y,K,0,0.7215622258507306,30.90451013318679
195.0,162.317134,9.131944444444445,2,2,0,0,0,0,0,0,0,2,1,225.16666666666666,19.0,42.83,2,1,SPECIAL EQUIPMENT,UPPER APEX,LANG_09,Round-Trip,google,Paid Search,Paid Search,Logged-Out,AREA_C,AREA_B,AREA_C_TO_AREA_B,CA,BI,120_plus,very_high,9_14,Y,V,0,0.7208603363806856,30.874448207184763
80.0,127.5537362,4.388888888888889,3,2,0,1,0,1,0,0,0,2,1,105.91666666666667,12.0,42.83,4,1,SPECIAL EQUIPMENT,UPPER APEX,LANG_09,Round-Trip,apple,Direct,Direct,Logged-Out,AREA_C,AREA_B,AREA_C_TO_AREA_B,CA,BI,61_120,very_high,3_5,Y,L,0,0.720030220461014,30.838894342345228
45.0,289.552215,9.239583333333334,5,3,0,2,0,1,0,0,0,2,1,228.41666666666666,17.0,42.83,6,1,SPECIAL EQUIPMENT,UPPER APEX,LANG_09,Round-Trip,apple,Direct,Direct,Logged-Out,AREA_C,AREA_B,AREA_C_TO_AREA_B,CA,BE,31_60,very_high,9_14,Y,O,0,0.7195881326676274,30.819959722154483
26.0,232.7737689,5.4375,3,2,0,1,0,1,0,0,0,2,1,134.25,9.0,42.83,2,1,SPECIAL EQUIPMENT,UPPER APEX,LANG_09,Round-Trip,google,Paid Search,Paid Search,Logged-Out,AREA_C,AREA_C,AREA_C_TO_AREA_C,CA,CE,15_30,very_high,6_8,Y,O,0,0.7192818517794278,30.80684171171289
108.0,387.4350404000001,22.0,2,2,0,0,0,0,0,0,0,2,1,535.25,21.0,77.094,5,1,SPECIAL EQUIPMENT,UPPER APEX,LANG_09,Round-Trip,microsoft,Paid Search,Paid Search,Logged-Out,AREA_C,AREA_B,AREA_C_TO_AREA_B,CA,BU,61_120,very_high,15_30,Y,W,0,0.3995384155783126,30.80201461059443
166.0,283.44894,12.17361111111111,3,2,1,0,0,0,1,1,1,2,1,295.1666666666667,11.0,47.113,4,1,SPECIAL EQUIPMENT,UPPER APEX,LANG_09,Round-Trip,apple,Direct,Direct,Logged-In,AREA_C,AREA_B,AREA_C_TO_AREA_B,CA,BO,120_plus,very_high,9_14,C,F,0,0.6535538721304902,30.790883577683786
129.0,86.08316040000001,8.17013888888889,2,2,0,0,0,0,0,0,0,2,1,199.08333333333334,7.0,44.9715,2,1,SPECIAL EQUIPMENT,UPPER APEX,LANG_09,Round-Trip,google,Email,Email,Logged-Out,AREA_C,AREA_B,AREA_C_TO_AREA_B,CA,BO,120_plus,high,9_14,Y,V,0,0.6844491570740138,30.78070526735401
65.0,125.6837784,4.190972222222222,4,3,1,0,0,0,1,0,0,2,1,105.66666666666667,12.0,42.83,3,1,SPECIAL EQUIPMENT,UPPER APEX,LANG_09,Round-Trip,google,Paid Search,Paid Search,Logged-Out,AREA_C,AREA_B,AREA_C_TO_AREA_B,CA,BI,61_120,very_high,3_5,Y,W,0,0.7181083274779658,30.756579665881276
30.0,124.7072544,4.236111111111111,3,3,0,0,0,0,0,0,0,2,1,102.25,14.0,42.83,5,1,SPECIAL EQUIPMENT,UPPER APEX,LANG_09,Round-Trip,google,Direct,Direct,Logged-Out,AREA_C,AREA_B,AREA_C_TO_AREA_B,CA,BI,15_30,very_high,3_5,Y,U,0,0.7162009435646295,30.67488641287308
43.0,106.8771254,4.666666666666667,3,2,0,1,0,1,0,0,0,2,1,117.08333333333333,19.0,42.83,4,1,SPECIAL EQUIPMENT,UPPER APEX,LANG_09,Round-Trip,google,Paid Search,Organic Search,Logged-Out,AREA_C,AREA_B,AREA_C_TO_AREA_B,CA,BI,31_60,very_high,3_5,Y,U,0,0.7156291570880614,30.65039679808167
97.0,53.3456216,10.128472222222221,3,2,0,0,1,1,0,0,0,2,1,245.25,17.0,42.83,3,1,SPECIAL EQUIPMENT,UPPER APEX,LANG_09,Round-Trip,apple,Direct,Organic Search,Logged-Out,AREA_C,AREA_B,AREA_C_TO_AREA_B,CA,BI,61_120,mid,9_14,Y,L,0,0.7154880233710232,30.644352040980923
6.0,128.5996448,,3,2,0,1,0,1,0,1,0,2,1,4.0,11.0,38.5174473,2,0,SPECIAL EQUIPMENT,NEW APEX,LANG_02,One-Way,apple,Direct,Direct,Logged-In,AREA_C,AREA_C,AREA_C_TO_AREA_C,CI,CI,4_7,very_high,unknown_or_oneway,Y,Q,0,0.7955562547027621,30.642796114699017
10.0,61.56255710000001,0.3020833333333333,2,2,0,0,0,0,0,1,1,5,1,8.833333333333334,10.0,45.935175,6,0,SPECIAL EQUIPMENT,LOWER ZENITH,LANG_02,Round-Trip,google,Paid Search,Paid Search,Logged-In,AREA_C,AREA_D,AREA_C_TO_AREA_D,CE,DA,8_14,high,1_2,Y,L,1,0.6665546591646867,30.61830491579524
32.0,107.7097406,4.958333333333333,2,2,0,0,0,0,0,1,0,2,1,120.66666666666667,13.0,42.83,4,1,SPECIAL EQUIPMENT,UPPER APEX,LANG_09,Round-Trip,google,Paid Search,Paid Search,Logged-In,AREA_C,AREA_C,AREA_C_TO_AREA_C,CA,CO,31_60,very_high,3_5,Y,L,0,0.714609930777529,30.606743335201564
164.0,630.0275868,15.0,3,2,1,0,0,0,1,0,0,2,1,367.25,15.0,68.8500816,1,1,SPECIAL EQUIPMENT,UPPER APEX,LANG_02,Round-Trip,apple,Direct,Direct,Logged-Out,AREA_C,AREA_B,AREA_C_TO_AREA_B,CA,BU,120_plus,very_high,15_30,Y,S,0,0.44450534314171575,30.604229146943126
31.0,63.311306,4.666666666666667,2,2,0,0,0,0,0,0,0,2,1,117.08333333333333,20.0,42.83,4,1,SPECIAL EQUIPMENT,UPPER APEX,LANG_09,Round-Trip,google,Direct,Paid Search,Logged-Out,AREA_C,AREA_B,AREA_C_TO_AREA_B,CA,BI,31_60,high,3_5,Y,L,0,0.7145511506867073,30.604225783911673
70.0,89.63805040000001,42.21527777777778,2,2,0,0,0,0,0,1,0,2,1,1017.0833333333334,13.0,42.83,6,1,SPECIAL EQUIPMENT,UPPER APEX,LANG_09,Round-Trip,samsung,Direct,Direct,Logged-In,AREA_C,AREA_C,AREA_C_TO_AREA_C,CA,CI,61_120,high,30_plus,Y,L,0,0.7144685973147876,30.600690022992353
24.0,35.8731231,,2,2,0,0,0,0,0,0,0,2,1,24.583333333333332,13.0,38.5174473,4,0,SPECIAL EQUIPMENT,GREAT ZENITH,LANG_02,One-Way,google,Paid Search,Organic Search,Logged-Out,AREA_C,AREA_C,AREA_C_TO_AREA_C,CI,CI,15_30,mid,unknown_or_oneway,Y,W,0,0.79382092024508,30.575955461177372
21.0,120.65211,4.097222222222222,3,3,0,0,0,0,0,1,0,2,1,100.0,22.0,42.83,4,1,SPECIAL EQUIPMENT,UPPER APEX,LANG_09,Round-Trip,google,Direct,Direct,Logged-In,AREA_C,AREA_C,AREA_C_TO_AREA_C,CA,CO,15_30,very_high,3_5,Y,U,0,0.7133526082116207,30.552892209703714
195.0,162.317134,9.131944444444445,2,2,0,0,0,0,0,1,0,2,1,225.16666666666666,19.0,42.83,2,1,SPECIAL EQUIPMENT,UPPER APEX,LANG_02,Round-Trip,google,Paid Search,MetaSearches,Logged-In,AREA_C,AREA_B,AREA_C_TO_AREA_B,CA,BI,120_plus,very_high,9_14,Y,V,0,0.7129866607669285,30.53721868064755
28.0,120.8885316,3.201388888888889,2,2,0,0,0,0,0,0,0,2,1,80.33333333333333,20.0,77.094,2,1,SPECIAL EQUIPMENT,UPPER APEX,LANG_02,Round-Trip,microsoft,Direct,Direct,Logged-Out,AREA_C,AREA_B,AREA_C_TO_AREA_B,CA,BA,15_30,very_high,3_5,Y,W,0,0.39461738598946633,30.422632755471916
146.0,690.3228042,13.0,3,2,1,0,0,0,1,1,0,2,1,319.25,20.0,77.094,5,1,SPECIAL EQUIPMENT,UPPER APEX,LANG_09,Round-Trip,google,Direct,Paid Search,Logged-In,AREA_C,AREA_B,AREA_C_TO_AREA_B,CA,BU,120_plus,very_high,9_14,Y,T,0,0.3945315751280439,30.416017252921414
97.0,48.1135088,9.51736111111111,2,2,0,0,0,0,0,0,0,2,1,230.41666666666666,19.0,42.83,2,1,SPECIAL EQUIPMENT,UPPER APEX,LANG_09,Round-Trip,google,Direct,Direct,Logged-Out,AREA_C,AREA_B,AREA_C_TO_AREA_B,CA,BI,61_120,mid,9_14,Y,O,1,0.7100730838108524,30.41243017961881
23.0,354.76945600000005,4.944444444444445,6,2,0,3,1,1,0,0,0,2,1,119.25,21.0,42.83,5,1,SPECIAL EQUIPMENT,UPPER APEX,LANG_09,Round-Trip,apple,Direct,Direct,Logged-Out,AREA_C,AREA_B,AREA_C_TO_AREA_B,CA,BI,15_30,very_high,3_5,Y,Q,0,0.7099276426923897,30.406200936515052
164.0,122.6899614,9.979166666666666,2,2,0,0,0,0,0,1,0,3,1,240.5,18.0,42.83,3,1,SPECIAL EQUIPMENT,UPPER APEX,LANG_09,Round-Trip,google,Organic Search,Organic Search,Logged-In,AREA_C,AREA_C,AREA_C_TO_AREA_C,CA,CE,120_plus,very_high,9_14,Y,O,0,0.7077155495422822,30.311456986895948
4.0,130.1466644,2.5104166666666665,2,2,0,0,0,0,0,1,0,2,1,61.833333333333336,11.0,64.245,5,1,SPECIAL EQUIPMENT,UPPER APEX,LANG_09,Round-Trip,samsung,Direct,Direct,Logged-In,AREA_C,AREA_D,AREA_C_TO_AREA_D,CA,DA,4_7,very_high,3_5,Y,K,0,0.4716328936409652,30.300055251963812
47.0,352.13969399999996,8.4375,7,4,0,3,0,1,0,0,0,2,1,206.25,19.0,42.83,3,1,SPECIAL EQUIPMENT,LOWER ZENITH,LANG_02,Round-Trip,apple,Direct,Direct,Logged-Out,AREA_C,AREA_C,AREA_C_TO_AREA_C,CA,CE,31_60,very_high,9_14,Y,O,0,0.7071781013185948,30.288438079475416
148.0,219.85067300000003,10.256944444444445,1,1,0,0,0,0,0,0,0,4,1,247.41666666666666,14.0,37.870286,1,0,SPECIAL EQUIPMENT,CENTRAL MERIDIAN,LANG_02,Round-Trip,samsung,Organic Search,Organic Search,Logged-Out,AREA_B,AREA_B,AREA_B_TO_AREA_B,BI,BO,120_plus,very_high,9_14,Y,Y,0,0.7991565639772631,30.26428763659625
164.0,149.3507798,7.361111111111111,2,2,0,0,0,0,0,1,0,2,1,191.83333333333334,10.0,57.8205,2,1,SPECIAL EQUIPMENT,UPPER APEX,LANG_09,Round-Trip,apple,Direct,Direct,Logged-In,AREA_C,AREA_B,AREA_C_TO_AREA_B,CA,BO,120_plus,very_high,6_8,Y,O,0,0.5233363161393834,30.259567467337217
20.0,277.8317855,4.892361111111111,5,4,1,0,0,0,1,0,0,2,1,118.91666666666667,19.0,42.83,5,1,SPECIAL EQUIPMENT,UPPER APEX,LANG_09,Round-Trip,google,Paid MetaSearches,Paid MetaSearches,Logged-Out,AREA_C,AREA_B,AREA_C_TO_AREA_B,CA,BI,15_30,very_high,3_5,Y,V,0,0.7064438670481286,30.256990825671345
58.0,81.8926732,4.496527777777778,2,2,0,0,0,0,0,1,0,2,1,108.5,16.0,42.83,5,1,SPECIAL EQUIPMENT,UPPER APEX,LANG_09,Round-Trip,apple,Direct,Email,Logged-In,AREA_C,AREA_B,AREA_C_TO_AREA_B,CA,BI,31_60,high,3_5,Y,V,0,0.7054254776098761,30.21337320603099
199.0,48.3011042,13.121527777777779,3,2,0,1,0,1,0,0,0,2,1,316.9166666666667,12.0,47.113,3,1,SPECIAL EQUIPMENT,UPPER APEX,LANG_02,Round-Trip,microsoft,Direct,Organic Search,Logged-Out,AREA_C,AREA_B,AREA_C_TO_AREA_B,CA,BI,120_plus,mid,9_14,Y,O,0,0.640494868928615,30.175634759833837
6.0,54.263896800000005,3.125,3,2,1,0,0,0,1,1,0,2,1,77.0,19.0,85.66,6,1,SPECIAL EQUIPMENT,UPPER APEX,LANG_09,Round-Trip,google,Direct,Direct,Logged-In,AREA_C,AREA_B,AREA_C_TO_AREA_B,CA,BE,4_7,high,3_5,Y,L,0,0.35221687410329633,30.170897435688364
43.0,273.0232614,9.39236111111111,3,3,0,0,0,0,0,1,0,4,1,228.08333333333334,21.0,37.9156858,4,0,SPECIAL EQUIPMENT,NEW MERIDIAN,LANG_02,Round-Trip,apple,Direct,Direct,Logged-In,AREA_C,AREA_D,AREA_C_TO_AREA_D,CI,DA,31_60,very_high,9_14,Y,L,1,0.7948146480698582,30.13594246545432
26.0,115.7540712,4.201388888888889,2,2,0,0,0,0,0,0,0,2,1,104.33333333333333,11.0,77.094,3,1,SPECIAL EQUIPMENT,UPPER APEX,LANG_09,Round-Trip,apple,Paid Search,Paid Search,Logged-Out,AREA_C,AREA_B,AREA_C_TO_AREA_B,CA,BA,15_30,very_high,3_5,Y,V,0,0.39083493280548154,30.13102830970579
17.0,107.8583607,7.114583333333333,1,1,0,0,0,0,0,0,0,4,1,172.08333333333334,18.0,33.5992784,1,0,SPECIAL EQUIPMENT,UPPER HORIZON,LANG_02,Round-Trip,apple,Paid Search,Paid Search,Logged-Out,AREA_C,AREA_B,AREA_C_TO_AREA_B,CI,BI,15_30,very_high,6_8,Y,T,0,0.8961459596276793,30.10985758456556
167.0,79.680932,4.506944444444445,2,2,0,0,0,0,0,1,1,2,1,109.75,14.0,44.4892342,4,1,SPECIAL EQUIPMENT,UPPER APEX,LANG_09,Round-Trip,apple,Direct,Direct,Logged-In,AREA_C,AREA_D,AREA_C_TO_AREA_D,CA,DA,120_plus,high,3_5,Y,O,0,0.6761471296858208,30.08126800625025
27.0,101.35205539999998,,2,2,0,0,0,0,0,0,0,1,0,3.8333333333333335,20.0,77.094,2,1,SPECIAL EQUIPMENT,NORTH HORIZON,LANG_02,Round-Trip,apple,Direct,Direct,Logged-Out,AREA_C,AREA_B,AREA_C_TO_AREA_B,CA,BA,15_30,high,unknown_or_oneway,Y,L,0,0.39015364693223087,30.078505256593406
16.0,55.0896592,2.9791666666666665,2,2,0,0,0,0,0,1,1,2,1,73.5,22.0,85.66,6,1,SPECIAL EQUIPMENT,UPPER APEX,LANG_02,Round-Trip,apple,Direct,Direct,Logged-In,AREA_C,AREA_B,AREA_C_TO_AREA_B,CA,BE,15_30,high,3_5,Y,L,0,0.3510438708182387,30.070417974290326
37.0,215.1449409,5.4375,3,2,1,0,0,0,1,0,0,2,1,134.25,17.0,42.83,3,1,SPECIAL EQUIPMENT,UPPER APEX,LANG_09,Round-Trip,google,MetaSearches,MetaSearches,Logged-Out,AREA_C,AREA_C,AREA_C_TO_AREA_C,CA,CE,31_60,very_high,6_8,Y,O,0,0.7013732679805836,30.039817067608396
45.0,60.760351199999995,,2,2,0,0,0,0,0,0,0,2,1,-55.0,20.0,85.66,5,1,SPECIAL EQUIPMENT,UPPER APEX,LANG_02,Round-Trip,google,Direct,Email,Logged-Out,AREA_C,AREA_B,AREA_C_TO_AREA_B,CA,BE,31_60,high,unknown_or_oneway,Y,T,0,0.35051758803419936,30.025336591009516
61.0,146.2486029,5.4375,2,2,0,0,0,0,0,0,0,2,1,134.25,9.0,42.83,3,1,SPECIAL EQUIPMENT,UPPER APEX,LANG_09,Round-Trip,mozilla,Email,Paid Search,Logged-Out,AREA_C,AREA_C,AREA_C_TO_AREA_C,CA,CE,61_120,very_high,6_8,Y,L,0,0.7003535277007422,29.996141591422788
1.0,131.7540743,,1,1,0,0,0,0,0,0,0,1,0,20.583333333333332,12.0,38.547,3,1,SPECIAL EQUIPMENT,UPPER APEX,LANG_09,One-Way,apple,Direct,Organic Search,Logged-Out,AREA_D,AREA_C,AREA_D_TO_AREA_C,DA,CA,0_3,very_high,unknown_or_oneway,C,I,0,0.7780916233945062,29.99309780698803
124.0,56.2687691,5.149305555555555,1,1,0,0,0,0,0,1,0,4,1,124.25,10.0,38.547,5,1,SPECIAL EQUIPMENT,UPPER VERTEX,LANG_02,Round-Trip,google,Paid Search,Organic Search,Logged-In,AREA_C,AREA_B,AREA_C_TO_AREA_B,CA,BI,120_plus,high,6_8,Y,O,0,0.7776349392347701,29.97549400268268
76.0,299.7945812,18.010416666666668,2,2,0,0,0,0,0,0,0,2,1,438.9166666666667,17.0,68.8500816,1,1,SPECIAL EQUIPMENT,UPPER APEX,LANG_09,Round-Trip,apple,Direct,MetaSearches,Logged-Out,AREA_C,AREA_B,AREA_C_TO_AREA_B,CA,BU,61_120,very_high,15_30,Y,L,0,0.43437074672094494,29.90646135638999
52.0,179.4517038,30.211805555555557,2,2,0,0,0,0,0,0,0,2,1,741.25,21.0,57.8205,2,1,SPECIAL EQUIPMENT,UPPER APEX,LANG_09,Round-Trip,google,Paid Search,Paid MetaSearches,Logged-Out,AREA_C,AREA_B,AREA_C_TO_AREA_B,CA,BO,31_60,very_high,30_plus,Y,U,0,0.5168661075971663,29.88545677432196
26.0,49.8678256,5.184027777777778,2,2,0,0,0,0,0,0,0,2,1,129.5,8.0,42.83,3,1,SPECIAL EQUIPMENT,UPPER APEX,LANG_09,Round-Trip,apple,Paid Search,Organic Search,Logged-Out,AREA_C,AREA_B,AREA_C_TO_AREA_B,CA,BI,15_30,mid,6_8,Y,O,0,0.6971879038773318,29.860557923066118
158.0,153.267155,,2,2,0,0,0,0,0,0,0,1,0,2.0,8.0,34.9287216,3,1,SPECIAL EQUIPMENT,UPPER APEX,LANG_02,One-Way,apple,MetaSearches,MetaSearches,Logged-Out,AREA_C,AREA_C,AREA_C_TO_AREA_C,CA,CU,120_plus,very_high,unknown_or_oneway,C,Z,0,0.8546989688671018,29.85354233536607
7.0,80.743116,9.131944444444445,2,2,0,0,0,0,0,0,0,2,1,225.16666666666666,16.0,42.83,3,1,SPECIAL EQUIPMENT,UPPER APEX,LANG_09,Round-Trip,apple,MetaSearches,MetaSearches,Logged-Out,AREA_C,AREA_B,AREA_C_TO_AREA_B,CA,BI,4_7,high,9_14,Y,W,0,0.6965672106662638,29.833973632836077
183.0,451.2037708,,3,2,0,1,0,1,0,1,0,2,1,-217.75,13.0,68.8500816,2,1,SPECIAL EQUIPMENT,UPPER APEX,LANG_09,Round-Trip,apple,Direct,Organic Search,Logged-In,AREA_C,AREA_B,AREA_C_TO_AREA_B,CA,BU,120_plus,very_high,unknown_or_oneway,Y,L,0,0.4329384635757991,29.807848544972394
337.0,160.8797592,7.131944444444445,2,2,0,0,0,0,0,1,1,2,1,177.16666666666666,17.0,42.83,3,1,SPECIAL EQUIPMENT,UPPER APEX,LANG_09,Round-Trip,apple,Direct,Direct,Logged-In,AREA_C,AREA_B,AREA_C_TO_AREA_B,CA,BI,120_plus,very_high,6_8,Y,K,0,0.6953348941482723,29.781193516370504
0.0,167.6027843,,1,1,0,0,0,0,0,0,0,2,1,29.833333333333332,13.0,38.1289792,3,0,SPECIAL EQUIPMENT,GREAT HORIZON,LANG_02,One-Way,google,MetaSearches,MetaSearches,Logged-Out,AREA_B,AREA_B,AREA_B_TO_AREA_B,BI,BU,invalid_or_past,very_high,unknown_or_oneway,Y,H,0,0.7808875840908734,29.774446451339166
170.0,101.59276,6.118055555555555,4,2,0,1,1,1,0,0,0,2,1,148.75,11.0,42.83,3,1,SPECIAL EQUIPMENT,UPPER APEX,LANG_09,Round-Trip,microsoft,Paid Search,Paid Search,Logged-Out,AREA_C,AREA_C,AREA_C_TO_AREA_C,CA,CE,120_plus,high,6_8,Y,L,0,0.6950843881481191,29.770464344383942
114.0,105.0611334,8.871527777777779,1,1,0,0,0,0,0,0,0,4,1,215.25,22.0,34.5055612,4,0,SPECIAL EQUIPMENT,OLD ZENITH,LANG_02,Round-Trip,apple,MetaSearches,MetaSearches,Logged-Out,AREA_B,AREA_B,AREA_B_TO_AREA_B,BU,BU,61_120,very_high,9_14,Y,S,0,0.8622516429572139,29.752476835860694
44.0,58.411553999999995,14.197916666666666,2,2,0,0,0,0,0,0,0,2,1,344.25,15.0,77.094,3,1,SPECIAL EQUIPMENT,UPPER APEX,LANG_09,Round-Trip,samsung,Direct,Direct,Logged-Out,AREA_C,AREA_B,AREA_C_TO_AREA_B,CA,BA,31_60,high,15_30,Y,O,0,0.3858827397465718,29.749243938022204
38.0,300.22116800000003,15.010416666666666,2,2,0,0,0,0,0,0,0,2,1,366.9166666666667,14.0,68.8500816,2,1,SPECIAL EQUIPMENT,UPPER APEX,LANG_09,Round-Trip,mozilla,Direct,Direct,Logged-Out,AREA_C,AREA_B,AREA_C_TO_AREA_B,CA,BU,31_60,very_high,15_30,Y,L,0,0.4319878607841918,29.742399465201046
28.0,122.0243832,3.125,3,3,0,0,0,0,0,0,0,2,1,77.0,20.0,85.66,5,1,SPECIAL EQUIPMENT,UPPER APEX,LANG_09,Round-Trip,microsoft,Direct,Direct,Logged-Out,AREA_C,AREA_B,AREA_C_TO_AREA_B,CA,BE,15_30,very_high,3_5,Y,Q,0,0.34704678118003673,29.728027275881946
60.0,234.89856520000004,,2,2,0,0,0,0,0,1,0,3,1,390.75,17.0,38.547,5,0,SPECIAL EQUIPMENT,UPPER APEX,LANG_09,Multi-City,apple,Direct,Affiliate,Logged-In,AREA_B,AREA_C,AREA_B_TO_AREA_C,BE,CA,31_60,very_high,unknown_or_oneway,Y,L,0,0.7706421939932872,29.705944651859237
15.0,79.9777439,,2,2,0,0,0,0,0,1,1,3,1,173.66666666666666,21.0,42.83,3,1,SPECIAL EQUIPMENT,UPPER MERIDIAN,LANG_02,Multi-City,other,Direct,Direct,Logged-In,AREA_C,AREA_C,AREA_C_TO_AREA_C,CU,CA,15_30,high,unknown_or_oneway,Y,V,0,0.6931929754316917,29.689455137739355
4.0,188.9599638,4.34375,3,3,0,0,0,0,0,0,0,2,1,105.75,11.0,42.83,3,1,SPECIAL EQUIPMENT,UPPER APEX,LANG_09,Round-Trip,apple,Direct,Direct,Logged-Out,AREA_C,AREA_B,AREA_C_TO_AREA_B,CA,BI,4_7,very_high,3_5,Y,V,0,0.6921157485420367,29.643317510055432
35.0,65.4939228,,3,3,0,0,0,0,0,0,0,1,0,2.75,11.0,42.7306344,4,1,SPECIAL EQUIPMENT,UPPER APEX,LANG_02,One-Way,google,Paid Search,Paid Search,Logged-Out,AREA_C,AREA_C,AREA_C_TO_AREA_C,CA,CI,31_60,high,unknown_or_oneway,Y,L,0,0.693296050369975,29.624980059323384
18.0,249.05645,3.1597222222222223,4,4,0,0,0,0,0,0,0,2,1,77.75,,85.66,6,1,SPECIAL EQUIPMENT,UPPER VERTEX,LANG_11,Round-Trip,google,Paid Search,Paid Search,Logged-Out,AREA_C,AREA_B,AREA_C_TO_AREA_B,CA,BE,15_30,very_high,3_5,Y,M,0,0.34581076065931216,29.622149758076677
21.0,1395.9479108,,2,2,0,0,0,0,0,0,0,1,0,20.583333333333332,12.0,38.547,2,1,SPECIAL EQUIPMENT,LOWER VERTEX,LANG_02,One-Way,apple,Direct,Direct,Logged-Out,AREA_D,AREA_C,AREA_D_TO_AREA_C,DA,CA,15_30,very_high,unknown_or_oneway,C,C,0,0.7684482796217558,29.62137583457982
62.0,81.6905156,3.7465277777777777,2,2,0,0,0,0,0,0,0,2,1,91.91666666666667,12.0,46.77036,6,1,SPECIAL EQUIPMENT,UPPER APEX,LANG_09,Round-Trip,google,Direct,Email,Logged-Out,AREA_C,AREA_C,AREA_C_TO_AREA_C,CA,CU,61_120,high,3_5,Y,O,0,0.6324834092661341,29.581476745404427
1.0,80.2736992,,2,2,0,0,0,0,0,1,0,2,1,10.5,18.0,36.0774222,3,0,SPECIAL EQUIPMENT,UPPER APEX,LANG_02,One-Way,apple,Direct,Direct,Logged-In,AREA_C,AREA_C,AREA_C_TO_AREA_C,CI,CI,0_3,high,unknown_or_oneway,Y,T,0,0.8197421923794896,29.57418516962847
50.0,214.8515554,,1,1,0,0,0,0,0,1,0,2,1,377.9166666666667,5.0,41.438025,4,1,SPECIAL EQUIPMENT,UPPER APEX,LANG_02,Multi-City,apple,Paid Search,Paid Search,Logged-In,AREA_C,AREA_C,AREA_C_TO_AREA_C,CA,CA,31_60,very_high,unknown_or_oneway,P,R,0,0.7132426045368542,29.55536487786328
106.0,188.6627236,12.225694444444445,4,2,1,1,0,1,1,0,0,2,1,298.5,10.0,42.83,3,1,SPECIAL EQUIPMENT,UPPER APEX,LANG_09,Round-Trip,google,Internal,Internal,Logged-Out,AREA_C,AREA_B,AREA_C_TO_AREA_B,CA,BO,61_120,very_high,9_14,Y,V,0,0.6900617505655914,29.55534477672428
23.0,103.6254718,4.388888888888889,2,2,0,0,0,0,0,1,0,2,1,105.91666666666667,22.0,42.83,4,1,SPECIAL EQUIPMENT,UPPER APEX,LANG_02,Round-Trip,apple,Direct,Direct,Logged-In,AREA_C,AREA_B,AREA_C_TO_AREA_B,CA,BI,15_30,very_high,3_5,Y,U,0,0.6899594473968768,29.55096313200823
46.0,76.1149062,3.3854166666666665,3,2,1,0,0,0,1,0,0,2,1,83.25,13.0,85.66,6,1,SPECIAL EQUIPMENT,UPPER APEX,LANG_09,Round-Trip,google,Paid Search,Paid Search,Logged-Out,AREA_C,AREA_B,AREA_C_TO_AREA_B,CA,BE,31_60,high,3_5,Y,O,0,0.34479762013795545,29.53536414101726
100.0,115.1081948,7.236111111111111,2,2,0,0,0,0,0,0,0,2,1,178.5,18.0,38.547,2,1,SPECIAL EQUIPMENT,UPPER APEX,LANG_02,Round-Trip,google,Direct,Partners,Logged-Out,AREA_C,AREA_B,AREA_C_TO_AREA_B,CA,BI,61_120,very_high,6_8,Y,V,0,0.766111779293221,29.531310756415788
66.0,116.2676029,5.4375,2,2,0,0,0,0,0,1,0,2,1,134.25,17.0,42.83,3,1,SPECIAL EQUIPMENT,UPPER APEX,LANG_02,Round-Trip,google,Organic Search,Organic Search,Logged-In,AREA_C,AREA_C,AREA_C_TO_AREA_C,CA,CE,61_120,very_high,6_8,Y,O,0,0.6891448181547636,29.516072561568524
29.0,122.5254942,4.385416666666667,2,2,0,0,0,0,0,1,0,2,1,105.83333333333333,19.0,42.83,5,1,SPECIAL EQUIPMENT,UPPER APEX,LANG_09,Round-Trip,apple,Direct,Direct,Logged-In,AREA_C,AREA_B,AREA_C_TO_AREA_B,CA,BI,15_30,very_high,3_5,Y,W,0,0.6889414661262612,29.507362994187766
102.0,41.6847258,5.236111111111111,1,1,0,0,0,0,0,0,0,3,1,127.83333333333333,17.0,43.6746076,4,0,SPECIAL EQUIPMENT,NEW MERIDIAN,LANG_02,Round-Trip,google,Direct,Paid Search,Logged-Out,AREA_C,AREA_B,AREA_C_TO_AREA_B,CI,BI,61_120,mid,6_8,Y,L,0,0.6750486886151195,29.482486586159933
196.0,368.911922,22.0,2,2,0,0,0,0,0,0,0,2,1,535.25,12.0,68.8500816,1,1,SPECIAL EQUIPMENT,UPPER APEX,LANG_02,Round-Trip,google,Organic Search,Referrals,Logged-Out,AREA_C,AREA_B,AREA_C_TO_AREA_B,CA,BU,120_plus,very_high,15_30,Y,V,0,0.42820064951041387,29.481649659964994
5.0,91.253598,4.760416666666667,2,2,0,0,0,0,0,1,0,2,1,116.16666666666667,13.0,42.83,6,1,SPECIAL EQUIPMENT,UPPER APEX,LANG_02,Round-Trip,apple,Direct,Direct,Logged-In,AREA_C,AREA_C,AREA_C_TO_AREA_C,CA,CE,4_7,high,3_5,Y,S,0,0.6882373610583371,29.477206174128575
59.0,469.5127392,14.0,2,2,0,0,0,0,0,1,0,2,1,343.25,22.0,77.094,4,1,SPECIAL EQUIPMENT,UPPER APEX,LANG_09,Round-Trip,google,Paid Search,MetaSearches,Logged-In,AREA_C,AREA_B,AREA_C_TO_AREA_B,CA,BU,31_60,very_high,9_14,Y,S,0,0.3822222636584153,29.467043194481864
20.0,368.2806078,9.4375,5,3,0,2,0,1,0,0,0,2,1,230.25,22.0,42.83,2,1,SPECIAL EQUIPMENT,UPPER APEX,LANG_09,Round-Trip,google,Paid Search,Organic Search,Logged-Out,AREA_C,AREA_C,AREA_C_TO_AREA_C,CA,CE,15_30,very_high,9_14,Y,O,0,0.687846874769783,29.460481646389805
120.0,391.1124242,8.208333333333334,4,4,0,0,0,0,0,0,0,4,1,199.33333333333334,17.0,34.5055612,4,0,SPECIAL EQUIPMENT,OLD ZENITH,LANG_02,Round-Trip,google,Paid Search,Paid Search,Logged-Out,AREA_B,AREA_B,AREA_B_TO_AREA_B,BU,BU,61_120,very_high,9_14,Y,S,0,0.853716515987615,29.45796748986143
59.0,53.7443689,7.34375,1,1,0,0,0,0,0,0,0,4,1,178.33333333333334,13.0,42.6963704,3,0,SPECIAL EQUIPMENT,NORTH HORIZON,LANG_02,Round-Trip,microsoft,Paid Search,Organic Search,Logged-Out,AREA_C,AREA_C,AREA_C_TO_AREA_C,CE,CU,31_60,mid,6_8,Y,T,0,0.6897161423293698,29.448375883753894
136.0,444.7629954,17.0,3,2,1,0,0,0,1,0,0,2,1,415.25,13.0,77.094,5,1,SPECIAL EQUIPMENT,UPPER APEX,LANG_09,Round-Trip,google,MetaSearches,MetaSearches,Logged-Out,AREA_C,AREA_B,AREA_C_TO_AREA_B,CA,BU,120_plus,very_high,15_30,Y,W,0,0.3819028169638081,29.44241577100782
75.0,147.4928144,3.15625,5,3,0,1,1,1,0,0,0,2,1,77.66666666666667,12.0,85.66,5,1,SPECIAL EQUIPMENT,UPPER APEX,LANG_09,Round-Trip,microsoft,Direct,Direct,Logged-Out,AREA_C,AREA_B,AREA_C_TO_AREA_B,CA,BE,61_120,very_high,3_5,Y,O,0,0.34368344354146757,29.43992377376211
64.0,218.514377,7.170138888888889,2,2,0,0,0,0,0,0,0,2,1,175.08333333333334,15.0,47.113,1,1,SPECIAL EQUIPMENT,LOWER VERTEX,LANG_02,Round-Trip,microsoft,Direct,Direct,Logged-Out,AREA_C,AREA_B,AREA_C_TO_AREA_B,CA,BO,61_120,very_high,6_8,C,Z,0,0.6247401549697938,29.433382921091898
315.0,291.8025032,10.23611111111111,1,1,0,0,0,0,0,0,1,2,1,266.25,21.0,38.547,3,1,SPECIAL EQUIPMENT,UPPER APEX,LANG_02,Round-Trip,apple,Direct,Direct,Logged-Out,AREA_C,AREA_D,AREA_C_TO_AREA_D,CA,DA,120_plus,very_high,9_14,P,R,1,0.7624563511021919,29.390404965936188
18.0,135.3376604,4.090277777777778,2,2,0,0,0,0,0,1,0,2,1,98.75,22.0,42.83,4,1,SPECIAL EQUIPMENT,UPPER APEX,LANG_09,Round-Trip,apple,Direct,Direct,Logged-In,AREA_C,AREA_B,AREA_C_TO_AREA_B,CA,BI,15_30,very_high,3_5,Y,S,0,0.6862054256205427,29.39017837932784
48.0,111.1678348,,3,2,0,1,0,1,0,0,0,2,1,5.833333333333333,11.0,32.8767363,3,0,SPECIAL EQUIPMENT,UPPER MERIDIAN,LANG_02,One-Way,google,MetaSearches,MetaSearches,Logged-Out,AREA_B,AREA_C,AREA_B_TO_AREA_C,BA,CE,31_60,very_high,unknown_or_oneway,Y,Q,0,0.893324812744531,29.369604298848824
1.0,140.8027684,6.381944444444445,2,1,1,0,0,0,1,0,0,4,1,155.0,9.0,43.2617264,4,0,SPECIAL EQUIPMENT,SOUTH VERTEX,LANG_02,Round-Trip,apple,Direct,Direct,Logged-Out,AREA_C,AREA_B,AREA_C_TO_AREA_B,CU,BO,0_3,very_high,6_8,Y,S,0,0.6784588257992662,29.351300095393118
35.0,142.5656512,8.09375,4,3,1,0,0,0,1,0,0,2,1,195.91666666666666,8.0,42.83,2,1,SPECIAL EQUIPMENT,UPPER APEX,LANG_02,Round-Trip,microsoft,MetaSearches,MetaSearches,Logged-Out,AREA_C,AREA_C,AREA_C_TO_AREA_C,CA,CO,31_60,very_high,9_14,Y,U,0,0.6852478243143686,29.349164315384407
64.0,119.0254266,16.475694444444443,2,2,0,0,0,0,0,0,0,2,1,398.3333333333333,21.0,50.2841332,5,1,SPECIAL EQUIPMENT,UPPER APEX,LANG_09,Round-Trip,microsoft,Direct,Organic Search,Logged-Out,AREA_C,AREA_C,AREA_C_TO_AREA_C,CA,CE,61_120,very_high,15_30,Y,O,0,0.5835649251579859,29.34405642749219
233.0,155.4103682,11.753472222222221,4,2,0,2,0,1,0,0,0,4,1,283.6666666666667,19.0,42.6021444,5,0,SPECIAL EQUIPMENT,NORTH ZENITH,LANG_06,Round-Trip,microsoft,Paid Search,Paid Search,Logged-Out,AREA_B,AREA_B,AREA_B_TO_AREA_B,BI,BI,120_plus,very_high,9_14,Y,V,0,0.6876869495734239,29.296938727722523
140.0,125.0610302,7.069444444444445,2,2,0,0,0,0,0,0,0,4,1,171.75,14.0,37.6424304,5,0,SPECIAL EQUIPMENT,LOWER ZENITH,LANG_02,Round-Trip,microsoft,Direct,Paid Search,Logged-Out,AREA_C,AREA_B,AREA_C_TO_AREA_B,CE,BU,120_plus,very_high,6_8,Y,W,0,0.7772632304399099,29.25807705431347
56.0,82.6139304,6.072916666666667,2,2,0,0,0,0,0,0,0,5,1,147.83333333333334,10.0,37.6424304,5,0,SPECIAL EQUIPMENT,LOWER ZENITH,LANG_02,Round-Trip,google,Direct,Paid Search,Logged-Out,AREA_C,AREA_B,AREA_C_TO_AREA_B,CE,BU,31_60,high,6_8,Y,O,0,0.7768335326235469,29.241902184167998
146.0,608.4703912,16.0,2,2,0,0,0,0,0,0,0,2,1,391.25,11.0,68.8500816,1,1,SPECIAL EQUIPMENT,UPPER APEX,LANG_09,Round-Trip,google,Paid Search,MetaSearches,Logged-Out,AREA_C,AREA_B,AREA_C_TO_AREA_B,CA,BU,120_plus,very_high,15_30,Y,H,0,0.4244315715134343,29.222148332316184
145.0,92.761214,8.805555555555555,2,2,0,0,0,0,0,1,0,2,1,214.83333333333334,9.0,77.094,3,1,SPECIAL EQUIPMENT,UPPER APEX,LANG_09,Round-Trip,other,Direct,Direct,Logged-In,AREA_C,AREA_B,AREA_C_TO_AREA_B,CA,BA,120_plus,high,9_14,Y,S,0,0.37882727682783207,29.20531007976488
75.0,393.5875698999999,0.3645833333333333,2,2,0,0,0,0,0,1,0,2,1,10.916666666666666,14.0,76.224551,5,0,SPECIAL EQUIPMENT,NORTH ZENITH,LANG_06,Round-Trip,apple,Direct,Direct,Logged-In,AREA_C,AREA_B,AREA_C_TO_AREA_B,CI,BU,61_120,very_high,1_2,Y,E,0,0.3829196349847127,29.18787724579362
73.0,591.9941185,,5,5,0,0,0,0,0,0,0,2,1,-368.0,11.0,38.547,1,1,SPECIAL EQUIPMENT,UPPER APEX,LANG_09,Round-Trip,google,Paid Search,Paid Search,Logged-Out,AREA_C,AREA_D,AREA_C_TO_AREA_D,CA,DA,61_120,very_high,unknown_or_oneway,Y,O,0,0.7563254685491829,29.154077836165353
23.0,116.5597035,,4,4,0,0,0,0,0,0,0,1,0,2.75,17.0,42.7306344,4,1,SPECIAL EQUIPMENT,NEW MERIDIAN,LANG_10,One-Way,google,Direct,Paid Search,Logged-Out,AREA_C,AREA_C,AREA_C_TO_AREA_C,CA,CI,15_30,very_high,unknown_or_oneway,Y,W,1,0.6817955520075529,29.13355646838093
56.0,50.076836,7.1875,2,2,0,0,0,0,0,1,0,2,1,177.58333333333334,14.0,42.83,6,1,SPECIAL EQUIPMENT,UPPER APEX,LANG_02,Round-Trip,google,Email,MetaSearches,Logged-In,AREA_C,AREA_B,AREA_C_TO_AREA_B,CA,BO,31_60,mid,6_8,Y,O,0,0.6799205068505747,29.120995308410112
24.0,53.777348,4.690972222222222,2,1,1,0,0,0,1,0,0,4,1,114.66666666666667,20.0,43.746562,5,0,SPECIAL EQUIPMENT,WEST APEX,LANG_02,Round-Trip,google,Organic Search,Organic Search,Logged-Out,AREA_C,AREA_C,AREA_C_TO_AREA_C,CE,CI,15_30,mid,3_5,Y,V,0,0.665175991926745,29.09916277173485
50.0,83.1433092,4.392361111111111,2,2,0,0,0,0,0,0,0,2,1,106.0,11.0,42.83,3,1,SPECIAL EQUIPMENT,UPPER APEX,LANG_09,Round-Trip,mozilla,Direct,Direct,Logged-Out,AREA_C,AREA_B,AREA_C_TO_AREA_B,CA,BI,31_60,high,3_5,Y,L,0,0.6790490797876964,29.083672087307033
27.0,53.37131959999999,5.15625,2,2,0,0,0,0,0,0,0,2,1,125.66666666666667,11.0,85.66,4,1,SPECIAL EQUIPMENT,UPPER APEX,LANG_09,Round-Trip,google,Paid Search,Paid Search,Logged-Out,AREA_C,AREA_B,AREA_C_TO_AREA_B,CA,BE,15_30,mid,6_8,Y,O,0,0.33920555098329475,29.056347497229027
119.0,94.0444008,3.513888888888889,4,4,0,0,0,0,0,0,0,2,1,86.25,21.0,42.83,3,1,SPECIAL EQUIPMENT,UPPER APEX,LANG_02,Round-Trip,apple,MetaSearches,MetaSearches,Logged-Out,AREA_C,AREA_B,AREA_C_TO_AREA_B,CA,BI,61_120,high,3_5,Y,L,0,0.678102567686755,29.043132974023717
16.0,72.8692488,4.513888888888889,2,2,0,0,0,0,0,0,0,2,1,110.25,11.0,42.83,4,1,SPECIAL EQUIPMENT,UPPER APEX,LANG_09,Round-Trip,apple,Direct,Direct,Logged-Out,AREA_C,AREA_B,AREA_C_TO_AREA_B,CA,BI,15_30,high,3_5,Y,U,0,0.6780602789424125,29.041321747103527
16.0,577.4481939,5.236111111111111,1,1,0,0,0,0,0,1,1,2,1,140.08333333333334,12.0,38.547,3,1,SPECIAL EQUIPMENT,UPPER APEX,LANG_02,Round-Trip,google,Direct,Direct,Logged-In,AREA_C,AREA_B,AREA_C_TO_AREA_B,CA,BI,15_30,very_high,6_8,C,F,0,0.75286341136898,29.02062591804007
13.0,520.7751096,7.236111111111111,2,2,0,0,0,0,0,1,1,2,1,194.25,19.0,38.547,3,1,SPECIAL EQUIPMENT,UPPER APEX,LANG_09,Round-Trip,apple,Direct,Direct,Logged-In,AREA_C,AREA_D,AREA_C_TO_AREA_D,CA,DA,8_14,very_high,6_8,P,A,0,0.752359134656331,29.001187563597586
48.0,76.2356868,3.798611111111111,2,2,0,0,0,0,0,0,0,2,1,93.58333333333333,20.0,42.83,6,1,SPECIAL EQUIPMENT,UPPER APEX,LANG_09,Round-Trip,apple,Direct,Direct,Logged-Out,AREA_C,AREA_C,AREA_C_TO_AREA_C,CA,CU,31_60,high,3_5,Y,U,0,0.6767702794912045,28.986071070608286
87.0,378.557238,14.427083333333334,4,4,0,0,0,0,0,0,0,2,1,350.0833333333333,17.0,50.2841332,5,1,SPECIAL EQUIPMENT,UPPER APEX,LANG_09,Round-Trip,mozilla,Paid Search,Paid MetaSearches,Logged-Out,AREA_C,AREA_C,AREA_C_TO_AREA_C,CA,CE,61_120,very_high,15_30,Y,V,0,0.5763473491401376,28.981126873629584
46.0,317.68724199999997,,2,2,0,0,0,0,0,0,0,2,1,545.9166666666666,20.0,41.438025,1,1,SPECIAL EQUIPMENT,UPPER APEX,LANG_09,Multi-City,google,Direct,Paid Search,Logged-Out,AREA_C,AREA_C,AREA_C_TO_AREA_C,CA,CA,31_60,very_high,unknown_or_oneway,Y,W,0,0.6984122034362038,28.940822346294503
66.0,106.3520296,7.184027777777778,4,4,0,0,0,0,0,1,0,2,1,177.5,10.0,42.83,3,1,SPECIAL EQUIPMENT,UPPER APEX,LANG_02,Round-Trip,apple,Direct,Direct,Logged-In,AREA_C,AREA_B,AREA_C_TO_AREA_B,CA,BO,61_120,very_high,6_8,Y,U,0,0.6755166313773621,28.932377321892417
124.0,158.20374080000002,5.15625,4,2,1,1,0,1,1,0,0,2,1,128.83333333333334,16.0,42.83,3,1,SPECIAL EQUIPMENT,UPPER APEX,LANG_02,Round-Trip,google,Direct,Direct,Logged-Out,AREA_C,AREA_B,AREA_C_TO_AREA_B,CA,BO,120_plus,very_high,6_8,Y,V,0,0.6753989549509615,28.92733724054968
181.0,55.0074256,10.51736111111111,2,2,0,0,0,0,0,0,0,2,1,254.75,15.0,72.275625,6,1,SPECIAL EQUIPMENT,UPPER APEX,LANG_09,Round-Trip,apple,Paid MetaSearches,Paid MetaSearches,Logged-Out,AREA_C,AREA_C,AREA_C_TO_AREA_C,CA,CU,120_plus,high,9_14,Y,O,0,0.40012290625667407,28.91913312651753
66.0,503.4803556,14.0,2,2,0,0,0,0,0,1,0,2,1,343.25,12.0,77.094,1,1,SPECIAL EQUIPMENT,UPPER APEX,LANG_09,Round-Trip,google,Organic Search,Paid Search,Logged-In,AREA_C,AREA_B,AREA_C_TO_AREA_B,CA,BU,61_120,very_high,9_14,Y,S,0,0.3748378334583135,28.89774793263522
42.0,39.480694,6.288194444444445,2,2,0,0,0,0,0,0,0,2,1,152.83333333333334,15.0,85.66,3,1,SPECIAL EQUIPMENT,UPPER APEX,LANG_09,Round-Trip,google,Paid Search,Paid Search,Logged-Out,AREA_C,AREA_B,AREA_C_TO_AREA_B,CA,BE,31_60,mid,6_8,Y,W,0,0.33720283530999645,28.884794872654293
32.0,103.4421594,2.3854166666666665,3,3,0,0,0,0,0,1,0,2,1,59.25,22.0,85.66,5,1,SPECIAL EQUIPMENT,UPPER APEX,LANG_02,Round-Trip,google,Paid Search,Email,Logged-In,AREA_C,AREA_B,AREA_C_TO_AREA_B,CA,BE,31_60,very_high,3_5,Y,V,0,0.3371033018911979,28.876268840000012
36.0,26.2543617,8.26388888888889,1,1,0,0,0,0,0,0,0,4,1,200.25,17.0,69.8574432,6,0,SPECIAL EQUIPMENT,NEW MERIDIAN,LANG_02,Round-Trip,apple,Paid Search,Paid Search,Logged-Out,AREA_C,AREA_B,AREA_C_TO_AREA_B,CU,BO,31_60,low,9_14,Y,O,0,0.4132432879362242,28.86811951478603
299.0,38.228344799999995,7.274305555555555,2,2,0,0,0,0,0,0,0,2,1,176.41666666666666,15.0,42.83,3,1,SPECIAL EQUIPMENT,UPPER APEX,LANG_09,Round-Trip,google,Direct,Direct,Logged-Out,AREA_C,AREA_C,AREA_C_TO_AREA_C,CA,CE,120_plus,mid,6_8,Y,U,0,0.6735902434753968,28.849870128051244
166.0,90.3657321,7.277777777777778,1,1,0,0,0,0,0,1,0,2,1,188.08333333333334,18.0,38.547,2,1,SPECIAL EQUIPMENT,UPPER VERTEX,LANG_11,Round-Trip,apple,Direct,Direct,Logged-In,AREA_C,AREA_B,AREA_C_TO_AREA_B,CA,BI,120_plus,high,6_8,Y,U,0,0.7478138212423218,28.825979367427774
6.0,106.9190988,3.125,2,2,0,0,0,0,0,0,0,2,1,77.08333333333333,11.0,48.18375,6,1,SPECIAL EQUIPMENT,UPPER APEX,LANG_09,Round-Trip,google,Direct,Direct,Logged-Out,AREA_C,AREA_C,AREA_C_TO_AREA_C,CA,CI,4_7,very_high,3_5,Y,V,0,0.5981201810679371,28.819673274532214
48.0,114.193346,7.267361111111111,3,2,0,0,1,1,0,0,0,2,1,181.08333333333334,21.0,42.83,6,1,SPECIAL EQUIPMENT,UPPER APEX,LANG_09,Round-Trip,google,Paid Search,Paid Search,Logged-Out,AREA_C,AREA_B,AREA_C_TO_AREA_B,CA,BE,31_60,very_high,6_8,Y,O,0,0.6724047469287497,28.79909531095835
63.0,47.4145232,7.190972222222222,2,2,0,0,0,0,0,1,0,2,1,177.66666666666666,2.0,42.83,3,1,SPECIAL EQUIPMENT,UPPER APEX,LANG_09,Round-Trip,google,Paid Search,Affiliate,Logged-In,AREA_C,AREA_B,AREA_C_TO_AREA_B,CA,BI,61_120,mid,6_8,Y,O,0,0.6716775323994973,28.76794871267047
40.0,285.56302880000004,,2,2,0,0,0,0,0,0,0,2,1,402.9166666666667,11.0,41.438025,5,1,SPECIAL EQUIPMENT,UPPER APEX,LANG_09,Multi-City,microsoft,Direct,Direct,Logged-Out,AREA_C,AREA_C,AREA_C_TO_AREA_C,CA,CA,31_60,very_high,unknown_or_oneway,Y,W,0,0.6941894873257903,28.765841330543285
57.0,70.0596008,2.4409722222222223,4,4,0,0,0,0,0,0,0,4,1,59.583333333333336,18.0,49.2545,6,0,SPECIAL EQUIPMENT,UPPER APEX,LANG_09,Round-Trip,google,Direct,Direct,Logged-Out,AREA_B,AREA_C,AREA_B_TO_AREA_C,BE,CU,31_60,high,3_5,Y,U,0,0.5838695721472017,28.758203841324345
37.0,63.3489964,4.666666666666667,2,2,0,0,0,0,0,0,0,2,1,117.08333333333333,13.0,42.83,4,1,SPECIAL EQUIPMENT,UPPER APEX,LANG_09,Round-Trip,mozilla,Direct,Direct,Logged-Out,AREA_C,AREA_B,AREA_C_TO_AREA_B,CA,BI,31_60,high,3_5,Y,L,0,0.6713284287203316,28.7529966020918
120.0,141.1132859,7.072916666666667,2,2,0,0,0,0,0,0,0,4,1,172.08333333333334,19.0,34.5055612,5,0,SPECIAL EQUIPMENT,OLD ZENITH,LANG_02,Round-Trip,google,Direct,Paid Search,Logged-Out,AREA_B,AREA_B,AREA_B_TO_AREA_B,BU,BU,61_120,very_high,6_8,Y,S,0,0.8332804549375201,28.752809734610445
0.0,122.0046814,,3,3,0,0,0,0,0,0,0,2,1,22.75,22.0,31.9875855,3,0,SPECIAL EQUIPMENT,SOUTH VERTEX,LANG_02,One-Way,apple,MetaSearches,MetaSearches,Logged-Out,AREA_C,AREA_C,AREA_C_TO_AREA_C,CU,CU,invalid_or_past,very_high,unknown_or_oneway,Y,S,1,0.8983297589621139,28.73539997199501
227.0,298.20301839999996,7.138888888888889,4,4,0,0,0,0,0,1,0,4,1,173.41666666666666,21.0,37.6424304,5,0,SPECIAL EQUIPMENT,LOWER ZENITH,LANG_02,Round-Trip,google,Paid Search,Paid Search,Logged-In,AREA_C,AREA_B,AREA_C_TO_AREA_B,CE,BU,120_plus,very_high,6_8,Y,S,0,0.7629889470690591,28.720758336016342
33.0,109.640517,7.517361111111111,5,3,2,0,0,0,1,0,0,2,1,182.58333333333334,20.0,35.33475,6,1,SPECIAL EQUIPMENT,UPPER APEX,LANG_09,Round-Trip,samsung,Direct,Direct,Logged-Out,AREA_C,AREA_B,AREA_C_TO_AREA_B,CA,BI,31_60,very_high,6_8,Y,O,1,0.8120073018877534,28.692075010378293
47.0,141.5655707,6.072916666666667,3,2,1,0,0,0,1,0,0,4,1,148.08333333333334,9.0,34.5055612,5,0,SPECIAL EQUIPMENT,OLD ZENITH,LANG_02,Round-Trip,google,Organic Search,MetaSearches,Logged-Out,AREA_B,AREA_B,AREA_B_TO_AREA_B,BU,BU,31_60,very_high,6_8,Y,O,0,0.831496544321489,28.69125489767365
107.0,224.0360206,4.128472222222222,7,7,0,0,0,0,0,1,0,2,1,101.25,16.0,47.113,4,1,SPECIAL EQUIPMENT,UPPER APEX,LANG_09,Round-Trip,opera,Paid Search,Paid Search,Logged-In,AREA_C,AREA_B,AREA_C_TO_AREA_B,CA,BI,61_120,very_high,3_5,Y,U,0,0.608756647983299,28.680351956437164
70.0,56.4687852,,2,2,0,0,0,0,0,0,0,1,0,3.5833333333333335,9.0,42.83,3,1,SPECIAL EQUIPMENT,UPPER APEX,LANG_09,Round-Trip,apple,Paid Search,Paid Search,Logged-Out,AREA_C,AREA_B,AREA_C_TO_AREA_B,CA,BI,61_120,high,unknown_or_oneway,Y,L,0,0.6695270411616089,28.67584317295171
52.0,277.0578474,,2,2,0,0,0,0,0,1,0,2,1,-169.91666666666666,10.0,38.547,1,1,SPECIAL EQUIPMENT,UPPER APEX,LANG_09,Round-Trip,google,Paid Search,Paid Search,Logged-In,AREA_C,AREA_D,AREA_C_TO_AREA_D,CA,DA,31_60,very_high,unknown_or_oneway,Y,O,0,0.7437515000631494,28.669389072934216
168.0,152.2640764,6.232638888888889,2,2,0,0,0,0,0,0,0,4,1,151.66666666666666,20.0,37.6424304,5,0,SPECIAL EQUIPMENT,LOWER ZENITH,LANG_02,Round-Trip,apple,Direct,Direct,Logged-Out,AREA_C,AREA_B,AREA_C_TO_AREA_B,CE,BU,120_plus,very_high,6_8,Y,L,0,0.7614167004187341,28.66157515090985
115.0,65.0810416,4.125,4,2,2,0,0,0,1,0,0,2,1,101.08333333333333,16.0,47.113,3,1,SPECIAL EQUIPMENT,UPPER APEX,LANG_02,Round-Trip,apple,Direct,Direct,Logged-Out,AREA_C,AREA_C,AREA_C_TO_AREA_C,CA,CI,61_120,high,3_5,Y,O,0,0.6080858315860451,28.648747783513343
88.0,142.6320377,,1,1,0,0,0,0,0,0,0,3,1,272.3333333333333,13.0,38.547,5,0,SPECIAL EQUIPMENT,UPPER APEX,LANG_09,Multi-City,apple,Paid Search,Paid Search,Logged-Out,AREA_B,AREA_C,AREA_B_TO_AREA_C,BE,CA,61_120,very_high,unknown_or_oneway,Y,L,0,0.7428517534972119,28.634706542057025
16.0,92.3123556,4.190972222222222,3,2,0,1,0,1,0,1,0,2,1,105.66666666666667,23.0,42.83,6,1,SPECIAL EQUIPMENT,UPPER APEX,LANG_09,Round-Trip,apple,Direct,Direct,Logged-In,AREA_C,AREA_B,AREA_C_TO_AREA_B,CA,BO,15_30,high,3_5,Y,U,0,0.6683236069245558,28.624300084578724
68.0,154.1931396,7.4375,2,1,1,0,0,0,1,0,0,2,1,182.25,15.0,42.83,2,1,SPECIAL EQUIPMENT,UPPER APEX,LANG_09,Round-Trip,mozilla,Paid Search,Paid Search,Logged-Out,AREA_C,AREA_C,AREA_C_TO_AREA_C,CA,CE,61_120,very_high,6_8,Y,U,0,0.6678546208616041,28.604213411502503
187.0,53.78848380000001,7.131944444444445,1,1,0,0,0,0,0,0,0,2,1,177.16666666666666,14.0,42.83,2,1,SPECIAL EQUIPMENT,UPPER APEX,LANG_09,Round-Trip,google,Paid Search,Organic Search,Logged-Out,AREA_C,AREA_B,AREA_C_TO_AREA_B,CA,BI,120_plus,mid,6_8,Y,L,0,0.6678085688300772,28.602241002992205
75.0,239.4389735,7.989583333333333,3,3,0,0,0,0,0,0,0,4,1,193.83333333333334,22.0,37.6424304,4,0,SPECIAL EQUIPMENT,LOWER ZENITH,LANG_02,Round-Trip,google,Paid Search,Paid Search,Logged-Out,AREA_C,AREA_B,AREA_C_TO_AREA_B,CE,BU,61_120,very_high,6_8,Y,S,0,0.7597438986522876,28.598606826843394
128.0,417.875178,,2,2,0,0,0,0,0,0,0,2,1,398.75,20.0,41.438025,1,1,SPECIAL EQUIPMENT,UPPER APEX,LANG_09,Multi-City,apple,Direct,Direct,Logged-Out,AREA_C,AREA_C,AREA_C_TO_AREA_C,CA,CA,120_plus,very_high,unknown_or_oneway,Y,S,0,0.6901486358547779,28.598396426266188
118.0,82.5424043,,3,3,0,0,0,0,0,0,0,2,1,5.833333333333333,19.0,32.2959615,5,0,SPECIAL EQUIPMENT,LOWER MERIDIAN,LANG_02,One-Way,google,Paid Search,Paid Search,Logged-Out,AREA_C,AREA_B,AREA_C_TO_AREA_B,CO,BA,61_120,high,unknown_or_oneway,Y,W,1,0.8853196309160993,28.592248715260553
140.0,165.5919158,2.263888888888889,5,5,0,0,0,0,0,0,0,2,1,56.25,11.0,43.6840302,2,1,SPECIAL EQUIPMENT,SOUTH VERTEX,LANG_02,Round-Trip,google,Paid Search,Paid Search,Logged-Out,AREA_C,AREA_C,AREA_C_TO_AREA_C,CU,CA,120_plus,very_high,3_5,Y,V,0,0.654447712967576,28.58891365759652
173.0,952.7893272,10.0,4,3,1,0,0,0,1,1,0,2,1,247.25,19.0,77.094,5,1,SPECIAL EQUIPMENT,UPPER APEX,LANG_09,Round-Trip,apple,Paid Search,Organic Search,Logged-In,AREA_C,AREA_B,AREA_C_TO_AREA_B,CA,BU,120_plus,very_high,9_14,Y,S,0,0.3700233066344598,28.52657680167704
70.0,408.8530385,,3,3,0,0,0,0,0,0,0,4,1,-98.0,21.0,37.6424304,5,0,SPECIAL EQUIPMENT,LOWER ZENITH,LANG_02,Round-Trip,apple,Direct,Paid Search,Logged-Out,AREA_C,AREA_B,AREA_C_TO_AREA_B,CE,BU,61_120,very_high,unknown_or_oneway,Y,Q,0,0.7578041334058074,28.525589348560423
153.0,172.83232730000003,8.38888888888889,3,3,0,0,0,0,0,0,0,4,1,203.41666666666666,21.0,37.6424304,2,0,SPECIAL EQUIPMENT,LOWER ZENITH,LANG_02,Round-Trip,google,Paid Search,Paid Search,Logged-Out,AREA_C,AREA_B,AREA_C_TO_AREA_B,CE,BU,120_plus,very_high,9_14,Y,L,0,0.757350155372472,28.508500512037465
43.0,273.9822251,7.4375,3,1,0,2,0,1,0,0,0,2,1,182.25,10.0,42.83,2,1,SPECIAL EQUIPMENT,UPPER APEX,LANG_09,Round-Trip,google,Direct,Paid Search,Logged-Out,AREA_C,AREA_C,AREA_C_TO_AREA_C,CA,CE,31_60,very_high,6_8,Y,T,0,0.6653404148196512,28.49652996672566
91.0,72.2730552,4.385416666666667,6,6,0,0,0,0,0,0,0,2,1,107.25,17.0,85.66,6,1,SPECIAL EQUIPMENT,UPPER APEX,LANG_09,Round-Trip,google,Paid Search,Paid Search,Logged-Out,AREA_C,AREA_B,AREA_C_TO_AREA_B,CA,BE,61_120,high,3_5,Y,U,0,0.3320608906509467,28.44433589316009
258.0,166.1855396,7.434027777777778,2,2,0,0,0,0,0,1,0,2,1,182.25,16.0,50.2841332,5,1,SPECIAL EQUIPMENT,UPPER APEX,LANG_09,Round-Trip,google,Paid Search,Paid Search,Logged-In,AREA_C,AREA_C,AREA_C_TO_AREA_C,CA,CE,120_plus,very_high,6_8,Y,L,0,0.5652107736355736,28.42113382756623
117.0,137.6487672,2.0,4,4,0,0,0,0,0,0,0,2,1,50.0,14.0,85.66,5,1,SPECIAL EQUIPMENT,UPPER APEX,LANG_09,Round-Trip,google,Paid Search,Paid Search,Logged-Out,AREA_C,AREA_B,AREA_C_TO_AREA_B,CA,BE,61_120,very_high,1_2,Y,V,0,0.3314846000198975,28.394970837704417
166.0,237.1822608,7.177083333333333,4,4,0,0,0,0,0,1,1,2,1,175.33333333333334,18.0,42.83,6,1,SPECIAL EQUIPMENT,UPPER APEX,LANG_02,Round-Trip,google,Paid Search,Paid Search,Logged-In,AREA_C,AREA_C,AREA_C_TO_AREA_C,CA,CO,120_plus,very_high,6_8,Y,T,0,0.6629083391004211,28.392364163671036
22.0,104.102598,4.510416666666667,3,3,0,0,0,0,0,0,0,2,1,110.33333333333333,12.0,42.83,5,1,SPECIAL EQUIPMENT,UPPER APEX,LANG_09,Round-Trip,mozilla,Paid Search,Paid Search,Logged-Out,AREA_C,AREA_C,AREA_C_TO_AREA_C,CA,CI,15_30,very_high,3_5,Y,S,0,0.6628180647326338,28.388497712498705
232.0,123.8716411,8.13888888888889,2,2,0,0,0,0,0,0,0,4,1,197.41666666666666,12.0,37.6424304,4,0,SPECIAL EQUIPMENT,LOWER ZENITH,LANG_02,Round-Trip,google,Paid Search,Paid Search,Logged-Out,AREA_C,AREA_B,AREA_C_TO_AREA_B,CE,BU,120_plus,very_high,9_14,Y,W,0,0.7540087242051232,28.382720921884147
22.0,53.3593272,4.121527777777778,2,2,0,0,0,0,0,0,0,2,1,100.91666666666667,20.0,47.113,4,1,SPECIAL EQUIPMENT,SOUTH MERIDIAN,LANG_02,Round-Trip,google,MetaSearches,MetaSearches,Logged-Out,AREA_C,AREA_B,AREA_C_TO_AREA_B,CA,BI,15_30,mid,3_5,Y,U,0,0.6018029041756713,28.352740224428402
72.0,42.6582517,9.708333333333334,1,1,0,0,0,0,0,0,0,4,1,234.33333333333334,19.0,41.9871056,2,0,SPECIAL EQUIPMENT,UPPER HORIZON,LANG_05,Round-Trip,google,Direct,Direct,Logged-Out,AREA_C,AREA_C,AREA_C_TO_AREA_C,CI,CE,61_120,mid,9_14,Y,L,0,0.6751783638535226,28.348785261953076
3.0,381.426848,5.295138888888889,4,3,1,0,0,0,1,0,0,2,1,133.75,18.0,42.83,4,1,SPECIAL EQUIPMENT,UPPER APEX,LANG_09,Round-Trip,google,Direct,Organic Search,Logged-Out,AREA_C,AREA_B,AREA_C_TO_AREA_B,CA,BE,0_3,very_high,6_8,Y,S,0,0.6613518120350741,28.325698109462223
118.0,205.6962146,7.34375,2,2,0,0,0,0,0,0,0,2,1,190.83333333333334,20.0,38.547,5,1,SPECIAL EQUIPMENT,UPPER APEX,LANG_09,Round-Trip,google,Direct,Direct,Logged-Out,AREA_C,AREA_B,AREA_C_TO_AREA_B,CA,BI,61_120,very_high,6_8,Y,U,0,0.7337795649969618,28.285000891937887
85.0,64.0120048,4.517361111111111,2,2,0,0,0,0,0,1,1,2,1,110.58333333333333,14.0,47.113,4,1,SPECIAL EQUIPMENT,UPPER APEX,LANG_09,Round-Trip,other,Affiliate,Affiliate,Logged-In,AREA_C,AREA_B,AREA_C_TO_AREA_B,CA,BI,61_120,high,3_5,Y,U,1,0.5999294619947176,28.264476742957132
183.0,385.9548356,10.0,2,2,0,0,0,0,0,0,0,2,1,247.25,11.0,68.8500816,1,1,SPECIAL EQUIPMENT,UPPER APEX,LANG_09,Round-Trip,opera,Affiliate,Affiliate,Logged-Out,AREA_C,AREA_B,AREA_C_TO_AREA_B,CA,BU,120_plus,very_high,9_14,Y,V,0,0.41040932218288123,28.25671532169206
31.0,320.21635349999997,7.4375,4,2,0,2,0,1,0,1,0,2,1,182.25,22.0,42.83,2,1,SPECIAL EQUIPMENT,LOWER ZENITH,LANG_02,Round-Trip,apple,Organic Search,Paid Search,Logged-In,AREA_C,AREA_C,AREA_C_TO_AREA_C,CA,CE,31_60,very_high,6_8,Y,L,0,0.6583830570341204,28.198546332771375
184.0,167.5578128,7.197916666666667,4,2,0,2,0,1,0,0,0,2,1,178.58333333333334,18.0,38.547,2,1,SPECIAL EQUIPMENT,UPPER APEX,LANG_09,Round-Trip,google,Direct,Direct,Logged-Out,AREA_C,AREA_B,AREA_C_TO_AREA_B,CA,BI,120_plus,very_high,6_8,Y,O,0,0.7312182380629663,28.186269422613158
88.0,341.75256240000004,9.065972222222221,3,2,1,0,0,0,1,0,0,2,1,222.58333333333334,20.0,81.377,2,1,SPECIAL EQUIPMENT,UPPER APEX,LANG_09,Round-Trip,mozilla,Direct,Organic Search,Logged-Out,AREA_C,AREA_C,AREA_C_TO_AREA_C,CA,CA,61_120,very_high,9_14,Y,L,0,0.34624661602510237,28.176510872274754
39.0,74.5773092,4.097222222222222,2,2,0,0,0,0,0,1,0,2,1,99.91666666666667,10.0,42.83,5,1,SPECIAL EQUIPMENT,UPPER APEX,LANG_09,Round-Trip,google,Direct,Direct,Logged-In,AREA_C,AREA_C,AREA_C_TO_AREA_C,CA,CO,31_60,high,3_5,Y,U,0,0.6578007162068684,28.173604675140172
39.0,98.6991652,,4,2,1,1,0,1,1,1,0,2,1,4.583333333333333,13.0,31.7999901,3,0,SPECIAL EQUIPMENT,SOUTH VERTEX,LANG_02,One-Way,mozilla,Paid Search,Paid Search,Logged-In,AREA_C,AREA_C,AREA_C_TO_AREA_C,CE,CU,31_60,high,unknown_or_oneway,Y,V,0,0.8857248356477911,28.166041004923883
126.0,236.3299438,12.319444444444445,2,2,0,0,0,0,0,0,0,2,1,311.8333333333333,21.0,57.8205,1,1,SPECIAL EQUIPMENT,UPPER APEX,LANG_09,Round-Trip,google,Organic Search,Organic Search,Logged-Out,AREA_C,AREA_B,AREA_C_TO_AREA_B,CA,BO,120_plus,very_high,9_14,Y,L,0,0.4868926444190619,28.15237614663237
49.0,180.734034,10.447916666666666,2,2,0,0,0,0,0,1,0,2,1,254.91666666666666,17.0,42.83,4,1,SPECIAL EQUIPMENT,LOWER ZENITH,LANG_02,Round-Trip,apple,Direct,Direct,Logged-In,AREA_C,AREA_C,AREA_C_TO_AREA_C,CA,CE,31_60,very_high,9_14,Y,W,0,0.6566479752595169,28.12423278036511
50.0,302.64149130000004,7.222222222222222,3,3,0,0,0,0,0,1,0,2,1,187.91666666666666,13.0,38.547,5,1,SPECIAL EQUIPMENT,UPPER APEX,LANG_09,Round-Trip,google,Paid Search,Paid Search,Logged-In,AREA_C,AREA_B,AREA_C_TO_AREA_B,CA,BI,31_60,very_high,6_8,Y,L,0,0.7284295562357966,28.07877410422125
17.0,391.5115998,10.302083333333334,2,2,0,0,0,0,0,1,0,2,1,263.6666666666667,7.0,57.8205,1,1,SPECIAL EQUIPMENT,UPPER APEX,LANG_09,Round-Trip,samsung,Direct,Direct,Logged-In,AREA_C,AREA_B,AREA_C_TO_AREA_B,CA,BO,15_30,very_high,9_14,Y,T,0,0.48547101196963705,28.0701766475904
99.0,122.656554,15.184027777777779,3,2,1,0,0,0,1,0,0,2,1,369.5,21.0,42.83,2,1,SPECIAL EQUIPMENT,UPPER APEX,LANG_09,Round-Trip,microsoft,Paid Search,Paid Search,Logged-Out,AREA_C,AREA_B,AREA_C_TO_AREA_B,CA,BO,61_120,very_high,15_30,Y,V,0,0.6550936815225771,28.057662379611976
23.0,120.2229534,7.180555555555555,3,1,0,2,0,1,0,0,0,2,1,177.41666666666666,13.0,42.83,6,1,SPECIAL EQUIPMENT,UPPER APEX,LANG_09,Round-Trip,google,Direct,Direct,Logged-Out,AREA_C,AREA_B,AREA_C_TO_AREA_B,CA,BO,15_30,very_high,6_8,Y,Q,0,0.6531667768004095,27.975133050361535
219.0,184.2255356,11.239583333333334,3,2,0,1,0,1,0,0,0,4,1,271.8333333333333,12.0,37.6424304,2,0,SPECIAL EQUIPMENT,LOWER ZENITH,LANG_02,Round-Trip,google,Paid Search,Paid Search,Logged-Out,AREA_C,AREA_B,AREA_C_TO_AREA_B,CE,BU,120_plus,very_high,9_14,Y,L,0,0.7431432601834231,27.9737184486836
8.0,162.145814,7.777777777777778,1,1,0,0,0,0,0,0,0,4,1,190.0,14.0,38.547,4,0,SPECIAL EQUIPMENT,NORTH MERIDIAN,LANG_02,Round-Trip,google,Direct,Direct,Logged-Out,AREA_B,AREA_D,AREA_B_TO_AREA_D,BI,DA,8_14,very_high,6_8,Y,U,0,0.7251082886673895,27.95074920326186
240.0,153.4838748,10.427083333333334,2,2,0,0,0,0,0,1,1,2,1,254.08333333333334,21.0,50.2841332,5,1,SPECIAL EQUIPMENT,UPPER APEX,LANG_02,Round-Trip,google,Direct,Direct,Logged-In,AREA_C,AREA_C,AREA_C_TO_AREA_C,CA,CE,120_plus,very_high,9_14,Y,O,0,0.5553671076438284,27.926153615661004
95.0,590.3811407,12.48611111111111,3,3,0,0,0,0,0,1,1,4,1,301.0,17.0,38.3945252,5,0,SPECIAL EQUIPMENT,WEST VERTEX,LANG_02,Round-Trip,google,Paid Search,Paid Search,Logged-In,AREA_B,AREA_B,AREA_B_TO_AREA_B,BO,BU,61_120,very_high,9_14,Y,T,0,0.7271334544021637,27.917943738806922
109.0,307.0461285,7.979166666666667,3,2,1,0,0,0,1,0,0,4,1,193.58333333333334,20.0,37.6424304,1,0,SPECIAL EQUIPMENT,LOWER ZENITH,LANG_02,Round-Trip,apple,Direct,Direct,Logged-Out,AREA_C,AREA_B,AREA_C_TO_AREA_B,CE,BU,61_120,very_high,6_8,Y,W,0,0.7413628534806715,27.90669961329158
61.0,68.6714805,12.118055555555555,3,1,1,1,0,1,1,0,0,2,1,292.6666666666667,13.0,42.83,3,1,SPECIAL EQUIPMENT,UPPER APEX,LANG_09,Round-Trip,google,Direct,Direct,Logged-Out,AREA_C,AREA_C,AREA_C_TO_AREA_C,CA,CE,61_120,high,9_14,Y,W,0,0.6515663029671479,27.906584756082943
102.0,366.5888228,17.0,2,2,0,0,0,0,0,1,0,2,1,415.25,12.0,77.094,5,1,SPECIAL EQUIPMENT,UPPER APEX,LANG_09,Round-Trip,opera,Affiliate,Affiliate,Logged-In,AREA_C,AREA_B,AREA_C_TO_AREA_B,CA,BU,61_120,very_high,15_30,Y,V,0,0.361747432596265,27.888556568576455
52.0,218.9486732,,2,2,0,0,0,0,0,0,0,2,1,10.75,18.0,32.6501656,5,0,SPECIAL EQUIPMENT,SOUTH VERTEX,LANG_02,One-Way,apple,Direct,Direct,Logged-Out,AREA_B,AREA_B,AREA_B_TO_AREA_B,BU,BA,31_60,very_high,unknown_or_oneway,Y,V,0,0.8530893833695032,27.853509638616167
79.0,209.2793724,,2,2,0,0,0,0,0,0,0,3,1,343.5,16.0,41.438025,5,1,SPECIAL EQUIPMENT,UPPER APEX,LANG_09,Multi-City,google,Paid Search,Organic Search,Logged-Out,AREA_C,AREA_C,AREA_C_TO_AREA_C,CA,CA,61_120,very_high,unknown_or_oneway,Y,L,0,0.6721625776904409,27.853089698400932
140.0,259.661158,8.034722222222221,4,3,0,1,0,1,0,0,0,4,1,194.91666666666666,19.0,37.6424304,2,0,SPECIAL EQUIPMENT,LOWER ZENITH,LANG_02,Round-Trip,mozilla,Direct,Organic Search,Logged-Out,AREA_C,AREA_B,AREA_C_TO_AREA_B,CE,BU,120_plus,very_high,9_14,Y,L,0,0.7399375737545595,27.853048620400873
49.0,70.7645826,0.1597222222222222,2,2,0,0,0,0,0,0,0,4,1,6.5,22.0,77.094,3,1,SPECIAL EQUIPMENT,UPPER APEX,LANG_09,Round-Trip,apple,Direct,Direct,Logged-Out,AREA_C,AREA_B,AREA_C_TO_AREA_B,CA,BA,31_60,high,1_2,Y,W,0,0.36111962108783263,27.840156068145365
49.0,60.857147000000005,6.225694444444445,2,2,0,0,0,0,0,0,0,2,1,154.5,16.0,42.83,3,1,SPECIAL EQUIPMENT,UPPER APEX,LANG_09,Round-Trip,google,Direct,Paid Search,Logged-Out,AREA_C,AREA_B,AREA_C_TO_AREA_B,CA,BO,31_60,high,6_8,Y,U,0,0.6499994668956506,27.839477167140714
4.0,323.6560308,4.770833333333333,3,3,0,0,0,0,0,0,0,2,1,117.41666666666667,16.0,50.2841332,5,1,SPECIAL EQUIPMENT,UPPER APEX,LANG_09,Round-Trip,google,Paid Search,Paid Search,Logged-Out,AREA_C,AREA_C,AREA_C_TO_AREA_C,CA,CE,4_7,very_high,3_5,Y,W,0,0.553481400266726,27.831332454734564
43.0,49.2879074,7.1875,3,2,0,1,0,1,0,0,0,2,1,177.58333333333334,9.0,42.83,6,1,SPECIAL EQUIPMENT,UPPER APEX,LANG_09,Round-Trip,apple,Direct,Direct,Logged-Out,AREA_C,AREA_B,AREA_C_TO_AREA_B,CA,BO,31_60,mid,6_8,Y,O,0,0.6493284102796439,27.810735812277148
90.0,67.0820592,7.239583333333333,2,2,0,0,0,0,0,0,0,2,1,178.58333333333334,14.0,38.547,2,1,SPECIAL EQUIPMENT,UPPER APEX,LANG_09,Round-Trip,google,Direct,Direct,Logged-Out,AREA_C,AREA_B,AREA_C_TO_AREA_B,CA,BI,61_120,high,6_8,Y,O,0,0.7212882839501032,27.803499481424627
56.0,169.3973613,3.388888888888889,3,3,0,0,0,0,0,0,0,2,1,81.91666666666667,13.0,42.83,4,1,SPECIAL EQUIPMENT,UPPER APEX,LANG_09,Round-Trip,apple,Paid Search,Organic Search,Logged-Out,AREA_C,AREA_B,AREA_C_TO_AREA_B,CA,BI,31_60,very_high,3_5,Y,L,0,0.6486933628564647,27.783536731142384
117.0,117.4578486,6.4375,2,1,0,1,0,1,0,0,0,2,1,158.25,19.0,42.83,3,1,SPECIAL EQUIPMENT,UPPER APEX,LANG_09,Round-Trip,google,Direct,Direct,Logged-Out,AREA_C,AREA_C,AREA_C_TO_AREA_C,CA,CE,61_120,very_high,6_8,Y,O,0,0.6484705911131251,27.773995417375147
41.0,225.4087221,7.4375,3,3,0,0,0,0,0,1,0,2,1,182.25,18.0,42.83,2,1,SPECIAL EQUIPMENT,UPPER APEX,LANG_09,Round-Trip,opera,Paid Search,Paid Search,Logged-In,AREA_C,AREA_C,AREA_C_TO_AREA_C,CA,CE,31_60,very_high,6_8,Y,O,0,0.6481529119616666,27.760389219318178
3.0,259.9545435,4.159722222222222,4,2,1,1,0,1,1,0,0,2,1,104.91666666666667,11.0,42.83,6,1,SPECIAL EQUIPMENT,WEST MERIDIAN,LANG_02,Round-Trip,google,Paid Search,Paid Search,Logged-Out,AREA_C,AREA_B,AREA_C_TO_AREA_B,CA,BO,0_3,very_high,3_5,Y,T,0,0.6475895975125454,27.736262461462317
199.0,188.8349002,9.34375,2,2,0,0,0,0,0,0,0,2,1,238.83333333333334,15.0,42.4017,2,1,SPECIAL EQUIPMENT,UPPER APEX,LANG_09,Round-Trip,google,Paid Search,Paid MetaSearches,Logged-Out,AREA_C,AREA_B,AREA_C_TO_AREA_B,CA,BI,120_plus,very_high,9_14,Y,U,0,0.6538837561495752,27.72578286312744
124.0,225.0952065,11.496527777777779,1,1,0,0,0,0,0,0,0,4,1,278.0833333333333,21.0,76.224551,1,0,SPECIAL EQUIPMENT,LOWER VERTEX,LANG_02,Round-Trip,apple,Paid Search,Paid Search,Logged-Out,AREA_C,AREA_B,AREA_C_TO_AREA_B,CI,BU,120_plus,very_high,9_14,Y,K,0,0.36332045015514614,27.693938182193897
48.0,121.1138174,19.239583333333332,3,2,0,1,0,1,0,1,0,2,1,468.4166666666667,14.0,42.83,6,1,SPECIAL EQUIPMENT,UPPER APEX,LANG_09,Round-Trip,mozilla,Direct,Paid Search,Logged-In,AREA_C,AREA_B,AREA_C_TO_AREA_B,CA,BE,31_60,very_high,15_30,Y,O,0,0.6465166523436282,27.690308219877593
63.0,391.329144,,4,2,0,2,0,1,0,1,0,2,1,-368.0,22.0,38.547,1,1,SPECIAL EQUIPMENT,UPPER APEX,LANG_09,Round-Trip,apple,Direct,Paid Search,Logged-In,AREA_C,AREA_D,AREA_C_TO_AREA_D,CA,DA,61_120,very_high,unknown_or_oneway,Y,O,0,0.7182377475359711,27.685910454269077
76.0,52.35196560000001,3.513888888888889,4,4,0,0,0,0,0,0,0,2,1,86.33333333333333,18.0,85.66,6,1,SPECIAL EQUIPMENT,UPPER APEX,LANG_09,Round-Trip,google,MetaSearches,MetaSearches,Logged-Out,AREA_C,AREA_B,AREA_C_TO_AREA_B,CA,BE,61_120,mid,3_5,Y,O,0,0.3227666202226196,27.64818868826959
211.0,57.6902968,5.215277777777778,4,2,0,2,0,1,0,1,0,2,1,129.08333333333334,18.0,42.83,3,1,SPECIAL EQUIPMENT,UPPER APEX,LANG_09,Round-Trip,google,Internal,Internal,Logged-In,AREA_C,AREA_C,AREA_C_TO_AREA_C,CA,CI,120_plus,high,6_8,Y,O,0,0.6454886785982693,27.646280104363875
21.0,424.8059286,18.677083333333332,3,2,0,0,1,1,0,0,0,4,1,451.25,10.0,38.0253306,4,0,SPECIAL EQUIPMENT,EAST APEX,LANG_02,Round-Trip,google,Paid Search,Paid Search,Logged-Out,AREA_B,AREA_B,AREA_B_TO_AREA_B,BO,BU,15_30,very_high,15_30,Y,Y,0,0.7269632695652508,27.64301865927558
2.0,92.714101,4.045138888888889,2,2,0,0,0,0,0,0,0,2,1,98.58333333333333,15.0,42.83,5,1,SPECIAL EQUIPMENT,UPPER APEX,LANG_09,Round-Trip,apple,Direct,Direct,Logged-Out,AREA_C,AREA_B,AREA_C_TO_AREA_B,CA,BI,0_3,high,3_5,Y,W,0,0.6449063289052352,27.621338067011223
48.0,64.8527577,4.097222222222222,3,3,0,0,0,0,0,0,0,2,1,100.0,19.0,42.83,5,1,SPECIAL EQUIPMENT,UPPER APEX,LANG_09,Round-Trip,google,Direct,Email,Logged-Out,AREA_C,AREA_C,AREA_C_TO_AREA_C,CA,CO,31_60,high,3_5,Y,O,0,0.6438506728813415,27.576124319507855
42.0,223.9220928,9.065972222222221,2,2,0,0,0,0,0,0,0,2,1,222.58333333333334,13.0,81.377,2,1,SPECIAL EQUIPMENT,UPPER APEX,LANG_09,Round-Trip,google,Email,Email,Logged-Out,AREA_C,AREA_C,AREA_C_TO_AREA_C,CA,CA,31_60,very_high,9_14,Y,U,0,0.3385928846942334,27.55367317776263
17.0,158.9686846,10.26736111111111,3,2,0,1,0,1,0,1,0,2,1,253.08333333333334,10.0,42.83,5,1,SPECIAL EQUIPMENT,UPPER APEX,LANG_09,Round-Trip,google,Direct,Paid Search,Logged-In,AREA_C,AREA_B,AREA_C_TO_AREA_B,CA,BE,15_30,very_high,9_14,Y,W,0,0.6428706700073127,27.5341507964132
25.0,27.2809968,13.475694444444445,1,1,0,0,0,0,0,0,0,4,1,324.75,13.0,41.9871056,6,0,SPECIAL EQUIPMENT,UPPER HORIZON,LANG_05,Round-Trip,google,Paid Search,Paid Search,Logged-Out,AREA_C,AREA_C,AREA_C_TO_AREA_C,CI,CE,15_30,low,9_14,Y,O,0,0.6553962165074948,27.518190152340647
21.0,284.2545723,10.524305555555555,1,1,0,0,0,0,0,0,0,4,1,268.75,10.0,37.870286,3,0,SPECIAL EQUIPMENT,CENTRAL MERIDIAN,LANG_02,Round-Trip,apple,MetaSearches,MetaSearches,Logged-Out,AREA_B,AREA_B,AREA_B_TO_AREA_B,BI,BO,15_30,very_high,9_14,Y,Y,0,0.7259869752837574,27.493334386270824
123.0,29.3055709,18.1875,1,1,0,0,0,0,0,0,0,4,1,439.25,12.0,39.4344376,3,0,SPECIAL EQUIPMENT,NEW MERIDIAN,LANG_02,Round-Trip,google,Direct,Direct,Logged-Out,AREA_C,AREA_C,AREA_C_TO_AREA_C,CI,CE,120_plus,low,15_30,Y,U,0,0.6970249878776731,27.48678839010286
2.0,147.9485256,7.267361111111111,3,3,0,0,0,0,0,1,0,2,1,181.08333333333334,19.0,42.83,5,1,SPECIAL EQUIPMENT,UPPER APEX,LANG_09,Round-Trip,apple,Direct,Direct,Logged-In,AREA_C,AREA_B,AREA_C_TO_AREA_B,CA,BE,0_3,very_high,6_8,Y,V,0,0.6414457789839069,27.47312271388073
42.0,68.6102336,3.2881944444444446,2,2,0,0,0,0,0,0,0,2,1,80.83333333333333,13.0,85.66,3,1,SPECIAL EQUIPMENT,UPPER APEX,LANG_09,Round-Trip,apple,Direct,Direct,Logged-Out,AREA_C,AREA_B,AREA_C_TO_AREA_B,CA,BE,31_60,high,3_5,Y,W,0,0.3206854190407223,27.46991299502827
146.0,82.649051,4.15625,5,5,0,0,0,0,0,0,0,2,1,101.66666666666667,19.0,85.66,5,1,SPECIAL EQUIPMENT,UPPER APEX,LANG_09,Round-Trip,google,Paid Search,Paid Search,Logged-Out,AREA_C,AREA_B,AREA_C_TO_AREA_B,CA,BE,120_plus,high,3_5,Y,O,0,0.32063652056203695,27.465724351344083
5.0,131.0144002,7.517361111111111,1,1,0,0,0,0,0,1,0,2,1,182.58333333333334,12.0,42.3348852,6,1,SPECIAL EQUIPMENT,UPPER APEX,LANG_02,Round-Trip,apple,Direct,Direct,Logged-In,AREA_C,AREA_B,AREA_C_TO_AREA_B,CA,BI,4_7,very_high,6_8,Y,Y,0,0.6480843299756532,27.4365757094382
35.0,59.5285604,6.46875,2,2,0,0,0,0,0,0,0,2,1,158.25,16.0,44.9715,3,1,SPECIAL EQUIPMENT,UPPER APEX,LANG_09,Round-Trip,mozilla,Direct,Paid Search,Logged-Out,AREA_C,AREA_B,AREA_C_TO_AREA_B,CA,BO,31_60,high,6_8,Y,L,0,0.6097307796003457,27.420507754796947
21.0,54.60825,2.7604166666666665,2,2,0,0,0,0,0,0,0,2,1,68.58333333333333,11.0,72.275625,6,1,SPECIAL EQUIPMENT,UPPER APEX,LANG_02,Round-Trip,apple,Direct,Direct,Logged-Out,AREA_C,AREA_C,AREA_C_TO_AREA_C,CA,CU,15_30,high,3_5,Y,U,0,0.3792493229573557,27.410481847569734
146.0,86.765014,4.204861111111111,2,2,0,0,0,0,0,0,0,2,1,104.41666666666667,20.0,77.094,4,1,SPECIAL EQUIPMENT,UPPER APEX,LANG_09,Round-Trip,google,Direct,Paid Search,Logged-Out,AREA_C,AREA_B,AREA_C_TO_AREA_B,CA,BA,120_plus,high,3_5,Y,W,0,0.35517043024826356,27.38150914955963
63.0,69.2381214,4.197916666666667,2,2,0,0,0,0,0,1,1,2,1,104.25,9.0,77.094,4,1,SPECIAL EQUIPMENT,UPPER APEX,LANG_09,Round-Trip,google,Direct,Direct,Logged-In,AREA_C,AREA_B,AREA_C_TO_AREA_B,CA,BA,61_120,high,3_5,Y,L,0,0.35515756214624333,27.38051709610248
55.0,93.98101239999998,7.975694444444445,1,1,0,0,0,0,0,0,0,4,1,193.5,23.0,37.6424304,2,0,SPECIAL EQUIPMENT,LOWER ZENITH,LANG_02,Round-Trip,google,Paid Search,MetaSearches,Logged-Out,AREA_C,AREA_B,AREA_C_TO_AREA_B,CE,BU,31_60,high,6_8,Y,V,0,0.7271817617523487,27.37288885491217
88.0,204.0087126,15.36111111111111,4,2,0,2,0,1,0,1,0,2,1,383.8333333333333,9.0,57.8205,2,1,SPECIAL EQUIPMENT,UPPER APEX,LANG_09,Round-Trip,google,Paid Search,Paid Search,Logged-In,AREA_C,AREA_B,AREA_C_TO_AREA_B,CA,BO,61_120,very_high,15_30,Y,O,0,0.47306232517631464,27.3527001728571
51.0,50.8957456,3.9409722222222223,2,2,0,0,0,0,0,0,0,2,1,95.16666666666667,17.0,42.83,4,1,SPECIAL EQUIPMENT,UPPER APEX,LANG_09,Round-Trip,apple,Direct,Direct,Logged-Out,AREA_C,AREA_B,AREA_C_TO_AREA_B,CA,BI,31_60,mid,3_5,Y,U,0,0.6386011998002552,27.35128938744493
26.0,322.8002874,3.1284722222222223,3,2,1,0,0,0,1,1,1,2,1,77.25,11.0,42.83,4,1,SPECIAL EQUIPMENT,UPPER APEX,LANG_09,Round-Trip,apple,Direct,Direct,Logged-In,AREA_C,AREA_B,AREA_C_TO_AREA_B,CA,BI,15_30,very_high,3_5,Y,B,0,0.6381158146261844,27.330500340439475
166.0,415.0676715,13.746527777777779,5,5,0,0,0,0,0,0,0,2,1,333.75,9.0,50.2841332,5,1,SPECIAL EQUIPMENT,UPPER APEX,LANG_09,Round-Trip,mozilla,Paid Search,Paid Search,Logged-Out,AREA_C,AREA_C,AREA_C_TO_AREA_C,CA,CE,120_plus,very_high,9_14,Y,L,0,0.5434448498769706,27.326653218067595
8.0,101.8805776,1.1041666666666667,2,2,0,0,0,0,0,0,0,2,1,28.083333333333332,16.0,64.245,5,1,SPECIAL EQUIPMENT,UPPER APEX,LANG_09,Round-Trip,google,Paid Search,Paid Search,Logged-Out,AREA_C,AREA_D,AREA_C_TO_AREA_D,CA,DA,8_14,high,1_2,Y,S,0,0.4253256417132051,27.325045851864864
52.0,144.6206346,7.065972222222222,2,2,0,0,0,0,0,1,1,4,1,170.58333333333334,23.0,40.6885,4,0,SPECIAL EQUIPMENT,UPPER APEX,LANG_09,Round-Trip,google,Direct,Direct,Logged-In,AREA_C,AREA_B,AREA_C_TO_AREA_B,CE,BU,31_60,very_high,6_8,Y,U,0,0.6711978512875587,27.31003377211383
193.0,156.2421268,10.215277777777779,4,3,0,1,0,1,0,0,0,2,1,249.08333333333334,12.0,42.83,6,1,SPECIAL EQUIPMENT,UPPER APEX,LANG_09,Round-Trip,google,Paid Search,Paid Search,Logged-Out,AREA_C,AREA_C,AREA_C_TO_AREA_C,CA,CI,120_plus,very_high,9_14,Y,V,0,0.6374944459913251,27.303887121808454
1.0,297.9494648,5.295138888888889,4,2,0,2,0,1,0,0,0,2,1,133.75,17.0,42.83,4,1,SPECIAL EQUIPMENT,UPPER APEX,LANG_09,Round-Trip,google,Paid Search,Paid Search,Logged-Out,AREA_C,AREA_B,AREA_C_TO_AREA_B,CA,BE,0_3,very_high,6_8,Y,S,0,0.6374337828201131,27.301288918185442
13.0,48.982529500000005,10.184027777777779,1,1,0,0,0,0,0,1,0,4,1,247.08333333333334,12.0,39.4344376,3,0,SPECIAL EQUIPMENT,NEW MERIDIAN,LANG_10,Round-Trip,google,Paid Search,Paid Search,Logged-In,AREA_C,AREA_C,AREA_C_TO_AREA_C,CI,CE,8_14,mid,9_14,Y,T,0,0.6921924049209385,27.296218199048685
45.0,194.5158714,9.072916666666666,2,2,0,0,0,0,0,0,0,4,1,220.08333333333334,21.0,34.5055612,4,0,SPECIAL EQUIPMENT,NEW MERIDIAN,LANG_10,Round-Trip,google,Paid Search,Paid Search,Logged-Out,AREA_B,AREA_B,AREA_B_TO_AREA_B,BU,BU,31_60,very_high,9_14,Y,T,0,0.790936882629354,27.291721008904393
43.0,174.5990648,4.086805555555555,2,2,0,0,0,0,0,0,0,2,1,98.66666666666667,8.0,42.83,3,1,SPECIAL EQUIPMENT,UPPER APEX,LANG_09,Round-Trip,google,Direct,Organic Search,Logged-Out,AREA_C,AREA_B,AREA_C_TO_AREA_B,CA,BI,31_60,very_high,3_5,Y,T,0,0.6366794758112595,27.26898194899624
1.0,375.516308,9.4375,5,2,1,2,0,1,1,0,0,2,1,230.25,20.0,42.83,4,1,SPECIAL EQUIPMENT,UPPER APEX,LANG_09,Round-Trip,google,Paid Search,Paid Search,Logged-Out,AREA_C,AREA_C,AREA_C_TO_AREA_C,CA,CE,0_3,very_high,9_14,Y,O,0,0.6365437691191312,27.26316963137239
33.0,58.28392060000001,9.190972222222221,2,2,0,0,0,0,0,1,0,2,1,225.66666666666666,21.0,42.83,6,1,SPECIAL EQUIPMENT,UPPER VERTEX,LANG_02,Round-Trip,google,Paid Search,Paid Search,Logged-In,AREA_C,AREA_B,AREA_C_TO_AREA_B,CA,BO,31_60,high,9_14,Y,O,0,0.6364427000143221,27.258840841613416
7.0,54.5003184,3.125,3,2,1,0,0,0,1,0,1,2,1,77.0,22.0,85.66,5,1,SPECIAL EQUIPMENT,UPPER APEX,LANG_09,Round-Trip,apple,Direct,Direct,Logged-Out,AREA_C,AREA_B,AREA_C_TO_AREA_B,CA,BE,4_7,high,3_5,Y,U,0,0.3182106853244511,27.257927304892483
167.0,310.5123604,13.847222222222221,2,2,0,0,0,0,0,0,0,2,1,338.25,9.0,81.377,1,1,SPECIAL EQUIPMENT,UPPER APEX,LANG_09,Round-Trip,google,Direct,Direct,Logged-Out,AREA_C,AREA_C,AREA_C_TO_AREA_C,CA,CA,120_plus,very_high,9_14,Y,W,0,0.3337105317449643,27.15636194180996
66.0,125.6276711,10.128472222222221,4,3,1,0,0,0,1,0,0,2,1,245.25,14.0,42.83,3,1,SPECIAL EQUIPMENT,NORTH HORIZON,LANG_04,Round-Trip,apple,Paid Search,Paid Search,Logged-Out,AREA_C,AREA_B,AREA_C_TO_AREA_B,CA,BI,61_120,very_high,9_14,Y,L,0,0.6333227225137795,27.125212205265175
30.0,53.274095499999994,,2,2,0,0,0,0,0,0,0,2,1,5.833333333333333,12.0,32.8767363,3,0,SPECIAL EQUIPMENT,LOWER VERTEX,LANG_02,One-Way,google,Direct,Organic Search,Logged-Out,AREA_B,AREA_C,AREA_B_TO_AREA_C,BA,CE,15_30,mid,unknown_or_oneway,Y,V,0,0.8247383397816388,27.114704913500738
124.0,113.72221600000002,6.21875,2,2,0,0,0,0,0,0,0,2,1,154.33333333333334,10.0,42.83,3,1,SPECIAL EQUIPMENT,SOUTH HORIZON,LANG_09,Round-Trip,samsung,Paid Search,Paid Search,Logged-Out,AREA_C,AREA_B,AREA_C_TO_AREA_B,CA,BO,120_plus,very_high,6_8,Y,V,0,0.6326938286398338,27.09827668064408
22.0,445.843168,6.010416666666667,2,2,0,0,0,0,0,0,0,2,1,150.91666666666666,13.0,68.8500816,3,1,SPECIAL EQUIPMENT,UPPER APEX,LANG_09,Round-Trip,mozilla,Paid Search,Paid Search,Logged-Out,AREA_C,AREA_B,AREA_C_TO_AREA_B,CA,BU,15_30,very_high,6_8,Y,V,0,0.39356257048946486,27.096815092905405
94.0,466.5634654,16.06597222222222,4,2,0,2,0,1,0,1,1,2,1,390.5833333333333,16.0,81.377,2,1,SPECIAL EQUIPMENT,UPPER APEX,LANG_09,Round-Trip,apple,Direct,Direct,Logged-In,AREA_C,AREA_C,AREA_C_TO_AREA_C,CA,CA,61_120,very_high,15_30,Y,V,0,0.33281354855217465,27.083368140530315
58.0,64.8292012,4.190972222222222,2,2,0,0,0,0,0,0,0,2,1,105.66666666666667,11.0,42.83,3,1,SPECIAL EQUIPMENT,UPPER APEX,LANG_09,Round-Trip,mozilla,Direct,MetaSearches,Logged-Out,AREA_C,AREA_B,AREA_C_TO_AREA_B,CA,BI,31_60,high,3_5,Y,W,0,0.6320974275448739,27.072732821746946
9.0,170.788908,4.201388888888889,2,2,0,0,0,0,0,1,1,2,1,104.33333333333333,11.0,77.094,4,1,SPECIAL EQUIPMENT,UPPER APEX,LANG_09,Round-Trip,google,Direct,Paid Search,Logged-In,AREA_C,AREA_B,AREA_C_TO_AREA_B,CA,BA,8_14,very_high,3_5,Y,Q,0,0.35097152155420497,27.057798482699877
309.0,560.8995385000001,,5,5,0,0,0,0,0,0,0,2,1,-338.0,10.0,38.547,2,1,SPECIAL EQUIPMENT,UPPER APEX,LANG_09,Round-Trip,apple,Direct,Direct,Logged-Out,AREA_C,AREA_D,AREA_C_TO_AREA_D,CA,DA,120_plus,very_high,unknown_or_oneway,Y,O,0,0.7018213405328443,27.053107213519546
2.0,102.1161426,4.045138888888889,2,2,0,0,0,0,0,0,0,2,1,98.58333333333333,16.0,42.83,4,1,SPECIAL EQUIPMENT,UPPER APEX,LANG_09,Round-Trip,google,Direct,Direct,Logged-Out,AREA_C,AREA_B,AREA_C_TO_AREA_B,CA,BI,0_3,high,3_5,Y,W,0,0.6312062110292703,27.034562018383646
49.0,74.1113188,4.267361111111111,2,2,0,0,0,0,0,0,0,2,1,109.08333333333333,10.0,42.83,6,1,SPECIAL EQUIPMENT,UPPER APEX,LANG_09,Round-Trip,apple,Direct,Direct,Logged-Out,AREA_C,AREA_B,AREA_C_TO_AREA_B,CA,BE,31_60,high,3_5,Y,O,0,0.6308331447300369,27.018583588787482
156.0,147.103918,6.236111111111111,2,1,1,0,0,0,1,1,0,2,1,164.08333333333334,17.0,38.547,4,1,SPECIAL EQUIPMENT,UPPER APEX,LANG_09,Round-Trip,microsoft,Direct,Direct,Logged-In,AREA_C,AREA_B,AREA_C_TO_AREA_B,CA,BI,120_plus,very_high,6_8,Y,U,0,0.700795056047709,27.013547025471034
304.0,145.2759336,8.072916666666666,2,2,0,0,0,0,0,0,0,4,1,195.83333333333334,10.0,37.6424304,4,0,SPECIAL EQUIPMENT,LOWER ZENITH,LANG_02,Round-Trip,google,Direct,Direct,Logged-Out,AREA_C,AREA_B,AREA_C_TO_AREA_B,CE,BU,120_plus,very_high,9_14,Y,V,0,0.7175514517842095,27.010380582206064
33.0,34.314111100000005,8.26388888888889,2,1,1,0,0,0,1,0,0,4,1,200.41666666666666,12.0,47.0033552,6,0,SPECIAL EQUIPMENT,NEW MERIDIAN,LANG_10,Round-Trip,google,Paid Search,Paid Search,Logged-Out,AREA_C,AREA_B,AREA_C_TO_AREA_B,CE,BO,31_60,mid,9_14,Y,U,0,0.5742671252537563,26.9924816679852
54.0,186.6051704,7.072916666666667,2,2,0,0,0,0,0,0,0,4,1,172.08333333333334,16.0,34.5055612,5,0,SPECIAL EQUIPMENT,OLD ZENITH,LANG_02,Round-Trip,mozilla,Paid Search,Organic Search,Logged-Out,AREA_B,AREA_B,AREA_B_TO_AREA_B,BU,BU,31_60,very_high,6_8,Y,S,0,0.7821063278008439,26.987017758839283
209.0,87.99808970000001,10.989583333333334,2,2,0,0,0,0,0,1,1,4,1,265.8333333333333,11.0,37.6424304,3,0,SPECIAL EQUIPMENT,LOWER ZENITH,LANG_02,Round-Trip,apple,Direct,Direct,Logged-In,AREA_C,AREA_B,AREA_C_TO_AREA_B,CE,BU,120_plus,high,9_14,Y,L,0,0.7166710414753241,26.977239798430404
111.0,362.4720032,4.173611111111111,5,3,0,1,1,1,0,0,0,2,1,103.16666666666667,17.0,47.113,4,1,SPECIAL EQUIPMENT,UPPER APEX,LANG_02,Round-Trip,apple,Paid Search,MetaSearches,Logged-Out,AREA_C,AREA_B,AREA_C_TO_AREA_B,CA,BO,61_120,very_high,3_5,C,Z,0,0.5725773538040987,26.9758368697725
295.0,100.0688686,7.131944444444445,2,2,0,0,0,0,0,1,1,2,1,177.16666666666666,15.0,42.83,3,1,SPECIAL EQUIPMENT,UPPER VERTEX,LANG_10,Round-Trip,apple,Organic Search,Organic Search,Logged-In,AREA_C,AREA_B,AREA_C_TO_AREA_B,CA,BI,120_plus,high,6_8,Y,T,0,0.6295673765357287,26.96437073702526
4.0,77.1633846,4.46875,2,2,0,0,0,0,0,1,0,2,1,109.58333333333333,10.0,92.0845,3,1,SPECIAL EQUIPMENT,UPPER APEX,LANG_09,Round-Trip,samsung,Direct,Direct,Logged-In,AREA_C,AREA_C,AREA_C_TO_AREA_C,CA,CU,4_7,high,3_5,Y,V,0,0.29265348840201394,26.948850152755256
145.0,977.7240966,16.0,3,3,0,0,0,0,0,1,0,2,1,391.25,7.0,68.8500816,1,1,SPECIAL EQUIPMENT,UPPER APEX,LANG_09,Round-Trip,apple,Direct,Direct,Logged-In,AREA_C,AREA_B,AREA_C_TO_AREA_B,CA,BU,120_plus,very_high,15_30,Y,E,0,0.3913208008646967,26.94246907131172
20.0,48.241998800000005,14.506944444444445,2,2,0,0,0,0,0,1,0,2,1,350.1666666666667,11.0,46.77036,6,1,SPECIAL EQUIPMENT,CENTRAL APEX,LANG_09,Round-Trip,microsoft,Direct,Organic Search,Logged-In,AREA_C,AREA_C,AREA_C_TO_AREA_C,CA,CU,15_30,mid,15_30,Y,U,0,0.5756488451997376,26.923303723575998
19.0,153.0388711,5.170138888888889,3,2,1,0,0,0,1,0,0,2,1,127.08333333333333,18.0,44.9715,3,1,SPECIAL EQUIPMENT,GREAT MERIDIAN,LANG_09,Round-Trip,google,Direct,Direct,Logged-Out,AREA_C,AREA_B,AREA_C_TO_AREA_B,CA,BO,15_30,very_high,6_8,Y,T,0,0.5984893324945685,26.914963016279486
55.0,98.2678671,3.9444444444444446,2,2,0,0,0,0,0,0,0,2,1,95.25,8.0,42.83,5,1,SPECIAL EQUIPMENT,UPPER APEX,LANG_09,Round-Trip,google,Paid Search,Paid Search,Logged-Out,AREA_C,AREA_B,AREA_C_TO_AREA_B,CA,BI,31_60,high,3_5,Y,W,0,0.628311814160166,26.91059500047991
8.0,63.8445395,7.15625,2,2,0,0,0,0,0,1,1,2,1,173.66666666666666,18.0,85.66,2,1,SPECIAL EQUIPMENT,EAST ZENITH,LANG_08,Round-Trip,google,Organic Search,Paid Search,Logged-In,AREA_C,AREA_B,AREA_C_TO_AREA_B,CA,BE,8_14,high,6_8,Y,U,0,0.31413697586405465,26.90897335251492
31.0,43.275432,26.45138888888889,2,2,0,0,0,0,0,0,0,3,1,635.8333333333334,12.0,43.2617264,2,0,SPECIAL EQUIPMENT,SOUTH HORIZON,LANG_02,Round-Trip,apple,Direct,MetaSearches,Logged-Out,AREA_C,AREA_B,AREA_C_TO_AREA_B,CU,BO,31_60,mid,15_30,Y,U,0,0.6217344737766356,26.897306697972784
144.0,145.6031548,4.128472222222222,4,4,0,0,0,0,0,0,0,2,1,101.25,20.0,42.83,3,1,SPECIAL EQUIPMENT,UPPER APEX,LANG_09,Round-Trip,google,Organic Search,Organic Search,Logged-Out,AREA_C,AREA_B,AREA_C_TO_AREA_B,CA,BI,120_plus,very_high,3_5,Y,L,0,0.6278341177061257,26.890135261353365
14.0,43.3756542,4.15625,2,2,0,0,0,0,0,0,0,2,1,101.66666666666667,12.0,85.66,5,1,SPECIAL EQUIPMENT,UPPER APEX,LANG_09,Round-Trip,google,Organic Search,Organic Search,Logged-Out,AREA_C,AREA_B,AREA_C_TO_AREA_B,CA,BE,8_14,mid,3_5,Y,W,0,0.31383922894535293,26.88346835145893
57.0,126.3724848,4.086805555555555,4,4,0,0,0,0,0,0,0,2,1,98.66666666666667,22.0,42.83,5,1,SPECIAL EQUIPMENT,UPPER APEX,LANG_09,Round-Trip,google,Paid Search,Paid Search,Logged-Out,AREA_C,AREA_B,AREA_C_TO_AREA_B,CA,BI,31_60,very_high,3_5,Y,O,0,0.6276685085664624,26.883042221901583
104.0,82.8726236,7.21875,1,1,0,0,0,0,0,1,1,2,1,187.66666666666666,11.0,38.547,4,1,SPECIAL EQUIPMENT,NORTH MERIDIAN,LANG_02,Round-Trip,google,MetaSearches,MetaSearches,Logged-In,AREA_C,AREA_B,AREA_C_TO_AREA_B,CA,BI,61_120,high,6_8,Y,U,0,0.697358503902975,26.881078249947976
125.0,106.4064237,6.447916666666667,1,1,0,0,0,0,0,0,0,2,1,175.33333333333334,13.0,38.547,4,1,SPECIAL EQUIPMENT,UPPER APEX,LANG_09,Round-Trip,google,Direct,MetaSearches,Logged-Out,AREA_C,AREA_D,AREA_C_TO_AREA_D,CA,DA,120_plus,very_high,6_8,Y,O,0,0.6964465352865091,26.845924595689066
184.0,252.709849,7.277777777777778,4,4,0,0,0,0,0,0,0,2,1,194.25,10.0,40.6885,2,1,SPECIAL EQUIPMENT,UPPER APEX,LANG_09,Round-Trip,google,Direct,Direct,Logged-Out,AREA_C,AREA_D,AREA_C_TO_AREA_D,CA,DA,120_plus,very_high,6_8,Y,O,0,0.6595563358997419,26.83635797325665
62.0,46.3403468,13.565972222222221,1,1,0,0,0,0,0,0,0,6,1,326.4166666666667,18.0,42.6963704,2,0,SPECIAL EQUIPMENT,LOWER ZENITH,LANG_02,Round-Trip,google,MetaSearches,MetaSearches,Logged-Out,AREA_C,AREA_C,AREA_C_TO_AREA_C,CE,CU,61_120,mid,9_14,Y,L,0,0.6282996069745682,26.82611274156059
20.0,104.5921449,,1,1,0,0,0,0,0,0,0,1,0,19.583333333333332,11.0,38.547,3,1,SPECIAL EQUIPMENT,UPPER APEX,LANG_09,One-Way,google,Direct,Organic Search,Logged-Out,AREA_D,AREA_C,AREA_D_TO_AREA_C,DA,CA,15_30,very_high,unknown_or_oneway,Y,V,0,0.6953060778997121,26.8019633848002
146.0,193.009112,8.215277777777779,5,2,0,2,1,1,0,0,0,2,1,201.08333333333334,11.0,42.83,6,1,SPECIAL EQUIPMENT,UPPER APEX,LANG_09,Round-Trip,apple,Direct,Direct,Logged-Out,AREA_C,AREA_C,AREA_C_TO_AREA_C,CA,CI,120_plus,very_high,9_14,Y,W,0,0.6256962982240348,26.79857245293541
106.0,176.6677538,14.434027777777779,2,2,0,0,0,0,0,0,0,2,1,350.25,22.0,50.2841332,5,1,SPECIAL EQUIPMENT,UPPER APEX,LANG_02,Round-Trip,google,Direct,MetaSearches,Logged-Out,AREA_C,AREA_C,AREA_C_TO_AREA_C,CA,CE,61_120,very_high,15_30,Y,W,0,0.5323328294714641,26.767894903875987
151.0,67.765626,8.51388888888889,3,3,0,0,0,0,0,1,1,2,1,206.33333333333334,19.0,85.66,6,1,SPECIAL EQUIPMENT,UPPER APEX,LANG_09,Round-Trip,apple,Direct,Direct,Logged-In,AREA_C,AREA_B,AREA_C_TO_AREA_B,CA,BE,120_plus,high,9_14,Y,U,0,0.3124634289140157,26.76561732077458
4.0,122.9529376,3.513888888888889,4,2,0,2,0,1,0,0,0,2,1,86.25,16.0,42.83,5,1,SPECIAL EQUIPMENT,UPPER APEX,LANG_09,Round-Trip,google,Paid Search,MetaSearches,Logged-Out,AREA_C,AREA_B,AREA_C_TO_AREA_B,CA,BI,4_7,very_high,3_5,Y,V,0,0.6248102251566628,26.760621943459867
47.0,215.50514120000005,8.447916666666666,4,2,0,1,1,1,0,1,0,2,1,206.91666666666666,22.0,42.83,4,1,SPECIAL EQUIPMENT,UPPER APEX,LANG_09,Round-Trip,microsoft,Paid Search,Paid Search,Logged-In,AREA_C,AREA_C,AREA_C_TO_AREA_C,CA,CE,31_60,very_high,9_14,Y,O,0,0.6240688434353526,26.728868564336153
175.0,80.597494,11.979166666666666,2,2,0,0,0,0,0,0,0,4,1,289.5833333333333,14.0,37.6424304,2,0,SPECIAL EQUIPMENT,LOWER ZENITH,LANG_02,Round-Trip,apple,Direct,Direct,Logged-Out,AREA_C,AREA_B,AREA_C_TO_AREA_B,CE,BU,120_plus,high,9_14,Y,O,0,0.7097436520256034,26.7164760232156
0.0,69.1635972,10.15625,1,1,0,0,0,0,0,0,0,4,1,245.83333333333334,18.0,42.6963704,6,0,SPECIAL EQUIPMENT,LOWER VERTEX,LANG_02,Round-Trip,google,Organic Search,Paid Search,Logged-Out,AREA_C,AREA_C,AREA_C_TO_AREA_C,CE,CU,invalid_or_past,high,9_14,Y,Q,0,0.6255077192398111,26.70690926872218
89.0,132.897207,12.51736111111111,1,1,0,0,0,0,0,0,0,2,1,304.0,22.0,77.496602,2,1,SPECIAL EQUIPMENT,UPPER APEX,LANG_09,Round-Trip,apple,Direct,Direct,Logged-Out,AREA_D,AREA_C,AREA_D_TO_AREA_C,DA,CA,61_120,very_high,9_14,Y,L,0,0.34458959085032237,26.704522375470273
36.0,45.4786072,6.197916666666667,2,2,0,0,0,0,0,1,1,2,1,152.25,12.0,77.094,4,1,SPECIAL EQUIPMENT,UPPER APEX,LANG_09,Round-Trip,google,Direct,Paid Search,Logged-In,AREA_C,AREA_B,AREA_C_TO_AREA_B,CA,BA,31_60,mid,6_8,Y,O,0,0.34629126386281517,26.69697869623987
14.0,75.3953622,4.489583333333333,2,2,0,0,0,0,0,0,0,2,1,108.33333333333333,19.0,42.83,5,1,SPECIAL EQUIPMENT,UPPER APEX,LANG_09,Round-Trip,apple,Organic Search,Organic Search,Logged-Out,AREA_C,AREA_B,AREA_C_TO_AREA_B,CA,BI,8_14,high,3_5,Y,U,0,0.6227279748825665,26.67143916422032
157.0,68.386661,2.71875,2,2,0,0,0,0,0,0,0,4,1,67.91666666666667,13.0,48.9581164,6,0,SPECIAL EQUIPMENT,NEW MERIDIAN,LANG_02,Round-Trip,apple,Direct,Direct,Logged-Out,AREA_C,AREA_C,AREA_C_TO_AREA_C,CI,CI,120_plus,high,3_5,Y,W,0,0.544213470682402,26.643666444117024
52.0,49.9453479,7.46875,3,3,0,0,0,0,0,0,0,4,1,180.25,19.0,40.6885,4,0,SPECIAL EQUIPMENT,UPPER APEX,LANG_09,Round-Trip,google,Direct,Direct,Logged-Out,AREA_C,AREA_B,AREA_C_TO_AREA_B,CE,BU,31_60,mid,6_8,Y,O,0,0.6536843401791227,26.59743527537823
57.0,30.8358868,6.517361111111111,2,2,0,0,0,0,0,1,0,2,1,158.58333333333334,9.0,42.83,3,1,SPECIAL EQUIPMENT,UPPER APEX,LANG_09,Round-Trip,apple,Direct,Direct,Logged-In,AREA_C,AREA_B,AREA_C_TO_AREA_B,CA,BI,31_60,low,6_8,Y,O,1,0.6202504766655773,26.565327915586675
20.0,108.9689426,4.743055555555555,2,2,0,0,0,0,0,0,0,2,1,115.33333333333333,8.0,42.83,5,1,SPECIAL EQUIPMENT,UPPER APEX,LANG_09,Round-Trip,google,Organic Search,Organic Search,Logged-Out,AREA_C,AREA_B,AREA_C_TO_AREA_B,CA,BI,15_30,very_high,3_5,Y,L,0,0.620112600177454,26.55942266560035
27.0,72.3338738,4.097222222222222,2,2,0,0,0,0,0,0,0,2,1,100.0,16.0,42.83,5,1,SPECIAL EQUIPMENT,UPPER APEX,LANG_09,Round-Trip,apple,Direct,Direct,Logged-Out,AREA_C,AREA_C,AREA_C_TO_AREA_C,CA,CO,15_30,high,3_5,Y,U,0,0.6198532570906378,26.548315001192016
124.0,94.7125488,7.239583333333333,3,2,0,1,0,1,0,0,0,2,1,178.58333333333334,13.0,38.547,2,1,SPECIAL EQUIPMENT,UPPER APEX,LANG_09,Round-Trip,mozilla,Email,Referrals,Logged-Out,AREA_C,AREA_B,AREA_C_TO_AREA_B,CA,BI,120_plus,high,6_8,Y,O,0,0.6885313188588815,26.540816748053302
32.0,177.3731639,7.4375,2,2,0,0,0,0,0,0,0,2,1,182.25,20.0,42.83,2,1,SPECIAL EQUIPMENT,UPPER VERTEX,LANG_10,Round-Trip,apple,Organic Search,Organic Search,Logged-Out,AREA_C,AREA_C,AREA_C_TO_AREA_C,CA,CE,31_60,very_high,6_8,Y,W,0,0.6191658803754958,26.518874656482485
9.0,71.74025,3.138888888888889,2,2,0,0,0,0,0,0,0,2,1,77.66666666666667,11.0,72.275625,4,1,SPECIAL EQUIPMENT,UPPER APEX,LANG_09,Round-Trip,apple,Direct,Paid Search,Logged-Out,AREA_C,AREA_C,AREA_C_TO_AREA_C,CA,CU,8_14,high,3_5,Y,W,0,0.36680529648503885,26.511082056766487
159.0,29.437915599999997,5.513888888888889,2,2,0,0,0,0,0,0,0,2,1,134.33333333333334,20.0,85.66,3,1,SPECIAL EQUIPMENT,UPPER APEX,LANG_09,Round-Trip,opera,Paid Search,Paid Search,Logged-Out,AREA_C,AREA_B,AREA_C_TO_AREA_B,CA,BE,120_plus,low,6_8,Y,O,0,0.30887090103912584,26.457881383011518
124.0,180.254338,12.097222222222221,2,2,0,0,0,0,0,0,0,2,1,304.75,11.0,42.4017,2,1,SPECIAL EQUIPMENT,UPPER APEX,LANG_09,Round-Trip,google,Direct,Referrals,Logged-Out,AREA_C,AREA_B,AREA_C_TO_AREA_B,CA,BI,120_plus,very_high,9_14,Y,U,0,0.623360047083398,26.431525708416114
90.0,84.97985960000001,7.121527777777778,3,1,1,1,0,1,1,0,0,2,1,172.83333333333334,18.0,42.83,3,1,SPECIAL EQUIPMENT,UPPER VERTEX,LANG_11,Round-Trip,apple,Direct,Direct,Logged-Out,AREA_C,AREA_B,AREA_C_TO_AREA_B,CA,BI,61_120,high,6_8,Y,T,0,0.6170288129468967,26.427344058515587
19.0,113.0519265,,5,3,0,2,0,1,0,0,0,2,1,6.416666666666667,22.0,32.1225,3,0,SPECIAL EQUIPMENT,UPPER APEX,LANG_09,One-Way,apple,Paid Search,Paid Search,Logged-Out,AREA_B,AREA_C,AREA_B_TO_AREA_C,BE,CU,15_30,very_high,unknown_or_oneway,Y,W,1,0.8226074494156272,26.424207793853487
155.0,106.8338671,10.979166666666666,2,2,0,0,0,0,0,0,0,4,1,265.5833333333333,20.0,37.6424304,2,0,SPECIAL EQUIPMENT,LOWER ZENITH,LANG_02,Round-Trip,google,Direct,Direct,Logged-Out,AREA_C,AREA_B,AREA_C_TO_AREA_B,CE,BU,120_plus,very_high,9_14,Y,L,0,0.7016316938011662,26.41112220034451
29.0,111.3806999,5.385416666666667,1,1,0,0,0,0,0,0,0,2,1,142.66666666666666,17.0,38.547,4,1,SPECIAL EQUIPMENT,UPPER APEX,LANG_09,Round-Trip,google,Direct,Direct,Logged-Out,AREA_C,AREA_B,AREA_C_TO_AREA_B,CA,BI,15_30,very_high,6_8,Y,W,0,0.6849769803864867,26.4038076629579
58.0,231.6023684,7.236111111111111,2,2,0,0,0,0,0,1,1,2,1,194.25,15.0,38.547,2,1,SPECIAL EQUIPMENT,UPPER APEX,LANG_09,Round-Trip,google,Paid Search,Paid Search,Logged-In,AREA_C,AREA_D,AREA_C_TO_AREA_D,CA,DA,31_60,very_high,6_8,Y,L,0,0.6849302573984805,26.402006631939223
44.0,134.5358828,3.9409722222222223,2,2,0,0,0,0,0,0,0,2,1,95.16666666666667,19.0,42.83,5,1,SPECIAL EQUIPMENT,UPPER APEX,LANG_09,Round-Trip,microsoft,Referrals,Affiliate,Logged-Out,AREA_C,AREA_B,AREA_C_TO_AREA_B,CA,BI,31_60,very_high,3_5,Y,W,0,0.6159438119048342,26.380873463884047
59.0,323.3048248,6.065972222222222,2,2,0,0,0,0,0,0,0,4,1,147.91666666666666,14.0,34.5055612,4,0,SPECIAL EQUIPMENT,OLD ZENITH,LANG_02,Round-Trip,apple,Direct,Direct,Logged-Out,AREA_B,AREA_B,AREA_B_TO_AREA_B,BU,BU,31_60,very_high,6_8,Y,Y,0,0.7639315541687024,26.359886994979277
73.0,134.5020471,7.222222222222222,1,1,0,0,0,0,0,0,0,2,1,187.91666666666666,19.0,38.547,5,1,SPECIAL EQUIPMENT,UPPER APEX,LANG_09,Round-Trip,apple,Paid Search,Paid Search,Logged-Out,AREA_C,AREA_B,AREA_C_TO_AREA_B,CA,BI,61_120,very_high,6_8,Y,W,0,0.6810626204413651,26.2529208301533
81.0,35.6534052,7.15625,2,2,0,0,0,0,0,0,0,2,1,173.66666666666666,11.0,85.66,6,1,SPECIAL EQUIPMENT,UPPER APEX,LANG_02,Round-Trip,google,Email,Email,Logged-Out,AREA_C,AREA_B,AREA_C_TO_AREA_B,CA,BE,61_120,mid,6_8,Y,O,0,0.3062572269181418,26.233994057808022
76.0,52.2534566,6.069444444444445,3,3,0,0,0,0,0,0,0,4,1,146.66666666666666,23.0,40.6885,4,0,SPECIAL EQUIPMENT,UPPER APEX,LANG_09,Round-Trip,apple,Paid Search,Paid Search,Logged-Out,AREA_C,AREA_B,AREA_C_TO_AREA_B,CE,BU,61_120,mid,6_8,Y,O,0,0.6445733014029195,26.226720774132687
47.0,147.9459558,6.28125,3,3,0,0,0,0,0,0,0,2,1,157.41666666666666,21.0,42.83,4,1,SPECIAL EQUIPMENT,UPPER APEX,LANG_09,Round-Trip,google,Direct,Paid Search,Logged-Out,AREA_C,AREA_B,AREA_C_TO_AREA_B,CA,BE,31_60,very_high,6_8,Y,O,0,0.6122146186488164,26.221152116728806
21.0,112.2351584,4.229166666666667,2,2,0,0,0,0,0,0,0,3,1,103.41666666666667,22.0,42.83,4,1,SPECIAL EQUIPMENT,UPPER APEX,LANG_09,Round-Trip,google,Paid Search,Paid Search,Logged-Out,AREA_C,AREA_C,AREA_C_TO_AREA_C,CA,CU,15_30,very_high,3_5,Y,Q,0,0.6121691179568708,26.219203322092774
6.0,275.9262788,5.190972222222222,4,3,1,0,0,0,1,0,0,4,1,125.58333333333333,19.0,40.6885,4,0,SPECIAL EQUIPMENT,UPPER APEX,LANG_09,Round-Trip,apple,Direct,Direct,Logged-Out,AREA_C,AREA_B,AREA_C_TO_AREA_B,CE,BU,4_7,very_high,6_8,Y,S,0,0.644190726143547,26.21115436069171
112.0,61.6841943,9.958333333333334,4,2,1,1,0,1,1,0,0,2,1,240.66666666666666,11.0,42.83,3,1,SPECIAL EQUIPMENT,UPPER APEX,LANG_02,Round-Trip,google,Direct,Email,Logged-Out,AREA_C,AREA_C,AREA_C_TO_AREA_C,CA,CO,61_120,high,9_14,Y,O,0,0.6119178471319605,26.208441392661868
19.0,69.84887719999999,6.163194444444445,2,2,0,0,0,0,0,0,0,2,1,153.0,15.0,42.83,4,1,SPECIAL EQUIPMENT,UPPER APEX,LANG_02,Round-Trip,google,Direct,Direct,Logged-Out,AREA_C,AREA_B,AREA_C_TO_AREA_B,CA,BO,15_30,high,6_8,Y,L,0,0.6118362652546705,26.204947240857535
59.0,29.867500499999995,,2,2,0,0,0,0,0,0,0,2,1,5.416666666666667,13.0,32.2959615,5,0,SPECIAL EQUIPMENT,LOWER MERIDIAN,LANG_02,One-Way,google,Paid Search,Paid Search,Logged-Out,AREA_C,AREA_B,AREA_C_TO_AREA_B,CO,BA,31_60,low,unknown_or_oneway,Y,U,0,0.8113466558552327,26.203220360654342
102.0,36.9271694,7.118055555555555,2,2,0,0,0,0,0,0,0,2,1,172.83333333333334,23.0,42.83,6,1,SPECIAL EQUIPMENT,UPPER APEX,LANG_09,Round-Trip,google,Paid Search,Paid Search,Logged-Out,AREA_C,AREA_C,AREA_C_TO_AREA_C,CA,CO,61_120,mid,6_8,Y,U,0,0.6112360417000903,26.179239666014865
34.0,238.4585948,6.493055555555555,1,1,0,0,0,0,0,0,0,4,1,157.16666666666666,22.0,38.3945252,4,0,SPECIAL EQUIPMENT,CENTRAL AURORA,LANG_01,Round-Trip,microsoft,Direct,Paid Search,Logged-Out,AREA_B,AREA_B,AREA_B_TO_AREA_B,BO,BU,31_60,very_high,6_8,Y,Y,0,0.6815761864166174,26.168794065092715
231.0,32.6638712,6.513888888888889,2,2,0,0,0,0,0,1,0,2,1,158.33333333333334,21.0,85.66,3,1,SPECIAL EQUIPMENT,UPPER APEX,LANG_09,Round-Trip,apple,Direct,Direct,Logged-In,AREA_C,AREA_B,AREA_C_TO_AREA_B,CA,BE,120_plus,low,6_8,Y,U,0,0.3053066379290926,26.15256660500607
17.0,42.7940228,3.517361111111111,2,2,0,0,0,0,0,0,0,2,1,86.41666666666667,18.0,47.113,5,1,SPECIAL EQUIPMENT,UPPER APEX,LANG_02,Round-Trip,google,Paid Search,Paid Search,Logged-Out,AREA_C,AREA_B,AREA_C_TO_AREA_B,CA,BI,15_30,mid,3_5,Y,U,0,0.5549218194332911,26.144031678960644
1.0,84.3172795,10.690972222222221,1,1,0,0,0,0,0,0,0,4,1,259.25,10.0,39.4344376,1,0,SPECIAL EQUIPMENT,NEW MERIDIAN,LANG_02,Round-Trip,google,Direct,Direct,Logged-Out,AREA_C,AREA_C,AREA_C_TO_AREA_C,CI,CE,0_3,high,9_14,Y,Q,0,0.6625744336270671,26.128250158221924
39.0,103.2185868,2.3854166666666665,3,3,0,0,0,0,0,0,0,2,1,59.25,14.0,85.66,6,1,SPECIAL EQUIPMENT,UPPER APEX,LANG_02,Round-Trip,microsoft,Direct,Direct,Logged-Out,AREA_C,AREA_B,AREA_C_TO_AREA_B,CA,BE,31_60,very_high,3_5,Y,V,0,0.30495807615752735,26.12270880365379
13.0,198.3936996,8.239583333333334,2,2,0,0,0,0,0,0,0,2,1,204.41666666666666,20.0,42.83,5,1,SPECIAL EQUIPMENT,UPPER APEX,LANG_09,Round-Trip,google,Paid Search,Paid Search,Logged-Out,AREA_C,AREA_B,AREA_C_TO_AREA_B,CA,BE,8_14,very_high,9_14,Y,T,0,0.6094402373029763,26.10232536368647
117.0,738.7939435000001,15.666666666666666,3,3,0,0,0,0,0,0,0,4,1,379.0833333333333,23.0,38.0253306,2,0,SPECIAL EQUIPMENT,OLD AURORA,LANG_02,Round-Trip,apple,Direct,Direct,Logged-Out,AREA_B,AREA_B,AREA_B_TO_AREA_B,BO,BU,61_120,very_high,15_30,Y,H,0,0.6862216838370452,26.093806392792317
23.0,56.361710200000005,,2,2,0,0,0,0,0,0,0,2,1,4.583333333333333,12.0,31.7999901,4,0,SPECIAL EQUIPMENT,EAST HORIZON,LANG_02,One-Way,apple,Direct,Direct,Logged-Out,AREA_C,AREA_C,AREA_C_TO_AREA_C,CE,CU,15_30,high,unknown_or_oneway,Y,L,0,0.8201921353141071,26.082101783086465
99.0,17.952194499999997,,1,1,0,0,0,0,0,0,0,2,1,5.0,12.0,36.0774222,4,0,SPECIAL EQUIPMENT,NEW MERIDIAN,LANG_02,One-Way,google,Paid Search,Paid Search,Logged-Out,AREA_C,AREA_C,AREA_C_TO_AREA_C,CI,CI,61_120,very_low,unknown_or_oneway,Y,W,0,0.722239715298404,26.05654713842832
35.0,156.3020888,,2,2,0,0,0,0,0,1,0,1,0,9.083333333333334,16.0,42.83,4,1,SPECIAL EQUIPMENT,UPPER APEX,LANG_09,Round-Trip,google,Direct,Direct,Logged-In,AREA_C,AREA_C,AREA_C_TO_AREA_C,CA,CE,31_60,very_high,unknown_or_oneway,Y,L,0,0.6081542944948152,26.047248433212932
0.0,131.2345464,1.5381944444444444,2,2,0,0,0,0,0,0,0,3,1,38.416666666666664,13.0,64.245,5,1,SPECIAL EQUIPMENT,UPPER APEX,LANG_09,Round-Trip,google,Paid Search,Paid Search,Logged-Out,AREA_C,AREA_D,AREA_C_TO_AREA_D,CA,DA,invalid_or_past,very_high,1_2,Y,S,0,0.40534745539875133,26.04154727209278
133.0,56.3480046,9.128472222222221,4,2,1,1,0,1,1,1,0,2,1,221.25,12.0,42.83,3,1,SPECIAL EQUIPMENT,UPPER APEX,LANG_09,Round-Trip,google,Paid Search,Affiliate,Logged-In,AREA_C,AREA_B,AREA_C_TO_AREA_B,CA,BI,120_plus,high,9_14,Y,O,0,0.6080202778314789,26.04150849952224
152.0,875.5719768,15.0,4,2,0,2,0,1,0,1,0,2,1,367.25,23.0,77.094,5,1,SPECIAL EQUIPMENT,UPPER APEX,LANG_09,Round-Trip,mozilla,Direct,Organic Search,Logged-In,AREA_C,AREA_B,AREA_C_TO_AREA_B,CA,BU,120_plus,very_high,15_30,Y,T,0,0.337677342982315,26.03289707987859
333.0,167.8045136,6.204861111111111,4,2,1,1,0,1,1,0,0,2,1,152.41666666666666,11.0,77.094,3,1,SPECIAL EQUIPMENT,UPPER APEX,LANG_09,Round-Trip,mozilla,Direct,Affiliate,Logged-Out,AREA_C,AREA_B,AREA_C_TO_AREA_B,CA,BA,120_plus,very_high,6_8,Y,V,0,0.3374845112990634,26.018030914089994
152.0,187.5080268,14.458333333333334,2,2,0,0,0,0,0,0,0,2,1,350.8333333333333,13.0,50.2841332,5,1,SPECIAL EQUIPMENT,UPPER APEX,LANG_09,Round-Trip,apple,Direct,Direct,Logged-Out,AREA_C,AREA_C,AREA_C_TO_AREA_C,CA,CE,120_plus,very_high,15_30,Y,V,0,0.5173505559423301,26.01452426609818
19.0,138.3169152,4.253472222222222,3,3,0,0,0,0,0,1,0,2,1,108.75,15.0,42.83,4,1,SPECIAL EQUIPMENT,UPPER APEX,LANG_09,Round-Trip,apple,Direct,Direct,Logged-In,AREA_C,AREA_B,AREA_C_TO_AREA_B,CA,BE,15_30,very_high,3_5,Y,W,0,0.6068125359250798,25.989780913671165
26.0,228.34343369999996,8.809027777777779,1,1,0,0,0,0,0,0,0,4,1,215.0,12.0,34.4515954,5,0,SPECIAL EQUIPMENT,GREAT HORIZON,LANG_02,Round-Trip,google,Paid Search,Paid Search,Logged-Out,AREA_B,AREA_B,AREA_B_TO_AREA_B,BI,BU,15_30,very_high,9_14,Y,H,0,0.7540067289806437,25.976734755718592
92.0,287.7751983,13.065972222222221,2,2,0,0,0,0,0,1,0,2,1,318.5833333333333,21.0,81.377,2,1,SPECIAL EQUIPMENT,EAST ZENITH,LANG_02,Round-Trip,apple,Direct,Direct,Logged-In,AREA_C,AREA_C,AREA_C_TO_AREA_C,CA,CA,61_120,very_high,9_14,Y,V,0,0.31900430813177044,25.959613582839083
15.0,83.706952,3.4895833333333335,2,2,0,0,0,0,0,0,0,2,1,84.33333333333333,16.0,42.83,5,1,SPECIAL EQUIPMENT,UPPER APEX,LANG_09,Round-Trip,apple,Direct,Direct,Logged-Out,AREA_C,AREA_B,AREA_C_TO_AREA_B,CA,BI,15_30,high,3_5,Y,L,0,0.6057466945275629,25.944130926615518
39.0,198.9247916,6.666666666666667,4,4,0,0,0,0,0,0,0,4,1,160.91666666666666,20.0,40.6885,4,0,SPECIAL EQUIPMENT,UPPER APEX,LANG_09,Round-Trip,mozilla,Paid Search,MetaSearches,Logged-Out,AREA_C,AREA_B,AREA_C_TO_AREA_B,CE,BU,31_60,very_high,6_8,Y,L,0,0.6376159466319852,25.943636444535528
59.0,255.472384,7.097222222222222,2,2,0,0,0,0,0,0,0,2,1,184.75,14.0,38.547,4,1,SPECIAL EQUIPMENT,UPPER APEX,LANG_09,Round-Trip,google,Paid Search,Paid Search,Logged-Out,AREA_C,AREA_B,AREA_C_TO_AREA_B,CA,BI,31_60,very_high,6_8,Y,W,0,0.6729260171643463,25.939279183634056
60.0,343.2901594,15.4375,3,2,0,1,0,1,0,0,0,2,1,374.25,14.0,42.83,2,1,SPECIAL EQUIPMENT,UPPER APEX,LANG_09,Round-Trip,apple,Direct,Direct,Logged-Out,AREA_C,AREA_C,AREA_C_TO_AREA_C,CA,CE,31_60,very_high,15_30,Y,Q,0,0.6052063355786826,25.920987352834977
0.0,73.543393,5.184027777777778,2,2,0,0,0,0,0,1,1,2,1,129.5,2.0,42.83,3,1,SPECIAL EQUIPMENT,LOWER VERTEX,LANG_02,Round-Trip,google,Paid Search,Paid Search,Logged-In,AREA_C,AREA_B,AREA_C_TO_AREA_B,CA,BI,invalid_or_past,high,6_8,Y,V,0,0.6050646526581741,25.914919073349594
20.0,108.5534916,5.239583333333333,2,2,0,0,0,0,0,0,0,2,1,130.75,22.0,42.83,3,1,SPECIAL EQUIPMENT,UPPER APEX,LANG_09,Round-Trip,google,Paid Search,Paid Search,Logged-Out,AREA_C,AREA_B,AREA_C_TO_AREA_B,CA,BO,15_30,very_high,6_8,Y,T,0,0.6041761876128101,25.876866115456657
13.0,162.8842032,7.190972222222222,2,2,0,0,0,0,0,0,0,2,1,177.66666666666666,22.0,42.83,2,1,SPECIAL EQUIPMENT,UPPER APEX,LANG_09,Round-Trip,mozilla,Paid Search,Paid Search,Logged-Out,AREA_C,AREA_B,AREA_C_TO_AREA_B,CA,BO,8_14,very_high,6_8,Y,E,0,0.6041047082986918,25.873804656432966
118.0,30.3797473,6.517361111111111,1,1,0,0,0,0,0,0,0,2,1,158.5,20.0,42.3348852,3,1,SPECIAL EQUIPMENT,UPPER VERTEX,LANG_11,Round-Trip,google,MetaSearches,MetaSearches,Logged-Out,AREA_C,AREA_B,AREA_C_TO_AREA_B,CA,BI,61_120,low,6_8,Y,L,0,0.6111217225346811,25.87176796673198
46.0,69.5520653,13.229166666666666,1,1,0,0,0,0,0,0,0,4,1,318.75,17.0,33.5992784,2,0,SPECIAL EQUIPMENT,UPPER HORIZON,LANG_02,Round-Trip,mozilla,MetaSearches,MetaSearches,Logged-Out,AREA_C,AREA_B,AREA_C_TO_AREA_B,CI,BI,31_60,high,9_14,Y,O,0,0.7698429704674109,25.86616828901752
138.0,101.7846384,7.503472222222222,2,2,0,0,0,0,0,0,0,2,1,182.25,9.0,36.4055,5,1,SPECIAL EQUIPMENT,UPPER APEX,LANG_09,Round-Trip,mozilla,Direct,Paid Search,Logged-Out,AREA_C,AREA_C,AREA_C_TO_AREA_C,CA,CI,120_plus,high,6_8,Y,L,0,0.7100097664370726,25.848260552024847
75.0,181.2454242,7.989583333333333,2,2,0,0,0,0,0,0,0,4,1,193.83333333333334,22.0,37.6424304,4,0,SPECIAL EQUIPMENT,LOWER ZENITH,LANG_02,Round-Trip,google,Paid Search,Paid Search,Logged-Out,AREA_C,AREA_B,AREA_C_TO_AREA_B,CE,BU,61_120,very_high,6_8,Y,V,0,0.686335013190445,25.83531796510441
58.0,246.8447088,10.440972222222221,3,1,1,1,0,1,1,0,0,2,1,254.33333333333334,19.0,42.83,2,1,SPECIAL EQUIPMENT,UPPER APEX,LANG_09,Round-Trip,microsoft,Direct,Direct,Logged-Out,AREA_C,AREA_C,AREA_C_TO_AREA_C,CA,CE,31_60,very_high,9_14,Y,O,0,0.6031622913367057,25.833440937951107
56.0,37.4389879,9.958333333333334,2,2,0,0,0,0,0,0,0,2,1,240.66666666666666,22.0,42.83,3,1,SPECIAL EQUIPMENT,UPPER APEX,LANG_09,Round-Trip,apple,Direct,Direct,Logged-Out,AREA_C,AREA_C,AREA_C_TO_AREA_C,CA,CO,31_60,mid,9_14,Y,O,0,0.6031485814708131,25.832853744394924
17.0,32.4754192,6.416666666666667,2,2,0,0,0,0,0,0,0,2,1,157.0,12.0,42.83,3,1,SPECIAL EQUIPMENT,UPPER APEX,LANG_09,Round-Trip,mozilla,Paid Search,Paid Search,Logged-Out,AREA_C,AREA_C,AREA_C_TO_AREA_C,CA,CI,15_30,low,6_8,Y,O,0,0.603039146447009,25.828166642325392
91.0,363.24123,,2,2,0,0,0,0,0,1,0,2,1,449.8333333333333,19.0,41.438025,5,1,SPECIAL EQUIPMENT,UPPER APEX,LANG_09,Multi-City,apple,Paid Search,Paid Search,Logged-In,AREA_C,AREA_C,AREA_C_TO_AREA_C,CA,CA,61_120,very_high,unknown_or_oneway,Y,W,0,0.6230172613699916,25.816604852081248
11.0,358.1384638,5.982638888888889,1,1,0,0,0,0,0,0,0,2,1,164.16666666666666,13.0,38.547,3,1,SPECIAL EQUIPMENT,UPPER APEX,LANG_09,Round-Trip,mozilla,Direct,Paid Search,Logged-Out,AREA_C,AREA_D,AREA_C_TO_AREA_D,CA,DA,8_14,very_high,6_8,P,A,0,0.6696181313390179,25.81177010872512
204.0,87.67129680000001,9.215277777777779,4,2,0,2,0,1,0,1,1,2,1,225.08333333333334,22.0,42.83,6,1,SPECIAL EQUIPMENT,UPPER APEX,LANG_09,Round-Trip,apple,Direct,Direct,Logged-In,AREA_C,AREA_C,AREA_C_TO_AREA_C,CA,CI,120_plus,high,9_14,Y,L,0,0.6025477116257647,25.8071184889315
54.0,171.6009648,10.427083333333334,2,2,0,0,0,0,0,0,0,2,1,266.4166666666667,10.0,57.8205,2,1,SPECIAL EQUIPMENT,LOWER VERTEX,LANG_02,Round-Trip,apple,Paid Search,Organic Search,Logged-Out,AREA_C,AREA_B,AREA_C_TO_AREA_B,CA,BO,31_60,very_high,9_14,Y,O,0,0.44614315592180837,25.79622034697692
20.0,89.26885580000001,3.7430555555555554,2,2,0,0,0,0,0,1,0,2,1,91.33333333333333,12.0,42.83,1,1,SPECIAL EQUIPMENT,UPPER APEX,LANG_09,Round-Trip,apple,Direct,MetaSearches,Logged-In,AREA_C,AREA_B,AREA_C_TO_AREA_B,CA,BI,15_30,high,3_5,Y,U,0,0.6022716648710303,25.795295406426227
174.0,71.260554,6.197916666666667,2,2,0,0,0,0,0,1,0,2,1,152.25,13.0,77.094,4,1,SPECIAL EQUIPMENT,UPPER APEX,LANG_09,Round-Trip,apple,Direct,Direct,Logged-In,AREA_C,AREA_B,AREA_C_TO_AREA_B,CA,BA,120_plus,high,6_8,Y,O,0,0.3341856657549989,25.763709715715883
37.0,265.7892744,,1,1,0,0,0,0,0,1,1,1,0,20.583333333333332,23.0,38.547,2,1,SPECIAL EQUIPMENT,UPPER APEX,LANG_02,One-Way,apple,Direct,Direct,Logged-In,AREA_D,AREA_C,AREA_D_TO_AREA_C,DA,CA,31_60,very_high,unknown_or_oneway,P,P,0,0.6679859534493927,25.74885454761374
87.0,29.2631692,5.125,1,1,0,0,0,0,0,0,0,2,1,125.16666666666667,21.0,36.4055,4,1,SPECIAL EQUIPMENT,UPPER APEX,LANG_09,Round-Trip,google,Direct,Direct,Logged-Out,AREA_C,AREA_C,AREA_C_TO_AREA_C,CA,CI,61_120,low,6_8,Y,U,0,0.7070922226313731,25.742045911006453
15.0,220.9445512,11.1875,2,2,0,0,0,0,0,0,0,2,1,273.5833333333333,21.0,42.83,2,1,SPECIAL EQUIPMENT,UPPER APEX,LANG_02,Round-Trip,apple,Direct,Direct,Logged-Out,AREA_C,AREA_B,AREA_C_TO_AREA_B,CA,BO,15_30,very_high,9_14,Y,H,0,0.6003686680909619,25.7137900543359
33.0,106.1490154,9.770833333333334,2,1,0,1,0,1,0,0,0,3,1,238.91666666666666,15.0,42.83,4,1,SPECIAL EQUIPMENT,UPPER APEX,LANG_09,Round-Trip,google,Paid Search,Paid Search,Logged-Out,AREA_C,AREA_C,AREA_C_TO_AREA_C,CA,CE,31_60,very_high,9_14,Y,O,0,0.6001007138418705,25.702313573847313
240.0,153.4838748,10.427083333333334,2,2,0,0,0,0,0,0,0,2,1,254.08333333333334,21.0,50.2841332,5,1,SPECIAL EQUIPMENT,UPPER APEX,LANG_09,Round-Trip,google,Direct,Direct,Logged-Out,AREA_C,AREA_C,AREA_C_TO_AREA_C,CA,CE,120_plus,very_high,9_14,Y,O,0,0.51098364225646,25.69436953024498
244.0,87.6199008,5.805555555555555,2,2,0,0,0,0,0,0,0,2,1,142.83333333333334,19.0,77.094,4,1,SPECIAL EQUIPMENT,UPPER APEX,LANG_09,Round-Trip,google,Paid Search,Paid Search,Logged-Out,AREA_C,AREA_B,AREA_C_TO_AREA_B,CA,BA,120_plus,high,6_8,Y,V,0,0.3332098745793622,25.688482070821347
52.0,90.8398602,13.121527777777779,1,1,0,0,0,0,0,0,0,4,1,316.25,19.0,33.5992784,2,0,SPECIAL EQUIPMENT,UPPER HORIZON,LANG_02,Round-Trip,google,Direct,Direct,Logged-Out,AREA_C,AREA_B,AREA_C_TO_AREA_B,CI,BI,31_60,high,9_14,Y,S,0,0.7645541920589997,25.688469150877403
161.0,76.3538976,10.215277777777779,3,3,0,0,0,0,0,0,0,2,1,249.08333333333334,21.0,42.83,6,1,SPECIAL EQUIPMENT,UPPER APEX,LANG_09,Round-Trip,microsoft,MetaSearches,Paid Search,Logged-Out,AREA_C,AREA_C,AREA_C_TO_AREA_C,CA,CI,120_plus,high,9_14,Y,O,0,0.5991787016853023,25.662823793181495
29.0,82.7526996,7.253472222222222,2,2,0,0,0,0,0,0,0,2,1,180.75,13.0,42.83,5,1,SPECIAL EQUIPMENT,UPPER APEX,LANG_09,Round-Trip,mozilla,Display,Paid Search,Logged-Out,AREA_C,AREA_B,AREA_C_TO_AREA_B,CA,BE,15_30,high,6_8,Y,U,0,0.5990671353451814,25.65804540683412
106.0,254.1151013,14.48611111111111,2,2,0,0,0,0,0,0,0,4,1,349.0,16.0,38.3945252,5,0,SPECIAL EQUIPMENT,WEST VERTEX,LANG_02,Round-Trip,apple,Paid Search,Paid Search,Logged-Out,AREA_B,AREA_B,AREA_B_TO_AREA_B,BO,BU,61_120,very_high,15_30,Y,L,0,0.6681457371794968,25.653138343410763
54.0,235.0287684,7.229166666666667,2,1,1,0,0,0,1,0,0,2,1,194.08333333333334,11.0,38.547,2,1,SPECIAL EQUIPMENT,UPPER APEX,LANG_09,Round-Trip,google,MetaSearches,Organic Search,Logged-Out,AREA_C,AREA_D,AREA_C_TO_AREA_D,CA,DA,31_60,very_high,6_8,Y,U,0,0.6649173976851876,25.630570928570926
44.0,74.9405076,4.125,3,3,0,0,0,0,0,0,0,2,1,101.08333333333333,9.0,36.4055,6,1,SPECIAL EQUIPMENT,UPPER APEX,LANG_09,Round-Trip,mozilla,Paid Search,Paid Search,Logged-Out,AREA_C,AREA_C,AREA_C_TO_AREA_C,CA,CI,31_60,high,3_5,Y,O,0,0.7038428322910095,25.623750230970348
37.0,328.7579404,9.4375,5,2,1,2,0,1,1,1,0,2,1,230.25,23.0,42.83,3,1,SPECIAL EQUIPMENT,LOWER ZENITH,LANG_02,Round-Trip,apple,Direct,Direct,Logged-In,AREA_C,AREA_C,AREA_C_TO_AREA_C,CA,CE,31_60,very_high,9_14,Y,O,0,0.5982211258769362,25.621810821309175
81.0,187.05874009999997,8.496527777777779,1,1,0,0,0,0,0,0,0,4,1,206.08333333333334,22.0,76.224551,5,0,SPECIAL EQUIPMENT,NORTH ZENITH,LANG_06,Round-Trip,google,Paid Search,Paid Search,Logged-Out,AREA_C,AREA_B,AREA_C_TO_AREA_B,CI,BU,61_120,very_high,9_14,Y,V,0,0.33611222201711866,25.620003208867185
80.0,116.35240629999998,7.4375,2,2,0,0,0,0,0,1,1,2,1,182.25,17.0,42.83,2,1,SPECIAL EQUIPMENT,UPPER MERIDIAN,LANG_01,Round-Trip,microsoft,Paid MetaSearches,Paid MetaSearches,Logged-In,AREA_C,AREA_C,AREA_C_TO_AREA_C,CA,CE,61_120,very_high,6_8,Y,O,0,0.5981776769038151,25.6199499017904
28.0,121.8307916,3.5034722222222223,2,2,0,0,0,0,0,0,0,2,1,86.25,13.0,42.83,4,1,SPECIAL EQUIPMENT,UPPER APEX,LANG_09,Round-Trip,google,Direct,Direct,Logged-Out,AREA_C,AREA_C,AREA_C_TO_AREA_C,CA,CI,15_30,very_high,3_5,Y,L,1,0.5978380056470924,25.60540178186497
192.0,403.013168,,2,2,0,0,0,0,0,0,0,2,1,-304.3333333333333,21.0,68.8500816,1,1,SPECIAL EQUIPMENT,UPPER APEX,LANG_09,Round-Trip,microsoft,MetaSearches,MetaSearches,Logged-Out,AREA_C,AREA_B,AREA_C_TO_AREA_B,CA,BU,120_plus,very_high,unknown_or_oneway,Y,S,0,0.37182598975744874,25.600249735801107
131.0,90.2445232,6.225694444444445,4,2,0,2,0,1,0,0,0,2,1,154.5,14.0,42.83,3,1,SPECIAL EQUIPMENT,UPPER APEX,LANG_09,Round-Trip,apple,Direct,Direct,Logged-Out,AREA_C,AREA_B,AREA_C_TO_AREA_B,CA,BO,120_plus,high,6_8,Y,O,0,0.5972083409814459,25.578433244235327
122.0,119.6875784,4.190972222222222,4,2,0,2,0,1,0,0,0,2,1,105.66666666666667,11.0,42.83,3,1,SPECIAL EQUIPMENT,UPPER APEX,LANG_09,Round-Trip,microsoft,Paid Search,Paid Search,Logged-Out,AREA_C,AREA_B,AREA_C_TO_AREA_B,CA,BI,120_plus,very_high,3_5,Y,U,0,0.5971507661260157,25.57596731317725
81.0,587.1898774,16.75347222222222,3,2,0,1,0,1,0,0,0,2,1,409.3333333333333,13.0,77.094,5,1,SPECIAL EQUIPMENT,UPPER APEX,LANG_09,Round-Trip,google,Organic Search,Paid Search,Logged-Out,AREA_C,AREA_B,AREA_C_TO_AREA_B,CA,BU,61_120,very_high,15_30,Y,Q,0,0.3314713817457206,25.554454704304582
84.0,150.6262572,11.121527777777779,1,1,0,0,0,0,0,0,0,4,1,268.25,20.0,33.5992784,1,0,SPECIAL EQUIPMENT,UPPER HORIZON,LANG_05,Round-Trip,google,Organic Search,Organic Search,Logged-Out,AREA_C,AREA_B,AREA_C_TO_AREA_B,CI,BI,61_120,very_high,9_14,Y,T,0,0.7594293434554406,25.516277935888567
43.0,20.3331142,7.236111111111111,2,2,0,0,0,0,0,1,0,2,1,175.25,21.0,42.83,3,1,SPECIAL EQUIPMENT,UPPER APEX,LANG_09,Round-Trip,google,Direct,Paid Search,Logged-In,AREA_C,AREA_C,AREA_C_TO_AREA_C,CA,CO,31_60,very_low,6_8,Y,O,0,0.595651443345337,25.511751318480783
27.0,122.7439272,2.9583333333333335,3,3,0,0,0,0,0,0,0,2,1,72.66666666666667,10.0,42.83,5,1,SPECIAL EQUIPMENT,UPPER APEX,LANG_09,Round-Trip,google,Paid Search,Paid Search,Logged-Out,AREA_C,AREA_C,AREA_C_TO_AREA_C,CA,CO,15_30,very_high,3_5,Y,O,0,0.5952619725571772,25.495070284623896
160.0,210.7338792,10.239583333333334,3,2,1,0,0,0,1,0,0,4,1,247.83333333333334,15.0,37.6424304,2,0,SPECIAL EQUIPMENT,LOWER ZENITH,LANG_02,Round-Trip,mozilla,Direct,Direct,Logged-Out,AREA_C,AREA_B,AREA_C_TO_AREA_B,CE,BU,120_plus,very_high,9_14,Y,L,0,0.6770025988396494,25.484023207440625
19.0,40.1304251,5.263888888888889,1,1,0,0,0,0,0,1,1,4,1,128.41666666666666,15.0,42.6963704,4,0,SPECIAL EQUIPMENT,LOWER ZENITH,LANG_02,Round-Trip,google,Direct,Paid Search,Logged-In,AREA_C,AREA_C,AREA_C_TO_AREA_C,CE,CU,15_30,mid,6_8,Y,L,0,0.5966977123378617,25.476826542809995
18.0,41.7541104,3.513888888888889,2,2,0,0,0,0,0,0,0,2,1,86.33333333333333,17.0,85.66,6,1,SPECIAL EQUIPMENT,UPPER APEX,LANG_09,Round-Trip,apple,Direct,Direct,Logged-Out,AREA_C,AREA_B,AREA_C_TO_AREA_B,CA,BE,15_30,mid,3_5,Y,W,0,0.2972223652526589,25.46006780754276
247.0,106.77519,6.434027777777778,2,2,0,0,0,0,0,0,0,2,1,158.25,9.0,50.2841332,4,1,SPECIAL EQUIPMENT,UPPER APEX,LANG_09,Round-Trip,microsoft,Paid Search,Paid Search,Logged-Out,AREA_C,AREA_C,AREA_C_TO_AREA_C,CA,CE,120_plus,very_high,6_8,Y,O,0,0.5062452556134501,25.456103865134775
2.0,155.59453720000002,7.267361111111111,2,2,0,0,0,0,0,0,0,2,1,181.08333333333334,17.0,42.83,5,1,SPECIAL EQUIPMENT,UPPER APEX,LANG_09,Round-Trip,google,Paid Search,Paid Search,Logged-Out,AREA_C,AREA_B,AREA_C_TO_AREA_B,CA,BE,0_3,very_high,6_8,Y,S,0,0.5943349043450152,25.455363953097002
135.0,85.3190732,7.184027777777778,3,2,0,1,0,1,0,0,0,2,1,177.5,22.0,42.83,2,1,SPECIAL EQUIPMENT,UPPER APEX,LANG_09,Round-Trip,google,Display,Paid Search,Logged-Out,AREA_C,AREA_B,AREA_C_TO_AREA_B,CA,BO,120_plus,high,6_8,Y,O,0,0.5940138780894656,25.44161439857181
49.0,116.930183,4.496527777777778,2,2,0,0,0,0,0,0,0,2,1,108.5,15.0,42.83,4,1,SPECIAL EQUIPMENT,UPPER APEX,LANG_09,Round-Trip,mozilla,Organic Search,Email,Logged-Out,AREA_C,AREA_B,AREA_C_TO_AREA_B,CA,BI,31_60,very_high,3_5,Y,W,0,0.5937060302425352,25.428429275287783
55.0,83.1433092,3.236111111111111,2,2,0,0,0,0,0,0,0,2,1,78.25,20.0,42.83,5,1,SPECIAL EQUIPMENT,UPPER APEX,LANG_09,Round-Trip,apple,Direct,Direct,Logged-Out,AREA_C,AREA_B,AREA_C_TO_AREA_B,CA,BI,31_60,high,3_5,Y,L,0,0.5934631132040727,25.418025138530435
164.0,520.5138466,8.0,3,2,0,1,0,1,0,1,0,2,1,199.25,12.0,68.8500816,2,1,SPECIAL EQUIPMENT,UPPER APEX,LANG_09,Round-Trip,mozilla,Organic Search,Organic Search,Logged-In,AREA_C,AREA_B,AREA_C_TO_AREA_B,CA,BU,120_plus,very_high,6_8,Y,V,0,0.36902425952848605,25.40735038091584
94.0,97.1491475,37.197916666666664,2,2,0,0,0,0,0,1,0,2,1,896.25,15.0,77.094,2,1,SPECIAL EQUIPMENT,UPPER VERTEX,LANG_10,Round-Trip,mozilla,Paid MetaSearches,MetaSearches,Logged-In,AREA_C,AREA_B,AREA_C_TO_AREA_B,CA,BA,61_120,high,30_plus,Y,V,0,0.32918137462297015,25.377908895183257
7.0,91.8763462,10.32986111111111,2,2,0,0,0,0,0,1,0,2,1,249.83333333333334,13.0,42.83,3,1,SPECIAL EQUIPMENT,UPPER APEX,LANG_02,Round-Trip,mozilla,Direct,Organic Search,Logged-In,AREA_C,AREA_C,AREA_C_TO_AREA_C,CA,CE,4_7,high,9_14,Y,L,0,0.5924295932900706,25.373759480613725
41.0,67.1206062,3.1631944444444446,3,3,0,0,0,0,0,1,0,2,1,78.83333333333333,22.0,42.83,6,1,SPECIAL EQUIPMENT,UPPER APEX,LANG_09,Round-Trip,apple,Direct,Direct,Logged-In,AREA_C,AREA_C,AREA_C_TO_AREA_C,CA,CI,31_60,high,3_5,Y,L,0,0.5924085119410932,25.372856566437022
17.0,96.4171828,3.34375,2,2,0,0,0,0,0,0,0,2,1,81.75,19.0,42.83,5,1,SPECIAL EQUIPMENT,UPPER APEX,LANG_09,Round-Trip,google,Direct,Direct,Logged-Out,AREA_C,AREA_B,AREA_C_TO_AREA_B,CA,BI,15_30,high,3_5,Y,L,0,0.5921953063389562,25.363724970497493
17.0,115.8611462,4.225694444444445,2,2,0,0,0,0,0,0,1,2,1,103.33333333333333,15.0,42.83,4,1,SPECIAL EQUIPMENT,UPPER APEX,LANG_09,Round-Trip,google,Paid Search,Email,Logged-Out,AREA_C,AREA_C,AREA_C_TO_AREA_C,CA,CE,15_30,very_high,3_5,Y,K,0,0.5921426172599421,25.36146829724332
285.0,177.7179454,9.38888888888889,2,2,0,0,0,0,0,0,0,4,1,227.41666666666666,9.0,37.6424304,1,0,SPECIAL EQUIPMENT,LOWER ZENITH,LANG_02,Round-Trip,other,Direct,Direct,Logged-Out,AREA_C,AREA_B,AREA_C_TO_AREA_B,CE,BU,120_plus,very_high,9_14,Y,S,0,0.6737169480950697,25.360343327969073
6.0,180.4911879,4.045138888888889,2,2,0,0,0,0,0,0,0,2,1,98.58333333333333,17.0,42.83,5,1,SPECIAL EQUIPMENT,UPPER APEX,LANG_09,Round-Trip,google,Paid Search,Paid Search,Logged-Out,AREA_C,AREA_B,AREA_C_TO_AREA_B,CA,BI,4_7,very_high,3_5,Y,S,0,0.5913032558178312,25.32551844667771
189.0,103.807071,,1,1,0,0,0,0,0,0,0,1,0,20.583333333333332,4.0,38.547,3,1,SPECIAL EQUIPMENT,GREAT ZENITH,LANG_02,One-Way,opera,Direct,Organic Search,Logged-Out,AREA_D,AREA_C,AREA_D_TO_AREA_C,DA,CA,120_plus,very_high,unknown_or_oneway,Y,V,0,0.6569323864992049,25.32277270238485
66.0,197.9863863,,1,1,0,0,0,0,0,0,0,4,1,739.5833333333334,17.0,32.8523232,6,0,SPECIAL EQUIPMENT,SOUTH ZENITH,LANG_07,Multi-City,microsoft,Paid Search,Paid Search,Logged-Out,AREA_B,AREA_C,AREA_B_TO_AREA_C,BU,CI,61_120,very_high,unknown_or_oneway,Y,Q,1,0.7705087838958484,25.313003596985368
94.0,59.7551311,6.989583333333333,1,1,0,0,0,0,0,1,0,4,1,169.83333333333334,19.0,37.6424304,5,0,SPECIAL EQUIPMENT,LOWER ZENITH,LANG_02,Round-Trip,google,Paid Search,Paid Search,Logged-In,AREA_C,AREA_B,AREA_C_TO_AREA_B,CE,BU,61_120,high,6_8,Y,O,0,0.6719289280641781,25.293037908402432
5.0,345.2770431,,2,2,0,0,0,0,0,1,0,1,0,20.583333333333332,17.0,38.547,3,1,SPECIAL EQUIPMENT,LOWER VERTEX,LANG_02,One-Way,google,Paid Search,Paid Search,Logged-In,AREA_D,AREA_C,AREA_D_TO_AREA_C,DA,CA,4_7,very_high,unknown_or_oneway,P,J,0,0.6559707767322137,25.28570553069664
5.0,984.7769127,4.072916666666667,3,1,0,2,0,1,0,0,0,4,1,100.08333333333333,18.0,34.5055612,4,0,SPECIAL EQUIPMENT,OLD ZENITH,LANG_02,Round-Trip,google,Paid Search,Paid Search,Logged-Out,AREA_B,AREA_B,AREA_B_TO_AREA_B,BU,BU,4_7,very_high,3_5,Y,T,0,0.7325713409823773,25.27778523963349
100.0,178.2036376,0.9409722222222222,2,2,0,0,0,0,0,0,0,7,1,26.0,22.0,37.6424304,2,0,SPECIAL EQUIPMENT,LOWER ZENITH,LANG_02,Round-Trip,apple,Direct,Direct,Logged-Out,AREA_C,AREA_B,AREA_C_TO_AREA_B,CE,BU,61_120,very_high,1_2,Y,Q,0,0.6714268213894635,25.274137392846114
19.0,151.54367580000002,3.1979166666666665,3,3,0,0,0,0,0,0,0,2,1,80.25,14.0,77.094,4,1,SPECIAL EQUIPMENT,UPPER APEX,LANG_09,Round-Trip,google,Paid Search,Paid Search,Logged-Out,AREA_C,AREA_B,AREA_C_TO_AREA_B,CA,BA,15_30,very_high,3_5,Y,W,0,0.3274528871711469,25.244652883572396
97.0,636.3951228999999,17.4375,6,4,0,0,2,1,0,0,0,2,1,422.25,22.0,42.83,1,1,SPECIAL EQUIPMENT,UPPER APEX,LANG_09,Round-Trip,google,Direct,MetaSearches,Logged-Out,AREA_C,AREA_C,AREA_C_TO_AREA_C,CA,CE,61_120,very_high,15_30,Y,T,0,0.5894078525175445,25.244338323326428
38.0,57.8980223,7.208333333333333,1,1,0,0,0,0,0,1,0,4,1,175.75,11.0,42.5695936,4,0,SPECIAL EQUIPMENT,NEW MERIDIAN,LANG_02,Round-Trip,microsoft,Direct,Direct,Logged-In,AREA_C,AREA_D,AREA_C_TO_AREA_D,CI,DA,31_60,high,6_8,Y,Q,0,0.5927062864182526,25.231265736990213
160.0,287.98463699999996,,2,2,0,0,0,0,0,1,0,2,1,314.25,14.0,41.438025,2,1,SPECIAL EQUIPMENT,UPPER APEX,LANG_09,Multi-City,google,Organic Search,Organic Search,Logged-In,AREA_C,AREA_C,AREA_C_TO_AREA_C,CA,CA,120_plus,very_high,unknown_or_oneway,Y,V,0,0.6084157665328326,25.211547743981683
63.0,116.4153664,8.208333333333334,3,1,1,1,0,1,1,0,0,2,1,202.08333333333334,20.0,42.83,6,1,SPECIAL EQUIPMENT,UPPER APEX,LANG_02,Round-Trip,apple,Direct,Direct,Logged-Out,AREA_C,AREA_B,AREA_C_TO_AREA_B,CA,BO,61_120,very_high,9_14,Y,W,0,0.5885893695115201,25.209282696178406
85.0,54.0763014,12.25,2,2,0,0,0,0,0,1,0,2,1,299.0833333333333,20.0,42.83,2,1,SPECIAL EQUIPMENT,UPPER APEX,LANG_09,Round-Trip,google,Organic Search,MetaSearches,Logged-In,AREA_C,AREA_B,AREA_C_TO_AREA_B,CA,BO,61_120,high,9_14,Y,O,0,0.5885873768735662,25.20919735149484
135.0,59.6501976,7.215277777777778,3,3,0,0,0,0,0,1,1,2,1,177.08333333333334,10.0,42.83,6,1,SPECIAL EQUIPMENT,UPPER APEX,LANG_09,Round-Trip,google,Direct,Direct,Logged-In,AREA_C,AREA_C,AREA_C_TO_AREA_C,CA,CI,120_plus,high,6_8,Y,L,0,0.5883085382678979,25.197254694014063
54.0,27.6493348,,1,1,0,0,0,0,0,0,0,2,1,12.083333333333334,19.0,31.7999901,4,0,SPECIAL EQUIPMENT,OLD HORIZON,LANG_02,One-Way,apple,MetaSearches,MetaSearches,Logged-Out,AREA_C,AREA_C,AREA_C_TO_AREA_C,CE,CU,31_60,low,unknown_or_oneway,Y,L,0,0.7915488556714085,25.17124577401712
12.0,234.6672832,4.291666666666667,4,4,0,0,0,0,0,0,0,2,1,108.08333333333333,19.0,42.83,3,1,SPECIAL EQUIPMENT,UPPER APEX,LANG_09,Round-Trip,apple,Direct,Direct,Logged-Out,AREA_C,AREA_B,AREA_C_TO_AREA_B,CA,BO,8_14,very_high,3_5,Y,K,0,0.5874639594287326,25.16108138233262
11.0,50.059704,13.11111111111111,2,2,0,0,0,0,0,0,0,2,1,319.75,22.0,42.83,6,1,SPECIAL EQUIPMENT,UPPER APEX,LANG_02,Round-Trip,google,MetaSearches,MetaSearches,Logged-Out,AREA_C,AREA_B,AREA_C_TO_AREA_B,CA,BO,8_14,mid,9_14,Y,O,0,0.5874345403979255,25.15982136524315
170.0,99.699674,7.177083333333333,2,2,0,0,0,0,0,0,0,2,1,175.33333333333334,22.0,42.83,6,1,SPECIAL EQUIPMENT,UPPER APEX,LANG_09,Round-Trip,apple,Direct,Direct,Logged-Out,AREA_C,AREA_C,AREA_C_TO_AREA_C,CA,CO,120_plus,high,6_8,Y,T,0,0.5871221431791089,25.146441392361236
30.0,65.097317,,2,2,0,0,0,0,0,0,0,1,0,2.75,2.0,42.7306344,4,1,SPECIAL EQUIPMENT,UPPER APEX,LANG_02,One-Way,google,Paid Search,Paid Search,Logged-Out,AREA_C,AREA_C,AREA_C_TO_AREA_C,CA,CI,15_30,high,unknown_or_oneway,Y,S,0,0.5875719407469776,25.107321783757563
15.0,140.2862386,,2,2,0,0,0,0,0,0,0,3,1,3.3333333333333335,16.0,42.83,3,1,SPECIAL EQUIPMENT,UPPER APEX,LANG_09,Round-Trip,apple,Direct,Direct,Logged-Out,AREA_C,AREA_B,AREA_C_TO_AREA_B,CA,BO,15_30,very_high,unknown_or_oneway,Y,H,0,0.585908981811976,25.094481691006933
127.0,247.1368094,5.4375,2,1,1,0,0,0,1,0,0,2,1,134.25,14.0,42.83,3,1,SPECIAL EQUIPMENT,UPPER APEX,LANG_09,Round-Trip,apple,Paid Search,Paid Search,Logged-Out,AREA_C,AREA_C,AREA_C_TO_AREA_C,CA,CE,120_plus,very_high,6_8,Y,K,0,0.5858192455063308,25.090638285036146
4.0,222.39563160000003,6.28125,2,2,0,0,0,0,0,1,0,2,1,157.41666666666666,20.0,42.83,4,1,SPECIAL EQUIPMENT,UPPER APEX,LANG_09,Round-Trip,google,Paid Search,Paid Search,Logged-In,AREA_C,AREA_B,AREA_C_TO_AREA_B,CA,BE,4_7,very_high,6_8,Y,H,0,0.5855219557514242,25.077905364833498
241.0,75.9859879,12.871527777777779,1,1,0,0,0,0,0,0,0,4,1,311.25,13.0,34.5055612,5,0,SPECIAL EQUIPMENT,OLD ZENITH,LANG_02,Round-Trip,apple,MetaSearches,MetaSearches,Logged-Out,AREA_B,AREA_B,AREA_B_TO_AREA_B,BU,BU,120_plus,high,9_14,Y,W,0,0.7259485093590471,25.049260717737376
36.0,150.5457368,7.197916666666667,2,2,0,0,0,0,0,0,0,2,1,174.41666666666666,13.0,43.2257492,3,1,SPECIAL EQUIPMENT,UPPER APEX,LANG_09,Round-Trip,google,Direct,Organic Search,Logged-Out,AREA_C,AREA_B,AREA_C_TO_AREA_B,CA,BA,31_60,very_high,6_8,Y,S,0,0.5786974479421408,25.014630747427038
18.0,42.1712746,,1,1,0,0,0,0,0,0,0,2,1,7.666666666666667,17.0,31.9875855,4,0,SPECIAL EQUIPMENT,NEW MERIDIAN,LANG_02,One-Way,google,MetaSearches,MetaSearches,Logged-Out,AREA_C,AREA_C,AREA_C_TO_AREA_C,CU,CU,15_30,mid,unknown_or_oneway,Y,T,0,0.7817407042394123,25.005997615688415
46.0,239.1036146,5.236111111111111,2,2,0,0,0,0,0,0,0,2,1,140.08333333333334,15.0,38.547,4,1,SPECIAL EQUIPMENT,UPPER APEX,LANG_09,Round-Trip,microsoft,Paid Search,Paid Search,Logged-Out,AREA_C,AREA_B,AREA_C_TO_AREA_B,CA,BI,31_60,very_high,6_8,Y,W,0,0.6486078129584135,25.001885366107963
97.0,42.4770808,9.458333333333334,2,2,0,0,0,0,0,1,0,2,1,229.33333333333334,19.0,49.2545,6,1,SPECIAL EQUIPMENT,UPPER APEX,LANG_09,Round-Trip,google,Paid Search,Paid Search,Logged-In,AREA_C,AREA_C,AREA_C_TO_AREA_C,CA,CU,61_120,mid,9_14,Y,O,0,0.5076034503719841,25.00175414634689
17.0,118.4746328,10.239583333333334,2,2,0,0,0,0,0,0,0,2,1,246.33333333333334,9.0,42.83,2,1,SPECIAL EQUIPMENT,CENTRAL ZENITH,LANG_02,Round-Trip,other,Direct,Direct,Logged-Out,AREA_C,AREA_B,AREA_C_TO_AREA_B,CA,BI,15_30,very_high,9_14,Y,V,0,0.58346484518085,24.989799319095802
19.0,160.1379436,4.090277777777778,4,3,1,0,0,0,1,0,0,2,1,98.75,10.0,42.83,5,1,SPECIAL EQUIPMENT,UPPER APEX,LANG_09,Round-Trip,apple,Paid Search,Organic Search,Logged-Out,AREA_C,AREA_B,AREA_C_TO_AREA_B,CA,BI,15_30,very_high,3_5,Y,O,0,0.5834515281571285,24.989228950969814
53.0,65.3517272,9.072916666666666,1,1,0,0,0,0,0,0,0,4,1,220.08333333333334,21.0,34.5055612,4,0,SPECIAL EQUIPMENT,OLD ZENITH,LANG_02,Round-Trip,apple,Direct,Direct,Logged-Out,AREA_B,AREA_B,AREA_B_TO_AREA_B,BU,BU,31_60,high,9_14,Y,O,0,0.7226720486352559,24.9362046017132
112.0,228.3023169,14.434027777777779,3,3,0,0,0,0,0,1,0,2,1,350.25,20.0,50.2841332,5,1,SPECIAL EQUIPMENT,UPPER APEX,LANG_09,Round-Trip,google,Direct,Direct,Logged-In,AREA_C,AREA_C,AREA_C_TO_AREA_C,CA,CE,61_120,very_high,15_30,Y,O,0,0.4957896049519201,24.93035053457773
9.0,177.8455788,7.267361111111111,2,2,0,0,0,0,0,0,0,2,1,181.08333333333334,13.0,42.83,5,1,SPECIAL EQUIPMENT,UPPER APEX,LANG_09,Round-Trip,apple,Paid MetaSearches,Affiliate,Logged-Out,AREA_C,AREA_B,AREA_C_TO_AREA_B,CA,BE,8_14,very_high,6_8,Y,S,0,0.5817726763650837,24.917323728716532
7.0,114.7004532,3.0520833333333335,2,2,0,0,0,0,0,0,0,4,1,74.16666666666667,11.0,42.83,5,0,SPECIAL EQUIPMENT,UPPER APEX,LANG_09,Round-Trip,mozilla,Direct,Direct,Logged-Out,AREA_C,AREA_C,AREA_C_TO_AREA_C,CA,CI,4_7,very_high,3_5,Y,S,0,0.5817633182463509,24.916922920491206
11.0,41.19689210000001,,2,2,0,0,0,0,0,1,0,2,1,5.0,13.0,36.0774222,4,0,SPECIAL EQUIPMENT,NEW MERIDIAN,LANG_02,One-Way,apple,Direct,Direct,Logged-In,AREA_C,AREA_C,AREA_C_TO_AREA_C,CI,CI,8_14,mid,unknown_or_oneway,Y,V,0,0.69025077674661,24.90246869656539
52.0,50.061417199999994,4.177083333333333,2,2,0,0,0,0,0,0,0,2,1,105.33333333333333,22.0,42.83,6,1,SPECIAL EQUIPMENT,UPPER APEX,LANG_02,Round-Trip,apple,Direct,Direct,Logged-Out,AREA_C,AREA_B,AREA_C_TO_AREA_B,CA,BO,31_60,mid,3_5,Y,O,0,0.5812928682056098,24.896773545246266
73.0,37.8942708,3.8958333333333335,2,2,0,0,0,0,0,0,0,2,1,95.41666666666667,16.0,85.66,6,1,SPECIAL EQUIPMENT,UPPER APEX,LANG_09,Round-Trip,google,Paid Search,MetaSearches,Logged-Out,AREA_C,AREA_B,AREA_C_TO_AREA_B,CA,BE,61_120,mid,3_5,Y,L,0,0.29045390536243526,24.880281533346203
101.0,168.7947432,3.1979166666666665,3,3,0,0,0,0,0,0,0,2,1,80.25,16.0,77.094,3,1,SPECIAL EQUIPMENT,UPPER APEX,LANG_09,Round-Trip,google,Direct,Direct,Logged-Out,AREA_C,AREA_B,AREA_C_TO_AREA_B,CA,BA,61_120,very_high,3_5,Y,W,0,0.3225733265941338,24.86846804044815
128.0,84.3267021,5.329861111111111,1,1,0,0,0,0,0,0,0,4,1,130.0,10.0,47.0033552,4,0,SPECIAL EQUIPMENT,WEST APEX,LANG_02,Round-Trip,google,Direct,Email,Logged-Out,AREA_C,AREA_B,AREA_C_TO_AREA_B,CE,BO,120_plus,high,6_8,C,Z,0,0.5287472531157633,24.85289494922453
64.0,187.4600572,17.48611111111111,1,1,0,0,0,0,0,0,0,4,1,421.9166666666667,18.0,76.224551,1,0,SPECIAL EQUIPMENT,NORTH ZENITH,LANG_02,Round-Trip,google,Direct,Paid Search,Logged-Out,AREA_C,AREA_B,AREA_C_TO_AREA_B,CI,BU,61_120,very_high,15_30,Y,Q,0,0.3259308659164888,24.843933911525564
26.0,130.7839748,11.197916666666666,3,2,0,1,0,1,0,0,0,2,1,270.4166666666667,23.0,43.2257492,3,1,SPECIAL EQUIPMENT,UPPER APEX,LANG_09,Round-Trip,google,Organic Search,Organic Search,Logged-Out,AREA_C,AREA_B,AREA_C_TO_AREA_B,CA,BA,15_30,very_high,9_14,Y,W,0,0.5747266388885389,24.84298955115495
5.0,234.6745643,3.3854166666666665,3,2,0,1,0,1,0,0,0,2,1,81.83333333333333,15.0,42.83,5,1,SPECIAL EQUIPMENT,UPPER APEX,LANG_02,Round-Trip,apple,Direct,Direct,Logged-Out,AREA_C,AREA_B,AREA_C_TO_AREA_B,CA,BI,4_7,very_high,3_5,Y,Q,0,0.5799687599773778,24.840061989831092
174.0,637.2966944,14.89236111111111,4,4,0,0,0,0,0,0,0,2,1,364.6666666666667,22.0,68.8500816,2,1,SPECIAL EQUIPMENT,UPPER APEX,LANG_09,Round-Trip,mozilla,Paid Search,Paid Search,Logged-Out,AREA_C,AREA_B,AREA_C_TO_AREA_B,CA,BU,120_plus,very_high,15_30,Y,V,0,0.3607407369288229,24.83702917399359
161.0,325.91574160000005,10.01388888888889,2,2,0,0,0,0,0,1,0,2,1,246.25,22.0,81.377,2,1,SPECIAL EQUIPMENT,UPPER APEX,LANG_09,Round-Trip,google,Direct,Affiliate,Logged-In,AREA_C,AREA_C,AREA_C_TO_AREA_C,CA,CA,120_plus,very_high,9_14,Y,W,0,0.3051714031493494,24.833933274084604
31.0,182.8207116,136.11111111111111,2,2,0,0,0,0,0,1,0,4,1,3268.0,14.0,33.5992784,1,0,SPECIAL EQUIPMENT,NORTH MERIDIAN,LANG_02,Round-Trip,samsung,Direct,Direct,Logged-In,AREA_C,AREA_B,AREA_C_TO_AREA_B,CI,BI,31_60,very_high,30_plus,Y,L,0,0.7386761828453094,24.81898671486886
41.0,118.0262027,,2,2,0,0,0,0,0,0,0,4,1,-191.0,19.0,41.5502396,4,0,SPECIAL EQUIPMENT,LOWER VERTEX,LANG_02,Round-Trip,apple,Direct,Direct,Logged-Out,AREA_B,AREA_B,AREA_B_TO_AREA_B,BU,BE,31_60,very_high,unknown_or_oneway,Y,O,0,0.5969387937481284,24.802949906769715
0.0,73.5695193,,2,2,0,0,0,0,0,0,0,2,1,5.416666666666667,17.0,32.8767363,4,0,SPECIAL EQUIPMENT,LOWER ZENITH,LANG_02,One-Way,google,MetaSearches,MetaSearches,Logged-Out,AREA_B,AREA_C,AREA_B_TO_AREA_C,BA,CE,invalid_or_past,high,unknown_or_oneway,Y,T,0,0.7542332762371483,24.79672853153378
72.0,80.961549,2.9340277777777777,3,3,0,0,0,0,0,0,0,4,1,71.33333333333333,22.0,47.113,3,0,SPECIAL EQUIPMENT,UPPER APEX,LANG_09,Round-Trip,opera,Direct,Paid Search,Logged-Out,AREA_B,AREA_B,AREA_B_TO_AREA_B,BE,BI,61_120,high,3_5,Y,W,0,0.526081796482419,24.78529167767621
92.0,114.8276583,8.23611111111111,2,2,0,0,0,0,0,0,0,4,1,199.75,20.0,37.6424304,4,0,SPECIAL EQUIPMENT,LOWER ZENITH,LANG_02,Round-Trip,microsoft,Direct,MetaSearches,Logged-Out,AREA_C,AREA_B,AREA_C_TO_AREA_B,CE,BU,61_120,very_high,9_14,Y,L,0,0.6582986826552936,24.779962344263577
89.0,128.0514208,7.236111111111111,1,1,0,0,0,0,0,1,1,2,1,188.08333333333334,23.0,38.547,2,1,SPECIAL EQUIPMENT,UPPER VERTEX,LANG_11,Round-Trip,google,Organic Search,Organic Search,Logged-In,AREA_C,AREA_B,AREA_C_TO_AREA_B,CA,BI,61_120,very_high,6_8,Y,L,0,0.6426834778038789,24.77352001890612
141.0,175.598717,11.875,2,2,0,0,0,0,0,1,1,2,1,290.0,12.0,81.377,2,1,SPECIAL EQUIPMENT,UPPER APEX,LANG_09,Round-Trip,google,Paid Search,Organic Search,Logged-In,AREA_C,AREA_C,AREA_C_TO_AREA_C,CA,CA,120_plus,very_high,9_14,Y,O,0,0.3043407330482555,24.766335833267885
11.0,37.8976972,3.7534722222222223,2,2,0,0,0,0,0,0,0,2,1,92.0,21.0,85.66,6,1,SPECIAL EQUIPMENT,UPPER APEX,LANG_09,Round-Trip,google,Paid Search,Paid Search,Logged-Out,AREA_C,AREA_B,AREA_C_TO_AREA_B,CA,BE,8_14,mid,3_5,Y,U,0,0.28890418408395496,24.74753240863158
2.0,444.5976716,4.236111111111111,2,2,0,0,0,0,0,0,0,2,1,116.08333333333333,22.0,42.4017,4,1,SPECIAL EQUIPMENT,UPPER APEX,LANG_09,Round-Trip,microsoft,Direct,Email,Logged-Out,AREA_C,AREA_B,AREA_C_TO_AREA_B,CA,BI,0_3,very_high,3_5,Y,Q,0,0.5834697134089453,24.740107747052072
64.0,35.384004499999996,10.75,2,2,0,0,0,0,0,0,0,2,1,259.9166666666667,13.0,85.66,6,1,SPECIAL EQUIPMENT,WEST APEX,LANG_02,Round-Trip,google,Direct,MetaSearches,Logged-Out,AREA_C,AREA_B,AREA_C_TO_AREA_B,CA,BE,61_120,mid,9_14,Y,O,0,0.28878404023598037,24.737240886614078
65.0,71.0553983,,4,2,0,1,1,1,0,0,0,2,1,5.833333333333333,16.0,32.8767363,3,0,SPECIAL EQUIPMENT,UPPER MERIDIAN,LANG_02,One-Way,google,Paid Search,Paid Search,Logged-Out,AREA_B,AREA_C,AREA_B_TO_AREA_C,BA,CE,61_120,high,unknown_or_oneway,Y,S,0,0.7517140507107735,24.713904618222927
3.0,78.2538364,3.1770833333333335,2,2,0,0,0,0,0,1,0,2,1,81.33333333333333,12.0,42.83,4,1,SPECIAL EQUIPMENT,UPPER APEX,LANG_09,Round-Trip,apple,Direct,Direct,Logged-In,AREA_C,AREA_B,AREA_C_TO_AREA_B,CA,BI,0_3,high,3_5,C,I,0,0.5761933809674099,24.678362506834166
52.0,51.7125137,,2,2,0,0,0,0,0,0,0,2,1,4.583333333333333,19.0,31.7999901,4,0,SPECIAL EQUIPMENT,SOUTH MERIDIAN,LANG_02,One-Way,mozilla,Organic Search,Organic Search,Logged-Out,AREA_C,AREA_C,AREA_C_TO_AREA_C,CE,CU,31_60,mid,unknown_or_oneway,Y,V,0,0.7755324792710804,24.66192516304881
49.0,93.2177818,4.666666666666667,2,2,0,0,0,0,0,0,0,4,1,112.91666666666667,21.0,40.6885,4,0,SPECIAL EQUIPMENT,UPPER APEX,LANG_09,Round-Trip,apple,Direct,Paid Search,Logged-Out,AREA_C,AREA_B,AREA_C_TO_AREA_B,CE,BU,31_60,high,3_5,Y,O,0,0.6060522430192252,24.659356690087744
68.0,55.1067912,3.3854166666666665,3,3,0,0,0,0,0,0,0,2,1,83.25,11.0,85.66,5,1,SPECIAL EQUIPMENT,UPPER APEX,LANG_09,Round-Trip,apple,Organic Search,Organic Search,Logged-Out,AREA_C,AREA_B,AREA_C_TO_AREA_B,CA,BE,61_120,high,3_5,Y,L,0,0.28773765380916594,24.647607425293153
69.0,128.2004692,5.125,2,2,0,0,0,0,0,1,0,4,1,142.33333333333334,11.0,30.9121242,5,0,SPECIAL EQUIPMENT,EAST ZENITH,LANG_08,Round-Trip,microsoft,Organic Search,Organic Search,Logged-In,AREA_C,AREA_D,AREA_C_TO_AREA_D,CA,DA,61_120,very_high,6_8,Y,L,0,0.7958868749097243,24.602553926359263
36.0,203.8785094,43.677083333333336,1,1,0,0,0,0,0,0,0,4,1,1051.25,11.0,38.0253306,1,0,SPECIAL EQUIPMENT,OLD AURORA,LANG_02,Round-Trip,apple,MetaSearches,MetaSearches,Logged-Out,AREA_B,AREA_B,AREA_B_TO_AREA_B,BO,BU,31_60,very_high,30_plus,Y,Y,0,0.6463438178771498,24.577437356044808
119.0,45.1822236,3.3854166666666665,2,2,0,0,0,0,0,1,0,2,1,83.25,21.0,85.66,5,1,SPECIAL EQUIPMENT,UPPER APEX,LANG_09,Round-Trip,google,Paid Search,Paid Search,Logged-In,AREA_C,AREA_B,AREA_C_TO_AREA_B,CA,BE,61_120,mid,3_5,Y,U,0,0.2868854432330692,24.574607067344704
44.0,63.1519784,4.239583333333333,2,2,0,0,0,0,0,0,0,2,1,102.33333333333333,20.0,42.83,5,1,SPECIAL EQUIPMENT,UPPER APEX,LANG_09,Round-Trip,google,Direct,Direct,Logged-Out,AREA_C,AREA_B,AREA_C_TO_AREA_B,CA,BI,31_60,high,3_5,Y,O,0,0.5736910997812343,24.571189803630265
122.0,59.926022800000005,,2,2,0,0,0,0,0,0,0,2,1,4.916666666666667,22.0,32.8767363,3,0,SPECIAL EQUIPMENT,UPPER MERIDIAN,LANG_01,One-Way,apple,Paid Search,Organic Search,Logged-Out,AREA_B,AREA_C,AREA_B_TO_AREA_C,BA,CE,120_plus,high,unknown_or_oneway,Y,S,0,0.7472575345969376,24.56738891313164
1.0,193.27637120000003,6.173611111111111,4,3,0,1,0,1,0,1,0,2,1,153.25,22.0,42.83,3,1,SPECIAL EQUIPMENT,UPPER APEX,LANG_09,Round-Trip,samsung,Direct,Direct,Logged-In,AREA_C,AREA_B,AREA_C_TO_AREA_B,CA,BO,0_3,very_high,6_8,Y,V,0,0.5734717136884323,24.561793497275556
187.0,449.3445205,9.13888888888889,5,5,0,0,0,0,0,1,0,2,1,223.16666666666666,21.0,50.2841332,5,1,SPECIAL EQUIPMENT,UPPER APEX,LANG_09,Round-Trip,mozilla,Paid Search,Referrals,Logged-In,AREA_C,AREA_C,AREA_C_TO_AREA_C,CA,CE,120_plus,very_high,9_14,Y,L,0,0.4881432586236947,24.54586063731591
36.0,140.7085424,9.29513888888889,3,2,0,0,1,1,0,0,0,2,1,229.75,21.0,42.83,5,1,SPECIAL EQUIPMENT,UPPER APEX,LANG_09,Round-Trip,microsoft,Direct,Direct,Logged-Out,AREA_C,AREA_B,AREA_C_TO_AREA_B,CA,BE,31_60,very_high,9_14,Y,V,0,0.5725122108788989,24.52069799194324
112.0,182.7354799,,7,5,0,2,0,1,0,1,0,2,1,245.08333333333334,15.0,42.83,6,1,SPECIAL EQUIPMENT,UPPER APEX,LANG_02,Multi-City,apple,Organic Search,Organic Search,Logged-In,AREA_C,AREA_C,AREA_C_TO_AREA_C,CA,CA,61_120,very_high,unknown_or_oneway,Y,W,0,0.5724396896350196,24.51759190706789
59.0,156.1873044,16.12152777777778,1,1,0,0,0,0,0,0,0,4,1,388.25,22.0,33.5992784,2,0,SPECIAL EQUIPMENT,NORTH MERIDIAN,LANG_02,Round-Trip,google,Paid Search,MetaSearches,Logged-Out,AREA_C,AREA_B,AREA_C_TO_AREA_B,CI,BI,31_60,very_high,15_30,Y,K,0,0.7294300468472049,24.508323217344284
44.0,179.1904408,,2,2,0,0,0,0,0,0,0,2,1,-193.33333333333334,22.0,42.83,4,1,SPECIAL EQUIPMENT,UPPER APEX,LANG_09,Round-Trip,google,Paid Search,Paid Search,Logged-Out,AREA_C,AREA_C,AREA_C_TO_AREA_C,CA,CE,31_60,very_high,unknown_or_oneway,Y,L,0,0.5715165315830089,24.478053047700268
0.0,31.336569500000003,,2,2,0,0,0,0,0,0,0,2,1,5.75,8.0,32.2959615,4,0,SPECIAL EQUIPMENT,SOUTH APEX,LANG_02,One-Way,google,Paid Search,Paid Search,Logged-Out,AREA_C,AREA_B,AREA_C_TO_AREA_B,CO,BA,invalid_or_past,low,unknown_or_oneway,Y,W,0,0.7577094664818848,24.47095575768449
19.0,580.590631,3.236111111111111,2,2,0,0,0,0,0,0,0,2,1,98.25,13.0,38.547,3,1,SPECIAL EQUIPMENT,UPPER APEX,LANG_09,Round-Trip,microsoft,Direct,Direct,Logged-Out,AREA_C,AREA_D,AREA_C_TO_AREA_D,CA,DA,15_30,very_high,3_5,P,A,0,0.6347464176751128,24.46757016212257
177.0,109.6563641,9.958333333333334,1,1,0,0,0,0,0,0,0,2,1,253.5,22.0,38.547,5,1,SPECIAL EQUIPMENT,UPPER APEX,LANG_02,Round-Trip,google,Direct,MetaSearches,Logged-Out,AREA_C,AREA_B,AREA_C_TO_AREA_B,CA,BI,120_plus,very_high,9_14,Y,L,0,0.6347129013905324,24.46627820990085
56.0,127.406401,9.23611111111111,1,1,0,0,0,0,0,0,0,2,1,236.08333333333334,21.0,42.4017,2,1,SPECIAL EQUIPMENT,UPPER APEX,LANG_02,Round-Trip,apple,Direct,Direct,Logged-Out,AREA_C,AREA_B,AREA_C_TO_AREA_B,CA,BI,31_60,very_high,9_14,C,I,0,0.5767535271606071,24.455330032605914
21.0,82.63234729999999,,2,1,1,0,0,0,1,0,0,1,0,0.75,17.0,58.518629,6,0,SPECIAL EQUIPMENT,NEW MERIDIAN,LANG_02,Round-Trip,google,Direct,Direct,Logged-Out,AREA_C,AREA_B,AREA_C_TO_AREA_B,CI,BI,15_30,high,unknown_or_oneway,Y,L,1,0.41784665450707237,24.451813353990545
55.0,265.8124026,6.024305555555555,2,2,0,0,0,0,0,1,0,2,1,164.16666666666666,9.0,38.547,4,1,SPECIAL EQUIPMENT,UPPER APEX,LANG_09,Round-Trip,mozilla,Direct,Direct,Logged-In,AREA_C,AREA_D,AREA_C_TO_AREA_D,CA,DA,31_60,very_high,6_8,Y,O,0,0.6339924917922009,24.438508581113965
129.0,130.24474510000002,,1,1,0,0,0,0,0,0,0,3,1,477.4166666666667,15.0,41.438025,5,1,SPECIAL EQUIPMENT,SOUTH MERIDIAN,LANG_09,Multi-City,apple,Direct,Direct,Logged-Out,AREA_C,AREA_C,AREA_C_TO_AREA_C,CA,CA,120_plus,very_high,unknown_or_oneway,Y,L,0,0.5897007897981176,24.436036070174143
47.0,83.1433092,3.2395833333333335,2,2,0,0,0,0,0,0,0,2,1,78.33333333333333,9.0,42.83,3,1,SPECIAL EQUIPMENT,UPPER APEX,LANG_09,Round-Trip,google,Direct,Paid MetaSearches,Logged-Out,AREA_C,AREA_B,AREA_C_TO_AREA_B,CA,BI,31_60,high,3_5,Y,L,0,0.5702968562191749,24.42581435186726
,21.8330208,7.0,1,1,0,0,0,0,0,0,0,5,1,169.0,20.0,24.62725,4,0,SPECIAL EQUIPMENT,UPPER APEX,LANG_02,Round-Trip,google,Direct,Direct,Logged-Out,AREA_B,AREA_B,AREA_B_TO_AREA_B,BE,BI,MISSING,low,6_8,Y,O,1,0.9915361171651316,24.418807841454985
29.0,52.3793768,,2,2,0,0,0,0,0,0,0,2,1,3.6666666666666665,14.0,36.940875,3,0,SPECIAL EQUIPMENT,UPPER APEX,LANG_09,One-Way,google,Direct,Referrals,Logged-Out,AREA_C,AREA_B,AREA_C_TO_AREA_B,CU,BE,15_30,mid,unknown_or_oneway,Y,W,0,0.6609551360674096,24.41626106207417
27.0,47.0239136,3.1215277777777777,2,2,0,0,0,0,0,0,0,2,1,77.16666666666667,7.0,64.245,5,1,SPECIAL EQUIPMENT,UPPER APEX,LANG_09,Round-Trip,apple,Paid Search,Organic Search,Logged-Out,AREA_C,AREA_C,AREA_C_TO_AREA_C,CA,CI,15_30,mid,3_5,Y,L,0,0.3797938516852852,24.399856001521147
107.0,84.2688816,,2,2,0,0,0,0,0,1,0,3,1,3.4166666666666665,16.0,42.83,3,1,SPECIAL EQUIPMENT,UPPER APEX,LANG_09,Round-Trip,google,Direct,Paid Search,Logged-In,AREA_C,AREA_B,AREA_C_TO_AREA_B,CA,BO,61_120,high,unknown_or_oneway,Y,L,0,0.5694593708677237,24.389944854264606
64.0,50.6019318,7.065972222222222,2,2,0,0,0,0,0,0,0,4,1,170.58333333333334,8.0,40.6885,4,0,SPECIAL EQUIPMENT,UPPER APEX,LANG_09,Round-Trip,apple,Direct,Direct,Logged-Out,AREA_C,AREA_B,AREA_C_TO_AREA_B,CE,BU,61_120,mid,6_8,Y,O,0,0.5989826790078424,24.371706734810594
40.0,40.5912759,,2,2,0,0,0,0,0,0,0,1,0,2.6666666666666665,19.0,60.107622,3,1,SPECIAL EQUIPMENT,NEW MERIDIAN,LANG_02,One-Way,google,Organic Search,Organic Search,Logged-Out,AREA_C,AREA_C,AREA_C_TO_AREA_C,CA,CI,31_60,mid,unknown_or_oneway,Y,L,0,0.40538173639147485,24.366532176722412
156.0,145.3911463,5.982638888888889,2,2,0,0,0,0,0,1,0,2,1,164.16666666666666,18.0,40.6885,4,1,SPECIAL EQUIPMENT,UPPER APEX,LANG_09,Round-Trip,google,MetaSearches,MetaSearches,Logged-In,AREA_C,AREA_D,AREA_C_TO_AREA_D,CA,DA,120_plus,very_high,6_8,Y,O,0,0.598517288168462,24.35277067964246
81.0,90.3781528,2.75,4,4,0,0,0,0,0,0,0,2,1,67.91666666666667,19.0,85.66,6,1,SPECIAL EQUIPMENT,UPPER APEX,LANG_09,Round-Trip,google,Direct,Organic Search,Logged-Out,AREA_C,AREA_B,AREA_C_TO_AREA_B,CA,BE,61_120,high,3_5,Y,W,0,0.2839848344792776,24.32614092149492
77.0,36.7207288,9.385416666666666,2,2,0,0,0,0,0,0,0,2,1,227.25,8.0,85.66,3,1,SPECIAL EQUIPMENT,UPPER APEX,LANG_09,Round-Trip,samsung,Email,Email,Logged-Out,AREA_C,AREA_B,AREA_C_TO_AREA_B,CA,BE,61_120,mid,9_14,Y,L,0,0.28390446285592197,24.319256288238275
1.0,599.3664464,7.229166666666667,4,3,1,0,0,0,1,0,0,2,1,176.16666666666666,19.0,36.336972,6,1,SPECIAL EQUIPMENT,UPPER APEX,LANG_09,Round-Trip,google,Paid Search,Organic Search,Logged-Out,AREA_C,AREA_B,AREA_C_TO_AREA_B,CA,BO,0_3,very_high,6_8,Y,E,0,0.6687942822472247,24.301959107777503
27.0,39.2048688,8.729166666666666,2,2,0,0,0,0,0,0,0,2,1,211.5,11.0,42.83,3,1,SPECIAL EQUIPMENT,UPPER APEX,LANG_09,Round-Trip,google,Direct,Direct,Logged-Out,AREA_C,AREA_B,AREA_C_TO_AREA_B,CA,BI,15_30,mid,9_14,Y,U,0,0.5673449799533516,24.29938549140205
41.0,53.4415608,4.0,2,2,0,0,0,0,0,0,0,2,1,97.91666666666667,11.0,85.66,4,1,SPECIAL EQUIPMENT,UPPER APEX,LANG_02,Round-Trip,google,Paid Search,Paid Search,Logged-Out,AREA_C,AREA_B,AREA_C_TO_AREA_B,CA,BE,31_60,mid,3_5,Y,O,0,0.28364849687130245,24.297330241995766
182.0,53.073651100000006,16.38888888888889,1,1,0,0,0,0,0,0,0,4,1,395.4166666666667,22.0,37.6424304,2,0,SPECIAL EQUIPMENT,LOWER ZENITH,LANG_02,Round-Trip,google,Paid Search,Paid Search,Logged-Out,AREA_C,AREA_B,AREA_C_TO_AREA_B,CE,BU,120_plus,mid,15_30,Y,L,0,0.6447978154620339,24.271756890601655
26.0,153.9657123,7.236111111111111,1,1,0,0,0,0,0,1,0,2,1,194.25,17.0,38.547,1,1,SPECIAL EQUIPMENT,UPPER APEX,LANG_09,Round-Trip,google,Direct,Direct,Logged-In,AREA_C,AREA_D,AREA_C_TO_AREA_D,CA,DA,15_30,very_high,6_8,Y,U,0,0.6295232933005301,24.266234386855533
24.0,212.6201124,3.125,3,3,0,0,0,0,0,0,0,2,1,77.0,11.0,85.66,4,1,SPECIAL EQUIPMENT,UPPER APEX,LANG_09,Round-Trip,google,Direct,Direct,Logged-Out,AREA_C,AREA_B,AREA_C_TO_AREA_B,CA,BE,15_30,very_high,3_5,Y,O,0,0.2832832287968814,24.26604137874086
1.0,112.5803682,11.6875,2,2,0,0,0,0,0,0,0,4,1,283.1666666666667,,39.4344376,3,0,SPECIAL EQUIPMENT,NEW MERIDIAN,LANG_02,Round-Trip,apple,Direct,Direct,Logged-Out,AREA_C,AREA_C,AREA_C_TO_AREA_C,CI,CE,0_3,very_high,9_14,Y,T,0,0.6153286060697403,24.265137519552155
22.0,216.9069671,3.1944444444444446,4,4,0,0,0,0,0,0,0,2,1,78.16666666666667,15.0,42.83,4,1,SPECIAL EQUIPMENT,UPPER APEX,LANG_02,Round-Trip,apple,Paid Search,Paid Search,Logged-Out,AREA_C,AREA_B,AREA_C_TO_AREA_B,CA,BI,15_30,very_high,3_5,Y,V,0,0.5661240285625572,24.247092143334324
30.0,136.550606,11.26736111111111,3,2,0,1,0,1,0,1,0,2,1,277.0833333333333,14.0,42.83,5,1,SPECIAL EQUIPMENT,UPPER APEX,LANG_09,Round-Trip,apple,Paid Search,Affiliate,Logged-In,AREA_C,AREA_B,AREA_C_TO_AREA_B,CA,BE,15_30,very_high,9_14,Y,O,0,0.5657952723614746,24.23301151524196
216.0,116.334846,10.215277777777779,5,4,0,1,0,1,0,0,0,2,1,249.08333333333334,22.0,42.83,6,1,SPECIAL EQUIPMENT,UPPER APEX,LANG_09,Round-Trip,apple,Direct,Direct,Logged-Out,AREA_C,AREA_C,AREA_C_TO_AREA_C,CA,CI,120_plus,very_high,9_14,Y,L,0,0.5654742225011816,24.21926094972561
148.0,498.7622028,13.0,2,2,0,0,0,0,0,0,0,2,1,319.25,19.0,77.094,5,1,SPECIAL EQUIPMENT,UPPER APEX,LANG_09,Round-Trip,google,Paid Search,Paid Search,Logged-Out,AREA_C,AREA_B,AREA_C_TO_AREA_B,CA,BU,120_plus,very_high,9_14,Y,T,0,0.31413073248908746,24.217594690513707
102.0,39.425015,4.15625,3,3,0,0,0,0,0,0,0,2,1,101.66666666666667,19.0,85.66,4,1,SPECIAL EQUIPMENT,WEST APEX,LANG_09,Round-Trip,apple,Direct,Direct,Logged-Out,AREA_C,AREA_B,AREA_C_TO_AREA_B,CA,BE,61_120,mid,3_5,Y,O,0,0.2827044618934934,24.216464205796644
99.0,367.5267998,11.211805555555555,2,2,0,0,0,0,0,0,0,2,1,285.25,18.0,41.438025,1,1,SPECIAL EQUIPMENT,UPPER APEX,LANG_09,Round-Trip,apple,Paid Search,Paid Search,Logged-Out,AREA_C,AREA_B,AREA_C_TO_AREA_B,CA,BO,61_120,very_high,9_14,P,R,0,0.5840070958512777,24.200100638062647
230.0,110.6864256,7.21875,3,3,0,0,0,0,0,1,0,2,1,177.16666666666666,21.0,42.83,6,1,SPECIAL EQUIPMENT,UPPER APEX,LANG_09,Round-Trip,apple,Direct,Direct,Logged-In,AREA_C,AREA_C,AREA_C_TO_AREA_C,CA,CI,120_plus,very_high,6_8,Y,L,0,0.564513053361599,24.178094075477283
108.0,41.4474476,7.190972222222222,1,1,0,0,0,0,0,1,0,2,1,177.66666666666666,14.0,42.83,3,1,SPECIAL EQUIPMENT,UPPER APEX,LANG_09,Round-Trip,google,Paid Search,Paid Search,Logged-In,AREA_C,AREA_B,AREA_C_TO_AREA_B,CA,BI,61_120,mid,6_8,Y,U,0,0.5643654433544764,24.171771938872222
146.0,242.0520318,15.975694444444445,2,2,0,0,0,0,0,0,0,2,1,389.3333333333333,21.0,81.377,2,1,SPECIAL EQUIPMENT,UPPER APEX,LANG_09,Round-Trip,google,Paid Search,Organic Search,Logged-Out,AREA_C,AREA_C,AREA_C_TO_AREA_C,CA,CA,120_plus,very_high,15_30,Y,L,0,0.2967089229350386,24.145282021684633
9.0,124.7119657,5.347222222222222,5,3,0,2,0,1,0,0,0,4,1,131.16666666666666,15.0,25.046984,3,0,SPECIAL EQUIPMENT,NEW APEX,LANG_02,Round-Trip,google,Direct,Organic Search,Logged-Out,AREA_C,AREA_B,AREA_C_TO_AREA_B,CU,BI,8_14,very_high,6_8,Y,S,0,0.9637288920404288,24.138502139274344
118.0,363.4091236,,2,2,0,0,0,0,0,0,0,2,1,278.75,21.0,41.438025,5,1,SPECIAL EQUIPMENT,UPPER APEX,LANG_09,Multi-City,google,Paid Search,Paid Search,Logged-Out,AREA_C,AREA_C,AREA_C_TO_AREA_C,CA,CA,61_120,very_high,unknown_or_oneway,Y,L,0,0.5822061754573402,24.125474053755653
67.0,31.1905192,5.506944444444445,1,1,0,0,0,0,0,0,0,2,1,134.33333333333334,16.0,36.4055,3,1,SPECIAL EQUIPMENT,UPPER APEX,LANG_09,Round-Trip,google,Direct,Paid Search,Logged-Out,AREA_C,AREA_C,AREA_C_TO_AREA_C,CA,CI,61_120,low,6_8,Y,U,0,0.6622719982678978,24.110343232941958
19.0,151.1286531,,1,1,0,0,0,0,0,0,0,2,1,-4922.0,11.0,40.6885,1,1,SPECIAL EQUIPMENT,UPPER APEX,LANG_09,Round-Trip,apple,Direct,Organic Search,Logged-Out,AREA_C,AREA_D,AREA_C_TO_AREA_D,CA,DA,15_30,very_high,unknown_or_oneway,Y,L,0,0.5924363192429255,24.105345175515772
81.0,316.5899374,5.072916666666667,2,2,0,0,0,0,0,1,0,4,1,124.08333333333333,15.0,34.5055612,1,0,SPECIAL EQUIPMENT,LOWER ZENITH,LANG_02,Round-Trip,samsung,Direct,Direct,Logged-In,AREA_B,AREA_B,AREA_B_TO_AREA_B,BU,BU,61_120,very_high,6_8,Y,Y,0,0.698329329150171,24.09624540474617
0.0,96.8232112,,2,2,0,0,0,0,0,0,0,2,1,5.0,11.0,32.1225,4,0,SPECIAL EQUIPMENT,UPPER APEX,LANG_09,One-Way,google,MetaSearches,MetaSearches,Logged-Out,AREA_B,AREA_C,AREA_B_TO_AREA_C,BE,CU,invalid_or_past,high,unknown_or_oneway,Y,H,0,0.7501195771355671,24.095716116537254
177.0,203.965026,14.222222222222221,2,2,0,0,0,0,0,0,0,2,1,355.9166666666667,20.0,42.4017,1,1,SPECIAL EQUIPMENT,UPPER APEX,LANG_09,Round-Trip,apple,Direct,Direct,Logged-Out,AREA_C,AREA_B,AREA_C_TO_AREA_B,CA,BI,120_plus,very_high,15_30,Y,U,0,0.5680108921992589,24.084627447765317
154.0,266.1203503,13.065972222222221,2,2,0,0,0,0,0,1,1,2,1,318.5833333333333,15.0,81.377,1,1,SPECIAL EQUIPMENT,UPPER MERIDIAN,LANG_02,Round-Trip,google,Direct,Direct,Logged-In,AREA_C,AREA_C,AREA_C_TO_AREA_C,CA,CA,120_plus,very_high,9_14,Y,L,0,0.2959560627893316,24.084016521607438
3.0,77.2893048,8.381944444444445,2,1,0,1,0,1,0,1,0,2,1,202.16666666666666,23.0,44.9432322,6,1,SPECIAL EQUIPMENT,UPPER APEX,LANG_02,Round-Trip,apple,Direct,Direct,Logged-In,AREA_C,AREA_C,AREA_C_TO_AREA_C,CA,CE,0_3,high,9_14,Y,V,0,0.5358489420203097,24.082783425343116
97.0,375.2160697,33.427083333333336,3,2,0,1,0,1,0,0,0,2,1,818.4166666666666,19.0,57.8205,2,1,SPECIAL EQUIPMENT,UPPER APEX,LANG_09,Round-Trip,apple,Internal,Organic Search,Logged-Out,AREA_C,AREA_B,AREA_C_TO_AREA_B,CA,BO,61_120,very_high,30_plus,Y,V,0,0.416165504324806,24.062897542812447
50.0,229.76624630000003,39.017361111111114,2,2,0,0,0,0,0,1,1,2,1,940.0833333333334,14.0,77.496602,1,1,SPECIAL EQUIPMENT,LOWER VERTEX,LANG_02,Round-Trip,samsung,Direct,Direct,Logged-In,AREA_D,AREA_C,AREA_D_TO_AREA_C,DA,CA,31_60,very_high,30_plus,Y,O,0,0.3104395576640232,24.058010845344853
84.0,87.0369845,4.069444444444445,2,2,0,0,0,0,0,1,0,4,1,98.66666666666667,10.0,40.6885,4,0,SPECIAL EQUIPMENT,UPPER APEX,LANG_09,Round-Trip,google,Paid Search,Paid Search,Logged-In,AREA_C,AREA_B,AREA_C_TO_AREA_B,CE,BU,61_120,high,3_5,Y,V,0,0.5909972125100494,24.046790081215146
178.0,36.7686984,4.15625,2,2,0,0,0,0,0,1,0,2,1,101.66666666666667,14.0,85.66,4,1,SPECIAL EQUIPMENT,UPPER APEX,LANG_02,Round-Trip,google,Direct,Organic Search,Logged-In,AREA_C,AREA_B,AREA_C_TO_AREA_B,CA,BE,120_plus,mid,3_5,Y,O,0,0.2805570693770409,24.03251856283732
130.0,50.8400666,,1,1,0,0,0,0,0,0,0,1,0,2.0,10.0,34.9287216,3,1,SPECIAL EQUIPMENT,CENTRAL APEX,LANG_09,One-Way,microsoft,Paid Search,Paid Search,Logged-Out,AREA_C,AREA_C,AREA_C_TO_AREA_C,CA,CU,120_plus,mid,unknown_or_oneway,C,F,0,0.6877868221335863,24.023514430452757
109.0,215.4301887,4.4375,3,3,0,0,0,0,0,0,0,2,1,110.25,16.0,42.83,3,1,SPECIAL EQUIPMENT,UPPER APEX,LANG_09,Round-Trip,google,Direct,Direct,Logged-Out,AREA_C,AREA_C,AREA_C_TO_AREA_C,CA,CE,61_120,very_high,3_5,Y,O,0,0.5603864762449463,24.00135277757105
153.0,491.5483459,13.34375,1,1,0,0,0,0,0,0,1,2,1,334.8333333333333,19.0,38.547,4,1,SPECIAL EQUIPMENT,UPPER APEX,LANG_09,Round-Trip,apple,Direct,Direct,Logged-Out,AREA_C,AREA_B,AREA_C_TO_AREA_B,CA,BI,120_plus,very_high,9_14,C,F,0,0.6226223372046638,24.000223232228173
10.0,110.2135824,2.1597222222222223,4,4,0,0,0,0,0,0,0,2,1,53.75,16.0,85.66,5,1,SPECIAL EQUIPMENT,UPPER APEX,LANG_09,Round-Trip,mozilla,Paid Search,Paid Search,Logged-Out,AREA_C,AREA_B,AREA_C_TO_AREA_B,CA,BE,8_14,very_high,3_5,Y,W,0,0.2799530621735901,23.980779305789728
45.0,311.5869651,4.4375,3,3,0,0,0,0,0,0,0,2,1,110.25,11.0,42.83,4,1,SPECIAL EQUIPMENT,UPPER APEX,LANG_09,Round-Trip,google,Paid Search,Paid Search,Logged-Out,AREA_C,AREA_C,AREA_C_TO_AREA_C,CA,CE,31_60,very_high,3_5,Y,V,0,0.5597379295805648,23.97357552393559
60.0,396.1749302,7.673611111111111,9,9,0,0,0,0,0,0,0,4,1,186.91666666666666,22.0,24.597269,2,0,SPECIAL EQUIPMENT,NEW MERIDIAN,LANG_02,Round-Trip,google,Paid Search,Paid Search,Logged-Out,AREA_C,AREA_C,AREA_C_TO_AREA_C,CI,CE,31_60,very_high,6_8,Y,L,0,0.9728265357281222,23.928875989642734
17.0,315.4660782,5.982638888888889,1,1,0,0,0,0,0,0,0,2,1,164.16666666666666,18.0,38.547,3,1,SPECIAL EQUIPMENT,UPPER APEX,LANG_09,Round-Trip,mozilla,Direct,Paid Search,Logged-Out,AREA_C,AREA_D,AREA_C_TO_AREA_D,CA,DA,15_30,very_high,6_8,P,A,0,0.6206809896488406,23.925390107993856
70.0,349.1141828,41.361111111111114,2,2,0,0,0,0,0,0,0,2,1,999.9166666666666,19.0,77.094,5,1,SPECIAL EQUIPMENT,UPPER APEX,LANG_02,Round-Trip,google,Paid Search,Paid Search,Logged-Out,AREA_C,AREA_B,AREA_C_TO_AREA_B,CA,BU,61_120,very_high,30_plus,Y,V,0,0.31026700239687055,23.919724282784337
45.0,30.8358868,5.517361111111111,2,2,0,0,0,0,0,0,0,2,1,134.58333333333334,14.0,42.83,3,1,SPECIAL EQUIPMENT,UPPER APEX,LANG_09,Round-Trip,samsung,Direct,Email,Logged-Out,AREA_C,AREA_B,AREA_C_TO_AREA_B,CA,BI,31_60,low,6_8,Y,O,0,0.5579234769619961,23.89586251828229
30.0,79.39397100000001,14.67361111111111,1,1,0,0,0,0,0,1,0,4,1,354.9166666666667,22.0,49.5080536,2,0,SPECIAL EQUIPMENT,NEW MERIDIAN,LANG_02,Round-Trip,google,Paid Search,Paid Search,Logged-In,AREA_C,AREA_C,AREA_C_TO_AREA_C,CI,CE,15_30,high,15_30,Y,Q,0,0.482558026311384,23.890508631734207
0.0,68.9657226,,2,1,0,1,0,1,0,0,0,2,1,4.666666666666667,14.0,32.2959615,3,0,SPECIAL EQUIPMENT,SOUTH APEX,LANG_02,One-Way,google,Paid Search,Organic Search,Logged-Out,AREA_C,AREA_B,AREA_C_TO_AREA_B,CO,BA,invalid_or_past,high,unknown_or_oneway,Y,T,0,0.7389779061077707,23.866002005007175
33.0,85.9418214,7.673611111111111,2,1,1,0,0,0,1,0,0,4,1,186.91666666666666,18.0,24.5218882,6,0,SPECIAL EQUIPMENT,UPPER APEX,LANG_02,Round-Trip,apple,Organic Search,Organic Search,Logged-Out,AREA_C,AREA_C,AREA_C_TO_AREA_C,CI,CE,31_60,high,6_8,Y,T,0,0.9730773164753513,23.86169316456458
32.0,210.2661756,7.267361111111111,4,4,0,0,0,0,0,0,0,2,1,181.08333333333334,22.0,42.83,5,1,SPECIAL EQUIPMENT,UPPER MERIDIAN,LANG_09,Round-Trip,apple,Paid Search,Paid Search,Logged-Out,AREA_C,AREA_B,AREA_C_TO_AREA_B,CA,BE,31_60,very_high,6_8,Y,O,0,0.5567733517840796,23.84660265691213
20.0,119.6781558,2.892361111111111,2,2,0,0,0,0,0,1,0,2,1,70.91666666666667,18.0,42.83,1,1,SPECIAL EQUIPMENT,UPPER APEX,LANG_09,Round-Trip,google,Paid Search,Paid Search,Logged-In,AREA_C,AREA_B,AREA_C_TO_AREA_B,CA,BI,15_30,very_high,3_5,Y,U,0,0.5566663690387489,23.842020585929614
193.0,93.1492538,,1,1,0,0,0,0,0,1,1,1,0,20.583333333333332,13.0,38.547,4,1,SPECIAL EQUIPMENT,UPPER APEX,LANG_09,One-Way,google,Paid Search,Organic Search,Logged-In,AREA_D,AREA_C,AREA_D_TO_AREA_C,DA,CA,120_plus,high,unknown_or_oneway,Y,V,0,0.618188242187243,23.829302171591653
50.0,117.1246312,5.177083333333333,4,4,0,0,0,0,0,0,0,2,1,129.33333333333334,17.0,42.83,3,1,SPECIAL EQUIPMENT,UPPER APEX,LANG_09,Round-Trip,google,Paid Search,Paid Search,Logged-Out,AREA_C,AREA_B,AREA_C_TO_AREA_B,CA,BO,31_60,very_high,6_8,Y,O,0,0.555158672614693,23.7774459480873
72.0,519.0374965,,2,2,0,0,0,0,0,0,0,5,1,1.1666666666666667,14.0,38.3945252,4,0,SPECIAL EQUIPMENT,UPPER HORIZON,LANG_05,Round-Trip,google,Direct,Organic Search,Logged-Out,AREA_B,AREA_B,AREA_B_TO_AREA_B,BO,BU,61_120,very_high,unknown_or_oneway,Y,H,0,0.6192851403244092,23.77715892617106
80.0,40.1094384,6.729166666666667,1,1,0,0,0,0,0,0,0,4,1,164.25,21.0,24.6298198,4,0,SPECIAL EQUIPMENT,NEW MERIDIAN,LANG_02,Round-Trip,google,Paid Search,Paid Search,Logged-Out,AREA_C,AREA_C,AREA_C_TO_AREA_C,CI,CU,61_120,mid,6_8,Y,L,0,0.9647689480699474,23.76208533959836
27.0,42.5451805,10.190972222222221,1,1,0,0,0,0,0,0,0,5,1,247.0,12.0,42.7777474,2,0,SPECIAL EQUIPMENT,NEW MERIDIAN,LANG_02,Round-Trip,google,Paid Search,Paid Search,Logged-Out,AREA_B,AREA_B,AREA_B_TO_AREA_B,BU,BI,15_30,mid,9_14,Y,L,0,0.5553943029076376,23.75851719718201
80.0,70.37825600000001,6.177083333333333,3,2,0,1,0,1,0,1,0,2,1,153.33333333333334,17.0,42.83,3,1,SPECIAL EQUIPMENT,UPPER APEX,LANG_02,Round-Trip,apple,Direct,Direct,Logged-In,AREA_C,AREA_B,AREA_C_TO_AREA_B,CA,BO,61_120,high,6_8,Y,O,0,0.5543222150645056,23.741620471212777
7.0,166.9830342,3.96875,3,3,0,0,0,0,0,0,0,4,1,96.83333333333333,20.0,42.83,3,1,SPECIAL EQUIPMENT,UPPER VERTEX,LANG_10,Round-Trip,google,Direct,Organic Search,Logged-Out,AREA_C,AREA_B,AREA_C_TO_AREA_B,CA,BI,4_7,very_high,3_5,Y,W,0,0.5542646081323314,23.73915316630775
58.0,334.5117226,8.23263888888889,2,2,0,0,0,0,0,0,0,2,1,212.08333333333334,7.0,42.4017,1,1,SPECIAL EQUIPMENT,SOUTH VERTEX,LANG_09,Round-Trip,apple,Direct,Paid Search,Logged-Out,AREA_C,AREA_B,AREA_C_TO_AREA_B,CA,BI,31_60,very_high,9_14,Y,W,0,0.5596610827272533,23.730581331476177
165.0,505.6783912,17.0,2,2,0,0,0,0,0,0,0,2,1,415.25,23.0,68.8500816,1,1,SPECIAL EQUIPMENT,UPPER APEX,LANG_09,Round-Trip,google,Paid Search,Paid Search,Logged-Out,AREA_C,AREA_B,AREA_C_TO_AREA_B,CA,BU,120_plus,very_high,15_30,Y,T,0,0.34443535127937824,23.714402041509857
338.0,179.63929919999998,4.517361111111111,8,8,0,0,0,0,0,1,1,2,1,110.41666666666667,20.0,73.88175,4,1,SPECIAL EQUIPMENT,UPPER APEX,LANG_09,Round-Trip,google,Paid Search,Organic Search,Logged-In,AREA_C,AREA_B,AREA_C_TO_AREA_B,CA,BI,120_plus,very_high,3_5,Y,O,0,0.3208913748430276,23.708016333308855
173.0,117.6604345,11.222222222222221,1,1,0,0,0,0,0,1,0,2,1,289.9166666666667,11.0,38.547,2,1,SPECIAL EQUIPMENT,UPPER APEX,LANG_09,Round-Trip,apple,Direct,Direct,Logged-In,AREA_C,AREA_D,AREA_C_TO_AREA_D,CA,DA,120_plus,very_high,9_14,Y,U,0,0.6148835006574322,23.701914299842038
19.0,74.39742319999999,11.072916666666666,1,1,0,0,0,0,0,0,0,4,1,268.0833333333333,17.0,34.5055612,4,0,SPECIAL EQUIPMENT,OLD ZENITH,LANG_02,Round-Trip,apple,Direct,Direct,Logged-Out,AREA_B,AREA_B,AREA_B_TO_AREA_B,BU,BU,15_30,high,9_14,Y,S,0,0.6858639727010849,23.666121284912418
56.0,38.0604512,4.159722222222222,2,2,0,0,0,0,0,1,0,2,1,101.75,17.0,85.66,4,1,SPECIAL EQUIPMENT,UPPER APEX,LANG_09,Round-Trip,apple,Direct,Direct,Logged-In,AREA_C,AREA_B,AREA_C_TO_AREA_B,CA,BE,31_60,mid,3_5,Y,W,0,0.2762609078688637,23.664509368046865
54.0,140.8314645,6.729166666666667,3,3,0,0,0,0,0,0,0,4,1,164.25,13.0,24.5698578,4,0,SPECIAL EQUIPMENT,NEW MERIDIAN,LANG_02,Round-Trip,apple,Direct,Direct,Logged-Out,AREA_C,AREA_C,AREA_C_TO_AREA_C,CI,CI,31_60,very_high,6_8,Y,V,0,0.9630192205461839,23.661245307486578
19.0,88.44523489999999,7.868055555555555,2,2,0,0,0,0,0,1,0,4,1,191.25,9.0,24.4867676,6,0,SPECIAL EQUIPMENT,NEW MERIDIAN,LANG_02,Round-Trip,apple,Direct,Direct,Logged-In,AREA_B,AREA_B,AREA_B_TO_AREA_B,BU,BI,15_30,high,6_8,Y,T,0,0.965983492583188,23.65381328832085
60.0,460.6503556,16.53125,2,2,0,0,0,0,0,0,0,2,1,404.0,17.0,77.094,4,1,SPECIAL EQUIPMENT,UPPER APEX,LANG_09,Round-Trip,google,Paid Search,Paid Search,Logged-Out,AREA_C,AREA_B,AREA_C_TO_AREA_B,CA,BU,31_60,very_high,15_30,Y,S,0,0.30663988372889867,23.640095196195713
80.0,26.8004442,6.729166666666667,1,1,0,0,0,0,0,0,0,4,1,164.25,21.0,24.6298198,4,0,SPECIAL EQUIPMENT,NEW MERIDIAN,LANG_02,Round-Trip,google,Paid Search,Organic Search,Logged-Out,AREA_C,AREA_C,AREA_C_TO_AREA_C,CI,CU,61_120,low,6_8,Y,L,0,0.9594895953720358,23.632055833988158
304.0,277.778248,7.131944444444445,4,4,0,0,0,0,0,1,1,2,1,177.16666666666666,22.0,42.83,2,1,SPECIAL EQUIPMENT,UPPER APEX,LANG_09,Round-Trip,samsung,Direct,Direct,Logged-In,AREA_C,AREA_B,AREA_C_TO_AREA_B,CA,BI,120_plus,very_high,6_8,Y,Q,0,0.5516210929139364,23.62593140950389
46.0,103.0982345,6.673611111111111,4,3,1,0,0,0,1,0,0,4,1,161.08333333333334,9.0,24.62725,4,0,SPECIAL EQUIPMENT,WEST VERTEX,LANG_02,Round-Trip,microsoft,Direct,Referrals,Logged-Out,AREA_B,AREA_C,AREA_B_TO_AREA_C,BE,CE,31_60,very_high,6_8,Y,O,0,0.9592750955364721,23.624307596550583
18.0,182.2917611,5.236111111111111,1,1,0,0,0,0,0,0,0,2,1,140.08333333333334,17.0,38.547,4,1,SPECIAL EQUIPMENT,UPPER APEX,LANG_09,Round-Trip,google,Email,Paid Search,Logged-Out,AREA_C,AREA_B,AREA_C_TO_AREA_B,CA,BI,15_30,very_high,6_8,Y,Q,0,0.6121267668019279,23.595650479913914
13.0,45.5462786,5.15625,2,2,0,0,0,0,0,1,0,2,1,125.66666666666667,14.0,85.66,4,1,SPECIAL EQUIPMENT,WEST MERIDIAN,LANG_02,Round-Trip,apple,Direct,Direct,Logged-In,AREA_C,AREA_B,AREA_C_TO_AREA_B,CA,BE,8_14,mid,6_8,Y,W,0,0.2754115711908344,23.591755188206875
29.0,146.7814081,3.34375,3,3,0,0,0,0,0,1,0,2,1,81.75,19.0,42.83,5,1,SPECIAL EQUIPMENT,UPPER APEX,LANG_09,Round-Trip,google,Organic Search,Paid Search,Logged-In,AREA_C,AREA_B,AREA_C_TO_AREA_B,CA,BI,15_30,very_high,3_5,Y,V,0,0.5508085761163564,23.591131315063542
63.0,870.018639,15.135416666666666,5,4,1,0,0,0,1,0,0,3,1,364.1666666666667,23.0,82.87605,3,0,SPECIAL EQUIPMENT,UPPER APEX,LANG_02,Round-Trip,apple,Direct,Paid MetaSearches,Logged-Out,AREA_B,AREA_C,AREA_B_TO_AREA_C,BE,CA,61_120,very_high,15_30,Y,W,0,0.2842812247993397,23.56010500053132
7.0,96.1516368,7.194444444444445,2,2,0,0,0,0,0,0,0,2,1,174.33333333333334,12.0,43.2257492,3,1,SPECIAL EQUIPMENT,UPPER APEX,LANG_09,Round-Trip,apple,Direct,Organic Search,Logged-Out,AREA_C,AREA_B,AREA_C_TO_AREA_B,CA,BA,4_7,high,6_8,Y,T,0,0.5445258908164241,23.53753958933733
67.0,49.4296747,,2,2,0,0,0,0,0,0,0,2,1,33.166666666666664,20.0,42.83,3,1,SPECIAL EQUIPMENT,UPPER MERIDIAN,LANG_02,Multi-City,google,Paid Search,Paid Search,Logged-Out,AREA_C,AREA_C,AREA_C_TO_AREA_C,CU,CA,61_120,mid,unknown_or_oneway,Y,W,0,0.5494670632242433,23.53367431789434
48.0,91.43262740000002,5.1875,2,2,0,0,0,0,0,0,0,2,1,126.16666666666667,12.0,43.2257492,3,1,SPECIAL EQUIPMENT,UPPER APEX,LANG_09,Round-Trip,mozilla,Direct,Organic Search,Logged-Out,AREA_C,AREA_B,AREA_C_TO_AREA_B,CA,BA,31_60,high,6_8,Y,V,0,0.5441440052095095,23.521032297869752
,90.041509,6.322916666666667,2,2,0,0,0,0,0,1,0,2,1,152.75,20.0,23.5565,4,1,SPECIAL EQUIPMENT,UPPER APEX,LANG_02,Round-Trip,google,Paid Search,Paid Search,Logged-In,AREA_C,AREA_C,AREA_C_TO_AREA_C,CA,CE,MISSING,high,6_8,Y,L,1,0.9970995053620565,23.488174498061284
80.0,202.13704160000003,7.041666666666667,4,2,0,2,0,1,0,0,0,4,1,171.75,22.0,23.9539624,3,0,SPECIAL EQUIPMENT,NEW MERIDIAN,LANG_02,Round-Trip,google,MetaSearches,MetaSearches,Logged-Out,AREA_C,AREA_B,AREA_C_TO_AREA_B,CI,BI,61_120,very_high,6_8,Y,T,1,0.9790990252674362,23.45330123713282
8.0,30.0448167,3.7291666666666665,1,1,0,0,0,0,0,0,0,4,1,92.25,17.0,42.5695936,6,0,SPECIAL EQUIPMENT,NEW MERIDIAN,LANG_02,Round-Trip,google,Paid Search,Paid Search,Logged-Out,AREA_C,AREA_D,AREA_C_TO_AREA_D,CI,DA,8_14,low,3_5,Y,L,0,0.5507507698534001,23.44523644754637
57.0,34.6588926,3.7465277777777777,1,1,0,0,0,0,0,0,0,2,1,92.08333333333333,9.0,32.1225,6,1,SPECIAL EQUIPMENT,UPPER APEX,LANG_09,Round-Trip,apple,Direct,Paid Search,Logged-Out,AREA_C,AREA_B,AREA_C_TO_AREA_B,CA,BI,31_60,mid,3_5,Y,L,0,0.7295196959910952,23.433996434473958
51.0,55.8944349,7.010416666666667,2,2,0,0,0,0,0,1,0,4,1,171.08333333333334,19.0,25.046984,4,0,SPECIAL EQUIPMENT,NEW APEX,LANG_02,Round-Trip,samsung,Direct,Direct,Logged-In,AREA_C,AREA_B,AREA_C_TO_AREA_B,CU,BI,31_60,high,6_8,Y,V,0,0.9355477357132513,23.432649167646034
170.0,57.1249408,4.395833333333333,2,2,0,0,0,0,0,1,0,2,1,108.5,15.0,44.9715,4,1,SPECIAL EQUIPMENT,UPPER APEX,LANG_09,Round-Trip,apple,Direct,Direct,Logged-In,AREA_C,AREA_B,AREA_C_TO_AREA_B,CA,BO,120_plus,high,3_5,Y,L,0,0.5203428418653714,23.400598112948547
110.0,120.2113893,13.34375,1,1,0,0,0,0,0,0,0,2,1,334.8333333333333,19.0,38.547,5,1,SPECIAL EQUIPMENT,UPPER APEX,LANG_02,Round-Trip,apple,Direct,Direct,Logged-Out,AREA_C,AREA_B,AREA_C_TO_AREA_B,CA,BI,61_120,very_high,9_14,Y,L,0,0.6068894795477443,23.393768768126897
27.0,109.9857268,7.517361111111111,2,1,0,1,0,1,0,0,0,2,1,182.58333333333334,18.0,24.62725,6,1,SPECIAL EQUIPMENT,UPPER APEX,LANG_09,Round-Trip,google,Direct,Direct,Logged-Out,AREA_C,AREA_B,AREA_C_TO_AREA_B,CA,BI,15_30,very_high,6_8,Y,S,1,0.9497265851667532,23.389154044547922
75.0,37.1310402,6.729166666666667,1,1,0,0,0,0,0,0,0,4,1,164.25,18.0,24.5638616,4,0,SPECIAL EQUIPMENT,NEW MERIDIAN,LANG_02,Round-Trip,apple,Direct,Direct,Logged-Out,AREA_C,AREA_C,AREA_C_TO_AREA_C,CI,CU,61_120,mid,6_8,Y,W,0,0.9516574427943068,23.376381715409266
2.0,118.6930658,6.347222222222222,2,2,0,0,0,0,0,0,0,5,1,153.33333333333334,22.0,40.6885,4,0,SPECIAL EQUIPMENT,UPPER APEX,LANG_09,Round-Trip,google,Direct,Paid Search,Logged-Out,AREA_C,AREA_B,AREA_C_TO_AREA_B,CE,BU,0_3,very_high,6_8,Y,W,0,0.5741916958602493,23.362998817009753
25.0,30.165169,,4,4,0,0,0,0,0,0,0,2,1,3.75,17.0,42.83,4,0,SPECIAL EQUIPMENT,SOUTH VERTEX,LANG_09,One-Way,google,Direct,Paid Search,Logged-Out,AREA_C,AREA_B,AREA_C_TO_AREA_B,CU,BE,15_30,low,unknown_or_oneway,Y,O,0,0.545317391099303,23.355943860783146
43.0,87.0982314,7.517361111111111,3,2,0,1,0,1,0,0,0,2,1,182.41666666666666,12.0,24.62725,6,1,SPECIAL EQUIPMENT,UPPER APEX,LANG_09,Round-Trip,google,Direct,Direct,Logged-Out,AREA_C,AREA_B,AREA_C_TO_AREA_B,CA,BI,31_60,high,6_8,Y,L,1,0.947361774815488,23.330915268824725
105.0,143.0419208,7.4375,2,1,0,1,0,1,0,0,0,2,1,182.25,10.0,42.83,3,1,SPECIAL EQUIPMENT,UPPER APEX,LANG_09,Round-Trip,microsoft,Paid MetaSearches,Paid Search,Logged-Out,AREA_C,AREA_C,AREA_C_TO_AREA_C,CA,CE,61_120,very_high,6_8,Y,U,0,0.5444712921365908,23.319705442210186
6.0,277.9983942,3.1979166666666665,3,3,0,0,0,0,0,0,0,2,1,80.25,18.0,77.094,4,1,SPECIAL EQUIPMENT,UPPER APEX,LANG_09,Round-Trip,google,Direct,Direct,Logged-Out,AREA_C,AREA_B,AREA_C_TO_AREA_B,CA,BA,4_7,very_high,3_5,Y,M,0,0.3024518436657918,23.317222435570553
4.0,165.63560239999998,3.3854166666666665,2,2,0,0,0,0,0,0,0,2,1,83.25,10.0,85.66,3,1,SPECIAL EQUIPMENT,UPPER APEX,LANG_09,Round-Trip,google,Paid Search,Paid Search,Logged-Out,AREA_C,AREA_B,AREA_C_TO_AREA_B,CA,BE,4_7,very_high,3_5,Y,B,0,0.2721794981279294,23.314895809638433
38.0,156.6995512,10.677083333333334,1,1,0,0,0,0,0,1,0,4,1,259.25,19.0,38.0253306,5,0,SPECIAL EQUIPMENT,OLD AURORA,LANG_02,Round-Trip,apple,Direct,Direct,Logged-In,AREA_B,AREA_B,AREA_B_TO_AREA_B,BO,BU,31_60,very_high,9_14,Y,V,0,0.6130727683796889,23.312294699494895
253.0,116.1669524,6.03125,2,2,0,0,0,0,0,0,0,4,1,147.41666666666666,20.0,24.6298198,4,0,SPECIAL EQUIPMENT,NEW MERIDIAN,LANG_02,Round-Trip,google,Paid Search,Paid Search,Logged-Out,AREA_C,AREA_C,AREA_C_TO_AREA_C,CI,CU,120_plus,very_high,6_8,Y,T,0,0.946359306566669,23.308659186790013
107.0,89.8937455,8.996527777777779,1,1,0,0,0,0,0,1,0,2,1,236.5,11.0,38.547,1,1,SPECIAL EQUIPMENT,UPPER APEX,LANG_09,Round-Trip,apple,Direct,Direct,Logged-In,AREA_C,AREA_D,AREA_C_TO_AREA_D,CA,DA,61_120,high,9_14,Y,O,0,0.6045011342357403,23.301705221385077
21.0,56.08973970000001,,2,2,0,0,0,0,0,0,0,2,1,-48.833333333333336,16.0,85.66,5,1,SPECIAL EQUIPMENT,UPPER MERIDIAN,LANG_02,Round-Trip,google,Direct,Direct,Logged-Out,AREA_C,AREA_B,AREA_C_TO_AREA_B,CA,BE,15_30,high,unknown_or_oneway,Y,S,0,0.2719523026981014,23.295434249119364
,82.4443236,5.857638888888889,4,3,1,0,0,0,1,0,0,4,1,143.33333333333334,23.0,23.3868932,4,0,SPECIAL EQUIPMENT,NEW MERIDIAN,LANG_02,Round-Trip,google,Direct,Paid Search,Logged-Out,AREA_C,AREA_B,AREA_C_TO_AREA_B,CI,BE,MISSING,high,6_8,Y,O,1,0.9959538168144858,23.292265545972743
193.0,123.76670760000002,10.215277777777779,3,2,1,0,0,0,1,0,0,2,1,249.08333333333334,11.0,42.83,6,1,SPECIAL EQUIPMENT,UPPER APEX,LANG_09,Round-Trip,google,Paid Search,Paid Search,Logged-Out,AREA_C,AREA_C,AREA_C_TO_AREA_C,CA,CI,120_plus,very_high,9_14,Y,V,0,0.5426839165431352,23.243152145542478
193.0,270.9237348,8.222222222222221,3,3,0,0,0,0,0,0,0,2,1,211.91666666666666,20.0,42.4017,2,1,SPECIAL EQUIPMENT,NORTH MERIDIAN,LANG_02,Round-Trip,apple,Direct,Direct,Logged-Out,AREA_C,AREA_B,AREA_C_TO_AREA_B,CA,BI,120_plus,very_high,9_14,Y,U,0,0.5478971146520029,23.231769086339828
26.0,148.4042368,2.15625,4,4,0,0,0,0,0,0,0,2,1,53.666666666666664,10.0,85.66,2,1,SPECIAL EQUIPMENT,UPPER APEX,LANG_09,Round-Trip,microsoft,Organic Search,Organic Search,Logged-Out,AREA_C,AREA_B,AREA_C_TO_AREA_B,CA,BE,15_30,very_high,3_5,Y,S,0,0.27096183197987267,23.21059052739589
27.0,120.1034577,4.243055555555555,3,2,1,0,0,0,1,1,0,2,1,102.41666666666667,19.0,42.83,5,1,SPECIAL EQUIPMENT,UPPER APEX,LANG_09,Round-Trip,google,Paid Search,Paid Search,Logged-In,AREA_C,AREA_B,AREA_C_TO_AREA_B,CA,BI,15_30,very_high,3_5,Y,O,0,0.5419032431926928,23.209715905943032
117.0,176.1850597,9.989583333333334,2,2,0,0,0,0,0,1,0,4,1,241.83333333333334,22.0,37.6424304,4,0,SPECIAL EQUIPMENT,LOWER ZENITH,LANG_02,Round-Trip,apple,MetaSearches,Organic Search,Logged-In,AREA_C,AREA_B,AREA_C_TO_AREA_B,CE,BU,61_120,very_high,9_14,Y,W,0,0.6165420350685172,23.20814064374102
19.0,48.465999700000005,6.673611111111111,1,1,0,0,0,0,0,0,0,4,1,162.91666666666666,8.0,24.5218882,4,0,SPECIAL EQUIPMENT,NEW MERIDIAN,LANG_02,Round-Trip,google,Paid Search,Paid Search,Logged-Out,AREA_C,AREA_C,AREA_C_TO_AREA_C,CI,CE,15_30,mid,6_8,Y,V,0,0.945765792014901,23.191963015173855
0.0,287.35246620000004,,2,1,1,0,0,0,1,1,1,4,1,370.0,11.0,38.547,2,0,SPECIAL EQUIPMENT,UPPER APEX,LANG_02,Multi-City,google,Organic Search,Organic Search,Logged-In,AREA_B,AREA_B,AREA_B_TO_AREA_B,BE,BU,invalid_or_past,very_high,unknown_or_oneway,Y,S,1,0.6015537995831491,23.18809431253165
21.0,79.9944476,2.5104166666666665,2,2,0,0,0,0,0,0,0,2,1,61.833333333333336,18.0,44.4892342,6,1,SPECIAL EQUIPMENT,UPPER APEX,LANG_09,Round-Trip,apple,Direct,Direct,Logged-Out,AREA_C,AREA_D,AREA_C_TO_AREA_D,CA,DA,15_30,high,3_5,Y,L,0,0.5210971979545652,23.18321528076441
46.0,117.281389,7.083333333333333,5,2,1,2,0,1,1,1,0,5,1,171.0,20.0,24.091875,4,0,SPECIAL EQUIPMENT,UPPER APEX,LANG_09,Round-Trip,apple,Direct,Direct,Logged-In,AREA_C,AREA_B,AREA_C_TO_AREA_B,CE,BI,31_60,very_high,6_8,Y,V,0,0.9616234927214158,23.16731298370776
19.0,54.2454799,6.71875,1,1,0,0,0,0,0,0,0,4,1,163.91666666666666,9.0,24.6298198,3,0,SPECIAL EQUIPMENT,NEW MERIDIAN,LANG_02,Round-Trip,google,Direct,Organic Search,Logged-Out,AREA_C,AREA_C,AREA_C_TO_AREA_C,CI,CU,15_30,high,6_8,Y,V,0,0.940328379788384,23.16011854701386
45.0,195.8256128,8.885416666666666,2,2,0,0,0,0,0,1,1,4,1,215.33333333333334,22.0,37.6424304,4,0,SPECIAL EQUIPMENT,LOWER ZENITH,LANG_02,Round-Trip,apple,Direct,Email,Logged-In,AREA_C,AREA_B,AREA_C_TO_AREA_B,CE,BU,31_60,very_high,9_14,Y,V,0,0.6149857829854899,23.14955953302081
36.0,19.1522911,7.347222222222222,1,1,0,0,0,0,0,0,0,4,1,179.16666666666666,23.0,48.9683956,6,0,SPECIAL EQUIPMENT,NEW APEX,LANG_02,Round-Trip,google,Direct,Direct,Logged-Out,AREA_C,AREA_B,AREA_C_TO_AREA_B,CU,BI,31_60,very_low,6_8,Y,O,0,0.47248476541515544,23.13682090782253
119.0,73.2058926,6.128472222222222,1,1,0,0,0,0,0,1,0,2,1,149.25,19.0,42.83,3,1,SPECIAL EQUIPMENT,UPPER APEX,LANG_09,Round-Trip,google,Direct,Direct,Logged-In,AREA_C,AREA_B,AREA_C_TO_AREA_B,CA,BI,61_120,high,6_8,Y,S,0,0.5399648556770309,23.126694768647234
33.0,67.3553146,8.07638888888889,1,1,0,0,0,0,0,0,0,4,1,195.91666666666666,19.0,37.6424304,4,0,SPECIAL EQUIPMENT,LOWER ZENITH,LANG_02,Round-Trip,google,Direct,Direct,Logged-Out,AREA_C,AREA_B,AREA_C_TO_AREA_B,CE,BU,31_60,high,9_14,Y,V,0,0.6143398919353132,23.125246624118553
35.0,62.32364619999999,4.322916666666667,2,2,0,0,0,0,0,0,0,2,1,104.75,10.0,42.83,4,1,SPECIAL EQUIPMENT,UPPER APEX,LANG_09,Round-Trip,apple,Direct,Direct,Logged-Out,AREA_C,AREA_C,AREA_C_TO_AREA_C,CA,CE,31_60,high,3_5,Y,S,0,0.5396861034754228,23.11475581185236
93.0,106.3049166,7.517361111111111,3,3,0,0,0,0,0,0,0,2,1,182.58333333333334,9.0,24.62725,2,1,SPECIAL EQUIPMENT,UPPER APEX,LANG_09,Round-Trip,google,Direct,Direct,Logged-Out,AREA_C,AREA_B,AREA_C_TO_AREA_B,CA,BI,61_120,very_high,6_8,Y,L,0,0.9384434576425577,23.111281642227677
51.0,147.2015704,7.517361111111111,4,3,1,0,0,0,1,1,0,2,1,182.58333333333334,10.0,24.62725,2,1,SPECIAL EQUIPMENT,UPPER APEX,LANG_02,Round-Trip,apple,Direct,Direct,Logged-In,AREA_C,AREA_B,AREA_C_TO_AREA_B,CA,BI,31_60,very_high,6_8,Y,L,0,0.9384225926036028,23.11076779369708
6.0,167.019868,2.3854166666666665,4,4,0,0,0,0,0,0,0,2,1,59.25,17.0,85.66,3,1,SPECIAL EQUIPMENT,UPPER APEX,LANG_09,Round-Trip,google,Paid Search,Paid Search,Logged-Out,AREA_C,AREA_B,AREA_C_TO_AREA_B,CA,BE,4_7,very_high,3_5,Y,S,0,0.26937547451960303,23.074703147349194
20.0,55.5672137,8.493055555555555,1,1,0,0,0,0,0,0,0,4,1,206.0,11.0,23.8858627,6,0,SPECIAL EQUIPMENT,CENTRAL APEX,LANG_02,Round-Trip,google,Paid Search,Paid Search,Logged-Out,AREA_C,AREA_C,AREA_C_TO_AREA_C,CU,CE,15_30,high,9_14,Y,S,0,0.9659846474952063,23.073376660378397
112.0,26.8218592,5.0,2,2,0,0,0,0,0,0,0,2,1,122.0,21.0,85.66,4,1,SPECIAL EQUIPMENT,UPPER APEX,LANG_02,Round-Trip,google,Paid Search,Organic Search,Logged-Out,AREA_C,AREA_B,AREA_C_TO_AREA_B,CA,BE,61_120,low,3_5,Y,O,0,0.2693400573520295,23.071669312774844
2.0,172.2571204,7.229166666666667,1,1,0,0,0,0,0,0,0,2,1,194.08333333333334,16.0,38.547,4,1,SPECIAL EQUIPMENT,UPPER APEX,LANG_09,Round-Trip,google,Direct,Direct,Logged-Out,AREA_C,AREA_D,AREA_C_TO_AREA_D,CA,DA,0_3,very_high,6_8,Y,S,0,0.5984765276115134,23.069474709841003
1.0,114.6520553,4.347222222222222,2,2,0,0,0,0,0,0,0,4,1,107.16666666666667,12.0,24.5004732,4,0,SPECIAL EQUIPMENT,NEW APEX,LANG_02,Round-Trip,apple,MetaSearches,MetaSearches,Logged-Out,AREA_C,AREA_D,AREA_C_TO_AREA_D,CU,DA,0_3,very_high,3_5,Y,M,0,0.9413496585589328,23.063512081352282
13.0,215.5736692,5.510416666666667,5,5,0,0,0,0,0,0,0,4,1,137.0,23.0,24.2897496,3,0,SPECIAL EQUIPMENT,NEW HORIZON,LANG_02,Round-Trip,google,Direct,Paid Search,Logged-Out,AREA_C,AREA_B,AREA_C_TO_AREA_B,CE,BI,8_14,very_high,6_8,Y,U,0,0.9492989453031065,23.058233676956554
73.0,30.0135508,6.347222222222222,1,1,0,0,0,0,0,0,0,4,1,153.25,13.0,24.62725,5,0,SPECIAL EQUIPMENT,UPPER APEX,LANG_09,Round-Trip,apple,Direct,Direct,Logged-Out,AREA_C,AREA_B,AREA_C_TO_AREA_B,CA,BI,61_120,low,6_8,Y,L,0,0.9362771432515905,23.05793127614273
21.0,94.6615811,12.67361111111111,2,2,0,0,0,0,0,0,0,4,1,306.9166666666667,14.0,23.9081343,6,0,SPECIAL EQUIPMENT,NEW MERIDIAN,LANG_02,Round-Trip,google,Direct,Email,Logged-Out,AREA_C,AREA_C,AREA_C_TO_AREA_C,CI,CE,15_30,high,9_14,Y,U,1,0.9641051882571128,23.049956320177834
143.0,251.0861637,7.701388888888889,5,4,1,0,0,0,1,0,0,4,1,186.91666666666666,18.0,24.121856,2,0,SPECIAL EQUIPMENT,LOWER ZENITH,LANG_02,Round-Trip,google,Organic Search,Organic Search,Logged-Out,AREA_C,AREA_B,AREA_C_TO_AREA_B,CE,BI,120_plus,very_high,6_8,Y,L,1,0.955148459589287,23.0399536008346
32.0,30.3292079,7.701388888888889,2,2,0,0,0,0,0,0,0,4,1,186.91666666666666,20.0,23.9543907,6,0,SPECIAL EQUIPMENT,LOWER ZENITH,LANG_02,Round-Trip,google,Direct,Paid Search,Logged-Out,AREA_C,AREA_B,AREA_C_TO_AREA_B,CE,BI,31_60,low,6_8,Y,O,0,0.9616014385915446,23.034576557703918
203.0,66.5047108,11.916666666666666,2,2,0,0,0,0,0,0,0,2,1,288.9166666666667,12.0,42.83,6,1,SPECIAL EQUIPMENT,UPPER APEX,LANG_09,Round-Trip,google,Direct,Paid Search,Logged-Out,AREA_C,AREA_C,AREA_C_TO_AREA_C,CA,CI,120_plus,high,9_14,Y,O,0,0.5377330887420534,23.031108190822145
169.0,41.9185776,6.03125,1,1,0,0,0,0,0,0,0,4,1,147.41666666666666,3.0,24.0357677,4,0,SPECIAL EQUIPMENT,NEW MERIDIAN,LANG_02,Round-Trip,google,Direct,Direct,Logged-Out,AREA_C,AREA_C,AREA_C_TO_AREA_C,CI,CU,120_plus,mid,6_8,Y,Q,0,0.9581070900404595,23.028839447935468
37.0,53.68140879999999,4.513888888888889,4,2,0,1,1,1,0,0,0,2,1,110.33333333333333,22.0,42.83,5,1,SPECIAL EQUIPMENT,UPPER APEX,LANG_09,Round-Trip,google,MetaSearches,MetaSearches,Logged-Out,AREA_C,AREA_B,AREA_C_TO_AREA_B,CA,BI,31_60,mid,3_5,Y,U,0,0.5376565199660097,23.027828750144195
92.0,180.7503094,8.23611111111111,2,2,0,0,0,0,0,0,0,2,1,212.08333333333334,13.0,42.4017,2,1,SPECIAL EQUIPMENT,NEW AURORA,LANG_09,Round-Trip,google,Paid Search,Organic Search,Logged-Out,AREA_C,AREA_B,AREA_C_TO_AREA_B,CA,BI,61_120,very_high,9_14,Y,O,0,0.5430210225880118,23.0250144934701
81.0,77.20535799999999,8.722222222222221,4,4,0,0,0,0,0,1,0,4,1,212.16666666666666,14.0,25.046984,2,0,SPECIAL EQUIPMENT,NEW APEX,LANG_02,Round-Trip,apple,Direct,Direct,Logged-In,AREA_C,AREA_B,AREA_C_TO_AREA_B,CU,BI,61_120,high,9_14,Y,O,0,0.9179745429023819,22.992493688483272
9.0,283.7556028,14.559027777777779,2,2,0,0,0,0,0,1,0,3,1,370.0,8.0,77.094,1,0,SPECIAL EQUIPMENT,UPPER APEX,LANG_09,Round-Trip,mozilla,Direct,Direct,Logged-In,AREA_C,AREA_D,AREA_C_TO_AREA_D,CE,DA,8_14,very_high,15_30,Y,L,0,0.2981115840434848,22.982614460248417
140.0,19.080765,6.336805555555555,1,1,0,0,0,0,0,1,1,4,1,153.0,12.0,24.091875,4,0,SPECIAL EQUIPMENT,SOUTH MERIDIAN,LANG_02,Round-Trip,google,Direct,Direct,Logged-In,AREA_C,AREA_B,AREA_C_TO_AREA_B,CE,BI,120_plus,very_low,6_8,Y,U,0,0.9536207541258168,22.974512005804915
20.0,93.5223031,9.177083333333334,3,3,0,0,0,0,0,0,0,5,1,225.0,19.0,24.2897496,6,0,SPECIAL EQUIPMENT,NEW HORIZON,LANG_02,Round-Trip,google,MetaSearches,MetaSearches,Logged-Out,AREA_C,AREA_B,AREA_C_TO_AREA_B,CE,BI,15_30,high,9_14,Y,O,0,0.9456356144938256,22.969252288897156
4.0,108.3097889,4.729166666666667,2,2,0,0,0,0,0,0,0,2,1,115.5,10.0,42.83,4,1,SPECIAL EQUIPMENT,SOUTH MERIDIAN,LANG_02,Round-Trip,samsung,Direct,Direct,Logged-Out,AREA_C,AREA_B,AREA_C_TO_AREA_B,CA,BI,4_7,very_high,3_5,Y,Q,0,0.5362713443982954,22.96850168057899
42.0,140.33720630000002,8.225694444444445,2,2,0,0,0,0,0,0,0,5,1,200.25,17.0,25.046984,2,0,SPECIAL EQUIPMENT,GREAT ZENITH,LANG_02,Round-Trip,microsoft,Direct,Paid Search,Logged-Out,AREA_C,AREA_B,AREA_C_TO_AREA_B,CU,BI,31_60,very_high,9_14,Y,K,0,0.9166000079731854,22.958065734104245
6.0,65.0382116,3.517361111111111,2,2,0,0,0,0,0,0,0,2,1,86.41666666666667,17.0,43.5512572,3,1,SPECIAL EQUIPMENT,UPPER APEX,LANG_09,Round-Trip,mozilla,Direct,Email,Logged-Out,AREA_C,AREA_B,AREA_C_TO_AREA_B,CA,BI,4_7,high,3_5,Y,L,0,0.5271448284227906,22.957820004290827
121.0,30.413583000000003,7.319444444444445,1,1,0,0,0,0,0,0,0,4,1,176.58333333333334,10.0,24.091875,4,0,SPECIAL EQUIPMENT,UPPER APEX,LANG_02,Round-Trip,apple,Direct,Direct,Logged-Out,AREA_C,AREA_B,AREA_C_TO_AREA_B,CE,BI,120_plus,low,6_8,Y,U,0,0.9526062091923923,22.95006971608697
6.0,95.5006208,3.5034722222222223,2,2,0,0,0,0,0,0,0,2,1,86.25,19.0,47.113,3,1,SPECIAL EQUIPMENT,UPPER APEX,LANG_09,Round-Trip,apple,Paid Search,Paid Search,Logged-Out,AREA_C,AREA_C,AREA_C_TO_AREA_C,CA,CI,4_7,high,3_5,Y,S,0,0.4870933262678257,22.948427880456073
2.0,88.2867639,10.76388888888889,1,1,0,0,0,0,0,0,0,4,1,262.0,15.0,38.547,4,0,SPECIAL EQUIPMENT,UPPER APEX,LANG_09,Round-Trip,apple,Paid Search,Paid Search,Logged-Out,AREA_B,AREA_D,AREA_B_TO_AREA_D,BI,DA,0_3,high,9_14,Y,O,0,0.595015370878824,22.936057501266024
0.0,368.3606999,7.21875,1,1,0,0,0,0,0,0,0,2,1,187.75,8.0,38.547,1,1,SPECIAL EQUIPMENT,UPPER APEX,LANG_09,Round-Trip,google,Email,Email,Logged-Out,AREA_C,AREA_B,AREA_C_TO_AREA_B,CA,BI,invalid_or_past,very_high,6_8,Y,H,0,0.5950040363102619,22.935620587651663
71.0,260.4209622,30.875,2,2,0,0,0,0,0,0,0,2,1,746.0,14.0,81.377,2,1,SPECIAL EQUIPMENT,NEW HORIZON,LANG_02,Round-Trip,google,MetaSearches,MetaSearches,Logged-Out,AREA_C,AREA_C,AREA_C_TO_AREA_C,CA,CA,61_120,very_high,30_plus,Y,W,0,0.2817705415369183,22.929641358649796
102.0,79.5635778,7.215277777777778,4,2,0,1,1,1,0,1,0,2,1,177.08333333333334,11.0,42.83,6,1,SPECIAL EQUIPMENT,UPPER APEX,LANG_09,Round-Trip,microsoft,Direct,Paid Search,Logged-In,AREA_C,AREA_C,AREA_C_TO_AREA_C,CA,CI,61_120,high,6_8,Y,L,0,0.5345209348728259,22.893531640603133
44.0,134.4061079,6.354166666666667,3,2,0,1,0,1,0,0,0,4,1,154.58333333333334,18.0,23.7912084,3,0,SPECIAL EQUIPMENT,LOWER ZENITH,LANG_02,Round-Trip,samsung,Paid Search,Paid Search,Logged-Out,AREA_C,AREA_B,AREA_C_TO_AREA_B,CE,BI,31_60,very_high,6_8,Y,V,0,0.96216950474254,22.89117520345456
46.0,151.9068742,177.76388888888889,1,1,0,0,0,0,0,0,0,4,1,4269.666666666667,19.0,38.547,4,0,SPECIAL EQUIPMENT,NORTH MERIDIAN,LANG_02,Round-Trip,google,Direct,Direct,Logged-Out,AREA_B,AREA_D,AREA_B_TO_AREA_D,BI,DA,31_60,very_high,30_plus,Y,W,0,0.5936854702027692,22.884793819906143
40.0,102.445077,7.322916666666667,3,3,0,0,0,0,0,1,0,2,1,176.75,12.0,24.62725,6,1,SPECIAL EQUIPMENT,UPPER APEX,LANG_09,Round-Trip,google,Paid Search,Paid Search,Logged-In,AREA_C,AREA_C,AREA_C_TO_AREA_C,CA,CE,31_60,very_high,6_8,Y,V,0,0.9287249903806446,22.87194251935173
118.0,830.1413392,10.0,4,2,0,2,0,1,0,1,1,2,1,247.25,15.0,42.4017,2,1,SPECIAL EQUIPMENT,UPPER APEX,LANG_02,Round-Trip,microsoft,Direct,Email,Logged-In,AREA_C,AREA_B,AREA_C_TO_AREA_B,CA,BU,61_120,very_high,9_14,Y,E,0,0.5393947945525814,22.871256260180193
77.0,329.65651379999997,4.097222222222222,1,1,0,0,0,0,0,0,0,2,1,112.75,17.0,38.547,4,1,SPECIAL EQUIPMENT,UPPER APEX,LANG_09,Round-Trip,apple,Paid Search,Paid Search,Logged-Out,AREA_C,AREA_B,AREA_C_TO_AREA_B,CA,BI,61_120,very_high,3_5,P,R,0,0.5932990938942024,22.86990017233982
32.0,91.9714288,3.1979166666666665,2,2,0,0,0,0,0,1,1,2,1,80.25,19.0,77.094,3,1,SPECIAL EQUIPMENT,UPPER APEX,LANG_09,Round-Trip,mozilla,Direct,Email,Logged-In,AREA_C,AREA_B,AREA_C_TO_AREA_B,CA,BA,31_60,high,3_5,C,I,0,0.2966263481972397,22.868111687917995
40.0,80.2736992,16.743055555555557,3,2,1,0,0,0,1,0,0,2,1,404.0,15.0,42.83,3,1,SPECIAL EQUIPMENT,UPPER APEX,LANG_02,Round-Trip,google,Direct,Paid Search,Logged-Out,AREA_C,AREA_B,AREA_C_TO_AREA_B,CA,BI,31_60,high,15_30,Y,O,0,0.5338620077310487,22.86530979112082
20.0,42.098463599999995,,2,2,0,0,0,0,0,0,0,2,1,3.6666666666666665,9.0,36.940875,3,0,SPECIAL EQUIPMENT,UPPER APEX,LANG_09,One-Way,google,Paid Search,Paid Search,Logged-Out,AREA_C,AREA_B,AREA_C_TO_AREA_B,CU,BE,15_30,mid,unknown_or_oneway,Y,W,0,0.6188917464437488,22.86240264391022
38.0,54.252761,4.729166666666667,3,2,1,0,0,0,1,0,0,4,1,116.25,12.0,23.9423983,6,0,SPECIAL EQUIPMENT,NEW MERIDIAN,LANG_02,Round-Trip,google,Paid Search,Paid Search,Logged-Out,AREA_C,AREA_C,AREA_C_TO_AREA_C,CI,CI,31_60,high,3_5,Y,U,0,0.9545406009556674,22.85399126160195
60.0,503.6276908,4.989583333333333,1,1,0,0,0,0,0,0,0,4,1,121.83333333333333,16.0,37.6424304,3,0,SPECIAL EQUIPMENT,LOWER ZENITH,LANG_02,Round-Trip,google,Direct,Direct,Logged-Out,AREA_C,AREA_B,AREA_C_TO_AREA_B,CE,BU,31_60,very_high,3_5,C,Z,0,0.6070854688976961,22.85217250983289
0.0,77.6653522,,2,2,0,0,0,0,0,0,0,2,1,4.666666666666667,18.0,32.2959615,5,0,SPECIAL EQUIPMENT,SOUTH VERTEX,LANG_02,One-Way,samsung,MetaSearches,MetaSearches,Logged-Out,AREA_C,AREA_B,AREA_C_TO_AREA_B,CO,BA,invalid_or_past,high,unknown_or_oneway,Y,T,0,0.7073146397660521,22.843406374270785
6.0,115.0516592,2.107638888888889,2,2,0,0,0,0,0,0,0,2,1,52.25,19.0,59.962,4,1,SPECIAL EQUIPMENT,UPPER APEX,LANG_09,Round-Trip,apple,Direct,Direct,Logged-Out,AREA_C,AREA_C,AREA_C_TO_AREA_C,CA,CU,4_7,very_high,3_5,Y,S,0,0.3809538132337805,22.84275254912395
33.0,174.01829,3.392361111111111,5,3,1,1,0,1,1,1,0,2,1,82.0,23.0,42.83,3,1,SPECIAL EQUIPMENT,UPPER APEX,LANG_09,Round-Trip,microsoft,Email,Paid Search,Logged-In,AREA_C,AREA_B,AREA_C_TO_AREA_B,CA,BI,31_60,very_high,3_5,Y,U,0,0.5331640135941117,22.835414702235802
48.0,51.9339448,4.190972222222222,2,2,0,0,0,0,0,0,0,2,1,105.66666666666667,19.0,42.83,3,1,SPECIAL EQUIPMENT,UPPER APEX,LANG_02,Round-Trip,samsung,Direct,Direct,Logged-Out,AREA_C,AREA_B,AREA_C_TO_AREA_B,CA,BI,31_60,mid,3_5,Y,O,0,0.5331467536709669,22.83467545972751
98.0,244.3001785,5.326388888888889,2,2,0,0,0,0,0,0,0,4,1,129.91666666666666,17.0,24.121856,3,0,SPECIAL EQUIPMENT,LOWER ZENITH,LANG_02,Round-Trip,google,Direct,Paid Search,Logged-Out,AREA_C,AREA_B,AREA_C_TO_AREA_B,CE,BI,61_120,very_high,6_8,C,F,0,0.9460185437147547,22.819723084817017
47.0,198.375711,3.1979166666666665,3,2,1,0,0,0,1,0,0,2,1,80.25,21.0,77.094,5,1,SPECIAL EQUIPMENT,UPPER APEX,LANG_09,Round-Trip,apple,Direct,Direct,Logged-Out,AREA_C,AREA_B,AREA_C_TO_AREA_B,CA,BA,31_60,very_high,3_5,Y,T,0,0.29587975588902654,22.81055390050861
33.0,171.7148926,3.4375,2,2,0,0,0,0,0,0,0,2,1,86.25,12.0,42.83,2,1,SPECIAL EQUIPMENT,UPPER APEX,LANG_09,Round-Trip,apple,Direct,Direct,Logged-Out,AREA_C,AREA_C,AREA_C_TO_AREA_C,CA,CE,31_60,very_high,3_5,Y,U,0,0.5324910264242259,22.806590661749592
42.0,50.2006147,8.6875,1,1,0,0,0,0,0,0,0,4,1,210.58333333333334,16.0,23.4973946,6,0,SPECIAL EQUIPMENT,LOWER ZENITH,LANG_02,Round-Trip,google,Paid Search,Paid Search,Logged-Out,AREA_C,AREA_C,AREA_C_TO_AREA_C,CE,CE,31_60,mid,9_14,Y,W,0,0.9701708244203064,22.796486690811257
13.0,563.3746842,2.170138888888889,3,2,1,0,0,0,1,0,0,2,1,55.083333333333336,17.0,47.113,2,1,SPECIAL EQUIPMENT,UPPER APEX,LANG_09,Round-Trip,apple,Direct,Direct,Logged-Out,AREA_C,AREA_B,AREA_C_TO_AREA_B,CA,BO,8_14,very_high,3_5,C,C,0,0.4838262540769099,22.794506308325456
4.0,79.2033775,9.690972222222221,1,1,0,0,0,0,0,1,0,4,1,235.25,10.0,39.4344376,2,0,SPECIAL EQUIPMENT,NEW MERIDIAN,LANG_02,Round-Trip,samsung,Direct,Direct,Logged-In,AREA_C,AREA_C,AREA_C_TO_AREA_C,CI,CE,4_7,high,9_14,Y,S,0,0.5779425555655878,22.790839643835707
1.0,113.5200584,2.892361111111111,2,2,0,0,0,0,0,0,0,2,1,70.91666666666667,14.0,42.83,4,1,SPECIAL EQUIPMENT,UPPER APEX,LANG_09,Round-Trip,google,Direct,Organic Search,Logged-Out,AREA_C,AREA_B,AREA_C_TO_AREA_B,CA,BI,0_3,very_high,3_5,Y,S,0,0.5319604937242968,22.78386794621163
196.0,185.5922409,3.1145833333333335,9,9,0,0,0,0,0,1,1,2,1,76.75,19.0,42.83,5,1,SPECIAL EQUIPMENT,UPPER APEX,LANG_09,Round-Trip,google,Paid Search,MetaSearches,Logged-In,AREA_C,AREA_C,AREA_C_TO_AREA_C,CA,CO,120_plus,very_high,3_5,Y,L,0,0.5317273291291504,22.773881506601512
104.0,741.5140768,8.524305555555555,8,8,0,0,0,0,0,1,0,2,1,224.16666666666666,15.0,38.547,2,1,SPECIAL EQUIPMENT,UPPER APEX,LANG_09,Round-Trip,apple,Direct,Direct,Logged-In,AREA_C,AREA_D,AREA_C_TO_AREA_D,CA,DA,61_120,very_high,9_14,Y,O,0,0.5904920160536059,22.761695742818347
19.0,28.3414676,7.690972222222222,1,1,0,0,0,0,0,0,0,4,1,186.66666666666666,12.0,23.7912084,6,0,SPECIAL EQUIPMENT,UPPER MERIDIAN,LANG_02,Round-Trip,apple,MetaSearches,MetaSearches,Logged-Out,AREA_C,AREA_B,AREA_C_TO_AREA_B,CE,BI,15_30,low,6_8,Y,W,0,0.9566885328599758,22.76077625916193
181.0,187.7020467,23.875,1,1,0,0,0,0,0,0,0,4,1,575.25,23.0,76.224551,5,0,SPECIAL EQUIPMENT,NORTH ZENITH,LANG_06,Round-Trip,google,MetaSearches,Email,Logged-Out,AREA_C,AREA_B,AREA_C_TO_AREA_B,CI,BU,120_plus,very_high,15_30,Y,T,0,0.29855222984031754,22.757009669627006
72.0,126.5952008,4.447916666666667,2,2,0,0,0,0,0,0,0,2,1,110.91666666666667,14.0,42.83,4,1,SPECIAL EQUIPMENT,UPPER APEX,LANG_09,Round-Trip,apple,Paid Search,Organic Search,Logged-Out,AREA_C,AREA_C,AREA_C_TO_AREA_C,CA,CE,61_120,very_high,3_5,Y,O,0,0.5312582461371913,22.753790682055904
58.0,34.0781178,7.159722222222222,3,2,0,1,0,1,0,0,0,2,1,173.75,21.0,85.66,3,1,SPECIAL EQUIPMENT,UPPER APEX,LANG_02,Round-Trip,apple,Direct,Direct,Logged-Out,AREA_C,AREA_B,AREA_C_TO_AREA_B,CA,BE,31_60,low,6_8,Y,O,0,0.2655252860933413,22.744896006755614
24.0,124.4575555,5.690972222222222,3,3,0,0,0,0,0,0,0,4,1,138.66666666666666,17.0,23.7912084,3,0,SPECIAL EQUIPMENT,LOWER ZENITH,LANG_02,Round-Trip,apple,Paid Search,Paid Search,Logged-Out,AREA_C,AREA_B,AREA_C_TO_AREA_B,CE,BI,15_30,very_high,6_8,Y,W,0,0.9557655723872784,22.738817914211026
52.0,77.6310882,4.263888888888889,2,2,0,0,0,0,0,0,0,2,1,104.25,16.0,44.0069684,2,1,SPECIAL EQUIPMENT,SOUTH VERTEX,LANG_02,Round-Trip,mozilla,Paid Search,Paid Search,Logged-Out,AREA_C,AREA_C,AREA_C_TO_AREA_C,CU,CA,31_60,high,3_5,Y,O,0,0.5165191499588593,22.73044191023438
329.0,81.4849316,9.20486111111111,2,2,0,0,0,0,0,0,0,2,1,224.41666666666666,9.0,77.094,3,1,SPECIAL EQUIPMENT,UPPER APEX,LANG_09,Round-Trip,google,MetaSearches,MetaSearches,Logged-Out,AREA_C,AREA_B,AREA_C_TO_AREA_B,CA,BA,120_plus,high,9_14,Y,U,0,0.29457857330300513,22.710240530221874
46.0,132.88135989999998,6.243055555555555,1,1,0,0,0,0,0,0,0,2,1,170.41666666666666,22.0,38.547,4,1,SPECIAL EQUIPMENT,UPPER APEX,LANG_09,Round-Trip,google,Paid Search,Paid Search,Logged-Out,AREA_C,AREA_D,AREA_C_TO_AREA_D,CA,DA,31_60,very_high,6_8,Y,O,0,0.5888537466328556,22.698545371456685
63.0,126.6063366,4.447916666666667,2,2,0,0,0,0,0,1,0,2,1,110.91666666666667,7.0,42.83,4,1,SPECIAL EQUIPMENT,UPPER APEX,LANG_09,Round-Trip,apple,Direct,Direct,Logged-In,AREA_C,AREA_C,AREA_C_TO_AREA_C,CA,CE,61_120,very_high,3_5,Y,O,0,0.5297494122608818,22.689167327133568
86.0,203.759442,7.517361111111111,5,4,1,0,0,0,1,1,1,2,1,182.41666666666666,15.0,24.62725,3,1,SPECIAL EQUIPMENT,UPPER APEX,LANG_02,Round-Trip,mozilla,Direct,Referrals,Logged-In,AREA_C,AREA_B,AREA_C_TO_AREA_B,CA,BI,61_120,very_high,6_8,Y,S,0,0.9212861320259859,22.68874389493696
9.0,53.0946378,7.722222222222222,2,2,0,0,0,0,0,0,0,4,1,188.16666666666666,21.0,24.5510126,5,0,SPECIAL EQUIPMENT,EAST AURORA,LANG_02,Round-Trip,google,Direct,Direct,Logged-Out,AREA_C,AREA_B,AREA_C_TO_AREA_B,CU,BI,8_14,mid,6_8,Y,V,1,0.9239275068968893,22.683355863312116
40.0,161.45625099999998,15.20486111111111,2,2,0,0,0,0,0,1,1,3,1,368.0833333333333,14.0,42.83,4,1,SPECIAL EQUIPMENT,UPPER APEX,LANG_09,Round-Trip,google,Paid Search,Paid Search,Logged-In,AREA_C,AREA_C,AREA_C_TO_AREA_C,CA,CE,31_60,very_high,15_30,Y,O,0,0.5295866824921943,22.682197611140683
151.0,181.4929816,4.170138888888889,4,2,0,2,0,1,0,0,0,2,1,103.08333333333333,14.0,44.9715,4,1,SPECIAL EQUIPMENT,UPPER APEX,LANG_09,Round-Trip,google,Direct,Direct,Logged-Out,AREA_C,AREA_B,AREA_C_TO_AREA_B,CA,BO,120_plus,very_high,3_5,Y,T,0,0.5043047297893265,22.679340155720695
23.0,148.8094086,17.072916666666668,2,2,0,0,0,0,0,0,0,4,1,412.0833333333333,17.0,34.5055612,5,0,SPECIAL EQUIPMENT,OLD ZENITH,LANG_02,Round-Trip,apple,MetaSearches,MetaSearches,Logged-Out,AREA_B,AREA_B,AREA_B_TO_AREA_B,BU,BU,15_30,very_high,15_30,Y,S,0,0.6571560215633971,22.67553732000432
84.0,475.704244,20.319444444444443,4,3,0,1,0,1,0,0,0,2,1,503.8333333333333,17.0,57.8205,2,1,SPECIAL EQUIPMENT,UPPER APEX,LANG_09,Round-Trip,google,Internal,Internal,Logged-Out,AREA_C,AREA_B,AREA_C_TO_AREA_B,CA,BO,61_120,very_high,15_30,Y,V,0,0.3921467278361802,22.674119876851858
35.0,79.35156930000001,11.39236111111111,5,2,1,2,0,1,1,0,0,4,1,276.1666666666667,21.0,23.419444,6,0,SPECIAL EQUIPMENT,NEW MERIDIAN,LANG_02,Round-Trip,microsoft,MetaSearches,MetaSearches,Logged-Out,AREA_C,AREA_C,AREA_C_TO_AREA_C,CI,CI,31_60,high,9_14,Y,O,0,0.9679408786789252,22.66863720353188
309.0,1034.6580156,10.76388888888889,4,4,0,0,0,0,0,1,1,2,1,264.25,12.0,38.547,4,1,SPECIAL EQUIPMENT,UPPER APEX,LANG_09,Round-Trip,apple,Direct,Direct,Logged-In,AREA_C,AREA_B,AREA_C_TO_AREA_B,CA,BA,120_plus,very_high,9_14,P,R,0,0.5880380702578072,22.667103494227693
147.0,69.68954959999999,7.201388888888889,4,2,0,2,0,1,0,0,0,2,1,174.75,17.0,42.83,6,1,SPECIAL EQUIPMENT,UPPER APEX,LANG_09,Round-Trip,google,Direct,Direct,Logged-Out,AREA_C,AREA_C,AREA_C_TO_AREA_C,CA,CE,120_plus,high,6_8,Y,U,0,0.5289238120992861,22.65380687221242
22.0,53.9452416,3.1284722222222223,2,2,0,0,0,0,0,0,0,2,1,77.25,17.0,42.83,5,1,SPECIAL EQUIPMENT,UPPER APEX,LANG_09,Round-Trip,google,Paid Search,Paid Search,Logged-Out,AREA_C,AREA_B,AREA_C_TO_AREA_B,CA,BI,15_30,mid,3_5,Y,L,0,0.528817571083358,22.649256569500224
109.0,165.4617126,9.34375,2,2,0,0,0,0,0,0,0,2,1,238.83333333333334,22.0,38.547,5,1,SPECIAL EQUIPMENT,UPPER APEX,LANG_09,Round-Trip,google,Direct,Direct,Logged-Out,AREA_C,AREA_B,AREA_C_TO_AREA_B,CA,BI,61_120,very_high,9_14,Y,U,0,0.5875513147861007,22.64834053105982
56.0,106.8115955,,1,1,0,0,0,0,0,0,0,1,0,19.583333333333332,9.0,38.547,3,1,SPECIAL EQUIPMENT,LOWER VERTEX,LANG_02,One-Way,apple,Direct,Direct,Logged-Out,AREA_D,AREA_C,AREA_D_TO_AREA_C,DA,CA,31_60,very_high,unknown_or_oneway,Y,V,0,0.5874270692119097,22.64355123691148
37.0,51.0640675,9.697916666666666,1,1,0,0,0,0,0,1,1,4,1,234.83333333333334,11.0,23.4973946,6,0,SPECIAL EQUIPMENT,LOWER ZENITH,LANG_02,Round-Trip,google,Direct,Direct,Logged-In,AREA_C,AREA_C,AREA_C_TO_AREA_C,CE,CE,31_60,mid,9_14,Y,L,0,0.9636433297612182,22.643107573057268
91.0,180.9040691,,1,1,0,0,0,0,0,1,0,2,1,641.8333333333334,15.0,41.438025,5,1,SPECIAL EQUIPMENT,UPPER APEX,LANG_02,Multi-City,google,Direct,MetaSearches,Logged-In,AREA_C,AREA_C,AREA_C_TO_AREA_C,CA,CA,61_120,very_high,unknown_or_oneway,Y,W,0,0.5464178822486909,22.64247786506831
203.0,207.34003,7.215277777777778,5,4,0,1,0,1,0,0,0,2,1,177.08333333333334,15.0,42.83,6,1,SPECIAL EQUIPMENT,UPPER APEX,LANG_09,Round-Trip,opera,Paid Search,Affiliate,Logged-Out,AREA_C,AREA_C,AREA_C_TO_AREA_C,CA,CI,120_plus,very_high,6_8,Y,L,0,0.5279612603447622,22.612580780566166
101.0,52.5746816,,3,3,0,0,0,0,0,0,0,2,1,-49.833333333333336,10.0,38.37568,3,1,SPECIAL EQUIPMENT,CENTRAL MERIDIAN,LANG_02,Round-Trip,apple,Paid Search,Organic Search,Logged-Out,AREA_B,AREA_C,AREA_B_TO_AREA_C,BI,CA,61_120,mid,unknown_or_oneway,Y,O,0,0.5890494410987562,22.60517285578472
3.0,77.7809932,2.451388888888889,2,2,0,0,0,0,0,0,0,4,1,59.833333333333336,16.0,49.2545,6,0,SPECIAL EQUIPMENT,UPPER APEX,LANG_09,Round-Trip,google,Direct,Paid Search,Logged-Out,AREA_B,AREA_C,AREA_B_TO_AREA_C,BE,CU,0_3,high,3_5,Y,S,0,0.4587717552594323,22.59657341942571
25.0,180.0967236,5.277777777777778,2,2,0,0,0,0,0,0,0,2,1,140.08333333333334,22.0,38.547,4,1,SPECIAL EQUIPMENT,UPPER APEX,LANG_02,Round-Trip,google,MetaSearches,MetaSearches,Logged-Out,AREA_C,AREA_B,AREA_C_TO_AREA_B,CA,BI,15_30,very_high,6_8,Y,U,0,0.5858230118407335,22.58171963742475
46.0,23.9668114,,1,1,0,0,0,0,0,1,0,2,1,5.75,22.0,32.2959615,5,0,SPECIAL EQUIPMENT,UPPER APEX,LANG_02,One-Way,apple,Direct,Direct,Logged-In,AREA_C,AREA_B,AREA_C_TO_AREA_B,CO,BA,31_60,low,unknown_or_oneway,Y,L,0,0.699202672167971,22.581422581033912
70.0,224.4317698,12.98263888888889,2,2,0,0,0,0,0,0,0,2,1,332.1666666666667,22.0,38.547,2,1,SPECIAL EQUIPMENT,UPPER APEX,LANG_09,Round-Trip,apple,Direct,Direct,Logged-Out,AREA_C,AREA_D,AREA_C_TO_AREA_D,CA,DA,61_120,very_high,9_14,C,I,0,0.5856154597263663,22.57371912607224
168.0,116.951598,,4,2,1,1,0,1,1,0,0,2,1,5.666666666666667,23.0,24.5253146,5,0,SPECIAL EQUIPMENT,NEW MERIDIAN,LANG_02,One-Way,google,Paid Search,Paid Search,Logged-Out,AREA_C,AREA_C,AREA_C_TO_AREA_C,CU,CI,120_plus,very_high,unknown_or_oneway,Y,S,0,0.919466265540528,22.55019942646859
78.0,68.43548720000001,2.3854166666666665,4,4,0,0,0,0,0,0,0,2,1,59.25,16.0,85.66,5,1,SPECIAL EQUIPMENT,UPPER APEX,LANG_09,Round-Trip,microsoft,Paid Search,Paid Search,Logged-Out,AREA_C,AREA_B,AREA_C_TO_AREA_B,CA,BE,61_120,high,3_5,Y,U,0,0.26322137978105486,22.54754339204516
50.0,72.78444540000001,8.67361111111111,2,2,0,0,0,0,0,0,0,4,1,209.08333333333334,16.0,23.5565,6,0,SPECIAL EQUIPMENT,UPPER APEX,LANG_09,Round-Trip,apple,Direct,Direct,Logged-Out,AREA_B,AREA_C,AREA_B_TO_AREA_C,BE,CE,31_60,high,9_14,Y,W,0,0.9569824214052317,22.543156409832342
120.0,137.1489411,9.21875,1,1,0,0,0,0,0,1,0,2,1,241.83333333333334,19.0,38.547,4,1,SPECIAL EQUIPMENT,UPPER APEX,LANG_09,Round-Trip,apple,Direct,Direct,Logged-In,AREA_C,AREA_D,AREA_C_TO_AREA_D,CA,DA,61_120,very_high,9_14,Y,O,0,0.5844261489700456,22.527874764348347
26.0,41.3930535,7.177083333333333,1,1,0,0,0,0,0,0,0,4,1,177.0,18.0,24.2897496,4,0,SPECIAL EQUIPMENT,NEW HORIZON,LANG_02,Round-Trip,google,Paid Search,Paid Search,Logged-Out,AREA_C,AREA_B,AREA_C_TO_AREA_B,CE,BI,15_30,mid,6_8,Y,O,0,0.9273298642251632,22.524610198631212
15.0,197.9979504,17.677083333333332,1,1,0,0,0,0,0,0,0,4,1,427.25,10.0,38.0253306,5,0,SPECIAL EQUIPMENT,OLD AURORA,LANG_02,Round-Trip,google,MetaSearches,MetaSearches,Logged-Out,AREA_B,AREA_B,AREA_B_TO_AREA_B,BO,BU,15_30,very_high,15_30,Y,K,0,0.5922282559907652,22.519675224710276
5.0,129.51577849999998,5.083333333333333,1,1,0,0,0,0,0,0,0,4,1,124.08333333333333,18.0,42.6963704,4,0,SPECIAL EQUIPMENT,LOWER ZENITH,LANG_02,Round-Trip,google,Direct,Referrals,Logged-Out,AREA_C,AREA_C,AREA_C_TO_AREA_C,CE,CU,4_7,very_high,6_8,Y,H,0,0.5273720088662236,22.516870629144368
31.0,120.2426552,5.163194444444445,2,2,0,0,0,0,0,0,0,2,1,129.0,21.0,42.83,4,1,SPECIAL EQUIPMENT,UPPER APEX,LANG_09,Round-Trip,apple,Direct,Direct,Logged-Out,AREA_C,AREA_B,AREA_C_TO_AREA_B,CA,BO,31_60,very_high,6_8,Y,O,0,0.5256614714004089,22.51408082007951
14.0,138.443692,7.270833333333333,1,1,0,0,0,0,0,1,0,2,1,194.08333333333334,22.0,38.547,4,1,SPECIAL EQUIPMENT,UPPER APEX,LANG_09,Round-Trip,apple,Paid Search,Paid Search,Logged-In,AREA_C,AREA_D,AREA_C_TO_AREA_D,CA,DA,8_14,very_high,6_8,Y,U,0,0.5838439069578225,22.505431081503183
108.0,354.7274826,,2,2,0,0,0,0,0,0,0,2,1,470.75,15.0,41.438025,5,1,SPECIAL EQUIPMENT,UPPER APEX,LANG_09,Multi-City,google,Organic Search,Paid Search,Logged-Out,AREA_C,AREA_C,AREA_C_TO_AREA_C,CA,CA,61_120,very_high,unknown_or_oneway,Y,L,0,0.5427793622830779,22.49170478377024
73.0,205.33644259999997,,3,2,0,1,0,1,0,0,0,3,1,-153.08333333333334,10.0,38.547,2,1,SPECIAL EQUIPMENT,UPPER APEX,LANG_09,Round-Trip,google,Paid Search,Organic Search,Logged-Out,AREA_C,AREA_B,AREA_C_TO_AREA_B,CA,BU,61_120,very_high,unknown_or_oneway,Y,U,0,0.5833738400324148,22.48731141172949
41.0,27.3538078,5.121527777777778,1,1,0,0,0,0,0,0,0,2,1,125.16666666666667,17.0,36.4055,4,1,SPECIAL EQUIPMENT,UPPER APEX,LANG_09,Round-Trip,apple,Direct,Direct,Logged-Out,AREA_C,AREA_C,AREA_C_TO_AREA_C,CA,CI,31_60,low,6_8,Y,O,0,0.6176390497749015,22.485458426580177
23.0,34.4271823,7.121527777777778,1,1,0,0,0,0,0,0,0,2,1,172.91666666666666,17.0,24.091875,6,1,SPECIAL EQUIPMENT,UPPER APEX,LANG_09,Round-Trip,apple,Direct,Direct,Logged-Out,AREA_C,AREA_B,AREA_C_TO_AREA_B,CA,BI,15_30,mid,6_8,Y,L,0,0.933153040547167,22.48140640873228
18.0,87.9925218,6.725694444444445,3,3,0,0,0,0,0,0,0,4,1,162.33333333333334,15.0,24.091875,3,0,SPECIAL EQUIPMENT,UPPER APEX,LANG_09,Round-Trip,google,Direct,Direct,Logged-Out,AREA_C,AREA_C,AREA_C_TO_AREA_C,CU,CU,15_30,high,6_8,Y,U,0,0.9326656370947014,22.46966394568091
113.0,94.2170057,10.07986111111111,1,1,0,0,0,0,0,0,0,2,1,256.4166666666667,14.0,38.547,5,1,SPECIAL EQUIPMENT,UPPER APEX,LANG_09,Round-Trip,google,Paid Search,Paid Search,Logged-Out,AREA_C,AREA_B,AREA_C_TO_AREA_B,CA,BI,61_120,high,9_14,Y,U,0,0.5827941712641382,22.464966919718734
128.0,684.427683,13.0,3,2,1,0,0,0,1,0,0,2,1,319.25,9.0,77.094,5,1,SPECIAL EQUIPMENT,UPPER APEX,LANG_09,Round-Trip,google,Paid Search,Paid Search,Logged-Out,AREA_C,AREA_B,AREA_C_TO_AREA_B,CA,BU,120_plus,very_high,9_14,Y,S,0,0.2913961349550371,22.464893628223628
31.0,107.6750483,8.26388888888889,4,2,0,2,0,1,0,0,0,4,1,200.25,18.0,23.3971724,6,0,SPECIAL EQUIPMENT,SOUTH VERTEX,LANG_02,Round-Trip,google,Direct,Paid Search,Logged-Out,AREA_C,AREA_B,AREA_C_TO_AREA_B,CU,BO,31_60,very_high,9_14,Y,U,0,0.9601369912730213,22.464490712432173
94.0,54.1816632,3.1909722222222223,2,2,0,0,0,0,0,0,0,2,1,81.66666666666667,13.0,42.83,4,1,SPECIAL EQUIPMENT,UPPER APEX,LANG_09,Round-Trip,apple,Paid Search,Paid Search,Logged-Out,AREA_C,AREA_B,AREA_C_TO_AREA_B,CA,BI,61_120,high,3_5,Y,W,0,0.524205994218073,22.451742732360067
32.0,81.9008109,6.263888888888889,2,2,0,0,0,0,0,0,0,2,1,152.16666666666666,9.0,43.6840302,3,1,SPECIAL EQUIPMENT,SOUTH VERTEX,LANG_02,Round-Trip,microsoft,Direct,Direct,Logged-Out,AREA_C,AREA_C,AREA_C_TO_AREA_C,CU,CA,31_60,high,6_8,Y,L,0,0.5136569143879343,22.438604160561336
66.0,111.113869,,2,2,0,0,0,0,0,0,0,2,1,-263.4166666666667,8.0,38.547,2,1,SPECIAL EQUIPMENT,UPPER APEX,LANG_09,Round-Trip,microsoft,Direct,Paid Search,Logged-Out,AREA_C,AREA_B,AREA_C_TO_AREA_B,CA,BO,61_120,very_high,unknown_or_oneway,Y,O,0,0.5818146268905016,22.427208422748162
38.0,66.77710959999999,7.517361111111111,1,1,0,0,0,0,0,0,0,2,1,182.58333333333334,18.0,24.091875,6,1,SPECIAL EQUIPMENT,UPPER APEX,LANG_09,Round-Trip,microsoft,Organic Search,Paid Search,Logged-Out,AREA_C,AREA_B,AREA_C_TO_AREA_B,CA,BI,31_60,high,6_8,Y,V,1,0.9308716987670275,22.426444607732883
34.0,70.8116956,8.065972222222221,1,1,0,0,0,0,0,0,0,4,1,194.58333333333334,23.0,40.6885,4,0,SPECIAL EQUIPMENT,UPPER APEX,LANG_09,Round-Trip,mozilla,Direct,Direct,Logged-Out,AREA_C,AREA_B,AREA_C_TO_AREA_B,CE,BU,31_60,high,9_14,Y,W,0,0.5509551587744221,22.417538977793075
18.0,90.7542002,3.2430555555555554,2,2,0,0,0,0,0,1,0,2,1,78.41666666666667,21.0,42.83,5,1,SPECIAL EQUIPMENT,UPPER APEX,LANG_09,Round-Trip,apple,Direct,Direct,Logged-In,AREA_C,AREA_B,AREA_C_TO_AREA_B,CA,BI,15_30,high,3_5,Y,U,0,0.5233850729495089,22.416582674427463
7.0,50.565098,,2,2,0,0,0,0,0,0,0,1,0,1.6666666666666667,14.0,42.83,4,0,SPECIAL EQUIPMENT,UPPER APEX,LANG_09,One-Way,microsoft,Paid Search,Paid Search,Logged-Out,AREA_C,AREA_B,AREA_C_TO_AREA_B,CU,BE,4_7,mid,unknown_or_oneway,Y,S,0,0.5232027690135763,22.408774596851472
55.0,35.3814347,8.690972222222221,1,1,0,0,0,0,0,0,0,4,1,211.25,15.0,22.9136217,6,0,SPECIAL EQUIPMENT,NEW MERIDIAN,LANG_02,Round-Trip,google,MetaSearches,MetaSearches,Logged-Out,AREA_C,AREA_C,AREA_C_TO_AREA_C,CI,CE,31_60,mid,9_14,Y,W,0,0.9778861796561935,22.406913986300253
28.0,247.8889042,4.4375,2,2,0,0,0,0,0,0,0,2,1,110.25,15.0,42.83,3,1,SPECIAL EQUIPMENT,UPPER APEX,LANG_09,Round-Trip,google,Direct,Direct,Logged-Out,AREA_C,AREA_C,AREA_C_TO_AREA_C,CA,CE,15_30,very_high,3_5,Y,L,0,0.5231479240050698,22.40642558513714
35.0,54.115705,4.420138888888889,3,1,0,2,0,1,0,1,0,4,1,108.16666666666667,12.0,25.1437798,6,0,SPECIAL EQUIPMENT,LOWER ZENITH,LANG_02,Round-Trip,microsoft,Direct,MetaSearches,Logged-In,AREA_C,AREA_B,AREA_C_TO_AREA_B,CE,BO,31_60,high,3_5,Y,O,0,0.8911272762007045,22.406308006564295
146.0,131.7900515,7.329861111111111,6,4,0,2,0,1,0,0,0,4,1,178.0,16.0,23.1778828,3,0,SPECIAL EQUIPMENT,LOWER ZENITH,LANG_02,Round-Trip,apple,Direct,Direct,Logged-Out,AREA_C,AREA_B,AREA_C_TO_AREA_B,CE,BI,120_plus,very_high,6_8,Y,U,0,0.9667084178606659,22.406254410947938
21.0,86.7624442,13.67361111111111,1,1,0,0,0,0,0,1,0,4,1,329.0833333333333,21.0,24.62725,2,0,SPECIAL EQUIPMENT,UPPER APEX,LANG_02,Round-Trip,google,Direct,Direct,Logged-In,AREA_B,AREA_C,AREA_B_TO_AREA_C,BE,CE,15_30,high,9_14,Y,Y,0,0.9091711679928823,22.390385646952712
27.0,80.0518398,7.104166666666667,1,1,0,0,0,0,0,0,0,2,1,172.08333333333334,22.0,24.62725,6,1,SPECIAL EQUIPMENT,UPPER APEX,LANG_02,Round-Trip,google,Paid Search,Paid Search,Logged-Out,AREA_C,AREA_D,AREA_C_TO_AREA_D,CA,DA,15_30,high,6_8,Y,H,1,0.9091417609162648,22.38966143152508
3.0,53.87628529999999,5.673611111111111,1,1,0,0,0,0,0,0,0,4,1,138.91666666666666,18.0,24.5510126,5,0,SPECIAL EQUIPMENT,NEW MERIDIAN,LANG_02,Round-Trip,google,Paid Search,Paid Search,Logged-Out,AREA_C,AREA_C,AREA_C_TO_AREA_C,CI,CE,0_3,mid,6_8,Y,S,0,0.9118810747523719,22.387603755947023
118.0,36.157086,4.15625,2,2,0,0,0,0,0,0,0,2,1,101.66666666666667,12.0,85.66,4,1,SPECIAL EQUIPMENT,UPPER APEX,LANG_09,Round-Trip,google,Direct,Paid Search,Logged-Out,AREA_C,AREA_B,AREA_C_TO_AREA_B,CA,BE,61_120,mid,3_5,Y,O,0,0.2612059824322003,22.374904455142275
25.0,57.8838884,7.739583333333333,2,2,0,0,0,0,0,0,0,4,1,186.66666666666666,19.0,24.091875,2,0,SPECIAL EQUIPMENT,UPPER APEX,LANG_09,Round-Trip,google,Paid Search,Paid Search,Logged-Out,AREA_C,AREA_C,AREA_C_TO_AREA_C,CU,CE,15_30,high,6_8,Y,W,0,0.9285489124973509,22.370484331272117
52.0,60.352609599999994,7.517361111111111,1,1,0,0,0,0,0,0,0,2,1,182.58333333333334,9.0,24.091875,6,1,SPECIAL EQUIPMENT,UPPER APEX,LANG_09,Round-Trip,samsung,Direct,Paid Search,Logged-Out,AREA_C,AREA_B,AREA_C_TO_AREA_B,CA,BI,31_60,high,6_8,Y,V,0,0.9284115167376225,22.36717420980321
53.0,195.3793242,7.236111111111111,2,2,0,0,0,0,0,1,0,2,1,188.08333333333334,15.0,38.547,2,1,SPECIAL EQUIPMENT,NORTH MERIDIAN,LANG_02,Round-Trip,google,Direct,Organic Search,Logged-In,AREA_C,AREA_B,AREA_C_TO_AREA_B,CA,BI,31_60,very_high,6_8,Y,L,0,0.5802097217334125,22.365344143657847
90.0,52.506153600000005,3.3854166666666665,2,2,0,0,0,0,0,0,0,2,1,83.25,22.0,85.66,4,1,SPECIAL EQUIPMENT,UPPER APEX,LANG_09,Round-Trip,apple,Direct,Direct,Logged-Out,AREA_C,AREA_B,AREA_C_TO_AREA_B,CA,BE,61_120,mid,3_5,Y,O,0,0.2610859335550302,22.364621068323885
64.0,145.377869,8.48263888888889,2,2,0,0,0,0,0,0,1,2,1,224.16666666666666,20.0,40.6885,2,1,SPECIAL EQUIPMENT,UPPER APEX,LANG_09,Round-Trip,microsoft,Direct,Paid Search,Logged-Out,AREA_C,AREA_D,AREA_C_TO_AREA_D,CA,DA,61_120,very_high,9_14,Y,O,0,0.5496383114736852,22.36395843639704
74.0,45.044311,7.673611111111111,2,2,0,0,0,0,0,1,0,4,1,185.08333333333334,13.0,24.62725,3,0,SPECIAL EQUIPMENT,UPPER APEX,LANG_09,Round-Trip,apple,Direct,Direct,Logged-In,AREA_B,AREA_C,AREA_B_TO_AREA_C,BE,CE,61_120,mid,6_8,Y,U,0,0.9076978854240247,22.354102748808813
139.0,410.2398739,16.77777777777778,2,2,0,0,0,0,0,0,0,2,1,406.0,19.0,77.496602,1,1,SPECIAL EQUIPMENT,LOWER VERTEX,LANG_02,Round-Trip,google,Paid Search,Paid Search,Logged-Out,AREA_D,AREA_C,AREA_D_TO_AREA_C,DA,CA,120_plus,very_high,15_30,Y,W,0,0.28838095797139474,22.348544324287904
86.0,78.276108,5.111111111111111,4,3,0,1,0,1,0,1,1,2,1,127.75,20.0,42.83,5,1,SPECIAL EQUIPMENT,UPPER APEX,LANG_09,Round-Trip,google,Paid Search,Affiliate,Logged-In,AREA_C,AREA_B,AREA_C_TO_AREA_B,CA,BO,61_120,high,6_8,Y,O,0,0.5216483567735475,22.34219912061104
67.0,27.5619616,5.329861111111111,1,1,0,0,0,0,0,0,0,4,1,128.75,15.0,24.091875,4,0,SPECIAL EQUIPMENT,UPPER APEX,LANG_02,Round-Trip,apple,Direct,Direct,Logged-Out,AREA_D,AREA_B,AREA_D_TO_AREA_B,DA,BI,61_120,low,6_8,Y,L,0,0.9273027170417083,22.340461146129208
40.0,38.0133382,7.378472222222222,1,1,0,0,0,0,0,0,0,4,1,179.83333333333334,21.0,24.0357677,3,0,SPECIAL EQUIPMENT,NEW MERIDIAN,LANG_02,Round-Trip,apple,Direct,Organic Search,Logged-Out,AREA_C,AREA_C,AREA_C_TO_AREA_C,CI,CU,31_60,mid,6_8,Y,Q,0,0.9293915041011641,22.33863829492918
35.0,70.0116312,4.190972222222222,2,2,0,0,0,0,0,1,0,2,1,105.66666666666667,22.0,42.83,3,1,SPECIAL EQUIPMENT,UPPER APEX,LANG_09,Round-Trip,opera,Direct,Paid Search,Logged-In,AREA_C,AREA_B,AREA_C_TO_AREA_B,CA,BI,31_60,high,3_5,Y,V,0,0.5212905646525422,22.32687488406838
123.0,38.020191,6.767361111111111,1,1,0,0,0,0,0,0,0,2,1,164.75,14.0,25.698,4,1,SPECIAL EQUIPMENT,UPPER APEX,LANG_09,Round-Trip,google,MetaSearches,MetaSearches,Logged-Out,AREA_C,AREA_C,AREA_C_TO_AREA_C,CA,CU,120_plus,mid,6_8,Y,W,0,0.8686280553224228,22.32200376567562
55.0,35.0833379,,2,2,0,0,0,0,0,0,0,2,1,6.833333333333333,22.0,24.5253146,4,0,SPECIAL EQUIPMENT,NEW MERIDIAN,LANG_02,One-Way,google,Paid Search,Paid Search,Logged-Out,AREA_C,AREA_C,AREA_C_TO_AREA_C,CU,CI,31_60,mid,unknown_or_oneway,Y,L,0,0.9100895564810375,22.320232686871915
70.0,31.593977800000005,6.392361111111111,1,1,0,0,0,0,0,0,0,4,1,155.75,23.0,24.4670658,3,0,SPECIAL EQUIPMENT,SOUTH HORIZON,LANG_02,Round-Trip,apple,Direct,MetaSearches,Logged-Out,AREA_B,AREA_B,AREA_B_TO_AREA_B,BU,BI,61_120,low,6_8,Y,L,0,0.9120644114546839,22.315539968900023
79.0,121.3707974,8.815972222222221,1,1,0,0,0,0,0,1,0,3,1,216.58333333333334,19.0,81.377,2,1,SPECIAL EQUIPMENT,UPPER APEX,LANG_09,Round-Trip,google,Paid Search,Paid Search,Logged-In,AREA_C,AREA_C,AREA_C_TO_AREA_C,CA,CA,61_120,very_high,9_14,Y,L,0,0.2740368351425961,22.30029553339904
54.0,46.9969307,4.760416666666667,2,2,0,0,0,0,0,1,1,2,1,116.58333333333333,8.0,72.275625,4,1,SPECIAL EQUIPMENT,UPPER VERTEX,LANG_10,Round-Trip,google,Internal,Email,Logged-In,AREA_C,AREA_C,AREA_C_TO_AREA_C,CA,CU,31_60,mid,3_5,Y,O,0,0.3083837095326457,22.288625346290427
105.0,50.79124040000001,7.190972222222222,1,1,0,0,0,0,0,0,0,2,1,177.66666666666666,20.0,42.83,2,1,SPECIAL EQUIPMENT,UPPER APEX,LANG_09,Round-Trip,google,Organic Search,Organic Search,Logged-Out,AREA_C,AREA_B,AREA_C_TO_AREA_B,CA,BI,61_120,mid,6_8,Y,O,0,0.5203702764719905,22.287458941295352
59.0,94.3125166,7.517361111111111,3,2,0,1,0,1,0,1,0,2,1,182.41666666666666,22.0,24.62725,2,1,SPECIAL EQUIPMENT,UPPER APEX,LANG_02,Round-Trip,apple,Direct,Paid Search,Logged-In,AREA_C,AREA_B,AREA_C_TO_AREA_B,CA,BI,31_60,high,6_8,Y,L,0,0.9049464450091049,22.286342337850478
239.0,117.3379246,6.21875,1,1,0,0,0,0,0,0,1,2,1,163.66666666666666,17.0,38.547,4,1,SPECIAL EQUIPMENT,UPPER APEX,LANG_09,Round-Trip,apple,Direct,Direct,Logged-Out,AREA_C,AREA_B,AREA_C_TO_AREA_B,CA,BI,120_plus,very_high,6_8,Y,W,0,0.5779644117811922,22.278794180929612
44.0,36.579389799999994,7.100694444444445,1,1,0,0,0,0,0,1,1,2,1,172.0,20.0,24.62725,6,1,SPECIAL EQUIPMENT,UPPER APEX,LANG_02,Round-Trip,apple,Paid Search,Paid Search,Logged-In,AREA_C,AREA_D,AREA_C_TO_AREA_D,CA,DA,31_60,mid,6_8,Y,U,0,0.9045370098953677,22.276259076945692
13.0,161.4965112,7.135416666666667,6,5,1,0,0,0,1,1,0,2,1,173.33333333333334,21.0,24.62725,6,1,SPECIAL EQUIPMENT,UPPER APEX,LANG_09,Round-Trip,google,Paid Search,Paid Search,Logged-In,AREA_C,AREA_C,AREA_C_TO_AREA_C,CA,CI,8_14,very_high,6_8,Y,L,1,0.9045005932870301,22.275362236028013
0.0,51.1724274,6.378472222222222,1,1,0,0,0,0,0,0,0,4,1,154.0,10.0,24.62725,4,0,SPECIAL EQUIPMENT,UPPER APEX,LANG_09,Round-Trip,apple,MetaSearches,MetaSearches,Logged-Out,AREA_C,AREA_B,AREA_C_TO_AREA_B,CE,BI,invalid_or_past,mid,6_8,Y,Q,0,0.9044470147720576,22.274042744545156
81.0,52.8727784,6.517361111111111,1,1,0,0,0,0,0,0,0,2,1,158.58333333333334,18.0,24.62725,3,1,SPECIAL EQUIPMENT,UPPER APEX,LANG_09,Round-Trip,apple,Direct,Direct,Logged-Out,AREA_C,AREA_B,AREA_C_TO_AREA_B,CA,BI,61_120,mid,6_8,Y,L,1,0.9043219574940174,22.27096292769454
70.0,39.299951400000005,3.7604166666666665,3,2,0,1,0,1,0,0,0,2,1,92.58333333333333,9.0,72.275625,6,1,SPECIAL EQUIPMENT,UPPER APEX,LANG_09,Round-Trip,mozilla,Direct,Paid Search,Logged-Out,AREA_C,AREA_C,AREA_C_TO_AREA_C,CA,CU,61_120,mid,3_5,Y,O,0,0.3080602295018312,22.26524562488829
44.0,157.6246792,5.125,4,4,0,0,0,0,0,0,0,2,1,125.08333333333333,12.0,24.091875,3,1,SPECIAL EQUIPMENT,UPPER APEX,LANG_09,Round-Trip,google,Paid Search,Paid Search,Logged-Out,AREA_C,AREA_C,AREA_C_TO_AREA_C,CA,CI,31_60,very_high,6_8,C,I,0,0.9233474153075397,22.245170511162335
25.0,42.4029849,7.722222222222222,1,1,0,0,0,0,0,0,0,4,1,188.16666666666666,19.0,48.9683956,6,0,SPECIAL EQUIPMENT,NORTH HORIZON,LANG_04,Round-Trip,microsoft,Paid Search,Paid Search,Logged-Out,AREA_C,AREA_B,AREA_C_TO_AREA_B,CU,BI,15_30,mid,6_8,Y,T,0,0.4542549957173012,22.24413833356111
30.0,40.6152607,,2,2,0,0,0,0,0,0,0,1,0,2.6666666666666665,6.0,60.107622,5,1,SPECIAL EQUIPMENT,UPPER APEX,LANG_02,One-Way,google,MetaSearches,MetaSearches,Logged-Out,AREA_C,AREA_C,AREA_C_TO_AREA_C,CA,CI,15_30,mid,unknown_or_oneway,Y,L,0,0.37004552433968757,22.24255649980174
91.0,298.4193099,,2,2,0,0,0,0,0,0,0,1,0,19.333333333333332,19.0,38.547,3,1,SPECIAL EQUIPMENT,UPPER APEX,LANG_09,One-Way,google,Direct,Paid Search,Logged-Out,AREA_C,AREA_C,AREA_C_TO_AREA_C,CA,CA,61_120,very_high,unknown_or_oneway,C,I,0,0.5769606104563743,22.240100651261855
31.0,62.080800100000005,6.673611111111111,1,1,0,0,0,0,0,0,0,4,1,162.91666666666666,23.0,24.5218882,4,0,SPECIAL EQUIPMENT,NEW MERIDIAN,LANG_10,Round-Trip,google,Direct,Direct,Logged-Out,AREA_C,AREA_C,AREA_C_TO_AREA_C,CI,CE,31_60,high,6_8,Y,Q,0,0.9063835253237222,22.226235474310187
8.0,81.28534379999999,6.069444444444445,1,1,0,0,0,0,0,0,0,4,1,146.66666666666666,17.0,40.6885,4,0,SPECIAL EQUIPMENT,GREAT MERIDIAN,LANG_02,Round-Trip,google,Paid Search,Organic Search,Logged-Out,AREA_C,AREA_B,AREA_C_TO_AREA_B,CE,BU,8_14,high,6_8,Y,V,0,0.5462531018198217,22.226219333395814
50.0,56.708204900000005,4.354166666666667,2,2,0,0,0,0,0,1,0,4,1,106.58333333333333,13.0,23.7912084,6,0,SPECIAL EQUIPMENT,LOWER ZENITH,LANG_02,Round-Trip,google,Direct,Paid Search,Logged-In,AREA_C,AREA_B,AREA_C_TO_AREA_B,CE,BI,31_60,high,3_5,Y,L,0,0.9332875870336661,22.204039480251087
121.0,133.8548858,7.4375,2,1,0,1,0,1,0,1,0,2,1,182.25,9.0,42.83,2,1,SPECIAL EQUIPMENT,UPPER APEX,LANG_09,Round-Trip,google,Paid MetaSearches,Organic Search,Logged-In,AREA_C,AREA_C,AREA_C_TO_AREA_C,CA,CE,120_plus,very_high,6_8,Y,O,0,0.518065186490655,22.188731937394753
208.0,134.8776662,7.197916666666667,2,2,0,0,0,0,0,1,0,2,1,178.58333333333334,12.0,38.547,2,1,SPECIAL EQUIPMENT,NORTH HORIZON,LANG_04,Round-Trip,samsung,Direct,Direct,Logged-In,AREA_C,AREA_B,AREA_C_TO_AREA_B,CA,BI,120_plus,very_high,6_8,Y,V,0,0.575251801407867,22.174231188869047
11.0,113.6117146,7.947916666666667,3,2,0,1,0,1,0,0,0,4,1,191.58333333333334,22.0,24.091875,5,0,SPECIAL EQUIPMENT,UPPER APEX,LANG_09,Round-Trip,apple,Direct,Direct,Logged-Out,AREA_D,AREA_B,AREA_D_TO_AREA_B,DA,BI,8_14,very_high,6_8,Y,L,0,0.9203893042425303,22.173904069148012
98.0,265.9220474,7.270833333333333,2,2,0,0,0,0,0,0,0,2,1,194.08333333333334,20.0,38.547,1,1,SPECIAL EQUIPMENT,UPPER APEX,LANG_09,Round-Trip,microsoft,Direct,Organic Search,Logged-Out,AREA_C,AREA_D,AREA_C_TO_AREA_D,CA,DA,61_120,very_high,6_8,Y,O,0,0.5748863666941136,22.160144776957996
156.0,253.4490948,10.989583333333334,1,1,0,0,0,0,0,0,0,4,1,283.3333333333333,15.0,28.914533,2,0,SPECIAL EQUIPMENT,SOUTH ZENITH,LANG_07,Round-Trip,google,MetaSearches,MetaSearches,Logged-Out,AREA_B,AREA_B,AREA_B_TO_AREA_B,BU,BI,120_plus,very_high,9_14,P,R,1,0.7662085332766784,22.154561920310115
45.0,85.1361891,4.524305555555555,3,3,0,0,0,0,0,0,0,4,1,110.33333333333333,22.0,25.1086592,6,0,SPECIAL EQUIPMENT,SOUTH VERTEX,LANG_02,Round-Trip,apple,Direct,Direct,Logged-Out,AREA_B,AREA_B,AREA_B_TO_AREA_B,BA,BO,31_60,high,3_5,Y,O,0,0.8822377572723349,22.15180718072338
35.0,184.1021852,7.114583333333333,2,2,0,0,0,0,0,1,0,2,1,172.91666666666666,13.0,24.62725,2,1,SPECIAL EQUIPMENT,UPPER APEX,LANG_09,Round-Trip,google,Paid Search,Paid Search,Logged-In,AREA_C,AREA_B,AREA_C_TO_AREA_B,CA,BI,31_60,very_high,6_8,Y,B,0,0.8990622849839206,22.14143165787026
59.0,577.4974483999999,17.489583333333332,4,2,0,1,1,1,0,0,0,4,1,421.0833333333333,21.0,38.3945252,5,0,SPECIAL EQUIPMENT,CENTRAL AURORA,LANG_01,Round-Trip,google,Paid Search,Organic Search,Logged-Out,AREA_B,AREA_B,AREA_B_TO_AREA_B,BO,BU,31_60,very_high,15_30,Y,K,0,0.5762865284718335,22.126247639832325
0.0,107.5062981,3.1944444444444446,2,2,0,0,0,0,0,1,1,2,1,78.16666666666667,15.0,42.83,5,1,SPECIAL EQUIPMENT,UPPER APEX,LANG_09,Round-Trip,google,Paid Search,Paid Search,Logged-In,AREA_C,AREA_B,AREA_C_TO_AREA_B,CA,BI,invalid_or_past,very_high,3_5,Y,W,0,0.516571097612603,22.124740110747787
0.0,125.2246408,8.253472222222221,1,1,0,0,0,0,0,0,0,4,1,199.41666666666666,9.0,33.5992784,2,0,SPECIAL EQUIPMENT,NORTH MERIDIAN,LANG_02,Round-Trip,mozilla,Organic Search,Affiliate,Logged-Out,AREA_C,AREA_B,AREA_C_TO_AREA_B,CI,BI,invalid_or_past,very_high,9_14,Y,Q,0,0.6584706314668497,22.124138064878487
58.0,354.49877039999996,7.128472222222222,4,4,0,0,0,0,0,0,0,2,1,173.25,15.0,24.62725,2,1,SPECIAL EQUIPMENT,UPPER APEX,LANG_09,Round-Trip,microsoft,Paid Search,Email,Logged-Out,AREA_C,AREA_B,AREA_C_TO_AREA_B,CA,BI,31_60,very_high,6_8,Y,T,1,0.8978953927912051,22.112694312117206
5.0,377.82998459999993,7.979166666666667,2,2,0,0,0,0,0,0,0,4,1,193.58333333333334,10.0,37.6424304,1,0,SPECIAL EQUIPMENT,LOWER ZENITH,LANG_02,Round-Trip,google,Paid Search,Paid Search,Logged-Out,AREA_C,AREA_B,AREA_C_TO_AREA_B,CE,BU,4_7,very_high,6_8,Y,K,0,0.5874306366190505,22.1123168537603
26.0,52.2337548,10.51736111111111,2,2,0,0,0,0,0,1,1,2,1,254.5,8.0,42.83,3,1,SPECIAL EQUIPMENT,UPPER APEX,LANG_09,Round-Trip,apple,Direct,Direct,Logged-In,AREA_C,AREA_B,AREA_C_TO_AREA_B,CA,BI,15_30,mid,9_14,Y,O,0,0.5161232125152748,22.10555719202922
44.0,18.4944223,7.9375,1,1,0,0,0,0,0,0,0,2,1,192.58333333333334,18.0,24.62725,6,1,SPECIAL EQUIPMENT,UPPER APEX,LANG_09,Round-Trip,google,Direct,Paid Search,Logged-Out,AREA_C,AREA_C,AREA_C_TO_AREA_C,CA,CO,31_60,very_low,6_8,Y,O,0,0.8974537281985843,22.101817327778583
30.0,99.6264347,7.690972222222222,2,2,0,0,0,0,0,0,0,4,1,186.66666666666666,11.0,23.1778828,2,0,SPECIAL EQUIPMENT,LOWER ZENITH,LANG_02,Round-Trip,apple,Direct,Affiliate,Logged-Out,AREA_C,AREA_B,AREA_C_TO_AREA_B,CE,BI,15_30,high,6_8,Y,Q,0,0.9534288311991995,22.09846170767603
10.0,43.4921518,7.934027777777778,1,1,0,0,0,0,0,0,0,4,1,191.33333333333334,18.0,24.62725,5,0,SPECIAL EQUIPMENT,UPPER APEX,LANG_09,Round-Trip,apple,Direct,Direct,Logged-Out,AREA_C,AREA_B,AREA_C_TO_AREA_B,CA,BI,8_14,mid,6_8,Y,K,0,0.8971202196327716,22.093603928951172
30.0,58.0123784,4.086805555555555,2,2,0,0,0,0,0,0,0,2,1,98.66666666666667,18.0,42.83,5,1,SPECIAL EQUIPMENT,UPPER APEX,LANG_09,Round-Trip,google,Paid Search,Paid Search,Logged-Out,AREA_C,AREA_B,AREA_C_TO_AREA_B,CA,BI,15_30,high,3_5,Y,O,0,0.5155511507594462,22.081055787027083
49.0,180.7751508,88.21180555555556,1,1,0,0,0,0,0,1,1,2,1,2133.25,20.0,38.547,1,1,SPECIAL EQUIPMENT,UPPER APEX,LANG_09,Round-Trip,apple,Direct,Referrals,Logged-In,AREA_C,AREA_B,AREA_C_TO_AREA_B,CA,BO,31_60,very_high,30_plus,Y,U,0,0.5724236369651658,22.065213934096246
9.0,80.3597875,5.322916666666667,3,2,0,1,0,1,0,0,0,4,1,129.83333333333334,10.0,23.4083082,3,0,SPECIAL EQUIPMENT,LOWER ZENITH,LANG_02,Round-Trip,apple,Direct,Direct,Logged-Out,AREA_C,AREA_B,AREA_C_TO_AREA_B,CE,BI,8_14,high,6_8,Y,W,1,0.9423482579682207,22.05877845425322
22.0,32.804353600000006,5.010416666666667,2,2,0,0,0,0,0,0,0,4,1,123.08333333333333,14.0,23.9184135,4,0,SPECIAL EQUIPMENT,NEW APEX,LANG_02,Round-Trip,google,Paid Search,Paid Search,Logged-Out,AREA_C,AREA_B,AREA_C_TO_AREA_B,CU,BI,15_30,low,6_8,Y,L,1,0.9220555510249294,22.05410593938461
84.0,106.1503003,,1,1,0,0,0,0,0,1,0,1,0,15.916666666666666,20.0,38.547,4,1,SPECIAL EQUIPMENT,UPPER APEX,LANG_02,One-Way,google,Direct,Email,Logged-In,AREA_B,AREA_C,AREA_B_TO_AREA_C,BU,CA,61_120,very_high,unknown_or_oneway,Y,V,0,0.5720781369611297,22.051895945440666
37.0,465.39078,8.684027777777779,4,2,1,1,0,1,1,0,0,2,1,213.41666666666666,17.0,81.377,2,1,SPECIAL EQUIPMENT,UPPER APEX,LANG_09,Round-Trip,google,Direct,MetaSearches,Logged-Out,AREA_C,AREA_C,AREA_C_TO_AREA_C,CA,CA,31_60,very_high,9_14,Y,W,0,0.27089274999015456,22.044439315948807
203.0,50.6027884,,4,1,0,3,0,1,0,0,0,2,1,3.8333333333333335,13.0,29.3976554,3,0,SPECIAL EQUIPMENT,UPPER APEX,LANG_09,One-Way,apple,Direct,Referrals,Logged-Out,AREA_C,AREA_D,AREA_C_TO_AREA_D,CE,DA,120_plus,mid,unknown_or_oneway,Y,W,0,0.7495508452082844,22.03503745221189
53.0,73.1956134,7.517361111111111,1,1,0,0,0,0,0,0,1,2,1,182.58333333333334,20.0,23.5565,6,1,SPECIAL EQUIPMENT,UPPER APEX,LANG_09,Round-Trip,google,Email,Email,Logged-Out,AREA_C,AREA_B,AREA_C_TO_AREA_B,CA,BI,31_60,high,6_8,Y,T,0,0.9353676633501202,22.033988361707106
21.0,44.7504972,3.9097222222222223,2,2,0,0,0,0,0,0,0,2,1,96.83333333333333,22.0,42.83,5,1,SPECIAL EQUIPMENT,UPPER APEX,LANG_09,Round-Trip,google,Direct,Paid Search,Logged-Out,AREA_C,AREA_C,AREA_C_TO_AREA_C,CA,CI,15_30,mid,3_5,Y,L,0,0.5142443811515683,22.02508684472167
103.0,99.2880777,7.326388888888889,2,2,0,0,0,0,0,0,0,4,1,177.91666666666666,21.0,23.1778828,3,0,SPECIAL EQUIPMENT,SOUTH MERIDIAN,LANG_02,Round-Trip,microsoft,Direct,Paid Search,Logged-Out,AREA_C,AREA_B,AREA_C_TO_AREA_B,CE,BI,61_120,high,6_8,Y,S,0,0.9498296883348616,22.015041196185948
81.0,52.8727784,6.517361111111111,1,1,0,0,0,0,0,0,0,2,1,158.58333333333334,18.0,24.62725,3,1,SPECIAL EQUIPMENT,UPPER APEX,LANG_09,Round-Trip,apple,Paid Search,Paid Search,Logged-Out,AREA_C,AREA_B,AREA_C_TO_AREA_B,CA,BI,61_120,mid,6_8,Y,L,1,0.8930942816730801,21.994456148333363
16.0,142.6358924,8.934027777777779,2,1,0,1,0,1,0,1,0,2,1,215.0,16.0,42.83,2,1,SPECIAL EQUIPMENT,UPPER APEX,LANG_02,Round-Trip,google,Organic Search,Organic Search,Logged-In,AREA_C,AREA_B,AREA_C_TO_AREA_B,CA,BI,15_30,very_high,9_14,Y,L,0,0.513483493771442,21.99249803823086
12.0,28.974495,7.673611111111111,1,1,0,0,0,0,0,1,0,4,1,186.91666666666666,17.0,23.9081343,5,0,SPECIAL EQUIPMENT,NEW MERIDIAN,LANG_02,Round-Trip,google,Organic Search,Organic Search,Logged-In,AREA_C,AREA_C,AREA_C_TO_AREA_C,CI,CE,8_14,low,6_8,Y,U,0,0.9197530319518045,21.989579010735934
30.0,595.6209629,11.229166666666666,3,2,0,1,0,1,0,0,1,2,1,290.0833333333333,21.0,38.547,1,1,SPECIAL EQUIPMENT,UPPER APEX,LANG_09,Round-Trip,google,Direct,Direct,Logged-Out,AREA_C,AREA_D,AREA_C_TO_AREA_D,CA,DA,15_30,very_high,9_14,C,D,0,0.5703686770061465,21.986001392555927
25.0,36.1018353,5.729166666666667,2,2,0,0,0,0,0,1,0,4,1,140.25,21.0,23.9638133,4,0,SPECIAL EQUIPMENT,NEW MERIDIAN,LANG_02,Round-Trip,apple,Direct,Direct,Logged-In,AREA_C,AREA_C,AREA_C_TO_AREA_C,CI,CI,15_30,mid,6_8,Y,U,0,0.9172836262652031,21.981613562966306
28.0,72.83584139999999,7.125,3,3,0,0,0,0,0,1,0,2,1,173.08333333333334,19.0,24.62725,6,1,SPECIAL EQUIPMENT,UPPER APEX,LANG_09,Round-Trip,google,Organic Search,Paid Search,Logged-In,AREA_C,AREA_C,AREA_C_TO_AREA_C,CA,CI,15_30,high,6_8,Y,U,1,0.892500754166354,21.97983919804334
45.0,30.232840400000004,13.67361111111111,1,1,0,0,0,0,0,1,0,5,1,330.9166666666667,22.0,24.6298198,2,0,SPECIAL EQUIPMENT,NEW MERIDIAN,LANG_02,Round-Trip,microsoft,Direct,Direct,Logged-In,AREA_C,AREA_C,AREA_C_TO_AREA_C,CI,CU,31_60,low,9_14,Y,L,0,0.8921643587823241,21.973847388791192
187.0,156.4477108,9.065972222222221,2,2,0,0,0,0,0,1,0,2,1,222.58333333333334,12.0,81.377,2,1,SPECIAL EQUIPMENT,UPPER APEX,LANG_09,Round-Trip,google,Direct,Direct,Logged-In,AREA_C,AREA_C,AREA_C_TO_AREA_C,CA,CA,120_plus,very_high,9_14,Y,O,0,0.2700024607587628,21.971990249165838
64.0,105.1330878,7.128472222222222,3,2,0,1,0,1,0,0,0,2,1,173.25,22.0,24.62725,3,1,SPECIAL EQUIPMENT,UPPER APEX,LANG_09,Round-Trip,apple,Paid Search,Paid Search,Logged-Out,AREA_C,AREA_B,AREA_C_TO_AREA_B,CA,BI,61_120,very_high,6_8,Y,V,0,0.8920264503534662,21.9681583994674
48.0,49.28062630000001,8.322916666666666,1,1,0,0,0,0,0,0,0,2,1,200.66666666666666,22.0,24.62725,6,1,SPECIAL EQUIPMENT,UPPER APEX,LANG_09,Round-Trip,google,Paid Search,Paid Search,Logged-Out,AREA_C,AREA_C,AREA_C_TO_AREA_C,CA,CE,31_60,mid,9_14,Y,S,0,0.8919600348418398,21.9665227680587
65.0,602.7911332,10.4375,4,2,2,0,0,0,1,0,0,2,1,254.25,21.0,42.83,2,1,SPECIAL EQUIPMENT,UPPER APEX,LANG_09,Round-Trip,microsoft,Paid Search,Paid Search,Logged-Out,AREA_C,AREA_C,AREA_C_TO_AREA_C,CA,CE,61_120,very_high,9_14,Y,Q,0,0.5124423023324831,21.94790380890025
24.0,114.8923316,5.510416666666667,2,2,0,0,0,0,0,0,0,2,1,133.83333333333334,10.0,24.62725,5,1,SPECIAL EQUIPMENT,UPPER APEX,LANG_09,Round-Trip,google,Direct,Direct,Logged-Out,AREA_C,AREA_D,AREA_C_TO_AREA_D,CA,DA,15_30,very_high,6_8,Y,T,0,0.8912001774665277,21.947809570512543
105.0,64.0102916,7.517361111111111,2,2,0,0,0,0,0,1,1,2,1,182.58333333333334,17.0,24.62725,2,1,SPECIAL EQUIPMENT,UPPER APEX,LANG_09,Round-Trip,google,Paid Search,Paid Search,Logged-In,AREA_C,AREA_B,AREA_C_TO_AREA_B,CA,BI,61_120,high,6_8,Y,U,0,0.8911602015166953,21.946825072802035
82.0,102.3242964,11.194444444444445,2,2,0,0,0,0,0,0,0,2,1,273.5,16.0,38.547,3,1,SPECIAL EQUIPMENT,UPPER APEX,LANG_09,Round-Trip,google,Direct,Direct,Logged-Out,AREA_C,AREA_B,AREA_C_TO_AREA_B,CA,BI,61_120,very_high,9_14,Y,T,0,0.5691557500713019,21.939246697998474
4.0,113.3341762,3.7569444444444446,2,2,0,0,0,0,0,0,0,2,1,91.66666666666667,21.0,42.83,5,1,SPECIAL EQUIPMENT,UPPER APEX,LANG_09,Round-Trip,google,Organic Search,Paid Search,Logged-Out,AREA_C,AREA_B,AREA_C_TO_AREA_B,CA,BI,4_7,very_high,3_5,Y,V,0,0.5119609625117886,21.927288024379905
22.0,468.3049332000001,6.128472222222222,2,2,0,0,0,0,0,1,0,2,1,149.25,13.0,24.62725,3,1,SPECIAL EQUIPMENT,UPPER APEX,LANG_09,Round-Trip,apple,Direct,Direct,Logged-In,AREA_C,AREA_B,AREA_C_TO_AREA_B,CA,BI,15_30,very_high,6_8,C,C,0,0.8900496633437444,21.91947557158223
93.0,111.8179942,4.041666666666667,3,3,0,0,0,0,0,0,0,4,1,99.75,18.0,24.0357677,4,0,SPECIAL EQUIPMENT,NEW MERIDIAN,LANG_02,Round-Trip,google,Paid Search,Paid Search,Logged-Out,AREA_C,AREA_C,AREA_C_TO_AREA_C,CI,CU,61_120,very_high,3_5,Y,U,0,0.9118752561579286,21.91762182838997
65.0,45.725736299999994,,2,2,0,0,0,0,0,1,0,2,1,5.666666666666667,20.0,24.5253146,3,0,SPECIAL EQUIPMENT,NEW MERIDIAN,LANG_02,One-Way,google,Paid Search,Paid Search,Logged-In,AREA_C,AREA_C,AREA_C_TO_AREA_C,CU,CI,61_120,mid,unknown_or_oneway,Y,L,0,0.8932232400426553,21.90658097007744
60.0,53.3803139,17.072916666666668,1,1,0,0,0,0,0,0,0,4,1,412.0833333333333,16.0,34.5055612,2,0,SPECIAL EQUIPMENT,OLD ZENITH,LANG_02,Round-Trip,apple,MetaSearches,MetaSearches,Logged-Out,AREA_B,AREA_B,AREA_B_TO_AREA_B,BU,BU,31_60,mid,15_30,Y,O,0,0.6344422440661146,21.891785680488656
59.0,45.3723888,7.517361111111111,1,1,0,0,0,0,0,0,0,2,1,182.58333333333334,13.0,24.9930182,2,1,SPECIAL EQUIPMENT,UPPER APEX,LANG_09,Round-Trip,mozilla,Paid Search,Paid Search,Logged-Out,AREA_C,AREA_B,AREA_C_TO_AREA_B,CA,BI,31_60,mid,6_8,Y,L,0,0.8757574350984193,21.887821514200112
35.0,92.9757923,,1,1,0,0,0,0,0,1,0,1,0,20.583333333333332,20.0,38.547,3,1,SPECIAL EQUIPMENT,UPPER APEX,LANG_09,One-Way,apple,Direct,Direct,Logged-In,AREA_D,AREA_C,AREA_D_TO_AREA_C,DA,CA,31_60,high,unknown_or_oneway,C,I,0,0.5678087763755739,21.887324902949246
83.0,45.4786072,4.197916666666667,2,2,0,0,0,0,0,1,0,2,1,108.33333333333333,22.0,77.094,5,1,SPECIAL EQUIPMENT,UPPER APEX,LANG_09,Round-Trip,apple,Direct,Direct,Logged-In,AREA_C,AREA_B,AREA_C_TO_AREA_B,CA,BA,61_120,mid,3_5,Y,O,0,0.28390177478668904,21.887123425405004
6.0,376.578492,4.170138888888889,4,4,0,0,0,0,0,0,0,2,1,105.16666666666667,12.0,42.83,4,1,SPECIAL EQUIPMENT,UPPER APEX,LANG_02,Round-Trip,mozilla,Direct,Paid MetaSearches,Logged-Out,AREA_C,AREA_B,AREA_C_TO_AREA_B,CA,BO,4_7,very_high,3_5,Y,Q,0,0.5109209727991325,21.882745264986845
16.0,124.1603153,,1,1,0,0,0,0,0,1,0,1,0,20.583333333333332,10.0,38.547,3,1,SPECIAL EQUIPMENT,LOWER VERTEX,LANG_02,One-Way,apple,Direct,Direct,Logged-In,AREA_D,AREA_C,AREA_D_TO_AREA_C,DA,CA,15_30,very_high,unknown_or_oneway,Y,V,0,0.5675493072715236,21.87732314739542
42.0,36.9991238,3.954861111111111,2,2,0,0,0,0,0,1,0,2,1,96.91666666666667,12.0,42.83,6,1,SPECIAL EQUIPMENT,UPPER APEX,LANG_09,Round-Trip,google,Organic Search,Paid Search,Logged-In,AREA_C,AREA_C,AREA_C_TO_AREA_C,CA,CO,31_60,mid,3_5,Y,L,0,0.5107782956130237,21.876634401105804
8.0,53.1537432,2.9791666666666665,3,2,1,0,0,0,1,0,0,2,1,73.5,20.0,85.66,5,1,SPECIAL EQUIPMENT,UPPER APEX,LANG_02,Round-Trip,google,Paid Search,Paid Search,Logged-Out,AREA_C,AREA_B,AREA_C_TO_AREA_B,CA,BE,8_14,mid,3_5,Y,U,0,0.2553679350044372,21.87481731248009
41.0,89.03157759999999,7.517361111111111,2,2,0,0,0,0,0,0,0,2,1,182.58333333333334,8.0,24.62725,2,1,SPECIAL EQUIPMENT,UPPER APEX,LANG_09,Round-Trip,google,Email,Paid Search,Logged-Out,AREA_C,AREA_B,AREA_C_TO_AREA_B,CA,BI,31_60,high,6_8,Y,U,0,0.8881896124120366,21.87366763227433
46.0,1011.8184898,8.319444444444445,2,2,0,0,0,0,0,0,0,2,1,215.83333333333334,21.0,41.438025,1,1,SPECIAL EQUIPMENT,UPPER APEX,LANG_09,Round-Trip,google,Paid Search,Paid Search,Logged-Out,AREA_C,AREA_B,AREA_C_TO_AREA_B,CA,BO,31_60,very_high,9_14,P,A,0,0.5275923069065372,21.862383203400764
54.0,51.0897655,7.673611111111111,1,1,0,0,0,0,0,0,0,4,1,186.91666666666666,13.0,22.3551185,6,0,SPECIAL EQUIPMENT,NEW MERIDIAN,LANG_02,Round-Trip,google,Organic Search,Email,Logged-Out,AREA_C,AREA_C,AREA_C_TO_AREA_C,CI,CE,31_60,mid,6_8,Y,V,0,0.9779115461782956,21.861328497334018
54.0,51.0897655,7.673611111111111,1,1,0,0,0,0,0,0,0,4,1,186.91666666666666,13.0,22.3551185,6,0,SPECIAL EQUIPMENT,NEW MERIDIAN,LANG_02,Round-Trip,google,Organic Search,Email,Logged-Out,AREA_C,AREA_C,AREA_C_TO_AREA_C,CI,CE,31_60,mid,6_8,Y,V,0,0.9779115461782956,21.861328497334018
83.0,183.770681,5.125,5,5,0,0,0,0,0,0,0,2,1,125.16666666666667,14.0,24.62725,3,1,SPECIAL EQUIPMENT,UPPER APEX,LANG_09,Round-Trip,google,Direct,Paid Search,Logged-Out,AREA_C,AREA_C,AREA_C_TO_AREA_C,CA,CI,61_120,very_high,6_8,Y,O,0,0.8873343170604509,21.852604059826987
86.0,47.15240360000001,6.326388888888889,2,2,0,0,0,0,0,1,0,4,1,153.91666666666666,21.0,23.1778828,4,0,SPECIAL EQUIPMENT,WEST VERTEX,LANG_02,Round-Trip,mozilla,Direct,Email,Logged-In,AREA_C,AREA_B,AREA_C_TO_AREA_B,CE,BI,61_120,mid,6_8,Y,U,0,0.9421434150606025,21.8368896550664
139.0,106.6154341,11.222222222222221,1,1,0,0,0,0,0,0,0,2,1,283.9166666666667,23.0,38.547,5,1,SPECIAL EQUIPMENT,UPPER APEX,LANG_09,Round-Trip,google,Paid Search,Paid Search,Logged-Out,AREA_C,AREA_B,AREA_C_TO_AREA_B,CA,BI,120_plus,very_high,9_14,Y,U,0,0.5662769148909037,21.828276238299665
11.0,80.212024,9.125,4,4,0,0,0,0,0,1,0,2,1,221.08333333333334,22.0,24.62725,6,1,SPECIAL EQUIPMENT,UPPER APEX,LANG_09,Round-Trip,google,Direct,MetaSearches,Logged-In,AREA_C,AREA_C,AREA_C_TO_AREA_C,CA,CI,8_14,high,9_14,Y,U,0,0.88599058110941,21.819511538626717
169.0,186.858724,14.947916666666666,2,2,0,0,0,0,0,0,0,2,1,361.75,22.0,47.113,4,1,SPECIAL EQUIPMENT,UPPER APEX,LANG_09,Round-Trip,google,Paid Search,Paid Search,Logged-Out,AREA_C,AREA_B,AREA_C_TO_AREA_B,CA,BO,120_plus,very_high,15_30,C,F,0,0.46309743977124546,21.817909679942687
29.0,132.0316127,6.673611111111111,3,2,1,0,0,0,1,1,0,4,1,162.91666666666666,,24.5218882,4,0,SPECIAL EQUIPMENT,NEW MERIDIAN,LANG_02,Round-Trip,microsoft,Paid Search,Paid Search,Logged-In,AREA_C,AREA_C,AREA_C_TO_AREA_C,CI,CE,15_30,very_high,6_8,Y,W,0,0.8891507658622573,21.80365567341865
47.0,80.06640200000001,3.7465277777777777,4,2,0,2,0,1,0,0,0,2,1,92.08333333333333,15.0,42.83,3,1,SPECIAL EQUIPMENT,UPPER APEX,LANG_09,Round-Trip,google,Direct,Organic Search,Logged-Out,AREA_C,AREA_B,AREA_C_TO_AREA_B,CA,BI,31_60,high,3_5,Y,O,0,0.508795025960774,21.79169096189995
42.0,64.00686520000001,7.517361111111111,2,2,0,0,0,0,0,1,0,2,1,182.58333333333334,12.0,24.62725,2,1,SPECIAL EQUIPMENT,UPPER APEX,LANG_09,Round-Trip,google,Direct,Organic Search,Logged-In,AREA_C,AREA_B,AREA_C_TO_AREA_B,CA,BI,31_60,high,6_8,Y,U,0,0.884211225011833,21.775690891172665
19.0,69.2629628,4.225694444444445,2,2,0,0,0,0,0,0,0,2,1,106.5,12.0,42.83,6,1,SPECIAL EQUIPMENT,UPPER APEX,LANG_09,Round-Trip,microsoft,Direct,MetaSearches,Logged-Out,AREA_C,AREA_B,AREA_C_TO_AREA_B,CA,BO,15_30,high,3_5,Y,O,0,0.5083457927783422,21.7724503046964
19.0,493.8350396,,2,1,1,0,0,0,1,1,1,1,0,19.333333333333332,11.0,38.547,3,1,SPECIAL EQUIPMENT,UPPER APEX,LANG_02,One-Way,google,Direct,Organic Search,Logged-In,AREA_C,AREA_C,AREA_C_TO_AREA_C,CA,CA,15_30,very_high,unknown_or_oneway,P,A,0,0.5646820854601374,21.766800348231914
10.0,116.249186,11.072916666666666,1,1,0,0,0,0,0,1,0,4,1,268.0833333333333,13.0,34.5055612,4,0,SPECIAL EQUIPMENT,LOWER VERTEX,LANG_02,Round-Trip,google,Paid Search,Paid Search,Logged-In,AREA_B,AREA_B,AREA_B_TO_AREA_B,BU,BU,8_14,very_high,9_14,Y,Q,0,0.6307562944937468,21.764599921939205
23.0,170.4839584,,8,4,2,2,0,1,1,1,0,1,0,1.75,11.0,24.62725,2,1,SPECIAL EQUIPMENT,UPPER APEX,LANG_09,One-Way,apple,Paid Search,Paid Search,Logged-In,AREA_C,AREA_C,AREA_C_TO_AREA_C,CI,CA,15_30,very_high,unknown_or_oneway,Y,W,1,0.8835328048986577,21.758983269440467
88.0,91.579106,11.194444444444445,2,2,0,0,0,0,0,1,0,2,1,273.5,10.0,38.547,3,1,SPECIAL EQUIPMENT,UPPER APEX,LANG_09,Round-Trip,apple,MetaSearches,Paid Search,Logged-In,AREA_C,AREA_B,AREA_C_TO_AREA_B,CA,BI,61_120,high,9_14,Y,T,0,0.5642419177453183,21.749833203328784
19.0,43.7195791,14.177083333333334,1,1,0,0,0,0,0,0,0,4,1,345.0,17.0,24.2897496,6,0,SPECIAL EQUIPMENT,NEW HORIZON,LANG_02,Round-Trip,google,Paid Search,Paid Search,Logged-Out,AREA_C,AREA_B,AREA_C_TO_AREA_B,CE,BI,15_30,mid,15_30,Y,U,0,0.895317636838924,21.7470412112812
81.0,18.93086,6.322916666666667,1,1,0,0,0,0,0,0,0,4,1,153.83333333333334,19.0,23.1778828,4,0,SPECIAL EQUIPMENT,LOWER ZENITH,LANG_02,Round-Trip,google,Paid Search,Email,Logged-Out,AREA_C,AREA_B,AREA_C_TO_AREA_B,CE,BI,61_120,very_low,6_8,Y,U,0,0.937931103914416,21.739257201002957
9.0,53.7550764,4.072916666666667,1,1,0,0,0,0,0,0,0,4,1,100.08333333333333,12.0,24.4670658,6,0,SPECIAL EQUIPMENT,OLD ZENITH,LANG_02,Round-Trip,apple,MetaSearches,MetaSearches,Logged-Out,AREA_B,AREA_B,AREA_B_TO_AREA_B,BU,BI,8_14,mid,3_5,Y,T,0,0.8884915318686433,21.73878077297289
29.0,50.12866029999999,6.503472222222222,1,1,0,0,0,0,0,0,0,4,1,158.25,13.0,23.4973946,4,0,SPECIAL EQUIPMENT,LOWER ZENITH,LANG_02,Round-Trip,google,Direct,Organic Search,Logged-Out,AREA_C,AREA_C,AREA_C_TO_AREA_C,CE,CE,15_30,mid,6_8,Y,W,0,0.9247852033127072,21.730042842479907
79.0,512.135442,,3,2,1,0,0,0,1,0,0,3,1,5.25,13.0,38.547,3,1,SPECIAL EQUIPMENT,UPPER APEX,LANG_09,Round-Trip,microsoft,Paid Search,Paid Search,Logged-Out,AREA_C,AREA_B,AREA_C_TO_AREA_B,CA,BO,61_120,very_high,unknown_or_oneway,P,R,0,0.5636162606340449,21.725715998660526
12.0,34.6349078,6.125,1,1,0,0,0,0,0,0,0,2,1,149.08333333333334,22.0,36.4055,4,1,SPECIAL EQUIPMENT,UPPER APEX,LANG_09,Round-Trip,google,Organic Search,Organic Search,Logged-Out,AREA_C,AREA_C,AREA_C_TO_AREA_C,CA,CI,8_14,mid,6_8,Y,L,0,0.596398169097436,21.71217354507671
2.0,89.53183200000001,8.743055555555555,2,2,0,0,0,0,0,1,0,4,1,210.91666666666666,18.0,24.0357677,5,0,SPECIAL EQUIPMENT,UPPER APEX,LANG_02,Round-Trip,apple,Direct,Direct,Logged-In,AREA_C,AREA_C,AREA_C_TO_AREA_C,CI,CU,0_3,high,9_14,Y,S,0,0.9031998652494534,21.709102147807165
46.0,52.76998639999999,7.625,3,2,1,0,0,0,1,0,0,5,1,186.58333333333334,19.0,23.1778828,3,0,SPECIAL EQUIPMENT,LOWER ZENITH,LANG_02,Round-Trip,microsoft,Paid Search,Organic Search,Logged-Out,AREA_C,AREA_B,AREA_C_TO_AREA_B,CE,BI,31_60,mid,6_8,Y,O,0,0.9364256178958881,21.704363222508476
183.0,316.8165081,16.131944444444443,2,2,0,0,0,0,0,1,0,4,1,389.25,8.0,37.6424304,4,0,SPECIAL EQUIPMENT,LOWER ZENITH,LANG_02,Round-Trip,google,Paid Search,Paid Search,Logged-In,AREA_C,AREA_B,AREA_C_TO_AREA_B,CE,BU,120_plus,very_high,15_30,Y,H,0,0.5763040467083306,21.693484967456683
24.0,53.5169416,3.1597222222222223,4,4,0,0,0,0,0,1,0,2,1,77.75,10.0,85.66,6,1,SPECIAL EQUIPMENT,UPPER APEX,LANG_09,Round-Trip,google,Paid Search,Paid Search,Logged-In,AREA_C,AREA_B,AREA_C_TO_AREA_B,CA,BE,15_30,mid,3_5,Y,O,0,0.25318770380467,21.68805870790803
2.0,289.8241855,3.3229166666666665,2,2,0,0,0,0,0,0,0,2,1,80.75,17.0,42.83,3,1,SPECIAL EQUIPMENT,UPPER VERTEX,LANG_02,Round-Trip,google,Paid Search,Paid Search,Logged-Out,AREA_C,AREA_C,AREA_C_TO_AREA_C,CA,CE,0_3,very_high,3_5,C,Z,0,0.5062020881668285,21.680635436185266
30.0,41.07397,7.517361111111111,1,1,0,0,0,0,0,0,0,2,1,182.58333333333334,17.0,23.021125,6,1,SPECIAL EQUIPMENT,UPPER APEX,LANG_09,Round-Trip,apple,Direct,Direct,Logged-Out,AREA_C,AREA_B,AREA_C_TO_AREA_B,CA,BI,15_30,mid,6_8,Y,L,0,0.9416233882803715,21.67722972452597
7.0,86.8600966,3.892361111111111,2,2,0,0,0,0,0,0,0,2,1,94.91666666666667,9.0,42.83,5,1,SPECIAL EQUIPMENT,UPPER APEX,LANG_09,Round-Trip,mozilla,Display,Display,Logged-Out,AREA_C,AREA_B,AREA_C_TO_AREA_B,CA,BI,4_7,high,3_5,Y,L,0,0.505824744856031,21.66447382218381
126.0,189.4053958,,1,1,0,0,0,0,0,0,0,3,1,352.8333333333333,19.0,41.438025,1,1,SPECIAL EQUIPMENT,UPPER APEX,LANG_02,Multi-City,google,Paid Search,Organic Search,Logged-Out,AREA_C,AREA_C,AREA_C_TO_AREA_C,CA,CA,120_plus,very_high,unknown_or_oneway,Y,W,0,0.5226282916595448,21.656684215495513
13.0,23.0870832,6.347222222222222,1,1,0,0,0,0,0,0,0,4,1,155.16666666666666,18.0,23.9351172,4,0,SPECIAL EQUIPMENT,NEW APEX,LANG_02,Round-Trip,mozilla,Paid Search,Paid Search,Logged-Out,AREA_C,AREA_B,AREA_C_TO_AREA_B,CU,BI,8_14,low,6_8,Y,U,0,0.9047116294878722,21.654378883995197
20.0,119.93170940000002,5.600694444444445,3,2,0,1,0,1,0,0,0,4,1,137.16666666666666,14.0,23.4100214,6,0,SPECIAL EQUIPMENT,NEW MERIDIAN,LANG_10,Round-Trip,apple,Paid Search,Paid Search,Logged-Out,AREA_C,AREA_B,AREA_C_TO_AREA_B,CI,BO,15_30,very_high,6_8,Y,V,0,0.9248592830298193,21.650975607716727
5.0,104.4876397,10.958333333333334,2,2,0,0,0,0,0,0,0,2,1,264.6666666666667,10.0,42.83,2,1,SPECIAL EQUIPMENT,NORTH ZENITH,LANG_09,Round-Trip,microsoft,Organic Search,Email,Logged-Out,AREA_C,AREA_C,AREA_C_TO_AREA_C,CA,CO,4_7,very_high,9_14,Y,V,0,0.5054188129598624,21.647087759070903
19.0,52.460753800000006,7.322916666666667,1,1,0,0,0,0,0,1,1,2,1,176.66666666666666,14.0,24.62725,6,1,SPECIAL EQUIPMENT,UPPER APEX,LANG_02,Round-Trip,google,Direct,Direct,Logged-In,AREA_C,AREA_C,AREA_C_TO_AREA_C,CA,CE,15_30,mid,6_8,Y,S,0,0.8789673403270242,21.646548432068705
178.0,90.0946182,,1,1,0,0,0,0,0,1,0,1,0,19.583333333333332,20.0,38.547,3,1,SPECIAL EQUIPMENT,LOWER VERTEX,LANG_02,One-Way,apple,MetaSearches,MetaSearches,Logged-In,AREA_D,AREA_C,AREA_D_TO_AREA_C,DA,CA,120_plus,high,unknown_or_oneway,Y,V,0,0.5614546253734901,21.642391444271922
126.0,174.7875168,7.222222222222222,2,2,0,0,0,0,0,0,0,2,1,193.91666666666666,22.0,38.547,4,1,SPECIAL EQUIPMENT,UPPER APEX,LANG_02,Round-Trip,google,MetaSearches,MetaSearches,Logged-Out,AREA_C,AREA_D,AREA_C_TO_AREA_D,CA,DA,120_plus,very_high,6_8,Y,O,0,0.5612258985887765,21.633574712901567
116.0,148.2847411,8.993055555555555,1,1,0,0,0,0,0,0,0,2,1,236.41666666666666,21.0,38.547,4,1,SPECIAL EQUIPMENT,UPPER APEX,LANG_09,Round-Trip,google,Direct,Direct,Logged-Out,AREA_C,AREA_D,AREA_C_TO_AREA_D,CA,DA,61_120,very_high,9_14,Y,O,0,0.5608177775630834,21.61784287172417
109.0,31.2007984,4.21875,2,2,0,0,0,0,0,1,0,2,1,105.16666666666667,17.0,42.83,3,1,SPECIAL EQUIPMENT,UPPER APEX,LANG_09,Round-Trip,google,Direct,Direct,Logged-In,AREA_C,AREA_C,AREA_C_TO_AREA_C,CA,CI,61_120,low,3_5,Y,O,0,0.50461247849869,21.61255245409889
14.0,432.7902972,2.513888888888889,6,6,0,0,0,0,0,1,0,2,1,62.333333333333336,15.0,85.66,5,1,SPECIAL EQUIPMENT,UPPER APEX,LANG_09,Round-Trip,google,Paid Search,Paid Search,Logged-In,AREA_C,AREA_B,AREA_C_TO_AREA_B,CA,BE,8_14,very_high,3_5,Y,S,0,0.25228294053304345,21.6105566860605
65.0,173.92063760000002,9.29513888888889,4,4,0,0,0,0,0,0,0,2,1,229.75,9.0,42.83,5,1,SPECIAL EQUIPMENT,UPPER APEX,LANG_09,Round-Trip,mozilla,Display,Paid Search,Logged-Out,AREA_C,AREA_B,AREA_C_TO_AREA_B,CA,BE,61_120,very_high,9_14,Y,O,0,0.5045638944164766,21.610471597857693
150.0,29.437915599999997,6.513888888888889,2,2,0,0,0,0,0,1,0,2,1,158.33333333333334,9.0,85.66,3,1,SPECIAL EQUIPMENT,UPPER APEX,LANG_09,Round-Trip,google,Direct,Direct,Logged-In,AREA_C,AREA_B,AREA_C_TO_AREA_B,CA,BE,120_plus,low,6_8,Y,O,0,0.2522748983548257,21.60986779307437
167.0,129.5016446,22.427083333333332,2,2,0,0,0,0,0,0,0,2,1,542.0833333333334,18.0,50.2841332,5,1,SPECIAL EQUIPMENT,UPPER APEX,LANG_09,Round-Trip,google,Paid Search,MetaSearches,Logged-Out,AREA_C,AREA_C,AREA_C_TO_AREA_C,CA,CE,120_plus,very_high,15_30,Y,O,0,0.4294487557284545,21.594458435623867
79.0,118.8905121,5.673611111111111,2,1,1,0,0,0,1,0,0,4,1,138.91666666666666,17.0,22.4463464,3,0,SPECIAL EQUIPMENT,NEW MERIDIAN,LANG_02,Round-Trip,google,Paid Search,Paid Search,Logged-Out,AREA_C,AREA_C,AREA_C_TO_AREA_C,CI,CE,61_120,very_high,6_8,C,F,0,0.9617844615572827,21.58854718625225
100.0,437.89392,15.270833333333334,4,4,0,0,0,0,0,1,0,2,1,381.0833333333333,20.0,42.4017,1,1,SPECIAL EQUIPMENT,UPPER APEX,LANG_09,Round-Trip,apple,Direct,Direct,Logged-In,AREA_C,AREA_B,AREA_C_TO_AREA_B,CA,BI,61_120,very_high,15_30,Y,O,0,0.5087179877538117,21.570507501340796
103.0,46.714681,3.0972222222222223,2,2,0,0,0,0,0,0,0,2,1,76.0,10.0,42.83,5,1,SPECIAL EQUIPMENT,UPPER APEX,LANG_09,Round-Trip,google,Paid Search,Paid Search,Logged-Out,AREA_C,AREA_C,AREA_C_TO_AREA_C,CA,CO,61_120,mid,3_5,Y,O,0,0.5035836743841309,21.568488773872325
11.0,33.200531100000006,4.690972222222222,1,1,0,0,0,0,0,0,0,4,1,114.66666666666667,13.0,23.9685246,6,0,SPECIAL EQUIPMENT,LOWER ZENITH,LANG_02,Round-Trip,apple,Direct,Direct,Logged-Out,AREA_C,AREA_B,AREA_C_TO_AREA_B,CE,BI,8_14,low,3_5,Y,K,0,0.8996520954083184,21.563333380235825
13.0,168.87569190000002,,2,2,0,0,0,0,0,1,0,2,1,17.916666666666668,11.0,38.547,2,1,SPECIAL EQUIPMENT,LOWER VERTEX,LANG_02,One-Way,apple,Direct,Direct,Logged-In,AREA_B,AREA_C,AREA_B_TO_AREA_C,BU,CA,8_14,very_high,unknown_or_oneway,Y,V,0,0.5591371017469479,21.553057861039598
43.0,54.77357380000001,22.23611111111111,2,2,0,0,0,0,0,0,0,2,1,535.25,11.0,42.83,2,1,SPECIAL EQUIPMENT,UPPER APEX,LANG_09,Round-Trip,google,Affiliate,Affiliate,Logged-Out,AREA_C,AREA_C,AREA_C_TO_AREA_C,CA,CO,31_60,high,15_30,Y,O,0,0.5030931788680533,21.54748085091872
107.0,125.2687557,56.263888888888886,2,2,0,0,0,0,0,1,0,4,1,1352.4166666666667,21.0,37.6424304,2,0,SPECIAL EQUIPMENT,LOWER ZENITH,LANG_02,Round-Trip,apple,Direct,Direct,Logged-In,AREA_C,AREA_B,AREA_C_TO_AREA_B,CE,BU,61_120,very_high,30_plus,Y,W,0,0.5722736423225573,21.54177075088136
19.0,96.020577,12.322916666666666,3,3,0,0,0,0,0,0,0,2,1,296.6666666666667,13.0,24.091875,6,1,SPECIAL EQUIPMENT,UPPER APEX,LANG_09,Round-Trip,google,Direct,Direct,Logged-Out,AREA_C,AREA_C,AREA_C_TO_AREA_C,CA,CE,15_30,high,9_14,Y,W,1,0.8941347449278664,21.541382507959042
70.0,208.9315928,16.875,2,2,0,0,0,0,0,0,0,2,1,410.0,11.0,81.377,2,1,SPECIAL EQUIPMENT,UPPER APEX,LANG_02,Round-Trip,google,Direct,Paid Search,Logged-Out,AREA_C,AREA_C,AREA_C_TO_AREA_C,CA,CA,61_120,very_high,15_30,Y,O,0,0.2646684361220696,21.537923326305656
19.0,36.8929054,8.32638888888889,1,1,0,0,0,0,0,0,1,4,1,201.91666666666666,16.0,23.4203006,6,0,SPECIAL EQUIPMENT,LOWER ZENITH,LANG_02,Round-Trip,apple,Direct,Direct,Logged-Out,AREA_C,AREA_B,AREA_C_TO_AREA_B,CE,BI,15_30,mid,9_14,Y,Q,0,0.9192617820312182,21.52938726526281
55.0,18.1359352,7.513888888888889,1,1,0,0,0,0,0,0,0,2,1,182.41666666666666,18.0,24.091875,6,1,SPECIAL EQUIPMENT,UPPER APEX,LANG_09,Round-Trip,apple,Organic Search,Paid Search,Logged-Out,AREA_C,AREA_C,AREA_C_TO_AREA_C,CA,CI,31_60,very_low,6_8,Y,O,1,0.8934981236888504,21.526045108646326
51.0,375.8152614,9.684027777777779,3,3,0,0,0,0,0,1,0,4,1,234.08333333333334,19.0,34.4378898,1,0,SPECIAL EQUIPMENT,CENTRAL HORIZON,LANG_02,Round-Trip,google,Paid Search,Organic Search,Logged-In,AREA_D,AREA_B,AREA_D_TO_AREA_B,DA,BU,31_60,very_high,9_14,Y,W,0,0.6250003620022443,21.523693591593396
11.0,120.8067263,8.989583333333334,2,2,0,0,0,0,0,0,0,4,1,217.83333333333334,15.0,37.6424304,1,0,SPECIAL EQUIPMENT,NORTH HORIZON,LANG_02,Round-Trip,google,Direct,Organic Search,Logged-Out,AREA_C,AREA_B,AREA_C_TO_AREA_B,CE,BU,8_14,very_high,9_14,Y,V,0,0.571780853900378,21.523220996997548
34.0,31.171674,7.288194444444445,2,2,0,0,0,0,0,0,0,2,1,176.83333333333334,12.0,85.66,3,1,SPECIAL EQUIPMENT,UPPER APEX,LANG_09,Round-Trip,apple,MetaSearches,MetaSearches,Logged-Out,AREA_C,AREA_B,AREA_C_TO_AREA_B,CA,BE,31_60,low,6_8,Y,W,0,0.2511785140187212,21.515951510843657
51.0,38.5962545,7.322916666666667,1,1,0,0,0,0,0,1,0,2,1,176.75,22.0,23.5565,6,1,SPECIAL EQUIPMENT,UPPER APEX,LANG_02,Round-Trip,google,Direct,Direct,Logged-In,AREA_C,AREA_C,AREA_C_TO_AREA_C,CA,CE,31_60,mid,6_8,Y,W,0,0.9118312118888787,21.479551942860372
26.0,185.993558,7.513888888888889,4,2,1,1,0,1,1,0,0,2,1,182.41666666666666,23.0,23.021125,6,1,SPECIAL EQUIPMENT,UPPER APEX,LANG_09,Round-Trip,google,Direct,Direct,Logged-Out,AREA_C,AREA_C,AREA_C_TO_AREA_C,CA,CI,15_30,very_high,6_8,Y,V,0,0.9322141396443209,21.460618235519366
123.0,105.1330878,2.3854166666666665,3,3,0,0,0,0,0,0,0,2,1,59.25,15.0,85.66,3,1,SPECIAL EQUIPMENT,UPPER APEX,LANG_09,Round-Trip,google,Organic Search,Paid Search,Logged-Out,AREA_C,AREA_B,AREA_C_TO_AREA_B,CA,BE,120_plus,very_high,3_5,Y,W,0,0.25041288234491943,21.4503675016658
52.0,118.891797,7.322916666666667,3,2,1,0,0,0,1,1,0,2,1,176.75,9.0,24.091875,2,1,SPECIAL EQUIPMENT,UPPER APEX,LANG_09,Round-Trip,google,Paid Search,Paid Search,Logged-In,AREA_C,AREA_C,AREA_C_TO_AREA_C,CA,CE,31_60,very_high,6_8,Y,W,0,0.8903479056374047,21.450150449128152
197.0,76.1071968,13.215277777777779,4,2,1,1,0,1,1,0,0,2,1,321.0833333333333,14.0,42.83,6,1,SPECIAL EQUIPMENT,UPPER APEX,LANG_09,Round-Trip,apple,Direct,Direct,Logged-Out,AREA_C,AREA_C,AREA_C_TO_AREA_C,CA,CI,120_plus,high,9_14,Y,O,0,0.5007487845182054,21.447070440914736
55.0,39.5950501,11.381944444444445,1,1,0,0,0,0,0,0,0,4,1,274.0833333333333,9.0,24.62725,4,0,SPECIAL EQUIPMENT,SOUTH MERIDIAN,LANG_02,Round-Trip,apple,Direct,Direct,Logged-Out,AREA_C,AREA_B,AREA_C_TO_AREA_B,CE,BI,31_60,mid,9_14,Y,W,0,0.8706283873645643,21.441182952723967
112.0,64.8223484,8.815972222222221,3,2,0,1,0,1,0,0,0,5,1,212.41666666666666,13.0,24.091875,2,0,SPECIAL EQUIPMENT,UPPER APEX,LANG_09,Round-Trip,google,Paid Search,Paid Search,Logged-Out,AREA_D,AREA_B,AREA_D_TO_AREA_B,DA,BI,61_120,high,9_14,Y,U,0,0.8898362153571511,21.437822870857566
11.0,51.464527999999994,,3,3,0,0,0,0,0,1,0,2,1,5.75,13.0,24.4396546,5,0,SPECIAL EQUIPMENT,LOWER ZENITH,LANG_02,One-Way,google,Paid Search,Organic Search,Logged-In,AREA_D,AREA_C,AREA_D_TO_AREA_C,DA,CE,8_14,mid,unknown_or_oneway,Y,W,0,0.8764657614568458,21.420520478731305
19.0,120.532186,2.1979166666666665,2,2,0,0,0,0,0,0,0,2,1,56.25,22.0,77.094,5,1,SPECIAL EQUIPMENT,UPPER APEX,LANG_02,Round-Trip,apple,Direct,Direct,Logged-Out,AREA_C,AREA_B,AREA_C_TO_AREA_B,CA,BA,15_30,very_high,3_5,Y,L,0,0.27775045623006817,21.412893672600873
93.0,160.432614,,2,2,0,0,0,0,0,0,0,2,1,312.3333333333333,1.0,38.547,4,0,SPECIAL EQUIPMENT,UPPER APEX,LANG_02,Multi-City,google,Paid Search,Organic Search,Logged-Out,AREA_B,AREA_B,AREA_B_TO_AREA_B,BE,BU,61_120,very_high,unknown_or_oneway,Y,U,0,0.5554636754398647,21.411458297180463
28.0,114.874343,5.225694444444445,5,2,3,0,0,0,1,0,0,2,1,130.5,23.0,42.83,3,1,SPECIAL EQUIPMENT,UPPER APEX,LANG_09,Round-Trip,google,Paid Search,Paid Search,Logged-Out,AREA_C,AREA_B,AREA_C_TO_AREA_B,CA,BO,15_30,very_high,6_8,Y,O,0,0.49990629264362346,21.410986513926392
24.0,28.4271276,3.7604166666666665,2,2,0,0,0,0,0,0,0,2,1,92.58333333333333,10.0,72.275625,6,1,SPECIAL EQUIPMENT,UPPER APEX,LANG_02,Round-Trip,google,MetaSearches,MetaSearches,Logged-Out,AREA_C,AREA_C,AREA_C_TO_AREA_C,CA,CU,15_30,low,3_5,Y,O,0,0.29608324700306315,21.399601729175767
148.0,152.6988009,13.51736111111111,3,2,0,1,0,1,0,0,0,2,1,326.5,18.0,43.2583,6,1,SPECIAL EQUIPMENT,UPPER APEX,LANG_09,Round-Trip,microsoft,Partners,Partners,Logged-Out,AREA_C,AREA_B,AREA_C_TO_AREA_B,CA,BI,120_plus,very_high,9_14,Y,W,0,0.49466405817199477,21.3983262276216
41.0,25.042701,7.701388888888889,1,1,0,0,0,0,0,0,0,4,1,186.91666666666666,21.0,23.4203006,4,0,SPECIAL EQUIPMENT,LOWER ZENITH,LANG_02,Round-Trip,google,Direct,Direct,Logged-Out,AREA_C,AREA_B,AREA_C_TO_AREA_B,CE,BI,31_60,low,6_8,Y,O,0,0.9134956741968506,21.394343286489907
65.0,252.7886562,14.4375,3,2,0,1,0,1,0,0,0,2,1,350.25,21.0,42.83,2,1,SPECIAL EQUIPMENT,UPPER APEX,LANG_09,Round-Trip,google,Paid Search,Paid Search,Logged-Out,AREA_C,AREA_C,AREA_C_TO_AREA_C,CA,CE,61_120,very_high,15_30,Y,O,0,0.4992975139174466,21.384912521084235
,109.9506062,6.517361111111111,2,1,1,0,0,0,1,0,0,2,1,158.5,21.0,21.415,3,1,SPECIAL EQUIPMENT,UPPER APEX,LANG_09,Round-Trip,google,Direct,Direct,Logged-Out,AREA_C,AREA_B,AREA_C_TO_AREA_B,CA,BI,MISSING,very_high,6_8,Y,W,1,0.9983623639447957,21.3799300238778
174.0,30.6594272,7.951388888888889,1,1,0,0,0,0,0,0,0,2,1,192.41666666666666,19.0,24.091875,3,1,SPECIAL EQUIPMENT,UPPER APEX,LANG_09,Round-Trip,google,Paid Search,Paid Search,Logged-Out,AREA_C,AREA_B,AREA_C_TO_AREA_B,CA,BI,120_plus,low,6_8,Y,U,0,0.8872072640914198,21.374486505582475
20.0,121.333107,5.982638888888889,1,1,0,0,0,0,0,0,0,2,1,164.16666666666666,11.0,38.547,4,1,SPECIAL EQUIPMENT,UPPER APEX,LANG_09,Round-Trip,microsoft,Direct,Direct,Logged-Out,AREA_C,AREA_D,AREA_C_TO_AREA_D,CA,DA,15_30,very_high,6_8,Y,L,0,0.5544484067367916,21.372322734483106
145.0,26.8184328,5.090277777777778,1,1,0,0,0,0,0,0,0,2,1,123.66666666666667,23.0,24.091875,5,1,SPECIAL EQUIPMENT,UPPER APEX,LANG_02,Round-Trip,google,Direct,Direct,Logged-Out,AREA_C,AREA_B,AREA_C_TO_AREA_B,CA,BI,120_plus,low,6_8,Y,U,0,0.8866724957572439,21.361602933721553
,182.8648265,7.506944444444445,5,3,2,0,0,0,1,0,0,2,1,182.16666666666666,19.0,21.415,6,1,SPECIAL EQUIPMENT,UPPER APEX,LANG_09,Round-Trip,apple,MetaSearches,MetaSearches,Logged-Out,AREA_C,AREA_C,AREA_C_TO_AREA_C,CA,CU,MISSING,very_high,6_8,Y,O,1,0.9974332161374444,21.360032323583372
54.0,194.9034829,,2,2,0,0,0,0,0,0,0,1,0,9.083333333333334,20.0,42.83,3,1,SPECIAL EQUIPMENT,UPPER APEX,LANG_09,Round-Trip,apple,Direct,MetaSearches,Logged-Out,AREA_C,AREA_C,AREA_C_TO_AREA_C,CA,CE,31_60,very_high,unknown_or_oneway,Y,W,0,0.49869461247709873,21.35909025239414
13.0,30.0478148,10.73611111111111,1,1,0,0,0,0,0,0,0,4,1,258.75,18.0,24.0357677,3,0,SPECIAL EQUIPMENT,WEST VERTEX,LANG_02,Round-Trip,google,Direct,Paid Search,Logged-Out,AREA_C,AREA_C,AREA_C_TO_AREA_C,CI,CU,8_14,low,9_14,Y,V,0,0.8881646820594817,21.34771997732606
63.0,343.79512509999995,11.684027777777779,2,2,0,0,0,0,0,0,0,4,1,282.0,19.0,34.4378898,5,0,SPECIAL EQUIPMENT,CENTRAL HORIZON,LANG_02,Round-Trip,apple,Paid Search,Paid Search,Logged-Out,AREA_D,AREA_B,AREA_D_TO_AREA_B,DA,BU,61_120,very_high,9_14,Y,Q,0,0.6198138672345203,21.34508165633424
33.0,109.8726556,3.1979166666666665,2,2,0,0,0,0,0,0,0,2,1,80.25,14.0,77.094,4,1,SPECIAL EQUIPMENT,UPPER APEX,LANG_09,Round-Trip,google,Paid Search,Paid Search,Logged-Out,AREA_C,AREA_B,AREA_C_TO_AREA_B,CA,BA,31_60,very_high,3_5,Y,L,0,0.2767994058070916,21.339573391291918
70.0,97.1435796,12.98263888888889,1,1,0,0,0,0,0,0,0,2,1,332.1666666666667,22.0,38.547,2,1,SPECIAL EQUIPMENT,UPPER APEX,LANG_09,Round-Trip,apple,Direct,Direct,Logged-Out,AREA_C,AREA_D,AREA_C_TO_AREA_D,CA,DA,61_120,high,9_14,Y,U,0,0.5534504707619369,21.333855296460378
2.0,71.4066043,5.361111111111111,1,1,0,0,0,0,0,0,0,4,1,131.33333333333334,18.0,24.0357677,4,0,SPECIAL EQUIPMENT,NEW MERIDIAN,LANG_02,Round-Trip,apple,Direct,Direct,Logged-Out,AREA_C,AREA_C,AREA_C_TO_AREA_C,CI,CU,0_3,high,6_8,Y,B,0,0.8875495512278185,21.332934835551097
4.0,43.7521299,5.072916666666667,1,1,0,0,0,0,0,0,0,4,1,124.08333333333333,22.0,24.4867676,4,0,SPECIAL EQUIPMENT,OLD ZENITH,LANG_02,Round-Trip,google,Paid Search,Paid Search,Logged-Out,AREA_B,AREA_B,AREA_B_TO_AREA_B,BU,BI,4_7,mid,6_8,Y,V,0,0.8711469193164622,21.33157215875816
,129.415128,14.20486111111111,4,2,0,2,0,1,0,0,0,2,1,342.75,23.0,21.415,6,1,SPECIAL EQUIPMENT,UPPER APEX,LANG_09,Round-Trip,mozilla,Paid MetaSearches,Paid MetaSearches,Logged-Out,AREA_C,AREA_C,AREA_C_TO_AREA_C,CA,CI,MISSING,very_high,15_30,Y,V,1,0.9960359135906167,21.330109089543058
20.0,92.0078343,7.128472222222222,1,1,0,0,0,0,0,0,0,4,1,173.16666666666666,19.0,37.6424304,5,0,SPECIAL EQUIPMENT,LOWER ZENITH,LANG_02,Round-Trip,microsoft,Direct,Paid Search,Logged-Out,AREA_C,AREA_B,AREA_C_TO_AREA_B,CE,BU,15_30,high,6_8,Y,V,0,0.5665482837852045,21.32625434062401
63.0,42.9512089,4.263888888888889,1,1,0,0,0,0,0,0,0,4,1,104.16666666666667,10.0,23.3971724,6,0,SPECIAL EQUIPMENT,SOUTH VERTEX,LANG_02,Round-Trip,google,MetaSearches,MetaSearches,Logged-Out,AREA_C,AREA_B,AREA_C_TO_AREA_B,CU,BO,61_120,mid,3_5,Y,W,0,0.9113328824499176,21.322612564469654
169.0,143.25778400000002,0.9791666666666666,4,4,0,0,0,0,0,0,0,2,1,25.083333333333332,14.0,44.4892342,5,1,SPECIAL EQUIPMENT,UPPER APEX,LANG_09,Round-Trip,google,Paid Search,Paid Search,Logged-Out,AREA_C,AREA_D,AREA_C_TO_AREA_D,CA,DA,120_plus,very_high,1_2,Y,L,0,0.4792159867226755,21.3199522656892
48.0,185.4127832,7.319444444444445,2,2,0,0,0,0,0,0,0,3,1,177.25,14.0,24.62725,2,1,SPECIAL EQUIPMENT,UPPER APEX,LANG_09,Round-Trip,apple,Direct,Direct,Logged-Out,AREA_C,AREA_D,AREA_C_TO_AREA_D,CA,DA,31_60,very_high,6_8,Y,V,0,0.8656876349954086,21.319505808940676
196.0,262.924804,7.222222222222222,2,2,0,0,0,0,0,1,0,2,1,193.91666666666666,20.0,38.547,4,1,SPECIAL EQUIPMENT,UPPER APEX,LANG_09,Round-Trip,google,Organic Search,Organic Search,Logged-In,AREA_C,AREA_D,AREA_C_TO_AREA_D,CA,DA,120_plus,very_high,6_8,Y,L,0,0.5530571355598518,21.318693404425606
24.0,195.9224086,3.170138888888889,3,2,0,1,0,1,0,1,1,2,1,79.08333333333333,11.0,44.9715,2,1,SPECIAL EQUIPMENT,UPPER APEX,LANG_09,Round-Trip,google,Direct,Paid Search,Logged-In,AREA_C,AREA_B,AREA_C_TO_AREA_B,CA,BO,15_30,very_high,3_5,Y,K,0,0.47402644143004347,21.3176801107712
106.0,42.9105204,5.690972222222222,1,1,0,0,0,0,0,0,0,4,1,138.66666666666666,9.0,21.873281,3,0,SPECIAL EQUIPMENT,LOWER ZENITH,LANG_02,Round-Trip,google,Paid Search,Paid Search,Logged-Out,AREA_C,AREA_B,AREA_C_TO_AREA_B,CE,BI,61_120,mid,6_8,Y,L,0,0.9743409819792775,21.312034088648673
58.0,104.0088003,,1,1,0,0,0,0,0,0,0,3,1,798.0833333333334,9.0,41.438025,2,1,SPECIAL EQUIPMENT,WEST APEX,LANG_02,Multi-City,apple,Direct,Direct,Logged-Out,AREA_C,AREA_C,AREA_C_TO_AREA_C,CA,CA,31_60,very_high,unknown_or_oneway,Y,V,0,0.5142967724597931,21.31144251460822
34.0,200.0092472,4.4375,2,2,0,0,0,0,0,0,0,2,1,110.66666666666667,21.0,42.83,4,1,SPECIAL EQUIPMENT,UPPER APEX,LANG_09,Round-Trip,google,Paid Search,Paid Search,Logged-Out,AREA_C,AREA_C,AREA_C_TO_AREA_C,CA,CE,31_60,very_high,3_5,Y,O,0,0.4973873106982015,21.30309851720397
9.0,141.8975032,4.989583333333333,1,1,0,0,0,0,0,0,0,4,1,121.83333333333333,18.0,37.6424304,5,0,SPECIAL EQUIPMENT,LOWER ZENITH,LANG_02,Round-Trip,google,Organic Search,Organic Search,Logged-Out,AREA_C,AREA_B,AREA_C_TO_AREA_B,CE,BU,8_14,very_high,3_5,Y,H,0,0.5658891626516868,21.3014434192304
49.0,70.3277166,6.517361111111111,3,3,0,0,0,0,0,0,0,2,1,158.41666666666666,18.0,24.62725,3,1,SPECIAL EQUIPMENT,UPPER APEX,LANG_09,Round-Trip,google,Paid Search,Paid Search,Logged-Out,AREA_C,AREA_B,AREA_C_TO_AREA_B,CA,BI,31_60,high,6_8,Y,L,0,0.8649010392379958,21.300134118573933
62.0,124.1191985,12.072916666666666,1,1,0,0,0,0,0,1,1,4,1,291.8333333333333,21.0,37.6424304,2,0,SPECIAL EQUIPMENT,LOWER ZENITH,LANG_02,Round-Trip,apple,Direct,Direct,Logged-In,AREA_C,AREA_B,AREA_C_TO_AREA_B,CE,BU,61_120,very_high,9_14,Y,T,0,0.5658104126410328,21.29847907743536
11.0,34.309399799999994,,2,2,0,0,0,0,0,0,0,2,1,5.75,10.0,24.4396546,5,0,SPECIAL EQUIPMENT,OLD ZENITH,LANG_02,One-Way,google,Direct,Organic Search,Logged-Out,AREA_D,AREA_C,AREA_D_TO_AREA_C,DA,CE,8_14,mid,unknown_or_oneway,Y,W,0,0.8713228625863465,21.29482980669357
85.0,74.6406976,1.125,1,1,0,0,0,0,0,0,0,7,1,30.75,9.0,34.5055612,2,0,SPECIAL EQUIPMENT,OLD ZENITH,LANG_02,Round-Trip,google,MetaSearches,MetaSearches,Logged-Out,AREA_B,AREA_B,AREA_B_TO_AREA_B,BU,BU,61_120,high,1_2,Y,S,0,0.6167532512910532,21.281417057722415
,31.6346663,4.392361111111111,1,1,0,0,0,0,0,0,0,4,1,108.16666666666667,21.0,21.3242004,6,0,SPECIAL EQUIPMENT,NEW MERIDIAN,LANG_02,Round-Trip,google,Paid Search,Paid Search,Logged-Out,AREA_C,AREA_C,AREA_C_TO_AREA_C,CI,CI,MISSING,low,3_5,Y,U,1,0.9977323833479497,21.2758452880813
5.0,1002.5406552,6.010416666666667,2,2,0,0,0,0,0,0,0,2,1,150.91666666666666,19.0,42.4017,1,1,SPECIAL EQUIPMENT,UPPER APEX,LANG_09,Round-Trip,google,Email,Email,Logged-Out,AREA_C,AREA_B,AREA_C_TO_AREA_B,CA,BU,4_7,very_high,6_8,C,I,0,0.5016948741478,21.27271554515277
76.0,41.0731134,7.190972222222222,1,1,0,0,0,0,0,0,0,2,1,177.66666666666666,13.0,42.83,2,1,SPECIAL EQUIPMENT,UPPER APEX,LANG_09,Round-Trip,google,Paid Search,Paid Search,Logged-Out,AREA_C,AREA_B,AREA_C_TO_AREA_B,CA,BI,61_120,mid,6_8,Y,L,0,0.4965900687195644,21.26895264325894
12.0,111.6124102,,1,1,0,0,0,0,0,0,0,1,0,20.583333333333332,10.0,38.547,3,1,SPECIAL EQUIPMENT,LOWER VERTEX,LANG_02,One-Way,apple,Direct,Direct,Logged-Out,AREA_D,AREA_C,AREA_D_TO_AREA_C,DA,CA,8_14,very_high,unknown_or_oneway,Y,S,0,0.5517549780239024,21.268499137887364
206.0,210.7471565,10.239583333333334,3,2,1,0,0,0,1,1,0,4,1,247.83333333333334,20.0,37.6424304,4,0,SPECIAL EQUIPMENT,LOWER ZENITH,LANG_02,Round-Trip,apple,Direct,Direct,Logged-In,AREA_C,AREA_B,AREA_C_TO_AREA_B,CE,BU,120_plus,very_high,9_14,Y,L,0,0.5648632942976359,21.262827241113477
103.0,224.8729188,8.23611111111111,2,2,0,0,0,0,0,0,0,2,1,212.08333333333334,9.0,38.547,1,1,SPECIAL EQUIPMENT,UPPER APEX,LANG_09,Round-Trip,google,Organic Search,Organic Search,Logged-Out,AREA_C,AREA_B,AREA_C_TO_AREA_B,CA,BI,61_120,very_high,9_14,Y,L,0,0.5515317194480048,21.25989318956224
,71.5552244,6.777777777777778,2,2,0,0,0,0,0,0,0,2,1,165.83333333333334,17.0,21.415,4,1,SPECIAL EQUIPMENT,UPPER APEX,LANG_09,Round-Trip,apple,Direct,Direct,Logged-Out,AREA_C,AREA_B,AREA_C_TO_AREA_B,CA,BU,MISSING,high,6_8,Y,U,1,0.9927162703678213,21.259018929926892
31.0,108.4759693,3.3784722222222223,4,4,0,0,0,0,0,1,0,4,1,83.83333333333333,14.0,23.9638133,5,0,SPECIAL EQUIPMENT,NEW MERIDIAN,LANG_02,Round-Trip,google,Direct,Direct,Logged-In,AREA_C,AREA_C,AREA_C_TO_AREA_C,CI,CI,31_60,very_high,3_5,Y,W,0,0.8869830901315767,21.255497172170177
20.0,66.76597380000001,4.097222222222222,2,2,0,0,0,0,0,0,0,2,1,100.0,20.0,42.83,5,1,SPECIAL EQUIPMENT,UPPER APEX,LANG_02,Round-Trip,google,Paid Search,MetaSearches,Logged-Out,AREA_C,AREA_C,AREA_C_TO_AREA_C,CA,CO,15_30,high,3_5,Y,V,0,0.49623948694472314,21.253937225842492
,54.252761,4.010416666666667,2,2,0,0,0,0,0,0,0,4,1,99.08333333333333,20.0,21.3439022,6,0,SPECIAL EQUIPMENT,NEW APEX,LANG_02,Round-Trip,apple,Organic Search,Organic Search,Logged-Out,AREA_C,AREA_B,AREA_C_TO_AREA_B,CU,BI,MISSING,high,3_5,Y,W,1,0.9955205683923375,21.24829364985446
16.0,124.7102525,11.902777777777779,1,1,0,0,0,0,0,0,0,4,1,287.25,13.0,21.8767074,6,0,SPECIAL EQUIPMENT,UPPER MERIDIAN,LANG_01,Round-Trip,google,Paid Search,Paid Search,Logged-Out,AREA_D,AREA_C,AREA_D_TO_AREA_C,DA,CE,15_30,very_high,9_14,Y,Q,0,0.9708936632774507,21.239956588034914
171.0,300.9184404,11.0,2,2,0,0,0,0,0,1,0,2,1,271.25,19.0,42.4017,2,1,SPECIAL EQUIPMENT,UPPER APEX,LANG_09,Round-Trip,google,Direct,Direct,Logged-In,AREA_C,AREA_B,AREA_C_TO_AREA_B,CA,BU,120_plus,very_high,9_14,Y,W,0,0.5009200608669993,21.23986214486424
34.0,101.2976613,,1,1,0,0,0,0,0,1,0,1,0,20.583333333333332,11.0,38.547,3,1,SPECIAL EQUIPMENT,UPPER APEX,LANG_09,One-Way,apple,Direct,Direct,Logged-In,AREA_D,AREA_C,AREA_D_TO_AREA_C,DA,CA,31_60,high,unknown_or_oneway,Y,V,0,0.5509290936876677,21.236663774378528
118.0,78.9609597,10.319444444444445,1,1,0,0,0,0,0,1,0,2,1,263.8333333333333,16.0,38.547,2,1,SPECIAL EQUIPMENT,UPPER APEX,LANG_09,Round-Trip,google,Email,Email,Logged-In,AREA_C,AREA_B,AREA_C_TO_AREA_B,CA,BO,61_120,high,9_14,Y,U,0,0.5503339997880511,21.213724689830002
67.0,178.36510669999998,23.90972222222222,1,1,0,0,0,0,0,0,0,4,1,575.25,20.0,38.3945252,5,0,SPECIAL EQUIPMENT,UPPER MERIDIAN,LANG_01,Round-Trip,google,MetaSearches,MetaSearches,Logged-Out,AREA_B,AREA_B,AREA_B_TO_AREA_B,BO,BU,61_120,very_high,15_30,Y,S,0,0.5524920188053083,21.212668738819282
51.0,141.6953456,9.51736111111111,4,2,0,2,0,1,0,0,0,2,1,230.58333333333334,14.0,23.5565,6,1,SPECIAL EQUIPMENT,UPPER APEX,LANG_02,Round-Trip,google,Paid Search,Organic Search,Logged-Out,AREA_C,AREA_B,AREA_C_TO_AREA_B,CA,BI,31_60,very_high,9_14,Y,W,0,0.9003821776353158,21.209852767466316
69.0,122.3109159,4.263888888888889,5,5,0,0,0,0,0,0,0,4,1,104.41666666666667,15.0,24.0516148,5,0,SPECIAL EQUIPMENT,LOWER ZENITH,LANG_02,Round-Trip,mozilla,Direct,MetaSearches,Logged-Out,AREA_C,AREA_B,AREA_C_TO_AREA_B,CE,BO,61_120,very_high,3_5,Y,U,0,0.8817439294149589,21.20736534252698
153.0,113.9997544,6.885416666666667,2,1,1,0,0,0,1,0,0,5,1,166.83333333333334,12.0,21.9285317,4,0,SPECIAL EQUIPMENT,NEW MERIDIAN,LANG_02,Round-Trip,google,Paid Search,Paid Search,Logged-Out,AREA_C,AREA_D,AREA_C_TO_AREA_D,CI,DA,120_plus,very_high,6_8,Y,V,1,0.9668699967067006,21.20203937256178
28.0,42.8569829,6.329861111111111,1,1,0,0,0,0,0,0,0,4,1,154.0,13.0,23.1778828,3,0,SPECIAL EQUIPMENT,GREAT MERIDIAN,LANG_02,Round-Trip,samsung,Paid Search,Paid Search,Logged-Out,AREA_C,AREA_B,AREA_C_TO_AREA_B,CE,BI,15_30,mid,6_8,Y,W,0,0.9146772970354065,21.200283190507438
1.0,169.9485834,3.045138888888889,3,2,0,1,0,1,0,0,0,2,1,74.58333333333333,9.0,42.83,5,1,SPECIAL EQUIPMENT,UPPER APEX,LANG_09,Round-Trip,microsoft,Direct,Paid Search,Logged-Out,AREA_C,AREA_B,AREA_C_TO_AREA_B,CA,BI,0_3,very_high,3_5,Y,V,0,0.4949202003498603,21.197432180984514
111.0,21.1473125,,2,2,0,0,0,0,0,1,0,2,1,4.916666666666667,9.0,32.1225,4,0,SPECIAL EQUIPMENT,NEW AURORA,LANG_04,One-Way,google,Paid Search,Paid Search,Logged-In,AREA_B,AREA_C,AREA_B_TO_AREA_C,BE,CU,61_120,very_low,unknown_or_oneway,Y,U,0,0.6598766744270078,21.19688847428156
48.0,29.4186421,6.524305555555555,1,1,0,0,0,0,0,0,0,4,1,158.33333333333334,10.0,25.1086592,4,0,SPECIAL EQUIPMENT,SOUTH VERTEX,LANG_02,Round-Trip,microsoft,Paid Search,Paid Search,Logged-Out,AREA_B,AREA_B,AREA_B_TO_AREA_B,BA,BO,31_60,low,6_8,Y,O,0,0.8441746421267997,21.19609339444378
24.0,99.5904575,4.291666666666667,2,2,0,0,0,0,0,0,0,2,1,105.08333333333333,15.0,42.83,5,1,SPECIAL EQUIPMENT,UPPER VERTEX,LANG_02,Round-Trip,apple,Organic Search,Organic Search,Logged-Out,AREA_C,AREA_C,AREA_C_TO_AREA_C,CA,CO,15_30,high,3_5,Y,S,0,0.49474332902875684,21.189856782301653
,50.5959356,28.270833333333332,1,1,0,0,0,0,0,0,0,4,1,679.75,17.0,21.3242004,5,0,SPECIAL EQUIPMENT,EAST VERTEX,LANG_02,Round-Trip,apple,Direct,Direct,Logged-Out,AREA_B,AREA_B,AREA_B_TO_AREA_B,BI,BI,MISSING,mid,15_30,Y,V,1,0.993635906533285,21.18849119555144
94.0,34.6554662,7.128472222222222,1,1,0,0,0,0,0,0,0,2,1,173.33333333333334,9.0,23.021125,2,1,SPECIAL EQUIPMENT,UPPER APEX,LANG_09,Round-Trip,google,Email,Paid Search,Logged-Out,AREA_C,AREA_C,AREA_C_TO_AREA_C,CA,CI,61_120,mid,6_8,Y,L,0,0.9203444195750622,21.187363926089954
44.0,315.2870488,6.847222222222222,4,2,0,2,0,1,0,0,0,2,1,166.5,9.0,23.021125,3,1,SPECIAL EQUIPMENT,UPPER APEX,LANG_09,Round-Trip,apple,MetaSearches,MetaSearches,Logged-Out,AREA_C,AREA_B,AREA_C_TO_AREA_B,CA,BI,31_60,very_high,6_8,Y,K,0,0.9202829049819805,21.185947790953296
71.0,215.486296,6.236111111111111,4,3,0,1,0,1,0,1,0,2,1,151.25,18.0,24.091875,3,1,SPECIAL EQUIPMENT,UPPER APEX,LANG_09,Round-Trip,google,Direct,Direct,Logged-In,AREA_C,AREA_B,AREA_C_TO_AREA_B,CA,BI,61_120,very_high,6_8,Y,W,0,0.8791784003416867,21.181056123731874
83.0,153.4864446,4.194444444444445,3,3,0,0,0,0,0,1,1,2,1,105.5,10.0,38.547,5,1,SPECIAL EQUIPMENT,UPPER APEX,LANG_09,Round-Trip,apple,Direct,Direct,Logged-In,AREA_C,AREA_B,AREA_C_TO_AREA_B,CA,BI,61_120,very_high,3_5,Y,T,0,0.5494797712440486,21.180796742144338
176.0,123.59067629999998,,1,1,0,0,0,0,0,1,1,2,1,-412.0833333333333,22.0,32.3683442,1,1,SPECIAL EQUIPMENT,NORTH MERIDIAN,LANG_02,Round-Trip,google,Organic Search,Paid MetaSearches,Logged-In,AREA_B,AREA_C,AREA_B_TO_AREA_C,BI,CA,120_plus,very_high,unknown_or_oneway,Y,U,0,0.6543258821840833,21.179445373503057
35.0,26.7092163,11.385416666666666,1,1,0,0,0,0,0,1,0,4,1,276.0833333333333,15.0,25.046984,3,0,SPECIAL EQUIPMENT,NEW APEX,LANG_02,Round-Trip,google,Paid Search,Organic Search,Logged-In,AREA_C,AREA_B,AREA_C_TO_AREA_B,CU,BI,31_60,low,9_14,Y,V,0,0.8455745077163997,21.17909116558054
111.0,44.2198335,6.392361111111111,1,1,0,0,0,0,0,1,0,2,1,154.0,17.0,23.021125,3,1,SPECIAL EQUIPMENT,UPPER APEX,LANG_09,Round-Trip,google,Direct,Direct,Logged-In,AREA_C,AREA_B,AREA_C_TO_AREA_B,CA,BI,61_120,mid,6_8,Y,U,0,0.9198258370190653,21.17542557224553
0.0,262.3727253,,1,1,0,0,0,0,0,1,1,1,0,20.583333333333332,5.0,38.547,3,1,SPECIAL EQUIPMENT,UPPER APEX,LANG_09,One-Way,google,Direct,Email,Logged-In,AREA_D,AREA_C,AREA_D_TO_AREA_C,DA,CA,invalid_or_past,very_high,unknown_or_oneway,Y,B,0,0.5492460138719524,21.171786096722148
8.0,58.364441,6.329861111111111,1,1,0,0,0,0,0,0,0,4,1,154.0,14.0,23.1778828,3,0,SPECIAL EQUIPMENT,LOWER ZENITH,LANG_02,Round-Trip,microsoft,MetaSearches,MetaSearches,Logged-Out,AREA_C,AREA_B,AREA_C_TO_AREA_B,CE,BI,8_14,high,6_8,Y,S,0,0.9133574014695072,21.169690805772785
132.0,170.095062,7.673611111111111,4,1,2,1,0,1,1,0,0,4,1,186.91666666666666,12.0,21.7901908,2,0,SPECIAL EQUIPMENT,NEW MERIDIAN,LANG_02,Round-Trip,google,Paid Search,Paid Search,Logged-Out,AREA_C,AREA_C,AREA_C_TO_AREA_C,CI,CE,120_plus,very_high,6_8,Y,W,0,0.9713278605412355,21.165419410549315
84.0,84.6731968,9.11111111111111,2,1,0,1,0,1,0,0,0,2,1,220.5,8.0,24.62725,2,1,SPECIAL EQUIPMENT,UPPER APEX,LANG_09,Round-Trip,apple,Direct,Direct,Logged-Out,AREA_C,AREA_C,AREA_C_TO_AREA_C,CA,CU,61_120,high,9_14,Y,W,0,0.8594180611042646,21.16510344533
153.0,260.1177258,12.065972222222221,4,3,1,0,0,0,1,0,0,2,1,294.5833333333333,21.0,81.377,2,1,SPECIAL EQUIPMENT,UPPER APEX,LANG_09,Round-Trip,google,Organic Search,Organic Search,Logged-Out,AREA_C,AREA_C,AREA_C_TO_AREA_C,CA,CA,120_plus,very_high,9_14,Y,O,0,0.2600708871595169,21.163788584380004
55.0,121.016165,9.875,1,1,0,0,0,0,0,0,0,2,1,242.0,20.0,81.377,2,1,SPECIAL EQUIPMENT,UPPER APEX,LANG_09,Round-Trip,google,Direct,Direct,Logged-Out,AREA_C,AREA_C,AREA_C_TO_AREA_C,CA,CA,31_60,very_high,9_14,Y,L,0,0.2600413134397532,21.16138196378679
79.0,193.8434404,8.322916666666666,6,5,0,1,0,1,0,0,0,2,1,200.75,15.0,24.091875,2,1,SPECIAL EQUIPMENT,UPPER APEX,LANG_09,Round-Trip,apple,Paid Search,Paid Search,Logged-Out,AREA_C,AREA_C,AREA_C_TO_AREA_C,CA,CE,61_120,very_high,9_14,Y,U,1,0.8779456132591182,21.15135597143702
192.0,35.503500200000005,3.2534722222222223,1,1,0,0,0,0,0,0,0,2,1,80.5,11.0,37.6424304,4,1,SPECIAL EQUIPMENT,NORTH HORIZON,LANG_02,Round-Trip,google,Paid Search,Paid Search,Logged-Out,AREA_B,AREA_C,AREA_B_TO_AREA_C,BI,CA,120_plus,mid,3_5,Y,W,0,0.5618284394665511,21.148587929360264
3.0,138.35803199999998,181.06597222222223,1,1,0,0,0,0,0,0,0,5,1,4347.916666666667,17.0,34.5055612,1,0,SPECIAL EQUIPMENT,OLD ZENITH,LANG_02,Round-Trip,opera,Paid Search,Paid Search,Logged-Out,AREA_B,AREA_B,AREA_B_TO_AREA_B,BU,BU,0_3,very_high,30_plus,Y,K,1,0.6122875937568674,21.127327038378326
59.0,99.7707718,190.11111111111111,1,1,0,0,0,0,0,0,0,4,1,4564.0,13.0,33.5992784,3,0,SPECIAL EQUIPMENT,NORTH MERIDIAN,LANG_02,Round-Trip,google,Paid Search,Paid Search,Logged-Out,AREA_C,AREA_B,AREA_C_TO_AREA_B,CI,BI,31_60,high,30_plus,Y,T,0,0.6285576549473103,21.119083639025817
225.0,102.3958225,10.222222222222221,1,1,0,0,0,0,0,1,0,2,1,265.9166666666667,16.0,38.547,4,1,SPECIAL EQUIPMENT,UPPER APEX,LANG_09,Round-Trip,apple,Direct,Direct,Logged-In,AREA_C,AREA_D,AREA_C_TO_AREA_D,CA,DA,120_plus,very_high,9_14,Y,U,0,0.5477936377090143,21.115801352769374
40.0,73.74640720000001,41.333333333333336,2,2,0,0,0,0,0,1,0,4,1,992.9166666666666,12.0,40.6885,4,0,SPECIAL EQUIPMENT,UPPER APEX,LANG_02,Round-Trip,google,Direct,Direct,Logged-In,AREA_C,AREA_B,AREA_C_TO_AREA_B,CE,BU,31_60,high,30_plus,Y,O,0,0.5187566285441113,21.107429080517072
106.0,78.4508544,7.111111111111111,2,2,0,0,0,0,0,1,0,2,1,172.5,10.0,24.62725,2,1,SPECIAL EQUIPMENT,UPPER APEX,LANG_09,Round-Trip,apple,Direct,Direct,Logged-In,AREA_C,AREA_C,AREA_C_TO_AREA_C,CA,CU,61_120,high,6_8,Y,V,0,0.8570276503066988,21.10623420101565
137.0,174.1476366,13.666666666666666,1,1,0,0,0,0,0,1,0,4,1,331.0833333333333,,38.0253306,1,0,SPECIAL EQUIPMENT,OLD AURORA,LANG_02,Round-Trip,google,Paid Search,Paid Search,Logged-In,AREA_B,AREA_B,AREA_B_TO_AREA_B,BO,BU,120_plus,very_high,9_14,Y,Y,0,0.5550194730840297,21.104798953458026
28.0,53.5404981,8.322916666666666,1,1,0,0,0,0,0,0,0,2,1,200.66666666666666,18.0,23.5565,6,1,SPECIAL EQUIPMENT,UPPER APEX,LANG_09,Round-Trip,google,Direct,Direct,Logged-Out,AREA_C,AREA_C,AREA_C_TO_AREA_C,CA,CE,15_30,mid,9_14,Y,V,0,0.8957557979980898,21.100871455542002
93.0,102.7782944,5.993055555555555,1,1,0,0,0,0,0,1,0,2,1,164.41666666666666,18.0,38.547,4,1,SPECIAL EQUIPMENT,LOWER VERTEX,LANG_02,Round-Trip,google,Paid Search,Organic Search,Logged-In,AREA_C,AREA_D,AREA_C_TO_AREA_D,CA,DA,61_120,very_high,6_8,Y,U,0,0.5471839996080888,21.092301632892998
20.0,305.4010282,10.583333333333334,2,2,0,0,0,0,0,0,0,2,1,258.0,20.0,38.547,1,1,SPECIAL EQUIPMENT,UPPER APEX,LANG_09,Round-Trip,apple,Direct,Paid Search,Logged-Out,AREA_C,AREA_B,AREA_C_TO_AREA_B,CA,BO,15_30,very_high,9_14,P,J,0,0.5470364063226508,21.086612354519218
99.0,26.836421400000003,7.739583333333333,1,1,0,0,0,0,0,0,0,2,1,187.91666666666666,20.0,42.83,2,1,SPECIAL EQUIPMENT,UPPER APEX,LANG_09,Round-Trip,google,Direct,Paid Search,Logged-Out,AREA_C,AREA_B,AREA_C_TO_AREA_B,CA,BI,61_120,low,6_8,Y,U,0,0.49232266076265424,21.08617956046448
27.0,137.2804292,4.236111111111111,4,3,0,1,0,1,0,0,0,2,1,102.25,17.0,42.83,5,1,SPECIAL EQUIPMENT,UPPER APEX,LANG_02,Round-Trip,opera,Paid Search,Paid Search,Logged-Out,AREA_C,AREA_B,AREA_C_TO_AREA_B,CA,BI,15_30,very_high,3_5,Y,O,0,0.4923071710095802,21.08551613434032
35.0,26.738769,7.725694444444445,1,1,0,0,0,0,0,1,0,2,1,187.33333333333334,10.0,24.62725,2,1,SPECIAL EQUIPMENT,UPPER APEX,LANG_02,Round-Trip,apple,Direct,Direct,Logged-In,AREA_C,AREA_B,AREA_C_TO_AREA_B,CA,BI,31_60,low,6_8,Y,L,0,0.8561685948213609,21.085078026814358
44.0,91.5756796,10.04513888888889,3,2,0,1,0,1,0,0,0,6,1,241.91666666666666,18.0,23.1778828,2,0,SPECIAL EQUIPMENT,LOWER ZENITH,LANG_02,Round-Trip,apple,Direct,Direct,Logged-Out,AREA_C,AREA_B,AREA_C_TO_AREA_B,CE,BI,31_60,high,9_14,Y,L,0,0.9093921429574918,21.07778450870959
2.0,43.661758600000006,6.326388888888889,1,1,0,0,0,0,0,1,0,4,1,153.91666666666666,9.0,63.9700314,3,0,SPECIAL EQUIPMENT,LOWER ZENITH,LANG_02,Round-Trip,google,Paid Search,Referrals,Logged-In,AREA_C,AREA_C,AREA_C_TO_AREA_C,CE,CI,0_3,mid,6_8,Y,Q,0,0.3294072396750052,21.07219146539741
16.0,21.4347018,4.524305555555555,1,1,0,0,0,0,0,0,0,4,1,110.33333333333333,19.0,25.1086592,6,0,SPECIAL EQUIPMENT,SOUTH VERTEX,LANG_02,Round-Trip,apple,Direct,Paid Search,Logged-Out,AREA_B,AREA_B,AREA_B_TO_AREA_B,BA,BO,15_30,low,3_5,Y,U,0,0.8391379381856863,21.069628511695065
52.0,57.94899,3.673611111111111,2,2,0,0,0,0,0,0,0,4,1,90.91666666666667,21.0,23.9081343,6,0,SPECIAL EQUIPMENT,NEW MERIDIAN,LANG_10,Round-Trip,google,Paid Search,Paid Search,Logged-Out,AREA_C,AREA_C,AREA_C_TO_AREA_C,CI,CE,31_60,high,3_5,Y,U,0,0.8812240786976386,21.068423621896915
37.0,27.8754772,7.322916666666667,1,1,0,0,0,0,0,0,0,2,1,176.75,10.0,23.5565,6,1,SPECIAL EQUIPMENT,UPPER APEX,LANG_02,Round-Trip,apple,Paid Search,Paid Search,Logged-Out,AREA_C,AREA_C,AREA_C_TO_AREA_C,CA,CE,31_60,low,6_8,Y,W,0,0.8943070870902567,21.066744897041634
80.0,84.9554465,,2,2,0,0,0,0,0,0,0,2,1,-241.58333333333334,12.0,42.2954816,4,1,SPECIAL EQUIPMENT,NORTH MERIDIAN,LANG_02,Round-Trip,microsoft,Paid Search,Paid Search,Logged-Out,AREA_B,AREA_C,AREA_B_TO_AREA_C,BE,CA,61_120,high,unknown_or_oneway,Y,O,0,0.49807334491199795,21.066251995175865
6.0,79.3374354,2.4756944444444446,2,2,0,0,0,0,0,1,0,4,1,60.75,10.0,41.9871056,5,0,SPECIAL EQUIPMENT,UPPER HORIZON,LANG_05,Round-Trip,google,Paid Search,Paid Search,Logged-In,AREA_C,AREA_C,AREA_C_TO_AREA_C,CI,CE,4_7,high,3_5,Y,V,1,0.5016181964560397,21.061496185481282
69.0,77.2666049,9.895833333333334,1,1,0,0,0,0,0,0,0,4,1,239.16666666666666,7.0,21.8767074,6,0,SPECIAL EQUIPMENT,WEST ZENITH,LANG_10,Round-Trip,other,Direct,Direct,Logged-Out,AREA_D,AREA_C,AREA_D_TO_AREA_C,DA,CE,61_120,high,9_14,Y,L,0,0.9626569725176254,21.059764914337933
53.0,136.3732898,0.9201388888888888,1,1,0,0,0,0,0,0,0,6,1,25.0,16.0,37.6424304,1,0,SPECIAL EQUIPMENT,LOWER ZENITH,LANG_02,Round-Trip,apple,Paid Search,Paid Search,Logged-Out,AREA_C,AREA_B,AREA_C_TO_AREA_B,CE,BU,31_60,very_high,1_2,Y,K,0,0.5594497848472318,21.0590495884069
15.0,75.2493119,9.229166666666666,2,2,0,0,0,0,0,0,1,4,1,222.75,14.0,21.873281,6,0,SPECIAL EQUIPMENT,NEW MERIDIAN,LANG_10,Round-Trip,google,MetaSearches,MetaSearches,Logged-Out,AREA_C,AREA_C,AREA_C_TO_AREA_C,CI,CI,15_30,high,9_14,Y,W,0,0.9623385518574423,21.04950156191091
57.0,86.27760860000001,7.121527777777778,3,2,0,1,0,1,0,1,0,2,1,172.91666666666666,16.0,24.091875,5,1,SPECIAL EQUIPMENT,UPPER APEX,LANG_09,Round-Trip,google,Paid Search,Paid Search,Logged-In,AREA_C,AREA_B,AREA_C_TO_AREA_B,CA,BI,31_60,high,6_8,Y,L,0,0.8737088314551351,21.049283953813184
268.0,795.2143308000001,12.010416666666666,4,2,1,1,0,1,1,0,0,2,1,294.9166666666667,14.0,77.094,5,1,SPECIAL EQUIPMENT,UPPER APEX,LANG_09,Round-Trip,apple,Paid Search,Paid Search,Logged-Out,AREA_C,AREA_B,AREA_C_TO_AREA_B,CA,BU,120_plus,very_high,9_14,Y,V,0,0.2729695510005352,21.04431456483526
92.0,41.960551,6.739583333333333,1,1,0,0,0,0,0,0,0,2,1,163.91666666666666,18.0,23.5565,4,1,SPECIAL EQUIPMENT,UPPER APEX,LANG_02,Round-Trip,google,Paid MetaSearches,Organic Search,Logged-Out,AREA_C,AREA_B,AREA_C_TO_AREA_B,CA,BI,61_120,mid,6_8,Y,L,0,0.8930266821700914,21.036583038539757
59.0,106.3974294,5.142361111111111,3,3,0,0,0,0,0,1,0,2,1,125.75,13.0,25.698,3,1,SPECIAL EQUIPMENT,UPPER APEX,LANG_09,Round-Trip,google,Direct,Direct,Logged-In,AREA_C,AREA_C,AREA_C_TO_AREA_C,CA,CU,31_60,very_high,6_8,Y,O,0,0.8184099487195132,21.031498862194052
139.0,130.1719341,11.222222222222221,1,1,0,0,0,0,0,0,0,2,1,283.9166666666667,23.0,38.547,5,1,SPECIAL EQUIPMENT,UPPER APEX,LANG_09,Round-Trip,google,Paid Search,Paid Search,Logged-Out,AREA_C,AREA_B,AREA_C_TO_AREA_B,CA,BI,120_plus,very_high,9_14,Y,U,0,0.5454804165787368,21.026633617860565
49.0,255.022669,17.23611111111111,2,2,0,0,0,0,0,0,0,2,1,428.0833333333333,10.0,42.4017,2,1,SPECIAL EQUIPMENT,UPPER APEX,LANG_02,Round-Trip,apple,MetaSearches,MetaSearches,Logged-Out,AREA_C,AREA_B,AREA_C_TO_AREA_B,CA,BI,31_60,very_high,15_30,Y,V,0,0.49574814463885114,21.020564104533175
47.0,58.15543060000001,10.32638888888889,4,2,1,1,0,1,1,0,0,4,1,249.91666666666666,20.0,23.1778828,3,0,SPECIAL EQUIPMENT,LOWER ZENITH,LANG_02,Round-Trip,google,Paid Search,Paid Search,Logged-Out,AREA_C,AREA_B,AREA_C_TO_AREA_B,CE,BI,31_60,high,9_14,Y,U,0,0.906874609580722,21.01943341515773
130.0,89.69844069999999,7.447916666666667,1,1,0,0,0,0,0,1,1,2,1,182.91666666666666,23.0,42.83,2,1,SPECIAL EQUIPMENT,UPPER APEX,LANG_09,Round-Trip,apple,Direct,Direct,Logged-In,AREA_C,AREA_C,AREA_C_TO_AREA_C,CA,CE,120_plus,high,6_8,Y,L,0,0.49070334216671735,21.016824145000502
75.0,249.454769,13.23611111111111,2,1,1,0,0,0,1,0,0,2,1,332.0833333333333,16.0,42.4017,1,1,SPECIAL EQUIPMENT,UPPER APEX,LANG_09,Round-Trip,microsoft,Paid Search,Paid Search,Logged-Out,AREA_C,AREA_B,AREA_C_TO_AREA_B,CA,BI,61_120,very_high,9_14,Y,L,0,0.4953572554045719,21.003989736488034
80.0,180.7738659,7.690972222222222,2,2,0,0,0,0,0,1,0,4,1,186.66666666666666,22.0,24.1098636,1,0,SPECIAL EQUIPMENT,GREAT AURORA,LANG_10,Round-Trip,google,Direct,Paid Search,Logged-In,AREA_C,AREA_B,AREA_C_TO_AREA_B,CE,BI,61_120,very_high,6_8,C,F,0,0.8708235152191348,20.995436171605864
17.0,172.0892268,5.517361111111111,2,2,0,0,0,0,0,0,0,2,1,134.58333333333334,10.0,24.091875,3,1,SPECIAL EQUIPMENT,UPPER APEX,LANG_09,Round-Trip,google,Paid Search,Organic Search,Logged-Out,AREA_C,AREA_B,AREA_C_TO_AREA_B,CA,BI,15_30,very_high,6_8,Y,T,0,0.8714546094910913,20.994975520033186
47.0,29.642643,6.09375,1,1,0,0,0,0,0,0,0,2,1,147.83333333333334,17.0,24.091875,5,1,SPECIAL EQUIPMENT,UPPER APEX,LANG_09,Round-Trip,google,Paid Search,Paid Search,Logged-Out,AREA_C,AREA_B,AREA_C_TO_AREA_B,CA,BI,31_60,low,6_8,Y,L,0,0.8714386731671426,20.994591584108655
52.0,90.3096248,5.517361111111111,2,2,0,0,0,0,0,0,0,2,1,134.58333333333334,1.0,24.62725,3,1,SPECIAL EQUIPMENT,UPPER APEX,LANG_09,Round-Trip,apple,Direct,Paid Search,Logged-Out,AREA_C,AREA_B,AREA_C_TO_AREA_B,CA,BI,31_60,high,6_8,Y,W,0,0.852486610148314,20.994400869775063
11.0,126.9892368,7.402777777777778,2,2,0,0,0,0,0,0,0,2,1,179.33333333333334,11.0,43.2257492,3,1,SPECIAL EQUIPMENT,UPPER APEX,LANG_09,Round-Trip,google,Paid Search,Paid Search,Logged-Out,AREA_C,AREA_B,AREA_C_TO_AREA_B,CA,BA,8_14,very_high,6_8,Y,S,0,0.48556285051647463,20.988817997262224
94.0,34.7124301,6.868055555555555,1,1,0,0,0,0,0,0,0,2,1,167.0,20.0,24.091875,4,1,SPECIAL EQUIPMENT,UPPER MERIDIAN,LANG_02,Round-Trip,google,Paid Search,Paid Search,Logged-Out,AREA_C,AREA_B,AREA_C_TO_AREA_B,CA,BI,61_120,mid,6_8,Y,L,0,0.8706385416071625,20.975314914582057
61.0,151.21516970000002,,1,1,0,0,0,0,0,0,0,2,1,-2354.0,18.0,40.6885,1,1,SPECIAL EQUIPMENT,UPPER APEX,LANG_09,Round-Trip,microsoft,Paid Search,Paid Search,Logged-Out,AREA_C,AREA_D,AREA_C_TO_AREA_D,CA,DA,61_120,very_high,unknown_or_oneway,Y,L,0,0.5154606526681208,20.973320766086832
55.0,54.312723,6.326388888888889,2,2,0,0,0,0,0,1,1,4,1,153.91666666666666,21.0,24.0516148,4,0,SPECIAL EQUIPMENT,LOWER ZENITH,LANG_02,Round-Trip,google,Direct,Direct,Logged-In,AREA_C,AREA_B,AREA_C_TO_AREA_B,CE,BO,31_60,high,6_8,Y,L,0,0.8719236724892271,20.971172305712248
,48.153769,,1,1,0,0,0,0,0,1,0,4,1,128.5,20.0,21.3704568,6,0,SPECIAL EQUIPMENT,SOUTH VERTEX,LANG_02,Multi-City,apple,Direct,Direct,Logged-In,AREA_C,AREA_C,AREA_C_TO_AREA_C,CU,CO,MISSING,mid,unknown_or_oneway,Y,L,1,0.9811354061051151,20.967311811119817
79.0,67.3304732,4.211805555555555,2,2,0,0,0,0,0,1,0,4,1,102.0,18.0,40.6885,4,0,SPECIAL EQUIPMENT,UPPER APEX,LANG_09,Round-Trip,microsoft,Direct,Direct,Logged-In,AREA_C,AREA_B,AREA_C_TO_AREA_B,CE,BU,61_120,high,3_5,Y,O,0,0.5152937925640091,20.966531478740684
94.0,201.934884,8.07986111111111,2,1,1,0,0,0,1,0,0,2,1,208.41666666666666,10.0,38.547,5,1,SPECIAL EQUIPMENT,UPPER APEX,LANG_09,Round-Trip,google,Direct,Paid MetaSearches,Logged-Out,AREA_C,AREA_B,AREA_C_TO_AREA_B,CA,BI,61_120,very_high,9_14,Y,L,0,0.5437183768670336,20.958712273093543
102.0,73.8269276,7.690972222222222,2,2,0,0,0,0,0,0,0,4,1,186.66666666666666,21.0,21.8698546,2,0,SPECIAL EQUIPMENT,LOWER ZENITH,LANG_02,Round-Trip,google,Paid Search,Paid Search,Logged-Out,AREA_C,AREA_B,AREA_C_TO_AREA_B,CE,BI,61_120,high,6_8,Y,L,0,0.9581991629323936,20.95567637117316
3.0,36.97942200000001,7.979166666666667,1,1,0,0,0,0,0,0,0,4,1,193.58333333333334,17.0,23.4459986,5,0,SPECIAL EQUIPMENT,LOWER ZENITH,LANG_02,Round-Trip,apple,Direct,Direct,Logged-Out,AREA_C,AREA_B,AREA_C_TO_AREA_B,CE,BI,0_3,mid,6_8,Y,S,0,0.8937109744779015,20.953946256413513
150.0,106.7799013,13.479166666666666,1,1,0,0,0,0,0,0,0,2,1,338.0833333333333,18.0,38.547,5,1,SPECIAL EQUIPMENT,UPPER APEX,LANG_09,Round-Trip,google,Paid Search,Paid Search,Logged-Out,AREA_C,AREA_B,AREA_C_TO_AREA_B,CA,BI,120_plus,very_high,9_14,Y,U,0,0.5434967940322203,20.950170919559994
37.0,94.1000798,4.416666666666667,2,2,0,0,0,0,0,1,0,2,1,107.83333333333333,9.0,43.6840302,3,1,SPECIAL EQUIPMENT,SOUTH VERTEX,LANG_02,Round-Trip,apple,Direct,Direct,Logged-In,AREA_C,AREA_C,AREA_C_TO_AREA_C,CU,CA,31_60,high,3_5,Y,W,0,0.4794738912379251,20.94535194494904
22.0,118.043763,6.236111111111111,1,1,0,0,0,0,0,0,0,2,1,164.08333333333334,10.0,42.4017,4,1,SPECIAL EQUIPMENT,UPPER APEX,LANG_09,Round-Trip,google,Direct,Paid Search,Logged-Out,AREA_C,AREA_B,AREA_C_TO_AREA_B,CA,BI,15_30,very_high,6_8,Y,W,0,0.4938869182741913,20.941644942586777
29.0,36.4320546,12.67361111111111,2,1,1,0,0,0,1,0,0,4,1,305.0833333333333,12.0,23.021125,6,0,SPECIAL EQUIPMENT,UPPER APEX,LANG_09,Round-Trip,mozilla,MetaSearches,MetaSearches,Logged-Out,AREA_B,AREA_C,AREA_B_TO_AREA_C,BE,CE,15_30,mid,9_14,Y,L,0,0.9089133910886241,20.9242087904251
50.0,212.5661466,20.677083333333332,1,1,0,0,0,0,0,0,0,4,1,499.25,16.0,38.0253306,1,0,SPECIAL EQUIPMENT,OLD AURORA,LANG_02,Round-Trip,apple,Email,Email,Logged-Out,AREA_B,AREA_B,AREA_B_TO_AREA_B,BO,BU,31_60,very_high,15_30,Y,H,0,0.5502312358642738,20.922724650185586
60.0,32.4000384,6.517361111111111,1,1,0,0,0,0,0,1,0,2,1,158.41666666666666,17.0,24.62725,3,1,SPECIAL EQUIPMENT,UPPER APEX,LANG_09,Round-Trip,apple,Direct,Direct,Logged-In,AREA_C,AREA_B,AREA_C_TO_AREA_B,CA,BI,31_60,low,6_8,Y,T,0,0.8493164968923617,20.916329698092415
105.0,44.9852056,10.243055555555555,1,1,0,0,0,0,0,0,0,2,1,246.41666666666666,17.0,42.83,3,1,SPECIAL EQUIPMENT,UPPER APEX,LANG_09,Round-Trip,google,Direct,Direct,Logged-Out,AREA_C,AREA_B,AREA_C_TO_AREA_B,CA,BI,61_120,mid,9_14,Y,U,0,0.48830561131037453,20.91412933242334
52.0,169.1853528,3.4375,2,2,0,0,0,0,0,1,0,2,1,86.25,10.0,42.83,4,1,SPECIAL EQUIPMENT,UPPER APEX,LANG_09,Round-Trip,apple,Direct,Direct,Logged-In,AREA_C,AREA_C,AREA_C_TO_AREA_C,CA,CE,31_60,very_high,3_5,Y,L,0,0.48827309076240544,20.912736477353825
63.0,827.7205876,10.583333333333334,4,3,0,1,0,1,0,0,0,2,1,258.0,22.0,38.547,1,1,SPECIAL EQUIPMENT,UPPER APEX,LANG_09,Round-Trip,google,Direct,Direct,Logged-Out,AREA_C,AREA_B,AREA_C_TO_AREA_B,CA,BO,61_120,very_high,9_14,P,R,0,0.5422385313970991,20.90166866976398
11.0,215.5227015,3.045138888888889,3,3,0,0,0,0,0,1,0,2,1,74.58333333333333,12.0,42.83,5,1,SPECIAL EQUIPMENT,UPPER APEX,LANG_09,Round-Trip,apple,Direct,Direct,Logged-In,AREA_C,AREA_B,AREA_C_TO_AREA_B,CA,BI,8_14,very_high,3_5,Y,V,0,0.48771933000304746,20.88901890403052
1.0,123.560267,2.2881944444444446,2,2,0,0,0,0,0,0,0,2,1,56.833333333333336,16.0,85.66,5,1,SPECIAL EQUIPMENT,UPPER APEX,LANG_09,Round-Trip,google,Paid Search,Paid Search,Logged-Out,AREA_C,AREA_B,AREA_C_TO_AREA_B,CA,BE,0_3,very_high,3_5,Y,E,0,0.24384283066553752,20.887576874809945
6.0,116.0076248,1.5104166666666667,2,2,0,0,0,0,0,0,0,2,1,37.833333333333336,15.0,64.245,5,1,SPECIAL EQUIPMENT,UPPER APEX,LANG_09,Round-Trip,google,Organic Search,Paid Search,Logged-Out,AREA_C,AREA_D,AREA_C_TO_AREA_D,CA,DA,4_7,very_high,1_2,Y,Q,0,0.32504514760121805,20.882525507640256
57.0,57.3395191,7.305555555555555,1,1,0,0,0,0,0,0,0,2,1,177.91666666666666,8.0,23.021125,6,1,SPECIAL EQUIPMENT,UPPER APEX,LANG_09,Round-Trip,microsoft,MetaSearches,Paid Search,Logged-Out,AREA_C,AREA_C,AREA_C_TO_AREA_C,CA,CE,31_60,high,6_8,Y,L,0,0.9070696185015422,20.881763071226317
0.0,194.9801486,13.072916666666666,1,1,0,0,0,0,0,0,0,4,1,316.0833333333333,18.0,34.5055612,4,0,SPECIAL EQUIPMENT,OLD ZENITH,LANG_02,Round-Trip,google,Direct,Paid Search,Logged-Out,AREA_B,AREA_B,AREA_B_TO_AREA_B,BU,BU,invalid_or_past,very_high,9_14,Y,K,0,0.6049043819390149,20.872565171144853
32.0,52.4830254,5.913194444444445,2,2,0,0,0,0,0,0,0,4,1,143.25,10.0,21.873281,4,0,SPECIAL EQUIPMENT,NEW MERIDIAN,LANG_02,Round-Trip,google,Paid Search,Organic Search,Logged-Out,AREA_C,AREA_C,AREA_C_TO_AREA_C,CI,CI,31_60,mid,6_8,Y,V,0,0.9542394525039049,20.872347685904064
128.0,385.7886552,11.0,2,2,0,0,0,0,0,0,0,2,1,271.25,18.0,42.4017,2,1,SPECIAL EQUIPMENT,UPPER APEX,LANG_09,Round-Trip,google,Email,Paid Search,Logged-Out,AREA_C,AREA_B,AREA_C_TO_AREA_B,CA,BU,120_plus,very_high,9_14,Y,S,0,0.49221032115494834,20.870554374515773
27.0,146.39294,9.128472222222221,2,2,0,0,0,0,0,1,0,2,1,221.25,13.0,24.091875,6,1,SPECIAL EQUIPMENT,UPPER APEX,LANG_02,Round-Trip,apple,Paid Search,Paid Search,Logged-In,AREA_C,AREA_B,AREA_C_TO_AREA_B,CA,BI,15_30,very_high,9_14,Y,S,0,0.8662101778954062,20.86862732958389
192.0,221.7793079,13.131944444444445,2,2,0,0,0,0,0,1,0,4,1,317.25,14.0,37.6424304,4,0,SPECIAL EQUIPMENT,LOWER ZENITH,LANG_02,Round-Trip,google,Paid Search,Organic Search,Logged-In,AREA_C,AREA_B,AREA_C_TO_AREA_B,CE,BU,120_plus,very_high,9_14,Y,W,0,0.5542850554865352,20.86463662291204
22.0,41.698003099999994,7.673611111111111,1,1,0,0,0,0,0,0,0,4,1,186.91666666666666,21.0,22.9136217,5,0,SPECIAL EQUIPMENT,NEW MERIDIAN,LANG_10,Round-Trip,apple,Paid Search,Paid Search,Logged-Out,AREA_C,AREA_C,AREA_C_TO_AREA_C,CI,CE,15_30,mid,6_8,Y,L,0,0.9104440550445743,20.86157065630535
18.0,140.3033706,92.34375,1,1,0,0,0,0,0,1,0,2,1,2230.6666666666665,17.0,38.547,1,1,SPECIAL EQUIPMENT,UPPER APEX,LANG_09,Round-Trip,apple,Direct,Direct,Logged-In,AREA_C,AREA_B,AREA_C_TO_AREA_B,CA,BI,15_30,very_high,30_plus,Y,V,0,0.5411786287191825,20.86081260123833
80.0,32.8754514,7.128472222222222,1,1,0,0,0,0,0,0,1,2,1,173.25,8.0,23.5565,3,1,SPECIAL EQUIPMENT,UPPER APEX,LANG_09,Round-Trip,apple,Direct,Direct,Logged-Out,AREA_C,AREA_B,AREA_C_TO_AREA_B,CA,BI,61_120,low,6_8,Y,W,0,0.8851925435050234,20.852038151076083
10.0,78.22642520000001,3.763888888888889,1,1,0,0,0,0,0,0,0,4,1,94.0,23.0,38.547,5,0,SPECIAL EQUIPMENT,UPPER VERTEX,LANG_11,Round-Trip,google,Paid Search,Paid Search,Logged-Out,AREA_B,AREA_D,AREA_B_TO_AREA_D,BI,DA,8_14,high,3_5,Y,O,0,0.5408939911913647,20.849840678453536
37.0,39.3162268,6.236111111111111,1,1,0,0,0,0,0,1,0,2,1,151.25,10.0,24.091875,5,1,SPECIAL EQUIPMENT,UPPER APEX,LANG_09,Round-Trip,google,Paid Search,Organic Search,Logged-In,AREA_C,AREA_B,AREA_C_TO_AREA_B,CA,BI,31_60,mid,6_8,Y,L,0,0.8654241365032685,20.849690118619684
1.0,107.0775698,8.381944444444445,2,2,0,0,0,0,0,0,0,2,1,202.16666666666666,12.0,23.5565,6,1,SPECIAL EQUIPMENT,UPPER APEX,LANG_09,Round-Trip,google,Paid Search,Paid Search,Logged-Out,AREA_C,AREA_C,AREA_C_TO_AREA_C,CA,CE,0_3,very_high,9_14,Y,V,0,0.8846688685129824,20.83970220112607
56.0,192.05057660000003,15.211805555555555,2,2,0,0,0,0,0,0,0,2,1,381.25,17.0,57.8205,1,1,SPECIAL EQUIPMENT,UPPER APEX,LANG_09,Round-Trip,apple,Internal,Email,Logged-Out,AREA_C,AREA_B,AREA_C_TO_AREA_B,CA,BO,31_60,very_high,15_30,Y,O,0,0.36020838626118357,20.827428997814767
31.0,106.6068681,9.993055555555555,1,1,0,0,0,0,0,0,0,2,1,260.4166666666667,23.0,40.6885,2,1,SPECIAL EQUIPMENT,UPPER APEX,LANG_09,Round-Trip,apple,Direct,Direct,Logged-Out,AREA_C,AREA_D,AREA_C_TO_AREA_D,CA,DA,31_60,very_high,9_14,Y,O,0,0.5118523845551453,20.826505748972025
162.0,162.9848537,7.177083333333333,2,2,0,0,0,0,0,0,0,4,1,177.08333333333334,11.0,21.8424434,4,0,SPECIAL EQUIPMENT,UPPER MERIDIAN,LANG_02,Round-Trip,google,Paid Search,Paid Search,Logged-Out,AREA_C,AREA_B,AREA_C_TO_AREA_B,CE,BI,120_plus,very_high,6_8,Y,S,0,0.9534187021334396,20.824994037851113
37.0,159.75804150000002,7.385416666666667,5,5,0,0,0,0,0,0,0,4,1,180.08333333333334,16.0,21.2985024,6,0,SPECIAL EQUIPMENT,NEW APEX,LANG_02,Round-Trip,google,MetaSearches,Paid Search,Logged-Out,AREA_C,AREA_B,AREA_C_TO_AREA_B,CU,BI,31_60,very_high,6_8,Y,S,0,0.9771201434816944,20.81119572103321
19.0,69.9962124,6.517361111111111,1,1,0,0,0,0,0,0,0,2,1,158.58333333333334,6.0,24.62725,3,1,SPECIAL EQUIPMENT,UPPER APEX,LANG_09,Round-Trip,apple,Direct,Direct,Logged-Out,AREA_C,AREA_B,AREA_C_TO_AREA_B,CA,BI,15_30,high,6_8,Y,K,0,0.8450460594045345,20.81116056647032
38.0,133.54394,8.51736111111111,2,2,0,0,0,0,0,1,0,2,1,206.58333333333334,21.0,23.5565,6,1,SPECIAL EQUIPMENT,UPPER APEX,LANG_09,Round-Trip,apple,Direct,Direct,Logged-In,AREA_C,AREA_B,AREA_C_TO_AREA_B,CA,BI,31_60,very_high,9_14,Y,V,1,0.8833740149602206,20.809199983410437
21.0,174.810645,5.982638888888889,2,2,0,0,0,0,0,1,0,2,1,164.16666666666666,16.0,38.547,4,1,SPECIAL EQUIPMENT,UPPER APEX,LANG_09,Round-Trip,google,Direct,Direct,Logged-In,AREA_C,AREA_D,AREA_C_TO_AREA_D,CA,DA,15_30,very_high,6_8,Y,O,0,0.5398278326530633,20.80874346527763
21.0,33.8888092,8.402777777777779,1,1,0,0,0,0,0,0,0,2,1,203.5,16.0,24.091875,6,1,SPECIAL EQUIPMENT,UPPER APEX,LANG_09,Round-Trip,google,Paid Search,Paid Search,Logged-Out,AREA_C,AREA_C,AREA_C_TO_AREA_C,CA,CU,15_30,low,9_14,Y,S,0,0.8635966017201879,20.805661379067555
179.0,29.3222746,7.451388888888889,1,1,0,0,0,0,0,0,0,2,1,180.91666666666666,18.0,23.5565,3,1,SPECIAL EQUIPMENT,UPPER APEX,LANG_09,Round-Trip,google,Paid Search,Paid Search,Logged-Out,AREA_C,AREA_B,AREA_C_TO_AREA_B,CA,BI,120_plus,low,6_8,Y,U,0,0.8831901970014093,20.804869875663698
59.0,83.53434709999999,3.2395833333333335,2,2,0,0,0,0,0,1,1,2,1,78.33333333333333,20.0,42.83,5,1,SPECIAL EQUIPMENT,UPPER APEX,LANG_09,Round-Trip,apple,Direct,Direct,Logged-In,AREA_C,AREA_B,AREA_C_TO_AREA_B,CA,BI,31_60,high,3_5,Y,O,0,0.48571161374130006,20.80302841653988
139.0,38.654075,4.510416666666667,3,3,0,0,0,0,0,1,1,2,1,109.83333333333333,18.0,43.669468,5,1,SPECIAL EQUIPMENT,UPPER APEX,LANG_09,Round-Trip,google,Email,Paid Search,Logged-In,AREA_C,AREA_D,AREA_C_TO_AREA_D,CA,DA,120_plus,mid,3_5,Y,O,0,0.47625311061603903,20.79771997394758
18.0,193.1324624,7.236111111111111,2,2,0,0,0,0,0,0,0,2,1,188.08333333333334,21.0,38.547,5,1,SPECIAL EQUIPMENT,UPPER APEX,LANG_02,Round-Trip,opera,Paid Search,Organic Search,Logged-Out,AREA_C,AREA_B,AREA_C_TO_AREA_B,CA,BI,15_30,very_high,6_8,Y,L,0,0.5393904098904935,20.79188213004885
42.0,26.138292399999997,4.753472222222222,2,2,0,0,0,0,0,0,0,2,1,116.0,17.0,85.66,6,1,SPECIAL EQUIPMENT,UPPER APEX,LANG_09,Round-Trip,google,Paid Search,Paid Search,Logged-Out,AREA_C,AREA_B,AREA_C_TO_AREA_B,CA,BE,31_60,low,3_5,Y,O,0,0.24263822152390285,20.784390055737518
38.0,199.3616576,6.739583333333333,3,2,0,0,1,1,0,1,1,2,1,163.91666666666666,11.0,24.62725,3,1,SPECIAL EQUIPMENT,UPPER APEX,LANG_02,Round-Trip,google,Paid Search,Organic Search,Logged-In,AREA_C,AREA_B,AREA_C_TO_AREA_B,CA,BI,31_60,very_high,6_8,Y,H,0,0.8439586101086779,20.78437968079894
17.0,53.0732228,8.760416666666666,1,1,0,0,0,0,0,0,0,3,1,211.83333333333334,21.0,24.62725,6,1,SPECIAL EQUIPMENT,UPPER APEX,LANG_09,Round-Trip,google,Direct,Direct,Logged-Out,AREA_C,AREA_D,AREA_C_TO_AREA_D,CA,DA,15_30,mid,9_14,Y,W,0,0.843731958605405,20.77879787756496
5.0,31.540868600000003,3.5104166666666665,1,1,0,0,0,0,0,0,0,4,1,89.0,21.0,24.2897496,6,0,SPECIAL EQUIPMENT,LOWER VERTEX,LANG_02,Round-Trip,apple,Paid Search,Paid Search,Logged-Out,AREA_C,AREA_B,AREA_C_TO_AREA_B,CE,BI,4_7,low,3_5,Y,L,0,0.8552805299931963,20.774549911290027
52.0,20.299706800000003,7.479166666666667,1,1,0,0,0,0,0,0,0,2,1,181.16666666666666,14.0,24.62725,6,1,SPECIAL EQUIPMENT,UPPER APEX,LANG_09,Round-Trip,samsung,Direct,Direct,Logged-Out,AREA_C,AREA_C,AREA_C_TO_AREA_C,CA,CU,31_60,very_low,6_8,Y,O,0,0.8432864814028049,20.767826999127227
49.0,38.6617844,7.121527777777778,2,2,0,0,0,0,0,0,0,2,1,172.91666666666666,21.0,24.62725,3,1,SPECIAL EQUIPMENT,UPPER APEX,LANG_09,Round-Trip,apple,Paid Search,Organic Search,Logged-Out,AREA_C,AREA_B,AREA_C_TO_AREA_B,CA,BI,31_60,mid,6_8,Y,L,0,0.8431453824376824,20.764352119638414
119.0,135.24857400000002,10.17013888888889,5,3,1,1,0,1,1,0,0,2,1,247.08333333333334,12.0,32.1225,3,1,SPECIAL EQUIPMENT,UPPER APEX,LANG_02,Round-Trip,google,Direct,Direct,Logged-Out,AREA_C,AREA_B,AREA_C_TO_AREA_B,CA,BO,61_120,very_high,9_14,Y,U,1,0.6463521817415417,20.762447957992677
25.0,37.3781693,5.329861111111111,1,1,0,0,0,0,0,0,0,4,1,130.0,11.0,23.1778828,3,0,SPECIAL EQUIPMENT,UPPER MERIDIAN,LANG_02,Round-Trip,google,Paid Search,Paid Search,Logged-Out,AREA_C,AREA_B,AREA_C_TO_AREA_B,CE,BI,15_30,mid,6_8,Y,S,0,0.8955406217394436,20.756735573315954
17.0,237.4006938,7.517361111111111,3,2,0,1,0,1,0,1,0,2,1,182.58333333333334,15.0,24.091875,6,1,SPECIAL EQUIPMENT,UPPER VERTEX,LANG_11,Round-Trip,google,Paid Search,Paid Search,Logged-In,AREA_C,AREA_B,AREA_C_TO_AREA_B,CA,BI,15_30,very_high,6_8,Y,T,0,0.8614710489203384,20.75445282670768
115.0,107.9577263,7.572916666666667,4,2,0,2,0,1,0,0,0,4,1,183.5,14.0,24.0374809,2,0,SPECIAL EQUIPMENT,SOUTH HORIZON,LANG_02,Round-Trip,google,MetaSearches,MetaSearches,Logged-Out,AREA_C,AREA_B,AREA_C_TO_AREA_B,CA,BO,61_120,very_high,6_8,Y,L,0,0.8630139926457987,20.744682364656125
33.0,185.0435886,,1,1,0,0,0,0,0,0,0,2,1,-104.0,6.0,38.547,4,1,SPECIAL EQUIPMENT,UPPER APEX,LANG_09,Round-Trip,microsoft,Paid Search,Organic Search,Logged-Out,AREA_C,AREA_D,AREA_C_TO_AREA_D,CA,DA,31_60,very_high,unknown_or_oneway,Y,T,0,0.5379568905788994,20.736624261144833
114.0,87.8576073,9.222222222222221,1,1,0,0,0,0,0,0,0,2,1,235.91666666666666,22.0,38.547,5,1,SPECIAL EQUIPMENT,UPPER APEX,LANG_02,Round-Trip,google,Direct,Direct,Logged-Out,AREA_C,AREA_B,AREA_C_TO_AREA_B,CA,BI,61_120,high,9_14,Y,O,0,0.5374423681499886,20.716790965077607
119.0,47.0710266,2.513888888888889,2,2,0,0,0,0,0,1,1,2,1,62.416666666666664,23.0,42.83,3,1,SPECIAL EQUIPMENT,UPPER APEX,LANG_09,Round-Trip,apple,Direct,Direct,Logged-In,AREA_C,AREA_C,AREA_C_TO_AREA_C,CA,CI,61_120,mid,3_5,Y,O,0,0.4835529805895289,20.71057415864952
172.0,608.8554329,15.399305555555555,7,6,0,1,0,1,0,1,0,4,1,371.9166666666667,21.0,34.5055612,4,0,SPECIAL EQUIPMENT,OLD ZENITH,LANG_02,Round-Trip,google,Direct,Direct,Logged-In,AREA_B,AREA_B,AREA_B_TO_AREA_B,BU,BU,120_plus,very_high,15_30,Y,T,0,0.600150998353899,20.70854700294156
87.0,60.0587958,9.381944444444445,2,2,0,0,0,0,0,0,0,2,1,226.16666666666666,22.0,24.091875,2,1,SPECIAL EQUIPMENT,UPPER APEX,LANG_09,Round-Trip,google,Direct,Paid Search,Logged-Out,AREA_C,AREA_C,AREA_C_TO_AREA_C,CA,CE,61_120,high,9_14,Y,O,0,0.8595207864298474,20.707467346569583
65.0,122.8604248,8.51736111111111,2,2,0,0,0,0,0,0,0,2,1,206.58333333333334,9.0,24.62725,2,1,SPECIAL EQUIPMENT,UPPER APEX,LANG_09,Round-Trip,apple,Direct,Direct,Logged-Out,AREA_C,AREA_B,AREA_C_TO_AREA_B,CA,BI,61_120,very_high,9_14,Y,W,1,0.8406305849974327,20.702419574378023
83.0,50.7047238,10.51736111111111,1,1,0,0,0,0,0,0,0,2,1,254.75,21.0,25.698,6,1,SPECIAL EQUIPMENT,UPPER APEX,LANG_09,Round-Trip,apple,Direct,Direct,Logged-Out,AREA_C,AREA_C,AREA_C_TO_AREA_C,CA,CU,61_120,mid,9_14,Y,L,0,0.805588414403254,20.702011073334823
53.0,144.7988074,3.4027777777777777,2,2,0,0,0,0,0,1,1,2,1,83.5,7.0,42.83,3,1,SPECIAL EQUIPMENT,UPPER APEX,LANG_09,Round-Trip,mozilla,Direct,Referrals,Logged-In,AREA_C,AREA_C,AREA_C_TO_AREA_C,CA,CU,31_60,very_high,3_5,C,F,0,0.4832390803050897,20.697129809466993
39.0,57.3048268,5.517361111111111,2,2,0,0,0,0,0,0,0,2,1,134.41666666666666,12.0,24.091875,3,1,SPECIAL EQUIPMENT,UPPER APEX,LANG_09,Round-Trip,google,Paid Search,Email,Logged-Out,AREA_C,AREA_B,AREA_C_TO_AREA_B,CA,BI,31_60,high,6_8,Y,L,1,0.8590269650432666,20.69557026345175
3.0,369.8524688,7.899305555555555,8,8,0,0,0,0,0,0,0,4,1,191.33333333333334,11.0,24.5767106,3,0,SPECIAL EQUIPMENT,UPPER APEX,LANG_09,Round-Trip,google,MetaSearches,MetaSearches,Logged-Out,AREA_C,AREA_B,AREA_C_TO_AREA_B,CU,BE,0_3,very_high,6_8,Y,H,0,0.8418184818098566,20.68912920517221
5.0,54.23734220000001,3.701388888888889,2,2,0,0,0,0,0,0,0,4,1,90.91666666666667,13.0,23.4459986,6,0,SPECIAL EQUIPMENT,LOWER ZENITH,LANG_02,Round-Trip,google,Paid Search,Paid Search,Logged-Out,AREA_C,AREA_B,AREA_C_TO_AREA_B,CE,BI,4_7,high,3_5,Y,W,0,0.8823072758651731,20.686575154704663
63.0,50.021157,7.052083333333333,3,3,0,0,0,0,0,0,0,4,1,171.66666666666666,18.0,24.58442,4,0,SPECIAL EQUIPMENT,NEW APEX,LANG_02,Round-Trip,samsung,Referrals,Referrals,Logged-Out,AREA_B,AREA_B,AREA_B_TO_AREA_B,BE,BI,61_120,mid,6_8,Y,O,0,0.8413552019340304,20.684229653531016
165.0,157.061893,14.17013888888889,2,2,0,0,0,0,0,0,0,2,1,343.0833333333333,15.0,47.113,4,1,SPECIAL EQUIPMENT,UPPER VERTEX,LANG_11,Round-Trip,google,Paid Search,Paid Search,Logged-Out,AREA_C,AREA_B,AREA_C_TO_AREA_B,CA,BO,120_plus,very_high,15_30,C,F,0,0.4390240632239768,20.68374069067122
94.0,199.5740944,6.979166666666667,4,4,0,0,0,0,0,0,0,4,1,169.58333333333334,20.0,21.5503428,4,0,SPECIAL EQUIPMENT,LOWER ZENITH,LANG_02,Round-Trip,google,MetaSearches,Paid Search,Logged-Out,AREA_C,AREA_B,AREA_C_TO_AREA_B,CE,BI,61_120,very_high,6_8,Y,L,0,0.9594653960472229,20.67680818955542
30.0,300.5453911,,1,1,0,0,0,0,0,0,0,2,1,-218.0,1.0,38.547,1,1,SPECIAL EQUIPMENT,UPPER APEX,LANG_09,Round-Trip,microsoft,Paid Search,Paid Search,Logged-Out,AREA_C,AREA_B,AREA_C_TO_AREA_B,CA,BU,15_30,very_high,unknown_or_oneway,P,A,0,0.5362257091275444,20.669892409739454
4.0,114.7638416,3.15625,2,2,0,0,0,0,0,1,0,2,1,77.66666666666667,10.0,85.66,4,1,SPECIAL EQUIPMENT,UPPER APEX,LANG_02,Round-Trip,apple,Direct,Direct,Logged-In,AREA_C,AREA_B,AREA_C_TO_AREA_B,CA,BE,4_7,very_high,3_5,Y,K,0,0.2412758173085315,20.667686510648807
2.0,68.6641994,11.479166666666666,1,1,0,0,0,0,0,0,0,2,1,277.1666666666667,10.0,24.62725,6,1,SPECIAL EQUIPMENT,UPPER APEX,LANG_09,Round-Trip,apple,Direct,Direct,Logged-Out,AREA_C,AREA_C,AREA_C_TO_AREA_C,CA,CU,0_3,high,9_14,Y,S,0,0.8392138510914967,20.667529314293063
28.0,138.49765779999998,7.392361111111111,3,3,0,0,0,0,0,1,0,4,1,180.16666666666666,6.0,21.8373038,2,0,SPECIAL EQUIPMENT,NEW MERIDIAN,LANG_02,Round-Trip,apple,Paid Search,Organic Social,Logged-In,AREA_C,AREA_C,AREA_C_TO_AREA_C,CI,CI,15_30,very_high,6_8,Y,L,0,0.9460319471199057,20.658787033762916
39.0,29.89534,4.850694444444445,1,1,0,0,0,0,0,0,0,4,1,119.25,20.0,24.4405112,4,0,SPECIAL EQUIPMENT,NEW APEX,LANG_02,Round-Trip,apple,MetaSearches,MetaSearches,Logged-Out,AREA_C,AREA_C,AREA_C_TO_AREA_C,CU,CU,31_60,low,3_5,Y,O,0,0.8449745670590831,20.651610369922672
36.0,72.5677256,7.131944444444445,4,4,0,0,0,0,0,1,0,2,1,173.25,14.0,24.62725,5,1,SPECIAL EQUIPMENT,UPPER APEX,LANG_09,Round-Trip,google,Direct,Direct,Logged-In,AREA_C,AREA_C,AREA_C_TO_AREA_C,CA,CI,31_60,high,6_8,Y,O,0,0.8382796468852608,20.64452243375504
77.0,32.5173926,7.517361111111111,1,1,0,0,0,0,0,1,0,2,1,182.58333333333334,23.0,24.62725,3,1,SPECIAL EQUIPMENT,UPPER APEX,LANG_09,Round-Trip,other,Direct,Direct,Logged-In,AREA_C,AREA_B,AREA_C_TO_AREA_B,CA,BI,61_120,low,6_8,Y,V,1,0.8381580896297744,20.641528812834864
18.0,70.9611723,10.979166666666666,1,1,0,0,0,0,0,0,0,4,1,265.5833333333333,14.0,23.7912084,6,0,SPECIAL EQUIPMENT,SOUTH MERIDIAN,LANG_04,Round-Trip,apple,Direct,Direct,Logged-Out,AREA_C,AREA_B,AREA_C_TO_AREA_B,CE,BI,15_30,high,9_14,Y,E,0,0.8674310180619134,20.637232123335142
91.0,266.2004424,8.23263888888889,4,3,0,1,0,1,0,0,0,5,1,199.66666666666666,20.0,21.8698546,3,0,SPECIAL EQUIPMENT,LOWER ZENITH,LANG_02,Round-Trip,google,Paid Search,Paid Search,Logged-Out,AREA_C,AREA_B,AREA_C_TO_AREA_B,CE,BI,61_120,very_high,9_14,Y,K,0,0.9434851967255596,20.633884069640384
27.0,24.5398768,10.135416666666666,1,1,0,0,0,0,0,0,0,2,1,245.58333333333334,20.0,24.091875,6,1,SPECIAL EQUIPMENT,UPPER APEX,LANG_09,Round-Trip,apple,Direct,Direct,Logged-Out,AREA_C,AREA_C,AREA_C_TO_AREA_C,CA,CU,15_30,low,9_14,Y,O,0,0.8562033839257654,20.62754490011655
46.0,62.8675872,10.125,2,2,0,0,0,0,0,0,0,2,1,245.0,12.0,24.091875,6,1,SPECIAL EQUIPMENT,UPPER APEX,LANG_09,Round-Trip,google,Paid Search,Paid Search,Logged-Out,AREA_C,AREA_B,AREA_C_TO_AREA_B,CA,BI,31_60,high,9_14,Y,L,0,0.8561965088601171,20.627379266894334
31.0,36.2136216,3.125,2,2,0,0,0,0,0,0,0,2,1,77.0,22.0,85.66,6,1,SPECIAL EQUIPMENT,UPPER APEX,LANG_09,Round-Trip,apple,Direct,Organic Search,Logged-Out,AREA_C,AREA_B,AREA_C_TO_AREA_B,CA,BE,31_60,mid,3_5,Y,L,0,0.24066416906461893,20.615292722075257
9.0,117.79277919999998,5.329861111111111,1,1,0,0,0,0,0,1,0,4,1,128.75,13.0,24.091875,4,0,SPECIAL EQUIPMENT,UPPER APEX,LANG_09,Round-Trip,mozilla,Direct,Direct,Logged-In,AREA_D,AREA_B,AREA_D_TO_AREA_B,DA,BI,8_14,very_high,6_8,Y,M,0,0.8555934769911416,20.61285109848596
38.0,102.2591948,8.479166666666666,2,2,0,0,0,0,0,0,0,2,1,205.16666666666666,22.0,24.62725,2,1,SPECIAL EQUIPMENT,UPPER APEX,LANG_09,Round-Trip,mozilla,Display,Display,Logged-Out,AREA_C,AREA_C,AREA_C_TO_AREA_C,CA,CU,31_60,very_high,9_14,Y,S,0,0.8369812953746493,20.61254760651533
30.0,115.8397312,5.229166666666667,2,2,0,0,0,0,0,0,0,2,1,130.58333333333334,12.0,42.83,3,1,SPECIAL EQUIPMENT,UPPER APEX,LANG_09,Round-Trip,microsoft,Organic Search,Organic Search,Logged-Out,AREA_C,AREA_B,AREA_C_TO_AREA_B,CA,BO,15_30,very_high,6_8,Y,T,0,0.4811496962174277,20.607641488992428
112.0,87.8541809,9.34375,1,1,0,0,0,0,0,1,1,2,1,238.83333333333334,14.0,38.547,5,1,SPECIAL EQUIPMENT,UPPER APEX,LANG_09,Round-Trip,google,Direct,Paid Search,Logged-In,AREA_C,AREA_B,AREA_C_TO_AREA_B,CA,BI,61_120,high,9_14,Y,O,0,0.5345565033127302,20.60554953319581
85.0,27.5619616,8.13888888888889,1,1,0,0,0,0,0,0,1,2,1,197.66666666666666,14.0,23.2661126,2,1,SPECIAL EQUIPMENT,UPPER APEX,LANG_09,Round-Trip,apple,Direct,Direct,Logged-Out,AREA_C,AREA_C,AREA_C_TO_AREA_C,CA,CU,61_120,low,9_14,Y,L,0,0.885343069356799,20.598491541284893
119.0,87.4143168,7.177083333333333,2,2,0,0,0,0,0,0,0,4,1,177.08333333333334,20.0,21.6899686,5,0,SPECIAL EQUIPMENT,NEW HORIZON,LANG_02,Round-Trip,microsoft,Paid Search,Paid Search,Logged-Out,AREA_C,AREA_B,AREA_C_TO_AREA_B,CE,BI,61_120,high,6_8,Y,U,0,0.9495783120026161,20.596323770577747
58.0,29.441342,9.13888888888889,1,1,0,0,0,0,0,0,0,2,1,221.66666666666666,8.0,23.2661126,6,1,SPECIAL EQUIPMENT,UPPER APEX,LANG_09,Round-Trip,google,Display,Paid Search,Logged-Out,AREA_C,AREA_C,AREA_C_TO_AREA_C,CA,CU,31_60,low,9_14,Y,U,0,0.8851884747525532,20.59489472581516
21.0,84.1254011,5.722222222222222,2,2,0,0,0,0,0,0,0,4,1,140.08333333333334,13.0,21.7413646,4,0,SPECIAL EQUIPMENT,NEW MERIDIAN,LANG_02,Round-Trip,google,MetaSearches,Paid Search,Logged-Out,AREA_C,AREA_B,AREA_C_TO_AREA_B,CI,BI,15_30,high,6_8,Y,W,0,0.9472539608251345,20.594593731093365
49.0,283.08402839999997,35.236111111111114,2,2,0,0,0,0,0,0,0,2,1,860.0833333333334,20.0,42.4017,1,1,SPECIAL EQUIPMENT,UPPER APEX,LANG_09,Round-Trip,apple,Direct,Email,Logged-Out,AREA_C,AREA_B,AREA_C_TO_AREA_B,CA,BI,31_60,very_high,30_plus,Y,L,0,0.4856881483394837,20.594003159446284
46.0,138.42227699999998,7.392361111111111,3,2,0,1,0,1,0,1,0,4,1,180.16666666666666,21.0,21.7465042,2,0,SPECIAL EQUIPMENT,NEW MERIDIAN,LANG_02,Round-Trip,apple,Direct,Direct,Logged-In,AREA_C,AREA_C,AREA_C_TO_AREA_C,CI,CI,31_60,very_high,6_8,Y,V,0,0.9467766807386885,20.58908306414595
12.0,44.717946399999995,7.121527777777778,1,1,0,0,0,0,0,0,0,2,1,172.91666666666666,23.0,23.021125,6,1,SPECIAL EQUIPMENT,UPPER APEX,LANG_09,Round-Trip,apple,Direct,Direct,Logged-Out,AREA_C,AREA_B,AREA_C_TO_AREA_B,CA,BI,8_14,mid,6_8,Y,T,0,0.8941062915319818,20.583332700644196
37.0,37.2025663,8.690972222222221,1,1,0,0,0,0,0,0,0,4,1,210.66666666666666,22.0,23.1778828,2,0,SPECIAL EQUIPMENT,LOWER ZENITH,LANG_02,Round-Trip,google,Paid Search,Paid Search,Logged-Out,AREA_C,AREA_B,AREA_C_TO_AREA_B,CE,BI,31_60,mid,9_14,Y,V,0,0.88793840286727,20.580532235276767
231.0,368.6943456,,2,2,0,0,0,0,0,0,0,3,1,7.666666666666667,11.0,38.547,1,1,SPECIAL EQUIPMENT,UPPER APEX,LANG_02,Round-Trip,google,Direct,Direct,Logged-Out,AREA_C,AREA_B,AREA_C_TO_AREA_B,CA,BU,120_plus,very_high,unknown_or_oneway,Y,W,0,0.5338866704928091,20.57972948748631
43.0,78.6855628,4.194444444444445,2,2,0,0,0,0,0,0,0,2,1,105.5,14.0,38.547,5,1,SPECIAL EQUIPMENT,UPPER APEX,LANG_09,Round-Trip,google,Direct,Direct,Logged-Out,AREA_C,AREA_B,AREA_C_TO_AREA_B,CA,BI,31_60,high,3_5,Y,V,0,0.533801813665148,20.57645851135046
18.0,84.7580002,25.74652777777778,2,2,0,0,0,0,0,0,0,2,1,620.0833333333334,19.0,42.83,2,1,SPECIAL EQUIPMENT,SOUTH MERIDIAN,LANG_02,Round-Trip,google,Paid Search,Organic Search,Logged-Out,AREA_C,AREA_B,AREA_C_TO_AREA_B,CA,BI,15_30,high,15_30,Y,U,0,0.4803932183218429,20.57524154072453
84.0,249.180657,7.673611111111111,4,2,0,2,0,1,0,1,0,4,1,186.91666666666666,17.0,21.7901908,2,0,SPECIAL EQUIPMENT,NEW MERIDIAN,LANG_10,Round-Trip,microsoft,Direct,Organic Search,Logged-In,AREA_C,AREA_C,AREA_C_TO_AREA_C,CI,CE,61_120,very_high,6_8,Y,S,0,0.9440488979816134,20.571005611549094
20.0,187.9684493,,2,2,0,0,0,0,0,0,0,1,0,15.916666666666666,7.0,38.547,4,1,SPECIAL EQUIPMENT,LOWER VERTEX,LANG_02,One-Way,google,Paid Search,Organic Search,Logged-Out,AREA_B,AREA_C,AREA_B_TO_AREA_C,BU,CA,15_30,very_high,unknown_or_oneway,Y,V,0,0.5335989513465687,20.56863877755618
52.0,137.6808897,13.23611111111111,1,1,0,0,0,0,0,0,0,2,1,332.0833333333333,22.0,42.4017,2,1,SPECIAL EQUIPMENT,UPPER APEX,LANG_09,Round-Trip,google,Direct,Email,Logged-Out,AREA_C,AREA_B,AREA_C_TO_AREA_B,CA,BI,31_60,very_high,9_14,Y,V,0,0.48499130534609913,20.564455831893692
34.0,49.8224258,9.190972222222221,1,1,0,0,0,0,0,0,0,2,1,223.16666666666666,21.0,23.021125,6,1,SPECIAL EQUIPMENT,UPPER APEX,LANG_02,Round-Trip,apple,Paid Search,Paid Search,Logged-Out,AREA_C,AREA_C,AREA_C_TO_AREA_C,CA,CE,31_60,mid,9_14,Y,W,0,0.8932168817876839,20.562857487744495
96.0,130.0640025,25.80902777777778,1,1,0,0,0,0,0,0,0,4,1,623.0,13.0,34.4515954,2,0,SPECIAL EQUIPMENT,GREAT HORIZON,LANG_02,Round-Trip,apple,MetaSearches,MetaSearches,Logged-Out,AREA_B,AREA_B,AREA_B_TO_AREA_B,BI,BU,61_120,very_high,15_30,Y,V,1,0.5967889589738995,20.560331753755985
155.0,53.1901487,6.697916666666667,2,2,0,0,0,0,0,1,0,4,1,162.83333333333334,20.0,21.8373038,4,0,SPECIAL EQUIPMENT,LOWER ZENITH,LANG_02,Round-Trip,google,Direct,Paid Search,Logged-In,AREA_C,AREA_C,AREA_C_TO_AREA_C,CE,CE,120_plus,mid,6_8,Y,W,0,0.941441313116779,20.55853996440203
93.0,87.3406492,7.517361111111111,2,2,0,0,0,0,0,0,0,2,1,182.58333333333334,19.0,22.48575,2,1,SPECIAL EQUIPMENT,UPPER APEX,LANG_09,Round-Trip,google,Organic Search,Organic Search,Logged-Out,AREA_C,AREA_B,AREA_C_TO_AREA_B,CA,BI,61_120,high,6_8,Y,L,0,0.9140931692240054,20.55407047987868
116.0,74.7113671,7.111111111111111,2,2,0,0,0,0,0,0,0,2,1,172.5,9.0,24.62725,2,1,SPECIAL EQUIPMENT,GREAT MERIDIAN,LANG_02,Round-Trip,mozilla,Direct,Direct,Logged-Out,AREA_C,AREA_C,AREA_C_TO_AREA_C,CA,CU,61_120,high,6_8,Y,O,0,0.8345364290728565,20.552337272884508
35.0,32.859604299999994,,2,2,0,0,0,0,0,1,0,2,1,4.25,14.0,24.4396546,5,0,SPECIAL EQUIPMENT,LOWER ZENITH,LANG_02,One-Way,google,Paid Search,Paid Search,Logged-In,AREA_D,AREA_C,AREA_D_TO_AREA_C,DA,CE,31_60,low,unknown_or_oneway,Y,W,0,0.8408229454090779,20.54942236555252
37.0,22.943174399999997,6.038194444444445,1,1,0,0,0,0,0,1,0,5,1,147.08333333333334,17.0,23.1778828,3,0,SPECIAL EQUIPMENT,LOWER ZENITH,LANG_02,Round-Trip,google,Paid Search,Paid Search,Logged-In,AREA_C,AREA_B,AREA_C_TO_AREA_B,CE,BI,31_60,low,6_8,Y,V,0,0.886456885240196,20.546193793350312
6.0,29.8837759,3.392361111111111,1,1,0,0,0,0,0,0,0,4,1,84.16666666666667,20.0,42.5695936,6,0,SPECIAL EQUIPMENT,NEW MERIDIAN,LANG_02,Round-Trip,google,Paid Search,Paid Search,Logged-Out,AREA_C,AREA_D,AREA_C_TO_AREA_D,CI,DA,4_7,low,3_5,Y,L,0,0.4826183833661864,20.544868443787554
48.0,30.978938999999997,10.395833333333334,1,1,0,0,0,0,0,0,0,4,1,252.25,7.0,21.787621,3,0,SPECIAL EQUIPMENT,NEW MERIDIAN,LANG_02,Round-Trip,apple,Paid Search,Paid Search,Logged-Out,AREA_C,AREA_C,AREA_C_TO_AREA_C,CI,CI,31_60,low,9_14,Y,L,0,0.9427967468343258,20.54129820005924
28.0,53.2167033,7.385416666666667,2,2,0,0,0,0,0,0,0,2,1,179.25,18.0,85.66,2,1,SPECIAL EQUIPMENT,UPPER VERTEX,LANG_11,Round-Trip,apple,MetaSearches,MetaSearches,Logged-Out,AREA_C,AREA_B,AREA_C_TO_AREA_B,CA,BE,15_30,mid,6_8,Y,O,0,0.23977391146662086,20.53903325623074
96.0,110.0593944,15.125,3,2,1,0,0,0,1,0,0,2,1,368.0833333333333,10.0,42.83,2,1,SPECIAL EQUIPMENT,UPPER APEX,LANG_09,Round-Trip,microsoft,Paid Search,Paid Search,Logged-Out,AREA_C,AREA_B,AREA_C_TO_AREA_B,CA,BO,61_120,very_high,15_30,Y,O,0,0.4794605569662258,20.53529565486345
109.0,209.7003913,17.76388888888889,4,2,1,1,0,1,1,0,0,2,1,430.0,1.0,77.496602,3,1,SPECIAL EQUIPMENT,LOWER VERTEX,LANG_02,Round-Trip,google,Direct,Direct,Logged-Out,AREA_D,AREA_C,AREA_D_TO_AREA_C,DA,CA,61_120,very_high,15_30,Y,O,0,0.2649290435810913,20.531100648644486
26.0,84.6954684,2.59375,3,2,1,0,0,0,1,0,0,2,1,64.16666666666667,22.0,85.66,4,1,SPECIAL EQUIPMENT,UPPER APEX,LANG_09,Round-Trip,apple,Direct,Direct,Logged-Out,AREA_C,AREA_B,AREA_C_TO_AREA_B,CA,BE,15_30,high,3_5,Y,O,0,0.23961748892188228,20.525634101048436
55.0,30.5399315,9.541666666666666,1,1,0,0,0,0,0,1,0,2,1,230.66666666666666,20.0,23.021125,6,1,SPECIAL EQUIPMENT,UPPER APEX,LANG_02,Round-Trip,google,Organic Search,Organic Search,Logged-In,AREA_C,AREA_C,AREA_C_TO_AREA_C,CA,CE,31_60,low,9_14,Y,W,0,0.8915219169626594,20.523837490637003
134.0,203.7731476,6.934027777777778,6,2,0,4,0,1,0,1,1,4,1,167.33333333333334,10.0,21.415,4,0,SPECIAL EQUIPMENT,UPPER APEX,LANG_02,Round-Trip,apple,Organic Search,Organic Search,Logged-In,AREA_C,AREA_B,AREA_C_TO_AREA_B,CE,BI,120_plus,very_high,6_8,Y,V,0,0.9579287406489349,20.514043980996938
61.0,48.1683312,3.513888888888889,2,2,0,0,0,0,0,0,0,2,1,86.33333333333333,11.0,85.66,3,1,SPECIAL EQUIPMENT,UPPER APEX,LANG_09,Round-Trip,apple,Direct,Direct,Logged-Out,AREA_C,AREA_B,AREA_C_TO_AREA_B,CA,BE,61_120,mid,3_5,Y,S,0,0.23947289232977306,20.51324795696836
278.0,193.583034,14.180555555555555,3,2,1,0,0,0,1,1,0,2,1,345.4166666666667,21.0,42.83,2,1,SPECIAL EQUIPMENT,UPPER APEX,LANG_02,Round-Trip,google,Direct,Direct,Logged-In,AREA_C,AREA_B,AREA_C_TO_AREA_B,CA,BO,120_plus,very_high,15_30,Y,S,0,0.4788669209612687,20.509870224771138
97.0,398.353264,,2,2,0,0,0,0,0,0,0,2,1,-424.3333333333333,13.0,42.4017,1,1,SPECIAL EQUIPMENT,UPPER APEX,LANG_09,Round-Trip,microsoft,Direct,Direct,Logged-Out,AREA_C,AREA_B,AREA_C_TO_AREA_B,CA,BU,61_120,very_high,unknown_or_oneway,Y,V,0,0.4834157339199331,20.497648924952827
43.0,42.3580134,3.8993055555555554,3,3,0,0,0,0,0,1,0,2,1,95.5,21.0,85.66,5,1,SPECIAL EQUIPMENT,UPPER APEX,LANG_09,Round-Trip,google,Paid Search,Paid Search,Logged-In,AREA_C,AREA_B,AREA_C_TO_AREA_B,CA,BE,31_60,mid,3_5,Y,O,0,0.23927719216059468,20.49648428047654
31.0,30.5630597,9.541666666666666,1,1,0,0,0,0,0,0,1,2,1,230.66666666666666,22.0,23.021125,6,1,SPECIAL EQUIPMENT,UPPER APEX,LANG_02,Round-Trip,google,Direct,Email,Logged-Out,AREA_C,AREA_C,AREA_C_TO_AREA_C,CA,CE,31_60,low,9_14,Y,L,0,0.8902615244333151,20.494821836669903
14.0,281.99357660000004,4.4375,2,2,0,0,0,0,0,1,0,2,1,110.25,21.0,42.83,2,1,SPECIAL EQUIPMENT,UPPER APEX,LANG_09,Round-Trip,apple,Direct,Direct,Logged-In,AREA_C,AREA_C,AREA_C_TO_AREA_C,CA,CE,8_14,very_high,3_5,Y,L,0,0.4784729017076683,20.492994380139432
51.0,26.8218592,4.385416666666667,2,2,0,0,0,0,0,0,0,2,1,107.25,20.0,85.66,6,1,SPECIAL EQUIPMENT,UPPER APEX,LANG_09,Round-Trip,apple,Paid Search,Paid Search,Logged-Out,AREA_C,AREA_B,AREA_C_TO_AREA_B,CA,BE,31_60,low,3_5,Y,O,0,0.2391893491763778,20.48895965044852
13.0,68.1699412,7.100694444444445,1,1,0,0,0,0,0,0,0,2,1,171.91666666666666,9.0,24.091875,3,1,SPECIAL EQUIPMENT,UPPER APEX,LANG_09,Round-Trip,apple,Direct,Direct,Logged-Out,AREA_C,AREA_B,AREA_C_TO_AREA_B,CA,BI,8_14,high,6_8,Y,V,0,0.8503907386593554,20.48750737693886
108.0,117.2222836,6.121527777777778,2,2,0,0,0,0,0,0,0,2,1,149.08333333333334,11.0,24.62725,3,1,SPECIAL EQUIPMENT,UPPER APEX,LANG_09,Round-Trip,mozilla,Paid Search,Paid Search,Logged-Out,AREA_C,AREA_C,AREA_C_TO_AREA_C,CA,CI,61_120,very_high,6_8,Y,W,0,0.8316181212939682,20.480467377636877
15.0,82.6751773,2.9791666666666665,4,4,0,0,0,0,0,0,0,4,1,73.58333333333333,9.0,23.1778828,5,0,SPECIAL EQUIPMENT,LOWER ZENITH,LANG_02,Round-Trip,google,Paid Search,Paid Search,Logged-Out,AREA_C,AREA_B,AREA_C_TO_AREA_B,CE,BI,15_30,high,3_5,Y,W,0,0.88321091101595,20.470958983208916
72.0,76.3196336,8.458333333333334,2,2,0,0,0,0,0,0,0,2,1,205.33333333333334,18.0,24.091875,6,1,SPECIAL EQUIPMENT,UPPER APEX,LANG_09,Round-Trip,opera,Paid Search,Paid Search,Logged-Out,AREA_C,AREA_C,AREA_C_TO_AREA_C,CA,CU,61_120,high,9_14,Y,O,0,0.8496037612135705,20.46854761468719
51.0,94.1630399,6.673611111111111,3,3,0,0,0,0,0,0,0,4,1,162.91666666666666,13.0,21.7901908,4,0,SPECIAL EQUIPMENT,GREAT MERIDIAN,LANG_02,Round-Trip,google,Paid Search,Paid Search,Logged-Out,AREA_C,AREA_C,AREA_C_TO_AREA_C,CI,CE,31_60,high,6_8,Y,O,0,0.9390955686448728,20.463071620206275
94.0,608.965506,6.642361111111111,4,4,0,0,0,0,0,0,0,2,1,165.33333333333334,22.0,82.87605,4,0,SPECIAL EQUIPMENT,UPPER APEX,LANG_09,Round-Trip,google,Paid Search,Paid Search,Logged-Out,AREA_B,AREA_C,AREA_B_TO_AREA_C,BE,CA,61_120,very_high,6_8,Y,W,0,0.2468369714199121,20.456873185245207
34.0,188.75395149999997,6.684027777777778,3,2,1,0,0,0,1,0,0,4,1,162.75,21.0,21.710527,4,0,SPECIAL EQUIPMENT,OLD ZENITH,LANG_02,Round-Trip,google,Paid Search,Paid Search,Logged-Out,AREA_B,AREA_C,AREA_B_TO_AREA_C,BU,CE,31_60,very_high,6_8,Y,S,0,0.9421626062539491,20.454846701466728
302.0,180.93619160000003,13.13888888888889,2,2,0,0,0,0,0,0,0,2,1,319.1666666666667,20.0,50.2841332,2,1,SPECIAL EQUIPMENT,UPPER APEX,LANG_09,Round-Trip,google,Paid Search,Paid Search,Logged-Out,AREA_C,AREA_C,AREA_C_TO_AREA_C,CA,CE,120_plus,very_high,9_14,Y,L,0,0.40669799637152715,20.450456221718987
35.0,270.2119002,9.510416666666666,4,4,0,0,0,0,0,0,0,4,1,233.0,11.0,21.8424434,2,0,SPECIAL EQUIPMENT,NEW HORIZON,LANG_02,Round-Trip,google,Paid Search,Paid Search,Logged-Out,AREA_C,AREA_B,AREA_C_TO_AREA_B,CE,BI,31_60,very_high,9_14,Y,S,1,0.9362164749988333,20.449255365309533
150.0,23.596331900000003,3.204861111111111,1,1,0,0,0,0,0,0,0,4,1,77.83333333333333,21.0,24.62725,3,0,SPECIAL EQUIPMENT,UPPER APEX,LANG_02,Round-Trip,apple,Direct,Direct,Logged-Out,AREA_B,AREA_C,AREA_B_TO_AREA_C,BE,CE,120_plus,low,3_5,Y,L,0,0.8302615815116445,20.447059533282648
114.0,46.3000866,4.517361111111111,2,2,0,0,0,0,0,0,0,2,1,110.75,19.0,72.275625,6,1,SPECIAL EQUIPMENT,UPPER APEX,LANG_09,Round-Trip,microsoft,Direct,Direct,Logged-Out,AREA_C,AREA_C,AREA_C_TO_AREA_C,CA,CU,61_120,mid,3_5,Y,L,0,0.282885372498754,20.44571710070526
16.0,92.4725398,9.128472222222221,1,1,0,0,0,0,0,1,1,2,1,221.25,18.0,24.091875,6,1,SPECIAL EQUIPMENT,UPPER APEX,LANG_02,Round-Trip,apple,Organic Search,Organic Search,Logged-In,AREA_C,AREA_B,AREA_C_TO_AREA_B,CA,BI,15_30,high,9_14,Y,Q,0,0.8484201065323005,20.44003115406287
2.0,107.9650074,4.756944444444445,2,2,0,0,0,0,0,0,0,2,1,115.66666666666667,11.0,42.83,4,1,SPECIAL EQUIPMENT,UPPER APEX,LANG_09,Round-Trip,mozilla,Email,Organic Search,Logged-Out,AREA_C,AREA_B,AREA_C_TO_AREA_B,CA,BI,0_3,very_high,3_5,Y,W,0,0.4770805157805072,20.433358490879122
114.0,87.8576073,9.222222222222221,1,1,0,0,0,0,0,0,0,2,1,235.91666666666666,22.0,38.547,5,1,SPECIAL EQUIPMENT,UPPER APEX,LANG_09,Round-Trip,samsung,Direct,Direct,Logged-Out,AREA_C,AREA_B,AREA_C_TO_AREA_B,CA,BI,61_120,high,9_14,Y,O,0,0.5299754809072135,20.428964862530357
43.0,33.3778473,6.385416666666667,1,1,0,0,0,0,0,0,0,4,1,156.08333333333334,13.0,21.7679192,4,0,SPECIAL EQUIPMENT,NEW APEX,LANG_02,Round-Trip,apple,Direct,Paid Search,Logged-Out,AREA_C,AREA_B,AREA_C_TO_AREA_B,CU,BI,31_60,low,6_8,Y,O,1,0.938486527252436,20.428898895519627
15.0,100.860367,5.6875,1,1,0,0,0,0,0,0,0,4,1,139.16666666666666,9.0,21.7901908,4,0,SPECIAL EQUIPMENT,CENTRAL AURORA,LANG_02,Round-Trip,google,Paid Search,Paid Search,Logged-Out,AREA_C,AREA_C,AREA_C_TO_AREA_C,CI,CE,15_30,high,6_8,Y,S,0,0.9373994642785035,20.42611318244638
117.0,125.1308431,12.21875,1,1,0,0,0,0,0,1,0,2,1,313.8333333333333,14.0,38.547,4,1,SPECIAL EQUIPMENT,UPPER APEX,LANG_09,Round-Trip,google,Direct,Direct,Logged-In,AREA_C,AREA_D,AREA_C_TO_AREA_D,CA,DA,61_120,very_high,9_14,Y,L,0,0.5298809667405545,20.425321624948154
163.0,211.3107993,12.496527777777779,1,1,0,0,0,0,0,0,0,4,1,302.0833333333333,21.0,76.224551,5,0,SPECIAL EQUIPMENT,NORTH ZENITH,LANG_06,Round-Trip,apple,Direct,Paid Search,Logged-Out,AREA_C,AREA_B,AREA_C_TO_AREA_B,CI,BU,120_plus,very_high,9_14,Y,T,0,0.267937019991559,20.42337904513461
17.0,32.7979291,6.829861111111111,1,1,0,0,0,0,0,0,0,4,1,167.08333333333334,16.0,22.8617974,1,0,SPECIAL EQUIPMENT,GREAT MERIDIAN,LANG_03,Round-Trip,google,Paid Search,Paid Search,Logged-Out,AREA_B,AREA_C,AREA_B_TO_AREA_C,BO,CI,15_30,low,6_8,Y,L,0,0.893285425152884,20.4221104102181
270.0,101.9114152,6.173611111111111,4,4,0,0,0,0,0,0,0,2,1,151.16666666666666,23.0,44.9715,3,1,SPECIAL EQUIPMENT,UPPER APEX,LANG_09,Round-Trip,samsung,Direct,Direct,Logged-Out,AREA_C,AREA_B,AREA_C_TO_AREA_B,CA,BO,120_plus,high,6_8,Y,W,0,0.4540369701187307,20.418723601694495
20.0,36.7412872,5.673611111111111,2,2,0,0,0,0,0,0,0,4,1,137.08333333333334,15.0,23.021125,4,0,SPECIAL EQUIPMENT,UPPER APEX,LANG_02,Round-Trip,apple,Direct,Direct,Logged-Out,AREA_B,AREA_C,AREA_B_TO_AREA_C,BE,CE,15_30,mid,6_8,Y,W,0,0.8868568648683891,20.416442743243294
66.0,36.8192378,8.479166666666666,1,1,0,0,0,0,0,0,0,2,1,205.16666666666666,15.0,24.62725,3,1,SPECIAL EQUIPMENT,UPPER APEX,LANG_09,Round-Trip,google,Direct,Direct,Logged-Out,AREA_C,AREA_C,AREA_C_TO_AREA_C,CA,CU,61_120,mid,9_14,Y,W,0,0.8289321345874354,20.414318911518418
9.0,27.950858,5.673611111111111,1,1,0,0,0,0,0,1,0,4,1,137.08333333333334,9.0,24.62725,4,0,SPECIAL EQUIPMENT,UPPER APEX,LANG_09,Round-Trip,google,Paid Search,Paid Search,Logged-In,AREA_B,AREA_C,AREA_B_TO_AREA_C,BE,CE,8_14,low,6_8,Y,L,0,0.8285865893751395,20.405809083188906
33.0,36.9802786,9.541666666666666,1,1,0,0,0,0,0,1,0,2,1,230.66666666666666,22.0,23.021125,6,1,SPECIAL EQUIPMENT,UPPER APEX,LANG_02,Round-Trip,apple,Direct,Direct,Logged-In,AREA_C,AREA_C,AREA_C_TO_AREA_C,CA,CE,31_60,mid,9_14,Y,V,0,0.8860910841255644,20.398813609040133
45.0,30.7767814,,1,1,0,0,0,0,0,0,0,2,1,6.833333333333333,22.0,24.5253146,5,0,SPECIAL EQUIPMENT,NEW MERIDIAN,LANG_02,One-Way,google,Paid Search,Paid Search,Logged-Out,AREA_C,AREA_C,AREA_C_TO_AREA_C,CU,CI,31_60,low,unknown_or_oneway,Y,S,0,0.8313898523708168,20.390097684641837
10.0,29.7300162,8.51388888888889,1,1,0,0,0,0,0,0,0,2,1,206.41666666666666,18.0,23.021125,6,1,SPECIAL EQUIPMENT,UPPER APEX,LANG_09,Round-Trip,google,Direct,Display,Logged-Out,AREA_C,AREA_C,AREA_C_TO_AREA_C,CA,CI,8_14,low,9_14,Y,L,1,0.8856099527845137,20.38773742429639
80.0,19.2953433,,1,1,0,0,0,0,0,0,0,2,1,5.166666666666667,16.0,32.8767363,3,0,SPECIAL EQUIPMENT,LOWER ZENITH,LANG_02,One-Way,google,Direct,MetaSearches,Logged-Out,AREA_B,AREA_C,AREA_B_TO_AREA_C,BA,CE,61_120,very_low,unknown_or_oneway,Y,U,0,0.620109841267397,20.38718772838307
19.0,240.9350254,14.23611111111111,2,2,0,0,0,0,0,1,0,2,1,356.0833333333333,17.0,42.4017,1,1,SPECIAL EQUIPMENT,UPPER APEX,LANG_09,Round-Trip,apple,Direct,Direct,Logged-In,AREA_C,AREA_B,AREA_C_TO_AREA_B,CA,BI,15_30,very_high,15_30,Y,L,0,0.480809165504798,20.387125992984792
9.0,26.880108,5.673611111111111,1,1,0,0,0,0,0,1,0,4,1,137.08333333333334,9.0,24.62725,4,0,SPECIAL EQUIPMENT,UPPER APEX,LANG_09,Round-Trip,google,Paid Search,Paid Search,Logged-In,AREA_B,AREA_C,AREA_B_TO_AREA_C,BE,CE,8_14,low,6_8,Y,U,0,0.8276765282870534,20.383396781257336
7.0,104.265352,2.892361111111111,2,2,0,0,0,0,0,0,0,2,1,70.91666666666667,17.0,42.83,5,1,SPECIAL EQUIPMENT,UPPER APEX,LANG_09,Round-Trip,google,Paid Search,Paid Search,Logged-Out,AREA_C,AREA_B,AREA_C_TO_AREA_B,CA,BI,4_7,very_high,3_5,Y,U,0,0.47589240598171617,20.382471748196902
70.0,235.0630324,,2,2,0,0,0,0,0,0,0,3,1,-149.08333333333334,20.0,32.3683442,1,1,SPECIAL EQUIPMENT,NORTH MERIDIAN,LANG_02,Round-Trip,google,Paid Search,Organic Search,Logged-Out,AREA_B,AREA_C,AREA_B_TO_AREA_C,BI,CA,61_120,very_high,unknown_or_oneway,Y,O,0,0.6296625048122643,20.381132685597528
180.0,39.9406882,5.784722222222222,1,1,0,0,0,0,0,0,0,4,1,139.75,11.0,21.415,4,0,SPECIAL EQUIPMENT,UPPER APEX,LANG_09,Round-Trip,google,Paid Search,Paid Search,Logged-Out,AREA_C,AREA_C,AREA_C_TO_AREA_C,CE,CE,120_plus,mid,6_8,Y,L,0,0.9515601744124005,20.377661135041556
4.0,58.364441,7.225694444444445,1,1,0,0,0,0,0,0,0,4,1,175.5,22.0,64.0454122,2,0,SPECIAL EQUIPMENT,LOWER ZENITH,LANG_02,Round-Trip,google,Paid Search,Paid Search,Logged-Out,AREA_C,AREA_B,AREA_C_TO_AREA_B,CE,BE,4_7,high,6_8,Y,K,0,0.3181716588691183,20.377435042630466
61.0,32.4445816,5.159722222222222,2,2,0,0,0,0,0,0,0,2,1,125.75,21.0,85.66,4,1,SPECIAL EQUIPMENT,UPPER APEX,LANG_09,Round-Trip,google,Paid Search,Paid Search,Logged-Out,AREA_C,AREA_B,AREA_C_TO_AREA_B,CA,BE,61_120,low,6_8,Y,O,0,0.23788456657824436,20.377191973092412
51.0,121.6658961,10.697916666666666,2,2,0,0,0,0,0,0,0,4,1,258.8333333333333,16.0,21.8373038,2,0,SPECIAL EQUIPMENT,LOWER ZENITH,LANG_02,Round-Trip,google,Paid Search,Paid Search,Logged-Out,AREA_C,AREA_C,AREA_C_TO_AREA_C,CE,CE,31_60,very_high,9_14,Y,T,0,0.9330927365841867,20.37622956236226
2.0,61.456767000000006,3.392361111111111,2,2,0,0,0,0,0,0,0,4,1,84.16666666666667,12.0,24.5698578,6,0,SPECIAL EQUIPMENT,NEW MERIDIAN,LANG_02,Round-Trip,google,MetaSearches,MetaSearches,Logged-Out,AREA_C,AREA_C,AREA_C_TO_AREA_C,CI,CI,0_3,high,3_5,Y,L,0,0.8292677752349262,20.3749913156445
65.0,69.6826968,7.756944444444445,4,2,1,1,0,1,1,0,0,2,1,188.41666666666666,17.0,24.091875,3,1,SPECIAL EQUIPMENT,UPPER APEX,LANG_09,Round-Trip,apple,Direct,Direct,Logged-Out,AREA_C,AREA_C,AREA_C_TO_AREA_C,CA,CI,61_120,high,6_8,Y,U,1,0.8456989319381124,20.374472955886514
117.0,75.9581484,5.746527777777778,1,1,0,0,0,0,0,0,0,4,1,142.75,15.0,21.1126202,4,0,SPECIAL EQUIPMENT,NEW HORIZON,LANG_02,Round-Trip,google,Paid Search,Organic Search,Logged-Out,AREA_C,AREA_D,AREA_C_TO_AREA_D,CE,DA,61_120,high,6_8,Y,Q,0,0.964859886659051,20.37072033324759
167.0,106.6698282,28.34375,1,1,0,0,0,0,0,0,0,2,1,694.8333333333334,20.0,38.547,5,1,SPECIAL EQUIPMENT,UPPER APEX,LANG_09,Round-Trip,apple,Direct,MetaSearches,Logged-Out,AREA_C,AREA_B,AREA_C_TO_AREA_B,CA,BI,120_plus,very_high,15_30,Y,U,0,0.528408450940166,20.368560558390577
40.0,420.7006731,8.48263888888889,3,3,0,0,0,0,0,1,0,2,1,224.16666666666666,18.0,38.547,2,1,SPECIAL EQUIPMENT,UPPER APEX,LANG_09,Round-Trip,apple,Direct,Direct,Logged-In,AREA_C,AREA_D,AREA_C_TO_AREA_D,CA,DA,31_60,very_high,9_14,Y,T,0,0.5283099859810656,20.364765029612133
2.0,140.89699439999998,6.600694444444445,2,2,0,0,0,0,0,0,0,3,1,160.58333333333334,21.0,24.091875,4,0,SPECIAL EQUIPMENT,UPPER APEX,LANG_09,Round-Trip,microsoft,Paid Search,Paid MetaSearches,Logged-Out,AREA_C,AREA_B,AREA_C_TO_AREA_B,CE,BI,0_3,very_high,6_8,Y,T,0,0.8448845895097254,20.35485391989462
54.0,27.751698500000003,7.618055555555555,1,1,0,0,0,0,0,0,0,5,1,185.66666666666666,12.0,21.3730266,6,0,SPECIAL EQUIPMENT,NEW APEX,LANG_02,Round-Trip,google,MetaSearches,MetaSearches,Logged-Out,AREA_C,AREA_B,AREA_C_TO_AREA_B,CU,BI,31_60,low,6_8,Y,O,0,0.9520526081105203,20.348245717745524
43.0,30.23798,5.34375,2,2,0,0,0,0,0,0,0,4,1,130.33333333333334,19.0,23.1778828,4,0,SPECIAL EQUIPMENT,SOUTH MERIDIAN,LANG_01,Round-Trip,apple,Direct,Paid Search,Logged-Out,AREA_C,AREA_B,AREA_C_TO_AREA_B,CE,BI,31_60,low,6_8,Y,U,0,0.8778727187894596,20.34723098941945
81.0,142.3429352,7.111111111111111,4,2,0,2,0,1,0,0,0,2,1,172.5,19.0,24.091875,2,1,SPECIAL EQUIPMENT,UPPER APEX,LANG_09,Round-Trip,mozilla,Direct,Email,Logged-Out,AREA_C,AREA_C,AREA_C_TO_AREA_C,CA,CU,61_120,very_high,6_8,Y,O,0,0.8442204622760203,20.3388538495961
151.0,124.6498622,7.611111111111111,1,1,0,0,0,0,0,0,0,2,1,187.33333333333334,7.0,38.547,2,1,SPECIAL EQUIPMENT,UPPER APEX,LANG_09,Round-Trip,apple,Direct,Direct,Logged-Out,AREA_C,AREA_B,AREA_C_TO_AREA_B,CA,BO,120_plus,very_high,6_8,Y,U,0,0.527332803885235,20.32709759136415
10.0,15.0221942,5.690972222222222,1,1,0,0,0,0,0,0,0,4,1,138.66666666666666,16.0,23.4203006,3,0,SPECIAL EQUIPMENT,LOWER ZENITH,LANG_02,Round-Trip,apple,Direct,Direct,Logged-Out,AREA_C,AREA_B,AREA_C_TO_AREA_B,CE,BI,8_14,very_low,6_8,Y,U,0,0.8674874084417031,20.316815872419667
23.0,81.9946086,6.513888888888889,3,3,0,0,0,0,0,0,0,2,1,158.41666666666666,21.0,24.62725,3,1,SPECIAL EQUIPMENT,UPPER APEX,LANG_09,Round-Trip,apple,Direct,Direct,Logged-Out,AREA_C,AREA_C,AREA_C_TO_AREA_C,CA,CI,15_30,high,6_8,Y,O,1,0.8249049885908343,20.315141380273623
266.0,111.8595393,10.222222222222221,1,1,0,0,0,0,0,0,0,2,1,265.9166666666667,20.0,38.547,4,1,SPECIAL EQUIPMENT,UPPER APEX,LANG_09,Round-Trip,google,Direct,Direct,Logged-Out,AREA_C,AREA_D,AREA_C_TO_AREA_D,CA,DA,120_plus,very_high,9_14,Y,U,0,0.5269891078176211,20.31384913904584
39.0,42.6406914,3.5208333333333335,3,2,1,0,0,0,1,0,0,2,1,86.83333333333333,19.0,72.275625,3,1,SPECIAL EQUIPMENT,UPPER APEX,LANG_09,Round-Trip,mozilla,Display,Display,Logged-Out,AREA_C,AREA_C,AREA_C_TO_AREA_C,CA,CU,31_60,mid,3_5,Y,O,0,0.2809842742201588,20.308314034433366
0.0,118.0947307,9.67361111111111,2,2,0,0,0,0,0,0,0,4,1,234.91666666666666,8.0,21.2428234,6,0,SPECIAL EQUIPMENT,NEW MERIDIAN,LANG_10,Round-Trip,google,Paid Search,Email,Logged-Out,AREA_C,AREA_C,AREA_C_TO_AREA_C,CI,CE,invalid_or_past,very_high,9_14,Y,T,0,0.9559263907981975,20.306575503125494
16.0,70.1688173,5.069444444444445,1,1,0,0,0,0,0,1,0,4,1,122.66666666666667,21.0,40.6885,4,0,SPECIAL EQUIPMENT,UPPER APEX,LANG_09,Round-Trip,apple,Direct,Direct,Logged-In,AREA_C,AREA_B,AREA_C_TO_AREA_B,CE,BU,15_30,high,6_8,Y,V,0,0.4990460770569977,20.30543630633365
23.0,107.8086779,6.423611111111111,2,2,0,0,0,0,0,0,0,4,1,155.08333333333334,22.0,21.8373038,4,0,SPECIAL EQUIPMENT,LOWER ZENITH,LANG_02,Round-Trip,google,Paid Search,Paid Search,Logged-Out,AREA_C,AREA_C,AREA_C_TO_AREA_C,CE,CE,15_30,very_high,6_8,Y,W,0,0.9295518598808455,20.29890636207306
17.0,62.8812928,11.51736111111111,2,1,1,0,0,0,1,0,0,2,1,278.4166666666667,19.0,24.091875,6,1,SPECIAL EQUIPMENT,UPPER APEX,LANG_09,Round-Trip,google,Display,Email,Logged-Out,AREA_C,AREA_B,AREA_C_TO_AREA_B,CA,BI,15_30,high,9_14,Y,L,1,0.8425539988807146,20.29870562178432
79.0,94.2525546,9.21875,1,1,0,0,0,0,0,0,0,2,1,235.66666666666666,19.0,38.547,5,1,SPECIAL EQUIPMENT,UPPER APEX,LANG_09,Round-Trip,google,Direct,Paid Search,Logged-Out,AREA_C,AREA_B,AREA_C_TO_AREA_B,CA,BI,61_120,high,9_14,Y,U,0,0.5264301472883804,20.2923028875252
102.0,29.9184682,9.135416666666666,1,1,0,0,0,0,0,1,1,2,1,221.58333333333334,17.0,22.48575,3,1,SPECIAL EQUIPMENT,UPPER APEX,LANG_02,Round-Trip,google,Direct,Paid Search,Logged-In,AREA_C,AREA_C,AREA_C_TO_AREA_C,CA,CU,61_120,low,9_14,Y,U,1,0.9023885827436976,20.290884074429098
107.0,36.4834506,4.159722222222222,3,3,0,0,0,0,0,0,0,2,1,101.75,16.0,85.66,5,1,SPECIAL EQUIPMENT,UPPER APEX,LANG_09,Round-Trip,google,Paid Search,Organic Search,Logged-Out,AREA_C,AREA_B,AREA_C_TO_AREA_B,CA,BE,61_120,mid,3_5,Y,O,0,0.23685730663357038,20.28919688623164
88.0,39.4674167,8.697916666666666,1,1,0,0,0,0,0,1,0,4,1,210.83333333333334,13.0,21.8373038,2,0,SPECIAL EQUIPMENT,LOWER ZENITH,LANG_02,Round-Trip,apple,Direct,Direct,Logged-In,AREA_C,AREA_C,AREA_C_TO_AREA_C,CE,CE,61_120,mid,9_14,Y,W,0,0.928848063986918,20.283537357324168
65.0,302.7956793,9.222222222222221,3,3,0,0,0,0,0,0,0,2,1,235.91666666666666,15.0,38.547,5,1,SPECIAL EQUIPMENT,UPPER APEX,LANG_09,Round-Trip,google,Paid Search,Paid Search,Logged-Out,AREA_C,AREA_B,AREA_C_TO_AREA_B,CA,BI,61_120,very_high,9_14,Y,L,0,0.526151735350076,20.28157094253938
24.0,25.4504426,6.746527777777778,1,1,0,0,0,0,0,0,0,4,1,163.0,10.0,24.0357677,3,0,SPECIAL EQUIPMENT,WEST VERTEX,LANG_02,Round-Trip,samsung,Email,Email,Logged-Out,AREA_C,AREA_C,AREA_C_TO_AREA_C,CI,CU,15_30,low,6_8,Y,W,0,0.8436151811050371,20.2769385212341
56.0,17.5842848,9.027777777777779,2,2,0,0,0,0,0,0,0,2,1,218.66666666666666,17.0,85.66,6,1,SPECIAL EQUIPMENT,UPPER APEX,LANG_09,Round-Trip,opera,Affiliate,Referrals,Logged-Out,AREA_C,AREA_B,AREA_C_TO_AREA_B,CA,BE,31_60,very_low,9_14,Y,O,0,0.23669534753867305,20.275323470162732
132.0,47.5978356,7.041666666666667,1,1,0,0,0,0,0,0,0,2,1,170.5,22.0,23.021125,4,1,SPECIAL EQUIPMENT,UPPER APEX,LANG_09,Round-Trip,google,Direct,Email,Logged-Out,AREA_C,AREA_B,AREA_C_TO_AREA_B,CA,BI,120_plus,mid,6_8,Y,U,0,0.8807006118788719,20.274718873639998
22.0,218.552924,7.517361111111111,2,2,0,0,0,0,0,0,0,2,1,182.58333333333334,11.0,23.021125,4,1,SPECIAL EQUIPMENT,UPPER APEX,LANG_09,Round-Trip,apple,Direct,Direct,Logged-Out,AREA_C,AREA_B,AREA_C_TO_AREA_B,CA,BI,15_30,very_high,6_8,Y,Q,0,0.880578542334106,20.271908695391247
0.0,143.21324080000002,,2,2,0,0,0,0,0,0,0,1,0,9.083333333333334,13.0,42.83,4,1,SPECIAL EQUIPMENT,UPPER APEX,LANG_02,Round-Trip,google,Direct,Paid Search,Logged-Out,AREA_C,AREA_C,AREA_C_TO_AREA_C,CA,CE,invalid_or_past,very_high,unknown_or_oneway,Y,O,0,0.4732778647177299,20.27049094586037
26.0,210.1578157,7.78125,2,2,0,0,0,0,0,0,0,5,1,190.08333333333334,20.0,41.5502396,4,0,SPECIAL EQUIPMENT,LOWER VERTEX,LANG_02,Round-Trip,google,Organic Search,MetaSearches,Logged-Out,AREA_B,AREA_B,AREA_B_TO_AREA_B,BU,BE,15_30,very_high,6_8,Y,U,0,0.4878349098543331,20.26965738969194
104.0,92.6892596,11.270833333333334,1,1,0,0,0,0,0,0,0,2,1,290.0833333333333,20.0,38.547,2,1,SPECIAL EQUIPMENT,UPPER APEX,LANG_09,Round-Trip,google,Direct,Organic Search,Logged-Out,AREA_C,AREA_D,AREA_C_TO_AREA_D,CA,DA,61_120,high,9_14,Y,O,0,0.5257548575453604,20.266272493801008
15.0,20.0474381,12.04513888888889,1,1,0,0,0,0,0,0,0,4,1,290.9166666666667,18.0,23.8764401,6,0,SPECIAL EQUIPMENT,SOUTH VERTEX,LANG_02,Round-Trip,google,MetaSearches,MetaSearches,Logged-Out,AREA_C,AREA_C,AREA_C_TO_AREA_C,CU,CE,15_30,very_low,9_14,Y,O,0,0.8487691532685937,20.265585846745296
20.0,74.0093834,7.361111111111111,1,1,0,0,0,0,0,0,0,4,1,179.41666666666666,22.0,21.787621,3,0,SPECIAL EQUIPMENT,NEW MERIDIAN,LANG_02,Round-Trip,google,Direct,Paid Search,Logged-Out,AREA_C,AREA_C,AREA_C_TO_AREA_C,CI,CI,15_30,high,6_8,Y,T,0,0.9300356847965655,20.263265016823034
24.0,98.9617131,10.13888888888889,3,2,1,0,0,0,1,1,0,2,1,245.66666666666666,9.0,23.2661126,6,1,SPECIAL EQUIPMENT,UPPER APEX,LANG_09,Round-Trip,google,Organic Search,Organic Search,Logged-In,AREA_C,AREA_C,AREA_C_TO_AREA_C,CA,CU,15_30,high,9_14,Y,L,0,0.8708233263572578,20.260673565734507
28.0,49.3140337,7.715277777777778,2,1,1,0,0,0,1,0,0,4,1,187.91666666666666,13.0,21.787621,3,0,SPECIAL EQUIPMENT,NEW MERIDIAN,LANG_02,Round-Trip,microsoft,Paid Search,Paid Search,Logged-Out,AREA_C,AREA_C,AREA_C_TO_AREA_C,CI,CI,15_30,mid,6_8,Y,U,0,0.9298074175204534,20.2582916159244
49.0,38.2797408,15.399305555555555,1,1,0,0,0,0,0,1,1,4,1,371.9166666666667,14.0,23.9252663,6,0,SPECIAL EQUIPMENT,OLD ZENITH,LANG_02,Round-Trip,apple,Direct,Direct,Logged-In,AREA_B,AREA_B,AREA_B_TO_AREA_B,BU,BI,31_60,mid,15_30,Y,L,0,0.8459719929673971,20.240105214086704
4.0,116.2089258,85.875,1,1,0,0,0,0,0,0,0,4,1,2063.3333333333335,17.0,34.5055612,4,0,SPECIAL EQUIPMENT,OLD ZENITH,LANG_02,Round-Trip,google,MetaSearches,MetaSearches,Logged-Out,AREA_B,AREA_B,AREA_B_TO_AREA_B,BU,BU,4_7,very_high,30_plus,Y,T,0,0.58645841672948,20.236076789714176
73.0,102.4583543,7.697916666666667,2,2,0,0,0,0,0,1,0,4,1,186.83333333333334,18.0,21.8373038,3,0,SPECIAL EQUIPMENT,LOWER ZENITH,LANG_02,Round-Trip,mozilla,Direct,Paid Search,Logged-In,AREA_C,AREA_C,AREA_C_TO_AREA_C,CE,CE,61_120,very_high,6_8,Y,V,0,0.9264948911820707,20.23215040789082
24.0,55.28796210000001,7.190972222222222,1,1,0,0,0,0,0,0,0,4,1,173.58333333333334,13.0,40.6885,4,0,SPECIAL EQUIPMENT,LOWER VERTEX,LANG_02,Round-Trip,apple,Direct,MetaSearches,Logged-Out,AREA_C,AREA_B,AREA_C_TO_AREA_B,CE,BU,15_30,high,6_8,Y,L,0,0.4971636367049341,20.22884263206871
53.0,38.2805974,10.39236111111111,2,2,0,0,0,0,0,1,0,4,1,252.16666666666666,12.0,21.787621,3,0,SPECIAL EQUIPMENT,NEW MERIDIAN,LANG_02,Round-Trip,google,MetaSearches,Organic Search,Logged-In,AREA_C,AREA_C,AREA_C_TO_AREA_C,CI,CI,31_60,mid,9_14,Y,O,0,0.9282844967553724,20.225110795481786
28.0,241.3624688,7.513888888888889,4,4,0,0,0,0,0,1,1,2,1,182.41666666666666,13.0,23.021125,2,1,SPECIAL EQUIPMENT,UPPER APEX,LANG_09,Round-Trip,apple,Direct,Direct,Logged-In,AREA_C,AREA_C,AREA_C_TO_AREA_C,CA,CI,15_30,very_high,6_8,Y,S,0,0.8785324158703317,20.224804562302893
29.0,33.758177700000005,13.541666666666666,1,1,0,0,0,0,0,0,0,2,1,326.6666666666667,20.0,23.021125,6,1,SPECIAL EQUIPMENT,UPPER APEX,LANG_09,Round-Trip,apple,Direct,Direct,Logged-Out,AREA_C,AREA_C,AREA_C_TO_AREA_C,CA,CE,15_30,low,9_14,Y,W,0,0.8784380263584097,20.222631609550245
0.0,57.336521000000005,,2,2,0,0,0,0,0,0,0,2,1,4.0,14.0,36.940875,3,0,SPECIAL EQUIPMENT,CENTRAL APEX,LANG_02,One-Way,google,Paid Search,Paid Search,Logged-Out,AREA_C,AREA_B,AREA_C_TO_AREA_B,CU,BE,invalid_or_past,high,unknown_or_oneway,Y,S,0,0.54742286504049,20.22227962960261
38.0,160.4343272,15.809027777777779,1,1,0,0,0,0,0,1,0,4,1,383.0,18.0,34.4515954,2,0,SPECIAL EQUIPMENT,UPPER APEX,LANG_09,Round-Trip,apple,Direct,Organic Search,Logged-In,AREA_B,AREA_B,AREA_B_TO_AREA_B,BI,BU,31_60,very_high,15_30,Y,S,0,0.5869222320236819,20.22040726894481
17.0,36.9562938,7.541666666666667,1,1,0,0,0,0,0,0,0,2,1,182.66666666666666,19.0,23.021125,6,1,SPECIAL EQUIPMENT,UPPER APEX,LANG_02,Round-Trip,google,Paid Search,Paid Search,Logged-Out,AREA_C,AREA_C,AREA_C_TO_AREA_C,CA,CE,15_30,mid,6_8,Y,W,0,0.8782293894885114,20.217828554088708
71.0,26.8120083,7.322916666666667,1,1,0,0,0,0,0,0,0,2,1,176.75,17.0,23.5565,2,1,SPECIAL EQUIPMENT,UPPER APEX,LANG_09,Round-Trip,google,Direct,Email,Logged-Out,AREA_C,AREA_C,AREA_C_TO_AREA_C,CA,CE,61_120,low,6_8,Y,U,1,0.8580141592114334,20.211810541464132
48.0,163.43970829999998,8.48611111111111,2,2,0,0,0,0,0,0,0,4,1,205.91666666666666,16.0,21.834734,3,0,SPECIAL EQUIPMENT,NEW AURORA,LANG_02,Round-Trip,apple,MetaSearches,MetaSearches,Logged-Out,AREA_C,AREA_C,AREA_C_TO_AREA_C,CU,CE,31_60,very_high,9_14,Y,Q,0,0.9253906488653947,20.205658664063296
81.0,283.52089440000003,8.381944444444445,8,8,0,0,0,0,0,0,0,2,1,202.16666666666666,21.0,24.091875,2,1,SPECIAL EQUIPMENT,UPPER APEX,LANG_09,Round-Trip,google,Paid Search,Paid Search,Logged-Out,AREA_C,AREA_C,AREA_C_TO_AREA_C,CA,CE,61_120,very_high,9_14,Y,U,0,0.8386226409465797,20.20399183785488
0.0,142.4799912,2.513888888888889,2,2,0,0,0,0,0,0,0,2,1,62.416666666666664,21.0,48.18375,5,1,SPECIAL EQUIPMENT,UPPER APEX,LANG_09,Round-Trip,apple,Direct,Direct,Logged-Out,AREA_C,AREA_C,AREA_C_TO_AREA_C,CA,CI,invalid_or_past,very_high,3_5,Y,Q,0,0.41909982045649413,20.1938009739206
71.0,30.9849352,7.517361111111111,1,1,0,0,0,0,0,1,0,2,1,182.58333333333334,16.0,22.48575,2,1,SPECIAL EQUIPMENT,UPPER APEX,LANG_09,Round-Trip,apple,Direct,Organic Search,Logged-In,AREA_C,AREA_B,AREA_C_TO_AREA_B,CA,BI,61_120,low,6_8,Y,U,1,0.8980293521405033,20.19286350489332
198.0,27.6540461,2.263888888888889,3,3,0,0,0,0,0,0,0,2,1,56.416666666666664,21.0,42.547322,4,1,SPECIAL EQUIPMENT,WEST APEX,LANG_02,Round-Trip,google,Direct,Direct,Logged-Out,AREA_C,AREA_C,AREA_C_TO_AREA_C,CU,CA,120_plus,low,3_5,Y,L,0,0.47451079727279555,20.189163684042356
38.0,105.1450802,6.236111111111111,1,1,0,0,0,0,0,0,0,2,1,164.08333333333334,20.0,38.547,4,1,SPECIAL EQUIPMENT,UPPER VERTEX,LANG_11,Round-Trip,apple,Paid Search,Paid Search,Logged-Out,AREA_C,AREA_B,AREA_C_TO_AREA_B,CA,BI,31_60,very_high,6_8,Y,W,0,0.5237450997833424,20.188802361348497
136.0,174.0748256,7.604166666666667,4,1,3,0,0,0,1,0,0,4,1,183.41666666666666,15.0,21.415,4,0,SPECIAL EQUIPMENT,UPPER APEX,LANG_09,Round-Trip,google,Organic Search,Paid Search,Logged-Out,AREA_C,AREA_C,AREA_C_TO_AREA_C,CE,CI,120_plus,very_high,6_8,Y,S,0,0.9424989966480144,20.18361601321723
154.0,218.80219460000004,,2,2,0,0,0,0,0,0,0,4,1,278.75,12.0,21.333623,2,0,SPECIAL EQUIPMENT,NEW HORIZON,LANG_02,Multi-City,microsoft,Direct,Direct,Logged-Out,AREA_C,AREA_C,AREA_C_TO_AREA_C,CE,CI,120_plus,very_high,unknown_or_oneway,Y,H,0,0.9457525715625734,20.176328812996463
22.0,35.9232342,7.673611111111111,1,1,0,0,0,0,0,0,0,4,1,186.91666666666666,11.0,21.7901908,2,0,SPECIAL EQUIPMENT,NEW MERIDIAN,LANG_02,Round-Trip,google,Paid Search,Paid Search,Logged-Out,AREA_C,AREA_C,AREA_C_TO_AREA_C,CI,CE,15_30,mid,6_8,Y,U,0,0.9258307840361409,20.174029432661108
124.0,99.8144584,,1,1,0,0,0,0,0,0,0,1,0,20.583333333333332,22.0,38.547,3,1,SPECIAL EQUIPMENT,UPPER APEX,LANG_09,One-Way,google,Paid Search,Paid Search,Logged-Out,AREA_D,AREA_C,AREA_D_TO_AREA_C,DA,CA,120_plus,high,unknown_or_oneway,Y,V,0,0.5233590620586863,20.17392176517618
25.0,28.923955599999996,7.326388888888889,1,1,0,0,0,0,0,0,0,4,1,177.91666666666666,22.0,21.3147778,6,0,SPECIAL EQUIPMENT,SOUTH MERIDIAN,LANG_09,Round-Trip,google,Direct,Direct,Logged-Out,AREA_C,AREA_B,AREA_C_TO_AREA_B,CE,BI,15_30,low,6_8,Y,U,0,0.9463897221660413,20.172086640172907
59.0,20.3429651,7.322916666666667,1,1,0,0,0,0,0,0,0,2,1,176.66666666666666,20.0,24.62725,6,1,SPECIAL EQUIPMENT,UPPER VERTEX,LANG_02,Round-Trip,google,Organic Search,Organic Search,Logged-Out,AREA_C,AREA_C,AREA_C_TO_AREA_C,CA,CE,31_60,very_low,6_8,Y,L,0,0.818996087854038,20.169621404603358
48.0,29.4781758,12.239583333333334,1,1,0,0,0,0,0,0,0,2,1,296.3333333333333,19.0,23.021125,6,1,SPECIAL EQUIPMENT,UPPER APEX,LANG_02,Round-Trip,apple,Paid Search,Paid Search,Logged-Out,AREA_C,AREA_C,AREA_C_TO_AREA_C,CA,CE,31_60,low,9_14,Y,V,0,0.8758903259201134,20.163980679297673
43.0,84.4727524,8.51736111111111,2,2,0,0,0,0,0,0,0,2,1,206.58333333333334,13.0,23.021125,6,1,SPECIAL EQUIPMENT,UPPER APEX,LANG_09,Round-Trip,apple,Direct,Paid Search,Logged-Out,AREA_C,AREA_B,AREA_C_TO_AREA_B,CA,BI,31_60,high,9_14,Y,V,0,0.875753099937067,20.16082158278871
32.0,31.43722,7.121527777777778,1,1,0,0,0,0,0,1,1,2,1,172.91666666666666,21.0,23.5565,5,1,SPECIAL EQUIPMENT,UPPER APEX,LANG_09,Round-Trip,apple,Direct,Direct,Logged-In,AREA_C,AREA_B,AREA_C_TO_AREA_B,CA,BI,31_60,low,6_8,Y,W,0,0.8558386592857258,20.1605633774642
118.0,382.4770396,10.222222222222221,4,2,1,1,0,1,1,1,0,2,1,260.0,10.0,38.547,4,1,SPECIAL EQUIPMENT,UPPER APEX,LANG_09,Round-Trip,google,Paid Search,Paid Search,Logged-In,AREA_C,AREA_B,AREA_C_TO_AREA_B,CA,BI,61_120,very_high,9_14,Y,U,0,0.5229661700769279,20.15877695795534
1.0,70.36369380000001,7.072916666666667,2,2,0,0,0,0,0,0,0,4,1,172.08333333333334,19.0,22.6467908,4,0,SPECIAL EQUIPMENT,OLD ZENITH,LANG_02,Round-Trip,google,Paid Search,Paid Search,Logged-Out,AREA_B,AREA_B,AREA_B_TO_AREA_B,BU,BI,0_3,high,6_8,Y,W,1,0.8900314286905272,20.15635557097949
51.0,107.8215269,,1,1,0,0,0,0,0,1,1,1,0,15.916666666666666,16.0,38.547,4,1,SPECIAL EQUIPMENT,LOWER VERTEX,LANG_02,One-Way,google,Direct,Direct,Logged-In,AREA_B,AREA_C,AREA_B_TO_AREA_C,BU,CA,31_60,very_high,unknown_or_oneway,Y,V,0,0.5228362880105782,20.15377039394376
28.0,174.3163868,167.78472222222223,1,1,0,0,0,0,0,1,0,2,1,4032.75,17.0,81.377,1,1,SPECIAL EQUIPMENT,UPPER APEX,LANG_09,Round-Trip,samsung,Direct,Direct,Logged-In,AREA_C,AREA_C,AREA_C_TO_AREA_C,CA,CA,15_30,very_high,30_plus,Y,L,0,0.24762587563686583,20.15105088170123
174.0,231.1796363,9.024305555555555,3,3,0,0,0,0,0,0,0,2,1,236.16666666666666,14.0,40.6885,2,1,SPECIAL EQUIPMENT,UPPER APEX,LANG_09,Round-Trip,google,Paid Search,Paid Search,Logged-Out,AREA_C,AREA_D,AREA_C_TO_AREA_D,CA,DA,120_plus,very_high,9_14,Y,O,0,0.49523318084572726,20.150295278841373
123.0,65.0690492,7.517361111111111,2,2,0,0,0,0,0,1,0,2,1,182.58333333333334,19.0,23.5565,2,1,SPECIAL EQUIPMENT,UPPER APEX,LANG_09,Round-Trip,apple,Direct,Direct,Logged-In,AREA_C,AREA_B,AREA_C_TO_AREA_B,CA,BI,120_plus,high,6_8,Y,U,0,0.8552450832055775,20.146580802532185
126.0,163.700543,10.128472222222221,5,5,0,0,0,0,0,0,0,2,1,245.33333333333334,20.0,24.62725,2,1,SPECIAL EQUIPMENT,UPPER APEX,LANG_09,Round-Trip,microsoft,Paid Search,Organic Search,Logged-Out,AREA_C,AREA_C,AREA_C_TO_AREA_C,CA,CI,120_plus,very_high,9_14,Y,O,0,0.8180200373928801,20.145583965883805
117.0,110.6397409,9.496527777777779,3,2,0,1,0,1,0,0,0,4,1,229.25,20.0,22.1808004,3,0,SPECIAL EQUIPMENT,CENTRAL MERIDIAN,LANG_02,Round-Trip,google,Paid Search,Paid Search,Logged-Out,AREA_B,AREA_C,AREA_B_TO_AREA_C,BI,CE,61_120,very_high,9_14,Y,S,0,0.9082298411265273,20.145264823351212
24.0,39.1740312,6.513888888888889,1,1,0,0,0,0,0,0,0,4,1,159.08333333333334,10.0,21.5931728,4,0,SPECIAL EQUIPMENT,NEW MERIDIAN,LANG_02,Round-Trip,microsoft,Paid Search,Paid Search,Logged-Out,AREA_C,AREA_C,AREA_C_TO_AREA_C,CI,CI,15_30,mid,6_8,Y,U,0,0.9329219842258517,20.14474561430769
46.0,45.4905996,5.517361111111111,2,1,1,0,0,0,1,0,0,2,1,134.41666666666666,10.0,24.091875,3,1,SPECIAL EQUIPMENT,UPPER APEX,LANG_09,Round-Trip,microsoft,Direct,Direct,Logged-Out,AREA_C,AREA_B,AREA_C_TO_AREA_B,CA,BI,31_60,mid,6_8,Y,L,1,0.8361563053635235,20.14457318927984
24.0,113.5311942,3.34375,2,2,0,0,0,0,0,1,0,2,1,81.75,13.0,42.83,5,1,SPECIAL EQUIPMENT,UPPER APEX,LANG_09,Round-Trip,google,Organic Search,Email,Logged-In,AREA_C,AREA_B,AREA_C_TO_AREA_B,CA,BI,15_30,very_high,3_5,Y,S,0,0.4702324965961007,20.140057829210992
3.0,131.0992036,5.697916666666667,1,1,0,0,0,0,0,1,0,4,1,138.83333333333334,18.0,23.4973946,4,0,SPECIAL EQUIPMENT,LOWER ZENITH,LANG_02,Round-Trip,google,Organic Search,Paid Search,Logged-In,AREA_C,AREA_C,AREA_C_TO_AREA_C,CE,CE,0_3,very_high,6_8,Y,E,0,0.856844738928693,20.133618941541478
16.0,396.7754068,,5,3,0,2,0,1,0,0,0,1,0,15.916666666666666,12.0,38.547,3,1,SPECIAL EQUIPMENT,LOWER VERTEX,LANG_02,One-Way,google,Direct,Direct,Logged-Out,AREA_B,AREA_C,AREA_B_TO_AREA_C,BU,CA,15_30,very_high,unknown_or_oneway,Y,V,0,0.5220049045500897,20.121723055692307
99.0,97.7504807,6.666666666666667,1,1,0,0,0,0,0,0,0,4,1,160.91666666666666,12.0,21.415,4,0,SPECIAL EQUIPMENT,UPPER APEX,LANG_09,Round-Trip,apple,Direct,Direct,Logged-Out,AREA_C,AREA_C,AREA_C_TO_AREA_C,CE,CE,61_120,high,6_8,Y,T,0,0.9396066442720273,20.121676287085464
37.0,31.6826359,5.072916666666667,1,1,0,0,0,0,0,0,0,4,1,124.08333333333333,16.0,42.7777474,4,0,SPECIAL EQUIPMENT,LOWER ZENITH,LANG_02,Round-Trip,apple,MetaSearches,MetaSearches,Logged-Out,AREA_B,AREA_B,AREA_B_TO_AREA_B,BU,BI,31_60,low,6_8,Y,V,0,0.47027813095814297,20.11743909387156
39.0,79.4355161,5.6875,2,2,0,0,0,0,0,1,1,4,1,138.58333333333334,23.0,21.8373038,3,0,SPECIAL EQUIPMENT,LOWER ZENITH,LANG_02,Round-Trip,google,Direct,Direct,Logged-In,AREA_C,AREA_C,AREA_C_TO_AREA_C,CE,CE,31_60,high,6_8,Y,V,0,0.9211571619116529,20.115588792210552
74.0,388.6205748,8.48263888888889,4,4,0,0,0,0,0,0,0,2,1,224.16666666666666,14.0,38.547,2,1,SPECIAL EQUIPMENT,UPPER APEX,LANG_09,Round-Trip,google,Paid Search,MetaSearches,Logged-Out,AREA_C,AREA_D,AREA_C_TO_AREA_D,CA,DA,61_120,very_high,9_14,Y,U,0,0.5217756885667348,20.112887467181928
29.0,55.8597426,6.142361111111111,1,1,0,0,0,0,0,0,0,2,1,149.58333333333334,23.0,24.62725,4,1,SPECIAL EQUIPMENT,UPPER APEX,LANG_02,Round-Trip,google,Direct,Paid Search,Logged-Out,AREA_C,AREA_B,AREA_C_TO_AREA_B,CA,BI,15_30,high,6_8,Y,K,0,0.8166055676562639,20.110749466062725
53.0,41.9999546,6.392361111111111,1,1,0,0,0,0,0,1,0,4,1,156.16666666666666,22.0,21.787621,4,0,SPECIAL EQUIPMENT,NEW MERIDIAN,LANG_10,Round-Trip,apple,Direct,Direct,Logged-In,AREA_C,AREA_C,AREA_C_TO_AREA_C,CI,CI,31_60,mid,6_8,Y,W,0,0.9224729895846837,20.098491879808037
169.0,101.4711228,8.319444444444445,2,2,0,0,0,0,0,1,1,4,1,200.58333333333334,14.0,24.091875,4,0,SPECIAL EQUIPMENT,UPPER APEX,LANG_09,Round-Trip,google,Email,Organic Search,Logged-In,AREA_C,AREA_B,AREA_C_TO_AREA_B,CE,BI,120_plus,high,9_14,Y,W,0,0.8337137559965717,20.085727595249907
10.0,92.2939387,8.67361111111111,2,2,0,0,0,0,0,0,0,4,1,210.91666666666666,21.0,21.7901908,3,0,SPECIAL EQUIPMENT,NEW MERIDIAN,LANG_02,Round-Trip,google,MetaSearches,MetaSearches,Logged-Out,AREA_C,AREA_C,AREA_C_TO_AREA_C,CI,CE,8_14,high,9_14,Y,V,0,0.9217484850046771,20.085075357862856
24.0,39.1740312,6.513888888888889,1,1,0,0,0,0,0,0,0,4,1,159.08333333333334,19.0,21.5931728,4,0,SPECIAL EQUIPMENT,NEW MERIDIAN,LANG_02,Round-Trip,google,Organic Search,Organic Search,Logged-Out,AREA_C,AREA_C,AREA_C_TO_AREA_C,CI,CI,15_30,mid,6_8,Y,U,0,0.9298704381028468,20.078853051566476
14.0,63.3884,8.666666666666666,1,1,0,0,0,0,0,1,1,4,1,210.41666666666666,,24.5510126,5,0,SPECIAL EQUIPMENT,NEW MERIDIAN,LANG_02,Round-Trip,apple,Direct,Direct,Logged-In,AREA_B,AREA_C,AREA_B_TO_AREA_C,BU,CE,8_14,high,9_14,Y,V,1,0.8177736060851907,20.07717010694495
2.0,121.8402142,4.892361111111111,2,2,0,0,0,0,0,0,0,2,1,118.91666666666667,19.0,42.83,5,1,SPECIAL EQUIPMENT,UPPER APEX,LANG_09,Round-Trip,mozilla,Organic Search,Organic Search,Logged-Out,AREA_C,AREA_B,AREA_C_TO_AREA_B,CA,BI,0_3,very_high,3_5,Y,U,0,0.46873023569925915,20.075715994999268
206.0,103.0177141,6.520833333333333,3,2,1,0,0,0,1,0,0,4,1,159.16666666666666,20.0,21.3481852,3,0,SPECIAL EQUIPMENT,NEW MERIDIAN,LANG_02,Round-Trip,apple,Direct,Direct,Logged-Out,AREA_C,AREA_C,AREA_C_TO_AREA_C,CI,CI,120_plus,very_high,6_8,Y,L,0,0.9403375652632181,20.074500493756265
78.0,26.3091841,10.125,1,1,0,0,0,0,0,0,0,2,1,245.16666666666666,18.0,23.021125,6,1,SPECIAL EQUIPMENT,UPPER APEX,LANG_09,Round-Trip,google,Paid Search,Paid Search,Logged-Out,AREA_C,AREA_C,AREA_C_TO_AREA_C,CA,CI,61_120,low,9_14,Y,U,0,0.8719392520581,20.073022514036026
142.0,115.1124778,7.697916666666667,3,1,1,1,0,1,1,1,0,4,1,186.83333333333334,18.0,21.8373038,3,0,SPECIAL EQUIPMENT,LOWER ZENITH,LANG_02,Round-Trip,microsoft,Direct,Direct,Logged-In,AREA_C,AREA_C,AREA_C_TO_AREA_C,CE,CE,120_plus,very_high,6_8,Y,S,0,0.9187903344118066,20.063903661054216
26.0,26.175982800000003,4.125,2,2,0,0,0,0,0,1,0,2,1,101.0,13.0,85.66,6,1,SPECIAL EQUIPMENT,UPPER APEX,LANG_09,Round-Trip,google,Direct,Paid Search,Logged-In,AREA_C,AREA_B,AREA_C_TO_AREA_B,CA,BE,15_30,low,3_5,Y,L,0,0.23421281148645892,20.062669431930072
34.0,278.9295184,7.229166666666667,8,8,0,0,0,0,0,0,0,2,1,176.16666666666666,14.0,36.336972,6,1,SPECIAL EQUIPMENT,UPPER APEX,LANG_09,Round-Trip,google,Organic Search,Paid Search,Logged-Out,AREA_C,AREA_B,AREA_C_TO_AREA_B,CA,BO,31_60,very_high,6_8,Y,O,0,0.552124484343628,20.062531928108854
24.0,326.31234739999996,14.23611111111111,2,2,0,0,0,0,0,0,0,2,1,356.0833333333333,21.0,42.4017,2,1,SPECIAL EQUIPMENT,UPPER APEX,LANG_02,Round-Trip,google,Direct,Paid Search,Logged-Out,AREA_C,AREA_B,AREA_C_TO_AREA_B,CA,BI,15_30,very_high,15_30,Y,S,0,0.4731125480357483,20.06077632804739
66.0,180.0937255,6.222222222222222,2,1,1,0,0,0,1,0,0,2,1,163.91666666666666,16.0,38.547,4,1,SPECIAL EQUIPMENT,UPPER VERTEX,LANG_02,Round-Trip,google,Organic Search,Organic Search,Logged-Out,AREA_C,AREA_B,AREA_C_TO_AREA_B,CA,BI,61_120,very_high,6_8,Y,U,0,0.5204133607245504,20.060373815849243
189.0,133.18588119999998,26.22222222222222,1,1,0,0,0,0,0,0,0,2,1,643.9166666666666,18.0,38.547,5,1,SPECIAL EQUIPMENT,UPPER APEX,LANG_09,Round-Trip,apple,Direct,Direct,Logged-Out,AREA_C,AREA_B,AREA_C_TO_AREA_B,CA,BI,120_plus,very_high,15_30,Y,L,0,0.5203735461454171,20.05883908326739
35.0,141.540301,7.78125,2,2,0,0,0,0,0,0,0,4,1,190.08333333333334,13.0,41.5502396,4,0,SPECIAL EQUIPMENT,LOWER VERTEX,LANG_09,Round-Trip,google,Paid Search,Organic Search,Logged-Out,AREA_B,AREA_B,AREA_B_TO_AREA_B,BU,BE,31_60,very_high,6_8,Y,U,0,0.48273526429377045,20.057765894775486
15.0,41.0765398,6.510416666666667,1,1,0,0,0,0,0,0,0,2,1,157.83333333333334,16.0,24.62725,5,1,SPECIAL EQUIPMENT,UPPER APEX,LANG_09,Round-Trip,google,Paid Search,Paid Search,Logged-Out,AREA_C,AREA_D,AREA_C_TO_AREA_D,CA,DA,15_30,mid,6_8,Y,U,1,0.8141155262820704,20.04942659463012
54.0,123.8463714,8.70138888888889,3,2,0,1,0,1,0,1,0,4,1,210.91666666666666,11.0,21.273661,6,0,SPECIAL EQUIPMENT,LOWER ZENITH,LANG_02,Round-Trip,apple,Direct,MetaSearches,Logged-In,AREA_C,AREA_B,AREA_C_TO_AREA_B,CE,BI,31_60,very_high,9_14,Y,T,0,0.9422867622714799,20.045889145351055
102.0,73.5022762,6.03125,2,2,0,0,0,0,0,0,0,4,1,147.41666666666666,15.0,21.5931728,5,0,SPECIAL EQUIPMENT,NEW MERIDIAN,LANG_10,Round-Trip,google,Paid Search,Paid Search,Logged-Out,AREA_C,AREA_C,AREA_C_TO_AREA_C,CI,CI,61_120,high,6_8,Y,V,0,0.9279591220001611,20.03758167268576
1.0,78.9905124,6.128472222222222,1,1,0,0,0,0,0,0,0,2,1,149.25,17.0,24.62725,4,1,SPECIAL EQUIPMENT,UPPER APEX,LANG_09,Round-Trip,apple,Direct,Direct,Logged-Out,AREA_C,AREA_B,AREA_C_TO_AREA_B,CA,BI,0_3,high,6_8,Y,Q,0,0.8135392071245423,20.035233438657883
53.0,25.1651948,7.052083333333333,1,1,0,0,0,0,0,0,0,4,1,171.66666666666666,20.0,24.58442,4,0,SPECIAL EQUIPMENT,NEW APEX,LANG_02,Round-Trip,apple,Direct,Direct,Logged-Out,AREA_B,AREA_B,AREA_B_TO_AREA_B,BE,BI,31_60,low,6_8,Y,V,0,0.8148400669261517,20.032370438140624
65.0,152.924515,5.479166666666667,5,2,0,3,0,1,0,1,1,2,1,133.16666666666666,11.0,24.62725,3,1,SPECIAL EQUIPMENT,UPPER APEX,LANG_02,Round-Trip,apple,Direct,Organic Search,Logged-In,AREA_C,AREA_C,AREA_C_TO_AREA_C,CA,CU,61_120,very_high,6_8,Y,O,0,0.8132571929669922,20.02828820549636
237.0,86.10286219999999,4.194444444444445,2,2,0,0,0,0,0,0,0,2,1,102.16666666666667,13.0,42.83,5,1,SPECIAL EQUIPMENT,UPPER APEX,LANG_09,Round-Trip,google,Paid Search,Paid Search,Logged-Out,AREA_C,AREA_B,AREA_C_TO_AREA_B,CA,BI,120_plus,high,3_5,Y,U,0,0.4675554941140577,20.02540181290509
32.0,244.9242116,7.114583333333333,2,2,0,0,0,0,0,1,1,2,1,172.91666666666666,22.0,23.5565,2,1,SPECIAL EQUIPMENT,UPPER APEX,LANG_02,Round-Trip,google,Direct,Paid Search,Logged-In,AREA_C,AREA_B,AREA_C_TO_AREA_B,CA,BI,31_60,very_high,6_8,Y,Y,0,0.8500591637169903,20.02441869009928
81.0,41.0915303,8.229166666666666,1,1,0,0,0,0,0,1,0,4,1,198.75,21.0,21.873281,3,0,SPECIAL EQUIPMENT,UPPER HORIZON,LANG_02,Round-Trip,apple,Direct,Direct,Logged-In,AREA_C,AREA_C,AREA_C_TO_AREA_C,CI,CI,61_120,mid,9_14,Y,T,0,0.9153906024997808,20.022595873237005
38.0,48.2154442,26.67361111111111,2,2,0,0,0,0,0,1,0,4,1,642.9166666666666,22.0,24.597269,2,0,SPECIAL EQUIPMENT,NEW MERIDIAN,LANG_02,Round-Trip,google,Direct,Organic Search,Logged-In,AREA_C,AREA_C,AREA_C_TO_AREA_C,CI,CE,31_60,mid,15_30,Y,O,0,0.8139663543804045,20.02134937564414
100.0,26.3991271,7.118055555555555,1,1,0,0,0,0,0,1,0,2,1,172.75,17.0,23.5565,3,1,SPECIAL EQUIPMENT,UPPER APEX,LANG_02,Round-Trip,samsung,Direct,Direct,Logged-In,AREA_C,AREA_C,AREA_C_TO_AREA_C,CA,CE,61_120,low,6_8,Y,L,0,0.8497041842712317,20.01605661678527
170.0,49.32474119999999,6.694444444444445,1,1,0,0,0,0,0,1,0,2,1,166.83333333333334,15.0,36.02003,4,1,SPECIAL EQUIPMENT,UPPER AURORA,LANG_02,Round-Trip,google,Paid Search,Paid Search,Logged-In,AREA_C,AREA_C,AREA_C_TO_AREA_C,CE,CA,120_plus,mid,6_8,Y,L,0,0.5554547622201986,20.00749719881442
59.0,154.1468832,,2,2,0,0,0,0,0,0,0,2,1,-144.83333333333334,20.0,23.5565,3,1,SPECIAL EQUIPMENT,UPPER APEX,LANG_09,Round-Trip,apple,Direct,Direct,Logged-Out,AREA_C,AREA_D,AREA_C_TO_AREA_D,CA,DA,31_60,very_high,unknown_or_oneway,C,F,0,0.849321447969824,20.00704068910116
76.0,117.5837688,8.381944444444445,4,2,0,2,0,1,0,0,0,2,1,202.16666666666666,17.0,24.091875,2,1,SPECIAL EQUIPMENT,UPPER APEX,LANG_09,Round-Trip,mozilla,Direct,Direct,Logged-Out,AREA_C,AREA_C,AREA_C_TO_AREA_C,CA,CE,61_120,very_high,9_14,Y,U,0,0.8301444492456516,19.99973630317008
341.0,99.5416313,8.5,3,2,1,0,0,0,1,0,0,4,1,206.75,13.0,21.3481852,3,0,SPECIAL EQUIPMENT,NEW MERIDIAN,LANG_02,Round-Trip,google,MetaSearches,Paid Search,Logged-Out,AREA_C,AREA_C,AREA_C_TO_AREA_C,CI,CI,120_plus,high,9_14,Y,O,0,0.9368295035470523,19.99960974254653
17.0,199.9103099,,2,1,1,0,0,0,1,0,0,1,0,19.583333333333332,21.0,38.547,2,1,SPECIAL EQUIPMENT,LOWER VERTEX,LANG_02,One-Way,apple,Direct,Paid Search,Logged-Out,AREA_D,AREA_C,AREA_D_TO_AREA_C,DA,CA,15_30,very_high,unknown_or_oneway,Y,V,0,0.5187729272111106,19.997140025206676
18.0,396.9621456,2.517361111111111,8,8,0,0,0,0,0,0,0,2,1,62.583333333333336,13.0,42.83,3,1,SPECIAL EQUIPMENT,UPPER APEX,LANG_09,Round-Trip,mozilla,Paid Search,Organic Search,Logged-Out,AREA_C,AREA_B,AREA_C_TO_AREA_B,CA,BI,15_30,very_high,3_5,Y,V,0,0.4667998979449455,19.993039628982014
38.0,97.9376478,4.767361111111111,2,2,0,0,0,0,0,0,0,2,1,116.75,10.0,25.698,6,1,SPECIAL EQUIPMENT,UPPER APEX,LANG_09,Round-Trip,apple,Direct,Direct,Logged-Out,AREA_C,AREA_C,AREA_C_TO_AREA_C,CA,CU,31_60,high,3_5,Y,S,0,0.7779736571982722,19.9923670426812
32.0,50.7741084,3.8993055555555554,5,2,0,2,1,1,0,1,0,2,1,95.5,13.0,85.66,5,1,SPECIAL EQUIPMENT,UPPER APEX,LANG_09,Round-Trip,google,Paid Search,Paid Search,Logged-In,AREA_C,AREA_B,AREA_C_TO_AREA_B,CA,BE,31_60,mid,3_5,Y,O,0,0.23337922290127408,19.991264233723136
137.0,70.1953719,,1,1,0,0,0,0,0,0,0,3,1,-241.16666666666666,21.0,65.0253626,4,1,SPECIAL EQUIPMENT,UPPER APEX,LANG_02,Multi-City,google,Direct,Direct,Logged-Out,AREA_B,AREA_C,AREA_B_TO_AREA_C,BU,CA,120_plus,high,unknown_or_oneway,Y,O,0,0.30739461471525026,19.98844628314644
24.0,107.1533789,9.23611111111111,1,1,0,0,0,0,0,0,0,2,1,236.08333333333334,15.0,42.4017,2,1,SPECIAL EQUIPMENT,UPPER APEX,LANG_09,Round-Trip,google,Paid Search,Display,Logged-Out,AREA_C,AREA_B,AREA_C_TO_AREA_B,CA,BI,15_30,very_high,9_14,Y,W,0,0.4713946079618005,19.987932748413876
6.0,96.1396444,5.819444444444445,2,1,0,1,0,1,0,0,0,2,1,141.5,10.0,24.62725,3,1,SPECIAL EQUIPMENT,UPPER APEX,LANG_02,Round-Trip,mozilla,Direct,Paid Search,Logged-Out,AREA_C,AREA_C,AREA_C_TO_AREA_C,CA,CU,4_7,high,6_8,C,I,0,0.8114175424932669,19.982982673367307
105.0,51.5613238,5.104166666666667,1,1,0,0,0,0,0,0,0,2,1,124.25,14.0,24.62725,4,1,SPECIAL EQUIPMENT,UPPER APEX,LANG_09,Round-Trip,google,Organic Search,Paid Search,Logged-Out,AREA_C,AREA_C,AREA_C_TO_AREA_C,CA,CU,61_120,mid,6_8,Y,O,0,0.8113807720705312,19.98207711897399
225.0,55.5385176,7.215277777777778,3,3,0,0,0,0,0,0,0,2,1,177.08333333333334,16.0,42.83,6,1,SPECIAL EQUIPMENT,UPPER APEX,LANG_09,Round-Trip,apple,Direct,Direct,Logged-Out,AREA_C,AREA_C,AREA_C_TO_AREA_C,CA,CI,120_plus,high,6_8,Y,O,0,0.4665074933574257,19.98051594049854
34.0,40.5959872,,2,2,0,0,0,0,0,0,0,4,1,-63.75,12.0,24.0357677,5,0,SPECIAL EQUIPMENT,NEW MERIDIAN,LANG_02,Round-Trip,google,Paid Search,Paid Search,Logged-Out,AREA_C,AREA_C,AREA_C_TO_AREA_C,CI,CU,31_60,mid,unknown_or_oneway,Y,O,0,0.8312336268552108,19.97933835952033
34.0,23.440002399999997,7.128472222222222,1,1,0,0,0,0,0,1,0,2,1,173.25,,24.62725,6,1,SPECIAL EQUIPMENT,UPPER APEX,LANG_02,Round-Trip,google,Internal,Internal,Logged-In,AREA_C,AREA_B,AREA_C_TO_AREA_B,CA,BI,31_60,low,6_8,Y,U,0,0.8112289788909314,19.97833887039169
28.0,213.4985557,,2,2,0,0,0,0,0,0,0,1,0,20.583333333333332,15.0,38.547,2,1,SPECIAL EQUIPMENT,GREAT AURORA,LANG_10,One-Way,google,Direct,Email,Logged-Out,AREA_D,AREA_C,AREA_D_TO_AREA_C,DA,CA,15_30,very_high,unknown_or_oneway,Y,V,0,0.5182623277778999,19.977457948854706
99.0,31.1099988,11.381944444444445,1,1,0,0,0,0,0,0,0,2,1,274.1666666666667,18.0,23.021125,2,1,SPECIAL EQUIPMENT,UPPER APEX,LANG_09,Round-Trip,samsung,Email,Email,Logged-Out,AREA_C,AREA_C,AREA_C_TO_AREA_C,CA,CE,61_120,low,9_14,Y,U,1,0.8676191333663542,19.973568521618514
79.0,59.4711682,7.513888888888889,2,1,1,0,0,0,1,0,0,2,1,182.41666666666666,21.0,23.021125,6,1,SPECIAL EQUIPMENT,UPPER APEX,LANG_02,Round-Trip,google,Paid Search,Paid Search,Logged-Out,AREA_C,AREA_C,AREA_C_TO_AREA_C,CA,CI,61_120,high,6_8,Y,L,0,0.8673726210103342,19.967893529856532
15.0,39.8400377,,1,1,0,0,0,0,0,0,0,4,1,32.083333333333336,22.0,38.5174473,4,0,SPECIAL EQUIPMENT,NORTH ZENITH,LANG_02,One-Way,mozilla,Organic Search,Paid Search,Logged-Out,AREA_C,AREA_C,AREA_C_TO_AREA_C,CI,CI,15_30,mid,unknown_or_oneway,Y,T,0,0.5183725298394327,19.966386599858026
66.0,103.083244,3.21875,2,2,0,0,0,0,0,0,0,2,1,82.33333333333333,22.0,42.83,6,1,SPECIAL EQUIPMENT,UPPER APEX,LANG_09,Round-Trip,samsung,Direct,Direct,Logged-Out,AREA_C,AREA_B,AREA_C_TO_AREA_B,CA,BO,61_120,very_high,3_5,Y,W,0,0.4661499257861172,19.9652013214194
29.0,30.36647,9.128472222222221,1,1,0,0,0,0,0,0,0,2,1,221.25,20.0,23.021125,6,1,SPECIAL EQUIPMENT,UPPER APEX,LANG_09,Round-Trip,apple,Direct,Direct,Logged-Out,AREA_C,AREA_B,AREA_C_TO_AREA_B,CA,BI,15_30,low,9_14,Y,L,0,0.8667651233482302,19.953908250240026
57.0,76.0849252,5.510416666666667,2,2,0,0,0,0,0,0,0,2,1,133.83333333333334,10.0,24.62725,5,1,SPECIAL EQUIPMENT,UPPER APEX,LANG_09,Round-Trip,microsoft,Paid Search,Paid Search,Logged-Out,AREA_C,AREA_D,AREA_C_TO_AREA_D,CA,DA,31_60,high,6_8,Y,U,0,0.8099090464294963,19.945832563680813
29.0,33.7440438,10.541666666666666,1,1,0,0,0,0,0,0,0,2,1,254.66666666666666,19.0,23.021125,6,1,SPECIAL EQUIPMENT,UPPER APEX,LANG_02,Round-Trip,google,Direct,Direct,Logged-Out,AREA_C,AREA_C,AREA_C_TO_AREA_C,CA,CE,15_30,low,9_14,Y,W,0,0.8664016612636211,19.94554094415748
14.0,87.8974392,5.517361111111111,3,2,1,0,0,0,1,0,0,2,1,134.41666666666666,23.0,24.091875,3,1,SPECIAL EQUIPMENT,UPPER APEX,LANG_02,Round-Trip,google,Direct,MetaSearches,Logged-Out,AREA_C,AREA_B,AREA_C_TO_AREA_B,CA,BI,8_14,high,6_8,Y,V,0,0.8277410256486352,19.941833322298713
136.0,35.4311175,6.190972222222222,1,1,0,0,0,0,0,0,0,4,1,149.5,20.0,21.415,4,0,SPECIAL EQUIPMENT,UPPER APEX,LANG_09,Round-Trip,apple,Paid Search,Paid Search,Logged-Out,AREA_B,AREA_C,AREA_B_TO_AREA_C,BE,CO,120_plus,mid,6_8,Y,L,1,0.9311085928184819,19.93969051520779
170.0,49.32474119999999,6.694444444444445,1,1,0,0,0,0,0,1,0,2,1,166.83333333333334,14.0,36.02003,4,1,SPECIAL EQUIPMENT,UPPER AURORA,LANG_02,Round-Trip,google,Paid Search,Paid Search,Logged-In,AREA_C,AREA_C,AREA_C_TO_AREA_C,CE,CA,120_plus,mid,6_8,Y,L,0,0.5534786559561434,19.936317791899963
8.0,34.7471224,7.517361111111111,1,1,0,0,0,0,0,0,0,2,1,182.41666666666666,11.0,24.62725,3,1,SPECIAL EQUIPMENT,UPPER APEX,LANG_09,Round-Trip,apple,Direct,Direct,Logged-Out,AREA_C,AREA_B,AREA_C_TO_AREA_B,CA,BI,8_14,mid,6_8,Y,V,0,0.8094591616517888,19.934753138789016
82.0,100.4346368,7.118055555555555,4,3,0,1,0,1,0,0,0,2,1,172.75,10.0,23.5565,3,1,SPECIAL EQUIPMENT,UPPER APEX,LANG_09,Round-Trip,google,Direct,Email,Logged-Out,AREA_C,AREA_C,AREA_C_TO_AREA_C,CA,CE,61_120,high,6_8,Y,L,0,0.8462328180564349,19.934283378546407
50.0,95.3961156,6.739583333333333,3,1,1,1,0,1,1,0,0,2,1,163.91666666666666,21.0,22.48575,3,1,SPECIAL EQUIPMENT,UPPER APEX,LANG_09,Round-Trip,apple,Direct,Direct,Logged-Out,AREA_C,AREA_B,AREA_C_TO_AREA_B,CA,BI,31_60,high,6_8,Y,U,0,0.8864294495998586,19.93203099634002
37.0,168.9489312,5.517361111111111,4,4,0,0,0,0,0,0,0,2,1,134.58333333333334,12.0,23.021125,3,1,SPECIAL EQUIPMENT,UPPER APEX,LANG_09,Round-Trip,mozilla,Paid Search,Paid Search,Logged-Out,AREA_C,AREA_B,AREA_C_TO_AREA_B,CA,BI,31_60,very_high,6_8,Y,V,0,0.8657299872609961,19.9300782529838
119.0,174.810645,7.21875,2,2,0,0,0,0,0,1,0,2,1,193.83333333333334,10.0,38.547,4,1,SPECIAL EQUIPMENT,UPPER APEX,LANG_09,Round-Trip,mozilla,Paid Search,Referrals,Logged-In,AREA_C,AREA_D,AREA_C_TO_AREA_D,CA,DA,61_120,very_high,6_8,Y,O,0,0.5168950849853612,19.924754840930717
32.0,55.242134,3.3854166666666665,2,2,0,0,0,0,0,1,0,2,1,83.25,9.0,85.66,5,1,SPECIAL EQUIPMENT,UPPER APEX,LANG_09,Round-Trip,mozilla,Direct,Direct,Logged-In,AREA_C,AREA_B,AREA_C_TO_AREA_B,CA,BE,31_60,high,3_5,Y,L,0,0.2325975671505282,19.924307602114244
4.0,39.155186,7.072916666666667,1,1,0,0,0,0,0,0,1,4,1,172.08333333333334,20.0,22.9033425,4,0,SPECIAL EQUIPMENT,OLD ZENITH,LANG_02,Round-Trip,google,Internal,Email,Logged-Out,AREA_B,AREA_B,AREA_B_TO_AREA_B,BU,BI,4_7,mid,6_8,Y,V,0,0.8696866404571774,19.91873099406509
131.0,29.4875984,9.51736111111111,1,1,0,0,0,0,0,0,0,2,1,230.75,16.0,23.2661126,2,1,SPECIAL EQUIPMENT,UPPER APEX,LANG_09,Round-Trip,samsung,Direct,Direct,Logged-Out,AREA_C,AREA_C,AREA_C_TO_AREA_C,CA,CU,120_plus,low,9_14,Y,L,0,0.8560292269904046,19.91647238404971
34.0,200.4217001,5.465277777777778,4,4,0,0,0,0,0,1,0,2,1,132.91666666666666,12.0,24.62725,3,1,SPECIAL EQUIPMENT,SOUTH VERTEX,LANG_02,Round-Trip,google,Direct,Direct,Logged-In,AREA_C,AREA_C,AREA_C_TO_AREA_C,CA,CU,31_60,very_high,6_8,Y,W,0,0.8085863982372057,19.913259375987224
167.0,142.1621926,6.215277777777778,2,2,0,0,0,0,0,1,0,2,1,163.66666666666666,11.0,38.547,4,1,SPECIAL EQUIPMENT,UPPER APEX,LANG_09,Round-Trip,google,Affiliate,Affiliate,Logged-In,AREA_C,AREA_B,AREA_C_TO_AREA_B,CA,BI,120_plus,very_high,6_8,Y,O,0,0.5165618711408938,19.91191044686803
64.0,20.3009917,4.041666666666667,1,1,0,0,0,0,0,0,0,4,1,99.75,23.0,24.0357677,4,0,SPECIAL EQUIPMENT,NEW MERIDIAN,LANG_02,Round-Trip,google,MetaSearches,MetaSearches,Logged-Out,AREA_C,AREA_C,AREA_C_TO_AREA_C,CI,CU,61_120,very_low,3_5,Y,O,0,0.828314025717727,19.909163504803114
34.0,23.81348,3.701388888888889,2,2,0,0,0,0,0,0,0,4,1,90.91666666666667,9.0,23.9543907,6,0,SPECIAL EQUIPMENT,LOWER ZENITH,LANG_02,Round-Trip,google,Paid Search,Paid Search,Logged-Out,AREA_C,AREA_B,AREA_C_TO_AREA_B,CE,BI,31_60,low,3_5,Y,O,0,0.8310298499791178,19.906813709762176
180.0,32.418027,7.090277777777778,1,1,0,0,0,0,0,1,0,2,1,171.66666666666666,20.0,24.091875,5,1,SPECIAL EQUIPMENT,UPPER APEX,LANG_09,Round-Trip,samsung,Direct,Direct,Logged-In,AREA_C,AREA_B,AREA_C_TO_AREA_B,CA,BI,120_plus,low,6_8,Y,U,0,0.8262334323594762,19.905512573225458
27.0,158.8710322,15.809027777777779,1,1,0,0,0,0,0,0,0,4,1,383.0,11.0,34.4515954,2,0,SPECIAL EQUIPMENT,UPPER APEX,LANG_09,Round-Trip,google,Direct,Organic Search,Logged-Out,AREA_B,AREA_B,AREA_B_TO_AREA_B,BI,BU,15_30,very_high,15_30,Y,S,0,0.5776095279417598,19.899569755834506
71.0,37.8428748,4.697916666666667,1,1,0,0,0,0,0,0,0,4,1,114.83333333333333,22.0,21.3653172,6,0,SPECIAL EQUIPMENT,LOWER ZENITH,LANG_02,Round-Trip,google,Paid Search,Paid Search,Logged-Out,AREA_C,AREA_B,AREA_C_TO_AREA_B,CE,BI,61_120,mid,3_5,Y,L,0,0.9312451457544124,19.896347930003255
12.0,207.4239768,10.902777777777779,1,1,0,0,0,0,0,0,0,4,1,263.3333333333333,11.0,34.4378898,1,0,SPECIAL EQUIPMENT,CENTRAL HORIZON,LANG_02,Round-Trip,apple,MetaSearches,MetaSearches,Logged-Out,AREA_D,AREA_B,AREA_D_TO_AREA_B,DA,BU,8_14,very_high,9_14,Y,E,0,0.5776982816526086,19.8947097612019
1.0,41.1973204,,1,1,0,0,0,0,0,0,0,2,1,4.916666666666667,17.0,31.878369,4,0,SPECIAL EQUIPMENT,SOUTH HORIZON,LANG_02,One-Way,google,Paid MetaSearches,Paid MetaSearches,Logged-Out,AREA_C,AREA_C,AREA_C_TO_AREA_C,CI,CI,0_3,mid,unknown_or_oneway,Y,T,0,0.624023230229453,19.892842797826457
51.0,477.738669,9.847222222222221,6,6,0,0,0,0,0,0,0,4,1,241.16666666666666,13.0,21.6899686,5,0,SPECIAL EQUIPMENT,NEW HORIZON,LANG_02,Round-Trip,mozilla,Paid Search,Organic Search,Logged-Out,AREA_C,AREA_B,AREA_C_TO_AREA_B,CE,BI,31_60,very_high,9_14,Y,T,0,0.9171195944999377,19.892295207148383
8.0,75.3499624,6.517361111111111,1,1,0,0,0,0,0,0,0,2,1,158.58333333333334,17.0,24.62725,3,1,SPECIAL EQUIPMENT,UPPER APEX,LANG_09,Round-Trip,apple,Paid Search,Paid Search,Logged-Out,AREA_C,AREA_B,AREA_C_TO_AREA_B,CA,BI,8_14,high,6_8,Y,S,0,0.8073719019266887,19.883349671724044
25.0,85.7692165,7.236111111111111,1,1,0,0,0,0,0,0,0,2,1,188.08333333333334,11.0,38.547,5,1,SPECIAL EQUIPMENT,UPPER APEX,LANG_02,Round-Trip,apple,Paid Search,Paid Search,Logged-Out,AREA_C,AREA_B,AREA_C_TO_AREA_B,CA,BI,15_30,high,6_8,Y,O,0,0.5157435837220654,19.880367921734454
13.0,72.502624,6.704861111111111,1,1,0,0,0,0,0,0,0,4,1,162.16666666666666,9.0,22.1808004,3,0,SPECIAL EQUIPMENT,CENTRAL MERIDIAN,LANG_02,Round-Trip,google,Paid Search,Paid Search,Logged-Out,AREA_B,AREA_C,AREA_B_TO_AREA_C,BI,CE,8_14,high,6_8,C,I,0,0.8960958968697872,19.876124227727733
88.0,31.243200100000003,8.32638888888889,1,1,0,0,0,0,0,0,0,4,1,201.91666666666666,14.0,21.7670626,2,0,SPECIAL EQUIPMENT,LOWER ZENITH,LANG_02,Round-Trip,google,MetaSearches,MetaSearches,Logged-Out,AREA_C,AREA_B,AREA_C_TO_AREA_B,CE,BI,61_120,low,9_14,Y,W,0,0.9130353767076043,19.874098200809
149.0,51.862846999999995,5.364583333333333,1,1,0,0,0,0,0,1,0,4,1,130.83333333333334,12.0,21.3139212,4,0,SPECIAL EQUIPMENT,NEW AURORA,LANG_04,Round-Trip,apple,Direct,Direct,Logged-In,AREA_C,AREA_C,AREA_C_TO_AREA_C,CU,CE,120_plus,mid,6_8,Y,V,0,0.9324341245844308,19.87382745558354
65.0,40.8863746,7.128472222222222,1,1,0,0,0,0,0,1,0,2,1,173.25,15.0,22.48575,2,1,SPECIAL EQUIPMENT,UPPER APEX,LANG_02,Round-Trip,apple,Direct,Organic Search,Logged-In,AREA_C,AREA_B,AREA_C_TO_AREA_B,CA,BI,61_120,mid,6_8,Y,L,0,0.8837833064696962,19.87253048345097
75.0,179.787491,7.229166666666667,2,2,0,0,0,0,0,1,0,2,1,194.08333333333334,21.0,38.547,4,1,SPECIAL EQUIPMENT,UPPER APEX,LANG_02,Round-Trip,google,Direct,Direct,Logged-In,AREA_C,AREA_D,AREA_C_TO_AREA_D,CA,DA,61_120,very_high,6_8,Y,O,0,0.5154651900940614,19.869636682555786
178.0,61.8705048,4.246527777777778,2,2,0,0,0,0,0,0,0,2,1,102.5,14.0,42.83,3,1,SPECIAL EQUIPMENT,UPPER APEX,LANG_09,Round-Trip,apple,Direct,Referrals,Logged-Out,AREA_C,AREA_B,AREA_C_TO_AREA_B,CA,BI,120_plus,high,3_5,Y,O,0,0.46380866793551984,19.864925247678315
31.0,188.6978442,7.138888888888889,3,2,1,0,0,0,1,1,0,2,1,173.66666666666666,23.0,23.2661126,3,1,SPECIAL EQUIPMENT,UPPER APEX,LANG_09,Round-Trip,google,Direct,Email,Logged-In,AREA_C,AREA_C,AREA_C_TO_AREA_C,CA,CU,31_60,very_high,6_8,Y,Q,0,0.853768762218918,19.86388015614797
152.0,192.2240381,5.364583333333333,6,6,0,0,0,0,0,0,0,4,1,130.83333333333334,11.0,21.3139212,4,0,SPECIAL EQUIPMENT,NEW AURORA,LANG_04,Round-Trip,samsung,Paid Search,Paid Search,Logged-Out,AREA_C,AREA_C,AREA_C_TO_AREA_C,CU,CE,120_plus,very_high,6_8,Y,W,0,0.9317972735906686,19.86025366368635
26.0,140.1436147,6.385416666666667,1,1,0,0,0,0,0,0,0,2,1,166.66666666666666,9.0,38.547,4,1,SPECIAL EQUIPMENT,UPPER VERTEX,LANG_11,Round-Trip,google,Paid Search,MetaSearches,Logged-Out,AREA_C,AREA_B,AREA_C_TO_AREA_B,CA,BI,15_30,very_high,6_8,Y,V,0,0.5150689179250796,19.85436157925804
73.0,28.9629309,7.072916666666667,1,1,0,0,0,0,0,0,0,4,1,172.08333333333334,11.0,21.5255014,4,0,SPECIAL EQUIPMENT,OLD ZENITH,LANG_02,Round-Trip,google,Paid Search,Paid Search,Logged-Out,AREA_B,AREA_B,AREA_B_TO_AREA_B,BU,BI,61_120,low,6_8,Y,U,0,0.9222253762860056,19.85136362835994
6.0,99.8744204,5.6875,1,1,0,0,0,0,0,0,0,4,1,138.58333333333334,12.0,21.8373038,4,0,SPECIAL EQUIPMENT,LOWER ZENITH,LANG_02,Round-Trip,google,MetaSearches,MetaSearches,Logged-Out,AREA_C,AREA_C,AREA_C_TO_AREA_C,CE,CE,4_7,high,6_8,Y,M,0,0.9086722266176976,19.84295146727311
128.0,334.21790880000003,8.097222222222221,4,2,0,2,0,1,0,0,0,2,1,208.75,9.0,38.547,5,1,SPECIAL EQUIPMENT,UPPER APEX,LANG_09,Round-Trip,google,Direct,Direct,Logged-Out,AREA_C,AREA_B,AREA_C_TO_AREA_B,CA,BI,120_plus,very_high,9_14,Y,U,0,0.5147181344704911,19.84083992943402
144.0,55.2061568,5.135416666666667,1,1,0,0,0,0,0,0,0,2,1,125.33333333333333,15.0,45.5599842,4,1,SPECIAL EQUIPMENT,UPPER VERTEX,LANG_11,Round-Trip,google,MetaSearches,MetaSearches,Logged-Out,AREA_C,AREA_B,AREA_C_TO_AREA_B,CA,BI,120_plus,high,6_8,Y,U,0,0.43544986216936454,19.839088840328426
25.0,35.7082276,7.673611111111111,1,1,0,0,0,0,0,0,0,4,1,186.91666666666666,14.0,21.7901908,3,0,SPECIAL EQUIPMENT,WEST MERIDIAN,LANG_02,Round-Trip,google,Paid Search,Organic Search,Logged-Out,AREA_C,AREA_C,AREA_C_TO_AREA_C,CI,CE,15_30,mid,6_8,Y,W,0,0.9104388800468389,19.838636907958936
0.0,95.3819817,7.322916666666667,1,1,0,0,0,0,0,0,0,2,1,176.75,14.0,23.021125,4,1,SPECIAL EQUIPMENT,UPPER APEX,LANG_09,Round-Trip,apple,Direct,Direct,Logged-Out,AREA_C,AREA_C,AREA_C_TO_AREA_C,CA,CE,invalid_or_past,high,6_8,C,Z,0,0.8617282758304364,19.837954353926957
47.0,177.9924857,8.89236111111111,2,2,0,0,0,0,0,0,0,4,1,215.33333333333334,21.0,21.5460598,2,0,SPECIAL EQUIPMENT,SOUTH VERTEX,LANG_02,Round-Trip,microsoft,Paid Search,Paid Search,Logged-Out,AREA_C,AREA_C,AREA_C_TO_AREA_C,CU,CE,31_60,very_high,9_14,Y,V,1,0.9205318222570297,19.833833690152932
15.0,39.2275687,5.565972222222222,1,1,0,0,0,0,0,1,0,6,1,134.41666666666666,10.0,21.8698546,4,0,SPECIAL EQUIPMENT,LOWER ZENITH,LANG_02,Round-Trip,google,Direct,Direct,Logged-In,AREA_C,AREA_B,AREA_C_TO_AREA_B,CE,BI,15_30,mid,6_8,Y,L,0,0.9068133663723921,19.831876471900745
35.0,240.53328,2.0972222222222223,4,4,0,0,0,0,0,0,0,2,1,52.0,13.0,42.83,6,1,SPECIAL EQUIPMENT,UPPER APEX,LANG_09,Round-Trip,apple,Paid Search,Paid Search,Logged-Out,AREA_C,AREA_C,AREA_C_TO_AREA_C,CA,CO,31_60,very_high,3_5,Y,T,0,0.4629999828132992,19.830289263893604
34.0,114.1081143,6.496527777777778,2,1,1,0,0,0,1,0,0,4,1,157.25,16.0,22.1808004,4,0,SPECIAL EQUIPMENT,CENTRAL MERIDIAN,LANG_02,Round-Trip,google,MetaSearches,MetaSearches,Logged-Out,AREA_B,AREA_C,AREA_B_TO_AREA_C,BI,CE,31_60,very_high,6_8,Y,T,0,0.8939956169944725,19.82953833902924
16.0,15.0054905,3.6979166666666665,1,1,0,0,0,0,0,0,0,4,1,90.83333333333333,17.0,23.4459986,6,0,SPECIAL EQUIPMENT,LOWER ZENITH,LANG_02,Round-Trip,apple,Paid Search,Paid Search,Logged-Out,AREA_C,AREA_B,AREA_C_TO_AREA_B,CE,BI,15_30,very_low,3_5,Y,U,0,0.8457344716286835,19.829089237777854
43.0,39.3192249,5.121527777777778,1,1,0,0,0,0,0,0,0,4,1,124.25,13.0,21.873281,4,0,SPECIAL EQUIPMENT,UPPER HORIZON,LANG_05,Round-Trip,google,Paid Search,Paid Search,Logged-Out,AREA_C,AREA_C,AREA_C_TO_AREA_C,CI,CI,31_60,mid,6_8,Y,T,0,0.9064708216195191,19.827490999584615
130.0,96.1229407,6.447916666666667,1,1,0,0,0,0,0,0,0,2,1,158.91666666666666,20.0,42.83,3,1,SPECIAL EQUIPMENT,UPPER APEX,LANG_09,Round-Trip,google,MetaSearches,MetaSearches,Logged-Out,AREA_C,AREA_C,AREA_C_TO_AREA_C,CA,CE,120_plus,high,6_8,Y,W,0,0.4628502865054631,19.823877771028986
34.0,61.720599799999995,4.722222222222222,2,2,0,0,0,0,0,1,0,4,1,116.08333333333333,10.0,21.8373038,4,0,SPECIAL EQUIPMENT,NEW MERIDIAN,LANG_02,Round-Trip,google,Paid Search,Paid Search,Logged-In,AREA_C,AREA_C,AREA_C_TO_AREA_C,CI,CI,31_60,high,3_5,Y,L,0,0.907642932430399,19.820474457405496
133.0,26.6248412,4.104166666666667,2,2,0,0,0,0,0,1,0,2,1,100.08333333333333,21.0,43.669468,5,1,SPECIAL EQUIPMENT,UPPER APEX,LANG_09,Round-Trip,google,Paid Search,Paid Search,Logged-In,AREA_C,AREA_D,AREA_C_TO_AREA_D,CA,DA,120_plus,low,3_5,Y,O,0,0.4537086206802501,19.81321409212032
132.0,41.9425624,7.517361111111111,1,1,0,0,0,0,0,0,0,2,1,182.58333333333334,22.0,21.415,2,1,SPECIAL EQUIPMENT,UPPER APEX,LANG_09,Round-Trip,mozilla,Direct,Paid MetaSearches,Logged-Out,AREA_C,AREA_B,AREA_C_TO_AREA_B,CA,BI,120_plus,mid,6_8,Y,L,0,0.9251986729618498,19.813129581478012
193.0,107.4673228,3.142361111111111,2,2,0,0,0,0,0,0,0,2,1,81.41666666666667,13.0,42.83,4,1,SPECIAL EQUIPMENT,UPPER APEX,LANG_09,Round-Trip,samsung,Direct,Email,Logged-Out,AREA_C,AREA_B,AREA_C_TO_AREA_B,CA,BI,120_plus,very_high,3_5,Y,V,0,0.46259206691280236,19.812818225875326
89.0,81.74362479999999,7.517361111111111,2,2,0,0,0,0,0,0,0,2,1,182.58333333333334,17.0,21.8544358,2,1,SPECIAL EQUIPMENT,UPPER APEX,LANG_09,Round-Trip,apple,Direct,Direct,Logged-Out,AREA_C,AREA_B,AREA_C_TO_AREA_B,CA,BI,61_120,high,6_8,Y,U,0,0.9063404610187984,19.807559418277734
27.0,71.9411227,6.690972222222222,2,2,0,0,0,0,0,0,0,4,1,162.66666666666666,11.0,21.3653172,3,0,SPECIAL EQUIPMENT,LOWER ZENITH,LANG_02,Round-Trip,apple,MetaSearches,MetaSearches,Logged-Out,AREA_C,AREA_B,AREA_C_TO_AREA_B,CE,BI,15_30,high,6_8,Y,U,0,0.9268402314581381,19.80223553882454
39.0,135.30296810000002,9.177083333333334,3,2,0,1,0,1,0,0,0,4,1,225.0,23.0,21.8424434,3,0,SPECIAL EQUIPMENT,NEW HORIZON,LANG_02,Round-Trip,microsoft,Paid Search,Organic Search,Logged-Out,AREA_C,AREA_B,AREA_C_TO_AREA_B,CE,BI,31_60,very_high,9_14,Y,L,0,0.9064914920268311,19.79998910717761
20.0,67.1206062,3.1631944444444446,3,3,0,0,0,0,0,1,0,2,1,78.91666666666667,11.0,42.83,5,1,SPECIAL EQUIPMENT,UPPER APEX,LANG_09,Round-Trip,google,Paid Search,Paid Search,Logged-In,AREA_C,AREA_C,AREA_C_TO_AREA_C,CA,CI,15_30,high,3_5,Y,L,0,0.462264292155303,19.798779633011627
4.0,138.3032096,2.392361111111111,2,2,0,0,0,0,0,1,1,2,1,58.0,18.0,42.83,4,1,SPECIAL EQUIPMENT,UPPER APEX,LANG_09,Round-Trip,google,Direct,Direct,Logged-In,AREA_C,AREA_B,AREA_C_TO_AREA_B,CA,BI,4_7,very_high,3_5,Y,U,0,0.46222770690279347,19.797212686646642
24.0,38.2934464,5.517361111111111,1,1,0,0,0,0,0,1,0,2,1,134.41666666666666,22.0,24.091875,5,1,SPECIAL EQUIPMENT,UPPER APEX,LANG_09,Round-Trip,google,Organic Search,Paid Search,Logged-In,AREA_C,AREA_B,AREA_C_TO_AREA_B,CA,BI,15_30,mid,6_8,Y,L,0,0.8216678050045186,19.79551804969324
171.0,351.7336656,14.0,2,2,0,0,0,0,0,0,0,2,1,343.25,22.0,42.4017,1,1,SPECIAL EQUIPMENT,UPPER APEX,LANG_02,Round-Trip,google,Paid Search,Paid Search,Logged-Out,AREA_C,AREA_B,AREA_C_TO_AREA_B,CA,BU,120_plus,very_high,9_14,Y,W,0,0.4667586783321882,19.791361451037943
13.0,38.730312399999995,10.322916666666666,1,1,0,0,0,0,0,1,0,4,1,248.66666666666666,12.0,22.48575,6,0,SPECIAL EQUIPMENT,UPPER APEX,LANG_09,Round-Trip,mozilla,Paid Search,Paid Search,Logged-In,AREA_B,AREA_C,AREA_B_TO_AREA_C,BE,CU,8_14,mid,9_14,Y,U,0,0.8801244127374964,19.79025751371216
33.0,39.030978999999995,7.486111111111111,2,2,0,0,0,0,0,0,0,4,1,181.75,22.0,21.6411424,6,0,SPECIAL EQUIPMENT,CENTRAL AURORA,LANG_02,Round-Trip,google,Paid Search,Organic Search,Logged-Out,AREA_B,AREA_C,AREA_B_TO_AREA_C,BI,CE,31_60,mid,6_8,Y,O,0,0.9143094293212111,19.786700557603062
127.0,458.97912899999994,3.5034722222222223,5,4,1,0,0,0,1,0,0,2,1,86.25,13.0,48.18375,5,1,SPECIAL EQUIPMENT,UPPER APEX,LANG_09,Round-Trip,microsoft,Paid Search,Paid Search,Logged-Out,AREA_C,AREA_C,AREA_C_TO_AREA_C,CA,CI,120_plus,very_high,3_5,Y,Q,0,0.410607141260185,19.78459184269544
186.0,420.3177729,9.065972222222221,3,3,0,0,0,0,0,0,0,2,1,222.58333333333334,13.0,81.377,3,1,SPECIAL EQUIPMENT,UPPER APEX,LANG_09,Round-Trip,google,Organic Search,Email,Logged-Out,AREA_C,AREA_C,AREA_C_TO_AREA_C,CA,CA,120_plus,very_high,9_14,Y,W,0,0.24308532851016112,19.78155477817138
16.0,30.429858399999997,7.128472222222222,1,1,0,0,0,0,0,0,0,2,1,173.25,10.0,24.091875,6,1,SPECIAL EQUIPMENT,SOUTH MERIDIAN,LANG_04,Round-Trip,apple,Direct,Direct,Logged-Out,AREA_C,AREA_B,AREA_C_TO_AREA_B,CA,BI,15_30,low,6_8,Y,L,0,0.8210542666485195,19.780736760312802
39.0,73.2016096,7.517361111111111,1,1,0,0,0,0,0,0,0,2,1,182.58333333333334,9.0,21.415,6,1,SPECIAL EQUIPMENT,UPPER APEX,LANG_09,Round-Trip,apple,Direct,Direct,Logged-Out,AREA_C,AREA_B,AREA_C_TO_AREA_B,CA,BI,31_60,high,6_8,Y,S,1,0.9235168629964415,19.777113621068796
180.0,781.1652341999999,12.0,3,3,0,0,0,0,0,1,0,2,1,295.25,17.0,77.094,5,1,SPECIAL EQUIPMENT,UPPER APEX,LANG_09,Round-Trip,mozilla,Paid Search,Paid Search,Logged-In,AREA_C,AREA_B,AREA_C_TO_AREA_B,CA,BU,120_plus,very_high,9_14,Y,T,0,0.2565042660823388,19.774939889351824
28.0,184.0011064,7.760416666666667,4,2,0,2,0,1,0,1,0,2,1,188.58333333333334,17.0,23.2661126,3,1,SPECIAL EQUIPMENT,UPPER APEX,LANG_09,Round-Trip,google,Paid Search,Organic Search,Logged-In,AREA_C,AREA_C,AREA_C_TO_AREA_C,CA,CU,15_30,very_high,6_8,Y,T,0,0.8498640922790264,19.773033665660616
3.0,28.6592662,5.517361111111111,1,1,0,0,0,0,0,0,0,2,1,134.41666666666666,20.0,24.091875,5,1,SPECIAL EQUIPMENT,UPPER APEX,LANG_09,Round-Trip,apple,Direct,Paid Search,Logged-Out,AREA_C,AREA_B,AREA_C_TO_AREA_B,CA,BI,0_3,low,6_8,Y,L,0,0.8206685193285732,19.771443384099072
44.0,88.84783689999999,,3,2,1,0,0,0,1,0,0,2,1,3.25,13.0,21.6518499,5,0,SPECIAL EQUIPMENT,UPPER MERIDIAN,LANG_02,One-Way,google,Paid Search,Paid Search,Logged-Out,AREA_C,AREA_D,AREA_C_TO_AREA_D,CE,DA,31_60,high,unknown_or_oneway,Y,V,0,0.9131291455450684,19.770935198657074
4.0,98.778829,7.138888888888889,2,1,1,0,0,0,1,0,0,2,1,173.66666666666666,16.0,25.698,5,1,SPECIAL EQUIPMENT,UPPER APEX,LANG_09,Round-Trip,google,Direct,Paid Search,Logged-Out,AREA_C,AREA_C,AREA_C_TO_AREA_C,CA,CU,4_7,high,6_8,Y,K,0,0.7692780017891322,19.76890608997712
16.0,26.3640065,6.524305555555555,1,1,0,0,0,0,0,0,0,4,1,158.33333333333334,12.0,25.1086592,4,0,SPECIAL EQUIPMENT,SOUTH VERTEX,LANG_02,Round-Trip,apple,Direct,Direct,Logged-Out,AREA_B,AREA_B,AREA_B_TO_AREA_B,BA,BO,15_30,low,6_8,Y,W,0,0.7872968204070769,19.7679675528449
9.0,49.31360539999999,,2,2,0,0,0,0,0,0,0,2,1,6.25,14.0,32.1225,4,0,SPECIAL EQUIPMENT,NORTH HORIZON,LANG_02,One-Way,google,Paid Search,Paid Search,Logged-Out,AREA_B,AREA_C,AREA_B_TO_AREA_C,BE,CU,8_14,mid,unknown_or_oneway,Y,W,0,0.6152713207192975,19.764052999805635
1.0,169.0007555,7.236111111111111,1,1,0,0,0,0,0,0,0,2,1,188.08333333333334,7.0,42.4017,2,1,SPECIAL EQUIPMENT,UPPER APEX,LANG_02,Round-Trip,google,Direct,Paid Search,Logged-Out,AREA_C,AREA_B,AREA_C_TO_AREA_B,CA,BI,0_3,very_high,6_8,Y,Q,0,0.4661051848507357,19.76365221648544
137.0,116.9939997,,1,1,0,0,0,0,0,1,0,3,1,18.916666666666668,15.0,20.8355101,5,0,SPECIAL EQUIPMENT,EAST VERTEX,LANG_02,One-Way,google,MetaSearches,Paid Search,Logged-In,AREA_B,AREA_C,AREA_B_TO_AREA_C,BU,CI,120_plus,very_high,unknown_or_oneway,Y,V,0,0.948064358647651,19.753404520053156
115.0,96.046275,9.697916666666666,2,2,0,0,0,0,0,0,0,4,1,234.83333333333334,19.0,21.8373038,2,0,SPECIAL EQUIPMENT,UPPER APEX,LANG_09,Round-Trip,mozilla,Paid Search,Organic Search,Logged-Out,AREA_C,AREA_C,AREA_C_TO_AREA_C,CE,CE,61_120,high,9_14,Y,W,0,0.9045610304723822,19.753174028066468
102.0,143.429104,5.517361111111111,4,4,0,0,0,0,0,0,0,2,1,134.5,16.0,22.48575,3,1,SPECIAL EQUIPMENT,UPPER APEX,LANG_09,Round-Trip,google,MetaSearches,MetaSearches,Logged-Out,AREA_C,AREA_B,AREA_C_TO_AREA_B,CA,BI,61_120,very_high,6_8,Y,U,0,0.8781845275887905,19.746637741229645
84.0,55.1110742,5.767361111111111,2,2,0,0,0,0,0,0,0,2,1,140.75,12.0,25.698,4,1,SPECIAL EQUIPMENT,UPPER APEX,LANG_09,Round-Trip,apple,Direct,Direct,Logged-Out,AREA_C,AREA_C,AREA_C_TO_AREA_C,CA,CU,61_120,high,6_8,Y,O,0,0.7683758107270096,19.745721584062693
142.0,82.08412330000002,6.673611111111111,2,1,1,0,0,0,1,0,0,4,1,162.5,14.0,21.710527,4,0,SPECIAL EQUIPMENT,LOWER VERTEX,LANG_02,Round-Trip,google,Paid Search,Organic Search,Logged-Out,AREA_B,AREA_C,AREA_B_TO_AREA_C,BU,CE,120_plus,high,6_8,Y,U,0,0.9092579319620533,19.74046888182632
46.0,63.126280400000006,3.388888888888889,2,2,0,0,0,0,0,0,0,2,1,81.91666666666667,16.0,42.83,3,1,SPECIAL EQUIPMENT,UPPER APEX,LANG_09,Round-Trip,google,Direct,Direct,Logged-Out,AREA_C,AREA_B,AREA_C_TO_AREA_B,CA,BI,31_60,high,3_5,Y,O,0,0.46088090363427975,19.7395291026562
211.0,15.3425626,,1,1,0,0,0,0,0,0,0,2,1,5.666666666666667,14.0,24.5253146,3,0,SPECIAL EQUIPMENT,NEW MERIDIAN,LANG_02,One-Way,google,Paid Search,Paid Search,Logged-Out,AREA_C,AREA_C,AREA_C_TO_AREA_C,CU,CI,120_plus,very_low,unknown_or_oneway,Y,U,0,0.8048081934386472,19.73817413674048
175.0,32.2278618,5.878472222222222,1,1,0,0,0,0,0,0,0,2,1,143.0,12.0,32.3859045,3,1,SPECIAL EQUIPMENT,OLD HORIZON,LANG_02,Round-Trip,apple,Direct,Direct,Logged-Out,AREA_C,AREA_C,AREA_C_TO_AREA_C,CA,CA,120_plus,low,6_8,Y,W,0,0.6094413571178534,19.737309589969197
67.0,71.7248312,,1,1,0,0,0,0,0,0,0,4,1,129.25,22.0,21.333623,3,0,SPECIAL EQUIPMENT,NEW HORIZON,LANG_02,Multi-City,google,Paid Search,Paid Search,Logged-Out,AREA_C,AREA_C,AREA_C_TO_AREA_C,CE,CI,61_120,high,unknown_or_oneway,Y,V,0,0.9250811262243431,19.73533199128555
50.0,90.8527092,3.2465277777777777,2,2,0,0,0,0,0,0,0,2,1,78.5,9.0,42.83,5,1,SPECIAL EQUIPMENT,UPPER APEX,LANG_09,Round-Trip,microsoft,Referrals,Referrals,Logged-Out,AREA_C,AREA_B,AREA_C_TO_AREA_B,CA,BI,31_60,high,3_5,Y,W,0,0.4607348645196943,19.733274247378507
24.0,26.1314396,5.0,2,2,0,0,0,0,0,0,0,2,1,121.91666666666667,21.0,85.66,6,1,SPECIAL EQUIPMENT,UPPER APEX,LANG_02,Round-Trip,google,MetaSearches,MetaSearches,Logged-Out,AREA_C,AREA_B,AREA_C_TO_AREA_B,CA,BE,15_30,low,3_5,Y,O,0,0.230365006073023,19.73306642021515
32.0,57.1356483,7.517361111111111,1,1,0,0,0,0,0,0,0,2,1,182.5,18.0,21.415,6,1,SPECIAL EQUIPMENT,UPPER APEX,LANG_09,Round-Trip,apple,Direct,Direct,Logged-Out,AREA_C,AREA_B,AREA_C_TO_AREA_B,CA,BI,31_60,high,6_8,Y,L,1,0.9213615547828797,19.730957695675368
12.0,30.9994974,5.934027777777778,1,1,0,0,0,0,0,1,1,4,1,143.33333333333334,12.0,23.5565,5,0,SPECIAL EQUIPMENT,UPPER APEX,LANG_09,Round-Trip,apple,Direct,Direct,Logged-In,AREA_C,AREA_C,AREA_C_TO_AREA_C,CA,CU,8_14,low,6_8,Y,L,0,0.8375235756809803,19.729124110529014
73.0,22.5598459,9.381944444444445,1,1,0,0,0,0,0,0,0,2,1,226.16666666666666,15.0,24.091875,3,1,SPECIAL EQUIPMENT,UPPER APEX,LANG_09,Round-Trip,apple,Direct,Direct,Logged-Out,AREA_C,AREA_C,AREA_C_TO_AREA_C,CA,CE,61_120,low,9_14,Y,L,0,0.8186256569085291,19.72222699803317
19.0,40.2177983,10.541666666666666,1,1,0,0,0,0,0,0,0,2,1,254.66666666666666,20.0,23.021125,6,1,SPECIAL EQUIPMENT,UPPER APEX,LANG_09,Round-Trip,google,Paid Search,Paid Search,Logged-Out,AREA_C,AREA_C,AREA_C_TO_AREA_C,CA,CE,15_30,mid,9_14,Y,V,0,0.8565979592557095,19.719848694770597
58.0,28.869133199999997,10.04513888888889,1,1,0,0,0,0,0,1,0,4,1,242.08333333333334,12.0,21.415,6,0,SPECIAL EQUIPMENT,UPPER APEX,LANG_09,Round-Trip,microsoft,Paid Search,Paid Search,Logged-In,AREA_B,AREA_C,AREA_B_TO_AREA_C,BE,CI,31_60,low,9_14,Y,O,0,0.9208170308163625,19.7192967149324
12.0,122.7259386,5.041666666666667,3,3,0,0,0,0,0,0,0,4,1,123.41666666666667,22.0,23.3543424,5,0,SPECIAL EQUIPMENT,NEW APEX,LANG_02,Round-Trip,apple,Paid Search,Paid Search,Logged-Out,AREA_B,AREA_B,AREA_B_TO_AREA_B,BE,BI,8_14,very_high,6_8,Y,S,1,0.8442120061921979,19.71601625080351
20.0,37.0038351,10.541666666666666,1,1,0,0,0,0,0,1,1,2,1,254.66666666666666,9.0,23.021125,6,1,SPECIAL EQUIPMENT,UPPER APEX,LANG_09,Round-Trip,google,Direct,Paid Search,Logged-In,AREA_C,AREA_C,AREA_C_TO_AREA_C,CA,CE,15_30,mid,9_14,Y,V,0,0.8563258850129536,19.713585239618833
49.0,149.29338760000002,5.243055555555555,4,4,0,0,0,0,0,0,0,2,1,126.41666666666667,17.0,23.021125,3,1,SPECIAL EQUIPMENT,UPPER APEX,LANG_09,Round-Trip,microsoft,Paid Search,Paid Search,Logged-Out,AREA_C,AREA_B,AREA_C_TO_AREA_B,CA,BI,31_60,very_high,6_8,Y,W,0,0.8556915771457602,19.69898275891969
114.0,82.8709104,,4,3,0,1,0,1,0,1,0,1,0,2.75,9.0,24.0430488,3,1,SPECIAL EQUIPMENT,NEW MERIDIAN,LANG_02,One-Way,google,Direct,Paid Search,Logged-In,AREA_C,AREA_C,AREA_C_TO_AREA_C,CA,CI,61_120,high,unknown_or_oneway,Y,L,1,0.8193164503319244,19.698865397973233
50.0,30.2388366,4.513888888888889,2,2,0,0,0,0,0,0,0,2,1,110.33333333333333,11.0,85.66,6,1,SPECIAL EQUIPMENT,UPPER APEX,LANG_09,Round-Trip,google,Paid Search,Paid Search,Logged-Out,AREA_C,AREA_B,AREA_C_TO_AREA_B,CA,BE,31_60,low,3_5,Y,O,0,0.2299027817860974,19.693472287797103
45.0,173.20452,6.513888888888889,6,2,2,2,0,1,1,0,0,2,1,158.25,16.0,21.522075,4,1,SPECIAL EQUIPMENT,UPPER APEX,LANG_09,Round-Trip,apple,Direct,Direct,Logged-Out,AREA_C,AREA_B,AREA_C_TO_AREA_B,CA,BI,31_60,very_high,6_8,Y,L,1,0.9148538743018508,19.689553696765007
16.0,42.8980997,5.284722222222222,1,1,0,0,0,0,0,0,0,4,1,129.58333333333334,13.0,21.5931728,4,0,SPECIAL EQUIPMENT,NEW MERIDIAN,LANG_02,Round-Trip,google,Direct,Paid Search,Logged-Out,AREA_C,AREA_C,AREA_C_TO_AREA_C,CI,CI,15_30,mid,6_8,Y,V,0,0.9117362486800596,19.6872783657723
12.0,43.3662316,3.517361111111111,2,2,0,0,0,0,0,1,0,2,1,86.41666666666667,18.0,85.66,5,1,SPECIAL EQUIPMENT,UPPER APEX,LANG_09,Round-Trip,google,Paid Search,Paid Search,Logged-In,AREA_C,AREA_B,AREA_C_TO_AREA_B,CA,BE,8_14,mid,3_5,Y,W,0,0.2298046012900518,19.68506214650584
113.0,415.02783959999994,15.23611111111111,4,2,0,2,0,1,0,1,1,2,1,381.4166666666667,23.0,38.547,1,1,SPECIAL EQUIPMENT,UPPER APEX,LANG_09,Round-Trip,google,Email,Email,Logged-In,AREA_C,AREA_B,AREA_C_TO_AREA_B,CA,BI,61_120,very_high,15_30,Y,L,1,0.510661716500899,19.68447718596015
7.0,120.377998,2.236111111111111,2,2,0,0,0,0,0,0,0,2,1,55.25,22.0,42.83,5,1,SPECIAL EQUIPMENT,UPPER APEX,LANG_09,Round-Trip,apple,Direct,Direct,Logged-Out,AREA_C,AREA_C,AREA_C_TO_AREA_C,CA,CO,4_7,very_high,3_5,Y,T,0,0.45957460491614227,19.683580328558374
62.0,35.8178724,8.51736111111111,1,1,0,0,0,0,0,0,0,2,1,206.41666666666666,22.0,24.62725,2,1,SPECIAL EQUIPMENT,UPPER APEX,LANG_09,Round-Trip,google,Direct,Direct,Logged-Out,AREA_C,AREA_B,AREA_C_TO_AREA_B,CA,BI,61_120,mid,9_14,Y,V,0,0.7992177784073337,19.68253603328201
160.0,192.0557162,20.07986111111111,2,2,0,0,0,0,0,0,0,4,1,482.8333333333333,23.0,38.547,5,0,SPECIAL EQUIPMENT,UPPER APEX,LANG_09,Round-Trip,apple,Direct,Direct,Logged-Out,AREA_C,AREA_B,AREA_C_TO_AREA_B,CA,BI,120_plus,very_high,15_30,Y,O,0,0.5101053023465129,19.66302908955103
9.0,133.14005310000002,7.993055555555555,1,1,0,0,0,0,0,0,0,2,1,212.41666666666666,21.0,40.6885,1,1,SPECIAL EQUIPMENT,UPPER APEX,LANG_09,Round-Trip,google,Paid Search,Paid Search,Logged-Out,AREA_C,AREA_D,AREA_C_TO_AREA_D,CA,DA,8_14,very_high,6_8,Y,O,0,0.4831816025176356,19.659934634038816
124.0,36.9969823,5.420138888888889,1,1,0,0,0,0,0,1,0,2,1,132.66666666666666,18.0,23.021125,4,1,SPECIAL EQUIPMENT,UPPER APEX,LANG_09,Round-Trip,google,Direct,Direct,Logged-In,AREA_C,AREA_C,AREA_C_TO_AREA_C,CA,CE,120_plus,mid,6_8,Y,L,0,0.8537743416993719,19.654845842053955
6.0,37.8120372,3.517361111111111,2,2,0,0,0,0,0,1,1,2,1,86.41666666666667,21.0,85.66,5,1,SPECIAL EQUIPMENT,UPPER APEX,LANG_09,Round-Trip,google,Direct,Direct,Logged-In,AREA_C,AREA_B,AREA_C_TO_AREA_B,CA,BE,4_7,mid,3_5,Y,L,0,0.22940036716071296,19.65043545098667
95.0,295.668339,9.319444444444445,3,3,0,0,0,0,0,1,0,2,1,239.83333333333334,21.0,41.438025,2,1,SPECIAL EQUIPMENT,UPPER APEX,LANG_09,Round-Trip,apple,Direct,Direct,Logged-In,AREA_C,AREA_B,AREA_C_TO_AREA_B,CA,BO,61_120,very_high,9_14,Y,U,0,0.4741895779513532,19.649479585887622
37.0,81.9946086,5.513888888888889,3,3,0,0,0,0,0,0,0,2,1,134.41666666666666,19.0,24.62725,3,1,SPECIAL EQUIPMENT,UPPER APEX,LANG_09,Round-Trip,mozilla,MetaSearches,MetaSearches,Logged-Out,AREA_C,AREA_C,AREA_C_TO_AREA_C,CA,CI,31_60,high,6_8,Y,O,0,0.797761921193886,19.646682273722128
2.0,47.2860332,9.347222222222221,1,1,0,0,0,0,0,0,1,4,1,225.25,15.0,23.5565,5,0,SPECIAL EQUIPMENT,UPPER APEX,LANG_09,Round-Trip,google,Direct,Direct,Logged-Out,AREA_C,AREA_C,AREA_C_TO_AREA_C,CA,CU,0_3,mid,9_14,Y,S,0,0.8339109819775558,19.644024046954293
151.0,52.5040121,6.420138888888889,1,1,0,0,0,0,0,0,0,2,1,156.66666666666666,17.0,23.021125,4,1,SPECIAL EQUIPMENT,WEST ZENITH,LANG_10,Round-Trip,google,Paid Search,Paid Search,Logged-Out,AREA_C,AREA_C,AREA_C_TO_AREA_C,CA,CE,120_plus,mid,6_8,Y,W,0,0.8532490941145437,19.642754051747676
50.0,161.90253959999998,9.13888888888889,4,2,1,1,0,1,1,0,0,2,1,221.66666666666666,18.0,23.2661126,2,1,SPECIAL EQUIPMENT,UPPER APEX,LANG_09,Round-Trip,samsung,Email,Email,Logged-Out,AREA_C,AREA_C,AREA_C_TO_AREA_C,CA,CU,31_60,very_high,9_14,Y,L,0,0.8441457652707973,19.63999042560354
0.0,54.327285200000006,,2,2,0,0,0,0,0,0,0,2,1,14.083333333333334,15.0,24.5732842,3,0,SPECIAL EQUIPMENT,LOWER VERTEX,LANG_02,One-Way,google,Paid Search,Paid Search,Logged-Out,AREA_C,AREA_B,AREA_C_TO_AREA_B,CU,BI,invalid_or_past,high,unknown_or_oneway,Y,S,0,0.7990975860737476,19.636452086124162
46.0,30.5317938,10.541666666666666,1,1,0,0,0,0,0,1,0,2,1,254.66666666666666,14.0,23.021125,6,1,SPECIAL EQUIPMENT,UPPER APEX,LANG_09,Round-Trip,mozilla,MetaSearches,MetaSearches,Logged-In,AREA_C,AREA_C,AREA_C_TO_AREA_C,CA,CE,31_60,low,9_14,Y,W,0,0.8526628908007239,19.629258991984816
22.0,67.9262385,10.274305555555555,2,1,0,1,0,1,0,0,0,4,1,248.66666666666666,11.0,21.6411424,6,0,SPECIAL EQUIPMENT,SOUTH MERIDIAN,LANG_02,Round-Trip,apple,Direct,Direct,Logged-Out,AREA_B,AREA_C,AREA_B_TO_AREA_C,BI,CE,15_30,high,9_14,Y,V,0,0.9068581211049345,19.625445735428332
104.0,157.9519004,8.302083333333334,1,1,0,0,0,0,0,0,0,2,1,215.5,17.0,38.547,4,1,SPECIAL EQUIPMENT,UPPER APEX,LANG_09,Round-Trip,apple,Direct,Direct,Logged-Out,AREA_C,AREA_B,AREA_C_TO_AREA_B,CA,BO,61_120,very_high,9_14,Y,L,0,0.509078556925117,19.623451133792486
113.0,1047.8205312,14.0,4,4,0,0,0,0,0,0,0,2,1,343.25,20.0,42.4017,1,1,SPECIAL EQUIPMENT,UPPER APEX,LANG_09,Round-Trip,opera,Direct,Organic Search,Logged-Out,AREA_C,AREA_B,AREA_C_TO_AREA_B,CA,BU,61_120,very_high,9_14,Y,E,0,0.46265049343584563,19.617167427518694
11.0,29.7694198,6.263888888888889,1,1,0,0,0,0,0,0,0,4,1,152.41666666666666,21.0,21.3481852,5,0,SPECIAL EQUIPMENT,EAST VERTEX,LANG_02,Round-Trip,google,Paid Search,Paid Search,Logged-Out,AREA_C,AREA_B,AREA_C_TO_AREA_B,CE,BI,8_14,low,6_8,Y,L,0,0.9189046169253373,19.616945943257154
108.0,113.6267051,8.215277777777779,1,1,0,0,0,0,0,0,0,2,1,211.66666666666666,22.0,38.547,5,1,SPECIAL EQUIPMENT,UPPER APEX,LANG_02,Round-Trip,microsoft,Paid Search,Paid Search,Logged-Out,AREA_C,AREA_B,AREA_C_TO_AREA_B,CA,BI,61_120,very_high,9_14,Y,O,0,0.5087554177709877,19.61099508881826
2.0,38.6947635,,1,1,0,0,0,0,0,0,0,3,1,19.416666666666668,9.0,32.2959615,3,0,SPECIAL EQUIPMENT,OLD APEX,LANG_02,One-Way,microsoft,Organic Search,Organic Search,Logged-Out,AREA_C,AREA_B,AREA_C_TO_AREA_B,CO,BA,0_3,mid,unknown_or_oneway,Y,T,0,0.6071514841379668,19.608540956387635
49.0,253.9322172,11.979166666666666,4,3,0,1,0,1,0,0,0,4,1,289.5833333333333,21.0,21.7670626,2,0,SPECIAL EQUIPMENT,LOWER ZENITH,LANG_02,Round-Trip,apple,Direct,MetaSearches,Logged-Out,AREA_C,AREA_B,AREA_C_TO_AREA_B,CE,BI,31_60,very_high,9_14,Y,Q,0,0.9006539475990746,19.604590858326176
65.0,109.8383916,7.197916666666667,2,2,0,0,0,0,0,0,0,2,1,178.58333333333334,22.0,21.415,6,1,SPECIAL EQUIPMENT,UPPER APEX,LANG_09,Round-Trip,apple,Direct,Direct,Logged-Out,AREA_C,AREA_B,AREA_C_TO_AREA_B,CA,BI,61_120,very_high,6_8,Y,S,0,0.9154255476884772,19.60383810374874
106.0,127.6492471,13.447916666666666,1,1,0,0,0,0,0,1,0,2,1,343.3333333333333,22.0,38.547,4,1,SPECIAL EQUIPMENT,UPPER APEX,LANG_09,Round-Trip,google,MetaSearches,Organic Search,Logged-In,AREA_C,AREA_D,AREA_C_TO_AREA_D,CA,DA,61_120,very_high,9_14,Y,U,0,0.5085592304751368,19.603432657125097
9.0,39.8768715,8.67361111111111,1,1,0,0,0,0,0,0,0,4,1,210.91666666666666,,22.3551185,6,0,SPECIAL EQUIPMENT,NEW MERIDIAN,LANG_02,Round-Trip,apple,Paid Search,Paid Search,Logged-Out,AREA_C,AREA_C,AREA_C_TO_AREA_C,CI,CE,8_14,mid,9_14,Y,U,0,0.8767303534903463,19.599410944823582
23.0,17.3345859,,1,1,0,0,0,0,0,0,0,2,1,4.916666666666667,13.0,31.878369,4,0,SPECIAL EQUIPMENT,NEW MERIDIAN,LANG_10,One-Way,google,Paid Search,MetaSearches,Logged-Out,AREA_C,AREA_C,AREA_C_TO_AREA_C,CI,CI,15_30,very_low,unknown_or_oneway,Y,W,0,0.6148017696006586,19.598877673182777
139.0,973.0864642,7.892361111111111,2,1,0,1,0,1,0,0,0,2,1,196.66666666666666,14.0,34.2442982,1,1,SPECIAL EQUIPMENT,UPPER APEX,LANG_09,Round-Trip,apple,Direct,Direct,Logged-Out,AREA_C,AREA_B,AREA_C_TO_AREA_B,CA,BU,120_plus,very_high,6_8,C,Z,0,0.5722562795391708,19.596514683361924
34.0,112.1220872,7.128472222222222,2,2,0,0,0,0,0,0,0,2,1,173.25,22.0,21.415,6,1,SPECIAL EQUIPMENT,UPPER APEX,LANG_09,Round-Trip,google,Direct,Direct,Logged-Out,AREA_C,AREA_B,AREA_C_TO_AREA_B,CA,BI,31_60,very_high,6_8,Y,V,1,0.9150152698729953,19.595052004330192
25.0,34.6169192,26.125,2,2,0,0,0,0,0,0,0,2,1,629.0,20.0,85.66,3,1,SPECIAL EQUIPMENT,UPPER APEX,LANG_09,Round-Trip,google,MetaSearches,MetaSearches,Logged-Out,AREA_C,AREA_B,AREA_C_TO_AREA_B,CA,BE,15_30,mid,15_30,Y,L,0,0.2287329364332041,19.593263334868265
