DTD,FARE_YQ_TICKET,stay_length_days,pax_total,ADULTS,TEENAGERS,CHILDREN,INFANTS,has_child_or_infant,has_teenager,is_logged_in,has_loyalty,segment_count,has_connection,travel_span_hours,HOUR_OF_THE_DAY_PL_TIME,emd_price,display_position,is_hub_caj_route,product,MARKET,LANGUAGE,FLIGHT_TYPE,BROWSER_TYPE,FIRST_TOUCH_CHANNEL,LAST_TOUCH_CHANNEL,LOGIN_STATUS,origin_area,destination_area,route_direction,origin_prefix,destination_prefix,dtd_bucket,fare_bucket,stay_bucket,first_booking_class,first_rbd,actual_sold,predicted_probability,expected_revenue
69.0,164.9687393,9.677083333333334,5,5,0,0,0,0,0,0,0,4,1,235.25,22.0,122.6544125,2,0,SPECIAL EQUIPMENT,OLD AURORA,LANG_02,Round-Trip,google,Organic Search,Organic Search,Logged-Out,AREA_B,AREA_C,AREA_B_TO_AREA_C,BO,CE,61_120,very_high,9_14,Y,O,1,0.8652292,106.1241779032059
33.0,119.4121815,8.496527777777779,3,3,0,0,0,0,0,0,0,4,1,205.25,21.0,97.8005918,6,0,SPECIAL EQUIPMENT,CENTRAL MERIDIAN,LANG_02,Round-Trip,apple,Direct,Direct,Logged-Out,AREA_B,AREA_C,AREA_B_TO_AREA_C,BI,CE,31_60,very_high,9_14,Y,O,0,0.91026646,89.02459838473538
30.0,96.8219263,6.496527777777778,3,3,0,0,0,0,0,0,0,4,1,157.25,12.0,97.8005918,4,0,SPECIAL EQUIPMENT,CENTRAL MERIDIAN,LANG_02,Round-Trip,google,MetaSearches,MetaSearches,Logged-Out,AREA_B,AREA_C,AREA_B_TO_AREA_C,BI,CE,15_30,high,6_8,Y,O,0,0.8817945,86.24002514618235
74.0,113.43996629999998,5.416666666666667,4,4,0,0,0,0,0,0,0,4,1,131.83333333333334,9.0,97.626702,5,0,SPECIAL EQUIPMENT,SOUTH HORIZON,LANG_02,Round-Trip,google,Direct,Organic Search,Logged-Out,AREA_C,AREA_B,AREA_C_TO_AREA_B,CU,BI,61_120,very_high,6_8,Y,O,1,0.878337,85.74914705795645
34.0,45.5818275,4.263888888888889,2,2,0,0,0,0,0,0,0,4,1,104.25,19.0,97.626702,5,0,SPECIAL EQUIPMENT,SOUTH VERTEX,LANG_02,Round-Trip,apple,Paid Search,Paid Search,Logged-Out,AREA_C,AREA_B,AREA_C_TO_AREA_B,CU,BI,31_60,mid,3_5,Y,U,0,0.8708567,85.01886776285183
13.0,54.0968598,5.704861111111111,2,2,0,0,0,0,0,1,0,4,1,138.16666666666666,10.0,97.8005918,4,0,SPECIAL EQUIPMENT,CENTRAL MERIDIAN,LANG_02,Round-Trip,apple,Direct,Direct,Logged-In,AREA_B,AREA_C,AREA_B_TO_AREA_C,BI,CE,8_14,high,6_8,Y,V,0,0.8425312,82.40005038303795
27.0,41.2260165,,2,2,0,0,0,0,0,1,1,4,1,-143.66666666666666,20.0,97.8005918,2,0,SPECIAL EQUIPMENT,CENTRAL MERIDIAN,LANG_02,Round-Trip,microsoft,Direct,Paid Search,Logged-In,AREA_B,AREA_C,AREA_B_TO_AREA_C,BI,CE,15_30,mid,unknown_or_oneway,Y,U,0,0.83848155,82.00399135822266
48.0,130.151804,4.53125,2,2,0,0,0,0,0,0,0,2,1,110.91666666666667,19.0,107.075,5,1,SPECIAL EQUIPMENT,UPPER APEX,LANG_09,Round-Trip,apple,Direct,Direct,Logged-Out,AREA_C,AREA_B,AREA_C_TO_AREA_B,CA,BI,31_60,very_high,3_5,Y,T,0,0.7409969,79.34224276989698
71.0,60.330338,7.517361111111111,2,2,0,0,0,0,0,0,0,2,1,182.58333333333334,13.0,96.3675,3,1,SPECIAL EQUIPMENT,UPPER APEX,LANG_02,Round-Trip,apple,Direct,Direct,Logged-Out,AREA_C,AREA_B,AREA_C_TO_AREA_B,CA,BI,61_120,high,6_8,Y,L,0,0.80012834,77.10636787444354
41.0,27.7208609,16.63888888888889,1,1,0,0,0,0,0,1,0,4,1,400.5833333333333,8.0,97.8005918,6,0,SPECIAL EQUIPMENT,CENTRAL MERIDIAN,LANG_02,Round-Trip,apple,Direct,Direct,Logged-In,AREA_B,AREA_C,AREA_B_TO_AREA_C,BI,CE,31_60,low,15_30,Y,O,0,0.7663323,74.94775522512386
27.0,81.5401823,7.135416666666667,4,2,0,1,1,1,0,0,0,2,1,173.58333333333334,22.0,92.0845,6,1,SPECIAL EQUIPMENT,UPPER APEX,LANG_09,Round-Trip,google,Direct,Paid MetaSearches,Logged-Out,AREA_C,AREA_C,AREA_C_TO_AREA_C,CA,CU,15_30,high,6_8,Y,L,0,0.80473673,74.10377973014117
36.0,65.431391,3.3819444444444446,2,2,0,0,0,0,0,0,0,4,1,83.08333333333333,11.0,97.626702,4,0,SPECIAL EQUIPMENT,SOUTH VERTEX,LANG_02,Round-Trip,google,Paid Search,Paid Search,Logged-Out,AREA_C,AREA_B,AREA_C_TO_AREA_B,CU,BI,31_60,high,3_5,Y,O,0,0.72142404,70.43025007902824
17.0,79.9824552,6.583333333333333,1,1,0,0,0,0,0,0,0,4,1,160.08333333333334,16.0,87.6336064,3,0,SPECIAL EQUIPMENT,LOWER ZENITH,LANG_02,Round-Trip,google,MetaSearches,MetaSearches,Logged-Out,AREA_C,AREA_B,AREA_C_TO_AREA_B,CE,BO,15_30,high,6_8,Y,T,0,0.78280324,68.59987079830513
70.0,34.533829,8.51736111111111,1,1,0,0,0,0,0,0,0,2,1,206.58333333333334,21.0,96.3675,2,1,SPECIAL EQUIPMENT,UPPER APEX,LANG_09,Round-Trip,samsung,Direct,Direct,Logged-Out,AREA_C,AREA_B,AREA_C_TO_AREA_B,CA,BI,61_120,mid,9_14,Y,U,0,0.70502037,67.94105032280088
341.0,342.3753106,5.541666666666667,4,4,0,0,0,0,0,0,0,4,1,134.66666666666666,15.0,87.6712968,3,0,SPECIAL EQUIPMENT,SOUTH VERTEX,LANG_02,Round-Trip,google,Paid Search,Paid Search,Logged-Out,AREA_B,AREA_B,AREA_B_TO_AREA_B,BA,BE,120_plus,very_high,6_8,C,F,1,0.7688705,67.40787143107538
109.0,78.8046302,8.538194444444445,1,1,0,0,0,0,0,0,0,4,1,205.83333333333334,16.0,85.66,6,0,SPECIAL EQUIPMENT,UPPER APEX,LANG_09,Round-Trip,apple,Paid Search,Paid Search,Logged-Out,AREA_B,AREA_C,AREA_B_TO_AREA_C,BE,CE,61_120,high,9_14,Y,W,0,0.7860287,67.33121700167656
5.0,76.121759,4.583333333333333,1,1,0,0,0,0,0,1,1,4,1,112.08333333333333,12.0,87.6336064,1,0,SPECIAL EQUIPMENT,LOWER ZENITH,LANG_02,Round-Trip,mozilla,Direct,Direct,Logged-In,AREA_C,AREA_B,AREA_C_TO_AREA_B,CE,BO,4_7,high,3_5,Y,H,0,0.76061785,66.65568548147202
16.0,25.2915433,4.263888888888889,1,1,0,0,0,0,0,0,0,4,1,104.25,18.0,97.626702,5,0,SPECIAL EQUIPMENT,SOUTH VERTEX,LANG_02,Round-Trip,apple,Direct,Direct,Logged-Out,AREA_C,AREA_B,AREA_C_TO_AREA_B,CU,BI,15_30,low,3_5,Y,U,0,0.6698365,65.39393043889903
13.0,62.86758720000001,6.517361111111111,1,1,0,0,0,0,0,1,0,2,1,158.58333333333334,19.0,107.075,4,1,SPECIAL EQUIPMENT,SOUTH MERIDIAN,LANG_04,Round-Trip,apple,Direct,Direct,Logged-In,AREA_C,AREA_B,AREA_C_TO_AREA_B,CA,BI,8_14,high,6_8,Y,T,0,0.61047477,65.36658549457789
29.0,26.166131900000003,7.815972222222222,1,1,0,0,0,0,0,1,0,2,1,190.0,18.0,92.0845,6,1,SPECIAL EQUIPMENT,UPPER APEX,LANG_09,Round-Trip,google,Direct,Direct,Logged-In,AREA_C,AREA_C,AREA_C_TO_AREA_C,CA,CU,15_30,low,6_8,Y,U,0,0.7082797,65.22158469492197
31.0,37.868572799999995,4.329861111111111,1,1,0,0,0,0,0,1,0,4,1,106.0,11.0,87.6336064,3,0,SPECIAL EQUIPMENT,LOWER ZENITH,LANG_02,Round-Trip,apple,Direct,Direct,Logged-In,AREA_C,AREA_B,AREA_C_TO_AREA_B,CE,BO,31_60,mid,3_5,Y,V,0,0.74159354,64.98851636815071
45.0,64.5358157,7.135416666666667,2,2,0,0,0,0,0,0,0,2,1,173.58333333333334,9.0,96.3675,3,1,SPECIAL EQUIPMENT,NORTH HORIZON,LANG_04,Round-Trip,google,Organic Search,Paid Search,Logged-Out,AREA_C,AREA_C,AREA_C_TO_AREA_C,CA,CU,31_60,high,6_8,Y,L,0,0.67072695,64.63627982988955
123.0,67.76048639999999,6.322916666666667,3,2,1,0,0,0,1,0,0,2,1,152.66666666666666,23.0,85.66,4,1,SPECIAL EQUIPMENT,UPPER APEX,LANG_09,Round-Trip,apple,MetaSearches,MetaSearches,Logged-Out,AREA_C,AREA_C,AREA_C_TO_AREA_C,CA,CE,120_plus,high,6_8,Y,L,0,0.74841166,64.10894240379334
19.0,211.22428270000003,8.4375,2,2,0,0,0,0,0,0,0,4,1,203.58333333333334,10.0,77.094,4,0,SPECIAL EQUIPMENT,LOWER VERTEX,LANG_02,Round-Trip,apple,Direct,Paid Search,Logged-Out,AREA_C,AREA_D,AREA_C_TO_AREA_D,CE,DA,15_30,very_high,9_14,Y,U,0,0.8176078,63.03265727770328
28.0,168.34459990000002,8.88888888888889,3,3,0,0,0,0,0,0,0,4,1,215.33333333333334,19.0,68.5245736,6,0,SPECIAL EQUIPMENT,NORTH ZENITH,LANG_06,Round-Trip,google,MetaSearches,MetaSearches,Logged-Out,AREA_C,AREA_C,AREA_C_TO_AREA_C,CU,CE,15_30,very_high,9_14,Y,W,1,0.9127783,62.547745027362964
21.0,80.8090742,7.135416666666667,2,2,0,0,0,0,0,0,0,2,1,173.58333333333334,12.0,92.0845,2,1,SPECIAL EQUIPMENT,UPPER APEX,LANG_09,Round-Trip,microsoft,Internal,Paid Search,Logged-Out,AREA_C,AREA_C,AREA_C_TO_AREA_C,CA,CU,15_30,high,6_8,Y,L,0,0.6766908,62.31273552691937
46.0,91.3174147,5.576388888888889,3,1,1,1,0,1,1,0,0,4,1,135.91666666666666,23.0,68.5245736,3,0,SPECIAL EQUIPMENT,NORTH ZENITH,LANG_02,Round-Trip,mozilla,Direct,Email,Logged-Out,AREA_C,AREA_C,AREA_C_TO_AREA_C,CU,CE,31_60,high,6_8,Y,L,0,0.88837546,60.87554966868586
20.0,101.018838,3.517361111111111,2,2,0,0,0,0,0,0,0,2,1,86.58333333333333,11.0,96.3675,4,1,SPECIAL EQUIPMENT,UPPER APEX,LANG_09,Round-Trip,mozilla,Direct,Organic Search,Logged-Out,AREA_C,AREA_B,AREA_C_TO_AREA_B,CA,BI,15_30,high,3_5,Y,U,0,0.6262713,60.35220022246242
122.0,244.74218410000003,7.322916666666667,8,7,0,1,0,1,0,1,0,2,1,176.66666666666666,19.0,85.66,2,1,SPECIAL EQUIPMENT,CENTRAL MERIDIAN,LANG_02,Round-Trip,microsoft,MetaSearches,MetaSearches,Logged-In,AREA_C,AREA_C,AREA_C_TO_AREA_C,CA,CE,120_plus,very_high,6_8,Y,O,0,0.70063937,60.01676818609238
8.0,143.0012323,8.496527777777779,3,3,0,0,0,0,0,0,0,4,1,205.25,23.0,68.7974007,5,0,SPECIAL EQUIPMENT,CENTRAL MERIDIAN,LANG_02,Round-Trip,apple,Direct,Paid Search,Logged-Out,AREA_B,AREA_C,AREA_B_TO_AREA_C,BI,CE,8_14,very_high,9_14,Y,S,1,0.87140924,59.950690478043235
83.0,127.7755956,6.517361111111111,3,2,1,0,0,0,1,1,1,2,1,158.58333333333334,21.0,72.275625,3,1,SPECIAL EQUIPMENT,UPPER APEX,LANG_02,Round-Trip,apple,Paid Search,Paid Search,Logged-In,AREA_C,AREA_B,AREA_C_TO_AREA_B,CA,BI,61_120,very_high,6_8,Y,L,0,0.82214785,59.42124942809344
30.0,31.9306216,7.385416666666667,2,2,0,0,0,0,0,1,1,2,1,179.25,17.0,85.66,6,1,SPECIAL EQUIPMENT,UPPER APEX,LANG_02,Round-Trip,google,Direct,Email,Logged-In,AREA_C,AREA_B,AREA_C_TO_AREA_B,CA,BE,15_30,low,6_8,Y,U,0,0.6909232,59.18448250770569
117.0,294.1924172,6.46875,2,2,0,0,0,0,0,1,0,4,1,156.16666666666666,20.0,82.87605,4,0,SPECIAL EQUIPMENT,UPPER APEX,LANG_09,Round-Trip,apple,Direct,Direct,Logged-In,AREA_B,AREA_C,AREA_B_TO_AREA_C,BE,CA,61_120,very_high,6_8,Y,L,0,0.7103501,58.87101009230912
34.0,51.9609277,5.263888888888889,2,2,0,0,0,0,0,0,0,4,1,128.25,19.0,69.8574432,4,0,SPECIAL EQUIPMENT,SOUTH VERTEX,LANG_02,Round-Trip,google,Direct,Direct,Logged-Out,AREA_C,AREA_B,AREA_C_TO_AREA_B,CU,BO,31_60,mid,6_8,Y,O,0,0.8417759,58.80431171376343
47.0,254.9310128,92.4375,2,2,0,0,0,0,0,1,0,4,1,2219.5833333333335,13.0,77.094,1,0,SPECIAL EQUIPMENT,UPPER APEX,LANG_09,Round-Trip,apple,Direct,Direct,Logged-In,AREA_C,AREA_D,AREA_C_TO_AREA_D,CE,DA,31_60,very_high,30_plus,Y,O,0,0.7619918,58.74499574267864
32.0,267.0647518,4.135416666666667,7,7,0,0,0,0,0,0,0,2,1,101.58333333333333,16.0,92.0845,6,1,SPECIAL EQUIPMENT,UPPER APEX,LANG_09,Round-Trip,apple,Direct,MetaSearches,Logged-Out,AREA_C,AREA_C,AREA_C_TO_AREA_C,CA,CU,31_60,very_high,3_5,Y,O,0,0.6363138,58.5946377517581
114.0,258.496182,,2,2,0,0,0,0,0,1,0,4,1,-316.4166666666667,23.0,76.224551,5,0,SPECIAL EQUIPMENT,NORTH ZENITH,LANG_06,Round-Trip,google,Paid Search,MetaSearches,Logged-In,AREA_C,AREA_B,AREA_C_TO_AREA_B,CI,BU,61_120,very_high,unknown_or_oneway,Y,W,0,0.76592815,58.38252927280915
36.0,26.2543617,8.26388888888889,1,1,0,0,0,0,0,0,0,4,1,200.25,17.0,69.8574432,6,0,SPECIAL EQUIPMENT,NEW MERIDIAN,LANG_02,Round-Trip,apple,Paid Search,Paid Search,Logged-Out,AREA_C,AREA_B,AREA_C_TO_AREA_B,CU,BO,31_60,low,9_14,Y,O,0,0.8292767,57.93114863629418
26.0,52.2920036,6.461805555555555,2,2,0,0,0,0,0,0,0,2,1,157.41666666666666,22.0,85.66,3,1,SPECIAL EQUIPMENT,UPPER APEX,LANG_09,Round-Trip,google,Paid Search,Paid Search,Logged-Out,AREA_C,AREA_C,AREA_C_TO_AREA_C,CA,CU,15_30,mid,6_8,Y,O,0,0.6758984,57.89745464205742
208.0,298.2998142,14.04513888888889,2,2,0,0,0,0,0,0,0,4,1,338.25,10.0,77.094,1,0,SPECIAL EQUIPMENT,UPPER APEX,LANG_09,Round-Trip,apple,Direct,Direct,Logged-Out,AREA_C,AREA_D,AREA_C_TO_AREA_D,CE,DA,120_plus,very_high,15_30,Y,O,0,0.7484772,57.703102839946744
40.0,64.5079762,3.3784722222222223,2,2,0,0,0,0,0,0,0,4,1,83.83333333333333,16.0,87.2464232,5,0,SPECIAL EQUIPMENT,NORTH HORIZON,LANG_04,Round-Trip,google,MetaSearches,Organic Search,Logged-Out,AREA_C,AREA_C,AREA_C_TO_AREA_C,CI,CI,31_60,high,3_5,Y,L,0,0.6606173,57.63649582473044
10.0,44.46439279999999,3.71875,1,1,0,0,0,0,0,0,0,4,1,91.91666666666667,22.0,87.2464232,5,0,SPECIAL EQUIPMENT,NEW MERIDIAN,LANG_02,Round-Trip,apple,Direct,Direct,Logged-Out,AREA_C,AREA_C,AREA_C_TO_AREA_C,CI,CI,8_14,mid,3_5,Y,S,0,0.6554605,57.186582156336684
97.0,73.5339704,5.517361111111111,2,2,0,0,0,0,0,0,0,2,1,134.58333333333334,13.0,72.275625,3,1,SPECIAL EQUIPMENT,UPPER APEX,LANG_09,Round-Trip,apple,Paid Search,Paid Search,Logged-Out,AREA_C,AREA_B,AREA_C_TO_AREA_B,CA,BI,61_120,high,6_8,Y,U,0,0.7876915,56.930893587693575
40.0,74.7918875,5.701388888888889,2,2,0,0,0,0,0,0,0,4,1,138.91666666666666,13.0,63.9700314,3,0,SPECIAL EQUIPMENT,SOUTH HORIZON,LANG_02,Round-Trip,google,Paid Search,Organic Search,Logged-Out,AREA_C,AREA_C,AREA_C_TO_AREA_C,CE,CI,31_60,high,6_8,Y,O,0,0.8885328,56.839472226688855
27.0,30.641438599999997,2.3819444444444446,1,1,0,0,0,0,0,1,0,4,1,59.083333333333336,10.0,97.626702,5,0,SPECIAL EQUIPMENT,SOUTH VERTEX,LANG_02,Round-Trip,apple,Direct,Direct,Logged-In,AREA_C,AREA_B,AREA_C_TO_AREA_B,CU,BI,15_30,low,3_5,Y,L,0,0.5818908,56.808081822908875
81.0,187.05874009999997,8.496527777777779,1,1,0,0,0,0,0,0,0,4,1,206.08333333333334,22.0,76.224551,5,0,SPECIAL EQUIPMENT,NORTH ZENITH,LANG_06,Round-Trip,google,Paid Search,Paid Search,Logged-Out,AREA_C,AREA_B,AREA_C_TO_AREA_B,CI,BU,61_120,very_high,9_14,Y,V,0,0.7443869,56.740558091148145
195.0,223.3207596,8.215277777777779,7,4,1,2,0,1,1,1,1,2,1,201.08333333333334,22.0,77.094,3,1,SPECIAL EQUIPMENT,UPPER APEX,LANG_09,Round-Trip,apple,Direct,Affiliate,Logged-In,AREA_C,AREA_C,AREA_C_TO_AREA_C,CA,CI,120_plus,very_high,9_14,Y,W,0,0.73569256,56.717482272505755
17.0,45.1976424,21.32638888888889,1,1,0,0,0,0,0,0,0,4,1,513.9166666666666,23.0,87.6336064,3,0,SPECIAL EQUIPMENT,OLD AURORA,LANG_02,Round-Trip,google,Direct,Paid Search,Logged-Out,AREA_C,AREA_B,AREA_C_TO_AREA_B,CE,BO,15_30,mid,15_30,Y,S,0,0.64418626,56.45236500955658
181.0,56.094451,7.0,3,2,0,1,0,1,0,0,0,2,1,170.0,21.0,85.66,3,1,SPECIAL EQUIPMENT,UPPER APEX,LANG_09,Round-Trip,google,Organic Search,Paid Search,Logged-Out,AREA_C,AREA_B,AREA_C_TO_AREA_B,CA,BE,120_plus,high,6_8,Y,U,0,0.6568214,56.26332367062568
47.0,576.6027297,11.48611111111111,2,2,0,0,0,0,0,0,0,4,1,277.9166666666667,19.0,76.224551,1,0,SPECIAL EQUIPMENT,NORTH ZENITH,LANG_06,Round-Trip,google,Paid Search,Paid Search,Logged-Out,AREA_C,AREA_B,AREA_C_TO_AREA_B,CI,BU,31_60,very_high,9_14,Y,Q,0,0.734581,55.99310641428376
101.0,78.7592304,6.159722222222222,3,2,1,0,0,0,1,1,0,2,1,149.75,19.0,85.66,4,1,SPECIAL EQUIPMENT,UPPER APEX,LANG_02,Round-Trip,google,Direct,Email,Logged-In,AREA_C,AREA_B,AREA_C_TO_AREA_B,CA,BE,61_120,high,6_8,Y,O,0,0.6498024,55.66207244992256
89.0,123.2501778,14.135416666666666,3,3,0,0,0,0,0,0,0,2,1,341.5833333333333,23.0,96.3675,2,1,SPECIAL EQUIPMENT,UPPER APEX,LANG_02,Round-Trip,opera,Paid Search,Paid Search,Logged-Out,AREA_C,AREA_C,AREA_C_TO_AREA_C,CA,CU,61_120,very_high,15_30,Y,U,0,0.5775792,55.65986358180643
26.0,44.7796216,3.2708333333333335,2,2,0,0,0,0,0,1,1,4,1,81.25,15.0,87.2464232,4,0,SPECIAL EQUIPMENT,NEW MERIDIAN,LANG_02,Round-Trip,google,MetaSearches,MetaSearches,Logged-In,AREA_C,AREA_C,AREA_C_TO_AREA_C,CI,CI,15_30,mid,3_5,Y,U,0,0.6374909,55.61880330554804
81.0,35.6534052,7.15625,2,2,0,0,0,0,0,0,0,2,1,173.66666666666666,11.0,85.66,6,1,SPECIAL EQUIPMENT,UPPER APEX,LANG_02,Round-Trip,google,Email,Email,Logged-Out,AREA_C,AREA_B,AREA_C_TO_AREA_B,CA,BE,61_120,mid,6_8,Y,O,0,0.64502484,55.25282745718956
40.0,45.3582549,6.895833333333333,3,3,0,0,0,0,0,0,0,2,1,167.41666666666666,20.0,85.66,4,1,SPECIAL EQUIPMENT,UPPER APEX,LANG_09,Round-Trip,google,Paid Search,Paid Search,Logged-Out,AREA_C,AREA_B,AREA_C_TO_AREA_B,CA,BE,31_60,mid,6_8,Y,O,0,0.6425828,55.043640434741974
54.0,232.5523378,7.857638888888889,7,5,1,1,0,1,1,0,0,4,1,191.33333333333334,14.0,58.518629,6,0,SPECIAL EQUIPMENT,NEW MERIDIAN,LANG_02,Round-Trip,google,Paid Search,Paid Search,Logged-Out,AREA_C,AREA_B,AREA_C_TO_AREA_B,CI,BI,31_60,very_high,6_8,Y,L,0,0.9401765,55.0178390354619
7.0,93.2940192,9.381944444444445,2,2,0,0,0,0,0,0,0,4,1,227.08333333333334,17.0,69.8574432,4,0,SPECIAL EQUIPMENT,SOUTH VERTEX,LANG_02,Round-Trip,microsoft,Direct,Paid Search,Logged-Out,AREA_C,AREA_B,AREA_C_TO_AREA_B,CU,BO,4_7,high,9_14,Y,U,0,0.785522,54.87455738664094
54.0,158.16433719999998,7.857638888888889,4,2,2,0,0,0,1,0,0,4,1,191.33333333333334,15.0,58.518629,6,0,SPECIAL EQUIPMENT,NEW MERIDIAN,LANG_02,Round-Trip,mozilla,Direct,Direct,Logged-Out,AREA_C,AREA_B,AREA_C_TO_AREA_B,CI,BI,31_60,very_high,6_8,Y,L,0,0.93753356,54.86317842141908
93.0,153.8145224,11.21875,3,2,0,1,0,1,0,0,0,2,1,273.25,22.0,77.094,2,1,SPECIAL EQUIPMENT,UPPER APEX,LANG_09,Round-Trip,apple,Direct,Direct,Logged-Out,AREA_C,AREA_C,AREA_C_TO_AREA_C,CA,CI,61_120,very_high,9_14,Y,V,0,0.7075453,54.54749585151672
70.0,65.439957,9.322916666666666,1,1,0,0,0,0,0,1,0,2,1,224.66666666666666,18.0,85.66,3,1,SPECIAL EQUIPMENT,UPPER APEX,LANG_02,Round-Trip,apple,Direct,Direct,Logged-In,AREA_C,AREA_C,AREA_C_TO_AREA_C,CA,CE,61_120,high,9_14,Y,T,0,0.63289154,54.213488953113554
58.0,34.0781178,7.159722222222222,3,2,0,1,0,1,0,0,0,2,1,173.75,21.0,85.66,3,1,SPECIAL EQUIPMENT,UPPER APEX,LANG_02,Round-Trip,apple,Direct,Direct,Logged-Out,AREA_C,AREA_B,AREA_C_TO_AREA_B,CA,BE,31_60,low,6_8,Y,O,0,0.63254166,54.18351829528808
24.0,76.33076940000001,5.899305555555555,3,3,0,0,0,0,0,0,0,2,1,143.5,20.0,85.66,4,1,SPECIAL EQUIPMENT,UPPER APEX,LANG_09,Round-Trip,microsoft,Paid Search,Paid Search,Logged-Out,AREA_C,AREA_B,AREA_C_TO_AREA_B,CA,BE,15_30,high,6_8,Y,V,0,0.631447,54.08975149273872
3.0,226.59297160000003,9.128472222222221,6,5,0,1,0,1,0,0,0,2,1,221.0,11.0,85.66,6,1,SPECIAL EQUIPMENT,UPPER APEX,LANG_09,Round-Trip,microsoft,Paid Search,MetaSearches,Logged-Out,AREA_C,AREA_B,AREA_C_TO_AREA_B,CA,BE,0_3,very_high,9_14,Y,S,0,0.6297278,53.94248170495033
259.0,99.7459304,5.517361111111111,2,2,0,0,0,0,0,0,0,2,1,134.5,23.0,72.275625,3,1,SPECIAL EQUIPMENT,UPPER APEX,LANG_09,Round-Trip,google,Paid Search,Paid Search,Logged-Out,AREA_C,AREA_B,AREA_C_TO_AREA_B,CA,BI,120_plus,high,6_8,Y,O,0,0.7449029,53.8383232979849
93.0,41.7369784,6.513888888888889,2,2,0,0,0,0,0,1,0,2,1,158.33333333333334,13.0,85.66,3,1,SPECIAL EQUIPMENT,UPPER APEX,LANG_02,Round-Trip,apple,Direct,Direct,Logged-In,AREA_C,AREA_B,AREA_C_TO_AREA_B,CA,BE,61_120,mid,6_8,Y,W,0,0.62795466,53.79059633374214
29.0,53.480107800000006,5.513888888888889,3,2,1,0,0,0,1,0,0,2,1,134.33333333333334,22.0,85.66,3,1,SPECIAL EQUIPMENT,UPPER APEX,LANG_09,Round-Trip,google,Paid Search,Paid Search,Logged-Out,AREA_C,AREA_B,AREA_C_TO_AREA_B,CA,BE,15_30,mid,6_8,Y,O,0,0.62777525,53.77522807478905
170.0,44.1671526,5.15625,3,2,1,0,0,0,1,0,0,2,1,125.66666666666667,16.0,85.66,4,1,SPECIAL EQUIPMENT,UPPER APEX,LANG_02,Round-Trip,google,Paid Search,Paid Search,Logged-Out,AREA_C,AREA_B,AREA_C_TO_AREA_B,CA,BE,120_plus,mid,6_8,Y,O,0,0.62518,53.552919316291806
51.0,40.2327888,5.513888888888889,3,2,1,0,0,0,1,0,0,2,1,134.33333333333334,18.0,85.66,3,1,SPECIAL EQUIPMENT,UPPER APEX,LANG_09,Round-Trip,google,Paid Search,Paid Search,Logged-Out,AREA_C,AREA_B,AREA_C_TO_AREA_B,CA,BE,31_60,mid,6_8,Y,O,0,0.6250673,53.54326437354088
77.0,63.748172,5.159722222222222,4,4,0,0,0,0,0,0,0,2,1,125.75,17.0,85.66,4,1,SPECIAL EQUIPMENT,UPPER APEX,LANG_09,Round-Trip,google,Direct,MetaSearches,Logged-Out,AREA_C,AREA_B,AREA_C_TO_AREA_B,CA,BE,61_120,high,6_8,Y,O,1,0.624356,53.48233254551887
16.0,94.761375,7.138888888888889,3,1,2,0,0,0,1,1,0,2,1,173.66666666666666,10.0,72.275625,6,1,SPECIAL EQUIPMENT,UPPER APEX,LANG_09,Round-Trip,google,Email,Email,Logged-In,AREA_C,AREA_C,AREA_C_TO_AREA_C,CA,CU,15_30,high,6_8,Y,L,0,0.7390792,53.41740946959705
193.0,312.8628708,6.517361111111111,6,6,0,0,0,0,0,1,0,2,1,158.75,13.0,72.275625,3,1,SPECIAL EQUIPMENT,UPPER APEX,LANG_09,Round-Trip,google,Direct,Paid Search,Logged-In,AREA_C,AREA_C,AREA_C_TO_AREA_C,CA,CU,120_plus,very_high,6_8,Y,T,0,0.73862654,53.38469479892403
31.0,200.5540448,78.4375,2,2,0,0,0,0,0,0,0,4,1,1883.5833333333333,11.0,77.094,2,0,SPECIAL EQUIPMENT,LOWER VERTEX,LANG_02,Round-Trip,google,MetaSearches,Paid MetaSearches,Logged-Out,AREA_C,AREA_D,AREA_C_TO_AREA_D,CE,DA,31_60,very_high,30_plus,Y,O,0,0.6894081,53.149229872584336
231.0,32.6638712,6.513888888888889,2,2,0,0,0,0,0,1,0,2,1,158.33333333333334,21.0,85.66,3,1,SPECIAL EQUIPMENT,UPPER APEX,LANG_09,Round-Trip,apple,Direct,Direct,Logged-In,AREA_C,AREA_B,AREA_C_TO_AREA_B,CA,BE,120_plus,low,6_8,Y,U,0,0.62044305,53.14715132832527
60.0,26.2350882,7.15625,1,1,0,0,0,0,0,0,0,2,1,173.66666666666666,12.0,85.66,6,1,SPECIAL EQUIPMENT,UPPER APEX,LANG_09,Round-Trip,google,Paid Search,Paid Search,Logged-Out,AREA_C,AREA_B,AREA_C_TO_AREA_B,CA,BE,31_60,low,6_8,Y,O,0,0.6203256,53.13709303259849
38.0,53.6437184,4.513888888888889,4,4,0,0,0,0,0,0,0,2,1,110.33333333333333,10.0,85.66,6,1,SPECIAL EQUIPMENT,UPPER APEX,LANG_09,Round-Trip,mozilla,Direct,Organic Search,Logged-Out,AREA_C,AREA_B,AREA_C_TO_AREA_B,CA,BE,31_60,mid,3_5,Y,O,0,0.61978126,53.09046236515045
55.0,40.765594,6.159722222222222,2,2,0,0,0,0,0,0,0,2,1,149.75,21.0,85.66,4,1,SPECIAL EQUIPMENT,UPPER APEX,LANG_09,Round-Trip,samsung,Direct,Direct,Logged-Out,AREA_C,AREA_B,AREA_C_TO_AREA_B,CA,BE,31_60,mid,6_8,Y,L,0,0.61844075,52.97563441038132
188.0,73.3211053,5.232638888888889,3,3,0,0,0,0,0,1,1,4,1,127.66666666666667,10.0,64.0454122,4,0,SPECIAL EQUIPMENT,LOWER ZENITH,LANG_02,Round-Trip,google,Email,Email,Logged-In,AREA_C,AREA_B,AREA_C_TO_AREA_B,CE,BE,120_plus,high,6_8,Y,S,1,0.82436097,52.79653791276696
32.0,188.1963049,7.517361111111111,3,2,0,1,0,1,0,0,0,2,1,182.5,19.0,64.245,5,1,SPECIAL EQUIPMENT,UPPER APEX,LANG_09,Round-Trip,apple,Direct,Direct,Logged-Out,AREA_C,AREA_B,AREA_C_TO_AREA_B,CA,BI,31_60,very_high,6_8,Y,L,1,0.8212974,52.764251922369006
75.0,43.960712,5.159722222222222,4,3,1,0,0,0,1,1,0,2,1,125.75,13.0,85.66,4,1,SPECIAL EQUIPMENT,UPPER APEX,LANG_09,Round-Trip,mozilla,Direct,Direct,Logged-In,AREA_C,AREA_B,AREA_C_TO_AREA_B,CA,BE,61_120,mid,6_8,Y,O,0,0.6152661,52.70369281291961
179.0,815.3427176,19.49652777777778,4,2,0,2,0,1,0,0,0,4,1,470.0833333333333,15.0,76.224551,5,0,SPECIAL EQUIPMENT,NORTH ZENITH,LANG_06,Round-Trip,apple,Direct,Direct,Logged-Out,AREA_C,AREA_B,AREA_C_TO_AREA_B,CI,BU,120_plus,very_high,15_30,Y,K,0,0.6884854,52.479489264504195
42.0,39.480694,6.288194444444445,2,2,0,0,0,0,0,0,0,2,1,152.83333333333334,15.0,85.66,3,1,SPECIAL EQUIPMENT,UPPER APEX,LANG_09,Round-Trip,google,Paid Search,Paid Search,Logged-Out,AREA_C,AREA_B,AREA_C_TO_AREA_B,CA,BE,31_60,mid,6_8,Y,W,0,0.61247915,52.46496401429176
67.0,61.80840129999999,4.847222222222222,2,2,0,0,0,0,0,0,0,4,1,120.08333333333333,17.0,70.2621867,4,0,SPECIAL EQUIPMENT,WEST HORIZON,LANG_02,Round-Trip,google,Direct,Organic Search,Logged-Out,AREA_B,AREA_B,AREA_B_TO_AREA_B,BA,BE,61_120,high,3_5,Y,V,0,0.7463921,52.4431390613635
227.0,71.2040184,8.15625,4,2,0,2,0,1,0,0,0,2,1,197.66666666666666,7.0,85.66,3,1,SPECIAL EQUIPMENT,UPPER APEX,LANG_09,Round-Trip,google,Direct,Direct,Logged-Out,AREA_C,AREA_B,AREA_C_TO_AREA_B,CA,BE,120_plus,high,9_14,Y,U,0,0.61023515,52.27274334549904
96.0,56.8542552,6.142361111111111,4,4,0,0,0,0,0,1,1,2,1,149.75,20.0,72.275625,3,1,SPECIAL EQUIPMENT,UPPER APEX,LANG_09,Round-Trip,google,Paid Search,Paid Search,Logged-In,AREA_C,AREA_C,AREA_C_TO_AREA_C,CA,CU,61_120,high,6_8,Y,O,0,0.720781,52.09489930640906
48.0,503.6756604,15.48611111111111,2,2,0,0,0,0,0,0,0,4,1,373.9166666666667,1.0,76.224551,1,0,SPECIAL EQUIPMENT,NORTH ZENITH,LANG_06,Round-Trip,google,Paid Search,Organic Search,Logged-Out,AREA_C,AREA_B,AREA_C_TO_AREA_B,CI,BU,31_60,very_high,15_30,Y,Q,0,0.6833002,52.084250724025075
48.0,47.0513248,5.517361111111111,2,2,0,0,0,0,0,1,0,2,1,134.41666666666666,17.0,65.8442722,3,1,SPECIAL EQUIPMENT,UPPER APEX,LANG_02,Round-Trip,apple,Direct,Direct,Logged-In,AREA_C,AREA_B,AREA_C_TO_AREA_B,CA,BI,31_60,mid,6_8,Y,L,0,0.7883215,51.90645510158826
32.0,63.7858624,4.517361111111111,1,1,0,0,0,0,0,0,0,2,1,110.41666666666667,17.0,73.88175,3,1,SPECIAL EQUIPMENT,UPPER APEX,LANG_02,Round-Trip,google,MetaSearches,MetaSearches,Logged-Out,AREA_C,AREA_B,AREA_C_TO_AREA_B,CA,BI,31_60,high,3_5,Y,K,0,0.69974333,51.69826180659234
33.0,39.0022829,7.447916666666667,1,1,0,0,0,0,0,0,0,2,1,180.66666666666666,10.0,85.66,6,1,SPECIAL EQUIPMENT,NORTH ZENITH,LANG_02,Round-Trip,microsoft,Paid Search,Paid Search,Logged-Out,AREA_C,AREA_B,AREA_C_TO_AREA_B,CA,BE,31_60,mid,6_8,Y,O,0,0.60320926,51.670904965400695
252.0,265.9760132,8.20486111111111,2,2,0,0,0,0,0,0,0,2,1,200.41666666666666,11.0,77.094,4,1,SPECIAL EQUIPMENT,UPPER APEX,LANG_02,Round-Trip,microsoft,Direct,Direct,Logged-Out,AREA_C,AREA_B,AREA_C_TO_AREA_B,CA,BA,120_plus,very_high,9_14,C,Z,0,0.6682536,51.518343084454536
122.0,156.2232816,5.204861111111111,4,2,1,1,0,1,1,1,0,2,1,128.41666666666666,14.0,77.094,3,1,SPECIAL EQUIPMENT,UPPER APEX,LANG_09,Round-Trip,mozilla,Paid Search,Paid Search,Logged-In,AREA_C,AREA_B,AREA_C_TO_AREA_B,CA,BA,120_plus,very_high,6_8,Y,L,0,0.66782045,51.48495005321502
47.0,42.1327276,9.13888888888889,2,2,0,0,0,0,0,0,0,2,1,221.66666666666666,12.0,72.275625,6,1,SPECIAL EQUIPMENT,UPPER APEX,LANG_02,Round-Trip,microsoft,Email,MetaSearches,Logged-Out,AREA_C,AREA_C,AREA_C_TO_AREA_C,CA,CU,31_60,mid,9_14,Y,O,0,0.7120528,51.464062751233584
27.0,53.37131959999999,5.15625,2,2,0,0,0,0,0,0,0,2,1,125.66666666666667,11.0,85.66,4,1,SPECIAL EQUIPMENT,UPPER APEX,LANG_09,Round-Trip,google,Paid Search,Paid Search,Logged-Out,AREA_C,AREA_B,AREA_C_TO_AREA_B,CA,BE,15_30,mid,6_8,Y,O,0,0.6003838,51.42887786269188
22.0,148.7682918,6.520833333333333,3,2,1,0,0,0,1,1,0,2,1,158.83333333333334,22.0,72.275625,3,1,SPECIAL EQUIPMENT,UPPER APEX,LANG_09,Round-Trip,apple,Email,Organic Search,Logged-In,AREA_C,AREA_C,AREA_C_TO_AREA_C,CA,CU,15_30,very_high,6_8,Y,U,1,0.70996714,51.31331851154566
50.0,41.7969404,5.125,2,2,0,0,0,0,0,0,0,2,1,125.0,16.0,85.66,4,1,SPECIAL EQUIPMENT,UPPER APEX,LANG_09,Round-Trip,google,Direct,Paid Search,Logged-Out,AREA_C,AREA_B,AREA_C_TO_AREA_B,CA,BE,31_60,mid,6_8,Y,W,0,0.59866047,51.28125577926635
338.0,179.63929919999998,4.517361111111111,8,8,0,0,0,0,0,1,1,2,1,110.41666666666667,20.0,73.88175,4,1,SPECIAL EQUIPMENT,UPPER APEX,LANG_09,Round-Trip,google,Paid Search,Organic Search,Logged-In,AREA_C,AREA_B,AREA_C_TO_AREA_B,CA,BI,120_plus,very_high,3_5,Y,O,0,0.69403106,51.276229248091575
34.0,39.004424400000005,7.447916666666667,1,1,0,0,0,0,0,0,0,2,1,180.66666666666666,13.0,85.66,6,1,SPECIAL EQUIPMENT,NORTH ZENITH,LANG_06,Round-Trip,microsoft,Organic Search,Organic Search,Logged-Out,AREA_C,AREA_B,AREA_C_TO_AREA_B,CA,BE,31_60,mid,6_8,Y,O,0,0.59551984,51.01222955584526
150.0,29.437915599999997,6.513888888888889,2,2,0,0,0,0,0,1,0,2,1,158.33333333333334,9.0,85.66,3,1,SPECIAL EQUIPMENT,UPPER APEX,LANG_09,Round-Trip,google,Direct,Direct,Logged-In,AREA_C,AREA_B,AREA_C_TO_AREA_B,CA,BE,120_plus,low,6_8,Y,O,0,0.59518886,50.98387741565704
159.0,29.437915599999997,5.513888888888889,2,2,0,0,0,0,0,0,0,2,1,134.33333333333334,20.0,85.66,3,1,SPECIAL EQUIPMENT,UPPER APEX,LANG_09,Round-Trip,opera,Paid Search,Paid Search,Logged-Out,AREA_C,AREA_B,AREA_C_TO_AREA_B,CA,BE,120_plus,low,6_8,Y,O,0,0.59518886,50.98387741565704
104.0,29.6589184,5.895833333333333,2,2,0,0,0,0,0,0,0,2,1,143.41666666666666,21.0,85.66,4,1,SPECIAL EQUIPMENT,UPPER APEX,LANG_09,Round-Trip,google,Paid Search,Paid Search,Logged-Out,AREA_C,AREA_B,AREA_C_TO_AREA_B,CA,BE,61_120,low,6_8,Y,U,0,0.5950827,50.97478410363197
28.0,36.7806908,6.159722222222222,1,1,0,0,0,0,0,0,0,2,1,149.75,21.0,85.66,4,1,SPECIAL EQUIPMENT,UPPER APEX,LANG_09,Round-Trip,google,Paid Search,Paid Search,Logged-Out,AREA_C,AREA_B,AREA_C_TO_AREA_B,CA,BE,15_30,mid,6_8,Y,L,0,0.59229743,50.73619826555252
24.0,28.4078541,5.135416666666667,1,1,0,0,0,0,0,1,0,2,1,125.58333333333333,15.0,92.0845,3,1,SPECIAL EQUIPMENT,UPPER APEX,LANG_09,Round-Trip,microsoft,Direct,Direct,Logged-In,AREA_C,AREA_C,AREA_C_TO_AREA_C,CA,CU,15_30,low,6_8,Y,L,0,0.55066764,50.70795462220907
142.0,27.4917204,7.982638888888889,2,2,0,0,0,0,0,1,0,2,1,193.5,21.0,85.66,3,1,SPECIAL EQUIPMENT,UPPER APEX,LANG_09,Round-Trip,apple,Direct,Direct,Logged-In,AREA_C,AREA_B,AREA_C_TO_AREA_B,CA,BE,120_plus,low,6_8,Y,O,0,0.59148914,50.66695940852165
17.0,53.1922902,6.513888888888889,3,3,0,0,0,0,0,0,0,2,1,158.33333333333334,18.0,85.66,3,1,SPECIAL EQUIPMENT,UPPER APEX,LANG_02,Round-Trip,apple,Direct,Direct,Logged-Out,AREA_C,AREA_B,AREA_C_TO_AREA_B,CA,BE,15_30,mid,6_8,Y,U,0,0.59130096,50.65084060668945
166.0,517.4245187,15.496527777777779,2,2,0,0,0,0,0,0,0,4,1,374.0833333333333,10.0,76.224551,5,0,SPECIAL EQUIPMENT,NORTH ZENITH,LANG_06,Round-Trip,google,MetaSearches,MetaSearches,Logged-Out,AREA_C,AREA_B,AREA_C_TO_AREA_B,CI,BU,120_plus,very_high,15_30,Y,K,0,0.6641881,50.62743871009809
12.0,115.1060533,7.138888888888889,1,1,0,0,0,0,0,0,0,2,1,173.66666666666666,11.0,72.275625,4,1,SPECIAL EQUIPMENT,UPPER APEX,LANG_09,Round-Trip,apple,Direct,Direct,Logged-Out,AREA_C,AREA_C,AREA_C_TO_AREA_C,CA,CU,8_14,very_high,6_8,C,C,0,0.7001898,50.60665750041604
147.0,202.69554479999996,5.204861111111111,4,4,0,0,0,0,0,0,0,2,1,128.41666666666666,21.0,77.094,4,1,SPECIAL EQUIPMENT,UPPER APEX,LANG_09,Round-Trip,google,Paid Search,Paid Search,Logged-Out,AREA_C,AREA_B,AREA_C_TO_AREA_B,CA,BA,120_plus,very_high,6_8,Y,V,0,0.6553041,50.52001230311394
333.0,167.8045136,6.204861111111111,4,2,1,1,0,1,1,0,0,2,1,152.41666666666666,11.0,77.094,3,1,SPECIAL EQUIPMENT,UPPER APEX,LANG_09,Round-Trip,mozilla,Direct,Affiliate,Logged-Out,AREA_C,AREA_B,AREA_C_TO_AREA_B,CA,BA,120_plus,very_high,6_8,Y,V,0,0.6553041,50.52001230311394
107.0,184.9330872,7.201388888888889,4,2,0,2,0,1,0,1,0,2,1,176.33333333333334,22.0,77.094,3,1,SPECIAL EQUIPMENT,UPPER APEX,LANG_09,Round-Trip,apple,Direct,Direct,Logged-In,AREA_C,AREA_B,AREA_C_TO_AREA_B,CA,BA,61_120,very_high,6_8,Y,W,0,0.6553041,50.52001230311394
3.0,114.0207411,23.53472222222222,2,2,0,0,0,0,0,1,0,4,1,566.6666666666666,19.0,69.8574432,6,0,SPECIAL EQUIPMENT,SOUTH VERTEX,LANG_02,Round-Trip,google,Paid Search,Paid Search,Logged-In,AREA_C,AREA_B,AREA_C_TO_AREA_B,CU,BO,0_3,very_high,15_30,Y,T,0,0.7231403,50.51673238539334
47.0,188.610471,6.197916666666667,3,2,1,0,0,0,1,1,0,2,1,152.25,17.0,77.094,3,1,SPECIAL EQUIPMENT,UPPER APEX,LANG_09,Round-Trip,google,Direct,Direct,Logged-In,AREA_C,AREA_B,AREA_C_TO_AREA_B,CA,BA,31_60,very_high,6_8,Y,S,0,0.6539917,50.41883605957031
44.0,218.805621,5.197916666666667,3,3,0,0,0,0,0,0,0,2,1,128.25,10.0,77.094,4,1,SPECIAL EQUIPMENT,UPPER APEX,LANG_09,Round-Trip,google,Paid Search,Organic Search,Logged-Out,AREA_C,AREA_B,AREA_C_TO_AREA_B,CA,BA,31_60,very_high,6_8,Y,T,0,0.6539917,50.41883605957031
338.0,67.3647372,4.517361111111111,3,3,0,0,0,0,0,0,0,2,1,110.41666666666667,21.0,73.88175,4,1,SPECIAL EQUIPMENT,UPPER APEX,LANG_09,Round-Trip,apple,Paid Search,Paid Search,Logged-Out,AREA_C,AREA_B,AREA_C_TO_AREA_B,CA,BI,120_plus,high,3_5,Y,O,0,0.6811774,50.3265767249465
153.0,28.451969,10.51736111111111,1,1,0,0,0,0,0,0,0,2,1,254.5,14.0,96.3675,2,1,SPECIAL EQUIPMENT,UPPER APEX,LANG_02,Round-Trip,google,Direct,Paid Search,Logged-Out,AREA_C,AREA_B,AREA_C_TO_AREA_B,CA,BI,120_plus,low,9_14,Y,O,0,0.52190715,50.29488734945655
30.0,34.452452,2.7118055555555554,1,1,0,0,0,0,0,0,0,4,1,66.66666666666667,13.0,107.075,5,1,SPECIAL EQUIPMENT,UPPER APEX,LANG_09,Round-Trip,apple,Direct,Direct,Logged-Out,AREA_C,AREA_B,AREA_C_TO_AREA_B,CA,BI,15_30,mid,3_5,Y,U,0,0.4696811,50.29110527709127
34.0,31.171674,7.288194444444445,2,2,0,0,0,0,0,0,0,2,1,176.83333333333334,12.0,85.66,3,1,SPECIAL EQUIPMENT,UPPER APEX,LANG_09,Round-Trip,apple,MetaSearches,MetaSearches,Logged-Out,AREA_C,AREA_B,AREA_C_TO_AREA_B,CA,BE,31_60,low,6_8,Y,W,0,0.5869409,50.27735617399215
80.0,27.3786492,7.895833333333333,1,1,0,0,0,0,0,0,0,2,1,191.41666666666666,20.0,85.66,6,1,SPECIAL EQUIPMENT,UPPER APEX,LANG_02,Round-Trip,apple,Direct,Direct,Logged-Out,AREA_C,AREA_B,AREA_C_TO_AREA_B,CA,BE,61_120,low,6_8,Y,O,0,0.5858662,50.18529979228973
275.0,31.856954,7.385416666666667,1,1,0,0,0,0,0,0,0,2,1,179.25,18.0,85.66,2,1,SPECIAL EQUIPMENT,UPPER APEX,LANG_09,Round-Trip,google,Direct,Direct,Logged-Out,AREA_C,AREA_B,AREA_C_TO_AREA_B,CA,BE,120_plus,low,6_8,Y,U,0,0.58466667,50.0825468981266
113.0,127.0226442,4.75,3,3,0,0,0,0,0,0,0,2,1,115.91666666666667,11.0,85.66,4,1,SPECIAL EQUIPMENT,UPPER APEX,LANG_09,Round-Trip,google,Direct,Direct,Logged-Out,AREA_C,AREA_B,AREA_C_TO_AREA_B,CA,BE,61_120,very_high,3_5,Y,W,0,0.5844419,50.063293175697325
244.0,180.4650616,9.20486111111111,4,2,0,2,0,1,0,0,0,2,1,224.41666666666666,10.0,77.094,2,1,SPECIAL EQUIPMENT,UPPER APEX,LANG_09,Round-Trip,google,Paid Search,Paid Search,Logged-Out,AREA_C,AREA_B,AREA_C_TO_AREA_B,CA,BA,120_plus,very_high,9_14,Y,V,0,0.64867157,50.0086858202219
77.0,383.6488684,8.524305555555555,4,2,1,1,0,1,1,1,1,2,1,206.58333333333334,17.0,64.245,2,1,SPECIAL EQUIPMENT,UPPER APEX,LANG_09,Round-Trip,google,Paid Search,Email,Logged-In,AREA_C,AREA_B,AREA_C_TO_AREA_B,CA,BI,61_120,very_high,9_14,Y,K,1,0.7780047,49.982912330925465
5.0,278.754772,6.159722222222222,4,2,0,2,0,1,0,0,0,2,1,149.75,7.0,85.66,3,1,SPECIAL EQUIPMENT,UPPER APEX,LANG_02,Round-Trip,mozilla,MetaSearches,MetaSearches,Logged-Out,AREA_C,AREA_B,AREA_C_TO_AREA_B,CA,BE,4_7,very_high,6_8,Y,B,0,0.58332896,49.967958912849426
3.0,64.0385594,20.381944444444443,1,1,0,0,0,0,0,0,0,4,1,491.0,21.0,97.626702,2,0,SPECIAL EQUIPMENT,SOUTH VERTEX,LANG_02,Round-Trip,google,Paid Search,Paid Search,Logged-Out,AREA_C,AREA_B,AREA_C_TO_AREA_B,CU,BI,0_3,high,15_30,Y,T,0,0.51086813,49.87437089523017
2.0,43.661758600000006,6.326388888888889,1,1,0,0,0,0,0,1,0,4,1,153.91666666666666,9.0,63.9700314,3,0,SPECIAL EQUIPMENT,LOWER ZENITH,LANG_02,Round-Trip,google,Paid Search,Referrals,Logged-In,AREA_C,AREA_C,AREA_C_TO_AREA_C,CE,CI,0_3,mid,6_8,Y,Q,0,0.7794634,49.86229883699992
45.0,60.760351199999995,,2,2,0,0,0,0,0,0,0,2,1,-55.0,20.0,85.66,5,1,SPECIAL EQUIPMENT,UPPER APEX,LANG_02,Round-Trip,google,Direct,Email,Logged-Out,AREA_C,AREA_B,AREA_C_TO_AREA_B,CA,BE,31_60,high,unknown_or_oneway,Y,T,0,0.5811469,49.781043101549145
67.0,168.0854784,9.197916666666666,3,3,0,0,0,0,0,0,0,2,1,224.25,17.0,77.094,2,1,SPECIAL EQUIPMENT,UPPER APEX,LANG_09,Round-Trip,google,Paid Search,Paid Search,Logged-Out,AREA_C,AREA_B,AREA_C_TO_AREA_B,CA,BA,61_120,very_high,9_14,Y,S,0,0.6448698,49.7155926990509
61.0,32.4445816,5.159722222222222,2,2,0,0,0,0,0,0,0,2,1,125.75,21.0,85.66,4,1,SPECIAL EQUIPMENT,UPPER APEX,LANG_09,Round-Trip,google,Paid Search,Paid Search,Logged-Out,AREA_C,AREA_B,AREA_C_TO_AREA_B,CA,BE,61_120,low,6_8,Y,O,0,0.5801189,49.692984509468076
44.0,28.517927199999995,6.0,2,2,0,0,0,0,0,0,0,2,1,145.91666666666666,16.0,85.66,4,1,SPECIAL EQUIPMENT,UPPER APEX,LANG_02,Round-Trip,apple,MetaSearches,MetaSearches,Logged-Out,AREA_C,AREA_B,AREA_C_TO_AREA_B,CA,BE,31_60,low,6_8,Y,O,0,0.57873136,49.57412813067436
92.0,31.6136796,5.385416666666667,1,1,0,0,0,0,0,1,0,2,1,131.25,20.0,85.66,3,1,SPECIAL EQUIPMENT,UPPER APEX,LANG_09,Round-Trip,apple,Direct,Direct,Logged-In,AREA_C,AREA_B,AREA_C_TO_AREA_B,CA,BE,61_120,low,6_8,Y,L,0,0.5772708,49.449017227888106
65.0,190.739122,7.46875,1,1,0,0,0,0,0,0,0,4,1,180.16666666666666,20.0,82.87605,4,0,SPECIAL EQUIPMENT,UPPER APEX,LANG_09,Round-Trip,apple,Paid Search,Paid Search,Logged-Out,AREA_B,AREA_C,AREA_B_TO_AREA_C,BE,CA,61_120,very_high,6_8,Y,T,0,0.59456486,49.27518665940464
32.0,44.72993879999999,7.517361111111111,1,1,0,0,0,0,0,0,0,2,1,182.41666666666666,12.0,65.8442722,2,1,SPECIAL EQUIPMENT,UPPER APEX,LANG_09,Round-Trip,apple,Paid Search,Paid Search,Logged-Out,AREA_C,AREA_B,AREA_C_TO_AREA_B,CA,BI,31_60,mid,6_8,Y,T,0,0.74825704,49.268440281687624
17.0,30.0341092,6.131944444444445,1,1,0,0,0,0,0,0,0,2,1,149.58333333333334,16.0,92.0845,3,1,SPECIAL EQUIPMENT,UPPER APEX,LANG_09,Round-Trip,apple,Direct,Direct,Logged-Out,AREA_C,AREA_C,AREA_C_TO_AREA_C,CA,CU,15_30,low,6_8,Y,U,0,0.53461325,49.229593974888324
26.0,32.6947088,7.732638888888889,1,1,0,0,0,0,0,0,0,2,1,187.83333333333334,20.0,70.6695,5,1,SPECIAL EQUIPMENT,UPPER APEX,LANG_02,Round-Trip,apple,Direct,Direct,Logged-Out,AREA_C,AREA_C,AREA_C_TO_AREA_C,CA,CI,15_30,low,6_8,Y,L,0,0.69609535,49.192710153400895
3.0,70.79542020000001,7.041666666666667,1,1,0,0,0,0,0,0,0,4,1,171.75,12.0,58.518629,3,0,SPECIAL EQUIPMENT,NEW MERIDIAN,LANG_02,Round-Trip,google,Paid Search,Paid Search,Logged-Out,AREA_C,AREA_B,AREA_C_TO_AREA_B,CI,BI,0_3,high,6_8,Y,T,0,0.84023476,49.16938598675728
172.0,28.4271276,6.142361111111111,2,2,0,0,0,0,0,0,0,2,1,149.75,15.0,72.275625,3,1,SPECIAL EQUIPMENT,UPPER APEX,LANG_09,Round-Trip,google,Direct,Email,Logged-Out,AREA_C,AREA_C,AREA_C_TO_AREA_C,CA,CU,120_plus,low,6_8,Y,O,0,0.67927116,49.094747745953505
50.0,30.2388366,4.513888888888889,2,2,0,0,0,0,0,0,0,2,1,110.33333333333333,11.0,85.66,6,1,SPECIAL EQUIPMENT,UPPER APEX,LANG_09,Round-Trip,google,Paid Search,Paid Search,Logged-Out,AREA_C,AREA_B,AREA_C_TO_AREA_B,CA,BE,31_60,low,3_5,Y,O,0,0.57060534,48.87805322051048
38.0,25.6847227,4.680555555555555,1,1,0,0,0,0,0,0,0,4,1,113.33333333333333,19.0,85.66,4,0,SPECIAL EQUIPMENT,UPPER APEX,LANG_09,Round-Trip,google,Paid Search,MetaSearches,Logged-Out,AREA_B,AREA_C,AREA_B_TO_AREA_C,BE,CE,31_60,low,3_5,Y,S,0,0.5695421,48.786977139711375
50.0,33.7654588,5.128472222222222,1,1,0,0,0,0,0,0,0,2,1,125.16666666666667,15.0,70.6695,4,1,SPECIAL EQUIPMENT,UPPER APEX,LANG_09,Round-Trip,apple,Direct,Direct,Logged-Out,AREA_C,AREA_C,AREA_C_TO_AREA_C,CA,CI,31_60,low,6_8,Y,W,0,0.6902104,48.77682400497794
177.0,377.7558887,21.875,2,2,0,0,0,0,0,1,1,4,1,527.25,18.0,76.224551,5,0,SPECIAL EQUIPMENT,NORTH ZENITH,LANG_06,Round-Trip,google,Paid Search,Referrals,Logged-In,AREA_C,AREA_B,AREA_C_TO_AREA_B,CI,BU,120_plus,very_high,15_30,Y,T,0,0.63895553,48.70409865034491
29.0,29.228048599999997,5.385416666666667,1,1,0,0,0,0,0,1,1,2,1,131.25,20.0,85.66,3,1,SPECIAL EQUIPMENT,UPPER APEX,LANG_09,Round-Trip,microsoft,MetaSearches,MetaSearches,Logged-In,AREA_C,AREA_B,AREA_C_TO_AREA_B,CA,BE,15_30,low,6_8,Y,L,0,0.56637084,48.51532656908035
73.0,28.4271276,10.76736111111111,2,2,0,0,0,0,0,0,0,2,1,260.75,21.0,72.275625,6,1,SPECIAL EQUIPMENT,UPPER APEX,LANG_09,Round-Trip,google,Email,Paid Search,Logged-Out,AREA_C,AREA_C,AREA_C_TO_AREA_C,CA,CU,61_120,low,9_14,Y,O,0,0.6678614,48.27010024543852
11.0,57.576369,,1,1,0,0,0,0,0,0,0,1,0,2.3333333333333335,14.0,96.3675,4,1,SPECIAL EQUIPMENT,UPPER APEX,LANG_09,Round-Trip,google,Paid Search,Paid Search,Logged-Out,AREA_C,AREA_B,AREA_C_TO_AREA_B,CA,BI,8_14,high,unknown_or_oneway,Y,W,0,0.49943346,48.12915374949575
54.0,27.104537200000003,4.895833333333333,1,1,0,0,0,0,0,0,0,2,1,119.41666666666667,12.0,85.66,6,1,SPECIAL EQUIPMENT,UPPER APEX,LANG_02,Round-Trip,apple,Direct,Direct,Logged-Out,AREA_C,AREA_B,AREA_C_TO_AREA_B,CA,BE,31_60,low,3_5,Y,O,0,0.5599887,47.968630114793775
64.0,187.4600572,17.48611111111111,1,1,0,0,0,0,0,0,0,4,1,421.9166666666667,18.0,76.224551,1,0,SPECIAL EQUIPMENT,NORTH ZENITH,LANG_02,Round-Trip,google,Direct,Paid Search,Logged-Out,AREA_C,AREA_B,AREA_C_TO_AREA_B,CI,BU,61_120,very_high,15_30,Y,Q,0,0.62671894,47.771369678977074
18.0,188.6541576,6.197916666666667,3,3,0,0,0,0,0,0,0,2,1,152.25,9.0,77.094,4,1,SPECIAL EQUIPMENT,UPPER APEX,LANG_09,Round-Trip,mozilla,Paid Search,Paid Search,Logged-Out,AREA_C,AREA_B,AREA_C_TO_AREA_B,CA,BA,15_30,very_high,6_8,Y,V,0,0.6194361,47.75480555427074
82.0,44.82759119999999,8.159722222222221,2,2,0,0,0,0,0,0,0,2,1,197.75,21.0,85.66,2,1,SPECIAL EQUIPMENT,UPPER APEX,LANG_09,Round-Trip,opera,Direct,Paid MetaSearches,Logged-Out,AREA_C,AREA_B,AREA_C_TO_AREA_B,CA,BE,61_120,mid,9_14,Y,O,0,0.5559594,47.62348250508308
0.0,196.3562765,4.847222222222222,4,2,1,1,0,1,1,0,0,4,1,120.08333333333333,19.0,70.2621867,5,0,SPECIAL EQUIPMENT,WEST HORIZON,LANG_02,Round-Trip,google,Paid Search,Organic Search,Logged-Out,AREA_B,AREA_B,AREA_B_TO_AREA_B,BA,BE,invalid_or_past,very_high,3_5,Y,S,0,0.675937,47.49281147621063
32.0,191.7100781,3.8020833333333335,4,3,1,0,0,0,1,0,0,4,1,95.0,19.0,70.2621867,2,0,SPECIAL EQUIPMENT,WEST HORIZON,LANG_02,Round-Trip,google,Direct,Paid Search,Logged-Out,AREA_B,AREA_B,AREA_B_TO_AREA_B,BA,BE,31_60,very_high,3_5,Y,V,0,0.6757918,47.482609623483626
40.0,114.5711066,7.510416666666667,3,2,0,1,0,1,0,1,1,2,1,181.83333333333334,22.0,64.245,2,1,SPECIAL EQUIPMENT,UPPER APEX,LANG_09,Round-Trip,google,Email,Organic Search,Logged-In,AREA_C,AREA_D,AREA_C_TO_AREA_D,CA,DA,31_60,very_high,6_8,Y,W,0,0.73750424,47.38096014618874
170.0,39.4104528,5.427083333333333,1,1,0,0,0,0,0,1,0,2,1,132.58333333333334,22.0,72.275625,3,1,SPECIAL EQUIPMENT,UPPER APEX,LANG_09,Round-Trip,apple,Direct,Direct,Logged-In,AREA_C,AREA_C,AREA_C_TO_AREA_C,CA,CU,120_plus,mid,6_8,Y,O,0,0.6550107,47.341307740509514
79.0,147.0122618,19.256944444444443,1,1,0,0,0,0,0,0,0,4,1,464.4166666666667,12.0,76.224551,5,0,SPECIAL EQUIPMENT,UPPER APEX,LANG_02,Round-Trip,apple,Direct,Direct,Logged-Out,AREA_C,AREA_B,AREA_C_TO_AREA_B,CI,BU,61_120,very_high,15_30,Y,V,0,0.61827475,47.12771508573765
115.0,28.4271276,5.142361111111111,2,2,0,0,0,0,0,0,0,2,1,125.75,21.0,72.275625,3,1,SPECIAL EQUIPMENT,UPPER APEX,LANG_09,Round-Trip,apple,Direct,Organic Search,Logged-Out,AREA_C,AREA_C,AREA_C_TO_AREA_C,CA,CU,61_120,low,6_8,Y,O,0,0.6516583,47.09901067212224
77.0,36.7207288,9.385416666666666,2,2,0,0,0,0,0,0,0,2,1,227.25,8.0,85.66,3,1,SPECIAL EQUIPMENT,UPPER APEX,LANG_09,Round-Trip,samsung,Email,Email,Logged-Out,AREA_C,AREA_B,AREA_C_TO_AREA_B,CA,BE,61_120,mid,9_14,Y,L,0,0.5477505,46.920305519104005
53.0,30.809760499999996,6.802083333333333,1,1,0,0,0,0,0,0,0,4,1,167.0,18.0,70.2621867,3,0,SPECIAL EQUIPMENT,WEST HORIZON,LANG_02,Round-Trip,google,Affiliate,Affiliate,Logged-Out,AREA_B,AREA_B,AREA_B_TO_AREA_B,BA,BE,31_60,low,6_8,Y,T,0,0.6670841,46.870787428598035
84.0,35.28506719999999,7.385416666666667,2,2,0,0,0,0,0,0,0,2,1,179.25,23.0,85.66,6,1,SPECIAL EQUIPMENT,UPPER APEX,LANG_09,Round-Trip,apple,MetaSearches,MetaSearches,Logged-Out,AREA_C,AREA_B,AREA_C_TO_AREA_B,CA,BE,61_120,mid,6_8,Y,U,0,0.5464482,46.808750339746474
64.0,35.384004499999996,10.75,2,2,0,0,0,0,0,0,0,2,1,259.9166666666667,13.0,85.66,6,1,SPECIAL EQUIPMENT,WEST APEX,LANG_02,Round-Trip,google,Direct,MetaSearches,Logged-Out,AREA_C,AREA_B,AREA_C_TO_AREA_B,CA,BE,61_120,mid,9_14,Y,O,0,0.5451846,46.70051388740539
38.0,75.1974876,4.159722222222222,3,3,0,0,0,0,0,1,1,2,1,101.75,15.0,85.66,6,1,SPECIAL EQUIPMENT,UPPER APEX,LANG_02,Round-Trip,apple,Direct,Direct,Logged-In,AREA_C,AREA_B,AREA_C_TO_AREA_B,CA,BE,31_60,high,3_5,Y,O,0,0.54407156,46.60516941308975
27.0,26.761897199999996,4.385416666666667,2,2,0,0,0,0,0,0,0,2,1,107.25,12.0,85.66,6,1,SPECIAL EQUIPMENT,UPPER APEX,LANG_02,Round-Trip,google,Paid Search,MetaSearches,Logged-Out,AREA_C,AREA_B,AREA_C_TO_AREA_B,CA,BE,15_30,low,3_5,Y,O,0,0.5399459,46.25176583170891
27.0,55.949685599999995,11.288194444444445,2,2,0,0,0,0,0,1,0,2,1,272.8333333333333,10.0,85.66,2,1,SPECIAL EQUIPMENT,UPPER APEX,LANG_09,Round-Trip,google,MetaSearches,MetaSearches,Logged-In,AREA_C,AREA_B,AREA_C_TO_AREA_B,CA,BE,15_30,high,9_14,Y,L,0,0.53933585,46.199508645534515
94.0,608.965506,6.642361111111111,4,4,0,0,0,0,0,0,0,2,1,165.33333333333334,22.0,82.87605,4,0,SPECIAL EQUIPMENT,UPPER APEX,LANG_09,Round-Trip,google,Paid Search,Paid Search,Logged-Out,AREA_B,AREA_C,AREA_B_TO_AREA_C,BE,CA,61_120,very_high,6_8,Y,W,0,0.5550036,45.996504730626945
27.0,44.82759119999999,2.0416666666666665,2,2,0,0,0,0,0,0,0,4,1,51.75,19.0,87.2464232,5,0,SPECIAL EQUIPMENT,NEW MERIDIAN,LANG_02,Round-Trip,google,Direct,Organic Search,Logged-Out,AREA_C,AREA_C,AREA_C_TO_AREA_C,CI,CI,15_30,mid,3_5,Y,U,0,0.5271,45.987591990130376
12.0,240.2865792,5.756944444444445,4,2,1,1,0,1,1,0,0,3,1,139.75,20.0,64.245,3,1,SPECIAL EQUIPMENT,UPPER APEX,LANG_09,Round-Trip,apple,Direct,Direct,Logged-Out,AREA_C,AREA_D,AREA_C_TO_AREA_D,CA,DA,8_14,very_high,6_8,Y,L,0,0.7149859,45.93426960021258
,125.3458497,7.392361111111111,3,3,0,0,0,0,0,0,0,4,1,180.16666666666666,22.0,48.2539912,2,0,SPECIAL EQUIPMENT,NEW MERIDIAN,LANG_02,Round-Trip,google,Direct,Direct,Logged-Out,AREA_C,AREA_B,AREA_C_TO_AREA_B,CI,BI,,very_high,6_8,Y,L,1,0.9518881,45.93239924858322
79.0,322.95404709999997,6.378472222222222,4,3,0,1,0,1,0,1,0,4,1,155.83333333333334,21.0,50.1093868,3,0,SPECIAL EQUIPMENT,NEW MERIDIAN,LANG_02,Round-Trip,google,Direct,Direct,Logged-In,AREA_C,AREA_B,AREA_C_TO_AREA_B,CI,BI,61_120,very_high,6_8,Y,K,1,0.9155856,45.87943185084484
30.0,62.9189832,8.288194444444445,1,1,0,0,0,0,0,0,0,2,1,200.83333333333334,16.0,85.66,2,1,SPECIAL EQUIPMENT,UPPER APEX,LANG_09,Round-Trip,apple,Direct,Direct,Logged-Out,AREA_C,AREA_B,AREA_C_TO_AREA_B,CA,BE,15_30,high,9_14,Y,E,0,0.5337374,45.71994748592377
199.0,233.0954222,15.496527777777779,1,1,0,0,0,0,0,0,0,4,1,374.0833333333333,18.0,76.224551,5,0,SPECIAL EQUIPMENT,NORTH ZENITH,LANG_02,Round-Trip,google,Paid Search,Paid Search,Logged-Out,AREA_C,AREA_B,AREA_C_TO_AREA_B,CI,BU,120_plus,very_high,15_30,Y,Q,0,0.5995743,45.70228390244174
106.0,45.8319547,8.32986111111111,2,1,0,1,0,1,0,0,0,2,1,201.83333333333334,20.0,85.66,6,1,SPECIAL EQUIPMENT,UPPER APEX,LANG_09,Round-Trip,samsung,Direct,Paid Search,Logged-Out,AREA_C,AREA_C,AREA_C_TO_AREA_C,CA,CE,61_120,mid,9_14,Y,O,0,0.5322098,45.589092632532115
27.0,34.0656971,2.2708333333333335,1,1,0,0,0,0,0,0,0,4,1,57.25,9.0,87.2464232,5,0,SPECIAL EQUIPMENT,NEW MERIDIAN,LANG_02,Round-Trip,google,Paid Search,Paid Search,Logged-Out,AREA_C,AREA_C,AREA_C_TO_AREA_C,CI,CI,15_30,low,3_5,Y,V,0,0.52087647,45.444608694689414
33.0,28.221543599999997,5.385416666666667,1,1,0,0,0,0,0,0,0,2,1,131.25,18.0,85.66,3,1,SPECIAL EQUIPMENT,UPPER APEX,LANG_09,Round-Trip,google,Paid Search,Paid Search,Logged-Out,AREA_C,AREA_B,AREA_C_TO_AREA_B,CA,BE,31_60,low,6_8,Y,O,0,0.53014904,45.41256698966026
141.0,43.1649306,4.385416666666667,3,3,0,0,0,0,0,1,0,2,1,107.25,23.0,85.66,5,1,SPECIAL EQUIPMENT,UPPER APEX,LANG_02,Round-Trip,apple,Direct,Direct,Logged-In,AREA_C,AREA_B,AREA_C_TO_AREA_B,CA,BE,120_plus,mid,3_5,Y,U,0,0.52656317,45.10540093421936
40.0,63.3661284,4.59375,3,2,1,0,0,0,1,0,0,2,1,112.16666666666667,22.0,85.66,5,1,SPECIAL EQUIPMENT,UPPER APEX,LANG_09,Round-Trip,apple,Direct,MetaSearches,Logged-Out,AREA_C,AREA_B,AREA_C_TO_AREA_B,CA,BE,31_60,high,3_5,Y,O,0,0.52653444,45.10293997049332
35.0,26.6299808,7.138888888888889,2,1,1,0,0,0,1,0,0,2,1,173.66666666666666,12.0,72.275625,2,1,SPECIAL EQUIPMENT,UPPER APEX,LANG_09,Round-Trip,microsoft,Display,Display,Logged-Out,AREA_C,AREA_C,AREA_C_TO_AREA_C,CA,CU,31_60,low,6_8,Y,O,0,0.6240054,45.10037864718586
78.0,30.9883616,7.15625,2,1,1,0,0,0,1,1,0,2,1,173.66666666666666,19.0,85.66,6,1,SPECIAL EQUIPMENT,WEST APEX,LANG_09,Round-Trip,other,Direct,Direct,Logged-In,AREA_C,AREA_B,AREA_C_TO_AREA_B,CA,BE,61_120,low,6_8,Y,O,0,0.52606857,45.06303355455398
76.0,26.8921004,,2,2,0,0,0,0,0,1,0,2,1,-72.83333333333333,10.0,85.66,4,1,SPECIAL EQUIPMENT,UPPER APEX,LANG_09,Round-Trip,opera,Direct,Direct,Logged-In,AREA_C,AREA_B,AREA_C_TO_AREA_B,CA,BE,61_120,low,unknown_or_oneway,Y,O,0,0.5257359,45.03453845381737
151.0,67.765626,8.51388888888889,3,3,0,0,0,0,0,1,1,2,1,206.33333333333334,19.0,85.66,6,1,SPECIAL EQUIPMENT,UPPER APEX,LANG_09,Round-Trip,apple,Direct,Direct,Logged-In,AREA_C,AREA_B,AREA_C_TO_AREA_B,CA,BE,120_plus,high,9_14,Y,U,0,0.52291477,44.792878963947295
4.0,58.364441,7.225694444444445,1,1,0,0,0,0,0,0,0,4,1,175.5,22.0,64.0454122,2,0,SPECIAL EQUIPMENT,LOWER ZENITH,LANG_02,Round-Trip,google,Paid Search,Paid Search,Logged-Out,AREA_C,AREA_B,AREA_C_TO_AREA_B,CE,BE,4_7,high,6_8,Y,K,0,0.6989019,44.76145974182258
9.0,283.7556028,14.559027777777779,2,2,0,0,0,0,0,1,0,3,1,370.0,8.0,77.094,1,0,SPECIAL EQUIPMENT,UPPER APEX,LANG_09,Round-Trip,mozilla,Direct,Direct,Logged-In,AREA_C,AREA_D,AREA_C_TO_AREA_D,CE,DA,8_14,very_high,15_30,Y,L,0,0.58031553,44.73884549295902
103.0,30.117627700000003,11.322916666666666,1,1,0,0,0,0,0,1,0,2,1,272.75,17.0,85.66,2,1,SPECIAL EQUIPMENT,NEW MERIDIAN,LANG_10,Round-Trip,google,Paid Search,Paid Search,Logged-In,AREA_C,AREA_C,AREA_C_TO_AREA_C,CA,CE,61_120,low,9_14,Y,V,0,0.5210919,44.63673030495644
124.0,225.0952065,11.496527777777779,1,1,0,0,0,0,0,0,0,4,1,278.0833333333333,21.0,76.224551,1,0,SPECIAL EQUIPMENT,LOWER VERTEX,LANG_02,Round-Trip,apple,Paid Search,Paid Search,Logged-Out,AREA_C,AREA_B,AREA_C_TO_AREA_B,CI,BU,120_plus,very_high,9_14,Y,K,0,0.5846406,44.56396891890419
20.0,35.7536274,7.131944444444445,1,1,0,0,0,0,0,1,1,2,1,173.33333333333334,20.0,64.245,3,1,SPECIAL EQUIPMENT,UPPER APEX,LANG_09,Round-Trip,apple,Direct,Direct,Logged-In,AREA_C,AREA_B,AREA_C_TO_AREA_B,CA,BI,15_30,mid,6_8,Y,L,0,0.69301826,44.52295796066523
52.0,21.8874149,7.322916666666667,2,1,0,0,1,1,0,1,0,2,1,176.75,12.0,85.66,6,1,SPECIAL EQUIPMENT,UPPER APEX,LANG_02,Round-Trip,apple,Direct,Direct,Logged-In,AREA_C,AREA_C,AREA_C_TO_AREA_C,CA,CE,31_60,low,6_8,Y,O,0,0.5197038,44.517827974557875
177.0,54.1251276,9.76736111111111,2,2,0,0,0,0,0,0,0,2,1,236.75,19.0,72.275625,5,1,SPECIAL EQUIPMENT,UPPER APEX,LANG_09,Round-Trip,mozilla,Email,Email,Logged-Out,AREA_C,AREA_C,AREA_C_TO_AREA_C,CA,CU,120_plus,high,9_14,Y,O,0,0.6158442,44.51052374359221
18.0,47.9336228,5.753472222222222,2,2,0,0,0,0,0,1,0,2,1,140.0,18.0,85.66,4,1,SPECIAL EQUIPMENT,UPPER APEX,LANG_09,Round-Trip,google,Paid Search,Organic Search,Logged-In,AREA_C,AREA_B,AREA_C_TO_AREA_B,CA,BE,15_30,mid,6_8,Y,V,0,0.5190184,44.459117140769955
4.0,77.1633846,4.46875,2,2,0,0,0,0,0,1,0,2,1,109.58333333333333,10.0,92.0845,3,1,SPECIAL EQUIPMENT,UPPER APEX,LANG_09,Round-Trip,samsung,Direct,Direct,Logged-In,AREA_C,AREA_C,AREA_C_TO_AREA_C,CA,CU,4_7,high,3_5,Y,V,0,0.481742,44.360970703527336
35.0,59.962,23.79861111111111,2,2,0,0,0,0,0,0,0,2,1,573.5833333333334,12.0,96.3675,3,1,SPECIAL EQUIPMENT,UPPER APEX,LANG_09,Round-Trip,google,Paid Search,Paid Search,Logged-Out,AREA_C,AREA_C,AREA_C_TO_AREA_C,CA,CU,31_60,high,15_30,Y,U,0,0.45996264,44.32544934712351
181.0,187.7020467,23.875,1,1,0,0,0,0,0,0,0,4,1,575.25,23.0,76.224551,5,0,SPECIAL EQUIPMENT,NORTH ZENITH,LANG_06,Round-Trip,google,MetaSearches,Email,Logged-Out,AREA_C,AREA_B,AREA_C_TO_AREA_B,CI,BU,120_plus,very_high,15_30,Y,T,0,0.5806944,44.26316818724185
9.0,96.6938646,4.159722222222222,3,3,0,0,0,0,0,1,1,2,1,101.75,23.0,85.66,6,1,SPECIAL EQUIPMENT,UPPER APEX,LANG_02,Round-Trip,google,Direct,Direct,Logged-In,AREA_C,AREA_B,AREA_C_TO_AREA_B,CA,BE,8_14,high,3_5,Y,W,0,0.51638675,44.23368877887726
106.0,268.9865339,6.642361111111111,3,2,0,1,0,1,0,0,0,2,1,165.33333333333334,8.0,82.87605,4,0,SPECIAL EQUIPMENT,UPPER APEX,LANG_09,Round-Trip,google,MetaSearches,MetaSearches,Logged-Out,AREA_B,AREA_C,AREA_B_TO_AREA_C,BE,CA,61_120,very_high,6_8,Y,O,0,0.53362423,44.224668517139555
35.0,35.7536274,8.371527777777779,1,1,0,0,0,0,0,0,0,4,1,203.66666666666666,21.0,87.7603832,3,0,SPECIAL EQUIPMENT,NEW ZENITH,LANG_02,Round-Trip,apple,Direct,Direct,Logged-Out,AREA_C,AREA_B,AREA_C_TO_AREA_B,CI,BA,31_60,mid,9_14,Y,W,0,0.5034619,44.18400904007106
30.0,248.84829619999996,7.899305555555555,9,7,2,0,0,0,1,0,0,2,1,191.5,14.0,85.66,2,1,SPECIAL EQUIPMENT,UPPER VERTEX,LANG_10,Round-Trip,mozilla,Direct,Direct,Logged-Out,AREA_C,AREA_B,AREA_C_TO_AREA_B,CA,BE,15_30,very_high,6_8,Y,O,0,0.5145749,44.078484680652615
78.0,36.7901134,7.767361111111111,1,1,0,0,0,0,0,0,0,2,1,188.75,11.0,72.275625,5,1,SPECIAL EQUIPMENT,NORTH HORIZON,LANG_02,Round-Trip,apple,Direct,Direct,Logged-Out,AREA_C,AREA_C,AREA_C_TO_AREA_C,CA,CU,61_120,mid,6_8,Y,V,0,0.6092218,44.03188751958311
112.0,26.8218592,5.0,2,2,0,0,0,0,0,0,0,2,1,122.0,21.0,85.66,4,1,SPECIAL EQUIPMENT,UPPER APEX,LANG_02,Round-Trip,google,Paid Search,Organic Search,Logged-Out,AREA_C,AREA_B,AREA_C_TO_AREA_B,CA,BE,61_120,low,3_5,Y,O,0,0.51351696,43.98786301016808
117.0,664.9134784,7.0,4,4,0,0,0,0,0,0,0,2,1,175.25,12.0,77.094,4,1,SPECIAL EQUIPMENT,UPPER APEX,LANG_09,Round-Trip,google,Paid Search,Paid Search,Logged-Out,AREA_C,AREA_B,AREA_C_TO_AREA_B,CA,BU,61_120,very_high,6_8,Y,W,0,0.5704743,43.98014773571491
58.0,32.8883004,10.159722222222221,2,2,0,0,0,0,0,1,0,2,1,245.75,13.0,85.66,2,1,SPECIAL EQUIPMENT,UPPER APEX,LANG_09,Round-Trip,mozilla,Direct,Paid Search,Logged-In,AREA_C,AREA_B,AREA_C_TO_AREA_B,CA,BE,31_60,low,9_14,Y,O,0,0.51271915,43.919522762298584
60.0,35.2773578,,1,1,0,0,0,0,0,0,0,2,1,-529.5833333333334,18.0,85.66,2,1,SPECIAL EQUIPMENT,UPPER APEX,LANG_09,Round-Trip,apple,Paid Search,Paid Search,Logged-Out,AREA_C,AREA_B,AREA_C_TO_AREA_B,CA,BE,31_60,mid,unknown_or_oneway,Y,O,0,0.5104052,43.72130796194077
163.0,211.3107993,12.496527777777779,1,1,0,0,0,0,0,0,0,4,1,302.0833333333333,21.0,76.224551,5,0,SPECIAL EQUIPMENT,NORTH ZENITH,LANG_06,Round-Trip,apple,Direct,Paid Search,Logged-Out,AREA_C,AREA_B,AREA_C_TO_AREA_B,CI,BU,120_plus,very_high,9_14,Y,T,0,0.5734428,43.71042122974837
38.0,29.3454028,5.513888888888889,1,1,0,0,0,0,0,1,0,2,1,134.41666666666666,18.0,64.245,3,1,SPECIAL EQUIPMENT,UPPER APEX,LANG_09,Round-Trip,apple,Direct,Organic Search,Logged-In,AREA_C,AREA_C,AREA_C_TO_AREA_C,CA,CI,31_60,low,6_8,Y,V,0,0.679734,43.66951029181481
26.0,59.441187199999995,,3,2,0,1,0,1,0,0,0,1,0,2.0833333333333335,16.0,65.8442722,3,1,SPECIAL EQUIPMENT,UPPER APEX,LANG_09,Round-Trip,google,Paid Search,Paid Search,Logged-Out,AREA_C,AREA_B,AREA_C_TO_AREA_B,CA,BI,15_30,high,unknown_or_oneway,Y,U,0,0.6628011,43.641655180471865
23.0,32.6947088,10.125,1,1,0,0,0,0,0,1,0,2,1,245.08333333333334,21.0,70.6695,6,1,SPECIAL EQUIPMENT,UPPER APEX,LANG_09,Round-Trip,mozilla,Direct,Direct,Logged-In,AREA_C,AREA_C,AREA_C_TO_AREA_C,CA,CI,15_30,low,9_14,Y,L,0,0.6170476,43.60644592639804
21.0,82.63234729999999,,2,1,1,0,0,0,1,0,0,1,0,0.75,17.0,58.518629,6,0,SPECIAL EQUIPMENT,NEW MERIDIAN,LANG_02,Round-Trip,google,Direct,Direct,Logged-Out,AREA_C,AREA_B,AREA_C_TO_AREA_B,CI,BI,15_30,high,unknown_or_oneway,Y,L,1,0.742552,43.45312397144407
177.0,42.1327276,7.142361111111111,2,2,0,0,0,0,0,0,0,2,1,173.75,16.0,72.275625,6,1,SPECIAL EQUIPMENT,UPPER APEX,LANG_09,Round-Trip,microsoft,Paid Search,Paid Search,Logged-Out,AREA_C,AREA_C,AREA_C_TO_AREA_C,CA,CU,120_plus,mid,6_8,Y,O,0,0.60075176,43.41970875196159
83.0,171.2664625,8.67361111111111,4,2,0,2,0,1,0,0,0,4,1,210.91666666666666,20.0,48.3927604,2,0,SPECIAL EQUIPMENT,NEW MERIDIAN,LANG_02,Round-Trip,google,Paid Search,Paid Search,Logged-Out,AREA_C,AREA_C,AREA_C_TO_AREA_C,CI,CE,61_120,very_high,9_14,Y,L,0,0.89687294,43.40215718235805
148.0,131.4229984,8.76736111111111,4,2,0,1,1,1,0,1,0,2,1,212.75,20.0,72.275625,6,1,SPECIAL EQUIPMENT,UPPER APEX,LANG_09,Round-Trip,apple,Direct,MetaSearches,Logged-In,AREA_C,AREA_C,AREA_C_TO_AREA_C,CA,CU,120_plus,very_high,9_14,Y,Q,0,0.60011035,43.37335076261312
85.0,54.6904836,7.680555555555555,3,2,1,0,0,0,1,1,0,4,1,185.33333333333334,20.0,49.2545,3,0,SPECIAL EQUIPMENT,UPPER APEX,LANG_09,Round-Trip,mozilla,Direct,Organic Search,Logged-In,AREA_B,AREA_C,AREA_B_TO_AREA_C,BE,CE,61_120,high,6_8,Y,U,1,0.8792774,43.30836909839511
14.0,85.9251177,,1,1,0,0,0,0,0,1,0,1,0,2.3333333333333335,12.0,96.3675,3,1,SPECIAL EQUIPMENT,UPPER VERTEX,LANG_11,Round-Trip,google,MetaSearches,Organic Search,Logged-In,AREA_C,AREA_B,AREA_C_TO_AREA_B,CA,BI,8_14,high,unknown_or_oneway,Y,Q,0,0.44915706,43.284142901748424
6.0,179.99050520000003,3.392361111111111,4,4,0,0,0,0,0,0,0,4,1,84.08333333333333,10.0,87.7603832,5,0,SPECIAL EQUIPMENT,NEW MERIDIAN,LANG_02,Round-Trip,google,Affiliate,Paid Search,Logged-Out,AREA_C,AREA_B,AREA_C_TO_AREA_B,CI,BA,4_7,very_high,3_5,Y,V,1,0.49302632,43.268178434405854
160.0,117.2651136,5.329861111111111,2,2,0,0,0,0,0,0,0,4,1,130.0,7.0,47.9087814,3,0,SPECIAL EQUIPMENT,UPPER APEX,LANG_02,Round-Trip,google,Direct,Email,Logged-Out,AREA_C,AREA_B,AREA_C_TO_AREA_B,CE,BI,120_plus,very_high,6_8,Y,L,0,0.90006745,43.121134641001014
13.0,59.06770959999999,7.451388888888889,2,1,0,1,0,1,0,0,0,4,1,179.83333333333334,14.0,49.2545,6,0,SPECIAL EQUIPMENT,UPPER APEX,LANG_09,Round-Trip,google,Paid Search,Paid Search,Logged-Out,AREA_B,AREA_C,AREA_B_TO_AREA_C,BE,CU,8_14,high,6_8,Y,U,0,0.874008,43.048827030926944
19.0,31.8843652,6.753472222222222,2,1,1,0,0,0,1,1,0,2,1,164.0,11.0,85.66,4,1,SPECIAL EQUIPMENT,UPPER APEX,LANG_09,Round-Trip,apple,Direct,Direct,Logged-In,AREA_C,AREA_B,AREA_C_TO_AREA_B,CA,BE,15_30,low,6_8,Y,U,0,0.5013414,42.9449045407772
10.0,130.6439207,5.131944444444445,5,3,0,2,0,1,0,0,0,2,1,125.08333333333333,22.0,85.66,3,1,SPECIAL EQUIPMENT,UPPER VERTEX,LANG_02,Round-Trip,google,Paid Search,Organic Search,Logged-Out,AREA_C,AREA_B,AREA_C_TO_AREA_B,CA,BE,8_14,very_high,6_8,Y,U,0,0.5009424,42.91072675824165
11.0,68.4813153,5.371527777777778,2,2,0,0,0,0,0,1,1,4,1,131.66666666666666,16.0,48.9581164,4,0,SPECIAL EQUIPMENT,NEW MERIDIAN,LANG_02,Round-Trip,microsoft,Paid Search,MetaSearches,Logged-In,AREA_C,AREA_C,AREA_C_TO_AREA_C,CI,CI,8_14,high,6_8,Y,L,1,0.8752092,42.8485944902905
25.0,57.0996711,8.899305555555555,4,3,1,0,0,0,1,0,0,2,1,215.5,19.0,85.66,6,1,SPECIAL EQUIPMENT,UPPER VERTEX,LANG_11,Round-Trip,google,Paid Search,MetaSearches,Logged-Out,AREA_C,AREA_B,AREA_C_TO_AREA_B,CA,BE,15_30,high,9_14,Y,O,0,0.49975264,42.80881120443344
20.0,27.5289825,6.979166666666667,1,1,0,0,0,0,0,0,0,2,1,169.5,11.0,85.66,6,1,SPECIAL EQUIPMENT,NORTH ZENITH,LANG_02,Round-Trip,microsoft,Direct,Direct,Logged-Out,AREA_C,AREA_B,AREA_C_TO_AREA_B,CA,BE,15_30,low,6_8,Y,U,0,0.49926046,42.766650606989856
25.0,42.4029849,7.722222222222222,1,1,0,0,0,0,0,0,0,4,1,188.16666666666666,19.0,48.9683956,6,0,SPECIAL EQUIPMENT,NORTH HORIZON,LANG_04,Round-Trip,microsoft,Paid Search,Paid Search,Logged-Out,AREA_C,AREA_B,AREA_C_TO_AREA_B,CU,BI,15_30,mid,6_8,Y,T,0,0.87121546,42.66202342957806
5.0,69.5871859,4.71875,1,1,0,0,0,0,0,0,0,4,1,115.91666666666667,12.0,87.7603832,3,0,SPECIAL EQUIPMENT,NEW MERIDIAN,LANG_02,Round-Trip,google,Direct,Direct,Logged-Out,AREA_C,AREA_B,AREA_C_TO_AREA_B,CI,BA,4_7,high,3_5,Y,K,0,0.48610303,42.6605880171387
43.0,36.4778827,7.326388888888889,1,1,0,0,0,0,0,0,0,4,1,177.91666666666666,18.0,47.9087814,6,0,SPECIAL EQUIPMENT,LOWER ZENITH,LANG_02,Round-Trip,apple,MetaSearches,MetaSearches,Logged-Out,AREA_C,AREA_B,AREA_C_TO_AREA_B,CE,BI,31_60,mid,6_8,Y,L,0,0.8900182,42.63968856994386
51.0,26.8218592,4.385416666666667,2,2,0,0,0,0,0,0,0,2,1,107.25,20.0,85.66,6,1,SPECIAL EQUIPMENT,UPPER APEX,LANG_09,Round-Trip,apple,Paid Search,Paid Search,Logged-Out,AREA_C,AREA_B,AREA_C_TO_AREA_B,CA,BE,31_60,low,3_5,Y,O,0,0.49754986,42.62012115061283
55.0,74.4154118,4.520833333333333,1,1,0,0,0,0,0,0,0,2,1,110.83333333333333,14.0,72.275625,3,1,SPECIAL EQUIPMENT,UPPER APEX,LANG_09,Round-Trip,google,Direct,Affiliate,Logged-Out,AREA_C,AREA_C,AREA_C_TO_AREA_C,CA,CU,31_60,high,3_5,Y,Q,0,0.5893508,42.59569882996381
24.0,126.6230403,8.36111111111111,2,2,0,0,0,0,0,1,0,4,1,203.41666666666666,,48.2539912,3,0,SPECIAL EQUIPMENT,NEW MERIDIAN,LANG_10,Round-Trip,apple,Direct,Direct,Logged-In,AREA_C,AREA_B,AREA_C_TO_AREA_B,CI,BI,15_30,very_high,9_14,Y,S,0,0.8823856,42.57862753397398
63.0,34.5312592,8.46875,2,2,0,0,0,0,0,1,0,2,1,204.91666666666666,19.0,59.962,6,1,SPECIAL EQUIPMENT,UPPER APEX,LANG_09,Round-Trip,apple,Direct,Direct,Logged-In,AREA_C,AREA_C,AREA_C_TO_AREA_C,CA,CU,61_120,mid,9_14,Y,O,0,0.70982593,42.5625825933218
24.0,64.8116409,6.71875,2,2,0,0,0,0,0,0,0,4,1,163.91666666666666,12.0,48.2539912,3,0,SPECIAL EQUIPMENT,NEW MERIDIAN,LANG_02,Round-Trip,google,Direct,Direct,Logged-Out,AREA_C,AREA_B,AREA_C_TO_AREA_B,CI,BI,15_30,high,6_8,Y,W,0,0.88195884,42.55803421402197
88.0,471.9848868,7.701388888888889,3,2,1,0,0,0,1,1,0,4,1,186.91666666666666,19.0,46.7981995,1,0,SPECIAL EQUIPMENT,LOWER ZENITH,LANG_02,Round-Trip,google,Organic Search,Organic Search,Logged-In,AREA_C,AREA_B,AREA_C_TO_AREA_B,CE,BI,61_120,very_high,6_8,C,Z,0,0.90599984,42.39916122680441
51.0,108.2412609,3.7291666666666665,3,3,0,0,0,0,0,0,0,4,1,92.25,16.0,48.9581164,6,0,SPECIAL EQUIPMENT,NEW MERIDIAN,LANG_10,Round-Trip,google,Paid Search,Paid Search,Logged-Out,AREA_C,AREA_C,AREA_C_TO_AREA_C,CI,CI,31_60,very_high,3_5,Y,L,0,0.86546665,42.37161720157173
19.0,62.1035,,1,1,0,0,0,0,0,0,0,1,0,2.4166666666666665,18.0,96.3675,3,1,SPECIAL EQUIPMENT,UPPER APEX,LANG_02,Round-Trip,apple,Direct,Direct,Logged-Out,AREA_C,AREA_C,AREA_C_TO_AREA_C,CA,CU,15_30,high,unknown_or_oneway,Y,Q,0,0.43938756,42.34268067777157
73.0,37.8942708,3.8958333333333335,2,2,0,0,0,0,0,0,0,2,1,95.41666666666667,16.0,85.66,6,1,SPECIAL EQUIPMENT,UPPER APEX,LANG_09,Round-Trip,google,Paid Search,MetaSearches,Logged-Out,AREA_C,AREA_B,AREA_C_TO_AREA_B,CA,BE,61_120,mid,3_5,Y,L,0,0.49245048,42.18330774784088
27.0,31.658222799999997,6.079861111111111,2,2,0,0,0,0,0,0,0,5,1,146.91666666666666,17.0,48.18375,5,0,SPECIAL EQUIPMENT,UPPER APEX,LANG_09,Round-Trip,opera,Organic Search,Organic Search,Logged-Out,AREA_C,AREA_B,AREA_C_TO_AREA_B,CA,BI,15_30,low,6_8,Y,L,0,0.875132,42.16714267529547
87.0,30.2521139,5.899305555555555,1,1,0,0,0,0,0,0,0,2,1,143.5,22.0,85.66,4,1,SPECIAL EQUIPMENT,UPPER VERTEX,LANG_11,Round-Trip,google,Paid Search,Paid Search,Logged-Out,AREA_C,AREA_B,AREA_C_TO_AREA_B,CA,BE,61_120,low,6_8,Y,L,0,0.49218303,42.16039831995964
38.0,135.4610108,5.197916666666667,4,2,1,1,0,1,1,1,0,2,1,128.25,18.0,77.094,3,1,SPECIAL EQUIPMENT,UPPER APEX,LANG_09,Round-Trip,apple,Direct,Direct,Logged-In,AREA_C,AREA_B,AREA_C_TO_AREA_B,CA,BA,31_60,very_high,6_8,Y,U,0,0.54573375,42.072797712206835
11.0,63.360132199999995,12.184027777777779,2,2,0,0,0,0,0,0,0,3,1,294.6666666666667,18.0,63.9700314,5,0,SPECIAL EQUIPMENT,LOWER ZENITH,LANG_02,Round-Trip,google,MetaSearches,Paid Search,Logged-Out,AREA_C,AREA_C,AREA_C_TO_AREA_C,CE,CI,8_14,high,9_14,Y,T,0,0.6567093,42.00971539839957
83.0,80.5662281,7.9375,2,2,0,0,0,0,0,0,0,4,1,191.41666666666666,20.0,48.18375,5,0,SPECIAL EQUIPMENT,SOUTH MERIDIAN,LANG_02,Round-Trip,google,Paid Search,Organic Search,Logged-Out,AREA_C,AREA_B,AREA_C_TO_AREA_B,CA,BI,61_120,high,6_8,Y,S,0,0.87024444,41.93164070047438
73.0,21.9996295,7.125,2,2,0,0,0,0,0,0,0,2,1,173.0,11.0,85.66,6,1,SPECIAL EQUIPMENT,WEST APEX,LANG_02,Round-Trip,google,Direct,MetaSearches,Logged-Out,AREA_C,AREA_B,AREA_C_TO_AREA_B,CA,BE,61_120,low,6_8,Y,O,0,0.48926598,41.91052370429039
41.0,31.537442199999997,4.701388888888889,1,1,0,0,0,0,0,1,0,4,1,114.91666666666667,10.0,47.9087814,6,0,SPECIAL EQUIPMENT,LOWER ZENITH,LANG_02,Round-Trip,google,Direct,Paid Search,Logged-In,AREA_C,AREA_B,AREA_C_TO_AREA_B,CE,BI,31_60,low,3_5,Y,L,0,0.8739368,41.86924578376987
143.0,70.6776377,9.04861111111111,2,2,0,0,0,0,0,0,0,4,1,218.75,17.0,47.9370492,2,0,SPECIAL EQUIPMENT,EAST VERTEX,LANG_02,Round-Trip,apple,Direct,Paid Search,Logged-Out,AREA_B,AREA_C,AREA_B_TO_AREA_C,BI,CU,120_plus,high,9_14,Y,W,0,0.87340367,41.86839462372508
196.0,690.3690606,9.0,3,3,0,0,0,0,0,1,0,2,1,223.25,19.0,77.094,5,1,SPECIAL EQUIPMENT,UPPER APEX,LANG_09,Round-Trip,apple,Direct,Direct,Logged-In,AREA_C,AREA_B,AREA_C_TO_AREA_B,CA,BU,120_plus,very_high,9_14,Y,V,0,0.5423456,41.811590409636494
80.0,45.26617040000001,4.15625,4,2,0,2,0,1,0,0,0,2,1,101.66666666666667,21.0,85.66,6,1,SPECIAL EQUIPMENT,UPPER APEX,LANG_09,Round-Trip,google,Paid Search,Affiliate,Logged-Out,AREA_C,AREA_B,AREA_C_TO_AREA_B,CA,BE,61_120,mid,3_5,Y,U,0,0.48673648,41.69384657025337
18.0,50.001883500000005,6.673611111111111,2,2,0,0,0,0,0,0,0,4,1,162.91666666666666,22.0,49.5080536,4,0,SPECIAL EQUIPMENT,NEW MERIDIAN,LANG_02,Round-Trip,google,Direct,Direct,Logged-Out,AREA_C,AREA_C,AREA_C_TO_AREA_C,CI,CE,15_30,mid,6_8,Y,U,0,0.8392944,41.55183085363107
56.0,42.5391843,11.159722222222221,4,2,0,2,0,1,0,1,0,2,1,269.75,14.0,85.66,3,1,SPECIAL EQUIPMENT,WEST APEX,LANG_02,Round-Trip,apple,Direct,Direct,Logged-In,AREA_C,AREA_B,AREA_C_TO_AREA_B,CA,BE,31_60,mid,9_14,Y,O,0,0.48480034,41.52799701690674
20.0,80.4878492,4.128472222222222,2,2,0,0,0,0,0,0,0,2,1,101.25,20.0,64.245,5,1,SPECIAL EQUIPMENT,UPPER APEX,LANG_09,Round-Trip,apple,MetaSearches,MetaSearches,Logged-Out,AREA_C,AREA_B,AREA_C_TO_AREA_B,CA,BI,15_30,high,3_5,Y,W,0,0.645976,41.50072856873274
26.0,26.175982800000003,4.125,2,2,0,0,0,0,0,1,0,2,1,101.0,13.0,85.66,6,1,SPECIAL EQUIPMENT,UPPER APEX,LANG_09,Round-Trip,google,Direct,Paid Search,Logged-In,AREA_C,AREA_B,AREA_C_TO_AREA_B,CA,BE,15_30,low,3_5,Y,L,0,0.48300096,41.373862569928164
10.0,105.2238874,8.666666666666666,2,2,0,0,0,0,0,0,0,4,1,210.41666666666666,12.0,49.0009464,5,0,SPECIAL EQUIPMENT,NEW MERIDIAN,LANG_02,Round-Trip,google,MetaSearches,MetaSearches,Logged-Out,AREA_B,AREA_C,AREA_B_TO_AREA_C,BU,CE,8_14,very_high,9_14,Y,V,1,0.8433214,41.32354588632845
66.0,146.7989684,9.197916666666666,3,2,0,1,0,1,0,0,0,2,1,224.25,21.0,77.094,3,1,SPECIAL EQUIPMENT,UPPER APEX,LANG_09,Round-Trip,mozilla,Paid Search,Paid Search,Logged-Out,AREA_C,AREA_B,AREA_C_TO_AREA_B,CA,BA,61_120,very_high,9_14,Y,S,0,0.53578365,41.305704596757884
31.0,150.96033119999998,3.8993055555555554,3,3,0,0,0,0,0,0,0,2,1,95.5,22.0,85.66,5,1,SPECIAL EQUIPMENT,UPPER APEX,LANG_09,Round-Trip,google,Direct,Email,Logged-Out,AREA_C,AREA_B,AREA_C_TO_AREA_B,CA,BE,31_60,very_high,3_5,Y,T,0,0.4821477,41.300771436691285
92.0,656.5980339,6.642361111111111,1,1,0,0,0,0,0,0,0,2,1,165.33333333333334,14.0,82.87605,2,0,SPECIAL EQUIPMENT,UPPER APEX,LANG_09,Round-Trip,microsoft,Paid Search,Paid Search,Logged-Out,AREA_B,AREA_C,AREA_B_TO_AREA_C,BE,CA,61_120,very_high,6_8,C,Z,0,0.49678227,41.17135250074715
125.0,325.5020038,9.135416666666666,2,2,0,0,0,0,0,0,0,3,1,220.16666666666666,10.0,82.87605,5,0,SPECIAL EQUIPMENT,UPPER APEX,LANG_09,Round-Trip,google,Paid Search,Paid Search,Logged-Out,AREA_B,AREA_C,AREA_B_TO_AREA_C,BE,CA,120_plus,very_high,9_14,Y,W,0,0.49611288,41.11587610469163
71.0,66.3248248,4.986111111111111,2,2,0,0,0,0,0,0,0,2,1,121.41666666666667,12.0,64.245,5,1,SPECIAL EQUIPMENT,UPPER APEX,LANG_09,Round-Trip,google,Paid Search,Paid Search,Logged-Out,AREA_C,AREA_D,AREA_C_TO_AREA_D,CA,DA,61_120,high,3_5,Y,O,0,0.63970464,41.097824897468094
10.0,79.0144972,4.739583333333333,2,2,0,0,0,0,0,0,0,2,1,115.75,8.0,85.66,4,1,SPECIAL EQUIPMENT,UPPER APEX,LANG_09,Round-Trip,google,Direct,Organic Search,Logged-Out,AREA_C,AREA_B,AREA_C_TO_AREA_B,CA,BE,8_14,high,3_5,Y,L,0,0.47926375,41.053733056187625
86.0,131.432421,10.197916666666666,3,3,0,0,0,0,0,0,0,2,1,248.25,23.0,77.094,3,1,SPECIAL EQUIPMENT,UPPER APEX,LANG_09,Round-Trip,apple,Organic Search,Organic Search,Logged-Out,AREA_C,AREA_B,AREA_C_TO_AREA_B,CA,BA,61_120,very_high,9_14,Y,V,0,0.53112614,40.94663875651359
173.0,125.8756568,8.427083333333334,4,2,0,1,1,1,0,0,0,2,1,205.75,9.0,77.094,2,1,SPECIAL EQUIPMENT,UPPER APEX,LANG_02,Round-Trip,google,Paid Search,Paid Search,Logged-Out,AREA_C,AREA_B,AREA_C_TO_AREA_B,CA,BA,120_plus,very_high,9_14,Y,U,0,0.5306311,40.90847594869137
7.0,161.30120639999998,7.197916666666667,2,1,1,0,0,0,1,0,0,2,1,176.25,9.0,77.094,2,1,SPECIAL EQUIPMENT,UPPER APEX,LANG_09,Round-Trip,google,Paid Search,Paid Search,Logged-Out,AREA_C,AREA_B,AREA_C_TO_AREA_B,CA,BA,4_7,very_high,6_8,Y,Q,0,0.5291923,40.79755336976051
22.0,41.497987,5.53125,1,1,0,0,0,0,0,0,0,2,1,134.83333333333334,18.0,64.245,3,1,SPECIAL EQUIPMENT,UPPER APEX,LANG_09,Round-Trip,google,Direct,Direct,Logged-Out,AREA_C,AREA_C,AREA_C_TO_AREA_C,CA,CI,15_30,mid,6_8,Y,L,0,0.63491416,40.79006019473076
2.0,33.116156000000004,5.0,1,1,0,0,0,0,0,0,0,2,1,121.91666666666667,12.0,85.66,6,1,SPECIAL EQUIPMENT,UPPER APEX,LANG_02,Round-Trip,google,Paid Search,Paid Search,Logged-Out,AREA_C,AREA_B,AREA_C_TO_AREA_B,CA,BE,0_3,low,3_5,Y,V,0,0.47602814,40.77657084584236
114.0,46.3000866,4.517361111111111,2,2,0,0,0,0,0,0,0,2,1,110.75,19.0,72.275625,6,1,SPECIAL EQUIPMENT,UPPER APEX,LANG_09,Round-Trip,microsoft,Direct,Direct,Logged-Out,AREA_C,AREA_C,AREA_C_TO_AREA_C,CA,CU,61_120,mid,3_5,Y,L,0,0.563654,40.738445533253255
23.0,31.8106976,12.125,1,1,0,0,0,0,0,1,0,2,1,293.0,12.0,85.66,6,1,SPECIAL EQUIPMENT,UPPER APEX,LANG_09,Round-Trip,google,Paid Search,Paid Search,Logged-In,AREA_C,AREA_B,AREA_C_TO_AREA_B,CA,BE,15_30,low,9_14,Y,U,0,0.47550005,40.73133404374123
77.0,49.5945702,5.638888888888889,2,2,0,0,0,0,0,1,0,4,1,136.58333333333334,19.0,47.8531024,4,0,SPECIAL EQUIPMENT,CENTRAL MERIDIAN,LANG_02,Round-Trip,apple,Direct,Direct,Logged-In,AREA_B,AREA_C,AREA_B_TO_AREA_C,BI,CE,61_120,mid,6_8,Y,O,0,0.8507618,40.711590155338854
33.0,34.314111100000005,8.26388888888889,2,1,1,0,0,0,1,0,0,4,1,200.41666666666666,12.0,47.0033552,6,0,SPECIAL EQUIPMENT,NEW MERIDIAN,LANG_10,Round-Trip,google,Paid Search,Paid Search,Logged-Out,AREA_C,AREA_B,AREA_C_TO_AREA_B,CE,BO,31_60,mid,9_14,Y,U,0,0.86496866,40.656429045038415
44.0,30.704827,4.899305555555555,1,1,0,0,0,0,0,0,0,2,1,119.5,10.0,85.66,4,1,SPECIAL EQUIPMENT,UPPER APEX,LANG_09,Round-Trip,mozilla,Email,Email,Logged-Out,AREA_C,AREA_B,AREA_C_TO_AREA_B,CA,BE,31_60,low,3_5,Y,V,0,0.472008,40.432204413414
37.0,31.6993396,4.899305555555555,1,1,0,0,0,0,0,0,0,2,1,119.5,17.0,85.66,4,1,SPECIAL EQUIPMENT,UPPER APEX,LANG_09,Round-Trip,google,Organic Search,Paid Search,Logged-Out,AREA_C,AREA_B,AREA_C_TO_AREA_B,CA,BE,31_60,low,3_5,Y,T,0,0.472008,40.432204413414
8.0,48.7799436,7.347222222222222,2,2,0,0,0,0,0,0,0,4,1,177.25,21.0,48.18375,5,0,SPECIAL EQUIPMENT,UPPER APEX,LANG_02,Round-Trip,google,MetaSearches,MetaSearches,Logged-Out,AREA_C,AREA_B,AREA_C_TO_AREA_B,CA,BI,8_14,mid,6_8,Y,W,1,0.8379987,40.377919293567544
29.0,74.5421886,7.517361111111111,3,1,0,2,0,1,0,0,0,2,1,182.41666666666666,10.0,48.18375,6,1,SPECIAL EQUIPMENT,UPPER APEX,LANG_09,Round-Trip,google,Direct,Direct,Logged-Out,AREA_C,AREA_B,AREA_C_TO_AREA_B,CA,BI,15_30,high,6_8,Y,L,0,0.8378439,40.37046077370644
11.0,66.1543614,5.739583333333333,1,1,0,0,0,0,0,1,0,2,1,139.75,13.0,85.66,4,1,SPECIAL EQUIPMENT,UPPER APEX,LANG_09,Round-Trip,google,Paid Search,Organic Search,Logged-In,AREA_C,AREA_B,AREA_C_TO_AREA_B,CA,BE,8_14,high,6_8,Y,K,0,0.4712663,40.368671213984484
40.0,484.2629629000001,6.864583333333333,4,4,0,0,0,0,0,1,0,2,1,169.75,22.0,81.377,4,1,SPECIAL EQUIPMENT,UPPER APEX,LANG_09,Round-Trip,mozilla,Paid Search,Referrals,Logged-In,AREA_C,AREA_C,AREA_C_TO_AREA_C,CA,CA,31_60,very_high,6_8,Y,L,0,0.49598512,40.3617811537683
132.0,118.7123393,6.642361111111111,1,1,0,0,0,0,0,0,0,2,1,165.33333333333334,23.0,82.87605,4,0,SPECIAL EQUIPMENT,UPPER APEX,LANG_09,Round-Trip,mozilla,Paid Search,Paid Search,Logged-Out,AREA_B,AREA_C,AREA_B_TO_AREA_C,BE,CA,120_plus,very_high,6_8,Y,W,0,0.4868919,40.3516770787552
212.0,123.8849184,9.20486111111111,3,3,0,0,0,0,0,0,0,2,1,224.41666666666666,19.0,77.094,3,1,SPECIAL EQUIPMENT,UPPER APEX,LANG_09,Round-Trip,google,Paid Search,Paid Search,Logged-Out,AREA_C,AREA_B,AREA_C_TO_AREA_B,CA,BA,120_plus,very_high,9_14,Y,L,0,0.5229227,40.31420222389698
19.0,38.285737,10.899305555555555,1,1,0,0,0,0,0,1,1,2,1,263.5,15.0,85.66,2,1,SPECIAL EQUIPMENT,UPPER APEX,LANG_02,Round-Trip,apple,Direct,Direct,Logged-In,AREA_C,AREA_B,AREA_C_TO_AREA_B,CA,BE,15_30,mid,9_14,C,I,0,0.46865702,40.145160055160524
34.0,105.1802008,8.51736111111111,4,2,2,0,0,0,1,1,1,2,1,206.41666666666666,13.0,48.18375,6,1,SPECIAL EQUIPMENT,UPPER APEX,LANG_02,Round-Trip,apple,Direct,Direct,Logged-In,AREA_C,AREA_B,AREA_C_TO_AREA_B,CA,BI,31_60,very_high,9_14,Y,L,0,0.83240664,40.108473442643884
43.0,27.9628504,4.979166666666667,1,1,0,0,0,0,0,0,0,2,1,121.5,22.0,85.66,4,1,SPECIAL EQUIPMENT,UPPER APEX,LANG_09,Round-Trip,mozilla,Paid Search,Organic Search,Logged-Out,AREA_C,AREA_B,AREA_C_TO_AREA_B,CA,BE,31_60,low,3_5,Y,U,0,0.4681885,40.10502643406391
119.0,47.7113351,6.53125,1,1,0,0,0,0,0,0,0,4,1,158.5,20.0,46.9194084,4,0,SPECIAL EQUIPMENT,SOUTH VERTEX,LANG_02,Round-Trip,apple,Direct,Direct,Logged-Out,AREA_C,AREA_C,AREA_C_TO_AREA_C,CU,CE,61_120,mid,6_8,Y,L,0,0.8538222,40.06083117440794
17.0,282.1708928,6.517361111111111,2,2,0,0,0,0,0,0,0,2,1,158.58333333333334,19.0,49.2545,4,1,SPECIAL EQUIPMENT,UPPER APEX,LANG_09,Round-Trip,apple,Direct,Direct,Logged-Out,AREA_C,AREA_B,AREA_C_TO_AREA_B,CA,BI,15_30,very_high,6_8,C,Z,0,0.81185365,39.987445467591286
73.0,130.1616549,,2,2,0,0,0,0,0,0,0,2,1,-169.66666666666666,17.0,81.377,4,1,SPECIAL EQUIPMENT,UPPER APEX,LANG_09,Round-Trip,google,Paid Search,Paid Search,Logged-Out,AREA_C,AREA_C,AREA_C_TO_AREA_C,CA,CA,61_120,very_high,unknown_or_oneway,Y,U,0,0.49120113,39.97247456237673
161.0,728.1960882999999,,5,2,0,3,0,1,0,1,0,2,1,310.0,22.0,65.0253626,4,1,SPECIAL EQUIPMENT,LOWER VERTEX,LANG_02,Multi-City,google,Internal,Paid Search,Logged-In,AREA_B,AREA_C,AREA_B_TO_AREA_C,BU,CA,120_plus,very_high,unknown_or_oneway,Y,U,0,0.6142854,39.94413148941024
41.0,31.138694899999997,7.326388888888889,1,1,0,0,0,0,0,0,0,4,1,177.91666666666666,11.0,47.9087814,5,0,SPECIAL EQUIPMENT,LOWER ZENITH,LANG_02,Round-Trip,apple,MetaSearches,MetaSearches,Logged-Out,AREA_C,AREA_B,AREA_C_TO_AREA_B,CE,BI,31_60,low,6_8,Y,W,0,0.83296615,39.90639313901271
40.0,36.628216,,2,2,0,0,0,0,0,1,0,4,1,-47.666666666666664,15.0,49.2545,4,0,SPECIAL EQUIPMENT,UPPER APEX,LANG_02,Round-Trip,samsung,Direct,Direct,Logged-In,AREA_B,AREA_C,AREA_B_TO_AREA_C,BE,CE,31_60,mid,unknown_or_oneway,Y,L,0,0.8098465,39.88858544021845
32.0,97.776607,5.201388888888889,2,2,0,0,0,0,0,0,0,2,1,128.33333333333334,16.0,77.094,4,1,SPECIAL EQUIPMENT,UPPER APEX,LANG_09,Round-Trip,samsung,Direct,Direct,Logged-Out,AREA_C,AREA_B,AREA_C_TO_AREA_B,CA,BA,31_60,high,6_8,Y,L,0,0.5173323,39.88321752691269
43.0,115.461114,9.197916666666666,2,2,0,0,0,0,0,1,0,2,1,224.25,8.0,77.094,3,1,SPECIAL EQUIPMENT,UPPER APEX,LANG_02,Round-Trip,google,Direct,Direct,Logged-In,AREA_C,AREA_B,AREA_C_TO_AREA_B,CA,BA,31_60,very_high,9_14,Y,Q,0,0.51676434,39.839430242657656
8.0,63.8445395,7.15625,2,2,0,0,0,0,0,1,1,2,1,173.66666666666666,18.0,85.66,2,1,SPECIAL EQUIPMENT,EAST ZENITH,LANG_08,Round-Trip,google,Organic Search,Paid Search,Logged-In,AREA_C,AREA_B,AREA_C_TO_AREA_B,CA,BE,8_14,high,6_8,Y,U,0,0.46453226,39.79183305978775
120.0,93.71675129999998,6.642361111111111,1,1,0,0,0,0,0,1,0,2,1,165.33333333333334,17.0,82.87605,4,0,SPECIAL EQUIPMENT,UPPER APEX,LANG_02,Round-Trip,microsoft,Paid Search,Paid Search,Logged-In,AREA_B,AREA_C,AREA_B_TO_AREA_C,BE,CA,61_120,high,6_8,Y,O,0,0.47969255,39.755023635225
146.0,82.649051,4.15625,5,5,0,0,0,0,0,0,0,2,1,101.66666666666667,19.0,85.66,5,1,SPECIAL EQUIPMENT,UPPER APEX,LANG_09,Round-Trip,google,Paid Search,Paid Search,Logged-Out,AREA_C,AREA_B,AREA_C_TO_AREA_B,CA,BE,120_plus,high,3_5,Y,O,0,0.46392086,39.739460994601245
41.0,29.501732299999997,8.159722222222221,2,2,0,0,0,0,0,0,0,2,1,197.75,21.0,85.66,3,1,SPECIAL EQUIPMENT,WEST APEX,LANG_02,Round-Trip,apple,Organic Search,Organic Search,Logged-Out,AREA_C,AREA_B,AREA_C_TO_AREA_B,CA,BE,31_60,low,9_14,Y,O,0,0.46352047,39.705163227319716
149.0,105.096254,10.197916666666666,4,3,0,1,0,1,0,0,0,2,1,248.25,21.0,77.094,3,1,SPECIAL EQUIPMENT,UPPER APEX,LANG_09,Round-Trip,apple,Organic Search,Organic Search,Logged-Out,AREA_C,AREA_B,AREA_C_TO_AREA_B,CA,BA,120_plus,very_high,9_14,Y,O,0,0.5147149,39.68143024456501
88.0,341.75256240000004,9.065972222222221,3,2,1,0,0,0,1,0,0,2,1,222.58333333333334,20.0,81.377,2,1,SPECIAL EQUIPMENT,UPPER APEX,LANG_09,Round-Trip,mozilla,Direct,Organic Search,Logged-Out,AREA_C,AREA_C,AREA_C_TO_AREA_C,CA,CA,61_120,very_high,9_14,Y,L,0,0.4873671,39.660471972882746
143.0,191.2607914,6.263888888888889,4,2,2,0,0,0,1,1,0,4,1,152.25,21.0,43.2702924,4,0,SPECIAL EQUIPMENT,SOUTH VERTEX,LANG_02,Round-Trip,microsoft,Paid Search,Paid Search,Logged-In,AREA_C,AREA_C,AREA_C_TO_AREA_C,CU,CI,120_plus,very_high,6_8,Y,T,0,0.91653144,39.658583558188106
13.0,46.2032908,5.447916666666667,1,1,0,0,0,0,0,0,0,2,1,132.66666666666666,13.0,85.66,4,1,SPECIAL EQUIPMENT,UPPER APEX,LANG_02,Round-Trip,mozilla,Direct,Direct,Logged-Out,AREA_C,AREA_B,AREA_C_TO_AREA_B,CA,BE,8_14,mid,6_8,Y,H,0,0.462486,39.61655066311359
53.0,26.7584708,4.15625,2,2,0,0,0,0,0,1,0,2,1,101.66666666666667,18.0,85.66,6,1,SPECIAL EQUIPMENT,UPPER APEX,LANG_09,Round-Trip,apple,MetaSearches,MetaSearches,Logged-In,AREA_C,AREA_B,AREA_C_TO_AREA_B,CA,BE,31_60,low,3_5,Y,O,0,0.46161458,39.541904833912845
75.0,451.38708320000006,8.36111111111111,2,2,0,0,0,0,0,0,0,2,1,207.91666666666666,20.0,77.094,5,1,SPECIAL EQUIPMENT,UPPER APEX,LANG_09,Round-Trip,microsoft,Paid Search,Paid Search,Logged-Out,AREA_C,AREA_B,AREA_C_TO_AREA_B,CA,BU,61_120,very_high,9_14,Y,Q,0,0.51265544,39.52265825951099
70.0,39.299951400000005,3.7604166666666665,3,2,0,1,0,1,0,0,0,2,1,92.58333333333333,9.0,72.275625,6,1,SPECIAL EQUIPMENT,UPPER APEX,LANG_09,Round-Trip,mozilla,Direct,Paid Search,Logged-Out,AREA_C,AREA_C,AREA_C_TO_AREA_C,CA,CU,61_120,mid,3_5,Y,O,0,0.5468037,39.520580098181966
244.0,87.6199008,5.805555555555555,2,2,0,0,0,0,0,0,0,2,1,142.83333333333334,19.0,77.094,4,1,SPECIAL EQUIPMENT,UPPER APEX,LANG_09,Round-Trip,google,Paid Search,Paid Search,Logged-Out,AREA_C,AREA_B,AREA_C_TO_AREA_B,CA,BA,120_plus,high,6_8,Y,V,0,0.512037,39.47497887432575
96.0,78.2024404,5.197916666666667,2,2,0,0,0,0,0,0,0,2,1,128.25,18.0,77.094,4,1,SPECIAL EQUIPMENT,UPPER APEX,LANG_09,Round-Trip,google,Direct,Direct,Logged-Out,AREA_C,AREA_B,AREA_C_TO_AREA_B,CA,BA,61_120,high,6_8,Y,U,0,0.512037,39.47497887432575
102.0,64.6921452,3.767361111111111,2,2,0,0,0,0,0,0,0,2,1,92.75,12.0,72.275625,4,1,SPECIAL EQUIPMENT,UPPER APEX,LANG_09,Round-Trip,microsoft,Direct,Direct,Logged-Out,AREA_C,AREA_C,AREA_C_TO_AREA_C,CA,CU,61_120,high,3_5,Y,L,0,0.5461127,39.470637883655726
33.0,222.3292451,4.986111111111111,3,3,0,0,0,0,0,0,0,6,1,120.16666666666667,19.0,43.6746076,4,0,SPECIAL EQUIPMENT,NEW MERIDIAN,LANG_02,Round-Trip,google,Paid Search,Paid Search,Logged-Out,AREA_C,AREA_B,AREA_C_TO_AREA_B,CI,BI,31_60,very_high,3_5,Y,Q,1,0.9035071,39.46031864403119
17.0,26.7584708,5.385416666666667,2,2,0,0,0,0,0,0,0,2,1,131.25,14.0,85.66,3,1,SPECIAL EQUIPMENT,UPPER APEX,LANG_09,Round-Trip,microsoft,Direct,Direct,Logged-Out,AREA_C,AREA_B,AREA_C_TO_AREA_B,CA,BE,15_30,low,6_8,Y,O,0,0.46059564,39.45462231338024
157.0,42.6406914,10.51736111111111,3,3,0,0,0,0,0,1,0,2,1,254.75,21.0,72.275625,6,1,SPECIAL EQUIPMENT,UPPER APEX,LANG_09,Round-Trip,apple,Direct,Direct,Logged-In,AREA_C,AREA_C,AREA_C_TO_AREA_C,CA,CU,120_plus,mid,9_14,Y,O,0,0.545666,39.43834970131517
14.0,59.4120628,4.513888888888889,2,2,0,0,0,0,0,0,0,2,1,110.33333333333333,10.0,85.66,4,1,SPECIAL EQUIPMENT,UPPER APEX,LANG_09,Round-Trip,google,Direct,Direct,Logged-Out,AREA_C,AREA_B,AREA_C_TO_AREA_B,CA,BE,8_14,high,3_5,Y,U,0,0.46002847,39.40603870272636
43.0,31.8029882,9.48611111111111,1,1,0,0,0,0,0,0,0,4,1,229.75,10.0,47.0033552,6,0,SPECIAL EQUIPMENT,LOWER ZENITH,LANG_02,Round-Trip,google,Direct,Direct,Logged-Out,AREA_C,AREA_B,AREA_C_TO_AREA_B,CE,BO,31_60,low,9_14,Y,U,0,0.83803314,39.39036933495627
159.0,123.6206573,6.885416666666667,4,2,1,1,0,1,1,0,0,5,1,166.83333333333334,21.0,43.6626152,3,0,SPECIAL EQUIPMENT,NEW MERIDIAN,LANG_02,Round-Trip,google,Direct,Direct,Logged-Out,AREA_C,AREA_D,AREA_C_TO_AREA_D,CI,DA,120_plus,very_high,6_8,Y,L,0,0.90169466,39.370346767430014
13.0,36.4144943,7.673611111111111,1,1,0,0,0,0,0,0,0,4,1,186.91666666666666,8.0,49.5080536,3,0,SPECIAL EQUIPMENT,NEW MERIDIAN,LANG_10,Round-Trip,google,Direct,Direct,Logged-Out,AREA_C,AREA_C,AREA_C_TO_AREA_C,CI,CE,8_14,mid,6_8,Y,L,0,0.79477185,39.3476073549725
12.0,32.932843600000005,13.288194444444445,3,2,0,0,1,1,0,0,0,2,1,320.8333333333333,20.0,85.66,6,1,SPECIAL EQUIPMENT,UPPER APEX,LANG_02,Round-Trip,apple,Direct,Direct,Logged-Out,AREA_C,AREA_B,AREA_C_TO_AREA_B,CA,BE,8_14,low,9_14,Y,U,0,0.45925018,39.33937058269977
47.0,244.5987036,7.319444444444445,2,2,0,0,0,0,0,0,1,2,1,191.83333333333334,21.0,57.8205,1,1,SPECIAL EQUIPMENT,UPPER APEX,LANG_02,Round-Trip,apple,Organic Search,Email,Logged-Out,AREA_C,AREA_B,AREA_C_TO_AREA_B,CA,BO,31_60,very_high,6_8,Y,L,0,0.6794026,39.28339744341373
164.0,520.5138466,8.0,3,2,0,1,0,1,0,1,0,2,1,199.25,12.0,68.8500816,2,1,SPECIAL EQUIPMENT,UPPER APEX,LANG_09,Round-Trip,mozilla,Organic Search,Organic Search,Logged-In,AREA_C,AREA_B,AREA_C_TO_AREA_B,CA,BU,120_plus,very_high,6_8,Y,V,0,0.5704743,39.277203937842465
11.0,42.0410714,,1,1,0,0,0,0,0,0,0,4,1,-57.333333333333336,17.0,87.7603832,6,0,SPECIAL EQUIPMENT,NEW MERIDIAN,LANG_02,Round-Trip,google,Paid Search,Paid Search,Logged-Out,AREA_C,AREA_B,AREA_C_TO_AREA_B,CI,BA,8_14,mid,unknown_or_oneway,Y,V,0,0.4468402,39.214866904536514
33.0,46.5022442,4.315972222222222,1,1,0,0,0,0,0,1,0,4,1,104.5,8.0,48.18375,5,0,SPECIAL EQUIPMENT,UPPER APEX,LANG_09,Round-Trip,google,Paid Search,Paid Search,Logged-In,AREA_C,AREA_B,AREA_C_TO_AREA_B,CA,BI,31_60,mid,3_5,Y,W,0,0.8135353,39.19918021403253
173.0,952.7893272,10.0,4,3,1,0,0,0,1,1,0,2,1,247.25,19.0,77.094,5,1,SPECIAL EQUIPMENT,UPPER APEX,LANG_09,Round-Trip,apple,Paid Search,Organic Search,Logged-In,AREA_C,AREA_B,AREA_C_TO_AREA_B,CA,BU,120_plus,very_high,9_14,Y,S,0,0.5073948,39.11709399032593
28.0,53.2167033,7.385416666666667,2,2,0,0,0,0,0,0,0,2,1,179.25,18.0,85.66,2,1,SPECIAL EQUIPMENT,UPPER VERTEX,LANG_11,Round-Trip,apple,MetaSearches,MetaSearches,Logged-Out,AREA_C,AREA_B,AREA_C_TO_AREA_B,CA,BE,15_30,mid,6_8,Y,O,0,0.45654017,39.10723073363304
18.0,34.3984862,5.263888888888889,1,1,0,0,0,0,0,0,0,2,1,127.25,13.0,85.66,4,1,SPECIAL EQUIPMENT,UPPER VERTEX,LANG_11,Round-Trip,apple,Direct,Direct,Logged-Out,AREA_C,AREA_C,AREA_C_TO_AREA_C,CA,CE,15_30,mid,6_8,Y,L,0,0.45652488,39.10592111289501
23.0,49.0934592,4.385416666666667,2,2,0,0,0,0,0,1,0,2,1,107.25,22.0,85.66,6,1,SPECIAL EQUIPMENT,UPPER APEX,LANG_09,Round-Trip,google,Paid Search,Paid Search,Logged-In,AREA_C,AREA_B,AREA_C_TO_AREA_B,CA,BE,15_30,mid,3_5,Y,O,0,0.45639184,39.09452511489391
13.0,45.5462786,5.15625,2,2,0,0,0,0,0,1,0,2,1,125.66666666666667,14.0,85.66,4,1,SPECIAL EQUIPMENT,WEST MERIDIAN,LANG_02,Round-Trip,apple,Direct,Direct,Logged-In,AREA_C,AREA_B,AREA_C_TO_AREA_B,CA,BE,8_14,mid,6_8,Y,W,0,0.45572805,39.037665109634396
37.0,172.2421299,4.534722222222222,6,6,0,0,0,0,0,0,0,4,1,110.66666666666667,14.0,43.0283029,6,0,SPECIAL EQUIPMENT,SOUTH VERTEX,LANG_02,Round-Trip,google,Organic Search,Organic Search,Logged-Out,AREA_C,AREA_B,AREA_C_TO_AREA_B,CU,BI,31_60,very_high,3_5,Y,O,0,0.90666354,39.0121932995165
178.0,36.7686984,4.15625,2,2,0,0,0,0,0,1,0,2,1,101.66666666666667,14.0,85.66,4,1,SPECIAL EQUIPMENT,UPPER APEX,LANG_02,Round-Trip,google,Direct,Organic Search,Logged-In,AREA_C,AREA_B,AREA_C_TO_AREA_B,CA,BE,120_plus,mid,3_5,Y,O,0,0.45537922,39.00778380215168
37.0,465.39078,8.684027777777779,4,2,1,1,0,1,1,0,0,2,1,213.41666666666666,17.0,81.377,2,1,SPECIAL EQUIPMENT,UPPER APEX,LANG_09,Round-Trip,google,Direct,MetaSearches,Logged-Out,AREA_C,AREA_C,AREA_C_TO_AREA_C,CA,CA,31_60,very_high,9_14,Y,W,0,0.4792982,39.00384996184707
23.0,31.4432162,6.288194444444445,1,1,0,0,0,0,0,0,0,2,1,152.83333333333334,21.0,85.66,3,1,SPECIAL EQUIPMENT,UPPER APEX,LANG_09,Round-Trip,mozilla,Email,Email,Logged-Out,AREA_C,AREA_B,AREA_C_TO_AREA_B,CA,BE,15_30,low,6_8,Y,U,0,0.45517808,38.99055450320244
18.0,28.810884400000003,6.159722222222222,1,1,0,0,0,0,0,1,0,2,1,149.75,12.0,85.66,4,1,SPECIAL EQUIPMENT,UPPER APEX,LANG_09,Round-Trip,apple,Direct,Direct,Logged-In,AREA_C,AREA_B,AREA_C_TO_AREA_B,CA,BE,15_30,low,6_8,Y,U,0,0.45517808,38.99055450320244
19.0,30.8127586,7.347222222222222,1,1,0,0,0,0,0,0,0,4,1,177.25,21.0,48.18375,5,0,SPECIAL EQUIPMENT,UPPER APEX,LANG_09,Round-Trip,google,Paid Search,Paid Search,Logged-Out,AREA_C,AREA_B,AREA_C_TO_AREA_B,CA,BI,15_30,low,6_8,Y,V,0,0.8088653,38.974163821041586
38.0,296.4872486,4.729166666666667,6,6,0,0,0,0,0,0,0,4,1,116.25,21.0,42.5695936,6,0,SPECIAL EQUIPMENT,NEW MERIDIAN,LANG_02,Round-Trip,apple,Direct,Direct,Logged-Out,AREA_C,AREA_D,AREA_C_TO_AREA_D,CI,DA,31_60,very_high,3_5,Y,Q,0,0.9153332,38.96536281881599
61.0,59.3932176,4.125,3,3,0,0,0,0,0,0,0,2,1,101.0,17.0,85.66,4,1,SPECIAL EQUIPMENT,UPPER APEX,LANG_09,Round-Trip,mozilla,MetaSearches,MetaSearches,Logged-Out,AREA_C,AREA_B,AREA_C_TO_AREA_B,CA,BE,61_120,high,3_5,Y,L,0,0.45426244,38.91212021946907
145.0,92.761214,8.805555555555555,2,2,0,0,0,0,0,1,0,2,1,214.83333333333334,9.0,77.094,3,1,SPECIAL EQUIPMENT,UPPER APEX,LANG_09,Round-Trip,other,Direct,Direct,Logged-In,AREA_C,AREA_B,AREA_C_TO_AREA_B,CA,BA,120_plus,high,9_14,Y,S,0,0.50473124,38.911750053763384
329.0,81.4849316,9.20486111111111,2,2,0,0,0,0,0,0,0,2,1,224.41666666666666,9.0,77.094,3,1,SPECIAL EQUIPMENT,UPPER APEX,LANG_09,Round-Trip,google,MetaSearches,MetaSearches,Logged-Out,AREA_C,AREA_B,AREA_C_TO_AREA_B,CA,BA,120_plus,high,9_14,Y,U,0,0.50473124,38.911750053763384
40.0,30.3857435,7.263888888888889,1,1,0,0,0,0,0,0,0,4,1,176.41666666666666,12.0,47.0033552,6,0,SPECIAL EQUIPMENT,LOWER ZENITH,LANG_02,Round-Trip,apple,MetaSearches,MetaSearches,Logged-Out,AREA_C,AREA_B,AREA_C_TO_AREA_B,CE,BO,31_60,low,6_8,Y,W,0,0.8268984,38.86699902221117
27.0,29.4464816,4.385416666666667,2,2,0,0,0,0,0,1,0,2,1,107.25,12.0,85.66,5,1,SPECIAL EQUIPMENT,UPPER APEX,LANG_09,Round-Trip,apple,Direct,Direct,Logged-In,AREA_C,AREA_B,AREA_C_TO_AREA_B,CA,BE,15_30,low,3_5,Y,O,0,0.45343748,38.841454309821124
208.0,219.576561,7.888888888888889,1,1,0,0,0,0,0,1,0,2,1,196.58333333333334,10.0,77.094,5,1,SPECIAL EQUIPMENT,UPPER APEX,LANG_09,Round-Trip,apple,Direct,Direct,Logged-In,AREA_C,AREA_B,AREA_C_TO_AREA_B,CA,BU,120_plus,very_high,6_8,Y,S,0,0.5037902,38.83920166003704
129.0,208.869061,8.0,1,1,0,0,0,0,0,0,0,2,1,199.25,14.0,77.094,5,1,SPECIAL EQUIPMENT,UPPER APEX,LANG_09,Round-Trip,google,Paid Search,Organic Search,Logged-Out,AREA_C,AREA_B,AREA_C_TO_AREA_B,CA,BU,120_plus,very_high,6_8,Y,S,0,0.5037902,38.83920166003704
76.0,247.2678692,7.892361111111111,1,1,0,0,0,0,0,0,1,2,1,196.66666666666666,22.0,77.094,5,1,SPECIAL EQUIPMENT,UPPER APEX,LANG_09,Round-Trip,apple,Direct,Direct,Logged-Out,AREA_C,AREA_B,AREA_C_TO_AREA_B,CA,BU,61_120,very_high,6_8,Y,T,0,0.5037902,38.83920166003704
1.0,32.677576800000004,5.15625,2,2,0,0,0,0,0,0,0,2,1,125.66666666666667,21.0,85.66,1,1,SPECIAL EQUIPMENT,UPPER APEX,LANG_09,Round-Trip,google,Direct,Organic Search,Logged-Out,AREA_C,AREA_B,AREA_C_TO_AREA_B,CA,BE,0_3,low,6_8,Y,U,0,0.4529349,38.79840276181698
31.0,61.720599799999995,4.673611111111111,2,2,0,0,0,0,0,0,0,4,1,114.91666666666667,17.0,42.6963704,6,0,SPECIAL EQUIPMENT,NEW MERIDIAN,LANG_02,Round-Trip,apple,Paid Search,Paid Search,Logged-Out,AREA_C,AREA_C,AREA_C_TO_AREA_C,CI,CE,31_60,high,3_5,Y,L,0,0.9059694,38.68160427642689
139.0,147.7048229,7.319444444444445,3,3,0,0,0,0,0,0,0,2,1,191.83333333333334,17.0,57.8205,2,1,SPECIAL EQUIPMENT,UPPER APEX,LANG_09,Round-Trip,microsoft,Paid Search,Paid Search,Logged-Out,AREA_C,AREA_B,AREA_C_TO_AREA_B,CA,BO,120_plus,very_high,6_8,Y,O,0,0.66866344,38.66245455595851
51.0,820.7187392,8.496527777777779,2,2,0,0,0,0,0,1,1,2,1,211.16666666666666,21.0,77.094,5,1,SPECIAL EQUIPMENT,UPPER APEX,LANG_02,Round-Trip,google,Direct,Direct,Logged-In,AREA_C,AREA_B,AREA_C_TO_AREA_B,CA,BU,31_60,very_high,9_14,P,P,0,0.5014278,38.65707706940174
183.0,451.2037708,,3,2,0,1,0,1,0,1,0,2,1,-217.75,13.0,68.8500816,2,1,SPECIAL EQUIPMENT,UPPER APEX,LANG_09,Round-Trip,apple,Direct,Organic Search,Logged-In,AREA_C,AREA_B,AREA_C_TO_AREA_B,CA,BU,120_plus,very_high,unknown_or_oneway,Y,L,0,0.5611474,38.63504371478948
186.0,420.3177729,9.065972222222221,3,3,0,0,0,0,0,0,0,2,1,222.58333333333334,13.0,81.377,3,1,SPECIAL EQUIPMENT,UPPER APEX,LANG_09,Round-Trip,google,Organic Search,Email,Logged-Out,AREA_C,AREA_C,AREA_C_TO_AREA_C,CA,CA,120_plus,very_high,9_14,Y,W,0,0.47417206,38.58669937843084
99.0,278.10675410000005,7.871527777777778,8,5,2,1,0,1,1,0,0,4,1,191.25,15.0,42.7777474,2,0,SPECIAL EQUIPMENT,OLD ZENITH,LANG_02,Round-Trip,google,Paid Search,Paid Search,Logged-Out,AREA_B,AREA_B,AREA_B_TO_AREA_B,BU,BI,61_120,very_high,6_8,Y,U,0,0.90150154,38.56420500351884
128.0,84.3267021,5.329861111111111,1,1,0,0,0,0,0,0,0,4,1,130.0,10.0,47.0033552,4,0,SPECIAL EQUIPMENT,WEST APEX,LANG_02,Round-Trip,google,Direct,Email,Logged-Out,AREA_C,AREA_B,AREA_C_TO_AREA_B,CE,BO,120_plus,high,6_8,C,Z,0,0.8203794,38.560583228221326
31.0,124.4160104,11.197916666666666,2,2,0,0,0,0,0,0,0,2,1,272.25,21.0,77.094,2,1,SPECIAL EQUIPMENT,UPPER APEX,LANG_09,Round-Trip,google,Paid Search,Paid Search,Logged-Out,AREA_C,AREA_B,AREA_C_TO_AREA_B,CA,BA,31_60,very_high,9_14,Y,T,0,0.49992597,38.54129281067848
30.0,152.89796040000002,7.135416666666667,4,3,1,0,0,0,1,0,0,2,1,173.58333333333334,20.0,49.2545,6,1,SPECIAL EQUIPMENT,UPPER APEX,LANG_09,Round-Trip,apple,Direct,Paid Search,Logged-Out,AREA_C,AREA_C,AREA_C_TO_AREA_C,CA,CU,15_30,very_high,6_8,Y,O,1,0.78236175,38.53483661019802
64.0,247.184779,7.888888888888889,1,1,0,0,0,0,0,1,0,2,1,196.58333333333334,19.0,77.094,5,1,SPECIAL EQUIPMENT,UPPER APEX,LANG_09,Round-Trip,google,Email,Paid Search,Logged-In,AREA_C,AREA_B,AREA_C_TO_AREA_B,CA,BU,61_120,very_high,6_8,Y,V,0,0.49963,38.51847554129362
101.0,58.082191300000005,,3,1,1,1,0,1,1,0,0,2,1,-193.58333333333334,11.0,85.66,3,1,SPECIAL EQUIPMENT,UPPER VERTEX,LANG_10,Round-Trip,google,Organic Search,Organic Search,Logged-Out,AREA_C,AREA_B,AREA_C_TO_AREA_B,CA,BE,61_120,high,unknown_or_oneway,Y,O,0,0.44941935,38.4972614723444
181.0,55.0074256,10.51736111111111,2,2,0,0,0,0,0,0,0,2,1,254.75,15.0,72.275625,6,1,SPECIAL EQUIPMENT,UPPER APEX,LANG_09,Round-Trip,apple,Paid MetaSearches,Paid MetaSearches,Logged-Out,AREA_C,AREA_C,AREA_C_TO_AREA_C,CA,CU,120_plus,high,9_14,Y,O,0,0.5321644,38.462514240927995
239.0,714.5919954000001,10.0,3,3,0,0,0,0,0,0,0,2,1,247.25,22.0,77.094,5,1,SPECIAL EQUIPMENT,UPPER APEX,LANG_09,Round-Trip,samsung,Direct,Direct,Logged-Out,AREA_C,AREA_B,AREA_C_TO_AREA_B,CA,BU,120_plus,very_high,9_14,Y,T,0,0.49888918,38.46136229163408
20.0,119.8953039,8.67361111111111,2,1,1,0,0,0,1,0,0,4,1,210.91666666666666,20.0,42.4856468,6,0,SPECIAL EQUIPMENT,NEW MERIDIAN,LANG_02,Round-Trip,google,Paid Search,Paid Search,Logged-Out,AREA_C,AREA_C,AREA_C_TO_AREA_C,CI,CE,15_30,very_high,9_14,Y,T,1,0.9048101,38.44144109722848
43.0,37.1584514,4.288194444444445,1,1,0,0,0,0,0,0,0,2,1,104.83333333333333,10.0,85.66,5,1,SPECIAL EQUIPMENT,UPPER APEX,LANG_02,Round-Trip,google,MetaSearches,MetaSearches,Logged-Out,AREA_C,AREA_B,AREA_C_TO_AREA_B,CA,BE,31_60,mid,3_5,Y,W,0,0.44875228,38.440120651721955
119.0,38.495604,4.513888888888889,2,2,0,0,0,0,0,0,0,2,1,110.33333333333333,19.0,85.66,6,1,SPECIAL EQUIPMENT,UPPER APEX,LANG_09,Round-Trip,google,MetaSearches,MetaSearches,Logged-Out,AREA_C,AREA_B,AREA_C_TO_AREA_B,CA,BE,61_120,mid,3_5,Y,O,0,0.44863454,38.43003427445888
39.0,73.18019460000001,8.541666666666666,2,2,0,0,0,0,0,0,0,2,1,206.58333333333334,17.0,64.245,2,1,SPECIAL EQUIPMENT,GREAT AURORA,LANG_10,Round-Trip,microsoft,Organic Search,Organic Search,Logged-Out,AREA_C,AREA_D,AREA_C_TO_AREA_D,CA,DA,31_60,high,9_14,Y,U,0,0.59809697,38.42473962843418
49.0,45.9548768,8.385416666666666,4,4,0,0,0,0,0,0,0,2,1,203.25,21.0,85.66,2,1,SPECIAL EQUIPMENT,UPPER VERTEX,LANG_10,Round-Trip,apple,Direct,Direct,Logged-Out,AREA_C,AREA_B,AREA_C_TO_AREA_B,CA,BE,31_60,mid,9_14,Y,O,0,0.44850588,38.419013547897336
59.0,482.7866128,,2,2,0,0,0,0,0,0,0,2,1,-294.25,21.0,81.377,1,1,SPECIAL EQUIPMENT,UPPER APEX,LANG_09,Round-Trip,apple,Direct,Direct,Logged-Out,AREA_C,AREA_C,AREA_C_TO_AREA_C,CA,CA,31_60,very_high,unknown_or_oneway,P,A,0,0.47199342,38.409408258408305
20.0,35.150580999999995,8.26388888888889,1,1,0,0,0,0,0,0,0,4,1,200.41666666666666,20.0,47.0033552,6,0,SPECIAL EQUIPMENT,LOWER ZENITH,LANG_02,Round-Trip,google,Direct,Paid Search,Logged-Out,AREA_C,AREA_B,AREA_C_TO_AREA_B,CE,BO,15_30,mid,9_14,Y,W,0,0.8169509,38.399434144183545
20.0,38.5619905,8.67361111111111,1,1,0,0,0,0,0,0,0,4,1,210.91666666666666,13.0,48.3927604,3,0,SPECIAL EQUIPMENT,NEW MERIDIAN,LANG_10,Round-Trip,google,Direct,Affiliate,Logged-Out,AREA_C,AREA_C,AREA_C_TO_AREA_C,CI,CE,15_30,mid,9_14,Y,T,0,0.79348856,38.399101866188744
34.0,27.3204004,4.513888888888889,2,1,0,1,0,1,0,0,0,2,1,110.33333333333333,13.0,85.66,5,1,SPECIAL EQUIPMENT,UPPER APEX,LANG_09,Round-Trip,apple,Direct,Direct,Logged-Out,AREA_C,AREA_B,AREA_C_TO_AREA_B,CA,BE,31_60,low,3_5,Y,O,0,0.4479595,38.3722118383646
15.0,28.179570200000004,5.739583333333333,1,1,0,0,0,0,0,0,0,2,1,139.66666666666666,19.0,85.66,4,1,SPECIAL EQUIPMENT,UPPER APEX,LANG_02,Round-Trip,apple,Paid Search,Organic Search,Logged-Out,AREA_C,AREA_B,AREA_C_TO_AREA_B,CA,BE,15_30,low,6_8,Y,U,0,0.4477906,38.357742188572885
48.0,85.7944862,7.194444444444445,4,2,0,1,1,1,0,0,0,4,1,175.41666666666666,18.0,42.5695936,3,0,SPECIAL EQUIPMENT,NEW MERIDIAN,LANG_02,Round-Trip,google,Paid Search,Paid Search,Logged-Out,AREA_C,AREA_D,AREA_C_TO_AREA_D,CI,DA,31_60,high,6_8,Y,U,0,0.9006361,38.3397117762886
58.0,60.4057188,4.138888888888889,2,2,0,0,0,0,0,0,0,2,1,101.66666666666667,13.0,72.275625,4,1,SPECIAL EQUIPMENT,UPPER APEX,LANG_09,Round-Trip,google,Paid Search,Paid Search,Logged-Out,AREA_C,AREA_C,AREA_C_TO_AREA_C,CA,CU,31_60,high,3_5,Y,O,0,0.53042334,38.336678643040365
42.0,95.2012391,7.899305555555555,4,2,1,1,0,1,1,0,0,4,1,191.5,17.0,43.2617264,3,0,SPECIAL EQUIPMENT,SOUTH VERTEX,LANG_02,Round-Trip,google,Direct,Paid Search,Logged-Out,AREA_C,AREA_B,AREA_C_TO_AREA_B,CU,BO,31_60,high,6_8,Y,W,0,0.88547885,38.307343922493935
33.0,58.608572,5.517361111111111,2,2,0,0,0,0,0,0,0,2,1,134.41666666666666,12.0,48.18375,3,1,SPECIAL EQUIPMENT,UPPER APEX,LANG_09,Round-Trip,apple,Direct,Email,Logged-Out,AREA_C,AREA_B,AREA_C_TO_AREA_B,CA,BI,31_60,high,6_8,Y,L,0,0.79468703,38.29100131183863
67.0,26.7584708,3.8958333333333335,2,2,0,0,0,0,0,1,1,2,1,95.41666666666667,15.0,85.66,6,1,SPECIAL EQUIPMENT,UPPER APEX,LANG_02,Round-Trip,apple,Direct,Direct,Logged-In,AREA_C,AREA_B,AREA_C_TO_AREA_B,CA,BE,61_120,low,3_5,Y,O,0,0.44697115,38.28754855930805
0.0,453.6305186,6.684027777777778,2,2,0,0,0,0,0,0,0,2,1,165.75,7.0,82.87605,4,0,SPECIAL EQUIPMENT,UPPER APEX,LANG_02,Round-Trip,google,MetaSearches,MetaSearches,Logged-Out,AREA_B,AREA_C,AREA_B_TO_AREA_C,BE,CA,invalid_or_past,very_high,6_8,Y,E,0,0.46127337,38.2285150559038
91.0,72.2730552,4.385416666666667,6,6,0,0,0,0,0,0,0,2,1,107.25,17.0,85.66,6,1,SPECIAL EQUIPMENT,UPPER APEX,LANG_09,Round-Trip,google,Paid Search,Paid Search,Logged-Out,AREA_C,AREA_B,AREA_C_TO_AREA_B,CA,BE,61_120,high,3_5,Y,U,0,0.4462488,38.22567217051983
204.0,271.7332218,9.975694444444445,2,2,0,0,0,0,0,0,0,3,1,245.33333333333334,23.0,82.87605,5,0,SPECIAL EQUIPMENT,UPPER APEX,LANG_09,Round-Trip,google,Paid Search,Paid Search,Logged-Out,AREA_B,AREA_C,AREA_B_TO_AREA_C,BE,CA,120_plus,very_high,9_14,Y,W,0,0.46113935,38.21740792117864
57.0,140.1817334,3.7291666666666665,6,6,0,0,0,0,0,0,0,4,1,92.25,23.0,42.5695936,6,0,SPECIAL EQUIPMENT,NEW MERIDIAN,LANG_02,Round-Trip,google,Direct,Email,Logged-Out,AREA_C,AREA_D,AREA_C_TO_AREA_D,CI,DA,31_60,very_high,3_5,Y,O,0,0.89762396,38.21148702120552
285.0,523.3706076,10.010416666666666,3,3,0,0,0,0,0,0,0,2,1,246.91666666666666,20.0,77.094,5,1,SPECIAL EQUIPMENT,UPPER APEX,LANG_09,Round-Trip,opera,Affiliate,Affiliate,Logged-Out,AREA_C,AREA_B,AREA_C_TO_AREA_B,CA,BU,120_plus,very_high,9_14,Y,L,0,0.49536002,38.18928513693809
20.0,32.4497212,4.513888888888889,2,2,0,0,0,0,0,0,0,2,1,110.33333333333333,16.0,85.66,5,1,SPECIAL EQUIPMENT,UPPER APEX,LANG_09,Round-Trip,mozilla,Direct,Direct,Logged-Out,AREA_C,AREA_B,AREA_C_TO_AREA_B,CA,BE,15_30,low,3_5,Y,U,0,0.44541955,38.15463864803314
174.0,71.260554,6.197916666666667,2,2,0,0,0,0,0,1,0,2,1,152.25,13.0,77.094,4,1,SPECIAL EQUIPMENT,UPPER APEX,LANG_09,Round-Trip,apple,Direct,Direct,Logged-In,AREA_C,AREA_B,AREA_C_TO_AREA_B,CA,BA,120_plus,high,6_8,Y,O,0,0.49489847,38.15370251172781
14.0,70.35212969999999,7.138888888888889,2,2,0,0,0,0,0,1,1,4,1,173.41666666666666,16.0,47.0033552,4,0,SPECIAL EQUIPMENT,GREAT AURORA,LANG_10,Round-Trip,samsung,Direct,Direct,Logged-In,AREA_C,AREA_B,AREA_C_TO_AREA_B,CE,BO,8_14,high,6_8,Y,W,0,0.8116912,38.152210941423704
14.0,27.4043472,7.934027777777778,1,1,0,0,0,0,0,0,0,4,1,191.33333333333334,20.0,48.18375,5,0,SPECIAL EQUIPMENT,UPPER APEX,LANG_09,Round-Trip,mozilla,MetaSearches,MetaSearches,Logged-Out,AREA_C,AREA_B,AREA_C_TO_AREA_B,CA,BI,8_14,low,6_8,Y,U,0,0.79162616,38.14351676411927
91.0,19.8182976,5.284722222222222,1,1,0,0,0,0,0,1,0,2,1,128.75,18.0,85.66,3,1,SPECIAL EQUIPMENT,UPPER APEX,LANG_02,Round-Trip,apple,Direct,Direct,Logged-In,AREA_C,AREA_B,AREA_C_TO_AREA_B,CA,BE,61_120,very_low,6_8,Y,L,0,0.445169,38.13317669570446
44.0,102.1118596,7.041666666666667,1,1,0,0,0,0,0,1,0,4,1,171.75,14.0,43.6746076,3,0,SPECIAL EQUIPMENT,NEW MERIDIAN,LANG_02,Round-Trip,apple,Direct,Direct,Logged-In,AREA_C,AREA_B,AREA_C_TO_AREA_B,CI,BI,31_60,high,6_8,Y,M,0,0.8731015,38.13236422190733
107.0,36.4834506,4.159722222222222,3,3,0,0,0,0,0,0,0,2,1,101.75,16.0,85.66,5,1,SPECIAL EQUIPMENT,UPPER APEX,LANG_09,Round-Trip,google,Paid Search,Organic Search,Logged-Out,AREA_C,AREA_B,AREA_C_TO_AREA_B,CA,BE,61_120,mid,3_5,Y,O,0,0.4449615,38.11540108323097
28.0,18.4764337,4.722222222222222,2,2,0,0,0,0,0,0,0,4,1,116.16666666666667,13.0,48.9683956,6,0,SPECIAL EQUIPMENT,NEW APEX,LANG_02,Round-Trip,google,Direct,Paid Search,Logged-Out,AREA_C,AREA_B,AREA_C_TO_AREA_B,CU,BI,15_30,very_low,3_5,Y,O,0,0.77722967,38.05968979150653
131.0,75.5110032,7.517361111111111,3,3,0,0,0,0,0,1,1,2,1,182.41666666666666,17.0,47.113,2,1,SPECIAL EQUIPMENT,UPPER APEX,LANG_09,Round-Trip,apple,Direct,Direct,Logged-In,AREA_C,AREA_B,AREA_C_TO_AREA_B,CA,BI,120_plus,high,6_8,Y,U,1,0.807368,38.03752766436338
25.0,209.95266,7.072916666666667,1,1,0,0,0,0,0,0,0,4,1,172.08333333333334,11.0,42.7777474,3,0,SPECIAL EQUIPMENT,OLD ZENITH,LANG_02,Round-Trip,google,Direct,Direct,Logged-Out,AREA_B,AREA_B,AREA_B_TO_AREA_B,BU,BI,15_30,very_high,6_8,C,C,0,0.88844943,38.005865314135505
29.0,30.4487036,4.385416666666667,3,3,0,0,0,0,0,0,0,2,1,107.25,11.0,85.66,5,1,SPECIAL EQUIPMENT,UPPER APEX,LANG_09,Round-Trip,google,Direct,Direct,Logged-Out,AREA_C,AREA_B,AREA_C_TO_AREA_B,CA,BE,15_30,low,3_5,Y,O,0,0.4432609,37.969729390144344
69.0,64.5825004,6.517361111111111,2,2,0,0,0,0,0,0,0,2,1,158.41666666666666,16.0,48.18375,3,1,SPECIAL EQUIPMENT,UPPER APEX,LANG_09,Round-Trip,apple,Direct,Direct,Logged-Out,AREA_C,AREA_B,AREA_C_TO_AREA_B,CA,BI,61_120,high,6_8,Y,U,1,0.7876915,37.953929058462386
48.0,461.334779,,5,4,1,0,0,0,1,1,0,2,1,-178.41666666666666,18.0,49.2545,2,1,SPECIAL EQUIPMENT,UPPER APEX,LANG_02,Round-Trip,google,Paid Search,Paid Search,Logged-In,AREA_C,AREA_B,AREA_C_TO_AREA_B,CA,BI,31_60,very_high,unknown_or_oneway,Y,U,0,0.7698714,37.91963154646754
54.0,66.5818048,3.7222222222222223,2,2,0,0,0,0,0,1,0,4,1,92.08333333333333,7.0,48.2539912,4,0,SPECIAL EQUIPMENT,NEW MERIDIAN,LANG_02,Round-Trip,google,Organic Search,Organic Search,Logged-In,AREA_C,AREA_B,AREA_C_TO_AREA_B,CI,BI,31_60,high,3_5,Y,W,0,0.78544694,37.9009498202208
41.0,145.870414,8.197916666666666,2,2,0,0,0,0,0,0,0,2,1,200.25,21.0,77.094,2,1,SPECIAL EQUIPMENT,UPPER APEX,LANG_09,Round-Trip,apple,Paid Search,Paid Search,Logged-Out,AREA_C,AREA_B,AREA_C_TO_AREA_B,CA,BA,31_60,very_high,9_14,Y,T,0,0.49142414,37.885852904677385
12.0,68.9524453,6.381944444444445,2,2,0,0,0,0,0,0,0,4,1,155.08333333333334,13.0,43.0283029,4,0,SPECIAL EQUIPMENT,SOUTH VERTEX,LANG_02,Round-Trip,apple,MetaSearches,MetaSearches,Logged-Out,AREA_C,AREA_B,AREA_C_TO_AREA_B,CU,BI,8_14,high,6_8,Y,U,0,0.88022506,37.87459060384067
137.0,70.1953719,,1,1,0,0,0,0,0,0,0,3,1,-241.16666666666666,21.0,65.0253626,4,1,SPECIAL EQUIPMENT,UPPER APEX,LANG_02,Multi-City,google,Direct,Direct,Logged-Out,AREA_B,AREA_C,AREA_B_TO_AREA_C,BU,CA,120_plus,high,unknown_or_oneway,Y,O,0,0.58238584,37.869850291120635
31.0,231.4336182,7.475694444444445,3,3,0,0,0,0,0,0,0,2,1,182.33333333333334,12.0,50.2841332,2,1,SPECIAL EQUIPMENT,UPPER APEX,LANG_09,Round-Trip,microsoft,Paid Search,Paid Search,Logged-Out,AREA_C,AREA_C,AREA_C_TO_AREA_C,CA,CE,31_60,very_high,6_8,Y,L,0,0.7519553,37.81141899570055
74.0,105.2058988,7.697916666666667,4,2,1,1,0,1,1,1,1,4,1,186.83333333333334,22.0,42.6963704,2,0,SPECIAL EQUIPMENT,LOWER ZENITH,LANG_02,Round-Trip,google,Direct,Direct,Logged-In,AREA_C,AREA_C,AREA_C_TO_AREA_C,CE,CU,61_120,very_high,6_8,Y,U,0,0.8849875,37.78575296739759
31.0,616.9768575,7.065972222222222,3,2,1,0,0,0,1,0,0,2,1,174.58333333333334,9.0,81.377,4,1,SPECIAL EQUIPMENT,UPPER APEX,LANG_09,Round-Trip,samsung,Direct,Direct,Logged-Out,AREA_C,AREA_C,AREA_C_TO_AREA_C,CA,CA,31_60,very_high,6_8,Y,K,0,0.46432778,37.78560194775462
123.0,253.9609133,,3,2,1,0,0,0,1,0,0,2,1,209.33333333333334,15.0,65.0253626,4,1,SPECIAL EQUIPMENT,LOWER VERTEX,LANG_02,Multi-City,google,Paid Search,Paid Search,Logged-Out,AREA_B,AREA_C,AREA_B_TO_AREA_C,BU,CA,120_plus,very_high,unknown_or_oneway,Y,L,0,0.58062494,37.75534712877881
71.0,404.6972436,5.010416666666667,2,2,0,0,0,0,0,0,0,2,1,126.91666666666667,9.0,68.8500816,4,1,SPECIAL EQUIPMENT,UPPER APEX,LANG_09,Round-Trip,google,MetaSearches,MetaSearches,Logged-Out,AREA_C,AREA_B,AREA_C_TO_AREA_B,CA,BU,61_120,very_high,6_8,Y,T,0,0.54832035,37.751901049136066
,111.6166932,7.517361111111111,3,3,0,0,0,0,0,0,0,2,1,182.41666666666666,16.0,42.83,2,1,SPECIAL EQUIPMENT,UPPER APEX,LANG_09,Round-Trip,google,Direct,Direct,Logged-Out,AREA_C,AREA_B,AREA_C_TO_AREA_B,CA,BI,,very_high,6_8,Y,Q,1,0.88137305,37.74920763850212
14.0,109.2768903,4.857638888888889,6,6,0,0,0,0,0,0,0,6,1,119.33333333333333,13.0,42.5695936,5,0,SPECIAL EQUIPMENT,NEW MERIDIAN,LANG_02,Round-Trip,google,Direct,Direct,Logged-Out,AREA_C,AREA_D,AREA_C_TO_AREA_D,CI,DA,8_14,very_high,3_5,Y,L,1,0.8866439,37.74406991904602
75.0,57.3613624,5.517361111111111,2,2,0,0,0,0,0,0,0,2,1,134.41666666666666,8.0,47.113,3,1,SPECIAL EQUIPMENT,UPPER APEX,LANG_09,Round-Trip,google,Direct,MetaSearches,Logged-Out,AREA_C,AREA_B,AREA_C_TO_AREA_B,CA,BI,61_120,high,6_8,Y,L,0,0.80012834,37.696446516394616
144.0,29.9415964,9.854166666666666,2,2,0,0,0,0,0,1,1,2,1,238.41666666666666,15.0,85.66,6,1,SPECIAL EQUIPMENT,UPPER APEX,LANG_02,Round-Trip,google,Direct,Organic Search,Logged-In,AREA_C,AREA_B,AREA_C_TO_AREA_B,CA,BE,120_plus,low,9_14,Y,U,0,0.44006875,37.69628925979137
24.0,53.777348,4.690972222222222,2,1,1,0,0,0,1,0,0,4,1,114.66666666666667,20.0,43.746562,5,0,SPECIAL EQUIPMENT,WEST APEX,LANG_02,Round-Trip,google,Organic Search,Organic Search,Logged-Out,AREA_C,AREA_C,AREA_C_TO_AREA_C,CE,CI,15_30,mid,3_5,Y,V,0,0.86159676,37.69189621744096
61.0,71.7479594,5.729166666666667,2,2,0,0,0,0,0,0,0,4,1,140.25,20.0,42.5695936,4,0,SPECIAL EQUIPMENT,NEW MERIDIAN,LANG_10,Round-Trip,apple,Paid Search,Paid Search,Logged-Out,AREA_C,AREA_D,AREA_C_TO_AREA_D,CI,DA,61_120,high,6_8,Y,L,0,0.8853566,37.6892708681797
21.0,56.08973970000001,,2,2,0,0,0,0,0,0,0,2,1,-48.833333333333336,16.0,85.66,5,1,SPECIAL EQUIPMENT,UPPER MERIDIAN,LANG_02,Round-Trip,google,Direct,Direct,Logged-Out,AREA_C,AREA_B,AREA_C_TO_AREA_B,CA,BE,15_30,high,unknown_or_oneway,Y,S,0,0.43977767,37.671355408430095
28.0,64.0171444,4.385416666666667,1,1,0,0,0,0,0,0,0,2,1,107.25,21.0,85.66,5,1,SPECIAL EQUIPMENT,UPPER APEX,LANG_09,Round-Trip,google,Organic Search,Organic Search,Logged-Out,AREA_C,AREA_B,AREA_C_TO_AREA_B,CA,BE,15_30,high,3_5,Y,Q,0,0.43976653,37.670400636196135
157.0,409.3408722,11.0,2,2,0,0,0,0,0,0,0,2,1,271.25,9.0,77.094,4,1,SPECIAL EQUIPMENT,NEW ZENITH,LANG_02,Round-Trip,apple,Direct,Direct,Logged-Out,AREA_C,AREA_B,AREA_C_TO_AREA_B,CA,BU,120_plus,very_high,9_14,Y,V,0,0.48819506,37.63691008543968
111.0,86.1298451,8.753472222222221,2,2,0,0,0,0,0,0,0,4,1,211.66666666666666,11.0,42.6021444,5,0,SPECIAL EQUIPMENT,EAST VERTEX,LANG_02,Round-Trip,apple,Direct,Direct,Logged-Out,AREA_B,AREA_B,AREA_B_TO_AREA_B,BI,BI,61_120,high,9_14,Y,V,0,0.88242203,37.59307074261153
41.0,90.0509316,8.20138888888889,2,2,0,0,0,0,0,0,0,2,1,200.33333333333334,1.0,77.094,2,1,SPECIAL EQUIPMENT,UPPER APEX,LANG_02,Round-Trip,microsoft,Paid Search,Organic Search,Logged-Out,AREA_C,AREA_B,AREA_C_TO_AREA_B,CA,BA,31_60,high,9_14,Y,W,0,0.4872706,37.56563914632797
0.0,40.1796796,6.138888888888889,1,1,0,0,0,0,0,1,0,2,1,149.66666666666666,13.0,72.275625,4,1,SPECIAL EQUIPMENT,UPPER APEX,LANG_09,Round-Trip,apple,Paid Search,Organic Search,Logged-In,AREA_C,AREA_C,AREA_C_TO_AREA_C,CA,CU,invalid_or_past,mid,6_8,Y,V,0,0.5197505,37.56529048852623
8.0,32.313521800000004,6.159722222222222,1,1,0,0,0,0,0,0,0,2,1,149.75,23.0,85.66,5,1,SPECIAL EQUIPMENT,UPPER APEX,LANG_02,Round-Trip,apple,Direct,Direct,Logged-Out,AREA_C,AREA_B,AREA_C_TO_AREA_B,CA,BE,8_14,low,6_8,Y,W,0,0.43800303,37.51933984100818
27.0,35.2478051,5.263888888888889,1,1,0,0,0,0,0,0,0,4,1,128.41666666666666,12.0,47.0033552,4,0,SPECIAL EQUIPMENT,LOWER ZENITH,LANG_02,Round-Trip,google,Paid Search,Paid Search,Logged-Out,AREA_C,AREA_B,AREA_C_TO_AREA_B,CE,BO,15_30,mid,6_8,Y,W,0,0.7969618,37.459877831230166
47.0,122.2993518,7.319444444444445,1,1,0,0,0,0,0,1,1,2,1,191.83333333333334,20.0,57.8205,1,1,SPECIAL EQUIPMENT,UPPER APEX,LANG_02,Round-Trip,apple,Organic Search,Email,Logged-In,AREA_C,AREA_B,AREA_C_TO_AREA_B,CA,BO,31_60,very_high,6_8,Y,L,0,0.64601284,37.35278556874395
180.0,503.5934268,,3,2,1,0,0,0,1,0,0,2,1,-193.75,8.0,68.8500816,2,1,SPECIAL EQUIPMENT,UPPER APEX,LANG_09,Round-Trip,apple,Direct,Direct,Logged-Out,AREA_C,AREA_B,AREA_C_TO_AREA_B,CA,BU,120_plus,very_high,unknown_or_oneway,Y,W,0,0.5423456,37.34053767516603
87.0,1058.7370416,8.010416666666666,6,4,2,0,0,0,1,0,0,2,1,198.91666666666666,19.0,68.8500816,1,1,SPECIAL EQUIPMENT,UPPER APEX,LANG_09,Round-Trip,mozilla,Paid Search,Paid Search,Logged-Out,AREA_C,AREA_B,AREA_C_TO_AREA_B,CA,BU,61_120,very_high,9_14,Y,V,0,0.5423456,37.34053767516603
102.0,29.4087912,4.385416666666667,2,2,0,0,0,0,0,1,0,2,1,107.25,13.0,85.66,5,1,SPECIAL EQUIPMENT,UPPER APEX,LANG_09,Round-Trip,google,Internal,Organic Search,Logged-In,AREA_C,AREA_B,AREA_C_TO_AREA_B,CA,BE,61_120,low,3_5,Y,O,0,0.43563488,37.31648392856121
25.0,92.594177,,1,1,0,0,0,0,0,0,0,1,0,2.75,15.0,60.107622,3,1,SPECIAL EQUIPMENT,UPPER APEX,LANG_02,One-Way,google,Email,MetaSearches,Logged-Out,AREA_C,AREA_C,AREA_C_TO_AREA_C,CA,CI,15_30,high,unknown_or_oneway,C,D,0,0.6201752,37.27725546268737
62.0,34.812224,4.326388888888889,1,1,0,0,0,0,0,0,0,4,1,105.91666666666667,9.0,47.0033552,6,0,SPECIAL EQUIPMENT,LOWER ZENITH,LANG_02,Round-Trip,google,Paid Search,Paid Search,Logged-Out,AREA_C,AREA_B,AREA_C_TO_AREA_B,CE,BO,61_120,mid,3_5,Y,O,0,0.7929294,37.27034275067864
54.0,109.1685304,7.517361111111111,2,2,0,0,0,0,0,1,0,2,1,182.41666666666666,16.0,47.113,3,1,SPECIAL EQUIPMENT,UPPER APEX,LANG_09,Round-Trip,apple,Direct,MetaSearches,Logged-In,AREA_C,AREA_B,AREA_C_TO_AREA_B,CA,BI,31_60,very_high,6_8,Y,Q,0,0.7908365,37.25868063896895
205.0,64.1576268,10.052083333333334,3,3,0,0,0,0,0,0,0,2,1,243.58333333333334,9.0,72.275625,6,1,SPECIAL EQUIPMENT,SOUTH AURORA,LANG_02,Round-Trip,microsoft,Direct,Direct,Logged-Out,AREA_C,AREA_C,AREA_C_TO_AREA_C,CA,CU,120_plus,high,9_14,Y,O,0,0.51549494,37.25771916545928
188.0,318.6483472,7.892361111111111,2,2,0,0,0,0,0,0,0,2,1,196.66666666666666,17.0,68.8500816,1,1,SPECIAL EQUIPMENT,UPPER APEX,LANG_09,Round-Trip,microsoft,Direct,Paid Search,Logged-Out,AREA_C,AREA_B,AREA_C_TO_AREA_B,CA,BU,120_plus,very_high,6_8,Y,W,0,0.54106474,37.25235144668197
185.0,301.4649512,7.892361111111111,2,2,0,0,0,0,0,0,0,2,1,196.66666666666666,22.0,68.8500816,2,1,SPECIAL EQUIPMENT,UPPER APEX,LANG_09,Round-Trip,apple,MetaSearches,MetaSearches,Logged-Out,AREA_C,AREA_B,AREA_C_TO_AREA_B,CA,BU,120_plus,very_high,6_8,Y,W,0,0.54106474,37.25235144668197
17.0,36.9956974,,1,1,0,0,0,0,0,0,0,2,1,-67.41666666666667,8.0,85.66,1,1,SPECIAL EQUIPMENT,UPPER APEX,LANG_09,Round-Trip,microsoft,MetaSearches,MetaSearches,Logged-Out,AREA_C,AREA_B,AREA_C_TO_AREA_B,CA,BE,15_30,mid,unknown_or_oneway,Y,L,0,0.43485254,37.24946861863136
56.0,38.0604512,4.159722222222222,2,2,0,0,0,0,0,1,0,2,1,101.75,17.0,85.66,4,1,SPECIAL EQUIPMENT,UPPER APEX,LANG_09,Round-Trip,apple,Direct,Direct,Logged-In,AREA_C,AREA_B,AREA_C_TO_AREA_B,CA,BE,31_60,mid,3_5,Y,W,0,0.4342765,37.200124253630634
12.0,50.224171199999994,4.385416666666667,4,4,0,0,0,0,0,0,0,2,1,107.25,18.0,85.66,6,1,SPECIAL EQUIPMENT,UPPER APEX,LANG_09,Round-Trip,apple,Paid Search,Paid Search,Logged-Out,AREA_C,AREA_B,AREA_C_TO_AREA_B,CA,BE,8_14,mid,3_5,Y,O,0,0.4342049,37.19399226725101
36.0,45.4786072,6.197916666666667,2,2,0,0,0,0,0,1,1,2,1,152.25,12.0,77.094,4,1,SPECIAL EQUIPMENT,UPPER APEX,LANG_09,Round-Trip,google,Direct,Paid Search,Logged-In,AREA_C,AREA_B,AREA_C_TO_AREA_B,CA,BA,31_60,mid,6_8,Y,O,0,0.4824425,37.19342195677757
27.0,145.4738082,7.475694444444445,2,2,0,0,0,0,0,0,0,2,1,182.33333333333334,20.0,50.2841332,5,1,SPECIAL EQUIPMENT,UPPER APEX,LANG_09,Round-Trip,google,Paid Search,Paid Search,Logged-Out,AREA_C,AREA_C,AREA_C_TO_AREA_C,CA,CE,15_30,very_high,6_8,Y,L,0,0.73894066,37.15699038250949
20.0,33.5106203,7.288194444444445,1,1,0,0,0,0,0,0,0,2,1,176.83333333333334,10.0,85.66,2,1,SPECIAL EQUIPMENT,WEST APEX,LANG_02,Round-Trip,google,MetaSearches,MetaSearches,Logged-Out,AREA_C,AREA_B,AREA_C_TO_AREA_B,CA,BE,15_30,low,6_8,Y,U,0,0.43359992,37.14216906845569
100.0,283.513185,7.399305555555555,3,3,0,0,0,0,0,1,0,2,1,181.41666666666666,15.0,50.2841332,5,1,SPECIAL EQUIPMENT,UPPER APEX,LANG_09,Round-Trip,opera,Internal,MetaSearches,Logged-In,AREA_C,AREA_C,AREA_C_TO_AREA_C,CA,CE,61_120,very_high,6_8,Y,V,0,0.73862654,37.14119530769112
111.0,361.78501,7.427083333333333,4,4,0,0,0,0,0,0,0,2,1,182.08333333333334,21.0,50.2841332,5,1,SPECIAL EQUIPMENT,UPPER APEX,LANG_09,Round-Trip,microsoft,Email,Organic Search,Logged-Out,AREA_C,AREA_C,AREA_C_TO_AREA_C,CA,CE,61_120,very_high,6_8,Y,V,0,0.73862654,37.14119530769112
2.0,61.765999599999994,1.3923611111111112,1,1,0,0,0,0,0,0,0,4,1,36.083333333333336,14.0,87.2464232,5,0,SPECIAL EQUIPMENT,NEW MERIDIAN,LANG_02,Round-Trip,google,MetaSearches,Paid Search,Logged-Out,AREA_C,AREA_C,AREA_C_TO_AREA_C,CI,CI,0_3,high,1_2,Y,T,0,0.42549074,37.12254490461111
164.0,149.3507798,7.361111111111111,2,2,0,0,0,0,0,1,0,2,1,191.83333333333334,10.0,57.8205,2,1,SPECIAL EQUIPMENT,UPPER APEX,LANG_09,Round-Trip,apple,Direct,Direct,Logged-In,AREA_C,AREA_B,AREA_C_TO_AREA_B,CA,BO,120_plus,very_high,6_8,Y,O,0,0.641755,37.10659410184622
64.0,96.290406,10.197916666666666,2,2,0,0,0,0,0,0,0,2,1,248.25,17.0,77.094,2,1,SPECIAL EQUIPMENT,UPPER APEX,LANG_09,Round-Trip,apple,Direct,Direct,Logged-Out,AREA_C,AREA_B,AREA_C_TO_AREA_B,CA,BA,61_120,high,9_14,Y,O,0,0.48077917,37.0651894083023
32.0,51.1403049,4.729166666666667,4,4,0,0,0,0,0,1,1,4,1,116.25,10.0,42.5695936,4,0,SPECIAL EQUIPMENT,NEW MERIDIAN,LANG_02,Round-Trip,google,MetaSearches,MetaSearches,Logged-In,AREA_C,AREA_D,AREA_C_TO_AREA_D,CI,DA,31_60,mid,3_5,Y,O,0,0.86969066,37.02237781181793
19.0,39.1089296,8.479166666666666,1,1,0,0,0,0,0,0,0,2,1,205.16666666666666,17.0,59.962,6,1,SPECIAL EQUIPMENT,UPPER APEX,LANG_09,Round-Trip,microsoft,Direct,Direct,Logged-Out,AREA_C,AREA_C,AREA_C_TO_AREA_C,CA,CU,15_30,mid,9_14,Y,U,0,0.6169712,36.99482677924633
4.0,41.5339642,3.7222222222222223,2,2,0,0,0,0,0,1,0,4,1,92.08333333333333,23.0,48.9581164,6,0,SPECIAL EQUIPMENT,NEW MERIDIAN,LANG_02,Round-Trip,google,Direct,Direct,Logged-In,AREA_C,AREA_C,AREA_C_TO_AREA_C,CI,CI,4_7,mid,3_5,Y,U,0,0.75558174,36.9918586084456
66.0,924.7887864,7.458333333333333,9,9,0,0,0,0,0,0,0,2,1,182.83333333333334,16.0,50.2841332,5,1,SPECIAL EQUIPMENT,UPPER APEX,LANG_09,Round-Trip,microsoft,Paid Search,Paid Search,Logged-Out,AREA_C,AREA_C,AREA_C_TO_AREA_C,CA,CE,61_120,very_high,6_8,Y,W,0,0.73540103,36.97900356693282
66.0,719.2801672,7.458333333333333,7,7,0,0,0,0,0,0,0,2,1,182.83333333333334,17.0,50.2841332,5,1,SPECIAL EQUIPMENT,UPPER APEX,LANG_09,Round-Trip,microsoft,Paid Search,Paid Search,Logged-Out,AREA_C,AREA_C,AREA_C_TO_AREA_C,CA,CE,61_120,very_high,6_8,Y,W,0,0.73540103,36.97900356693282
1.0,41.5943545,0.6909722222222222,1,1,0,0,0,0,0,0,0,4,1,18.666666666666668,10.0,93.58355,3,0,SPECIAL EQUIPMENT,SOUTH HORIZON,LANG_02,Round-Trip,apple,Direct,MetaSearches,Logged-Out,AREA_C,AREA_C,AREA_C_TO_AREA_C,CE,CI,0_3,mid,1_2,Y,K,0,0.39479882,36.94667466692626
141.0,86.7547348,12.104166666666666,2,2,0,0,0,0,0,1,0,2,1,292.0833333333333,16.0,64.245,2,1,SPECIAL EQUIPMENT,UPPER APEX,LANG_09,Round-Trip,microsoft,Organic Search,Organic Search,Logged-In,AREA_C,AREA_D,AREA_C_TO_AREA_D,CA,DA,120_plus,high,9_14,Y,O,0,0.57476974,36.926081646680835
23.0,28.01082,8.59375,1,1,0,0,0,0,0,0,0,2,1,208.16666666666666,17.0,85.66,6,1,SPECIAL EQUIPMENT,SOUTH HORIZON,LANG_02,Round-Trip,apple,Direct,Direct,Logged-Out,AREA_C,AREA_B,AREA_C_TO_AREA_B,CA,BE,15_30,low,9_14,Y,U,0,0.43104142,36.92300799489021
191.0,107.8733512,5.503472222222222,4,4,0,0,0,0,0,1,0,2,1,134.25,11.0,46.9442498,3,1,SPECIAL EQUIPMENT,UPPER APEX,LANG_09,Round-Trip,microsoft,Direct,Direct,Logged-In,AREA_C,AREA_C,AREA_C_TO_AREA_C,CA,CI,120_plus,very_high,6_8,Y,L,0,0.78593457,36.89510866089709
22.0,39.652014,10.447916666666666,2,2,0,0,0,0,0,0,0,2,1,252.66666666666666,20.0,85.66,3,1,SPECIAL EQUIPMENT,UPPER APEX,LANG_09,Round-Trip,google,Paid Search,Organic Search,Logged-Out,AREA_C,AREA_B,AREA_C_TO_AREA_B,CA,BE,15_30,mid,9_14,Y,L,0,0.4306693,36.89113289833069
24.0,145.0981891,4.673611111111111,2,2,0,0,0,0,0,0,0,4,1,114.91666666666667,21.0,42.4856468,4,0,SPECIAL EQUIPMENT,NEW MERIDIAN,LANG_02,Round-Trip,google,Paid Search,Paid Search,Logged-Out,AREA_C,AREA_C,AREA_C_TO_AREA_C,CI,CE,15_30,very_high,3_5,Y,K,1,0.86765534,36.86289818583481
44.0,52.6492058,6.128472222222222,1,1,0,0,0,0,0,0,0,2,1,149.25,21.0,49.2545,4,1,SPECIAL EQUIPMENT,UPPER APEX,LANG_09,Round-Trip,apple,Direct,Paid Search,Logged-Out,AREA_C,AREA_B,AREA_C_TO_AREA_B,CA,BI,31_60,mid,6_8,Y,T,0,0.74825704,36.85502642482519
110.0,48.5075448,5.204861111111111,1,1,0,0,0,0,0,1,0,2,1,128.41666666666666,13.0,77.094,4,1,SPECIAL EQUIPMENT,UPPER APEX,LANG_02,Round-Trip,google,MetaSearches,MetaSearches,Logged-In,AREA_C,AREA_B,AREA_C_TO_AREA_B,CA,BA,61_120,mid,6_8,Y,S,0,0.47795644,36.8475740956664
183.0,49.5997098,5.204861111111111,1,1,0,0,0,0,0,1,1,2,1,128.41666666666666,11.0,77.094,4,1,SPECIAL EQUIPMENT,UPPER APEX,LANG_02,Round-Trip,apple,Paid Search,MetaSearches,Logged-In,AREA_C,AREA_B,AREA_C_TO_AREA_B,CA,BA,120_plus,mid,6_8,Y,T,0,0.47795644,36.8475740956664
124.0,349.6743992,10.0,2,2,0,0,0,0,0,0,0,2,1,247.25,13.0,77.094,5,1,SPECIAL EQUIPMENT,UPPER APEX,LANG_09,Round-Trip,google,Direct,Direct,Logged-Out,AREA_C,AREA_B,AREA_C_TO_AREA_B,CA,BU,120_plus,very_high,9_14,Y,W,0,0.47762114,36.8217240203619
24.0,79.81498990000001,4.673611111111111,2,2,0,0,0,0,0,1,0,4,1,114.91666666666667,3.0,42.6963704,4,0,SPECIAL EQUIPMENT,NEW MERIDIAN,LANG_02,Round-Trip,google,Internal,Internal,Logged-In,AREA_C,AREA_C,AREA_C_TO_AREA_C,CI,CE,15_30,high,3_5,Y,U,0,0.86227804,36.81614276396632
1.0,86.9688848,3.5104166666666665,2,2,0,0,0,0,0,0,0,2,1,85.83333333333333,20.0,64.245,5,1,SPECIAL EQUIPMENT,UPPER APEX,LANG_09,Round-Trip,apple,Direct,Paid Search,Logged-Out,AREA_C,AREA_D,AREA_C_TO_AREA_D,CA,DA,0_3,high,3_5,Y,V,0,0.5729537,36.809410521984105
203.0,42.7940228,5.513888888888889,2,2,0,0,0,0,0,0,0,2,1,134.25,21.0,47.113,3,1,SPECIAL EQUIPMENT,UPPER APEX,LANG_09,Round-Trip,apple,Direct,Direct,Logged-Out,AREA_C,AREA_B,AREA_C_TO_AREA_B,CA,BI,120_plus,mid,6_8,Y,U,0,0.7811688,36.80320654475689
51.0,49.6374002,7.517361111111111,1,1,0,0,0,0,0,1,0,2,1,182.58333333333334,12.0,45.5599842,6,1,SPECIAL EQUIPMENT,UPPER APEX,LANG_09,Round-Trip,mozilla,Direct,Email,Logged-In,AREA_C,AREA_B,AREA_C_TO_AREA_B,CA,BI,31_60,mid,6_8,Y,V,0,0.8077909,36.8029395217171
272.0,143.900234,7.475694444444445,2,2,0,0,0,0,0,1,1,2,1,182.25,18.0,50.2841332,5,1,SPECIAL EQUIPMENT,UPPER APEX,LANG_09,Round-Trip,google,Paid Search,Paid Search,Logged-In,AREA_C,AREA_C,AREA_C_TO_AREA_C,CA,CE,120_plus,very_high,6_8,Y,L,0,0.73021555,36.71825595421009
175.0,135.5252558,6.746527777777778,2,2,0,0,0,0,0,0,0,2,1,165.75,12.0,50.2841332,4,1,SPECIAL EQUIPMENT,UPPER APEX,LANG_09,Round-Trip,mozilla,Direct,Email,Logged-Out,AREA_C,AREA_C,AREA_C_TO_AREA_C,CA,CE,120_plus,very_high,6_8,Y,L,0,0.73021555,36.71825595421009
258.0,166.1855396,7.434027777777778,2,2,0,0,0,0,0,1,0,2,1,182.25,16.0,50.2841332,5,1,SPECIAL EQUIPMENT,UPPER APEX,LANG_09,Round-Trip,google,Paid Search,Paid Search,Logged-In,AREA_C,AREA_C,AREA_C_TO_AREA_C,CA,CE,120_plus,very_high,6_8,Y,L,0,0.73021555,36.71825595421009
135.0,182.8121456,2.1319444444444446,1,1,0,0,0,0,0,0,0,6,1,70.75,21.0,76.224551,5,0,SPECIAL EQUIPMENT,NORTH ZENITH,LANG_06,Round-Trip,google,Paid Search,Paid Search,Logged-Out,AREA_C,AREA_B,AREA_C_TO_AREA_B,CI,BU,120_plus,very_high,3_5,Y,L,0,0.48146084,36.699136315730065
260.0,226.1244114,,1,1,0,0,0,0,0,0,0,2,1,-339.4166666666667,10.0,77.094,5,1,SPECIAL EQUIPMENT,UPPER APEX,LANG_09,Round-Trip,google,MetaSearches,MetaSearches,Logged-Out,AREA_C,AREA_B,AREA_C_TO_AREA_B,CA,BU,120_plus,very_high,unknown_or_oneway,Y,Q,0,0.47531107,36.64363168305158
16.0,33.9521976,4.753472222222222,1,1,0,0,0,0,0,0,0,2,1,116.0,11.0,85.66,4,1,SPECIAL EQUIPMENT,UPPER APEX,LANG_02,Round-Trip,google,Direct,Direct,Logged-Out,AREA_C,AREA_B,AREA_C_TO_AREA_B,CA,BE,15_30,low,3_5,Y,L,0,0.42741922,36.61272999465466
33.0,29.443055200000003,4.385416666666667,2,2,0,0,0,0,0,0,0,2,1,107.25,21.0,85.66,3,1,SPECIAL EQUIPMENT,UPPER APEX,LANG_09,Round-Trip,apple,Direct,Direct,Logged-Out,AREA_C,AREA_B,AREA_C_TO_AREA_B,CA,BE,31_60,low,3_5,Y,O,0,0.42737213,36.6086964648962
74.0,300.383922,8.010416666666666,2,2,0,0,0,0,0,1,0,2,1,198.91666666666666,20.0,68.8500816,1,1,SPECIAL EQUIPMENT,UPPER APEX,LANG_09,Round-Trip,apple,Direct,Email,Logged-In,AREA_C,AREA_B,AREA_C_TO_AREA_B,CA,BU,61_120,very_high,9_14,Y,L,0,0.5316236,36.60232837222709
42.0,223.9220928,9.065972222222221,2,2,0,0,0,0,0,0,0,2,1,222.58333333333334,13.0,81.377,2,1,SPECIAL EQUIPMENT,UPPER APEX,LANG_09,Round-Trip,google,Email,Email,Logged-Out,AREA_C,AREA_C,AREA_C_TO_AREA_C,CA,CA,31_60,very_high,9_14,Y,U,0,0.4496682,36.59264901569485
94.0,185.2752989,6.878472222222222,2,2,0,0,0,0,0,0,0,4,1,167.0,21.0,42.157569,4,0,SPECIAL EQUIPMENT,SOUTH HORIZON,LANG_02,Round-Trip,apple,Direct,Direct,Logged-Out,AREA_C,AREA_C,AREA_C_TO_AREA_C,CA,CE,61_120,very_high,6_8,Y,T,0,0.86737335,36.56635173681915
0.0,33.1786878,6.513888888888889,1,1,0,0,0,0,0,0,0,2,1,158.33333333333334,20.0,85.66,3,1,SPECIAL EQUIPMENT,UPPER APEX,LANG_02,Round-Trip,opera,Paid Search,Paid Search,Logged-Out,AREA_C,AREA_B,AREA_C_TO_AREA_B,CA,BE,invalid_or_past,low,6_8,Y,V,0,0.42677638,36.55766465485096
3.0,78.7108325,5.263888888888889,1,1,0,0,0,0,0,0,0,4,1,128.41666666666666,15.0,47.0033552,6,0,SPECIAL EQUIPMENT,UPPER VERTEX,LANG_02,Round-Trip,apple,Direct,Direct,Logged-Out,AREA_C,AREA_B,AREA_C_TO_AREA_B,CE,BO,0_3,high,6_8,Y,T,0,0.777526,36.54633174248066
104.0,42.735774,4.284722222222222,3,3,0,0,0,0,0,0,0,2,1,104.75,23.0,85.66,6,1,SPECIAL EQUIPMENT,UPPER APEX,LANG_09,Round-Trip,apple,MetaSearches,MetaSearches,Logged-Out,AREA_C,AREA_B,AREA_C_TO_AREA_B,CA,BE,61_120,mid,3_5,Y,O,0,0.4264384,36.52871259093285
118.0,36.157086,4.15625,2,2,0,0,0,0,0,0,0,2,1,101.66666666666667,12.0,85.66,4,1,SPECIAL EQUIPMENT,UPPER APEX,LANG_09,Round-Trip,google,Direct,Paid Search,Logged-Out,AREA_C,AREA_B,AREA_C_TO_AREA_B,CA,BE,61_120,mid,3_5,Y,O,0,0.42640623,36.52595804750919
29.0,305.4027414,7.517361111111111,6,3,1,2,0,1,1,0,1,2,1,182.58333333333334,17.0,43.2583,6,1,SPECIAL EQUIPMENT,UPPER APEX,LANG_09,Round-Trip,apple,Direct,Direct,Logged-Out,AREA_C,AREA_B,AREA_C_TO_AREA_B,CA,BI,15_30,very_high,6_8,Y,V,0,0.84371436,36.497648744428155
13.0,99.0503712,4.125,4,4,0,0,0,0,0,0,0,2,1,101.0,15.0,85.66,4,1,SPECIAL EQUIPMENT,UPPER APEX,LANG_09,Round-Trip,samsung,Affiliate,Email,Logged-Out,AREA_C,AREA_B,AREA_C_TO_AREA_B,CA,BE,8_14,high,3_5,Y,W,0,0.42587027,36.48004728853702
0.0,86.1294168,4.892361111111111,3,2,0,0,1,1,0,0,0,4,1,119.33333333333333,11.0,46.9194084,3,0,SPECIAL EQUIPMENT,SOUTH VERTEX,LANG_09,Round-Trip,google,MetaSearches,Paid Search,Logged-Out,AREA_C,AREA_C,AREA_C_TO_AREA_C,CU,CE,invalid_or_past,high,3_5,Y,S,0,0.7769996,36.456361220328574
116.0,27.7821078,4.284722222222222,3,3,0,0,0,0,0,0,0,2,1,104.75,14.0,85.66,6,1,SPECIAL EQUIPMENT,UPPER APEX,LANG_02,Round-Trip,google,MetaSearches,MetaSearches,Logged-Out,AREA_C,AREA_B,AREA_C_TO_AREA_B,CA,BE,61_120,low,3_5,Y,O,0,0.42541763,36.44127434551716
131.0,202.35633120000003,7.513888888888889,3,3,0,0,0,0,0,0,0,2,1,182.41666666666666,19.0,47.113,2,1,SPECIAL EQUIPMENT,UPPER APEX,LANG_09,Round-Trip,apple,Direct,Paid Search,Logged-Out,AREA_C,AREA_C,AREA_C_TO_AREA_C,CA,CI,120_plus,very_high,6_8,Y,Q,1,0.7728652,36.41199704635143
100.0,33.8502622,10.510416666666666,1,1,0,0,0,0,0,0,0,2,1,253.83333333333334,21.0,64.245,2,1,SPECIAL EQUIPMENT,UPPER APEX,LANG_02,Round-Trip,samsung,Organic Search,Paid Search,Logged-Out,AREA_C,AREA_D,AREA_C_TO_AREA_D,CA,DA,61_120,low,9_14,Y,O,0,0.56612164,36.37048462182284
118.0,105.5395445,6.25,2,2,0,0,0,0,0,0,0,4,1,151.0,21.0,42.3091872,4,0,SPECIAL EQUIPMENT,NEW MERIDIAN,LANG_02,Round-Trip,microsoft,Email,Email,Logged-Out,AREA_C,AREA_B,AREA_C_TO_AREA_B,CI,BO,61_120,very_high,6_8,Y,V,1,0.8594963,36.364589661990166
7.0,47.7438859,3.701388888888889,1,1,0,0,0,0,0,0,0,4,1,90.91666666666667,11.0,47.9087814,6,0,SPECIAL EQUIPMENT,SOUTH HORIZON,LANG_02,Round-Trip,google,Paid Search,Paid Search,Logged-Out,AREA_C,AREA_B,AREA_C_TO_AREA_B,CE,BI,4_7,mid,3_5,Y,S,0,0.75856304,36.34183094230213
67.0,200.5351996,,1,1,0,0,0,0,0,1,0,2,1,-397.8333333333333,19.0,77.094,5,1,SPECIAL EQUIPMENT,UPPER APEX,LANG_09,Round-Trip,google,Paid Search,Paid Search,Logged-In,AREA_C,AREA_B,AREA_C_TO_AREA_B,CA,BU,61_120,very_high,unknown_or_oneway,Y,T,0,0.47116274,36.32382000124454
200.0,139.8793536,7.204861111111111,2,2,0,0,0,0,0,0,0,2,1,176.41666666666666,19.0,77.094,6,1,SPECIAL EQUIPMENT,UPPER APEX,LANG_09,Round-Trip,google,Direct,Paid Search,Logged-Out,AREA_C,AREA_B,AREA_C_TO_AREA_B,CA,BA,120_plus,very_high,6_8,Y,K,0,0.47108698,36.31797955226898
32.0,114.2712966,7.517361111111111,2,2,0,0,0,0,0,0,0,2,1,182.5,18.0,42.83,6,1,SPECIAL EQUIPMENT,UPPER APEX,LANG_09,Round-Trip,apple,Direct,Direct,Logged-Out,AREA_C,AREA_B,AREA_C_TO_AREA_B,CA,BI,31_60,very_high,6_8,Y,L,1,0.8469305,36.27403347969055
76.0,52.35196560000001,3.513888888888889,4,4,0,0,0,0,0,0,0,2,1,86.33333333333333,18.0,85.66,6,1,SPECIAL EQUIPMENT,UPPER APEX,LANG_09,Round-Trip,google,MetaSearches,MetaSearches,Logged-Out,AREA_C,AREA_B,AREA_C_TO_AREA_B,CA,BE,61_120,mid,3_5,Y,O,0,0.42326987,36.257296884059905
182.0,39.0421148,5.197916666666667,1,1,0,0,0,0,0,0,0,2,1,128.25,15.0,77.094,4,1,SPECIAL EQUIPMENT,UPPER APEX,LANG_09,Round-Trip,google,Direct,Direct,Logged-Out,AREA_C,AREA_B,AREA_C_TO_AREA_B,CA,BA,120_plus,mid,6_8,Y,U,0,0.46997255,36.23206383669376
79.0,45.3561134,5.517361111111111,1,1,0,0,0,0,0,0,0,2,1,134.5,9.0,47.113,3,1,SPECIAL EQUIPMENT,UPPER APEX,LANG_09,Round-Trip,microsoft,Paid MetaSearches,Paid MetaSearches,Logged-Out,AREA_C,AREA_B,AREA_C_TO_AREA_B,CA,BI,61_120,mid,6_8,Y,L,0,0.76835626,36.19956864875555
75.0,32.9474058,7.128472222222222,1,1,0,0,0,0,0,0,0,2,1,173.25,22.0,47.113,3,1,SPECIAL EQUIPMENT,UPPER APEX,LANG_02,Round-Trip,google,Organic Search,Organic Search,Logged-Out,AREA_C,AREA_B,AREA_C_TO_AREA_B,CA,BI,61_120,low,6_8,Y,L,0,0.76835626,36.19956864875555
33.0,92.015972,8.197916666666666,2,2,0,0,0,0,0,0,0,2,1,200.25,22.0,77.094,2,1,SPECIAL EQUIPMENT,UPPER APEX,LANG_09,Round-Trip,google,Direct,Direct,Logged-Out,AREA_C,AREA_B,AREA_C_TO_AREA_B,CA,BA,31_60,high,9_14,Y,O,0,0.46952912,36.19787814027071
36.0,19.1522911,7.347222222222222,1,1,0,0,0,0,0,0,0,4,1,179.16666666666666,23.0,48.9683956,6,0,SPECIAL EQUIPMENT,NEW APEX,LANG_02,Round-Trip,google,Direct,Direct,Logged-Out,AREA_C,AREA_B,AREA_C_TO_AREA_B,CU,BI,31_60,very_low,6_8,Y,O,0,0.73879063,36.177391898790596
22.0,46.112491199999994,7.513888888888889,1,1,0,0,0,0,0,1,1,2,1,182.33333333333334,17.0,85.66,1,1,SPECIAL EQUIPMENT,UPPER MERIDIAN,LANG_02,Round-Trip,apple,Direct,Email,Logged-In,AREA_C,AREA_B,AREA_C_TO_AREA_B,CA,BE,15_30,mid,6_8,Y,U,0,0.42225325,36.17021348714828
4.0,46.4097314,11.930555555555555,1,1,0,0,0,0,0,0,0,4,1,287.3333333333333,11.0,49.2545,6,0,SPECIAL EQUIPMENT,NORTH HORIZON,LANG_04,Round-Trip,google,Paid Search,Paid Search,Logged-Out,AREA_B,AREA_C,AREA_B_TO_AREA_C,BE,CU,4_7,mid,9_14,Y,S,0,0.73344237,36.12533702221513
30.0,40.6152607,,2,2,0,0,0,0,0,0,0,1,0,2.6666666666666665,6.0,60.107622,5,1,SPECIAL EQUIPMENT,UPPER APEX,LANG_02,One-Way,google,MetaSearches,MetaSearches,Logged-Out,AREA_C,AREA_C,AREA_C_TO_AREA_C,CA,CI,15_30,mid,unknown_or_oneway,Y,L,0,0.600801,36.112718867760655
75.0,66.7514116,8.128472222222221,2,2,0,0,0,0,0,0,0,2,1,197.25,23.0,47.113,2,1,SPECIAL EQUIPMENT,UPPER APEX,LANG_09,Round-Trip,microsoft,Paid Search,Paid Search,Logged-Out,AREA_C,AREA_B,AREA_C_TO_AREA_B,CA,BI,61_120,high,9_14,Y,L,0,0.76606727,36.09172712492943
26.0,56.6863616,7.201388888888889,1,1,0,0,0,0,0,0,0,2,1,176.33333333333334,20.0,77.094,1,1,SPECIAL EQUIPMENT,UPPER APEX,LANG_02,Round-Trip,microsoft,Direct,Direct,Logged-Out,AREA_C,AREA_B,AREA_C_TO_AREA_B,CA,BA,15_30,high,6_8,Y,W,0,0.4681222,36.08941397219896
6.0,40.2379284,8.04861111111111,1,1,0,0,0,0,0,1,1,4,1,194.75,1.0,47.9370492,4,0,SPECIAL EQUIPMENT,EAST VERTEX,LANG_02,Round-Trip,google,MetaSearches,MetaSearches,Logged-In,AREA_B,AREA_C,AREA_B_TO_AREA_C,BI,CU,4_7,mid,9_14,Y,V,0,0.75275356,36.08478423864619
12.0,52.5164328,4.621527777777778,2,2,0,0,0,0,0,0,0,4,1,111.83333333333333,9.0,42.83,5,0,SPECIAL EQUIPMENT,UPPER APEX,LANG_09,Round-Trip,google,Direct,Direct,Logged-Out,AREA_C,AREA_C,AREA_C_TO_AREA_C,CA,CI,8_14,mid,3_5,Y,W,0,0.8423341,36.07716914594173
27.0,33.1705501,30.72222222222222,1,1,0,0,0,0,0,0,0,4,1,740.0833333333334,20.0,87.7603832,2,0,SPECIAL EQUIPMENT,NEW ZENITH,LANG_02,Round-Trip,apple,Paid Search,Paid Search,Logged-Out,AREA_C,AREA_B,AREA_C_TO_AREA_B,CI,BA,15_30,low,30_plus,Y,L,0,0.41097316,36.0671621345546
24.0,26.712214400000004,5.125,1,1,0,0,0,0,0,0,0,2,1,125.0,18.0,85.66,4,1,SPECIAL EQUIPMENT,UPPER APEX,LANG_09,Round-Trip,microsoft,Direct,Direct,Logged-Out,AREA_C,AREA_B,AREA_C_TO_AREA_B,CA,BE,15_30,low,6_8,Y,O,0,0.42098027,36.06117032885551
38.0,57.8980223,7.208333333333333,1,1,0,0,0,0,0,1,0,4,1,175.75,11.0,42.5695936,4,0,SPECIAL EQUIPMENT,NEW MERIDIAN,LANG_02,Round-Trip,microsoft,Direct,Direct,Logged-In,AREA_C,AREA_D,AREA_C_TO_AREA_D,CI,DA,31_60,high,6_8,Y,Q,0,0.84704655,36.0584275678318
14.0,34.0018804,,1,1,0,0,0,0,0,0,0,1,0,2.1666666666666665,12.0,85.66,4,1,SPECIAL EQUIPMENT,UPPER APEX,LANG_02,Round-Trip,apple,Direct,Direct,Logged-Out,AREA_C,AREA_B,AREA_C_TO_AREA_B,CA,BE,8_14,low,unknown_or_oneway,C,I,0,0.4208397,36.04912845551967
94.0,47.6406656,4.142361111111111,3,2,0,0,1,1,0,0,0,2,1,101.75,21.0,72.275625,6,1,SPECIAL EQUIPMENT,UPPER APEX,LANG_09,Round-Trip,apple,Direct,Affiliate,Logged-Out,AREA_C,AREA_C,AREA_C_TO_AREA_C,CA,CU,61_120,mid,3_5,Y,L,0,0.49869716,36.0436490457505
22.0,189.4846313,6.684027777777778,1,1,0,0,0,0,0,1,0,2,1,165.75,15.0,82.87605,4,0,SPECIAL EQUIPMENT,EAST ZENITH,LANG_08,Round-Trip,google,Paid Search,Paid Search,Logged-In,AREA_B,AREA_C,AREA_B_TO_AREA_C,BE,CA,15_30,very_high,6_8,Y,L,0,0.4348569,36.039221493744854
24.0,125.843106,7.197916666666667,2,2,0,0,0,0,0,0,0,2,1,176.25,19.0,77.094,3,1,SPECIAL EQUIPMENT,UPPER APEX,LANG_09,Round-Trip,google,Paid Search,Organic Search,Logged-Out,AREA_C,AREA_B,AREA_C_TO_AREA_B,CA,BA,15_30,very_high,6_8,Y,Q,0,0.46720448,36.018662286221975
66.0,84.272308,8.197916666666666,2,2,0,0,0,0,0,0,0,2,1,200.25,23.0,77.094,2,1,SPECIAL EQUIPMENT,UPPER APEX,LANG_09,Round-Trip,google,Organic Search,Organic Search,Logged-Out,AREA_C,AREA_B,AREA_C_TO_AREA_B,CA,BA,61_120,high,9_14,Y,O,0,0.46683103,35.98987130820751
99.0,188.1581862,15.322916666666666,2,2,0,0,0,0,0,0,0,4,1,368.75,10.0,82.87605,5,0,SPECIAL EQUIPMENT,UPPER APEX,LANG_09,Round-Trip,google,Direct,Direct,Logged-Out,AREA_B,AREA_C,AREA_B_TO_AREA_C,BE,CA,61_120,very_high,15_30,Y,O,0,0.4342271,35.987027593141796
1.0,197.2475688,3.1006944444444446,4,4,0,0,0,0,0,0,0,2,1,76.0,8.0,64.245,4,1,SPECIAL EQUIPMENT,UPPER APEX,LANG_09,Round-Trip,google,Direct,Organic Search,Logged-Out,AREA_C,AREA_D,AREA_C_TO_AREA_D,CA,DA,0_3,very_high,3_5,Y,V,0,0.559835,35.966600649654865
28.0,32.4377288,3.9791666666666665,2,2,0,0,0,0,0,1,0,2,1,97.5,20.0,85.66,5,1,SPECIAL EQUIPMENT,UPPER APEX,LANG_02,Round-Trip,google,Direct,Paid Search,Logged-In,AREA_C,AREA_B,AREA_C_TO_AREA_B,CA,BE,15_30,low,3_5,Y,U,0,0.41982406,35.96212930321693
40.0,159.2368004,7.517361111111111,2,2,0,0,0,0,0,0,0,2,1,182.58333333333334,10.0,42.83,6,1,SPECIAL EQUIPMENT,UPPER APEX,LANG_09,Round-Trip,google,Internal,Internal,Logged-Out,AREA_C,AREA_B,AREA_C_TO_AREA_B,CA,BI,31_60,very_high,6_8,Y,T,1,0.83963054,35.96137620747089
108.0,24.169825599999996,6.0,2,2,0,0,0,0,0,1,1,2,1,146.0,18.0,85.66,4,1,SPECIAL EQUIPMENT,LOWER ZENITH,LANG_02,Round-Trip,google,Paid Search,Organic Search,Logged-In,AREA_C,AREA_B,AREA_C_TO_AREA_B,CA,BE,61_120,low,6_8,Y,U,0,0.41971245,35.95256881654262
136.0,153.652625,7.458333333333333,2,2,0,0,0,0,0,0,0,2,1,182.83333333333334,18.0,50.2841332,5,1,SPECIAL EQUIPMENT,UPPER APEX,LANG_09,Round-Trip,opera,Paid Search,Paid Search,Logged-Out,AREA_C,AREA_C,AREA_C_TO_AREA_C,CA,CE,120_plus,very_high,6_8,Y,W,0,0.714978,35.95204796429205
147.0,154.2890788,7.458333333333333,2,2,0,0,0,0,0,1,0,2,1,182.83333333333334,20.0,50.2841332,4,1,SPECIAL EQUIPMENT,UPPER APEX,LANG_09,Round-Trip,microsoft,Direct,Referrals,Logged-In,AREA_C,AREA_C,AREA_C_TO_AREA_C,CA,CE,120_plus,very_high,6_8,Y,W,0,0.714978,35.95204796429205
77.0,182.5782938,7.434027777777778,2,2,0,0,0,0,0,1,0,2,1,182.25,23.0,50.2841332,5,1,SPECIAL EQUIPMENT,UPPER APEX,LANG_09,Round-Trip,google,Direct,Direct,Logged-In,AREA_C,AREA_C,AREA_C_TO_AREA_C,CA,CE,61_120,very_high,6_8,Y,W,0,0.714978,35.95204796429205
154.0,167.786525,7.458333333333333,2,2,0,0,0,0,0,0,0,2,1,182.83333333333334,9.0,50.2841332,5,1,SPECIAL EQUIPMENT,UPPER APEX,LANG_09,Round-Trip,mozilla,Paid Search,Paid Search,Logged-Out,AREA_C,AREA_C,AREA_C_TO_AREA_C,CA,CE,120_plus,very_high,6_8,Y,V,0,0.714978,35.95204796429205
1.0,109.7278902,,1,1,0,0,0,0,0,0,0,2,1,-927.8333333333334,18.0,85.66,4,1,SPECIAL EQUIPMENT,UPPER APEX,LANG_09,Round-Trip,google,Direct,Paid Search,Logged-Out,AREA_C,AREA_B,AREA_C_TO_AREA_B,CA,BE,0_3,very_high,unknown_or_oneway,Y,U,0,0.41952646,35.936636373996734
127.0,526.2175176999999,,4,4,0,0,0,0,0,0,0,3,1,500.3333333333333,8.0,65.0253626,4,1,SPECIAL EQUIPMENT,LOWER VERTEX,LANG_02,Multi-City,google,Direct,Paid Search,Logged-Out,AREA_B,AREA_C,AREA_B_TO_AREA_C,BU,CA,120_plus,very_high,unknown_or_oneway,Y,O,0,0.5524982,35.926397182221
140.0,56.661520200000005,11.20486111111111,1,1,0,0,0,0,0,1,0,2,1,272.4166666666667,15.0,77.094,2,1,SPECIAL EQUIPMENT,UPPER APEX,LANG_02,Round-Trip,apple,Direct,Direct,Logged-In,AREA_C,AREA_B,AREA_C_TO_AREA_B,CA,BA,120_plus,high,9_14,Y,W,0,0.46589038,35.917352783024306
29.0,218.0595224,1.9791666666666667,5,5,0,0,0,0,0,0,0,4,1,49.583333333333336,15.0,47.9087814,6,0,SPECIAL EQUIPMENT,LOWER ZENITH,LANG_02,Round-Trip,microsoft,Paid Search,Paid Search,Logged-Out,AREA_C,AREA_B,AREA_C_TO_AREA_B,CE,BI,15_30,very_high,1_2,Y,S,0,0.7494575,35.905594507165794
47.0,200.9352318,7.975694444444445,1,1,0,0,0,0,0,0,0,3,1,197.33333333333334,12.0,82.87605,5,0,SPECIAL EQUIPMENT,UPPER APEX,LANG_09,Round-Trip,google,Paid Search,Paid Search,Logged-Out,AREA_B,AREA_C,AREA_B_TO_AREA_C,BE,CA,31_60,very_high,6_8,Y,S,0,0.43313712,35.8966935158819
34.0,66.5029976,6.197916666666667,1,1,0,0,0,0,0,1,1,2,1,152.25,15.0,77.094,4,1,SPECIAL EQUIPMENT,UPPER APEX,LANG_09,Round-Trip,google,Direct,Paid Search,Logged-In,AREA_C,AREA_B,AREA_C_TO_AREA_B,CA,BA,31_60,high,6_8,Y,S,0,0.46561173,35.89587040776014
38.0,285.0996082,7.475694444444445,2,2,0,0,0,0,0,0,0,2,1,182.33333333333334,14.0,50.2841332,2,1,SPECIAL EQUIPMENT,UPPER APEX,LANG_09,Round-Trip,google,Paid Search,Paid Search,Logged-Out,AREA_C,AREA_C,AREA_C_TO_AREA_C,CA,CE,31_60,very_high,6_8,Y,T,0,0.7137936,35.892491241006304
4.0,101.2638256,4.753472222222222,1,1,0,0,0,0,0,0,0,2,1,116.0,18.0,85.66,5,1,SPECIAL EQUIPMENT,UPPER APEX,LANG_09,Round-Trip,apple,Direct,Direct,Logged-Out,AREA_C,AREA_B,AREA_C_TO_AREA_B,CA,BE,4_7,high,3_5,Y,H,0,0.41898102,35.889913803339006
19.0,58.40384459999999,5.461805555555555,2,2,0,0,0,0,0,0,0,6,1,134.41666666666666,22.0,42.675812,4,0,SPECIAL EQUIPMENT,NEW MERIDIAN,LANG_02,Round-Trip,microsoft,MetaSearches,MetaSearches,Logged-Out,AREA_C,AREA_B,AREA_C_TO_AREA_B,CI,BO,15_30,high,6_8,Y,W,0,0.84032035,35.86135322258663
242.0,55.4293011,9.902777777777779,2,2,0,0,0,0,0,0,0,4,1,239.25,20.0,42.6021444,5,0,SPECIAL EQUIPMENT,EAST VERTEX,LANG_02,Round-Trip,google,MetaSearches,MetaSearches,Logged-Out,AREA_B,AREA_B,AREA_B_TO_AREA_B,BI,BI,120_plus,high,9_14,Y,L,0,0.8414987,35.84964797794354
11.0,46.9301159,3.701388888888889,1,1,0,0,0,0,0,1,0,4,1,90.91666666666667,12.0,47.9087814,6,0,SPECIAL EQUIPMENT,LOWER ZENITH,LANG_02,Round-Trip,google,Direct,Direct,Logged-In,AREA_C,AREA_B,AREA_C_TO_AREA_B,CE,BI,8_14,mid,3_5,Y,Q,0,0.74727345,35.80096012872906
69.0,25.0615462,5.513888888888889,1,1,0,0,0,0,0,1,0,2,1,134.33333333333334,20.0,85.66,3,1,SPECIAL EQUIPMENT,UPPER APEX,LANG_09,Round-Trip,mozilla,Paid Search,MetaSearches,Logged-In,AREA_C,AREA_B,AREA_C_TO_AREA_B,CA,BE,61_120,low,6_8,Y,O,0,0.4179333,35.80016521334648
102.0,39.425015,4.15625,3,3,0,0,0,0,0,0,0,2,1,101.66666666666667,19.0,85.66,4,1,SPECIAL EQUIPMENT,WEST APEX,LANG_09,Round-Trip,apple,Direct,Direct,Logged-Out,AREA_C,AREA_B,AREA_C_TO_AREA_B,CA,BE,61_120,mid,3_5,Y,O,0,0.41772994,35.782747002243994
221.0,465.7184295,11.121527777777779,3,3,0,0,0,0,0,0,0,3,1,267.9166666666667,15.0,81.377,1,1,SPECIAL EQUIPMENT,UPPER APEX,LANG_09,Round-Trip,google,Paid Search,Paid Search,Logged-Out,AREA_C,AREA_C,AREA_C_TO_AREA_C,CA,CA,120_plus,very_high,9_14,Y,W,0,0.4393965,35.756769028306
33.0,19.9228028,3.701388888888889,1,1,0,0,0,0,0,0,0,4,1,90.91666666666667,18.0,63.9700314,6,0,SPECIAL EQUIPMENT,LOWER ZENITH,LANG_02,Round-Trip,google,Paid Search,Paid Search,Logged-Out,AREA_C,AREA_C,AREA_C_TO_AREA_C,CE,CI,31_60,very_low,3_5,Y,U,0,0.55894655,35.75582834754013
115.0,24.3223004,5.159722222222222,2,2,0,0,0,0,0,0,0,2,1,125.75,10.0,85.66,4,1,SPECIAL EQUIPMENT,UPPER APEX,LANG_09,Round-Trip,google,MetaSearches,MetaSearches,Logged-Out,AREA_C,AREA_B,AREA_C_TO_AREA_B,CA,BE,61_120,low,6_8,Y,O,0,0.41705203,35.724676938056945
126.0,22.0951404,5.15625,2,2,0,0,0,0,0,0,0,2,1,125.66666666666667,10.0,85.66,4,1,SPECIAL EQUIPMENT,UPPER APEX,LANG_09,Round-Trip,apple,Direct,Direct,Logged-Out,AREA_C,AREA_B,AREA_C_TO_AREA_B,CA,BE,120_plus,low,6_8,Y,O,0,0.41705203,35.724676938056945
113.0,39.2271404,13.125,2,2,0,0,0,0,0,0,0,2,1,317.0,15.0,85.66,2,1,SPECIAL EQUIPMENT,UPPER APEX,LANG_09,Round-Trip,google,Display,Display,Logged-Out,AREA_C,AREA_B,AREA_C_TO_AREA_B,CA,BE,61_120,mid,9_14,Y,O,0,0.4167466,35.69851260483265
139.0,28.5110744,4.15625,2,2,0,0,0,0,0,1,1,2,1,101.66666666666667,15.0,85.66,4,1,SPECIAL EQUIPMENT,UPPER APEX,LANG_09,Round-Trip,microsoft,Direct,Paid Search,Logged-In,AREA_C,AREA_B,AREA_C_TO_AREA_B,CA,BE,120_plus,low,3_5,Y,O,0,0.41660854,35.686687725186346
161.0,29.4516212,4.15625,2,2,0,0,0,0,0,1,0,2,1,101.66666666666667,20.0,85.66,5,1,SPECIAL EQUIPMENT,UPPER APEX,LANG_09,Round-Trip,google,Direct,Organic Search,Logged-In,AREA_C,AREA_B,AREA_C_TO_AREA_B,CA,BE,120_plus,low,3_5,Y,O,0,0.41660854,35.686687725186346
13.0,30.0846486,5.385416666666667,1,1,0,0,0,0,0,0,0,2,1,131.25,18.0,85.66,3,1,SPECIAL EQUIPMENT,UPPER APEX,LANG_09,Round-Trip,google,Paid Search,Paid Search,Logged-Out,AREA_C,AREA_B,AREA_C_TO_AREA_B,CA,BE,8_14,low,6_8,Y,O,0,0.4164915,35.676662616729736
163.0,22.7804204,5.739583333333333,1,1,0,0,0,0,0,0,0,2,1,139.75,14.0,85.66,4,1,SPECIAL EQUIPMENT,WEST ZENITH,LANG_10,Round-Trip,google,Paid Search,Paid Search,Logged-Out,AREA_C,AREA_B,AREA_C_TO_AREA_B,CA,BE,120_plus,low,6_8,Y,U,0,0.416423,35.67079357564449
54.0,230.746625,5.138888888888889,2,2,0,0,0,0,0,1,0,2,1,127.16666666666667,14.0,50.2841332,4,1,SPECIAL EQUIPMENT,UPPER APEX,LANG_09,Round-Trip,mozilla,Paid Search,Email,Logged-In,AREA_C,AREA_C,AREA_C_TO_AREA_C,CA,CE,31_60,very_high,6_8,Y,T,0,0.7091281,35.65789092101896
17.0,46.637587,,1,1,0,0,0,0,0,1,0,2,1,-55.0,21.0,85.66,5,1,SPECIAL EQUIPMENT,UPPER APEX,LANG_09,Round-Trip,google,Direct,Direct,Logged-In,AREA_C,AREA_B,AREA_C_TO_AREA_B,CA,BE,15_30,mid,unknown_or_oneway,Y,E,0,0.41626856,35.65756461918354
8.0,77.9454604,4.517361111111111,1,1,0,0,0,0,0,0,0,2,1,110.41666666666667,15.0,85.66,4,1,SPECIAL EQUIPMENT,UPPER APEX,LANG_09,Round-Trip,google,Paid Search,Paid Search,Logged-Out,AREA_C,AREA_B,AREA_C_TO_AREA_B,CA,BE,8_14,high,3_5,Y,T,0,0.41622663,35.65397273540497
180.0,209.86614339999997,8.322916666666666,2,2,0,0,0,0,0,0,0,2,1,216.0,19.0,57.8205,2,1,SPECIAL EQUIPMENT,UPPER APEX,LANG_09,Round-Trip,microsoft,Direct,Direct,Logged-Out,AREA_C,AREA_B,AREA_C_TO_AREA_B,CA,BO,120_plus,very_high,9_14,Y,L,0,0.6164306,35.642324386507276
5.0,96.7820944,2.329861111111111,2,2,0,0,0,0,0,0,0,4,1,58.0,23.0,45.935175,5,0,SPECIAL EQUIPMENT,LOWER ZENITH,LANG_02,Round-Trip,apple,MetaSearches,MetaSearches,Logged-Out,AREA_C,AREA_D,AREA_C_TO_AREA_D,CE,DA,4_7,high,3_5,Y,T,0,0.77497756,35.59873006069958
69.0,122.2004145,7.322916666666667,3,3,0,0,0,0,0,0,0,2,1,176.75,12.0,48.18375,2,1,SPECIAL EQUIPMENT,UPPER APEX,LANG_09,Round-Trip,google,Paid Search,Paid Search,Logged-Out,AREA_C,AREA_C,AREA_C_TO_AREA_C,CA,CE,61_120,very_high,6_8,Y,V,0,0.73862654,35.58979653261602
33.0,244.77601979999997,8.319444444444445,2,2,0,0,0,0,0,0,0,2,1,215.83333333333334,19.0,57.8205,1,1,SPECIAL EQUIPMENT,UPPER APEX,LANG_09,Round-Trip,apple,Direct,Paid Search,Logged-Out,AREA_C,AREA_B,AREA_C_TO_AREA_B,CA,BO,31_60,very_high,9_14,Y,L,0,0.6150571,35.56290967422724
67.0,119.65160120000002,10.753472222222221,3,2,0,1,0,1,0,0,0,4,1,259.6666666666667,19.0,42.6021444,5,0,SPECIAL EQUIPMENT,EAST VERTEX,LANG_02,Round-Trip,google,Direct,Direct,Logged-Out,AREA_B,AREA_B,AREA_B_TO_AREA_B,BI,BI,61_120,very_high,9_14,Y,V,0,0.834612,35.556261449342394
30.0,79.39397100000001,14.67361111111111,1,1,0,0,0,0,0,1,0,4,1,354.9166666666667,22.0,49.5080536,2,0,SPECIAL EQUIPMENT,NEW MERIDIAN,LANG_02,Round-Trip,google,Paid Search,Paid Search,Logged-In,AREA_C,AREA_C,AREA_C_TO_AREA_C,CI,CE,15_30,high,15_30,Y,Q,0,0.71808213,35.550848579028745
30.0,235.1992318,5.180555555555555,2,2,0,0,0,0,0,0,0,2,1,127.25,12.0,50.2841332,4,1,SPECIAL EQUIPMENT,UPPER APEX,LANG_09,Round-Trip,mozilla,Paid Search,Paid Search,Logged-Out,AREA_C,AREA_C,AREA_C_TO_AREA_C,CA,CE,15_30,very_high,6_8,Y,V,0,0.70688796,35.545248359937574
54.0,46.9969307,4.760416666666667,2,2,0,0,0,0,0,1,1,2,1,116.58333333333333,8.0,72.275625,4,1,SPECIAL EQUIPMENT,UPPER VERTEX,LANG_10,Round-Trip,google,Internal,Email,Logged-In,AREA_C,AREA_C,AREA_C_TO_AREA_C,CA,CU,31_60,mid,3_5,Y,O,0,0.49160147,35.53080328792334
172.0,174.86975040000002,7.128472222222222,6,3,0,3,0,1,0,0,0,2,1,173.25,23.0,47.113,6,1,SPECIAL EQUIPMENT,UPPER APEX,LANG_09,Round-Trip,microsoft,Direct,Paid Search,Logged-Out,AREA_C,AREA_B,AREA_C_TO_AREA_B,CA,BI,120_plus,very_high,6_8,Y,U,0,0.75414443,35.5300065381527
10.0,61.56255710000001,0.3020833333333333,2,2,0,0,0,0,0,1,1,5,1,8.833333333333334,10.0,45.935175,6,0,SPECIAL EQUIPMENT,LOWER ZENITH,LANG_02,Round-Trip,google,Paid Search,Paid Search,Logged-In,AREA_C,AREA_D,AREA_C_TO_AREA_D,CE,DA,8_14,high,1_2,Y,L,1,0.77341217,35.52682328540236
112.0,205.8328423,,2,2,0,0,0,0,0,0,0,3,1,386.6666666666667,17.0,65.0253626,4,1,SPECIAL EQUIPMENT,LOWER VERTEX,LANG_02,Multi-City,apple,Direct,Direct,Logged-Out,AREA_B,AREA_C,AREA_B_TO_AREA_C,BU,CA,61_120,very_high,unknown_or_oneway,Y,L,0,0.5458482,35.49397653031312
35.0,36.7464268,36.673611111111114,1,1,0,0,0,0,0,0,0,4,1,882.9166666666666,19.0,49.5080536,3,0,SPECIAL EQUIPMENT,NEW MERIDIAN,LANG_02,Round-Trip,apple,Direct,Direct,Logged-Out,AREA_C,AREA_C,AREA_C_TO_AREA_C,CI,CE,31_60,mid,30_plus,Y,T,0,0.71661836,35.478380132517195
26.0,57.763964400000006,6.197916666666667,1,1,0,0,0,0,0,1,1,2,1,152.25,17.0,77.094,4,1,SPECIAL EQUIPMENT,UPPER APEX,LANG_09,Round-Trip,apple,Direct,Direct,Logged-In,AREA_C,AREA_B,AREA_C_TO_AREA_B,CA,BA,15_30,high,6_8,Y,Q,0,0.46015778,35.47540403312444
180.0,781.1652341999999,12.0,3,3,0,0,0,0,0,1,0,2,1,295.25,17.0,77.094,5,1,SPECIAL EQUIPMENT,UPPER APEX,LANG_09,Round-Trip,mozilla,Paid Search,Paid Search,Logged-In,AREA_C,AREA_B,AREA_C_TO_AREA_B,CA,BU,120_plus,very_high,9_14,Y,T,0,0.46009284,35.47039760577678
268.0,795.2143308000001,12.010416666666666,4,2,1,1,0,1,1,0,0,2,1,294.9166666666667,14.0,77.094,5,1,SPECIAL EQUIPMENT,UPPER APEX,LANG_09,Round-Trip,apple,Paid Search,Paid Search,Logged-Out,AREA_C,AREA_B,AREA_C_TO_AREA_B,CA,BU,120_plus,very_high,9_14,Y,V,0,0.46009284,35.47039760577678
111.0,135.2532853,7.326388888888889,5,3,0,2,0,1,0,0,0,4,1,177.91666666666666,20.0,39.2220008,3,0,SPECIAL EQUIPMENT,LOWER ZENITH,LANG_02,Round-Trip,google,Paid Search,Paid Search,Logged-Out,AREA_C,AREA_C,AREA_C_TO_AREA_C,CE,CI,61_120,very_high,6_8,Y,S,0,0.90417683,35.463624398449426
59.0,53.7443689,7.34375,1,1,0,0,0,0,0,0,0,4,1,178.33333333333334,13.0,42.6963704,3,0,SPECIAL EQUIPMENT,NORTH HORIZON,LANG_02,Round-Trip,microsoft,Paid Search,Organic Search,Logged-Out,AREA_C,AREA_C,AREA_C_TO_AREA_C,CE,CU,31_60,mid,6_8,Y,T,0,0.8298818,35.4329401787795
37.0,44.0523682,25.67361111111111,1,1,0,0,0,0,0,1,0,4,1,618.9166666666666,15.0,49.5080536,2,0,SPECIAL EQUIPMENT,NEW MERIDIAN,LANG_02,Round-Trip,google,Paid Search,Organic Search,Logged-In,AREA_C,AREA_C,AREA_C_TO_AREA_C,CI,CE,31_60,mid,15_30,Y,S,0,0.71535367,35.415767725233124
6.0,47.372549799999994,5.854166666666667,2,1,1,0,0,0,1,0,0,2,1,142.41666666666666,12.0,85.66,5,1,SPECIAL EQUIPMENT,WEST APEX,LANG_02,Round-Trip,apple,Paid Search,Paid Search,Logged-Out,AREA_C,AREA_B,AREA_C_TO_AREA_B,CA,BE,4_7,mid,6_8,Y,W,0,0.41315028,35.39045304596424
17.0,219.1988004,5.739583333333333,2,2,0,0,0,0,0,0,0,2,1,139.91666666666666,19.0,47.113,3,1,SPECIAL EQUIPMENT,UPPER APEX,LANG_09,Round-Trip,google,Paid Search,Organic Search,Logged-Out,AREA_C,AREA_B,AREA_C_TO_AREA_B,CA,BI,15_30,very_high,6_8,Y,K,1,0.7504392,35.355443284094335
5.0,137.30184419999998,4.631944444444445,1,1,0,0,0,0,0,0,0,4,1,112.08333333333333,15.0,42.83,4,0,SPECIAL EQUIPMENT,UPPER APEX,LANG_09,Round-Trip,mozilla,Direct,Direct,Logged-Out,AREA_C,AREA_C,AREA_C_TO_AREA_C,CA,CI,4_7,very_high,3_5,Y,Y,0,0.8248042,35.326363321542736
192.0,403.013168,,2,2,0,0,0,0,0,0,0,2,1,-304.3333333333333,21.0,68.8500816,1,1,SPECIAL EQUIPMENT,UPPER APEX,LANG_09,Round-Trip,microsoft,MetaSearches,MetaSearches,Logged-Out,AREA_C,AREA_B,AREA_C_TO_AREA_B,CA,BU,120_plus,very_high,unknown_or_oneway,Y,S,0,0.51265544,35.296368669627284
110.0,387.1763472,8.010416666666666,2,2,0,0,0,0,0,0,0,2,1,198.91666666666666,22.0,68.8500816,2,1,SPECIAL EQUIPMENT,UPPER APEX,LANG_09,Round-Trip,mozilla,Email,Paid Search,Logged-Out,AREA_C,AREA_B,AREA_C_TO_AREA_B,CA,BU,61_120,very_high,9_14,Y,T,0,0.51265544,35.296368669627284
56.0,213.3841996,9.53125,1,1,0,0,0,0,0,1,1,2,1,236.0,21.0,77.094,5,1,SPECIAL EQUIPMENT,UPPER APEX,LANG_02,Round-Trip,google,Paid Search,MetaSearches,Logged-In,AREA_C,AREA_B,AREA_C_TO_AREA_B,CA,BU,31_60,very_high,9_14,Y,S,0,0.45771617,35.287170176625246
41.0,53.4415608,4.0,2,2,0,0,0,0,0,0,0,2,1,97.91666666666667,11.0,85.66,4,1,SPECIAL EQUIPMENT,UPPER APEX,LANG_02,Round-Trip,google,Paid Search,Paid Search,Logged-Out,AREA_C,AREA_B,AREA_C_TO_AREA_B,CA,BE,31_60,mid,3_5,Y,O,0,0.41191834,35.28492518544197
20.0,199.0412892,5.690972222222222,3,3,0,0,0,0,0,0,0,4,1,139.25,21.0,39.4344376,4,0,SPECIAL EQUIPMENT,NEW MERIDIAN,LANG_02,Round-Trip,microsoft,Paid Search,Paid Search,Logged-Out,AREA_C,AREA_C,AREA_C_TO_AREA_C,CI,CE,15_30,very_high,6_8,Y,E,0,0.8943965,35.27002233394151
86.0,115.34119,7.427083333333333,2,2,0,0,0,0,0,0,0,2,1,182.08333333333334,13.0,50.2841332,5,1,SPECIAL EQUIPMENT,UPPER APEX,LANG_09,Round-Trip,mozilla,Paid Search,Paid Search,Logged-Out,AREA_C,AREA_C,AREA_C_TO_AREA_C,CA,CE,61_120,very_high,6_8,Y,O,0,0.7013839,35.26848088480418
247.0,106.77519,6.434027777777778,2,2,0,0,0,0,0,0,0,2,1,158.25,9.0,50.2841332,4,1,SPECIAL EQUIPMENT,UPPER APEX,LANG_09,Round-Trip,microsoft,Paid Search,Paid Search,Logged-Out,AREA_C,AREA_C,AREA_C_TO_AREA_C,CA,CE,120_plus,very_high,6_8,Y,O,0,0.7013839,35.26848088480418
24.0,119.6747294,4.128472222222222,1,1,0,0,0,0,0,0,0,2,1,101.25,17.0,49.2545,4,1,SPECIAL EQUIPMENT,UPPER APEX,LANG_09,Round-Trip,apple,Direct,Direct,Logged-Out,AREA_C,AREA_B,AREA_C_TO_AREA_B,CA,BI,15_30,very_high,3_5,C,Z,0,0.7151308,35.223410282611844
18.0,82.1359476,7.128472222222222,2,2,0,0,0,0,0,0,0,2,1,173.25,23.0,42.83,6,1,SPECIAL EQUIPMENT,UPPER APEX,LANG_09,Round-Trip,apple,Direct,Affiliate,Logged-Out,AREA_C,AREA_B,AREA_C_TO_AREA_B,CA,BI,15_30,high,6_8,Y,L,1,0.82193875,35.203636796474456
16.0,69.5542068,11.739583333333334,1,1,0,0,0,0,0,0,0,2,1,283.6666666666667,9.0,85.66,2,1,SPECIAL EQUIPMENT,UPPER APEX,LANG_09,Round-Trip,microsoft,Paid Search,Paid Search,Logged-Out,AREA_C,AREA_B,AREA_C_TO_AREA_B,CA,BE,15_30,high,9_14,Y,E,0,0.4108566,35.19397674798965
4.0,68.77727060000001,0.3020833333333333,2,2,0,0,0,0,0,0,0,5,1,8.833333333333334,13.0,45.935175,6,0,SPECIAL EQUIPMENT,LOWER ZENITH,LANG_02,Round-Trip,microsoft,Direct,Direct,Logged-Out,AREA_C,AREA_D,AREA_C_TO_AREA_D,CE,DA,4_7,high,1_2,Y,S,0,0.7649894,35.13992086282968
55.0,78.8761563,7.319444444444445,1,1,0,0,0,0,0,1,0,2,1,191.83333333333334,20.0,57.8205,2,1,SPECIAL EQUIPMENT,UPPER APEX,LANG_02,Round-Trip,apple,Direct,Direct,Logged-In,AREA_C,AREA_B,AREA_C_TO_AREA_B,CA,BO,31_60,high,6_8,Y,O,0,0.60773474,35.139526521474124
1.0,55.3068073,0.3611111111111111,1,1,0,0,0,0,0,0,0,4,1,11.333333333333334,,87.2464232,5,0,SPECIAL EQUIPMENT,NEW MERIDIAN,LANG_10,Round-Trip,apple,Direct,Direct,Logged-Out,AREA_C,AREA_C,AREA_C_TO_AREA_C,CI,CI,0_3,high,1_2,Y,T,0,0.40246996,35.11406470281789
119.0,533.935912,9.14236111111111,7,4,0,3,0,1,0,1,0,2,1,223.25,1.0,50.2841332,5,1,SPECIAL EQUIPMENT,UPPER APEX,LANG_09,Round-Trip,google,Direct,Paid Search,Logged-In,AREA_C,AREA_C,AREA_C_TO_AREA_C,CA,CE,61_120,very_high,9_14,Y,W,0,0.6980399,35.1003307742662
25.0,30.7724984,,2,2,0,0,0,0,0,1,0,1,0,2.1666666666666665,15.0,85.66,6,1,SPECIAL EQUIPMENT,UPPER APEX,LANG_09,Round-Trip,apple,Direct,Direct,Logged-In,AREA_C,AREA_B,AREA_C_TO_AREA_B,CA,BE,15_30,low,unknown_or_oneway,Y,O,0,0.40967512,35.09277089118957
8.0,43.7067301,10.89236111111111,1,1,0,0,0,0,0,1,0,4,1,263.3333333333333,21.0,49.5860042,2,0,SPECIAL EQUIPMENT,SOUTH VERTEX,LANG_02,Round-Trip,google,Paid Search,Paid Search,Logged-In,AREA_C,AREA_C,AREA_C_TO_AREA_C,CU,CE,8_14,mid,9_14,Y,U,0,0.70769197,35.091616872133265
157.0,123.016326,7.361111111111111,1,1,0,0,0,0,0,1,1,2,1,191.83333333333334,21.0,57.8205,1,1,SPECIAL EQUIPMENT,UPPER APEX,LANG_09,Round-Trip,mozilla,Direct,Direct,Logged-In,AREA_C,AREA_B,AREA_C_TO_AREA_B,CA,BO,120_plus,very_high,6_8,Y,O,0,0.60671407,35.08051087537408
76.0,166.8498329,11.875,2,2,0,0,0,0,0,0,0,4,1,286.8333333333333,12.0,42.157569,6,0,SPECIAL EQUIPMENT,SOUTH HORIZON,LANG_02,Round-Trip,google,Paid Search,Paid Search,Logged-Out,AREA_C,AREA_C,AREA_C_TO_AREA_C,CA,CE,61_120,very_high,9_14,Y,W,0,0.8318414,35.06841160567564
126.0,227.3437815,,2,2,0,0,0,0,0,0,0,2,1,521.3333333333334,13.0,65.0253626,4,1,SPECIAL EQUIPMENT,LOWER VERTEX,LANG_02,Multi-City,google,Direct,Direct,Logged-Out,AREA_B,AREA_C,AREA_B_TO_AREA_C,BU,CA,120_plus,very_high,unknown_or_oneway,Y,U,0,0.5392695,35.06619522733131
162.0,26.5366114,6.121527777777778,1,1,0,0,0,0,0,0,0,2,1,148.83333333333334,21.0,47.113,4,1,SPECIAL EQUIPMENT,UPPER APEX,LANG_09,Round-Trip,google,Paid Search,Paid Search,Logged-Out,AREA_C,AREA_B,AREA_C_TO_AREA_B,CA,BI,120_plus,low,6_8,Y,U,0,0.74412245,35.05784077876806
43.0,42.3580134,3.8993055555555554,3,3,0,0,0,0,0,1,0,2,1,95.5,21.0,85.66,5,1,SPECIAL EQUIPMENT,UPPER APEX,LANG_09,Round-Trip,google,Paid Search,Paid Search,Logged-In,AREA_C,AREA_B,AREA_C_TO_AREA_B,CA,BE,31_60,mid,3_5,Y,O,0,0.40924072,35.05556030273437
233.0,389.2664511999999,8.0,2,1,0,1,0,1,0,0,0,2,1,199.25,20.0,68.8500816,2,1,SPECIAL EQUIPMENT,UPPER APEX,LANG_09,Round-Trip,google,Direct,Paid Search,Logged-Out,AREA_C,AREA_B,AREA_C_TO_AREA_B,CA,BU,120_plus,very_high,6_8,Y,T,0,0.509008,35.04524167135591
12.0,53.4848191,9.59375,2,2,0,0,0,0,0,0,0,2,1,232.16666666666666,21.0,85.66,6,1,SPECIAL EQUIPMENT,UPPER VERTEX,LANG_10,Round-Trip,google,Organic Search,Organic Search,Logged-Out,AREA_C,AREA_B,AREA_C_TO_AREA_B,CA,BE,8_14,mid,9_14,Y,U,0,0.40887082,35.023874118328095
31.0,34.117521399999994,18.67361111111111,1,1,0,0,0,0,0,1,0,4,1,450.9166666666667,7.0,49.5080536,3,0,SPECIAL EQUIPMENT,NEW MERIDIAN,LANG_02,Round-Trip,apple,Direct,Direct,Logged-In,AREA_C,AREA_C,AREA_C_TO_AREA_C,CI,CE,31_60,low,15_30,Y,S,0,0.70743716,35.02383671862325
50.0,32.1045114,5.121527777777778,1,1,0,0,0,0,0,0,0,2,1,124.83333333333333,13.0,47.113,4,1,SPECIAL EQUIPMENT,UPPER APEX,LANG_02,Round-Trip,apple,Direct,Paid Search,Logged-Out,AREA_C,AREA_B,AREA_C_TO_AREA_B,CA,BI,31_60,low,6_8,Y,V,0,0.7433763,35.02268831163645
198.0,174.17847419999998,18.46875,1,1,0,0,0,0,0,0,0,4,1,444.1666666666667,17.0,82.87605,5,0,SPECIAL EQUIPMENT,UPPER APEX,LANG_09,Round-Trip,apple,Direct,Paid Search,Logged-Out,AREA_B,AREA_C,AREA_B_TO_AREA_C,BE,CA,120_plus,very_high,15_30,Y,L,0,0.42199868,34.973583673605326
123.0,42.1370106,5.197916666666667,1,1,0,0,0,0,0,0,0,2,1,128.25,14.0,77.094,4,1,SPECIAL EQUIPMENT,UPPER APEX,LANG_09,Round-Trip,google,Direct,Direct,Logged-Out,AREA_C,AREA_B,AREA_C_TO_AREA_B,CA,BA,120_plus,mid,6_8,Y,O,0,0.45362285,34.97159982794523
24.0,90.3558812,5.197916666666667,2,2,0,0,0,0,0,1,0,2,1,128.25,11.0,77.094,4,1,SPECIAL EQUIPMENT,UPPER APEX,LANG_09,Round-Trip,google,Direct,Paid Search,Logged-In,AREA_C,AREA_B,AREA_C_TO_AREA_B,CA,BA,15_30,high,6_8,Y,W,0,0.45338213,34.95304227232933
37.0,31.6826359,5.072916666666667,1,1,0,0,0,0,0,0,0,4,1,124.08333333333333,16.0,42.7777474,4,0,SPECIAL EQUIPMENT,LOWER ZENITH,LANG_02,Round-Trip,apple,MetaSearches,MetaSearches,Logged-Out,AREA_B,AREA_B,AREA_B_TO_AREA_B,BU,BI,31_60,low,6_8,Y,V,0,0.8170333,34.95084373392973
102.0,980.4712128,10.010416666666666,6,5,1,0,0,0,1,0,0,2,1,246.91666666666666,13.0,68.8500816,1,1,SPECIAL EQUIPMENT,UPPER APEX,LANG_09,Round-Trip,google,Organic Search,Organic Search,Logged-Out,AREA_C,AREA_B,AREA_C_TO_AREA_B,CA,BU,61_120,very_high,9_14,Y,W,0,0.5073948,34.93417273962707
37.0,34.4464558,9.14236111111111,1,1,0,0,0,0,0,0,0,2,1,221.58333333333334,20.0,49.2545,3,1,SPECIAL EQUIPMENT,UPPER APEX,LANG_09,Round-Trip,apple,Email,Email,Logged-Out,AREA_C,AREA_B,AREA_C_TO_AREA_B,CA,BI,31_60,mid,9_14,Y,W,0,0.70857584,34.90054894596338
54.0,90.5344823,7.475694444444445,1,1,0,0,0,0,0,1,0,2,1,182.33333333333334,21.0,50.2841332,2,1,SPECIAL EQUIPMENT,UPPER APEX,LANG_09,Round-Trip,google,Paid Search,Paid Search,Logged-In,AREA_C,AREA_C,AREA_C_TO_AREA_C,CA,CE,31_60,high,6_8,Y,L,0,0.69391865,34.893097594348404
11.0,39.218146100000006,8.722222222222221,1,1,0,0,0,0,0,0,0,4,1,212.08333333333334,16.0,43.6746076,4,0,SPECIAL EQUIPMENT,NEW MERIDIAN,LANG_02,Round-Trip,mozilla,Paid Search,Paid Search,Logged-Out,AREA_C,AREA_B,AREA_C_TO_AREA_B,CI,BI,8_14,mid,9_14,Y,L,0,0.79861486,34.879190615729
187.0,156.4477108,9.065972222222221,2,2,0,0,0,0,0,1,0,2,1,222.58333333333334,12.0,81.377,2,1,SPECIAL EQUIPMENT,UPPER APEX,LANG_09,Round-Trip,google,Direct,Direct,Logged-In,AREA_C,AREA_C,AREA_C_TO_AREA_C,CA,CA,120_plus,very_high,9_14,Y,O,0,0.42840794,34.86255271270871
211.0,30.9652334,4.538194444444445,1,1,0,0,0,0,0,1,0,4,1,110.75,12.0,43.0283029,6,0,SPECIAL EQUIPMENT,SOUTH VERTEX,LANG_02,Round-Trip,samsung,Direct,Direct,Logged-In,AREA_C,AREA_B,AREA_C_TO_AREA_B,CU,BI,120_plus,low,3_5,Y,L,0,0.8102213,34.86244813334037
51.0,32.458287199999994,3.8993055555555554,2,2,0,0,0,0,0,1,0,2,1,95.5,10.0,85.66,4,1,SPECIAL EQUIPMENT,UPPER APEX,LANG_09,Round-Trip,microsoft,Paid Search,Paid Search,Logged-In,AREA_C,AREA_B,AREA_C_TO_AREA_B,CA,BE,31_60,low,3_5,Y,U,0,0.40690008,34.85506068646907
80.0,75.23517799999999,7.690972222222222,2,2,0,0,0,0,0,1,1,4,1,186.66666666666666,18.0,39.2220008,2,0,SPECIAL EQUIPMENT,LOWER ZENITH,LANG_02,Round-Trip,google,Organic Search,MetaSearches,Logged-In,AREA_C,AREA_C,AREA_C_TO_AREA_C,CE,CI,61_120,high,6_8,Y,V,1,0.88821304,34.83749250444136
230.0,67.3137695,10.902777777777779,2,2,0,0,0,0,0,0,0,4,1,263.25,17.0,42.6021444,5,0,SPECIAL EQUIPMENT,EAST VERTEX,LANG_02,Round-Trip,google,Direct,Paid Search,Logged-Out,AREA_B,AREA_B,AREA_B_TO_AREA_B,BI,BI,120_plus,high,9_14,Y,V,0,0.8174417,34.82476942245855
40.0,367.644154,11.0,1,1,0,0,0,0,0,0,0,2,1,271.25,22.0,77.094,5,1,SPECIAL EQUIPMENT,UPPER APEX,LANG_02,Round-Trip,google,Paid Search,Paid Search,Logged-Out,AREA_C,AREA_B,AREA_C_TO_AREA_B,CA,BU,31_60,very_high,9_14,Y,M,0,0.45146364,34.80513784182072
15.0,37.6372908,4.381944444444445,1,1,0,0,0,0,0,0,1,4,1,107.08333333333333,20.0,43.0283029,4,0,SPECIAL EQUIPMENT,SOUTH VERTEX,LANG_02,Round-Trip,apple,Direct,Direct,Logged-Out,AREA_C,AREA_B,AREA_C_TO_AREA_B,CU,BI,15_30,mid,3_5,Y,L,0,0.8088167,34.80200872634094
248.0,384.5641455,10.958333333333334,3,3,0,0,0,0,0,1,0,2,1,268.9166666666667,22.0,81.377,2,1,SPECIAL EQUIPMENT,UPPER APEX,LANG_09,Round-Trip,google,Paid Search,Paid Search,Logged-In,AREA_C,AREA_C,AREA_C_TO_AREA_C,CA,CA,120_plus,very_high,9_14,Y,L,0,0.42757463,34.79474103593826
100.0,187.0763004,,2,2,0,0,0,0,0,0,0,2,1,209.33333333333334,19.0,65.0253626,4,1,SPECIAL EQUIPMENT,LOWER VERTEX,LANG_02,Multi-City,apple,Direct,Direct,Logged-Out,AREA_B,AREA_C,AREA_B_TO_AREA_C,BU,CA,61_120,very_high,unknown_or_oneway,Y,U,0,0.5348416,34.7782687837051
134.0,78.9583899,7.319444444444445,1,1,0,0,0,0,0,0,0,2,1,191.83333333333334,15.0,57.8205,2,1,SPECIAL EQUIPMENT,UPPER APEX,LANG_09,Round-Trip,microsoft,Direct,Paid Search,Logged-Out,AREA_C,AREA_B,AREA_C_TO_AREA_B,CA,BO,120_plus,high,6_8,Y,O,0,0.60146713,34.777130338668826
75.0,15.9558882,10.895833333333334,1,1,0,0,0,0,0,1,0,2,1,263.4166666666667,21.0,85.66,6,1,SPECIAL EQUIPMENT,UPPER APEX,LANG_09,Round-Trip,google,Paid Search,Paid Search,Logged-In,AREA_C,AREA_B,AREA_C_TO_AREA_B,CA,BE,61_120,very_low,9_14,Y,O,0,0.40564394,34.74745989799499
19.0,27.059565699999997,3.7291666666666665,1,1,0,0,0,0,0,0,0,4,1,92.25,11.0,48.9581164,6,0,SPECIAL EQUIPMENT,NEW MERIDIAN,LANG_02,Round-Trip,google,Direct,Direct,Logged-Out,AREA_C,AREA_C,AREA_C_TO_AREA_C,CI,CI,15_30,low,3_5,Y,W,0,0.7096992,34.745536703756024
235.0,157.6495206,11.753472222222221,6,6,0,0,0,0,0,0,0,4,1,283.6666666666667,10.0,42.6021444,5,0,SPECIAL EQUIPMENT,EAST VERTEX,LANG_02,Round-Trip,apple,Direct,Direct,Logged-Out,AREA_B,AREA_B,AREA_B_TO_AREA_B,BI,BI,120_plus,very_high,9_14,Y,U,0,0.81526524,34.732047405720735
27.0,30.0936429,9.284722222222221,1,1,0,0,0,0,0,1,1,5,1,225.58333333333334,18.0,43.6746076,3,0,SPECIAL EQUIPMENT,SOUTH MERIDIAN,LANG_02,Round-Trip,apple,Direct,Direct,Logged-In,AREA_C,AREA_B,AREA_C_TO_AREA_B,CI,BI,15_30,low,9_14,Y,O,0,0.7948681,34.715552868337774
27.0,42.5451805,10.190972222222221,1,1,0,0,0,0,0,0,0,5,1,247.0,12.0,42.7777474,2,0,SPECIAL EQUIPMENT,NEW MERIDIAN,LANG_02,Round-Trip,google,Paid Search,Paid Search,Logged-Out,AREA_B,AREA_B,AREA_B_TO_AREA_B,BU,BI,15_30,mid,9_14,Y,L,0,0.8114275,34.7110395171294
94.0,58.8878236,3.517361111111111,2,2,0,0,0,0,0,1,0,2,1,86.75,14.0,72.275625,6,1,SPECIAL EQUIPMENT,UPPER APEX,LANG_09,Round-Trip,apple,Direct,Direct,Logged-In,AREA_C,AREA_C,AREA_C_TO_AREA_C,CA,CU,61_120,high,3_5,Y,L,0,0.4802585,34.71098285989836
59.0,82.5573948,7.190972222222222,3,2,1,0,0,0,1,0,0,2,1,177.66666666666666,17.0,42.83,2,1,SPECIAL EQUIPMENT,UPPER APEX,LANG_09,Round-Trip,apple,Email,Email,Logged-Out,AREA_C,AREA_B,AREA_C_TO_AREA_B,CA,BI,31_60,high,6_8,Y,L,0,0.81027406,34.70403818428516
3.0,37.6184456,4.496527777777778,1,1,0,0,0,0,0,0,0,4,1,109.25,21.0,47.8531024,4,0,SPECIAL EQUIPMENT,CENTRAL MERIDIAN,LANG_02,Round-Trip,apple,MetaSearches,MetaSearches,Logged-Out,AREA_B,AREA_C,AREA_B_TO_AREA_C,BI,CE,0_3,mid,3_5,Y,V,0,0.7240585,34.6484459686903
1.0,27.692164799999997,4.739583333333333,1,1,0,0,0,0,0,0,0,2,1,115.66666666666667,9.0,85.66,6,1,SPECIAL EQUIPMENT,LOWER HORIZON,LANG_02,Round-Trip,google,Paid Search,Paid Search,Logged-Out,AREA_C,AREA_B,AREA_C_TO_AREA_B,CA,BE,0_3,low,3_5,Y,W,0,0.40423274,34.62657654285431
15.0,44.9162493,5.263888888888889,1,1,0,0,0,0,0,1,0,4,1,128.41666666666666,18.0,47.0033552,4,0,SPECIAL EQUIPMENT,LOWER ZENITH,LANG_02,Round-Trip,apple,Direct,Direct,Logged-In,AREA_C,AREA_B,AREA_C_TO_AREA_B,CE,BO,15_30,mid,6_8,Y,W,0,0.73623157,34.60535378149529
187.0,291.45001229999997,9.13888888888889,3,3,0,0,0,0,0,0,0,2,1,223.16666666666666,21.0,50.2841332,5,1,SPECIAL EQUIPMENT,UPPER APEX,LANG_09,Round-Trip,microsoft,Internal,Internal,Logged-Out,AREA_C,AREA_C,AREA_C_TO_AREA_C,CA,CE,120_plus,very_high,9_14,Y,L,0,0.6877969,34.58527046829607
187.0,449.3445205,9.13888888888889,5,5,0,0,0,0,0,1,0,2,1,223.16666666666666,21.0,50.2841332,5,1,SPECIAL EQUIPMENT,UPPER APEX,LANG_09,Round-Trip,mozilla,Paid Search,Referrals,Logged-In,AREA_C,AREA_C,AREA_C_TO_AREA_C,CA,CE,120_plus,very_high,9_14,Y,L,0,0.6877969,34.58527046829607
94.0,183.0228692,10.496527777777779,1,1,0,0,0,0,0,1,1,2,1,259.1666666666667,18.0,77.094,5,1,SPECIAL EQUIPMENT,UPPER APEX,LANG_02,Round-Trip,apple,Direct,Direct,Logged-In,AREA_C,AREA_B,AREA_C_TO_AREA_B,CA,BU,61_120,very_high,9_14,Y,W,0,0.44842887,34.57117524576187
6.0,82.1428004,7.517361111111111,2,2,0,0,0,0,0,0,0,2,1,182.41666666666666,19.0,48.18375,5,1,SPECIAL EQUIPMENT,UPPER APEX,LANG_09,Round-Trip,apple,Direct,Direct,Logged-Out,AREA_C,AREA_B,AREA_C_TO_AREA_B,CA,BI,4_7,high,6_8,Y,S,0,0.71729016,34.561729893386364
22.0,445.843168,6.010416666666667,2,2,0,0,0,0,0,0,0,2,1,150.91666666666666,13.0,68.8500816,3,1,SPECIAL EQUIPMENT,UPPER APEX,LANG_09,Round-Trip,mozilla,Paid Search,Paid Search,Logged-Out,AREA_C,AREA_B,AREA_C_TO_AREA_B,CA,BU,15_30,very_high,6_8,Y,V,0,0.5019103,34.556567098241615
62.0,77.8632268,8.128472222222221,2,2,0,0,0,0,0,0,0,2,1,197.25,18.0,42.83,6,1,SPECIAL EQUIPMENT,UPPER APEX,LANG_02,Round-Trip,apple,Direct,Direct,Logged-Out,AREA_C,AREA_B,AREA_C_TO_AREA_B,CA,BI,61_120,high,9_14,Y,W,0,0.8056277,34.5050345480442
35.0,114.0254524,7.319444444444445,2,2,0,0,0,0,0,1,0,3,1,177.25,14.0,44.4892342,6,1,SPECIAL EQUIPMENT,UPPER APEX,LANG_02,Round-Trip,apple,Direct,Direct,Logged-In,AREA_C,AREA_D,AREA_C_TO_AREA_D,CA,DA,31_60,very_high,6_8,Y,U,0,0.7754573,34.49950243714529
8.0,202.6043169,7.475694444444445,3,3,0,0,0,0,0,1,0,2,1,182.33333333333334,16.0,50.2841332,5,1,SPECIAL EQUIPMENT,UPPER APEX,LANG_09,Round-Trip,google,Direct,Paid Search,Logged-In,AREA_C,AREA_C,AREA_C_TO_AREA_C,CA,CE,8_14,very_high,6_8,Y,L,0,0.6859919,34.49450723286443
38.0,123.2921512,3.513888888888889,4,4,0,0,0,0,0,0,0,2,1,86.33333333333333,20.0,85.66,5,1,SPECIAL EQUIPMENT,UPPER APEX,LANG_09,Round-Trip,google,MetaSearches,MetaSearches,Logged-Out,AREA_C,AREA_B,AREA_C_TO_AREA_B,CA,BE,31_60,very_high,3_5,Y,O,0,0.40259987,34.48670496344566
24.0,28.4271276,3.7604166666666665,2,2,0,0,0,0,0,0,0,2,1,92.58333333333333,10.0,72.275625,6,1,SPECIAL EQUIPMENT,UPPER APEX,LANG_02,Round-Trip,google,MetaSearches,MetaSearches,Logged-Out,AREA_C,AREA_C,AREA_C_TO_AREA_C,CA,CU,15_30,low,3_5,Y,O,0,0.4769888,34.47466309010983
62.0,229.6313318,9.53125,1,1,0,0,0,0,0,0,0,2,1,236.0,18.0,77.094,5,1,SPECIAL EQUIPMENT,UPPER APEX,LANG_09,Round-Trip,apple,Direct,Direct,Logged-Out,AREA_C,AREA_B,AREA_C_TO_AREA_B,CA,BU,61_120,very_high,9_14,Y,S,0,0.4470988,34.468634239554405
102.0,41.6847258,5.236111111111111,1,1,0,0,0,0,0,0,0,3,1,127.83333333333333,17.0,43.6746076,4,0,SPECIAL EQUIPMENT,NEW MERIDIAN,LANG_02,Round-Trip,google,Direct,Paid Search,Logged-Out,AREA_C,AREA_B,AREA_C_TO_AREA_B,CI,BI,61_120,mid,6_8,Y,L,0,0.7891871,34.46743576717086
147.0,263.4083547,11.065972222222221,3,2,1,0,0,0,1,1,0,2,1,270.5833333333333,23.0,81.377,2,1,SPECIAL EQUIPMENT,UPPER APEX,LANG_09,Round-Trip,microsoft,Organic Search,Paid Search,Logged-In,AREA_C,AREA_C,AREA_C_TO_AREA_C,CA,CA,120_plus,very_high,9_14,Y,O,0,0.423261,34.4437093232274
83.0,123.980001,7.392361111111111,2,2,0,0,0,0,0,1,0,2,1,178.0,11.0,42.83,2,1,SPECIAL EQUIPMENT,UPPER APEX,LANG_09,Round-Trip,apple,Direct,Direct,Logged-In,AREA_C,AREA_B,AREA_C_TO_AREA_B,CA,BI,61_120,very_high,6_8,Y,L,0,0.8040514,34.43752142906189
117.0,107.5564092,7.190972222222222,2,2,0,0,0,0,0,1,0,2,1,177.66666666666666,21.0,42.83,2,1,SPECIAL EQUIPMENT,UPPER APEX,LANG_09,Round-Trip,google,Paid Search,Paid Search,Logged-In,AREA_C,AREA_B,AREA_C_TO_AREA_B,CA,BI,61_120,very_high,6_8,Y,L,0,0.8040514,34.43752142906189
45.0,54.9911502,7.128472222222222,1,1,0,0,0,0,0,1,0,2,1,173.25,10.0,45.5599842,5,1,SPECIAL EQUIPMENT,UPPER APEX,LANG_02,Round-Trip,google,Direct,Direct,Logged-In,AREA_C,AREA_B,AREA_C_TO_AREA_B,CA,BI,31_60,high,6_8,Y,W,0,0.75545365,34.41845618393051
85.0,64.0120048,4.517361111111111,2,2,0,0,0,0,0,1,1,2,1,110.58333333333333,14.0,47.113,4,1,SPECIAL EQUIPMENT,UPPER APEX,LANG_09,Round-Trip,other,Affiliate,Affiliate,Logged-In,AREA_C,AREA_B,AREA_C_TO_AREA_B,CA,BI,61_120,high,3_5,Y,U,1,0.7304913,34.41563570082187
153.0,172.2519808,9.13888888888889,3,2,0,1,0,1,0,0,0,2,1,223.16666666666666,20.0,50.2841332,5,1,SPECIAL EQUIPMENT,UPPER APEX,LANG_09,Round-Trip,google,Organic Search,Organic Search,Logged-Out,AREA_C,AREA_C,AREA_C_TO_AREA_C,CA,CE,120_plus,very_high,9_14,Y,O,0,0.68399495,34.39409311680372
79.0,301.81101759999996,8.010416666666666,2,1,1,0,0,0,1,0,0,2,1,198.91666666666666,21.0,68.8500816,1,1,SPECIAL EQUIPMENT,UPPER APEX,LANG_09,Round-Trip,apple,Direct,Direct,Logged-Out,AREA_C,AREA_B,AREA_C_TO_AREA_B,CA,BU,61_120,very_high,9_14,Y,L,0,0.49951738,34.39181245563612
100.0,112.9375704,5.190972222222222,4,4,0,0,0,0,0,0,0,2,1,129.66666666666666,21.0,42.83,3,1,SPECIAL EQUIPMENT,UPPER APEX,LANG_09,Round-Trip,google,Paid Search,Paid Search,Logged-Out,AREA_C,AREA_B,AREA_C_TO_AREA_B,CA,BI,61_120,very_high,6_8,Y,U,0,0.8027395,34.381332827806474
75.0,120.7429096,5.190972222222222,4,4,0,0,0,0,0,0,0,2,1,129.66666666666666,11.0,42.83,3,1,SPECIAL EQUIPMENT,UPPER APEX,LANG_09,Round-Trip,google,Paid Search,Affiliate,Logged-Out,AREA_C,AREA_B,AREA_C_TO_AREA_B,CA,BI,61_120,very_high,6_8,Y,U,0,0.8027395,34.381332827806474
131.0,111.7588888,7.517361111111111,3,2,1,0,0,0,1,0,0,2,1,182.58333333333334,17.0,42.83,2,1,SPECIAL EQUIPMENT,UPPER APEX,LANG_09,Round-Trip,google,Direct,Direct,Logged-Out,AREA_C,AREA_B,AREA_C_TO_AREA_B,CA,BI,120_plus,very_high,6_8,Y,U,0,0.8027395,34.381332827806474
166.0,209.130324,5.892361111111111,5,5,0,0,0,0,0,0,0,2,1,142.91666666666666,21.0,42.83,4,1,SPECIAL EQUIPMENT,UPPER APEX,LANG_09,Round-Trip,google,Paid Search,Paid Search,Logged-Out,AREA_C,AREA_B,AREA_C_TO_AREA_B,CA,BI,120_plus,very_high,6_8,Y,U,0,0.8027395,34.381332827806474
94.0,102.8331168,7.190972222222222,4,3,0,1,0,1,0,1,0,2,1,177.66666666666666,21.0,42.83,3,1,SPECIAL EQUIPMENT,UPPER APEX,LANG_09,Round-Trip,microsoft,Direct,Direct,Logged-In,AREA_C,AREA_B,AREA_C_TO_AREA_B,CA,BI,61_120,very_high,6_8,Y,U,0,0.8027395,34.381332827806474
145.0,154.0008329,8.427083333333334,2,2,0,0,0,0,0,1,1,2,1,218.41666666666666,21.0,57.8205,1,1,SPECIAL EQUIPMENT,UPPER APEX,LANG_09,Round-Trip,google,Direct,Paid Search,Logged-In,AREA_C,AREA_B,AREA_C_TO_AREA_B,CA,BO,120_plus,very_high,9_14,Y,O,0,0.59438646,34.36772221773863
86.0,44.3448971,,4,4,0,0,0,0,0,0,0,2,1,4.333333333333333,20.0,42.718642,5,0,SPECIAL EQUIPMENT,SOUTH VERTEX,LANG_02,One-Way,google,Organic Search,Organic Search,Logged-Out,AREA_B,AREA_C,AREA_B_TO_AREA_C,BI,CU,61_120,mid,unknown_or_oneway,Y,W,1,0.8040746,34.34897435661471
42.0,285.16299660000004,7.128472222222222,3,3,0,0,0,0,0,1,0,2,1,173.25,15.0,42.83,3,1,SPECIAL EQUIPMENT,UPPER APEX,LANG_02,Round-Trip,apple,Direct,Direct,Logged-In,AREA_C,AREA_B,AREA_C_TO_AREA_B,CA,BI,31_60,very_high,6_8,Y,E,1,0.8018187,34.341896139383316
57.0,139.96844,5.190972222222222,4,2,0,2,0,1,0,0,0,2,1,129.66666666666666,22.0,42.83,3,1,SPECIAL EQUIPMENT,UPPER APEX,LANG_09,Round-Trip,google,Paid Search,Paid Search,Logged-Out,AREA_C,AREA_B,AREA_C_TO_AREA_B,CA,BI,31_60,very_high,6_8,Y,S,0,0.8018187,34.341896139383316
7.0,28.6592662,7.517361111111111,1,1,0,0,0,0,0,0,0,2,1,182.41666666666666,20.0,48.18375,6,1,SPECIAL EQUIPMENT,UPPER APEX,LANG_09,Round-Trip,apple,Direct,Direct,Logged-Out,AREA_C,AREA_B,AREA_C_TO_AREA_B,CA,BI,4_7,low,6_8,Y,L,0,0.7120471,34.30909945785999
117.0,81.8584092,7.190972222222222,2,2,0,0,0,0,0,1,0,2,1,177.66666666666666,22.0,42.83,3,1,SPECIAL EQUIPMENT,UPPER APEX,LANG_09,Round-Trip,google,Paid Search,Paid Search,Logged-In,AREA_C,AREA_B,AREA_C_TO_AREA_B,CA,BI,61_120,high,6_8,Y,L,0,0.80057186,34.28849271595478
128.0,78.6033292,7.631944444444445,2,2,0,0,0,0,0,0,0,2,1,189.16666666666666,19.0,42.83,5,1,SPECIAL EQUIPMENT,UPPER APEX,LANG_09,Round-Trip,google,Paid Search,Organic Search,Logged-Out,AREA_C,AREA_B,AREA_C_TO_AREA_B,CA,BI,120_plus,high,6_8,Y,L,0,0.80057186,34.28849271595478
97.0,39.299951400000005,4.142361111111111,3,2,0,1,0,1,0,1,0,2,1,101.75,21.0,72.275625,6,1,SPECIAL EQUIPMENT,UPPER APEX,LANG_09,Round-Trip,google,Direct,Paid Search,Logged-In,AREA_C,AREA_C,AREA_C_TO_AREA_C,CA,CU,61_120,mid,3_5,Y,O,0,0.47441265,34.28847077725455
51.0,79.1125779,5.180555555555555,1,1,0,0,0,0,0,0,0,2,1,127.25,12.0,50.2841332,4,1,SPECIAL EQUIPMENT,UPPER APEX,LANG_09,Round-Trip,google,Paid Search,Paid Search,Logged-Out,AREA_C,AREA_C,AREA_C_TO_AREA_C,CA,CE,31_60,high,6_8,Y,L,0,0.6814938,34.26832595750039
28.0,132.4740466,7.128472222222222,3,2,0,1,0,1,0,0,0,2,1,173.25,7.0,42.83,2,1,SPECIAL EQUIPMENT,UPPER APEX,LANG_09,Round-Trip,mozilla,Direct,Direct,Logged-Out,AREA_C,AREA_B,AREA_C_TO_AREA_B,CA,BI,15_30,very_high,6_8,Y,W,0,0.8000911,34.26790129125118
35.0,430.18452,11.0,2,1,0,1,0,1,0,1,0,2,1,271.25,15.0,77.094,5,1,SPECIAL EQUIPMENT,UPPER APEX,LANG_09,Round-Trip,google,Organic Search,Organic Search,Logged-In,AREA_C,AREA_B,AREA_C_TO_AREA_B,CA,BU,31_60,very_high,9_14,Y,E,0,0.4442393,34.24818371289968
119.0,77.183943,5.329861111111111,2,2,0,0,0,0,0,0,0,2,1,129.83333333333334,11.0,48.18375,4,1,SPECIAL EQUIPMENT,UPPER APEX,LANG_02,Round-Trip,google,MetaSearches,MetaSearches,Logged-Out,AREA_C,AREA_C,AREA_C_TO_AREA_C,CA,CE,61_120,high,6_8,Y,V,0,0.7104862,34.23388816863299
49.0,68.849225,,1,1,0,0,0,0,0,0,0,1,0,3.6666666666666665,22.0,77.496602,2,1,SPECIAL EQUIPMENT,UPPER APEX,LANG_02,Round-Trip,google,Direct,Paid Search,Logged-Out,AREA_D,AREA_C,AREA_D_TO_AREA_C,DA,CA,31_60,high,unknown_or_oneway,Y,O,0,0.44164014,34.22561005033159
20.0,26.7888801,6.159722222222222,1,1,0,0,0,0,0,0,0,2,1,149.75,19.0,85.66,4,1,SPECIAL EQUIPMENT,SOUTH AURORA,LANG_02,Round-Trip,apple,Direct,Direct,Logged-Out,AREA_C,AREA_B,AREA_C_TO_AREA_B,CA,BE,15_30,low,6_8,Y,O,0,0.39952517,34.2233256816864
19.0,40.1304251,5.263888888888889,1,1,0,0,0,0,0,1,1,4,1,128.41666666666666,15.0,42.6963704,4,0,SPECIAL EQUIPMENT,LOWER ZENITH,LANG_02,Round-Trip,google,Direct,Paid Search,Logged-In,AREA_C,AREA_C,AREA_C_TO_AREA_C,CE,CU,15_30,mid,6_8,Y,L,0,0.8009407,34.19726047220063
0.0,73.2457245,,2,2,0,0,0,0,0,0,0,2,1,4.75,8.0,63.8698092,4,0,SPECIAL EQUIPMENT,SOUTH VERTEX,LANG_02,One-Way,samsung,MetaSearches,MetaSearches,Logged-Out,AREA_C,AREA_B,AREA_C_TO_AREA_B,CI,BA,invalid_or_past,high,unknown_or_oneway,Y,E,0,0.5352122,34.18390229380209
100.0,479.78679959999994,11.319444444444445,4,3,1,0,0,0,1,1,0,2,1,287.8333333333333,17.0,57.8205,2,1,SPECIAL EQUIPMENT,UPPER APEX,LANG_09,Round-Trip,google,Direct,Direct,Logged-In,AREA_C,AREA_B,AREA_C_TO_AREA_B,CA,BO,61_120,very_high,9_14,Y,W,0,0.5911401,34.18001565590501
29.0,46.860731300000005,,1,1,0,0,0,0,0,1,0,4,1,-346.25,15.0,42.6021444,3,0,SPECIAL EQUIPMENT,EAST VERTEX,LANG_02,Round-Trip,google,MetaSearches,MetaSearches,Logged-In,AREA_B,AREA_B,AREA_B_TO_AREA_B,BI,BI,15_30,mid,unknown_or_oneway,Y,T,0,0.8015726,34.14871254133408
233.0,54.3118664,7.121527777777778,2,2,0,0,0,0,0,1,0,2,1,172.83333333333334,16.0,48.18375,6,1,SPECIAL EQUIPMENT,UPPER APEX,LANG_09,Round-Trip,microsoft,Direct,Paid Search,Logged-In,AREA_C,AREA_B,AREA_C_TO_AREA_B,CA,BI,120_plus,high,6_8,Y,V,0,0.70870113,34.14787825226784
76.0,88.66923580000001,7.5,1,1,0,0,0,0,0,0,0,2,1,183.83333333333334,19.0,50.2841332,5,1,SPECIAL EQUIPMENT,UPPER APEX,LANG_09,Round-Trip,mozilla,Direct,Direct,Logged-Out,AREA_C,AREA_C,AREA_C_TO_AREA_C,CA,CE,61_120,high,6_8,Y,W,0,0.6788033,34.133036795787575
108.0,104.4944925,5.138888888888889,1,1,0,0,0,0,0,1,0,2,1,127.16666666666667,16.0,50.2841332,4,1,SPECIAL EQUIPMENT,UPPER APEX,LANG_09,Round-Trip,google,Paid Search,Paid Search,Logged-In,AREA_C,AREA_C,AREA_C_TO_AREA_C,CA,CE,61_120,very_high,6_8,Y,V,0,0.6786314,34.12439296357198
20.0,119.6567408,4.128472222222222,1,1,0,0,0,0,0,0,0,2,1,101.25,15.0,47.113,3,1,SPECIAL EQUIPMENT,UPPER APEX,LANG_09,Round-Trip,google,Paid Search,Email,Logged-Out,AREA_C,AREA_B,AREA_C_TO_AREA_B,CA,BI,15_30,very_high,3_5,C,Z,0,0.72400874,34.11022372025251
78.0,45.3621096,7.517361111111111,1,1,0,0,0,0,0,1,0,2,1,182.5,11.0,43.2583,6,1,SPECIAL EQUIPMENT,UPPER APEX,LANG_09,Round-Trip,google,Paid Search,Paid Search,Logged-In,AREA_C,AREA_B,AREA_C_TO_AREA_B,CA,BI,61_120,mid,6_8,Y,L,0,0.78833413,34.10199434945583
145.0,181.0492628,8.746527777777779,2,2,0,0,0,0,0,1,0,2,1,213.75,22.0,50.2841332,2,1,SPECIAL EQUIPMENT,UPPER APEX,LANG_09,Round-Trip,google,Direct,Organic Search,Logged-In,AREA_C,AREA_C,AREA_C_TO_AREA_C,CA,CE,120_plus,very_high,9_14,Y,L,0,0.6781607,34.1007243286876
304.0,277.778248,7.131944444444445,4,4,0,0,0,0,0,1,1,2,1,177.16666666666666,22.0,42.83,2,1,SPECIAL EQUIPMENT,UPPER APEX,LANG_09,Round-Trip,samsung,Direct,Direct,Logged-In,AREA_C,AREA_B,AREA_C_TO_AREA_B,CA,BI,120_plus,very_high,6_8,Y,Q,0,0.79456484,34.03121223330498
137.0,136.8902479,11.753472222222221,2,2,0,0,0,0,0,0,0,4,1,283.6666666666667,22.0,42.6021444,5,0,SPECIAL EQUIPMENT,EAST VERTEX,LANG_02,Round-Trip,google,MetaSearches,MetaSearches,Logged-Out,AREA_B,AREA_B,AREA_B_TO_AREA_B,BI,BI,120_plus,very_high,9_14,Y,W,0,0.7987771,34.02961750348606
91.0,15.067594,7.159722222222222,2,2,0,0,0,0,0,1,1,2,1,173.75,13.0,85.66,3,1,SPECIAL EQUIPMENT,UPPER APEX,LANG_09,Round-Trip,opera,Paid Search,Paid Search,Logged-In,AREA_C,AREA_B,AREA_C_TO_AREA_B,CA,BE,61_120,very_low,6_8,Y,O,0,0.39718568,34.022925627231594
2.0,49.25963959999999,,1,1,0,0,0,0,0,1,1,2,1,-196.66666666666666,20.0,85.66,6,1,SPECIAL EQUIPMENT,UPPER MERIDIAN,LANG_02,Round-Trip,google,Direct,Direct,Logged-In,AREA_C,AREA_B,AREA_C_TO_AREA_B,CA,BE,0_3,mid,unknown_or_oneway,Y,S,0,0.39710402,34.0159307718277
72.0,137.0422944,7.166666666666667,3,3,0,0,0,0,0,0,0,2,1,174.91666666666666,10.0,42.83,6,1,SPECIAL EQUIPMENT,UPPER APEX,LANG_09,Round-Trip,apple,Direct,Direct,Logged-Out,AREA_C,AREA_C,AREA_C_TO_AREA_C,CA,CI,61_120,very_high,6_8,Y,W,0,0.7938245,33.99950307309627
27.0,23.51367,7.121527777777778,1,1,0,0,0,0,0,0,0,2,1,172.83333333333334,20.0,49.2545,6,1,SPECIAL EQUIPMENT,UPPER APEX,LANG_09,Round-Trip,google,MetaSearches,MetaSearches,Logged-Out,AREA_C,AREA_B,AREA_C_TO_AREA_B,CA,BI,15_30,low,6_8,Y,L,0,0.6901592,33.993446396291255
77.0,45.4786072,,2,2,0,0,0,0,0,0,0,2,1,-72.91666666666667,10.0,77.094,4,1,SPECIAL EQUIPMENT,UPPER APEX,LANG_09,Round-Trip,microsoft,Email,Paid Search,Logged-Out,AREA_C,AREA_B,AREA_C_TO_AREA_B,CA,BA,61_120,mid,unknown_or_oneway,Y,O,0,0.44091842,33.99216434651613
34.0,140.17830700000002,17.319444444444443,1,1,0,0,0,0,0,1,0,4,1,416.6666666666667,20.0,82.87605,5,0,SPECIAL EQUIPMENT,UPPER APEX,LANG_09,Round-Trip,google,Organic Search,Email,Logged-In,AREA_B,AREA_C,AREA_B_TO_AREA_C,BE,CA,31_60,very_high,15_30,Y,W,0,0.41003177,33.98181311569065
103.0,288.0724385,11.065972222222221,2,2,0,0,0,0,0,1,0,2,1,270.5833333333333,21.0,81.377,1,1,SPECIAL EQUIPMENT,UPPER APEX,LANG_02,Round-Trip,apple,Direct,Direct,Logged-In,AREA_C,AREA_C,AREA_C_TO_AREA_C,CA,CA,61_120,very_high,9_14,P,R,0,0.41748965,33.974055074334146
15.0,117.3088002,5.201388888888889,1,1,0,0,0,0,0,0,0,2,1,128.33333333333334,16.0,77.094,4,1,SPECIAL EQUIPMENT,UPPER APEX,LANG_02,Round-Trip,apple,Direct,Direct,Logged-Out,AREA_C,AREA_B,AREA_C_TO_AREA_B,CA,BA,15_30,very_high,6_8,Y,B,0,0.4405998,33.96760091614723
77.0,227.911279,11.0,1,1,0,0,0,0,0,0,0,2,1,271.25,19.0,77.094,5,1,SPECIAL EQUIPMENT,UPPER APEX,LANG_09,Round-Trip,google,Direct,Direct,Logged-Out,AREA_C,AREA_B,AREA_C_TO_AREA_B,CA,BU,61_120,very_high,9_14,Y,Q,0,0.44052193,33.96159733897447
148.0,204.7411056,10.0,1,1,0,0,0,0,0,1,0,2,1,247.25,22.0,77.094,4,1,SPECIAL EQUIPMENT,UPPER APEX,LANG_09,Round-Trip,apple,Direct,Direct,Logged-In,AREA_C,AREA_B,AREA_C_TO_AREA_B,CA,BU,120_plus,very_high,9_14,Y,V,0,0.44052193,33.96159733897447
72.0,42.6582517,9.708333333333334,1,1,0,0,0,0,0,0,0,4,1,234.33333333333334,19.0,41.9871056,2,0,SPECIAL EQUIPMENT,UPPER HORIZON,LANG_05,Round-Trip,google,Direct,Direct,Logged-Out,AREA_C,AREA_C,AREA_C_TO_AREA_C,CI,CE,61_120,mid,9_14,Y,L,0,0.80790186,33.92146068017044
13.0,41.2547126,,1,1,0,0,0,0,0,0,0,1,0,2.25,12.0,85.66,6,1,SPECIAL EQUIPMENT,UPPER APEX,LANG_02,Round-Trip,apple,Paid Search,Organic Search,Logged-Out,AREA_C,AREA_B,AREA_C_TO_AREA_B,CA,BE,8_14,mid,unknown_or_oneway,Y,S,0,0.39592156,33.91464067041874
30.0,26.4843588,,1,1,0,0,0,0,0,0,0,4,1,-96.66666666666667,12.0,87.7603832,4,0,SPECIAL EQUIPMENT,NEW MERIDIAN,LANG_02,Round-Trip,google,Direct,Email,Logged-Out,AREA_C,AREA_B,AREA_C_TO_AREA_B,CI,BA,15_30,low,unknown_or_oneway,Y,L,0,0.38643673,33.91383556205118
69.0,141.8640958,6.024305555555555,2,2,0,0,0,0,0,0,0,3,1,145.83333333333334,15.0,42.83,3,1,SPECIAL EQUIPMENT,UPPER APEX,LANG_02,Round-Trip,apple,Direct,Direct,Logged-Out,AREA_C,AREA_B,AREA_C_TO_AREA_B,CA,BI,61_120,very_high,6_8,Y,W,0,0.79179513,33.91258561253547
198.0,128.02914919999998,7.131944444444445,2,2,0,0,0,0,0,1,0,2,1,177.16666666666666,7.0,42.83,2,1,SPECIAL EQUIPMENT,UPPER APEX,LANG_09,Round-Trip,google,Email,Email,Logged-In,AREA_C,AREA_B,AREA_C_TO_AREA_B,CA,BI,120_plus,very_high,6_8,Y,V,0,0.79179513,33.91258561253547
337.0,160.8797592,7.131944444444445,2,2,0,0,0,0,0,1,1,2,1,177.16666666666666,17.0,42.83,3,1,SPECIAL EQUIPMENT,UPPER APEX,LANG_09,Round-Trip,apple,Direct,Direct,Logged-In,AREA_C,AREA_B,AREA_C_TO_AREA_B,CA,BI,120_plus,very_high,6_8,Y,K,0,0.79179513,33.91258561253547
140.0,122.2813632,7.131944444444445,2,2,0,0,0,0,0,0,0,2,1,177.16666666666666,19.0,42.83,2,1,SPECIAL EQUIPMENT,UPPER APEX,LANG_09,Round-Trip,google,Paid Search,Paid Search,Logged-Out,AREA_C,AREA_B,AREA_C_TO_AREA_B,CA,BI,120_plus,very_high,6_8,Y,S,0,0.79179513,33.91258561253547
43.0,273.0232614,9.39236111111111,3,3,0,0,0,0,0,1,0,4,1,228.08333333333334,21.0,37.9156858,4,0,SPECIAL EQUIPMENT,NEW MERIDIAN,LANG_02,Round-Trip,apple,Direct,Direct,Logged-In,AREA_C,AREA_D,AREA_C_TO_AREA_D,CI,DA,31_60,very_high,9_14,Y,L,1,0.8941944,33.903994830273355
139.0,190.8697535,28.32638888888889,1,1,0,0,0,0,0,0,0,4,1,680.75,18.0,82.87605,5,0,SPECIAL EQUIPMENT,UPPER APEX,LANG_09,Round-Trip,google,Direct,Direct,Logged-Out,AREA_B,AREA_C,AREA_B_TO_AREA_C,BE,CA,120_plus,very_high,15_30,Y,V,0,0.40900135,33.89641636605263
32.0,103.6631622,5.947916666666667,2,2,0,0,0,0,0,0,0,2,1,143.33333333333334,17.0,42.83,4,1,SPECIAL EQUIPMENT,UPPER APEX,LANG_09,Round-Trip,apple,Direct,Email,Logged-Out,AREA_C,AREA_B,AREA_C_TO_AREA_B,CA,BI,31_60,very_high,6_8,Y,U,0,0.7908365,33.87152785360813
43.0,143.7015028,5.243055555555555,2,2,0,0,0,0,0,1,0,2,1,126.41666666666667,13.0,42.83,3,1,SPECIAL EQUIPMENT,UPPER APEX,LANG_09,Round-Trip,apple,Direct,Direct,Logged-In,AREA_C,AREA_B,AREA_C_TO_AREA_B,CA,BI,31_60,very_high,6_8,Y,W,0,0.7908365,33.87152785360813
263.0,95.7901516,12.51736111111111,2,2,0,0,0,0,0,1,0,2,1,302.75,12.0,72.275625,6,1,SPECIAL EQUIPMENT,UPPER APEX,LANG_09,Round-Trip,google,Affiliate,Affiliate,Logged-In,AREA_C,AREA_C,AREA_C_TO_AREA_C,CA,CU,120_plus,high,9_14,Y,V,0,0.4684986,33.86102823100984
27.0,59.962,7.190972222222222,2,2,0,0,0,0,0,0,0,2,1,177.66666666666666,22.0,42.83,3,1,SPECIAL EQUIPMENT,UPPER APEX,LANG_09,Round-Trip,google,Paid Search,Paid Search,Logged-Out,AREA_C,AREA_B,AREA_C_TO_AREA_B,CA,BI,15_30,high,6_8,Y,U,0,0.7904999,33.85711181402206
50.0,32.5430906,14.51388888888889,1,1,0,0,0,0,0,0,0,2,1,350.3333333333333,14.0,85.66,3,1,SPECIAL EQUIPMENT,UPPER APEX,LANG_09,Round-Trip,google,Direct,Direct,Logged-Out,AREA_C,AREA_B,AREA_C_TO_AREA_B,CA,BE,31_60,low,15_30,Y,T,0,0.39517078,33.85032884657383
39.0,42.6406914,3.5208333333333335,3,2,1,0,0,0,1,0,0,2,1,86.83333333333333,19.0,72.275625,3,1,SPECIAL EQUIPMENT,UPPER APEX,LANG_09,Round-Trip,mozilla,Display,Display,Logged-Out,AREA_C,AREA_C,AREA_C_TO_AREA_C,CA,CU,31_60,mid,3_5,Y,O,0,0.46819517,33.83909854559228
12.0,34.850771,9.07986111111111,1,1,0,0,0,0,0,0,0,4,1,218.91666666666666,11.0,42.83,5,0,SPECIAL EQUIPMENT,UPPER APEX,LANG_02,Round-Trip,apple,Direct,Direct,Logged-Out,AREA_C,AREA_C,AREA_C_TO_AREA_C,CA,CI,8_14,mid,9_14,Y,U,0,0.78956574,33.817100730538364
29.0,71.9081436,5.180555555555555,1,1,0,0,0,0,0,1,1,2,1,127.25,10.0,50.2841332,4,1,SPECIAL EQUIPMENT,UPPER APEX,LANG_09,Round-Trip,mozilla,Direct,Paid Search,Logged-In,AREA_C,AREA_C,AREA_C_TO_AREA_C,CA,CE,15_30,high,6_8,Y,L,0,0.6724209,33.812103054520676
1.0,140.8027684,6.381944444444445,2,1,1,0,0,0,1,0,0,4,1,155.0,9.0,43.2617264,4,0,SPECIAL EQUIPMENT,SOUTH VERTEX,LANG_02,Round-Trip,apple,Direct,Direct,Logged-Out,AREA_C,AREA_B,AREA_C_TO_AREA_B,CU,BO,0_3,very_high,6_8,Y,S,0,0.7815306,33.81036379802055
73.0,249.5455686,9.13888888888889,2,2,0,0,0,0,0,0,0,2,1,223.16666666666666,21.0,50.2841332,5,1,SPECIAL EQUIPMENT,UPPER APEX,LANG_09,Round-Trip,microsoft,Direct,Direct,Logged-Out,AREA_C,AREA_C,AREA_C_TO_AREA_C,CA,CE,61_120,very_high,9_14,Y,S,0,0.67234814,33.80844351251817
105.0,176.7645496,8.746527777777779,2,2,0,0,0,0,0,1,0,2,1,213.75,12.0,50.2841332,5,1,SPECIAL EQUIPMENT,UPPER APEX,LANG_09,Round-Trip,google,Paid Search,Paid Search,Logged-In,AREA_C,AREA_C,AREA_C_TO_AREA_C,CA,CE,61_120,very_high,9_14,Y,W,0,0.67234814,33.80844351251817
30.0,13.0734292,7.59375,1,1,0,0,0,0,0,0,0,2,1,184.16666666666666,14.0,85.66,6,1,SPECIAL EQUIPMENT,UPPER APEX,LANG_09,Round-Trip,google,Organic Search,MetaSearches,Logged-Out,AREA_C,AREA_B,AREA_C_TO_AREA_B,CA,BE,15_30,very_low,6_8,Y,O,0,0.39461312,33.80255960047245
7.0,316.248154,8.010416666666666,1,1,0,0,0,0,0,1,1,2,1,198.91666666666666,8.0,77.094,5,1,SPECIAL EQUIPMENT,UPPER APEX,LANG_02,Round-Trip,google,Direct,Referrals,Logged-In,AREA_C,AREA_B,AREA_C_TO_AREA_B,CA,BU,4_7,very_high,9_14,Y,M,0,0.438402,33.79816356360912
233.0,155.4103682,11.753472222222221,4,2,0,2,0,1,0,0,0,4,1,283.6666666666667,19.0,42.6021444,5,0,SPECIAL EQUIPMENT,NORTH ZENITH,LANG_06,Round-Trip,microsoft,Paid Search,Paid Search,Logged-Out,AREA_B,AREA_B,AREA_B_TO_AREA_B,BI,BI,120_plus,very_high,9_14,Y,V,0,0.79330665,33.79656440272801
28.0,112.6069228,5.190972222222222,2,2,0,0,0,0,0,0,0,2,1,129.66666666666666,20.0,42.83,3,1,SPECIAL EQUIPMENT,UPPER APEX,LANG_09,Round-Trip,opera,Direct,Direct,Logged-Out,AREA_C,AREA_B,AREA_C_TO_AREA_B,CA,BI,15_30,very_high,6_8,Y,S,0,0.7890384,33.79451551675796
41.0,102.8266923,3.0416666666666665,2,2,0,0,0,0,0,0,0,4,1,75.75,,43.6746076,5,0,SPECIAL EQUIPMENT,NEW MERIDIAN,LANG_02,Round-Trip,google,Direct,Paid Search,Logged-Out,AREA_C,AREA_B,AREA_C_TO_AREA_B,CI,BI,31_60,very_high,3_5,Y,V,0,0.77328277,33.77282138383646
81.0,79.997874,7.190972222222222,2,2,0,0,0,0,0,0,0,2,1,177.66666666666666,13.0,42.83,2,1,SPECIAL EQUIPMENT,UPPER APEX,LANG_09,Round-Trip,microsoft,Paid Search,Paid Search,Logged-Out,AREA_C,AREA_B,AREA_C_TO_AREA_B,CA,BI,61_120,high,6_8,Y,W,0,0.7881552,33.75668713450432
95.0,92.2703822,7.388888888888889,2,2,0,0,0,0,0,0,0,2,1,177.91666666666666,16.0,42.83,2,1,SPECIAL EQUIPMENT,UPPER APEX,LANG_09,Round-Trip,apple,Direct,Direct,Logged-Out,AREA_C,AREA_B,AREA_C_TO_AREA_B,CA,BI,61_120,high,6_8,Y,U,0,0.7881552,33.75668713450432
67.0,150.3050322,8.010416666666666,1,1,0,0,0,0,0,0,0,2,1,198.91666666666666,15.0,68.8500816,1,1,SPECIAL EQUIPMENT,UPPER APEX,LANG_09,Round-Trip,google,Paid Search,Paid Search,Logged-Out,AREA_C,AREA_B,AREA_C_TO_AREA_B,CA,BU,61_120,very_high,9_14,Y,L,0,0.49013966,33.74615580805578
5.0,129.51577849999998,5.083333333333333,1,1,0,0,0,0,0,0,0,4,1,124.08333333333333,18.0,42.6963704,4,0,SPECIAL EQUIPMENT,LOWER ZENITH,LANG_02,Round-Trip,google,Direct,Referrals,Logged-Out,AREA_C,AREA_C,AREA_C_TO_AREA_C,CE,CU,4_7,very_high,6_8,Y,H,0,0.7901693,33.737361053818844
1.0,41.6444656,5.520833333333333,1,1,0,0,0,0,0,0,0,4,1,134.41666666666666,23.0,46.9194084,4,0,SPECIAL EQUIPMENT,SOUTH VERTEX,LANG_02,Round-Trip,google,Paid Search,Paid Search,Logged-Out,AREA_C,AREA_C,AREA_C_TO_AREA_C,CU,CE,0_3,mid,6_8,Y,S,0,0.71901006,33.7355264173085
38.0,91.424918,7.190972222222222,2,2,0,0,0,0,0,1,0,2,1,177.66666666666666,21.0,42.83,4,1,SPECIAL EQUIPMENT,UPPER APEX,LANG_09,Round-Trip,google,Paid Search,Organic Search,Logged-In,AREA_C,AREA_B,AREA_C_TO_AREA_B,CA,BI,31_60,high,6_8,Y,U,1,0.78718436,33.71510603785514
43.0,77.5557074,5.388888888888889,2,2,0,0,0,0,0,0,0,2,1,129.91666666666666,23.0,42.83,3,1,SPECIAL EQUIPMENT,UPPER APEX,LANG_09,Round-Trip,google,Paid Search,Paid Search,Logged-Out,AREA_C,AREA_B,AREA_C_TO_AREA_B,CA,BI,31_60,high,6_8,Y,U,0,0.78718436,33.71510603785514
31.0,89.2607181,5.194444444444445,2,2,0,0,0,0,0,0,0,2,1,126.16666666666667,21.0,42.83,3,1,SPECIAL EQUIPMENT,UPPER APEX,LANG_09,Round-Trip,google,Paid Search,Paid Search,Logged-Out,AREA_C,AREA_B,AREA_C_TO_AREA_B,CA,BI,31_60,high,6_8,Y,W,0,0.78718436,33.71510603785514
35.0,288.5388572,5.034722222222222,2,2,0,0,0,0,0,0,0,2,1,123.0,16.0,42.83,4,1,SPECIAL EQUIPMENT,UPPER APEX,LANG_09,Round-Trip,apple,Paid Search,Paid Search,Logged-Out,AREA_C,AREA_B,AREA_C_TO_AREA_B,CA,BI,31_60,very_high,6_8,Y,H,0,0.7870523,33.70944888472557
14.0,31.840678599999997,4.513888888888889,1,1,0,0,0,0,0,0,0,2,1,110.33333333333333,21.0,85.66,4,1,SPECIAL EQUIPMENT,UPPER APEX,LANG_09,Round-Trip,google,Paid Search,Paid Search,Logged-Out,AREA_C,AREA_B,AREA_C_TO_AREA_B,CA,BE,8_14,low,3_5,Y,U,0,0.3935164,33.708614097237586
243.0,35.247376800000005,6.805555555555555,1,1,0,0,0,0,0,0,0,2,1,166.83333333333334,15.0,77.094,4,1,SPECIAL EQUIPMENT,UPPER APEX,LANG_09,Round-Trip,google,Paid Search,Paid Search,Logged-Out,AREA_C,AREA_B,AREA_C_TO_AREA_B,CA,BA,120_plus,mid,6_8,Y,U,0,0.43697923,33.68847708284854
19.0,30.820039699999995,5.673611111111111,1,1,0,0,0,0,0,1,0,4,1,138.91666666666666,13.0,42.6963704,4,0,SPECIAL EQUIPMENT,NEW MERIDIAN,LANG_02,Round-Trip,other,Email,Organic Search,Logged-In,AREA_C,AREA_C,AREA_C_TO_AREA_C,CI,CE,15_30,low,6_8,Y,L,0,0.78890616,33.68342949082789
33.0,38.9393228,5.121527777777778,2,2,0,0,0,0,0,1,1,2,1,124.91666666666667,14.0,47.113,4,1,SPECIAL EQUIPMENT,UPPER APEX,LANG_09,Round-Trip,google,Direct,Direct,Logged-In,AREA_C,AREA_B,AREA_C_TO_AREA_B,CA,BI,31_60,mid,6_8,Y,O,0,0.71438503,33.656822043418885
72.0,87.75395870000001,7.875,1,1,0,0,0,0,0,0,1,2,1,194.0,8.0,81.377,2,1,SPECIAL EQUIPMENT,UPPER APEX,LANG_09,Round-Trip,apple,Direct,Direct,Logged-Out,AREA_C,AREA_C,AREA_C_TO_AREA_C,CA,CA,61_120,high,6_8,C,I,0,0.41348854,33.64845668140054
25.0,55.120496800000005,5.517361111111111,1,1,0,0,0,0,0,0,0,2,1,134.41666666666666,16.0,43.5512572,3,1,SPECIAL EQUIPMENT,UPPER APEX,LANG_09,Round-Trip,google,Paid Search,Paid Search,Logged-Out,AREA_C,AREA_B,AREA_C_TO_AREA_B,CA,BI,15_30,high,6_8,C,Z,0,0.7724573,33.641486618725516
57.0,29.291437,,1,1,0,0,0,0,0,0,0,1,0,2.25,19.0,64.245,3,1,SPECIAL EQUIPMENT,UPPER APEX,LANG_09,Round-Trip,google,MetaSearches,MetaSearches,Logged-Out,AREA_C,AREA_C,AREA_C_TO_AREA_C,CA,CI,31_60,low,unknown_or_oneway,Y,V,0,0.52359134,33.63812561184168
97.0,29.6589184,4.284722222222222,2,2,0,0,0,0,0,0,0,2,1,104.75,10.0,85.66,6,1,SPECIAL EQUIPMENT,UPPER APEX,LANG_09,Round-Trip,google,Direct,Paid Search,Logged-Out,AREA_C,AREA_B,AREA_C_TO_AREA_B,CA,BE,61_120,low,3_5,Y,U,0,0.3926217,33.63197447896004
37.0,63.311306,5.184027777777778,2,2,0,0,0,0,0,0,0,2,1,129.5,15.0,42.83,3,1,SPECIAL EQUIPMENT,UPPER APEX,LANG_09,Round-Trip,microsoft,Direct,MetaSearches,Logged-Out,AREA_C,AREA_B,AREA_C_TO_AREA_B,CA,BI,31_60,high,6_8,Y,L,0,0.78508586,33.6252272516489
36.0,26.498492699999996,3.5208333333333335,1,1,0,0,0,0,0,0,0,4,1,86.41666666666667,17.0,46.9194084,4,0,SPECIAL EQUIPMENT,SOUTH VERTEX,LANG_02,Round-Trip,microsoft,Paid Search,Paid Search,Logged-Out,AREA_C,AREA_C,AREA_C_TO_AREA_C,CU,CE,31_60,low,3_5,Y,U,0,0.7161955,33.60347027255552
17.0,113.8986756,7.34375,3,3,0,0,0,0,0,0,0,2,1,177.75,9.0,42.83,3,1,SPECIAL EQUIPMENT,UPPER APEX,LANG_09,Round-Trip,microsoft,Email,Email,Logged-Out,AREA_C,AREA_B,AREA_C_TO_AREA_B,CA,BI,15_30,very_high,6_8,Y,L,0,0.7842991,33.591529408097266
12.0,32.289536999999996,9.159722222222221,1,1,0,0,0,0,0,0,0,2,1,221.75,11.0,85.66,3,1,SPECIAL EQUIPMENT,UPPER APEX,LANG_09,Round-Trip,google,Direct,Paid Search,Logged-Out,AREA_C,AREA_B,AREA_C_TO_AREA_B,CA,BE,8_14,low,9_14,Y,T,0,0.39203155,33.58142260789871
39.0,198.9247916,6.666666666666667,4,4,0,0,0,0,0,0,0,4,1,160.91666666666666,20.0,40.6885,4,0,SPECIAL EQUIPMENT,UPPER APEX,LANG_09,Round-Trip,mozilla,Paid Search,MetaSearches,Logged-Out,AREA_C,AREA_B,AREA_C_TO_AREA_B,CE,BU,31_60,very_high,6_8,Y,L,0,0.8251983,33.576080733835695
197.0,78.6041858,7.458333333333333,1,1,0,0,0,0,0,0,1,2,1,182.83333333333334,11.0,50.2841332,5,1,SPECIAL EQUIPMENT,UPPER APEX,LANG_09,Round-Trip,samsung,Direct,Direct,Logged-Out,AREA_C,AREA_C,AREA_C_TO_AREA_C,CA,CE,120_plus,high,6_8,Y,W,0,0.6676193,33.57065720305607
68.0,26.2445108,19.899305555555557,1,1,0,0,0,0,0,1,0,2,1,479.5,22.0,85.66,6,1,SPECIAL EQUIPMENT,UPPER APEX,LANG_02,Round-Trip,apple,Direct,Direct,Logged-In,AREA_C,AREA_B,AREA_C_TO_AREA_B,CA,BE,61_120,low,15_30,Y,O,0,0.39177406,33.559365837574006
11.0,320.2930192,4.513888888888889,7,7,0,0,0,0,0,1,0,2,1,110.41666666666667,9.0,48.18375,6,1,SPECIAL EQUIPMENT,UPPER APEX,LANG_09,Round-Trip,google,Direct,Direct,Logged-In,AREA_C,AREA_C,AREA_C_TO_AREA_C,CA,CI,8_14,very_high,3_5,Y,V,0,0.6962425,33.54757510252297
40.0,40.5912759,,2,2,0,0,0,0,0,0,0,1,0,2.6666666666666665,19.0,60.107622,3,1,SPECIAL EQUIPMENT,NEW MERIDIAN,LANG_02,One-Way,google,Organic Search,Organic Search,Logged-Out,AREA_C,AREA_C,AREA_C_TO_AREA_C,CA,CI,31_60,mid,unknown_or_oneway,Y,L,0,0.5579858,33.53919850329495
32.0,50.7741084,3.8993055555555554,5,2,0,2,1,1,0,1,0,2,1,95.5,13.0,85.66,5,1,SPECIAL EQUIPMENT,UPPER APEX,LANG_09,Round-Trip,google,Paid Search,Paid Search,Logged-In,AREA_C,AREA_B,AREA_C_TO_AREA_B,CA,BE,31_60,mid,3_5,Y,O,0,0.3911254,33.50380268871784
76.0,17.5877112,4.979166666666667,2,2,0,0,0,0,0,0,0,2,1,121.5,18.0,85.66,6,1,SPECIAL EQUIPMENT,UPPER APEX,LANG_09,Round-Trip,google,Paid Search,Paid Search,Logged-Out,AREA_C,AREA_B,AREA_C_TO_AREA_B,CA,BE,61_120,very_low,3_5,Y,O,0,0.3910547,33.49774473547935
37.0,21.9649372,7.385416666666667,2,2,0,0,0,0,0,1,0,2,1,179.25,12.0,85.66,2,1,SPECIAL EQUIPMENT,UPPER APEX,LANG_02,Round-Trip,google,Paid Search,Paid Search,Logged-In,AREA_C,AREA_B,AREA_C_TO_AREA_B,CA,BE,31_60,low,6_8,Y,O,0,0.39077958,33.47417922079563
57.0,74.22952959999999,7.1875,2,2,0,0,0,0,0,1,1,2,1,175.41666666666666,21.0,42.83,6,1,SPECIAL EQUIPMENT,UPPER APEX,LANG_09,Round-Trip,apple,Direct,Direct,Logged-In,AREA_C,AREA_C,AREA_C_TO_AREA_C,CA,CI,31_60,high,6_8,Y,W,0,0.7798676,33.40172885715961
213.0,272.5349994,11.121527777777779,2,2,0,0,0,0,0,0,0,3,1,267.9166666666667,19.0,81.377,2,1,SPECIAL EQUIPMENT,UPPER APEX,LANG_09,Round-Trip,google,Paid Search,Organic Search,Logged-Out,AREA_C,AREA_C,AREA_C_TO_AREA_C,CA,CA,120_plus,very_high,9_14,Y,W,0,0.41028956,33.388133181363344
161.0,325.91574160000005,10.01388888888889,2,2,0,0,0,0,0,1,0,2,1,246.25,22.0,81.377,2,1,SPECIAL EQUIPMENT,UPPER APEX,LANG_09,Round-Trip,google,Direct,Affiliate,Logged-In,AREA_C,AREA_C,AREA_C_TO_AREA_C,CA,CA,120_plus,very_high,9_14,Y,W,0,0.41028956,33.388133181363344
128.0,74.0809095,5.427083333333333,1,1,0,0,0,0,0,0,0,2,1,134.08333333333334,20.0,50.2841332,4,1,SPECIAL EQUIPMENT,UPPER APEX,LANG_09,Round-Trip,google,Partners,Partners,Logged-Out,AREA_C,AREA_C,AREA_C_TO_AREA_C,CA,CE,120_plus,high,6_8,Y,O,0,0.66367483,33.37231362312145
39.0,25.053836800000003,7.447916666666667,1,1,0,0,0,0,0,0,0,2,1,180.66666666666666,16.0,85.66,6,1,SPECIAL EQUIPMENT,NORTH ZENITH,LANG_02,Round-Trip,microsoft,Direct,Direct,Logged-Out,AREA_C,AREA_B,AREA_C_TO_AREA_B,CA,BE,31_60,low,6_8,Y,O,0,0.3895604,33.369743987321854
9.0,111.2629174,4.690972222222222,2,2,0,0,0,0,0,0,0,4,1,115.25,17.0,39.4344376,5,0,SPECIAL EQUIPMENT,EAST HORIZON,LANG_02,Round-Trip,google,Paid Search,Paid Search,Logged-Out,AREA_C,AREA_C,AREA_C_TO_AREA_C,CI,CE,8_14,very_high,3_5,Y,Q,0,0.8450428,33.32378854174147
50.0,232.59088480000003,4.020833333333333,2,2,0,0,0,0,0,0,0,2,1,98.66666666666667,9.0,49.2545,2,1,SPECIAL EQUIPMENT,UPPER APEX,LANG_09,Round-Trip,mozilla,Email,Email,Logged-Out,AREA_C,AREA_B,AREA_C_TO_AREA_B,CA,BI,31_60,very_high,3_5,C,F,0,0.67631054,33.31133745527268
162.0,164.80984,7.065972222222222,2,1,0,1,0,1,0,0,0,2,1,174.58333333333334,13.0,81.377,3,1,SPECIAL EQUIPMENT,UPPER APEX,LANG_02,Round-Trip,apple,Direct,Direct,Logged-Out,AREA_C,AREA_C,AREA_C_TO_AREA_C,CA,CA,120_plus,very_high,6_8,Y,O,0,0.4091226,33.29316870129108
201.0,248.722376,7.215277777777778,5,5,0,0,0,0,0,1,0,2,1,177.08333333333334,22.0,42.83,5,1,SPECIAL EQUIPMENT,UPPER APEX,LANG_09,Round-Trip,google,Paid Search,Paid Search,Logged-In,AREA_C,AREA_C,AREA_C_TO_AREA_C,CA,CI,120_plus,very_high,6_8,Y,L,0,0.77715445,33.28552490711212
50.0,156.88757489999998,,1,1,0,0,0,0,0,1,0,1,0,5.0,11.0,81.377,3,1,SPECIAL EQUIPMENT,UPPER APEX,LANG_09,Round-Trip,google,Paid Search,Paid Search,Logged-In,AREA_C,AREA_C,AREA_C_TO_AREA_C,CA,CA,31_60,very_high,unknown_or_oneway,Y,S,0,0.4086064,33.25116382873058
83.0,205.048625,8.76736111111111,2,2,0,0,0,0,0,1,1,2,1,214.25,16.0,50.2841332,5,1,SPECIAL EQUIPMENT,UPPER APEX,LANG_09,Round-Trip,samsung,Direct,Direct,Logged-In,AREA_C,AREA_C,AREA_C_TO_AREA_C,CA,CE,61_120,very_high,9_14,Y,W,0,0.6610516,33.24040526679671
59.0,88.0362084,3.513888888888889,3,3,0,0,0,0,0,0,0,2,1,86.41666666666667,10.0,64.245,4,1,SPECIAL EQUIPMENT,UPPER APEX,LANG_09,Round-Trip,google,Direct,Direct,Logged-Out,AREA_C,AREA_C,AREA_C_TO_AREA_C,CA,CI,31_60,high,3_5,Y,U,1,0.5173306,33.235903556048875
6.0,443.5427686999999,7.302083333333333,2,2,0,0,0,0,0,1,1,2,1,191.66666666666666,22.0,57.8205,1,1,SPECIAL EQUIPMENT,UPPER APEX,LANG_02,Round-Trip,apple,Direct,Organic Search,Logged-In,AREA_C,AREA_B,AREA_C_TO_AREA_B,CA,BO,4_7,very_high,6_8,Y,T,0,0.57473344,33.23137464246154
32.0,29.7291596,4.159722222222222,1,1,0,0,0,0,0,0,1,2,1,101.75,17.0,85.66,4,1,SPECIAL EQUIPMENT,UPPER APEX,LANG_02,Round-Trip,apple,Direct,Direct,Logged-Out,AREA_C,AREA_B,AREA_C_TO_AREA_B,CA,BE,31_60,low,3_5,Y,U,0,0.38789508,33.227092335820196
110.0,102.1568311,3.7395833333333335,3,3,0,0,0,0,0,0,0,2,1,91.75,12.0,85.66,5,1,SPECIAL EQUIPMENT,UPPER VERTEX,LANG_11,Round-Trip,google,Paid Search,Paid Search,Logged-Out,AREA_C,AREA_B,AREA_C_TO_AREA_B,CA,BE,61_120,high,3_5,Y,W,0,0.38783145,33.221641964912415
146.0,14.2135638,5.142361111111111,1,0,1,0,0,0,1,0,0,2,1,125.75,19.0,72.275625,3,1,SPECIAL EQUIPMENT,UPPER APEX,LANG_09,Round-Trip,mozilla,Paid Search,Paid Search,Logged-Out,AREA_C,AREA_C,AREA_C_TO_AREA_C,CA,CU,120_plus,very_low,6_8,Y,O,0,0.45952833,33.21269703827799
133.0,365.0366636,12.0,2,2,0,0,0,0,0,0,0,2,1,295.25,13.0,77.094,5,1,SPECIAL EQUIPMENT,UPPER APEX,LANG_09,Round-Trip,apple,Direct,Direct,Logged-Out,AREA_C,AREA_B,AREA_C_TO_AREA_B,CA,BU,120_plus,very_high,9_14,Y,W,0,0.4306682,33.20193459802866
70.0,59.303274599999995,6.0,1,1,0,0,0,0,0,1,0,2,1,146.16666666666666,19.0,42.83,4,1,SPECIAL EQUIPMENT,UPPER APEX,LANG_09,Round-Trip,apple,Direct,Direct,Logged-In,AREA_C,AREA_B,AREA_C_TO_AREA_B,CA,BI,61_120,high,6_8,Y,L,0,0.7751509,33.19971283793449
84.0,67.4045691,4.263888888888889,1,1,0,0,0,0,0,0,0,4,1,104.41666666666667,9.0,47.0033552,6,0,SPECIAL EQUIPMENT,LOWER ZENITH,LANG_02,Round-Trip,apple,Direct,Direct,Logged-Out,AREA_C,AREA_B,AREA_C_TO_AREA_B,CE,BO,61_120,high,3_5,Y,V,0,0.705914,33.18032744802323
57.0,240.053584,,1,1,0,0,0,0,0,1,0,2,1,-339.4166666666667,16.0,68.8500816,1,1,SPECIAL EQUIPMENT,UPPER APEX,LANG_02,Round-Trip,apple,Direct,Direct,Logged-In,AREA_C,AREA_B,AREA_C_TO_AREA_B,CA,BU,31_60,very_high,unknown_or_oneway,Y,S,0,0.48185346,33.17564971699805
9.0,38.2763144,4.979166666666667,1,1,0,0,0,0,0,1,0,2,1,121.5,10.0,85.66,3,1,SPECIAL EQUIPMENT,UPPER APEX,LANG_02,Round-Trip,microsoft,Direct,Direct,Logged-In,AREA_C,AREA_B,AREA_C_TO_AREA_B,CA,BE,8_14,mid,3_5,Y,U,0,0.38720912,33.1683329975605
44.0,93.9484616,3.517361111111111,1,1,0,0,0,0,0,0,0,2,1,86.58333333333333,8.0,49.2545,4,1,SPECIAL EQUIPMENT,UPPER APEX,LANG_02,Round-Trip,apple,Direct,Direct,Logged-Out,AREA_C,AREA_B,AREA_C_TO_AREA_B,CA,BI,31_60,high,3_5,C,F,0,0.6732606,33.16111565980315
168.0,38.2506164,10.70486111111111,1,1,0,0,0,0,0,0,0,4,1,257.8333333333333,22.0,48.18375,5,0,SPECIAL EQUIPMENT,SOUTH MERIDIAN,LANG_02,Round-Trip,google,Paid Search,Organic Search,Logged-Out,AREA_C,AREA_B,AREA_C_TO_AREA_B,CA,BI,120_plus,mid,9_14,Y,L,0,0.68778366,33.139995855465536
227.0,252.8306296,9.121527777777779,4,4,0,0,0,0,0,1,0,2,1,224.91666666666666,18.0,42.83,2,1,SPECIAL EQUIPMENT,UPPER APEX,LANG_09,Round-Trip,other,Direct,Email,Logged-In,AREA_C,AREA_B,AREA_C_TO_AREA_B,CA,BI,120_plus,very_high,9_14,Y,L,0,0.77367014,33.136291964650155
55.0,26.8706854,20.51388888888889,1,1,0,0,0,0,0,1,1,2,1,494.3333333333333,15.0,85.66,6,1,SPECIAL EQUIPMENT,UPPER APEX,LANG_09,Round-Trip,microsoft,Direct,Direct,Logged-In,AREA_C,AREA_B,AREA_C_TO_AREA_B,CA,BE,31_60,low,15_30,Y,O,0,0.38673723,33.127910902500155
32.0,27.948288199999997,15.159722222222221,1,1,0,0,0,0,0,1,0,2,1,365.75,21.0,85.66,6,1,SPECIAL EQUIPMENT,UPPER APEX,LANG_09,Round-Trip,microsoft,Direct,Organic Search,Logged-In,AREA_C,AREA_B,AREA_C_TO_AREA_B,CA,BE,31_60,low,15_30,Y,O,0,0.38673723,33.127910902500155
28.0,44.8498628,5.517361111111111,2,2,0,0,0,0,0,0,1,2,1,134.58333333333334,18.0,42.83,3,1,SPECIAL EQUIPMENT,UPPER APEX,LANG_09,Round-Trip,google,Direct,Direct,Logged-Out,AREA_C,AREA_B,AREA_C_TO_AREA_B,CA,BI,15_30,mid,6_8,Y,U,0,0.77346313,33.12742585778236
33.0,39.149189799999995,10.722222222222221,1,1,0,0,0,0,0,1,0,4,1,260.0833333333333,20.0,43.6746076,2,0,SPECIAL EQUIPMENT,NEW MERIDIAN,LANG_02,Round-Trip,other,Direct,Direct,Logged-In,AREA_C,AREA_B,AREA_C_TO_AREA_B,CI,BI,31_60,mid,9_14,Y,L,0,0.7582021,33.11417814898205
56.0,17.5842848,9.027777777777779,2,2,0,0,0,0,0,0,0,2,1,218.66666666666666,17.0,85.66,6,1,SPECIAL EQUIPMENT,UPPER APEX,LANG_09,Round-Trip,opera,Affiliate,Referrals,Logged-Out,AREA_C,AREA_B,AREA_C_TO_AREA_B,CA,BE,31_60,very_low,9_14,Y,O,0,0.3865424,33.111222811341285
197.0,72.4991976,6.215277777777778,3,3,0,0,0,0,0,0,0,2,1,153.08333333333334,19.0,42.83,3,1,SPECIAL EQUIPMENT,UPPER APEX,LANG_09,Round-Trip,apple,Direct,Direct,Logged-Out,AREA_C,AREA_C,AREA_C_TO_AREA_C,CA,CI,120_plus,high,6_8,Y,L,0,0.772845,33.1009500747919
101.0,42.1121692,8.197916666666666,1,1,0,0,0,0,0,0,0,2,1,200.25,21.0,77.094,2,1,SPECIAL EQUIPMENT,UPPER APEX,LANG_09,Round-Trip,microsoft,Paid Search,Paid Search,Logged-Out,AREA_C,AREA_B,AREA_C_TO_AREA_B,CA,BA,61_120,mid,9_14,Y,O,0,0.42931616,33.097700275182724
128.0,684.427683,13.0,3,2,1,0,0,0,1,0,0,2,1,319.25,9.0,77.094,5,1,SPECIAL EQUIPMENT,UPPER APEX,LANG_09,Round-Trip,google,Paid Search,Paid Search,Logged-Out,AREA_C,AREA_B,AREA_C_TO_AREA_B,CA,BU,120_plus,very_high,9_14,Y,S,0,0.42931393,33.09752795666456
127.0,879.5226160000001,14.0,4,4,0,0,0,0,0,1,0,2,1,343.25,17.0,77.094,5,1,SPECIAL EQUIPMENT,UPPER APEX,LANG_09,Round-Trip,apple,Paid Search,Paid Search,Logged-In,AREA_C,AREA_B,AREA_C_TO_AREA_B,CA,BU,120_plus,very_high,9_14,Y,T,0,0.42931393,33.09752795666456
146.0,690.3228042,13.0,3,2,1,0,0,0,1,1,0,2,1,319.25,20.0,77.094,5,1,SPECIAL EQUIPMENT,UPPER APEX,LANG_09,Round-Trip,google,Direct,Paid Search,Logged-In,AREA_C,AREA_B,AREA_C_TO_AREA_B,CA,BU,120_plus,very_high,9_14,Y,T,0,0.42931393,33.09752795666456
5.0,131.0144002,7.517361111111111,1,1,0,0,0,0,0,1,0,2,1,182.58333333333334,12.0,42.3348852,6,1,SPECIAL EQUIPMENT,UPPER APEX,LANG_02,Round-Trip,apple,Direct,Direct,Logged-In,AREA_C,AREA_B,AREA_C_TO_AREA_B,CA,BI,4_7,very_high,6_8,Y,Y,0,0.781485,33.08407865439556
187.0,53.78848380000001,7.131944444444445,1,1,0,0,0,0,0,0,0,2,1,177.16666666666666,14.0,42.83,2,1,SPECIAL EQUIPMENT,UPPER APEX,LANG_09,Round-Trip,google,Paid Search,Organic Search,Logged-Out,AREA_C,AREA_B,AREA_C_TO_AREA_B,CA,BI,120_plus,mid,6_8,Y,L,0,0.77232045,33.07848484575748
140.0,143.87881900000002,8.746527777777779,2,2,0,0,0,0,0,0,0,2,1,213.75,16.0,50.2841332,5,1,SPECIAL EQUIPMENT,UPPER APEX,LANG_09,Round-Trip,google,Display,Paid Search,Logged-Out,AREA_C,AREA_C,AREA_C_TO_AREA_C,CA,CE,120_plus,very_high,9_14,Y,O,0,0.6576942,33.07158379064975
147.0,129.5710292,9.13888888888889,2,2,0,0,0,0,0,1,0,2,1,223.16666666666666,23.0,50.2841332,5,1,SPECIAL EQUIPMENT,UPPER APEX,LANG_09,Round-Trip,google,Direct,Direct,Logged-In,AREA_C,AREA_C,AREA_C_TO_AREA_C,CA,CE,120_plus,very_high,9_14,Y,O,0,0.6576942,33.07158379064975
55.0,85.8330332,7.940972222222222,3,2,0,0,1,1,0,0,0,2,1,192.91666666666666,21.0,42.83,6,1,SPECIAL EQUIPMENT,UPPER APEX,LANG_09,Round-Trip,microsoft,Direct,Paid Search,Logged-Out,AREA_C,AREA_C,AREA_C_TO_AREA_C,CA,CU,31_60,high,6_8,Y,O,0,0.77152604,33.04446023523808
24.0,24.3951114,6.934027777777778,1,1,0,0,0,0,0,0,0,4,1,167.33333333333334,20.0,48.18375,5,0,SPECIAL EQUIPMENT,UPPER APEX,LANG_09,Round-Trip,google,Paid Search,Paid Search,Logged-Out,AREA_C,AREA_B,AREA_C_TO_AREA_B,CA,BI,15_30,low,6_8,Y,U,0,0.6857596,33.042469318136575
5.0,33.9744692,4.513888888888889,1,1,0,0,0,0,0,0,0,2,1,110.33333333333333,10.0,85.66,3,1,SPECIAL EQUIPMENT,UPPER APEX,LANG_02,Round-Trip,google,Direct,Direct,Logged-Out,AREA_C,AREA_B,AREA_C_TO_AREA_B,CA,BE,4_7,low,3_5,Y,L,0,0.3857152,33.040362883806225
248.0,147.3334868,9.01388888888889,1,1,0,0,0,0,0,0,0,2,1,222.25,8.0,81.377,1,1,SPECIAL EQUIPMENT,UPPER APEX,LANG_09,Round-Trip,apple,Direct,Direct,Logged-Out,AREA_C,AREA_C,AREA_C_TO_AREA_C,CA,CA,120_plus,very_high,9_14,Y,L,0,0.40588725,33.02988642847538
6.0,275.9262788,5.190972222222222,4,3,1,0,0,0,1,0,0,4,1,125.58333333333333,19.0,40.6885,4,0,SPECIAL EQUIPMENT,UPPER APEX,LANG_09,Round-Trip,apple,Direct,Direct,Logged-Out,AREA_C,AREA_B,AREA_C_TO_AREA_B,CE,BU,4_7,very_high,6_8,Y,S,0,0.81152445,33.01971261551976
27.0,67.41442,7.163194444444445,4,2,0,1,1,1,0,0,0,2,1,174.91666666666666,11.0,42.83,5,1,SPECIAL EQUIPMENT,UPPER APEX,LANG_09,Round-Trip,google,Paid Search,Paid Search,Logged-Out,AREA_C,AREA_C,AREA_C_TO_AREA_C,CA,CI,15_30,high,6_8,Y,O,0,0.7704867,32.99994589447975
17.0,60.8083208,4.159722222222222,2,2,0,0,0,0,0,0,0,2,1,101.75,17.0,85.66,5,1,SPECIAL EQUIPMENT,UPPER APEX,LANG_02,Round-Trip,google,Direct,Direct,Logged-Out,AREA_C,AREA_B,AREA_C_TO_AREA_B,CA,BE,15_30,high,3_5,Y,W,0,0.38515472,32.99235366821289
42.0,26.138292399999997,4.753472222222222,2,2,0,0,0,0,0,0,0,2,1,116.0,17.0,85.66,6,1,SPECIAL EQUIPMENT,UPPER APEX,LANG_09,Round-Trip,google,Paid Search,Paid Search,Logged-Out,AREA_C,AREA_B,AREA_C_TO_AREA_B,CA,BE,31_60,low,3_5,Y,O,0,0.38505757,32.98403132200241
34.0,70.6035418,3.6909722222222223,1,1,0,0,0,0,0,0,0,5,1,89.75,18.0,49.2545,4,0,SPECIAL EQUIPMENT,UPPER APEX,LANG_09,Round-Trip,google,Email,Paid Search,Logged-Out,AREA_B,AREA_C,AREA_B_TO_AREA_C,BE,CU,31_60,high,3_5,Y,L,0,0.6696596,32.98374948549271
193.0,138.3828734,,1,1,0,0,0,0,0,0,0,3,1,310.0,20.0,65.0253626,4,1,SPECIAL EQUIPMENT,LOWER VERTEX,LANG_09,Multi-City,apple,Direct,Direct,Logged-Out,AREA_B,AREA_C,AREA_B_TO_AREA_C,BU,CA,120_plus,very_high,unknown_or_oneway,Y,U,0,0.5072016,32.98096873132471
305.0,78.1356256,45.21527777777778,2,2,0,0,0,0,0,1,0,2,1,1089.0833333333333,17.0,77.094,2,1,SPECIAL EQUIPMENT,UPPER APEX,LANG_09,Round-Trip,google,Paid Search,Organic Search,Logged-In,AREA_C,AREA_C,AREA_C_TO_AREA_C,CA,CI,120_plus,high,30_plus,Y,L,1,0.42764047,32.96851423090696
92.0,55.029697199999994,3.517361111111111,2,2,0,0,0,0,0,0,0,2,1,86.75,16.0,72.275625,6,1,SPECIAL EQUIPMENT,UPPER APEX,LANG_09,Round-Trip,apple,Direct,Direct,Logged-Out,AREA_C,AREA_C,AREA_C_TO_AREA_C,CA,CU,61_120,high,3_5,Y,O,0,0.45605505,32.961663421019914
34.0,103.7929371,9.416666666666666,3,2,1,0,0,0,1,0,0,2,1,228.91666666666666,15.0,42.83,6,1,SPECIAL EQUIPMENT,UPPER APEX,LANG_09,Round-Trip,microsoft,Email,Paid Search,Logged-Out,AREA_C,AREA_C,AREA_C_TO_AREA_C,CA,CI,31_60,very_high,9_14,Y,O,0,0.76921463,32.9454626083374
74.0,65.9976036,7.138888888888889,2,2,0,0,0,0,0,0,0,2,1,173.66666666666666,17.0,42.83,6,1,SPECIAL EQUIPMENT,UPPER APEX,LANG_02,Round-Trip,mozilla,Direct,Direct,Logged-Out,AREA_C,AREA_C,AREA_C_TO_AREA_C,CA,CU,61_120,high,6_8,Y,W,0,0.7692067,32.94512307703495
101.0,229.5550944,9.51736111111111,4,4,0,0,0,0,0,0,0,2,1,230.58333333333334,20.0,42.83,2,1,SPECIAL EQUIPMENT,UPPER APEX,LANG_09,Round-Trip,google,Direct,MetaSearches,Logged-Out,AREA_C,AREA_B,AREA_C_TO_AREA_B,CA,BI,61_120,very_high,9_14,Y,S,0,0.7689949,32.9360527408123
78.0,38.2720314,5.190972222222222,1,1,0,0,0,0,0,0,0,2,1,129.66666666666666,20.0,42.83,3,1,SPECIAL EQUIPMENT,UPPER APEX,LANG_09,Round-Trip,microsoft,Paid Search,Paid Search,Logged-Out,AREA_C,AREA_B,AREA_C_TO_AREA_B,CA,BI,61_120,mid,6_8,Y,L,0,0.76835626,32.90869877159595
68.0,39.7154024,6.090277777777778,1,1,0,0,0,0,0,0,0,2,1,146.75,15.0,42.83,4,1,SPECIAL EQUIPMENT,UPPER APEX,LANG_02,Round-Trip,google,Paid Search,Paid Search,Logged-Out,AREA_C,AREA_B,AREA_C_TO_AREA_B,CA,BI,61_120,mid,6_8,Y,L,0,0.76835626,32.90869877159595
76.0,41.0731134,7.190972222222222,1,1,0,0,0,0,0,0,0,2,1,177.66666666666666,13.0,42.83,2,1,SPECIAL EQUIPMENT,UPPER APEX,LANG_09,Round-Trip,google,Paid Search,Paid Search,Logged-Out,AREA_C,AREA_B,AREA_C_TO_AREA_B,CA,BI,61_120,mid,6_8,Y,L,0,0.76835626,32.90869877159595
183.0,385.9548356,10.0,2,2,0,0,0,0,0,0,0,2,1,247.25,11.0,68.8500816,1,1,SPECIAL EQUIPMENT,UPPER APEX,LANG_09,Round-Trip,opera,Affiliate,Affiliate,Logged-Out,AREA_C,AREA_B,AREA_C_TO_AREA_B,CA,BU,120_plus,very_high,9_14,Y,V,0,0.47762114,32.88425433178453
123.0,403.175922,10.010416666666666,2,2,0,0,0,0,0,0,0,2,1,246.91666666666666,21.0,68.8500816,1,1,SPECIAL EQUIPMENT,UPPER APEX,LANG_09,Round-Trip,opera,Direct,Organic Search,Logged-Out,AREA_C,AREA_B,AREA_C_TO_AREA_B,CA,BU,120_plus,very_high,9_14,Y,V,0,0.47762114,32.88425433178453
67.0,171.6913361,9.975694444444445,1,1,0,0,0,0,0,1,0,3,1,245.33333333333334,12.0,82.87605,5,0,SPECIAL EQUIPMENT,UPPER APEX,LANG_09,Round-Trip,other,Direct,Direct,Logged-In,AREA_B,AREA_C,AREA_B_TO_AREA_C,BE,CA,61_120,very_high,9_14,Y,S,0,0.39649108,32.859614613939826
4.0,43.3987824,12.385416666666666,1,1,0,0,0,0,0,0,0,2,1,299.25,18.0,85.66,6,1,SPECIAL EQUIPMENT,UPPER APEX,LANG_09,Round-Trip,google,Paid Search,Paid Search,Logged-Out,AREA_C,AREA_B,AREA_C_TO_AREA_B,CA,BE,4_7,mid,9_14,Y,W,0,0.38358372,32.85778184056282
80.0,222.0598444,11.833333333333334,2,2,0,0,0,0,0,0,0,3,1,289.9166666666667,9.0,82.87605,5,0,SPECIAL EQUIPMENT,UPPER APEX,LANG_09,Round-Trip,apple,Direct,Direct,Logged-Out,AREA_B,AREA_C,AREA_B_TO_AREA_C,BE,CA,61_120,very_high,9_14,Y,O,0,0.3961646,32.83255687302053
252.0,74.545615,6.138888888888889,1,1,0,0,0,0,0,1,1,2,1,151.16666666666666,13.0,50.2841332,4,1,SPECIAL EQUIPMENT,UPPER APEX,LANG_09,Round-Trip,samsung,Direct,Direct,Logged-In,AREA_C,AREA_C,AREA_C_TO_AREA_C,CA,CE,120_plus,high,6_8,Y,O,0,0.652863,32.82865134390812
47.0,22.6844812,7.385416666666667,2,2,0,0,0,0,0,0,0,2,1,179.25,19.0,85.66,3,1,SPECIAL EQUIPMENT,UPPER APEX,LANG_09,Round-Trip,google,Paid Search,Paid Search,Logged-Out,AREA_C,AREA_B,AREA_C_TO_AREA_B,CA,BE,31_60,low,6_8,Y,O,0,0.383183,32.82345599174499
54.0,21.963223999999997,5.288194444444445,2,2,0,0,0,0,0,0,0,2,1,128.83333333333334,9.0,85.66,3,1,SPECIAL EQUIPMENT,UPPER APEX,LANG_09,Round-Trip,google,Paid Search,Paid Search,Logged-Out,AREA_C,AREA_B,AREA_C_TO_AREA_B,CA,BE,31_60,low,6_8,Y,O,0,0.383183,32.82345599174499
52.0,25.220017199999997,7.288194444444445,2,2,0,0,0,0,0,0,0,2,1,176.83333333333334,21.0,85.66,3,1,SPECIAL EQUIPMENT,UPPER APEX,LANG_09,Round-Trip,google,Paid Search,Paid Search,Logged-Out,AREA_C,AREA_B,AREA_C_TO_AREA_B,CA,BE,31_60,low,6_8,Y,O,0,0.383183,32.82345599174499
101.0,440.7301226000001,,1,1,0,0,0,0,0,0,0,2,1,449.3333333333333,16.0,65.0253626,4,1,SPECIAL EQUIPMENT,LOWER VERTEX,LANG_02,Multi-City,google,Paid Search,Paid Search,Logged-Out,AREA_B,AREA_C,AREA_B_TO_AREA_C,BU,CA,61_120,very_high,unknown_or_oneway,P,R,0,0.5045549,32.80886710249127
138.0,79.869384,7.090277777777778,2,2,0,0,0,0,0,0,0,2,1,170.75,10.0,42.83,3,1,SPECIAL EQUIPMENT,SOUTH HORIZON,LANG_09,Round-Trip,google,Direct,Paid Search,Logged-Out,AREA_C,AREA_B,AREA_C_TO_AREA_B,CA,BI,120_plus,high,6_8,Y,U,0,0.76556534,32.78916333019733
77.0,62.752802800000005,7.184027777777778,2,1,1,0,0,0,1,1,0,2,1,177.5,21.0,42.83,2,1,SPECIAL EQUIPMENT,UPPER APEX,LANG_09,Round-Trip,google,Direct,Direct,Logged-In,AREA_C,AREA_B,AREA_C_TO_AREA_B,CA,BI,61_120,high,6_8,Y,U,0,0.76539207,32.78174214601517
22.0,36.5742502,9.59375,3,2,0,0,1,1,0,0,0,2,1,232.16666666666666,22.0,85.66,3,1,SPECIAL EQUIPMENT,UPPER VERTEX,LANG_11,Round-Trip,google,Paid Search,Paid Search,Logged-Out,AREA_C,AREA_B,AREA_C_TO_AREA_B,CA,BE,15_30,mid,9_14,Y,U,0,0.3826549,32.778219189643856
107.0,224.0360206,4.128472222222222,7,7,0,0,0,0,0,1,0,2,1,101.25,16.0,47.113,4,1,SPECIAL EQUIPMENT,UPPER APEX,LANG_09,Round-Trip,opera,Paid Search,Paid Search,Logged-In,AREA_C,AREA_B,AREA_C_TO_AREA_B,CA,BI,61_120,very_high,3_5,Y,U,0,0.6951828,32.752147270202634
8.0,39.276823199999995,4.461805555555555,1,1,0,0,0,0,0,1,1,4,1,108.08333333333333,7.0,42.83,5,0,SPECIAL EQUIPMENT,UPPER APEX,LANG_09,Round-Trip,google,Direct,Direct,Logged-In,AREA_C,AREA_C,AREA_C_TO_AREA_C,CA,CI,8_14,mid,3_5,Y,L,0,0.7646928,32.75179191112518
8.0,202.07194,3.517361111111111,2,2,0,0,0,0,0,0,0,2,1,86.58333333333333,16.0,47.113,6,1,SPECIAL EQUIPMENT,UPPER APEX,LANG_09,Round-Trip,google,Direct,Email,Logged-Out,AREA_C,AREA_B,AREA_C_TO_AREA_B,CA,BI,8_14,very_high,3_5,Y,Q,0,0.6950189,32.74442484772205
26.0,65.5945733,7.475694444444445,1,1,0,0,0,0,0,0,0,2,1,182.33333333333334,13.0,50.2841332,5,1,SPECIAL EQUIPMENT,UPPER APEX,LANG_09,Round-Trip,microsoft,Paid Search,Paid Search,Logged-Out,AREA_C,AREA_C,AREA_C_TO_AREA_C,CA,CE,15_30,high,6_8,Y,O,0,0.65114874,32.74244979801605
8.0,30.0448167,3.7291666666666665,1,1,0,0,0,0,0,0,0,4,1,92.25,17.0,42.5695936,6,0,SPECIAL EQUIPMENT,NEW MERIDIAN,LANG_02,Round-Trip,google,Paid Search,Paid Search,Logged-Out,AREA_C,AREA_D,AREA_C_TO_AREA_D,CI,DA,8_14,low,3_5,Y,L,0,0.7688585,32.729993556287766
182.0,185.2166218,,1,1,0,0,0,0,0,0,0,3,1,7.666666666666667,10.0,68.8500816,2,1,SPECIAL EQUIPMENT,UPPER APEX,LANG_09,Round-Trip,google,MetaSearches,MetaSearches,Logged-Out,AREA_C,AREA_B,AREA_C_TO_AREA_B,CA,BU,120_plus,very_high,unknown_or_oneway,Y,S,0,0.47531107,32.725206001743935
111.0,215.7038724,10.479166666666666,2,2,0,0,0,0,0,1,0,2,1,255.33333333333334,15.0,50.2841332,3,1,SPECIAL EQUIPMENT,UPPER APEX,LANG_02,Round-Trip,apple,Direct,Direct,Logged-In,AREA_C,AREA_C,AREA_C_TO_AREA_C,CA,CE,61_120,very_high,9_14,P,R,0,0.6507874,32.72428096622307
13.0,146.6858972,7.142361111111111,2,2,0,0,0,0,0,0,0,2,1,173.58333333333334,23.0,42.3348852,6,1,SPECIAL EQUIPMENT,GREAT AURORA,LANG_10,Round-Trip,apple,Direct,Paid Search,Logged-Out,AREA_C,AREA_B,AREA_C_TO_AREA_B,CA,BI,8_14,very_high,6_8,Y,S,1,0.7727911,32.71602197828958
163.0,104.2876236,3.517361111111111,2,2,0,0,0,0,0,0,0,2,1,86.75,19.0,72.275625,6,1,SPECIAL EQUIPMENT,UPPER APEX,LANG_09,Round-Trip,google,Paid Search,Paid Search,Logged-Out,AREA_C,AREA_C,AREA_C_TO_AREA_C,CA,CU,120_plus,very_high,3_5,Y,S,0,0.45244753,32.70092827118933
3.0,131.59560330000002,9.86111111111111,2,2,0,0,0,0,0,0,0,4,1,239.33333333333334,17.0,39.4344376,3,0,SPECIAL EQUIPMENT,NEW MERIDIAN,LANG_02,Round-Trip,mozilla,Direct,Direct,Logged-Out,AREA_C,AREA_C,AREA_C_TO_AREA_C,CI,CE,0_3,very_high,9_14,Y,K,0,0.82883686,32.68471536812902
41.0,29.449908,4.0,2,2,0,0,0,0,0,0,0,2,1,97.91666666666667,19.0,85.66,5,1,SPECIAL EQUIPMENT,UPPER APEX,LANG_09,Round-Trip,apple,Direct,Direct,Logged-Out,AREA_C,AREA_B,AREA_C_TO_AREA_B,CA,BE,31_60,low,3_5,Y,U,0,0.38149515,32.67887437283993
26.0,13.059723599999998,7.159722222222222,1,1,0,0,0,0,0,0,0,2,1,173.75,18.0,85.66,6,1,SPECIAL EQUIPMENT,UPPER APEX,LANG_09,Round-Trip,google,Paid Search,Paid Search,Logged-Out,AREA_C,AREA_B,AREA_C_TO_AREA_B,CA,BE,15_30,very_low,6_8,Y,O,0,0.38136417,32.667654522657394
21.0,31.916916,3.232638888888889,2,2,0,0,0,0,0,0,0,4,1,79.66666666666667,17.0,45.935175,5,0,SPECIAL EQUIPMENT,LOWER ZENITH,LANG_02,Round-Trip,google,Direct,Email,Logged-Out,AREA_C,AREA_D,AREA_C_TO_AREA_D,CE,DA,15_30,low,3_5,Y,U,0,0.71096903,32.65848685200066
33.0,41.8457666,7.34375,1,1,0,0,0,0,0,0,0,2,1,177.75,21.0,42.83,3,1,SPECIAL EQUIPMENT,UPPER APEX,LANG_09,Round-Trip,google,Paid Search,Paid Search,Logged-Out,AREA_C,AREA_B,AREA_C_TO_AREA_B,CA,BI,31_60,mid,6_8,Y,L,0,0.76230687,32.64960320055484
25.0,162.7599962,7.045138888888889,2,2,0,0,0,0,0,1,0,2,1,170.58333333333334,19.0,42.83,4,1,SPECIAL EQUIPMENT,UPPER APEX,LANG_09,Round-Trip,google,Paid Search,Paid Search,Logged-In,AREA_C,AREA_B,AREA_C_TO_AREA_B,CA,BI,15_30,very_high,6_8,Y,T,0,0.7622124,32.645556906461714
22.0,103.6254718,5.236111111111111,2,2,0,0,0,0,0,0,0,2,1,126.25,12.0,42.83,3,1,SPECIAL EQUIPMENT,UPPER APEX,LANG_09,Round-Trip,microsoft,Paid Search,Paid Search,Logged-Out,AREA_C,AREA_B,AREA_C_TO_AREA_B,CA,BI,15_30,very_high,6_8,Y,U,0,0.7622124,32.645556906461714
123.0,383.0119863000001,13.64236111111111,3,3,0,0,0,0,0,1,1,2,1,333.3333333333333,19.0,82.87605,5,0,SPECIAL EQUIPMENT,UPPER APEX,LANG_09,Round-Trip,google,Direct,Paid MetaSearches,Logged-In,AREA_B,AREA_C,AREA_B_TO_AREA_C,BE,CA,120_plus,very_high,9_14,Y,L,0,0.3937078,32.6289482988149
172.0,90.3036286,,1,1,0,0,0,0,0,0,0,2,1,569.3333333333334,9.0,65.0253626,4,1,SPECIAL EQUIPMENT,LOWER VERTEX,LANG_02,Multi-City,apple,Direct,Paid Search,Logged-Out,AREA_B,AREA_C,AREA_B_TO_AREA_C,BU,CA,120_plus,high,unknown_or_oneway,Y,U,0,0.5017173,32.62435124257159
27.0,74.7910309,6.739583333333333,2,2,0,0,0,0,0,1,1,2,1,163.91666666666666,20.0,42.83,4,1,SPECIAL EQUIPMENT,NORTH HORIZON,LANG_09,Round-Trip,apple,Direct,Direct,Logged-In,AREA_C,AREA_B,AREA_C_TO_AREA_B,CA,BI,15_30,high,6_8,Y,W,0,0.76165974,32.621886724233626
119.0,73.2058926,6.128472222222222,1,1,0,0,0,0,0,1,0,2,1,149.25,19.0,42.83,3,1,SPECIAL EQUIPMENT,UPPER APEX,LANG_09,Round-Trip,google,Direct,Direct,Logged-In,AREA_C,AREA_B,AREA_C_TO_AREA_B,CA,BI,61_120,high,6_8,Y,S,0,0.76162285,32.62030649960041
189.0,99.7750548,8.635416666666666,2,2,0,0,0,0,0,0,0,2,1,213.25,18.0,42.83,3,1,SPECIAL EQUIPMENT,UPPER APEX,LANG_09,Round-Trip,apple,Direct,Direct,Logged-Out,AREA_C,AREA_B,AREA_C_TO_AREA_B,CA,BI,120_plus,high,9_14,Y,L,0,0.7615919,32.61898156166077
37.0,34.918442399999996,12.854166666666666,1,1,0,0,0,0,0,0,0,2,1,310.4166666666667,9.0,85.66,6,1,SPECIAL EQUIPMENT,LOWER VERTEX,LANG_02,Round-Trip,microsoft,Paid Search,Paid Search,Logged-Out,AREA_C,AREA_B,AREA_C_TO_AREA_B,CA,BE,31_60,mid,9_14,Y,S,0,0.38067007,32.60819825172424
132.0,82.9291592,6.503472222222222,2,2,0,0,0,0,0,0,0,2,1,158.25,13.0,42.83,3,1,SPECIAL EQUIPMENT,UPPER APEX,LANG_09,Round-Trip,mozilla,Paid Search,Paid Search,Logged-Out,AREA_C,AREA_C,AREA_C_TO_AREA_C,CA,CI,120_plus,high,6_8,Y,L,0,0.76124114,32.60395793974399
76.0,52.2534566,6.069444444444445,3,3,0,0,0,0,0,0,0,4,1,146.66666666666666,23.0,40.6885,4,0,SPECIAL EQUIPMENT,UPPER APEX,LANG_09,Round-Trip,apple,Paid Search,Paid Search,Logged-Out,AREA_C,AREA_B,AREA_C_TO_AREA_B,CE,BU,61_120,mid,6_8,Y,O,0,0.8012145,32.600216840893026
121.0,14.7789198,5.159722222222222,1,1,0,0,0,0,0,1,0,2,1,125.75,17.0,85.66,4,1,SPECIAL EQUIPMENT,WEST APEX,LANG_02,Round-Trip,google,Paid Search,Paid Search,Logged-In,AREA_C,AREA_B,AREA_C_TO_AREA_B,CA,BE,120_plus,very_low,6_8,Y,U,0,0.38057402,32.59997036159039
65.0,49.8232824,6.090277777777778,1,1,0,0,0,0,0,0,0,2,1,146.75,23.0,42.83,4,1,SPECIAL EQUIPMENT,UPPER APEX,LANG_09,Round-Trip,apple,Direct,Direct,Logged-Out,AREA_C,AREA_B,AREA_C_TO_AREA_B,CA,BI,61_120,mid,6_8,Y,L,0,0.7603378,32.565269241333006
22.0,40.2691943,19.63888888888889,1,1,0,0,0,0,0,1,0,4,1,472.5833333333333,22.0,47.8531024,3,0,SPECIAL EQUIPMENT,CENTRAL MERIDIAN,LANG_02,Round-Trip,google,Paid Search,Paid Search,Logged-In,AREA_B,AREA_C,AREA_B_TO_AREA_C,BI,CE,15_30,mid,15_30,Y,U,0,0.68049604,32.5638465416604
151.0,27.1653558,7.746527777777778,1,1,0,0,0,0,0,1,0,2,1,188.08333333333334,21.0,47.113,3,1,SPECIAL EQUIPMENT,UPPER APEX,LANG_09,Round-Trip,mozilla,Paid Search,Paid Search,Logged-In,AREA_C,AREA_B,AREA_C_TO_AREA_B,CA,BI,120_plus,low,6_8,Y,O,0,0.69068766,32.54036755609512
185.0,147.1022048,10.458333333333334,2,2,0,0,0,0,0,0,0,2,1,254.83333333333334,17.0,50.2841332,3,1,SPECIAL EQUIPMENT,UPPER APEX,LANG_09,Round-Trip,google,Direct,Direct,Logged-Out,AREA_C,AREA_C,AREA_C_TO_AREA_C,CA,CE,120_plus,very_high,9_14,Y,L,0,0.64682776,32.52517310847466
0.0,42.4004151,,1,1,0,0,0,0,0,0,0,2,1,4.833333333333333,12.0,63.8698092,3,0,SPECIAL EQUIPMENT,EAST AURORA,LANG_02,One-Way,apple,Paid Search,Organic Search,Logged-Out,AREA_C,AREA_B,AREA_C_TO_AREA_B,CI,BA,invalid_or_past,mid,unknown_or_oneway,Y,E,0,0.50904953,32.512896660875846
37.0,30.1043504,3.7395833333333335,1,1,0,0,0,0,0,0,1,2,1,91.66666666666667,15.0,85.66,3,1,SPECIAL EQUIPMENT,UPPER APEX,LANG_02,Round-Trip,apple,Direct,Direct,Logged-Out,AREA_C,AREA_B,AREA_C_TO_AREA_B,CA,BE,31_60,low,3_5,Y,L,0,0.37930265,32.49106505811214
158.0,42.1327276,4.232638888888889,2,2,0,0,0,0,0,1,1,2,1,103.91666666666667,8.0,72.275625,6,1,SPECIAL EQUIPMENT,UPPER APEX,LANG_09,Round-Trip,google,Direct,Direct,Logged-In,AREA_C,AREA_C,AREA_C_TO_AREA_C,CA,CU,120_plus,mid,3_5,Y,O,0,0.44938543,32.479613136369736
52.0,144.6206346,7.065972222222222,2,2,0,0,0,0,0,1,1,4,1,170.58333333333334,23.0,40.6885,4,0,SPECIAL EQUIPMENT,UPPER APEX,LANG_09,Round-Trip,google,Direct,Direct,Logged-In,AREA_C,AREA_B,AREA_C_TO_AREA_B,CE,BU,31_60,very_high,6_8,Y,U,0,0.7980238,32.47039219695329
19.0,113.3778628,5.045138888888889,2,2,0,0,0,0,0,0,0,2,1,122.58333333333333,21.0,42.83,4,1,SPECIAL EQUIPMENT,UPPER APEX,LANG_09,Round-Trip,google,Direct,Paid Search,Logged-Out,AREA_C,AREA_B,AREA_C_TO_AREA_B,CA,BI,15_30,very_high,6_8,Y,W,0,0.75806874,32.4680841499567
192.0,117.2060082,13.51736111111111,3,1,0,2,0,1,0,0,0,2,1,326.75,21.0,72.275625,6,1,SPECIAL EQUIPMENT,UPPER APEX,LANG_02,Round-Trip,microsoft,Direct,Direct,Logged-Out,AREA_C,AREA_C,AREA_C_TO_AREA_C,CA,CU,120_plus,very_high,9_14,Y,O,0,0.44921693,32.46743452509865
129.0,107.5067264,7.131944444444445,4,4,0,0,0,0,0,1,0,2,1,177.16666666666666,22.0,42.83,2,1,SPECIAL EQUIPMENT,UPPER APEX,LANG_09,Round-Trip,google,Paid Search,Organic Search,Logged-In,AREA_C,AREA_B,AREA_C_TO_AREA_B,CA,BI,120_plus,very_high,6_8,Y,O,0,0.75755745,32.44618565738201
179.0,118.3923992,5.190972222222222,4,3,1,0,0,0,1,0,0,2,1,129.66666666666666,13.0,42.83,3,1,SPECIAL EQUIPMENT,UPPER APEX,LANG_02,Round-Trip,google,Direct,Paid MetaSearches,Logged-Out,AREA_C,AREA_B,AREA_C_TO_AREA_B,CA,BI,120_plus,very_high,6_8,Y,O,0,0.75755745,32.44618565738201
182.0,113.0849056,7.236111111111111,4,4,0,0,0,0,0,0,1,2,1,174.25,22.0,42.83,2,1,SPECIAL EQUIPMENT,UPPER APEX,LANG_09,Round-Trip,mozilla,Direct,Email,Logged-Out,AREA_C,AREA_B,AREA_C_TO_AREA_B,CA,BI,120_plus,very_high,6_8,Y,O,0,0.75755745,32.44618565738201
104.0,152.3737212,7.190972222222222,3,3,0,0,0,0,0,1,0,2,1,177.66666666666666,8.0,42.83,2,1,SPECIAL EQUIPMENT,UPPER APEX,LANG_09,Round-Trip,apple,Paid Search,Organic Search,Logged-In,AREA_C,AREA_B,AREA_C_TO_AREA_B,CA,BI,61_120,very_high,6_8,Y,O,0,0.75755745,32.44618565738201
7.0,18.0215791,4.722222222222222,1,1,0,0,0,0,0,0,0,4,1,116.08333333333333,12.0,48.9581164,6,0,SPECIAL EQUIPMENT,NEW MERIDIAN,LANG_02,Round-Trip,apple,Direct,Direct,Logged-Out,AREA_C,AREA_C,AREA_C_TO_AREA_C,CI,CI,4_7,very_low,3_5,Y,U,0,0.6625963,32.43946606403854
195.0,162.317134,9.131944444444445,2,2,0,0,0,0,0,0,0,2,1,225.16666666666666,19.0,42.83,2,1,SPECIAL EQUIPMENT,UPPER APEX,LANG_09,Round-Trip,google,Paid Search,Paid Search,Logged-Out,AREA_C,AREA_B,AREA_C_TO_AREA_B,CA,BI,120_plus,very_high,9_14,Y,V,0,0.75674564,32.411415609717366
195.0,162.317134,9.131944444444445,2,2,0,0,0,0,0,1,0,2,1,225.16666666666666,19.0,42.83,2,1,SPECIAL EQUIPMENT,UPPER APEX,LANG_02,Round-Trip,google,Paid Search,MetaSearches,Logged-In,AREA_C,AREA_B,AREA_C_TO_AREA_B,CA,BI,120_plus,very_high,9_14,Y,V,0,0.75674564,32.411415609717366
32.0,42.1327276,3.5208333333333335,2,1,1,0,0,0,1,0,0,2,1,86.83333333333333,20.0,72.275625,3,1,SPECIAL EQUIPMENT,UPPER APEX,LANG_09,Round-Trip,samsung,Affiliate,Referrals,Logged-Out,AREA_C,AREA_C,AREA_C_TO_AREA_C,CA,CU,31_60,mid,3_5,Y,O,0,0.4480537,32.383360320087526
58.0,14.3086464,6.625,1,1,0,0,0,0,0,0,0,2,1,161.33333333333334,12.0,85.66,3,1,SPECIAL EQUIPMENT,UPPER APEX,LANG_02,Round-Trip,google,Direct,Referrals,Logged-Out,AREA_C,AREA_C,AREA_C_TO_AREA_C,CA,CU,31_60,very_low,6_8,Y,O,0,0.3779549,32.37561675667762
32.0,27.5242712,3.517361111111111,2,2,0,0,0,0,0,0,0,2,1,86.41666666666667,22.0,85.66,5,1,SPECIAL EQUIPMENT,UPPER APEX,LANG_09,Round-Trip,google,Paid Search,Paid Search,Logged-Out,AREA_C,AREA_B,AREA_C_TO_AREA_B,CA,BE,31_60,low,3_5,Y,U,0,0.37788388,32.36953327476978
36.0,61.12397790000001,7.34375,1,1,0,0,0,0,0,1,0,2,1,177.75,11.0,42.83,3,1,SPECIAL EQUIPMENT,UPPER APEX,LANG_09,Round-Trip,apple,Direct,Direct,Logged-In,AREA_C,AREA_B,AREA_C_TO_AREA_B,CA,BI,31_60,high,6_8,Y,W,0,0.75545365,32.35607966601849
33.0,56.45550790000001,7.194444444444445,1,1,0,0,0,0,0,0,0,2,1,174.16666666666666,11.0,42.83,2,1,SPECIAL EQUIPMENT,UPPER APEX,LANG_09,Round-Trip,microsoft,Direct,Direct,Logged-Out,AREA_C,AREA_B,AREA_C_TO_AREA_B,CA,BI,31_60,high,6_8,Y,W,0,0.75545365,32.35607966601849
4.0,285.0811913,,1,1,0,0,0,0,0,0,0,3,1,-189.08333333333334,17.0,82.87605,5,0,SPECIAL EQUIPMENT,UPPER APEX,LANG_02,Round-Trip,samsung,MetaSearches,MetaSearches,Logged-Out,AREA_B,AREA_C,AREA_B_TO_AREA_C,BE,CA,4_7,very_high,unknown_or_oneway,Y,L,0,0.3901773,32.33635421207249
31.0,57.670595,5.180555555555555,1,1,0,0,0,0,0,0,0,2,1,127.25,15.0,50.2841332,4,1,SPECIAL EQUIPMENT,UPPER APEX,LANG_09,Round-Trip,mozilla,Paid Search,Email,Logged-Out,AREA_C,AREA_C,AREA_C_TO_AREA_C,CA,CE,31_60,high,6_8,Y,O,0,0.6429454,32.329952577488946
35.0,73.5806551,0.3298611111111111,2,2,0,0,0,0,0,0,0,5,1,9.5,11.0,42.5695936,6,0,SPECIAL EQUIPMENT,NEW MERIDIAN,LANG_02,Round-Trip,google,Paid Search,Organic Search,Logged-Out,AREA_C,AREA_D,AREA_C_TO_AREA_D,CI,DA,31_60,high,1_2,Y,L,0,0.759248,32.32087957913666
140.0,37.9542328,5.190972222222222,1,1,0,0,0,0,0,0,0,2,1,129.66666666666666,8.0,42.83,3,1,SPECIAL EQUIPMENT,UPPER APEX,LANG_09,Round-Trip,microsoft,Direct,Direct,Logged-Out,AREA_C,AREA_B,AREA_C_TO_AREA_B,CA,BI,120_plus,mid,6_8,Y,U,0,0.75454885,32.3173271459341
68.0,47.8513892,7.190972222222222,1,1,0,0,0,0,0,0,0,2,1,177.66666666666666,22.0,42.83,5,1,SPECIAL EQUIPMENT,UPPER APEX,LANG_09,Round-Trip,apple,Direct,Direct,Logged-Out,AREA_C,AREA_B,AREA_C_TO_AREA_B,CA,BI,61_120,mid,6_8,Y,U,0,0.75454885,32.3173271459341
108.0,41.4474476,7.190972222222222,1,1,0,0,0,0,0,1,0,2,1,177.66666666666666,14.0,42.83,3,1,SPECIAL EQUIPMENT,UPPER APEX,LANG_09,Round-Trip,google,Paid Search,Paid Search,Logged-In,AREA_C,AREA_B,AREA_C_TO_AREA_B,CA,BI,61_120,mid,6_8,Y,U,0,0.75454885,32.3173271459341
53.0,72.0511958,,1,1,0,0,0,0,0,0,0,2,1,-337.3333333333333,16.0,50.2841332,2,1,SPECIAL EQUIPMENT,UPPER APEX,LANG_09,Round-Trip,google,Organic Search,Paid Search,Logged-Out,AREA_C,AREA_C,AREA_C_TO_AREA_C,CA,CE,31_60,high,unknown_or_oneway,Y,L,0,0.6426739,32.31630047771709
23.0,137.25001989999998,9.003472222222221,1,1,0,0,0,0,0,0,0,3,1,217.08333333333334,23.0,82.87605,5,0,SPECIAL EQUIPMENT,UPPER APEX,LANG_09,Round-Trip,apple,Paid Search,Organic Search,Logged-Out,AREA_B,AREA_C,AREA_B_TO_AREA_C,BE,CA,15_30,very_high,9_14,Y,O,0,0.38950923,32.28098649156243
28.0,98.4391871,9.34375,2,2,0,0,0,0,0,1,0,2,1,225.75,20.0,42.83,2,1,SPECIAL EQUIPMENT,UPPER APEX,LANG_09,Round-Trip,apple,Direct,Direct,Logged-In,AREA_C,AREA_B,AREA_C_TO_AREA_B,CA,BI,15_30,high,9_14,Y,W,0,0.75366926,32.27965448856354
20.0,32.599626199999996,6.638888888888889,1,1,0,0,0,0,0,0,0,4,1,160.58333333333334,22.0,47.8531024,4,0,SPECIAL EQUIPMENT,NORTH MERIDIAN,LANG_02,Round-Trip,apple,Direct,Direct,Logged-Out,AREA_B,AREA_C,AREA_B_TO_AREA_C,BI,CE,15_30,low,6_8,Y,L,0,0.674443,32.27419025375023
26.0,56.702637,,1,1,0,0,0,0,0,0,0,3,1,-168.91666666666666,17.0,77.094,2,1,SPECIAL EQUIPMENT,UPPER APEX,LANG_02,Round-Trip,google,Paid Search,Paid Search,Logged-Out,AREA_C,AREA_B,AREA_C_TO_AREA_B,CA,BA,15_30,high,unknown_or_oneway,Y,S,0,0.41859463,32.27113429516554
28.0,68.622226,7.236111111111111,1,1,0,0,0,0,0,1,0,2,1,174.25,16.0,42.83,3,1,SPECIAL EQUIPMENT,UPPER APEX,LANG_02,Round-Trip,apple,Direct,Direct,Logged-In,AREA_C,AREA_B,AREA_C_TO_AREA_B,CA,BI,15_30,high,6_8,Y,S,0,0.7534462,32.270101660490035
85.0,27.118242800000004,4.739583333333333,2,2,0,0,0,0,0,0,0,2,1,115.75,11.0,85.66,6,1,SPECIAL EQUIPMENT,WEST APEX,LANG_09,Round-Trip,microsoft,Paid Search,Paid Search,Logged-Out,AREA_C,AREA_B,AREA_C_TO_AREA_B,CA,BE,61_120,low,3_5,Y,O,0,0.37652296,32.252956606149674
194.0,75.9410164,8.14236111111111,2,2,0,0,0,0,0,1,1,2,1,201.41666666666666,12.0,42.83,3,1,SPECIAL EQUIPMENT,UPPER APEX,LANG_09,Round-Trip,apple,Direct,Direct,Logged-In,AREA_C,AREA_B,AREA_C_TO_AREA_B,CA,BI,120_plus,high,9_14,Y,U,0,0.75268435,32.23747091531754
2.0,43.4690236,7.125,1,1,0,0,0,0,0,0,0,2,1,173.0,22.0,85.66,2,1,SPECIAL EQUIPMENT,GREAT MERIDIAN,LANG_02,Round-Trip,google,Paid Search,Paid Search,Logged-Out,AREA_C,AREA_B,AREA_C_TO_AREA_B,CA,BE,0_3,mid,6_8,Y,W,0,0.3763154,32.23517588794231
67.0,76.5149384,7.21875,2,2,0,0,0,0,0,1,0,2,1,177.25,20.0,42.83,5,1,SPECIAL EQUIPMENT,UPPER APEX,LANG_09,Round-Trip,mozilla,Paid Search,Organic Search,Logged-In,AREA_C,AREA_C,AREA_C_TO_AREA_C,CA,CI,61_120,high,6_8,Y,O,0,0.75261265,32.234399816393854
72.0,53.7310916,4.128472222222222,2,2,0,0,0,0,0,0,0,2,1,101.25,11.0,47.113,5,1,SPECIAL EQUIPMENT,UPPER APEX,LANG_09,Round-Trip,google,Direct,Direct,Logged-Out,AREA_C,AREA_B,AREA_C_TO_AREA_B,CA,BI,61_120,mid,3_5,Y,L,1,0.6841179,32.23084724676609
34.0,53.8523005,7.388888888888889,1,1,0,0,0,0,0,0,0,2,1,177.91666666666666,12.0,42.83,3,1,SPECIAL EQUIPMENT,UPPER APEX,LANG_02,Round-Trip,google,Organic Search,Organic Search,Logged-Out,AREA_C,AREA_B,AREA_C_TO_AREA_B,CA,BI,31_60,mid,6_8,Y,W,0,0.7524544,32.227621954679485
261.0,1158.410161,12.0,5,5,0,0,0,0,0,0,0,2,1,295.25,19.0,68.8500816,2,1,SPECIAL EQUIPMENT,UPPER APEX,LANG_02,Round-Trip,mozilla,MetaSearches,MetaSearches,Logged-Out,AREA_C,AREA_B,AREA_C_TO_AREA_B,CA,BU,120_plus,very_high,9_14,Y,T,0,0.46805713,32.225771305260224
55.0,81.6129933,7.190972222222222,2,2,0,0,0,0,0,0,0,2,1,177.66666666666666,23.0,42.83,3,1,SPECIAL EQUIPMENT,GREAT HORIZON,LANG_02,Round-Trip,google,Paid Search,Paid Search,Logged-Out,AREA_C,AREA_B,AREA_C_TO_AREA_B,CA,BI,31_60,high,6_8,Y,V,0,0.7523604,32.22359608352184
140.0,218.5280826,9.746527777777779,2,2,0,0,0,0,0,0,0,2,1,237.75,12.0,50.2841332,2,1,SPECIAL EQUIPMENT,UPPER APEX,LANG_09,Round-Trip,google,Organic Search,Organic Search,Logged-Out,AREA_C,AREA_C,AREA_C_TO_AREA_C,CA,CE,120_plus,very_high,9_14,Y,V,0,0.6407491,32.21951293481202
3.0,40.1514118,4.138888888888889,1,1,0,0,0,0,0,0,0,2,1,101.66666666666667,10.0,72.275625,6,1,SPECIAL EQUIPMENT,UPPER APEX,LANG_09,Round-Trip,opera,Affiliate,Affiliate,Logged-Out,AREA_C,AREA_C,AREA_C_TO_AREA_C,CA,CU,0_3,mid,3_5,Y,V,0,0.4455989,32.205939019806685
4.0,94.21400760000002,2.138888888888889,1,1,0,0,0,0,0,0,0,4,1,53.416666666666664,9.0,45.935175,3,0,SPECIAL EQUIPMENT,LOWER ZENITH,LANG_02,Round-Trip,google,Direct,Email,Logged-Out,AREA_C,AREA_D,AREA_C_TO_AREA_D,CE,DA,4_7,high,3_5,C,Z,0,0.7008642,32.19431948639453
11.0,37.8976972,3.7534722222222223,2,2,0,0,0,0,0,0,0,2,1,92.0,21.0,85.66,6,1,SPECIAL EQUIPMENT,UPPER APEX,LANG_09,Round-Trip,google,Paid Search,Paid Search,Logged-Out,AREA_C,AREA_B,AREA_C_TO_AREA_B,CA,BE,8_14,mid,3_5,Y,U,0,0.37583578,32.19409260034561
64.0,35.4486778,3.7222222222222223,1,1,0,0,0,0,0,0,0,4,1,92.08333333333333,3.0,43.575242,5,0,SPECIAL EQUIPMENT,NEW MERIDIAN,LANG_02,Round-Trip,apple,Paid Search,Paid Search,Logged-Out,AREA_C,AREA_C,AREA_C_TO_AREA_C,CI,CI,61_120,mid,3_5,Y,L,0,0.7386103,32.185123753347995
26.0,56.7634556,6.34375,1,1,0,0,0,0,0,0,0,2,1,153.75,13.0,42.83,3,1,SPECIAL EQUIPMENT,UPPER APEX,LANG_09,Round-Trip,google,Direct,Direct,Logged-Out,AREA_C,AREA_B,AREA_C_TO_AREA_B,CA,BI,15_30,high,6_8,Y,V,0,0.7513783,32.18153249502182
95.0,184.1544378,9.118055555555555,3,2,0,0,1,1,0,1,0,2,1,222.66666666666666,13.0,50.2841332,5,1,SPECIAL EQUIPMENT,CENTRAL HORIZON,LANG_02,Round-Trip,apple,Direct,Direct,Logged-In,AREA_C,AREA_C,AREA_C_TO_AREA_C,CA,CE,61_120,very_high,9_14,Y,V,0,0.6399384,32.17874845424187
86.0,36.2290404,6.493055555555555,2,2,0,0,0,0,0,0,0,2,1,157.75,23.0,46.77036,3,1,SPECIAL EQUIPMENT,UPPER APEX,LANG_09,Round-Trip,apple,MetaSearches,MetaSearches,Logged-Out,AREA_C,AREA_C,AREA_C_TO_AREA_C,CA,CU,61_120,mid,6_8,Y,O,0,0.6879616,32.176210686492915
130.0,90.367017,8.753472222222221,1,1,0,0,0,0,0,1,0,2,1,213.91666666666666,22.0,50.2841332,5,1,SPECIAL EQUIPMENT,UPPER APEX,LANG_09,Round-Trip,apple,Direct,Direct,Logged-In,AREA_C,AREA_C,AREA_C_TO_AREA_C,CA,CE,120_plus,high,9_14,Y,L,0,0.63966817,32.16515929499585
52.0,205.49834,10.458333333333334,2,2,0,0,0,0,0,0,0,2,1,254.83333333333334,12.0,50.2841332,5,1,SPECIAL EQUIPMENT,UPPER APEX,LANG_09,Round-Trip,google,Direct,Affiliate,Logged-Out,AREA_C,AREA_C,AREA_C_TO_AREA_C,CA,CE,31_60,very_high,9_14,Y,W,0,0.63941175,32.152265478702
72.0,27.386786900000004,6.409722222222222,1,1,0,0,0,0,0,0,0,4,1,155.08333333333334,18.0,42.83,5,1,SPECIAL EQUIPMENT,UPPER APEX,LANG_02,Round-Trip,apple,Direct,Direct,Logged-Out,AREA_C,AREA_C,AREA_C_TO_AREA_C,CA,CO,61_120,low,6_8,Y,O,0,0.7505284,32.145131165385244
254.0,72.5433125,9.180555555555555,1,1,0,0,0,0,0,0,0,2,1,223.16666666666666,14.0,50.2841332,5,1,SPECIAL EQUIPMENT,UPPER APEX,LANG_09,Round-Trip,google,Direct,Direct,Logged-Out,AREA_C,AREA_C,AREA_C_TO_AREA_C,CA,CE,120_plus,high,9_14,Y,L,0,0.63902825,32.13298170045125
14.0,49.56972880000001,4.385416666666667,2,2,0,0,0,0,0,0,0,2,1,107.25,10.0,85.66,5,1,SPECIAL EQUIPMENT,UPPER APEX,LANG_09,Round-Trip,google,Organic Search,Organic Search,Logged-Out,AREA_C,AREA_B,AREA_C_TO_AREA_B,CA,BE,8_14,mid,3_5,Y,W,0,0.3750352,32.12551493585109
165.0,900.9054935,13.64236111111111,5,5,0,0,0,0,0,1,1,2,1,333.3333333333333,16.0,82.87605,5,0,SPECIAL EQUIPMENT,UPPER APEX,LANG_09,Round-Trip,google,Paid Search,Paid Search,Logged-In,AREA_B,AREA_C,AREA_B_TO_AREA_C,BE,CA,120_plus,very_high,9_14,Y,V,0,0.38739866,32.106070731255414
212.0,514.3685982000001,13.64236111111111,3,2,1,0,0,0,1,0,0,2,1,333.3333333333333,15.0,82.87605,5,0,SPECIAL EQUIPMENT,UPPER APEX,LANG_09,Round-Trip,google,Paid Search,Paid Search,Logged-Out,AREA_B,AREA_C,AREA_B_TO_AREA_C,BE,CA,120_plus,very_high,9_14,Y,V,0,0.38739866,32.106070731255414
,209.8036116,,4,4,0,0,0,0,0,0,0,2,1,4.666666666666667,21.0,36.8111001,4,0,SPECIAL EQUIPMENT,NEW MERIDIAN,LANG_10,One-Way,google,Direct,Direct,Logged-Out,AREA_B,AREA_C,AREA_B_TO_AREA_C,BE,CI,,very_high,unknown_or_oneway,Y,Q,1,0.8721594,32.10514776593093
10.0,28.5145008,19.79861111111111,1,1,0,0,0,0,0,1,0,2,1,477.5833333333333,11.0,92.0845,6,1,SPECIAL EQUIPMENT,NORTH HORIZON,LANG_02,Round-Trip,microsoft,Direct,Direct,Logged-In,AREA_C,AREA_C,AREA_C_TO_AREA_C,CA,CU,8_14,low,15_30,Y,L,0,0.34850335,32.09175684463978
42.0,25.1253629,7.010416666666667,1,1,0,0,0,0,0,0,0,4,1,171.08333333333334,22.0,48.9683956,4,0,SPECIAL EQUIPMENT,NEW AURORA,LANG_02,Round-Trip,apple,Direct,Direct,Logged-Out,AREA_C,AREA_B,AREA_C_TO_AREA_B,CU,BI,31_60,low,6_8,Y,O,0,0.6552801,32.088015812980274
109.0,27.4060604,7.743055555555555,1,1,0,0,0,0,0,0,0,2,1,188.08333333333334,17.0,47.113,2,1,SPECIAL EQUIPMENT,UPPER APEX,LANG_09,Round-Trip,microsoft,Direct,Direct,Logged-Out,AREA_C,AREA_C,AREA_C_TO_AREA_C,CA,CI,61_120,low,6_8,Y,O,0,0.6808757,32.078097730100154
52.0,49.9453479,7.46875,3,3,0,0,0,0,0,0,0,4,1,180.25,19.0,40.6885,4,0,SPECIAL EQUIPMENT,UPPER APEX,LANG_09,Round-Trip,google,Direct,Direct,Logged-Out,AREA_C,AREA_B,AREA_C_TO_AREA_B,CE,BU,31_60,mid,6_8,Y,O,0,0.78821087,32.071117936611174
73.0,300.22116800000003,11.010416666666666,2,2,0,0,0,0,0,0,0,2,1,270.9166666666667,15.0,68.8500816,1,1,SPECIAL EQUIPMENT,UPPER APEX,LANG_09,Round-Trip,google,Paid Search,MetaSearches,Logged-Out,AREA_C,AREA_B,AREA_C_TO_AREA_B,CA,BU,61_120,very_high,9_14,Y,L,0,0.46562505,32.05832252802772
107.0,60.3697416,3.7395833333333335,4,3,1,0,0,0,1,0,0,2,1,91.75,21.0,85.66,6,1,SPECIAL EQUIPMENT,UPPER APEX,LANG_09,Round-Trip,google,Paid Search,Organic Search,Logged-Out,AREA_C,AREA_B,AREA_C_TO_AREA_B,CA,BE,61_120,high,3_5,Y,O,0,0.37420088,32.05404742598534
24.0,118.1833888,6.517361111111111,1,1,0,0,0,0,0,0,0,2,1,158.58333333333334,19.0,42.83,3,1,SPECIAL EQUIPMENT,UPPER APEX,LANG_09,Round-Trip,apple,Email,Email,Logged-Out,AREA_C,AREA_B,AREA_C_TO_AREA_B,CA,BI,15_30,very_high,6_8,Y,Y,0,0.74826086,32.04801244854927
48.0,37.2286926,7.190972222222222,1,1,0,0,0,0,0,0,0,2,1,177.66666666666666,9.0,42.83,2,1,SPECIAL EQUIPMENT,UPPER APEX,LANG_09,Round-Trip,apple,Direct,Direct,Logged-Out,AREA_C,AREA_B,AREA_C_TO_AREA_B,CA,BI,31_60,mid,6_8,Y,W,0,0.74825704,32.047849065065385
42.0,32.4642834,8.215277777777779,1,1,0,0,0,0,0,0,0,4,1,198.16666666666666,18.0,47.113,2,0,SPECIAL EQUIPMENT,UPPER APEX,LANG_09,Round-Trip,google,Paid Search,Paid Search,Logged-Out,AREA_B,AREA_B,AREA_B_TO_AREA_B,BE,BI,31_60,low,9_14,Y,U,0,0.6801803,32.04533500170707
27.0,39.2048688,8.729166666666666,2,2,0,0,0,0,0,0,0,2,1,211.5,11.0,42.83,3,1,SPECIAL EQUIPMENT,UPPER APEX,LANG_09,Round-Trip,google,Direct,Direct,Logged-Out,AREA_C,AREA_B,AREA_C_TO_AREA_B,CA,BI,15_30,mid,9_14,Y,U,0,0.7481001,32.04112736642361
133.0,42.3365984,6.215277777777778,2,2,0,0,0,0,0,1,0,2,1,153.08333333333334,18.0,42.83,3,1,SPECIAL EQUIPMENT,UPPER APEX,LANG_09,Round-Trip,microsoft,Direct,Direct,Logged-In,AREA_C,AREA_C,AREA_C_TO_AREA_C,CA,CI,120_plus,mid,6_8,Y,O,0,0.74798334,32.03612630009651
207.0,42.1327276,14.51736111111111,2,2,0,0,0,0,0,0,0,2,1,350.75,15.0,72.275625,6,1,SPECIAL EQUIPMENT,UPPER APEX,LANG_09,Round-Trip,google,Direct,Direct,Logged-Out,AREA_C,AREA_C,AREA_C_TO_AREA_C,CA,CU,120_plus,mid,15_30,Y,O,0,0.44308025,32.02390173722059
99.0,31.8860784,4.15625,2,2,0,0,0,0,0,0,0,2,1,101.66666666666667,12.0,85.66,6,1,SPECIAL EQUIPMENT,UPPER APEX,LANG_09,Round-Trip,google,Paid Search,Paid Search,Logged-Out,AREA_C,AREA_B,AREA_C_TO_AREA_B,CA,BE,61_120,low,3_5,Y,O,0,0.37380672,32.02028320789337
109.0,35.8624156,6.732638888888889,2,2,0,0,0,0,0,0,0,4,1,162.58333333333334,15.0,47.113,3,0,SPECIAL EQUIPMENT,UPPER APEX,LANG_09,Round-Trip,apple,Direct,Direct,Logged-Out,AREA_B,AREA_B,AREA_B_TO_AREA_B,BE,BI,61_120,mid,6_8,Y,O,1,0.6791412,31.996380459487437
3.0,67.0101048,5.746527777777778,1,1,0,0,0,0,0,0,0,2,1,140.16666666666666,9.0,42.83,1,1,SPECIAL EQUIPMENT,UPPER APEX,LANG_02,Round-Trip,apple,Direct,Direct,Logged-Out,AREA_C,AREA_B,AREA_C_TO_AREA_B,CA,BI,0_3,high,6_8,C,I,0,0.7467303,31.982459931373594
36.0,21.0663638,10.13888888888889,1,1,0,0,0,0,0,1,1,2,1,245.66666666666666,14.0,72.275625,6,1,SPECIAL EQUIPMENT,UPPER APEX,LANG_02,Round-Trip,mozilla,Direct,Direct,Logged-In,AREA_C,AREA_C,AREA_C_TO_AREA_C,CA,CU,31_60,very_low,9_14,Y,O,0,0.44222012,31.96173567781225
30.0,40.5767137,7.388888888888889,1,1,0,0,0,0,0,1,0,2,1,177.91666666666666,11.0,42.83,3,1,SPECIAL EQUIPMENT,UPPER APEX,LANG_02,Round-Trip,google,Paid Search,Paid Search,Logged-In,AREA_C,AREA_B,AREA_C_TO_AREA_B,CA,BI,15_30,mid,6_8,Y,U,0,0.74621034,31.960188720226288
29.0,30.2431196,3.513888888888889,2,2,0,0,0,0,0,0,0,2,1,86.33333333333333,20.0,85.66,6,1,SPECIAL EQUIPMENT,UPPER APEX,LANG_09,Round-Trip,apple,Direct,Direct,Logged-Out,AREA_C,AREA_B,AREA_C_TO_AREA_B,CA,BE,15_30,low,3_5,Y,O,0,0.3730547,31.955866716504097
18.0,193.8425838,8.934027777777779,3,3,0,0,0,0,0,0,0,2,1,215.0,14.0,42.83,3,1,SPECIAL EQUIPMENT,UPPER APEX,LANG_02,Round-Trip,google,MetaSearches,MetaSearches,Logged-Out,AREA_C,AREA_B,AREA_C_TO_AREA_B,CA,BI,15_30,very_high,9_14,Y,U,0,0.74609584,31.95528466284275
43.0,106.8771254,4.666666666666667,3,2,0,1,0,1,0,0,0,2,1,117.08333333333333,19.0,42.83,4,1,SPECIAL EQUIPMENT,UPPER APEX,LANG_09,Round-Trip,google,Paid Search,Organic Search,Logged-Out,AREA_C,AREA_B,AREA_C_TO_AREA_B,CA,BI,31_60,very_high,3_5,Y,U,0,0.74600136,31.951238368749618
50.0,50.3560876,5.222222222222222,3,2,0,1,0,1,0,1,1,2,1,129.33333333333334,19.0,42.83,3,1,SPECIAL EQUIPMENT,UPPER APEX,LANG_02,Round-Trip,google,Direct,Direct,Logged-In,AREA_C,AREA_C,AREA_C_TO_AREA_C,CA,CI,31_60,mid,6_8,Y,U,0,0.7457657,31.94114433288574
5.0,283.0531908,5.0,1,1,0,0,0,0,0,0,1,3,1,125.33333333333333,14.0,82.87605,4,0,SPECIAL EQUIPMENT,UPPER APEX,LANG_02,Round-Trip,google,Paid Search,Paid Search,Logged-Out,AREA_B,AREA_C,AREA_B_TO_AREA_C,BE,CA,4_7,very_high,3_5,Y,S,0,0.38508993,31.91473261409104
146.0,116.4230758,,1,1,0,0,0,0,0,0,0,2,1,281.3333333333333,7.0,65.0253626,4,1,SPECIAL EQUIPMENT,LOWER VERTEX,LANG_09,Multi-City,apple,Paid Search,Paid Search,Logged-Out,AREA_B,AREA_C,AREA_B_TO_AREA_C,BU,CA,120_plus,very_high,unknown_or_oneway,Y,O,0,0.4907559,31.91157942479524
141.0,43.3765108,7.204861111111111,1,1,0,0,0,0,0,1,1,2,1,176.41666666666666,13.0,77.094,6,1,SPECIAL EQUIPMENT,UPPER APEX,LANG_09,Round-Trip,apple,Direct,Direct,Logged-In,AREA_C,AREA_B,AREA_C_TO_AREA_B,CA,BA,120_plus,mid,6_8,Y,L,0,0.41384432,31.904913790047168
89.0,134.2155144,6.517361111111111,2,2,0,0,0,0,0,1,1,2,1,158.58333333333334,17.0,42.83,3,1,SPECIAL EQUIPMENT,UPPER APEX,LANG_02,Round-Trip,apple,Direct,Paid Search,Logged-In,AREA_C,AREA_B,AREA_C_TO_AREA_B,CA,BI,61_120,very_high,6_8,Y,O,0,0.7449029,31.90419158399105
20.0,277.8317855,4.892361111111111,5,4,1,0,0,0,1,0,0,2,1,118.91666666666667,19.0,42.83,5,1,SPECIAL EQUIPMENT,UPPER APEX,LANG_09,Round-Trip,google,Paid MetaSearches,Paid MetaSearches,Logged-Out,AREA_C,AREA_B,AREA_C_TO_AREA_B,CA,BI,15_30,very_high,3_5,Y,V,0,0.744889,31.903596765995026
57.0,26.1742696,3.513888888888889,2,2,0,0,0,0,0,1,0,2,1,86.33333333333333,19.0,85.66,6,1,SPECIAL EQUIPMENT,UPPER APEX,LANG_09,Round-Trip,google,Direct,Paid Search,Logged-In,AREA_C,AREA_B,AREA_C_TO_AREA_B,CA,BE,31_60,low,3_5,Y,O,0,0.3720036,31.8658270996809
153.0,260.1177258,12.065972222222221,4,3,1,0,0,0,1,0,0,2,1,294.5833333333333,21.0,81.377,2,1,SPECIAL EQUIPMENT,UPPER APEX,LANG_09,Round-Trip,google,Organic Search,Organic Search,Logged-Out,AREA_C,AREA_C,AREA_C_TO_AREA_C,CA,CA,120_plus,very_high,9_14,Y,O,0,0.39155877,31.863877730488774
170.0,214.8793949,12.065972222222221,4,4,0,0,0,0,0,0,0,2,1,294.5833333333333,5.0,81.377,2,1,SPECIAL EQUIPMENT,UPPER APEX,LANG_09,Round-Trip,google,Paid Search,MetaSearches,Logged-Out,AREA_C,AREA_C,AREA_C_TO_AREA_C,CA,CA,120_plus,very_high,9_14,Y,O,0,0.39155877,31.863877730488774
0.0,124.9792249,,1,1,0,0,0,0,0,0,0,1,0,2.6666666666666665,9.0,60.107622,1,1,SPECIAL EQUIPMENT,UPPER MERIDIAN,LANG_02,One-Way,apple,MetaSearches,MetaSearches,Logged-Out,AREA_C,AREA_C,AREA_C_TO_AREA_C,CA,CI,invalid_or_past,very_high,unknown_or_oneway,C,C,0,0.53008837,31.862351074704765
89.0,88.6975036,9.118055555555555,1,1,0,0,0,0,0,0,0,2,1,222.66666666666666,18.0,50.2841332,5,1,SPECIAL EQUIPMENT,UPPER APEX,LANG_09,Round-Trip,microsoft,Paid Search,Paid Search,Logged-Out,AREA_C,AREA_C,AREA_C_TO_AREA_C,CA,CE,61_120,high,9_14,Y,V,0,0.6335361,31.856813658897305
89.0,88.6975036,9.118055555555555,1,1,0,0,0,0,0,0,0,2,1,222.66666666666666,16.0,50.2841332,5,1,SPECIAL EQUIPMENT,UPPER APEX,LANG_09,Round-Trip,apple,Direct,Direct,Logged-Out,AREA_C,AREA_C,AREA_C_TO_AREA_C,CA,CE,61_120,high,9_14,Y,V,0,0.6335361,31.856813658897305
13.0,47.02734,4.121527777777778,2,2,0,0,0,0,0,1,0,2,1,100.83333333333333,21.0,49.2545,6,1,SPECIAL EQUIPMENT,UPPER APEX,LANG_09,Round-Trip,google,Direct,Paid Search,Logged-In,AREA_C,AREA_B,AREA_C_TO_AREA_B,CA,BI,8_14,mid,3_5,Y,L,0,0.6467767,31.856661796808243
264.0,41.204601499999995,5.041666666666667,1,1,0,0,0,0,0,1,0,2,1,122.5,16.0,42.83,5,1,SPECIAL EQUIPMENT,UPPER APEX,LANG_09,Round-Trip,other,Direct,Direct,Logged-In,AREA_C,AREA_B,AREA_C_TO_AREA_B,CA,BI,120_plus,mid,6_8,Y,U,0,0.74367607,31.85164592385292
170.0,101.59276,6.118055555555555,4,2,0,1,1,1,0,0,0,2,1,148.75,11.0,42.83,3,1,SPECIAL EQUIPMENT,UPPER APEX,LANG_09,Round-Trip,microsoft,Paid Search,Paid Search,Logged-Out,AREA_C,AREA_C,AREA_C_TO_AREA_C,CA,CE,120_plus,high,6_8,Y,L,0,0.74334764,31.837579627037048
2.0,118.6930658,6.347222222222222,2,2,0,0,0,0,0,0,0,5,1,153.33333333333334,22.0,40.6885,4,0,SPECIAL EQUIPMENT,UPPER APEX,LANG_09,Round-Trip,google,Direct,Paid Search,Logged-Out,AREA_C,AREA_B,AREA_C_TO_AREA_B,CE,BU,0_3,very_high,6_8,Y,W,0,0.7821499,31.824506650745867
89.0,177.0575068,9.746527777777779,2,2,0,0,0,0,0,1,0,2,1,237.75,22.0,50.2841332,5,1,SPECIAL EQUIPMENT,UPPER APEX,LANG_09,Round-Trip,samsung,Direct,Direct,Logged-In,AREA_C,AREA_C,AREA_C_TO_AREA_C,CA,CE,61_120,very_high,9_14,Y,W,0,0.63288003,31.823823831852554
80.0,75.3790868,8.45138888888889,2,1,1,0,0,0,1,0,0,4,1,203.83333333333334,21.0,47.113,2,0,SPECIAL EQUIPMENT,UPPER APEX,LANG_09,Round-Trip,apple,Organic Search,Organic Search,Logged-Out,AREA_B,AREA_B,AREA_B_TO_AREA_B,BE,BI,61_120,high,9_14,Y,O,0,0.6753862,31.81946958899498
25.0,27.2809968,13.475694444444445,1,1,0,0,0,0,0,0,0,4,1,324.75,13.0,41.9871056,6,0,SPECIAL EQUIPMENT,UPPER HORIZON,LANG_05,Round-Trip,google,Paid Search,Paid Search,Logged-Out,AREA_C,AREA_C,AREA_C_TO_AREA_C,CI,CE,15_30,low,9_14,Y,O,0,0.75773966,31.81529525289936
1.0,112.5803682,11.6875,2,2,0,0,0,0,0,0,0,4,1,283.1666666666667,,39.4344376,3,0,SPECIAL EQUIPMENT,NEW MERIDIAN,LANG_02,Round-Trip,apple,Direct,Direct,Logged-Out,AREA_C,AREA_C,AREA_C_TO_AREA_C,CI,CE,0_3,very_high,9_14,Y,T,0,0.8064809,31.803120117458725
7.0,207.656972,,1,1,0,0,0,0,0,0,0,3,1,-409.6666666666667,14.0,82.87605,5,0,SPECIAL EQUIPMENT,UPPER APEX,LANG_02,Round-Trip,apple,Direct,Direct,Logged-Out,AREA_B,AREA_C,AREA_B_TO_AREA_C,BE,CA,4_7,very_high,unknown_or_oneway,Y,V,0,0.38369358,31.799007977575066
49.0,93.2177818,4.666666666666667,2,2,0,0,0,0,0,0,0,4,1,112.91666666666667,21.0,40.6885,4,0,SPECIAL EQUIPMENT,UPPER APEX,LANG_09,Round-Trip,apple,Direct,Paid Search,Logged-Out,AREA_C,AREA_B,AREA_C_TO_AREA_B,CE,BU,31_60,high,3_5,Y,O,0,0.7814034,31.79413315051794
37.0,590.856982,5.447916666666667,5,3,1,1,0,1,1,0,0,2,1,134.91666666666666,16.0,42.83,3,1,SPECIAL EQUIPMENT,UPPER APEX,LANG_09,Round-Trip,microsoft,Direct,Direct,Logged-Out,AREA_C,AREA_C,AREA_C_TO_AREA_C,CA,CE,31_60,very_high,6_8,Y,L,0,0.7422386,31.79007843196392
44.0,454.3466362,7.319444444444445,1,1,0,0,0,0,0,0,0,2,1,191.83333333333334,9.0,57.8205,1,1,SPECIAL EQUIPMENT,LOWER VERTEX,LANG_02,Round-Trip,apple,Direct,Direct,Logged-Out,AREA_C,AREA_B,AREA_C_TO_AREA_B,CA,BO,31_60,very_high,6_8,P,A,0,0.54939985,31.766574186086658
12.0,79.6325341,4.690972222222222,1,1,0,0,0,0,0,1,0,4,1,115.25,21.0,39.4344376,3,0,SPECIAL EQUIPMENT,NEW MERIDIAN,LANG_10,Round-Trip,apple,Direct,Email,Logged-In,AREA_C,AREA_C,AREA_C_TO_AREA_C,CI,CE,8_14,high,3_5,C,Z,0,0.80504334,31.746431345851043
35.0,118.8669556,4.791666666666667,2,2,0,0,0,0,0,0,0,2,1,115.58333333333333,20.0,42.83,5,1,SPECIAL EQUIPMENT,UPPER APEX,LANG_09,Round-Trip,google,Direct,Direct,Logged-Out,AREA_C,AREA_B,AREA_C_TO_AREA_B,CA,BI,31_60,very_high,3_5,Y,V,0,0.7409969,31.736897107958793
97.0,53.3456216,10.128472222222221,3,2,0,0,1,1,0,0,0,2,1,245.25,17.0,42.83,3,1,SPECIAL EQUIPMENT,UPPER APEX,LANG_09,Round-Trip,apple,Direct,Organic Search,Logged-Out,AREA_C,AREA_B,AREA_C_TO_AREA_B,CA,BI,61_120,mid,9_14,Y,L,0,0.7404026,31.71144247174263
56.0,58.64968880000001,7.541666666666667,2,2,0,0,0,0,0,0,0,2,1,183.08333333333334,22.0,42.83,2,1,SPECIAL EQUIPMENT,UPPER APEX,LANG_09,Round-Trip,mozilla,Direct,MetaSearches,Logged-Out,AREA_C,AREA_C,AREA_C_TO_AREA_C,CA,CI,31_60,high,6_8,Y,U,0,0.74019945,31.702742301225662
146.0,64.9679704,5.190972222222222,2,2,0,0,0,0,0,0,0,2,1,129.66666666666666,22.0,42.83,3,1,SPECIAL EQUIPMENT,UPPER APEX,LANG_09,Round-Trip,google,Direct,Paid Search,Logged-Out,AREA_C,AREA_B,AREA_C_TO_AREA_B,CA,BI,120_plus,high,6_8,Y,O,0,0.7401783,31.701836033463476
77.0,66.9998256,5.190972222222222,2,2,0,0,0,0,0,1,0,2,1,129.66666666666666,11.0,42.83,3,1,SPECIAL EQUIPMENT,UPPER APEX,LANG_09,Round-Trip,apple,Direct,Direct,Logged-In,AREA_C,AREA_B,AREA_C_TO_AREA_B,CA,BI,61_120,high,6_8,Y,O,0,0.7401783,31.701836033463476
119.0,58.4920744,6.517361111111111,2,2,0,0,0,0,0,0,0,2,1,158.58333333333334,21.0,42.83,3,1,SPECIAL EQUIPMENT,UPPER APEX,LANG_09,Round-Trip,google,Direct,Direct,Logged-Out,AREA_C,AREA_B,AREA_C_TO_AREA_B,CA,BI,61_120,high,6_8,Y,O,1,0.7401783,31.701836033463476
65.0,172.1406228,7.4375,3,2,0,0,1,1,0,1,0,2,1,182.25,14.0,42.83,2,1,SPECIAL EQUIPMENT,UPPER APEX,LANG_02,Round-Trip,google,Paid Search,MetaSearches,Logged-In,AREA_C,AREA_C,AREA_C_TO_AREA_C,CA,CE,61_120,very_high,6_8,Y,L,0,0.74015987,31.701047197580337
27.0,21.4368433,6.520833333333333,1,1,0,0,0,0,0,1,0,4,1,158.41666666666666,7.0,46.9194084,4,0,SPECIAL EQUIPMENT,SOUTH VERTEX,LANG_02,Round-Trip,apple,Direct,Direct,Logged-In,AREA_C,AREA_C,AREA_C_TO_AREA_C,CU,CE,15_30,low,6_8,Y,U,0,0.6753032,31.684827608153057
244.0,828.2910832,14.350694444444445,2,2,0,0,0,0,0,0,0,2,1,351.0833333333333,21.0,77.094,4,1,SPECIAL EQUIPMENT,UPPER APEX,LANG_09,Round-Trip,google,Paid Search,Paid Search,Logged-Out,AREA_C,AREA_B,AREA_C_TO_AREA_B,CA,BU,120_plus,very_high,15_30,P,A,0,0.41097838,31.683966986060142
52.0,79.9875948,7.190972222222222,2,2,0,0,0,0,0,0,0,2,1,177.66666666666666,21.0,42.83,2,1,SPECIAL EQUIPMENT,UPPER APEX,LANG_09,Round-Trip,apple,Direct,Direct,Logged-Out,AREA_C,AREA_B,AREA_C_TO_AREA_B,CA,BI,31_60,high,6_8,Y,O,0,0.73959523,31.676863889098165
9.0,156.0879388,5.180555555555555,2,2,0,0,0,0,0,0,0,2,1,127.25,14.0,50.2841332,4,1,SPECIAL EQUIPMENT,UPPER APEX,LANG_02,Round-Trip,google,Paid Search,Paid Search,Logged-Out,AREA_C,AREA_C,AREA_C_TO_AREA_C,CA,CE,8_14,very_high,6_8,Y,W,0,0.62975043,31.666454534240888
155.0,134.91963959999998,10.427083333333334,2,2,0,0,0,0,0,0,0,2,1,254.08333333333334,8.0,50.2841332,5,1,SPECIAL EQUIPMENT,UPPER APEX,LANG_09,Round-Trip,google,Paid Search,Paid Search,Logged-Out,AREA_C,AREA_C,AREA_C_TO_AREA_C,CA,CE,120_plus,very_high,9_14,Y,L,0,0.6295939,31.65858397134278
160.0,143.6955066,10.13888888888889,2,2,0,0,0,0,0,1,0,2,1,247.16666666666666,15.0,50.2841332,5,1,SPECIAL EQUIPMENT,UPPER APEX,LANG_09,Round-Trip,apple,Paid Search,Paid Search,Logged-In,AREA_C,AREA_C,AREA_C_TO_AREA_C,CA,CE,120_plus,very_high,9_14,Y,L,0,0.6295939,31.65858397134278
37.0,63.3489964,4.666666666666667,2,2,0,0,0,0,0,0,0,2,1,117.08333333333333,13.0,42.83,4,1,SPECIAL EQUIPMENT,UPPER APEX,LANG_09,Round-Trip,mozilla,Direct,Direct,Logged-Out,AREA_C,AREA_B,AREA_C_TO_AREA_B,CA,BI,31_60,high,3_5,Y,L,0,0.7387464,31.640508511066436
31.0,63.311306,4.666666666666667,2,2,0,0,0,0,0,0,0,2,1,117.08333333333333,20.0,42.83,4,1,SPECIAL EQUIPMENT,UPPER APEX,LANG_09,Round-Trip,google,Direct,Paid Search,Logged-Out,AREA_C,AREA_B,AREA_C_TO_AREA_B,CA,BI,31_60,high,3_5,Y,L,0,0.7387464,31.640508511066436
5.0,35.9609246,3.517361111111111,1,1,0,0,0,0,0,0,0,2,1,86.58333333333333,14.0,64.245,5,1,SPECIAL EQUIPMENT,UPPER APEX,LANG_09,Round-Trip,google,Paid Search,Paid Search,Logged-Out,AREA_C,AREA_B,AREA_C_TO_AREA_B,CA,BI,4_7,mid,3_5,Y,L,0,0.49249706,31.64047340914607
26.0,294.8806953,7.4375,3,3,0,0,0,0,0,1,0,2,1,182.25,18.0,42.83,2,1,SPECIAL EQUIPMENT,UPPER APEX,LANG_09,Round-Trip,apple,Direct,Direct,Logged-In,AREA_C,AREA_C,AREA_C_TO_AREA_C,CA,CE,15_30,very_high,6_8,Y,L,0,0.7380192,31.60936353445053
42.0,17.5842848,5.895833333333333,2,2,0,0,0,0,0,1,0,2,1,143.41666666666666,15.0,85.66,4,1,SPECIAL EQUIPMENT,UPPER APEX,LANG_02,Round-Trip,apple,Direct,Direct,Logged-In,AREA_C,AREA_B,AREA_C_TO_AREA_B,CA,BE,31_60,very_low,6_8,Y,O,0,0.36881366,31.592578434348106
143.0,114.0275939,8.684027777777779,1,1,0,0,0,0,0,1,0,2,1,213.41666666666666,19.0,81.377,2,1,SPECIAL EQUIPMENT,UPPER APEX,LANG_09,Round-Trip,google,Organic Search,Paid Search,Logged-In,AREA_C,AREA_C,AREA_C_TO_AREA_C,CA,CA,120_plus,very_high,9_14,Y,L,0,0.38802004,31.575906681537628
49.0,37.2441114,5.121527777777778,1,1,0,0,0,0,0,1,0,2,1,124.83333333333333,14.0,42.83,4,1,SPECIAL EQUIPMENT,UPPER APEX,LANG_09,Round-Trip,apple,Direct,Direct,Logged-In,AREA_C,AREA_B,AREA_C_TO_AREA_B,CA,BI,31_60,mid,6_8,Y,V,0,0.73720264,31.57438925743103
175.0,189.26320020000003,9.13888888888889,2,2,0,0,0,0,0,1,0,2,1,223.16666666666666,19.0,50.2841332,4,1,SPECIAL EQUIPMENT,SOUTH HORIZON,LANG_02,Round-Trip,apple,Direct,Direct,Logged-In,AREA_C,AREA_C,AREA_C_TO_AREA_C,CA,CE,120_plus,very_high,9_14,Y,V,0,0.62769276,31.562986304092906
238.0,76.39201630000001,,1,1,0,0,0,0,0,0,0,2,1,1361.3333333333333,18.0,65.0253626,4,1,SPECIAL EQUIPMENT,LOWER VERTEX,LANG_02,Multi-City,google,Paid Search,Paid Search,Logged-Out,AREA_B,AREA_C,AREA_B_TO_AREA_C,BU,CA,120_plus,high,unknown_or_oneway,Y,O,0,0.48527437,31.55514216137634
82.0,33.688793100000005,,1,1,0,0,0,0,0,1,0,1,0,2.75,10.0,60.107622,3,1,SPECIAL EQUIPMENT,EAST MERIDIAN,LANG_02,One-Way,other,Direct,Direct,Logged-In,AREA_C,AREA_C,AREA_C_TO_AREA_C,CA,CI,61_120,low,unknown_or_oneway,Y,L,0,0.5247016,31.538565153473854
61.0,28.6258588,25.930555555555557,1,0,1,0,0,0,1,0,0,4,1,623.3333333333334,18.0,49.2545,4,0,SPECIAL EQUIPMENT,UPPER APEX,LANG_09,Round-Trip,opera,Direct,Direct,Logged-Out,AREA_B,AREA_C,AREA_B_TO_AREA_C,BE,CU,61_120,low,15_30,Y,U,0,0.6398504,31.515510444998743
12.0,135.372781,5.045138888888889,2,2,0,0,0,0,0,0,0,2,1,122.58333333333333,11.0,42.83,4,1,SPECIAL EQUIPMENT,UPPER APEX,LANG_09,Round-Trip,google,Direct,Direct,Logged-Out,AREA_C,AREA_B,AREA_C_TO_AREA_B,CA,BI,8_14,very_high,6_8,Y,W,0,0.7357837,31.51361570715904
56.0,28.9093934,8.322916666666666,1,1,0,0,0,0,0,1,0,4,1,200.66666666666666,16.0,47.113,2,0,SPECIAL EQUIPMENT,UPPER APEX,LANG_02,Round-Trip,google,Direct,Paid Search,Logged-In,AREA_B,AREA_B,AREA_B_TO_AREA_B,BE,BI,31_60,low,9_14,Y,L,0,0.66825724,31.483603182315825
75.0,239.4389735,7.989583333333333,3,3,0,0,0,0,0,0,0,4,1,193.83333333333334,22.0,37.6424304,4,0,SPECIAL EQUIPMENT,LOWER ZENITH,LANG_02,Round-Trip,google,Paid Search,Paid Search,Logged-Out,AREA_C,AREA_B,AREA_C_TO_AREA_B,CE,BU,61_120,very_high,6_8,Y,S,0,0.8359615,31.46762335896807
54.0,33.669519599999994,4.284722222222222,2,2,0,0,0,0,0,1,0,2,1,104.75,19.0,85.66,3,1,SPECIAL EQUIPMENT,UPPER VERTEX,LANG_11,Round-Trip,google,Paid Search,Paid Search,Logged-In,AREA_C,AREA_B,AREA_C_TO_AREA_B,CA,BE,31_60,low,3_5,Y,U,0,0.367333,31.465744346380234
20.0,108.9689426,4.743055555555555,2,2,0,0,0,0,0,0,0,2,1,115.33333333333333,8.0,42.83,5,1,SPECIAL EQUIPMENT,UPPER APEX,LANG_09,Round-Trip,google,Organic Search,Organic Search,Logged-Out,AREA_C,AREA_B,AREA_C_TO_AREA_B,CA,BI,15_30,very_high,3_5,Y,L,0,0.73444444,31.456255339980125
240.0,153.4838748,10.427083333333334,2,2,0,0,0,0,0,0,0,2,1,254.08333333333334,21.0,50.2841332,5,1,SPECIAL EQUIPMENT,UPPER APEX,LANG_09,Round-Trip,google,Direct,Direct,Logged-Out,AREA_C,AREA_C,AREA_C_TO_AREA_C,CA,CE,120_plus,very_high,9_14,Y,O,0,0.62546915,31.451173958519053
240.0,153.4838748,10.427083333333334,2,2,0,0,0,0,0,1,1,2,1,254.08333333333334,21.0,50.2841332,5,1,SPECIAL EQUIPMENT,UPPER APEX,LANG_02,Round-Trip,google,Direct,Direct,Logged-In,AREA_C,AREA_C,AREA_C_TO_AREA_C,CA,CE,120_plus,very_high,9_14,Y,O,0,0.62546915,31.451173958519053
44.0,66.8679092,5.388888888888889,2,2,0,0,0,0,0,0,0,2,1,129.91666666666666,18.0,42.83,3,1,SPECIAL EQUIPMENT,UPPER APEX,LANG_09,Round-Trip,google,MetaSearches,MetaSearches,Logged-Out,AREA_C,AREA_B,AREA_C_TO_AREA_B,CA,BI,31_60,high,6_8,Y,O,0,0.73364824,31.422154143452644
135.0,50.9043116,4.517361111111111,2,2,0,0,0,0,0,1,0,2,1,110.5,18.0,47.113,4,1,SPECIAL EQUIPMENT,UPPER APEX,LANG_09,Round-Trip,google,Direct,Direct,Logged-In,AREA_C,AREA_B,AREA_C_TO_AREA_B,CA,BI,120_plus,mid,3_5,Y,O,0,0.66693836,31.421467166960237
35.0,32.46514,,2,2,0,0,0,0,0,0,0,2,1,-72.75,16.0,42.83,6,1,SPECIAL EQUIPMENT,UPPER APEX,LANG_09,Round-Trip,mozilla,Paid Search,Paid Search,Logged-Out,AREA_C,AREA_C,AREA_C_TO_AREA_C,CA,CI,31_60,low,unknown_or_oneway,Y,O,0,0.7334811,31.414995904564858
41.0,132.78627730000002,8.197916666666666,3,2,0,1,0,1,0,0,0,2,1,200.25,8.0,77.094,2,1,SPECIAL EQUIPMENT,LOWER VERTEX,LANG_02,Round-Trip,google,Paid Search,Paid Search,Logged-Out,AREA_C,AREA_B,AREA_C_TO_AREA_B,CA,BA,31_60,very_high,9_14,Y,U,0,0.40740025,31.408114907026288
145.0,152.1874107,8.427083333333334,1,1,0,0,0,0,0,1,0,4,1,203.5,18.0,42.83,3,1,SPECIAL EQUIPMENT,NORTH ZENITH,LANG_09,Round-Trip,google,Paid Search,Paid Search,Logged-In,AREA_C,AREA_C,AREA_C_TO_AREA_C,CA,CE,120_plus,very_high,9_14,Y,S,0,0.7332432,31.404807412624358
0.0,36.7348627,,1,1,0,0,0,0,0,0,0,2,1,4.833333333333333,10.0,63.8698092,3,0,SPECIAL EQUIPMENT,NEW APEX,LANG_02,One-Way,google,Paid Search,Paid Search,Logged-Out,AREA_C,AREA_B,AREA_C_TO_AREA_B,CI,BA,invalid_or_past,mid,unknown_or_oneway,Y,E,0,0.4916291,31.400256423630772
33.0,121.0187348,10.180555555555555,2,2,0,0,0,0,0,1,0,2,1,247.25,22.0,50.2841332,5,1,SPECIAL EQUIPMENT,UPPER APEX,LANG_09,Round-Trip,microsoft,Paid Search,Paid Search,Logged-In,AREA_C,AREA_C,AREA_C_TO_AREA_C,CA,CE,31_60,very_high,9_14,Y,O,0,0.62410825,31.382742621089626
94.0,40.9043632,5.190972222222222,2,2,0,0,0,0,0,0,0,2,1,129.66666666666666,18.0,42.83,3,1,SPECIAL EQUIPMENT,UPPER APEX,LANG_09,Round-Trip,google,Paid Search,Display,Logged-Out,AREA_C,AREA_B,AREA_C_TO_AREA_B,CA,BI,61_120,mid,6_8,Y,O,0,0.7326913,31.381167864799497
137.0,36.225614,3.513888888888889,2,2,0,0,0,0,0,1,0,2,1,86.33333333333333,10.0,85.66,5,1,SPECIAL EQUIPMENT,UPPER APEX,LANG_02,Round-Trip,google,Direct,Direct,Logged-In,AREA_C,AREA_B,AREA_C_TO_AREA_B,CA,BE,120_plus,mid,3_5,Y,O,0,0.36615548,31.364878020882607
50.0,302.64149130000004,7.222222222222222,3,3,0,0,0,0,0,1,0,2,1,187.91666666666666,13.0,38.547,5,1,SPECIAL EQUIPMENT,UPPER APEX,LANG_09,Round-Trip,google,Paid Search,Paid Search,Logged-In,AREA_C,AREA_B,AREA_C_TO_AREA_B,CA,BI,31_60,very_high,6_8,Y,L,0,0.81362385,31.362758375465866
26.0,52.6753321,0.3298611111111111,2,2,0,0,0,0,0,0,0,5,1,9.5,20.0,42.5695936,6,0,SPECIAL EQUIPMENT,NEW MERIDIAN,LANG_02,Round-Trip,google,Paid Search,Paid Search,Logged-Out,AREA_C,AREA_D,AREA_C_TO_AREA_D,CI,DA,15_30,mid,1_2,Y,U,0,0.7367319,31.362377015949246
26.0,52.6753321,0.3298611111111111,2,2,0,0,0,0,0,0,0,5,1,9.5,20.0,42.5695936,6,0,SPECIAL EQUIPMENT,NEW MERIDIAN,LANG_02,Round-Trip,google,Paid Search,Paid Search,Logged-Out,AREA_C,AREA_D,AREA_C_TO_AREA_D,CI,DA,15_30,mid,1_2,Y,U,0,0.7367319,31.362377015949246
39.0,29.4362024,3.517361111111111,2,2,0,0,0,0,0,0,0,2,1,86.41666666666667,22.0,85.66,3,1,SPECIAL EQUIPMENT,UPPER APEX,LANG_09,Round-Trip,apple,Paid Search,Organic Search,Logged-Out,AREA_C,AREA_B,AREA_C_TO_AREA_B,CA,BE,31_60,low,3_5,Y,O,0,0.3660974,31.359902483224868
96.0,14.2135638,5.517361111111111,1,1,0,0,0,0,0,0,0,2,1,134.75,10.0,72.275625,3,1,SPECIAL EQUIPMENT,UPPER APEX,LANG_02,Round-Trip,apple,Direct,Direct,Logged-Out,AREA_C,AREA_C,AREA_C_TO_AREA_C,CA,CU,61_120,very_low,6_8,Y,O,0,0.4337022,31.346097615938636
29.0,66.7694002,5.947916666666667,2,2,0,0,0,0,0,0,0,2,1,143.33333333333334,10.0,42.83,4,1,SPECIAL EQUIPMENT,UPPER APEX,LANG_09,Round-Trip,google,Internal,Internal,Logged-Out,AREA_C,AREA_B,AREA_C_TO_AREA_B,CA,BI,15_30,high,6_8,Y,O,0,0.7315254,31.33123378753662
78.0,43.5002895,7.086805555555555,1,1,0,0,0,0,0,0,0,2,1,170.66666666666666,23.0,42.83,4,1,SPECIAL EQUIPMENT,NORTH ZENITH,LANG_06,Round-Trip,google,Organic Search,Organic Search,Logged-Out,AREA_C,AREA_B,AREA_C_TO_AREA_B,CA,BI,61_120,mid,6_8,Y,L,0,0.7315022,31.330238169431684
99.0,26.836421400000003,7.739583333333333,1,1,0,0,0,0,0,0,0,2,1,187.91666666666666,20.0,42.83,2,1,SPECIAL EQUIPMENT,UPPER APEX,LANG_09,Round-Trip,google,Direct,Paid Search,Logged-Out,AREA_C,AREA_B,AREA_C_TO_AREA_B,CA,BI,61_120,low,6_8,Y,U,0,0.7313096,31.321989856362343
146.0,13.0691462,5.284722222222222,1,1,0,0,0,0,0,1,0,2,1,128.75,22.0,85.66,3,1,SPECIAL EQUIPMENT,UPPER APEX,LANG_09,Round-Trip,samsung,Direct,Direct,Logged-In,AREA_C,AREA_B,AREA_C_TO_AREA_B,CA,BE,120_plus,very_low,6_8,Y,O,0,0.3655662,31.314400182962416
199.0,188.8349002,9.34375,2,2,0,0,0,0,0,0,0,2,1,238.83333333333334,15.0,42.4017,2,1,SPECIAL EQUIPMENT,UPPER APEX,LANG_09,Round-Trip,google,Paid Search,Paid MetaSearches,Logged-Out,AREA_C,AREA_B,AREA_C_TO_AREA_B,CA,BI,120_plus,very_high,9_14,Y,U,0,0.7384634,31.312103623867035
13.0,285.3099035,17.461805555555557,1,1,0,0,0,0,0,1,0,4,1,420.0,16.0,82.87605,5,0,SPECIAL EQUIPMENT,UPPER APEX,LANG_02,Round-Trip,samsung,Direct,Direct,Logged-In,AREA_B,AREA_C,AREA_B_TO_AREA_C,BE,CA,8_14,very_high,15_30,Y,B,0,0.3777128,31.303343754556778
76.0,228.9841705,8.875,2,2,0,0,0,0,0,0,0,2,1,218.0,16.0,81.377,2,1,SPECIAL EQUIPMENT,NEW HORIZON,LANG_02,Round-Trip,google,Paid Search,Paid Search,Logged-Out,AREA_C,AREA_C,AREA_C_TO_AREA_C,CA,CA,61_120,very_high,9_14,Y,L,0,0.38455147,31.29364460891485
44.0,23.5132417,9.121527777777779,1,1,0,0,0,0,0,0,0,2,1,220.91666666666666,18.0,73.88175,3,1,SPECIAL EQUIPMENT,SOUTH MERIDIAN,LANG_01,Round-Trip,apple,Direct,Direct,Logged-Out,AREA_C,AREA_B,AREA_C_TO_AREA_B,CA,BI,31_60,low,9_14,Y,L,0,0.42345303,31.28545111866295
20.0,22.478897199999995,9.680555555555555,1,1,0,0,0,0,0,0,0,4,1,233.33333333333334,19.0,49.2545,6,0,SPECIAL EQUIPMENT,UPPER APEX,LANG_09,Round-Trip,google,Paid Search,Organic Search,Logged-Out,AREA_B,AREA_C,AREA_B_TO_AREA_C,BE,CE,15_30,low,9_14,Y,V,0,0.6349857,31.275902438998223
73.0,164.8501002,7.4375,2,2,0,0,0,0,0,0,0,2,1,182.25,23.0,42.83,2,1,SPECIAL EQUIPMENT,UPPER APEX,LANG_09,Round-Trip,google,Email,Email,Logged-Out,AREA_C,AREA_C,AREA_C_TO_AREA_C,CA,CE,61_120,very_high,6_8,Y,L,0,0.73021555,31.275131983757017
54.0,32.549943400000004,8.128472222222221,1,1,0,0,0,0,0,1,0,2,1,197.25,18.0,42.83,6,1,SPECIAL EQUIPMENT,UPPER APEX,LANG_09,Round-Trip,google,Paid Search,Paid Search,Logged-In,AREA_C,AREA_B,AREA_C_TO_AREA_B,CA,BI,31_60,low,9_14,Y,O,0,0.7299747,31.264815848469734
40.0,113.3474535,15.086805555555555,2,1,1,0,0,0,1,0,0,5,1,364.8333333333333,19.0,43.6746076,3,0,SPECIAL EQUIPMENT,NEW MERIDIAN,LANG_02,Round-Trip,google,MetaSearches,Email,Logged-Out,AREA_C,AREA_B,AREA_C_TO_AREA_B,CI,BI,31_60,very_high,15_30,Y,S,0,0.71562713,31.254734258649087
138.0,51.914243,7.204861111111111,1,1,0,0,0,0,0,0,0,2,1,176.41666666666666,21.0,77.094,6,1,SPECIAL EQUIPMENT,UPPER APEX,LANG_09,Round-Trip,mozilla,Direct,Paid Search,Logged-Out,AREA_C,AREA_B,AREA_C_TO_AREA_B,CA,BA,120_plus,mid,6_8,Y,W,0,0.40535146,31.250165455698966
35.0,234.66557,7.267361111111111,5,3,0,2,0,1,0,0,0,2,1,181.08333333333334,21.0,42.83,6,1,SPECIAL EQUIPMENT,UPPER APEX,LANG_09,Round-Trip,apple,Direct,Paid Search,Logged-Out,AREA_C,AREA_B,AREA_C_TO_AREA_B,CA,BE,31_60,very_high,6_8,Y,V,0,0.72936094,31.238528977632523
144.0,55.2061568,5.135416666666667,1,1,0,0,0,0,0,0,0,2,1,125.33333333333333,15.0,45.5599842,4,1,SPECIAL EQUIPMENT,UPPER VERTEX,LANG_11,Round-Trip,google,MetaSearches,MetaSearches,Logged-Out,AREA_C,AREA_B,AREA_C_TO_AREA_B,CA,BI,120_plus,high,6_8,Y,U,0,0.6856305,31.2373147614633
33.0,171.829677,3.3645833333333335,5,5,0,0,0,0,0,0,0,4,1,81.75,12.0,42.83,5,0,SPECIAL EQUIPMENT,UPPER APEX,LANG_09,Round-Trip,google,Paid Search,Organic Search,Logged-Out,AREA_C,AREA_C,AREA_C_TO_AREA_C,CA,CI,31_60,very_high,3_5,Y,W,0,0.7293073,31.236231397390366
109.0,307.0461285,7.979166666666667,3,2,1,0,0,0,1,0,0,4,1,193.58333333333334,20.0,37.6424304,1,0,SPECIAL EQUIPMENT,LOWER ZENITH,LANG_02,Round-Trip,apple,Direct,Direct,Logged-Out,AREA_C,AREA_B,AREA_C_TO_AREA_B,CE,BU,61_120,very_high,6_8,Y,W,0,0.82954943,31.226256749922754
62.0,140.04382080000002,4.875,1,1,0,0,0,0,0,0,0,2,1,122.0,21.0,81.377,3,1,SPECIAL EQUIPMENT,UPPER APEX,LANG_09,Round-Trip,mozilla,Paid Search,Paid Search,Logged-Out,AREA_C,AREA_C,AREA_C_TO_AREA_C,CA,CA,61_120,very_high,3_5,Y,W,0,0.3836881,31.22338588154316
47.0,89.3810704,3.7395833333333335,2,1,0,1,0,1,0,0,0,2,1,91.91666666666667,13.0,45.5599842,6,1,SPECIAL EQUIPMENT,UPPER APEX,LANG_09,Round-Trip,apple,Direct,Direct,Logged-Out,AREA_C,AREA_B,AREA_C_TO_AREA_B,CA,BI,31_60,high,3_5,Y,W,0,0.6853226,31.223286040704313
15.0,473.8702634,4.024305555555555,1,1,0,0,0,0,0,0,0,2,1,102.41666666666667,11.0,81.377,1,1,SPECIAL EQUIPMENT,UPPER APEX,LANG_09,Round-Trip,google,Direct,Direct,Logged-Out,AREA_C,AREA_C,AREA_C_TO_AREA_C,CA,CA,15_30,very_high,3_5,C,C,0,0.38356993,31.213769870012996
68.0,322.8970832,7.4375,3,2,0,1,0,1,0,0,0,2,1,182.25,11.0,42.83,2,1,SPECIAL EQUIPMENT,UPPER APEX,LANG_09,Round-Trip,google,MetaSearches,MetaSearches,Logged-Out,AREA_C,AREA_C,AREA_C_TO_AREA_C,CA,CE,61_120,very_high,6_8,Y,T,0,0.7285762,31.2049179315567
100.0,146.756995,7.177083333333333,3,2,0,0,1,1,0,0,0,2,1,175.33333333333334,15.0,42.83,5,1,SPECIAL EQUIPMENT,UPPER APEX,LANG_09,Round-Trip,mozilla,Direct,Paid Search,Logged-Out,AREA_C,AREA_C,AREA_C_TO_AREA_C,CA,CO,61_120,very_high,6_8,Y,Q,0,0.7285762,31.2049179315567
86.0,652.2238060000001,7.4375,5,3,1,1,0,1,1,0,0,2,1,182.25,12.0,42.83,2,1,SPECIAL EQUIPMENT,UPPER APEX,LANG_09,Round-Trip,mozilla,Direct,Organic Search,Logged-Out,AREA_C,AREA_C,AREA_C_TO_AREA_C,CA,CE,61_120,very_high,6_8,Y,Q,0,0.7285762,31.2049179315567
71.0,592.2224024000001,7.4375,6,4,1,1,0,1,1,0,0,2,1,182.25,21.0,42.83,2,1,SPECIAL EQUIPMENT,UPPER APEX,LANG_09,Round-Trip,google,Paid Search,Paid Search,Logged-Out,AREA_C,AREA_C,AREA_C_TO_AREA_C,CA,CE,61_120,very_high,6_8,Y,V,0,0.7285762,31.2049179315567
93.0,377.6937852,6.4375,4,2,1,1,0,1,1,1,1,2,1,158.25,7.0,42.83,3,1,SPECIAL EQUIPMENT,UPPER APEX,LANG_09,Round-Trip,google,Direct,Direct,Logged-In,AREA_C,AREA_C,AREA_C_TO_AREA_C,CA,CE,61_120,very_high,6_8,Y,V,0,0.7285762,31.2049179315567
108.0,363.9539212,7.4375,4,4,0,0,0,0,0,0,0,2,1,182.25,19.0,42.83,2,1,SPECIAL EQUIPMENT,UPPER APEX,LANG_09,Round-Trip,google,Direct,MetaSearches,Logged-Out,AREA_C,AREA_C,AREA_C_TO_AREA_C,CA,CE,61_120,very_high,6_8,Y,U,0,0.7285762,31.2049179315567
105.0,267.3894032,6.4375,3,2,0,1,0,1,0,0,0,2,1,158.66666666666666,10.0,42.83,3,1,SPECIAL EQUIPMENT,UPPER APEX,LANG_02,Round-Trip,google,Paid Search,Paid Search,Logged-Out,AREA_C,AREA_C,AREA_C_TO_AREA_C,CA,CE,61_120,very_high,6_8,Y,V,0,0.7285762,31.2049179315567
8.0,129.9068164,7.131944444444445,2,2,0,0,0,0,0,0,0,2,1,177.16666666666666,19.0,42.83,2,1,SPECIAL EQUIPMENT,UPPER APEX,LANG_09,Round-Trip,google,Direct,Paid Search,Logged-Out,AREA_C,AREA_B,AREA_C_TO_AREA_B,CA,BI,8_14,very_high,6_8,Y,V,0,0.72843623,31.198923799991608
8.0,171.8014092,5.194444444444445,2,2,0,0,0,0,0,0,0,2,1,126.16666666666667,11.0,42.83,3,1,SPECIAL EQUIPMENT,UPPER APEX,LANG_09,Round-Trip,apple,Direct,Direct,Logged-Out,AREA_C,AREA_B,AREA_C_TO_AREA_B,CA,BI,8_14,very_high,6_8,Y,K,0,0.72843623,31.198923799991608
24.0,82.6242096,5.180555555555555,1,1,0,0,0,0,0,0,0,2,1,127.25,12.0,50.2841332,4,1,SPECIAL EQUIPMENT,UPPER APEX,LANG_09,Round-Trip,microsoft,Paid Search,Paid Search,Logged-Out,AREA_C,AREA_C,AREA_C_TO_AREA_C,CA,CE,15_30,high,6_8,Y,W,0,0.6201956,31.185999528812122
47.0,147.2473985,8.875,1,1,0,0,0,0,0,1,0,2,1,218.0,20.0,81.377,1,1,SPECIAL EQUIPMENT,UPPER APEX,LANG_09,Round-Trip,google,Direct,Referrals,Logged-In,AREA_C,AREA_C,AREA_C_TO_AREA_C,CA,CA,31_60,very_high,9_14,Y,W,0,0.3831794,31.181989740103482
44.0,147.3193529,8.684027777777779,1,1,0,0,0,0,0,0,0,2,1,213.41666666666666,16.0,81.377,1,1,SPECIAL EQUIPMENT,UPPER APEX,LANG_09,Round-Trip,apple,Organic Search,Organic Search,Logged-Out,AREA_C,AREA_C,AREA_C_TO_AREA_C,CA,CA,31_60,very_high,9_14,Y,W,0,0.3831794,31.181989740103482
75.0,42.740057,,1,1,0,0,0,0,0,0,0,2,1,-216.91666666666666,14.0,77.094,2,1,SPECIAL EQUIPMENT,UPPER APEX,LANG_09,Round-Trip,apple,Email,Email,Logged-Out,AREA_C,AREA_B,AREA_C_TO_AREA_B,CA,BA,61_120,mid,unknown_or_oneway,Y,O,0,0.40446278,31.181653910458085
6.0,43.4844424,8.100694444444445,1,1,0,0,0,0,0,0,0,2,1,196.0,11.0,64.245,3,1,SPECIAL EQUIPMENT,UPPER APEX,LANG_09,Round-Trip,google,Organic Search,Paid Search,Logged-Out,AREA_C,AREA_D,AREA_C_TO_AREA_D,CA,DA,4_7,mid,9_14,Y,V,0,0.4852152,31.172649693489078
68.0,97.2960544,4.805555555555555,1,1,0,0,0,0,0,0,0,2,1,115.83333333333333,12.0,42.83,4,1,SPECIAL EQUIPMENT,UPPER APEX,LANG_09,Round-Trip,mozilla,Direct,Paid Search,Logged-Out,AREA_C,AREA_B,AREA_C_TO_AREA_B,CA,BI,61_120,high,3_5,Y,L,0,0.7278068,31.1719655251503
47.0,125.8512437,6.197916666666667,3,2,0,1,0,1,0,0,0,2,1,152.25,20.0,77.094,3,1,SPECIAL EQUIPMENT,UPPER VERTEX,LANG_11,Round-Trip,apple,Direct,Direct,Logged-Out,AREA_C,AREA_B,AREA_C_TO_AREA_B,CA,BA,31_60,very_high,6_8,Y,U,0,0.4041702,31.15909626764059
51.0,461.4624124,7.4375,4,2,0,2,0,1,0,0,0,2,1,182.25,10.0,42.83,2,1,SPECIAL EQUIPMENT,UPPER APEX,LANG_09,Round-Trip,google,Direct,Paid MetaSearches,Logged-Out,AREA_C,AREA_C,AREA_C_TO_AREA_C,CA,CE,31_60,very_high,6_8,Y,W,0,0.72742665,31.155683339834212
55.0,105.98240669999998,7.097222222222222,3,3,0,0,0,0,0,0,0,2,1,171.91666666666666,19.0,42.83,3,1,SPECIAL EQUIPMENT,UPPER APEX,LANG_09,Round-Trip,apple,Direct,MetaSearches,Logged-Out,AREA_C,AREA_C,AREA_C_TO_AREA_C,CA,CO,31_60,very_high,6_8,Y,W,0,0.72742665,31.155683339834212
50.0,387.1198116,5.4375,4,2,1,1,0,1,1,0,0,2,1,134.25,18.0,42.83,3,1,SPECIAL EQUIPMENT,UPPER APEX,LANG_09,Round-Trip,google,Organic Search,Organic Search,Logged-Out,AREA_C,AREA_C,AREA_C_TO_AREA_C,CA,CE,31_60,very_high,6_8,Y,W,0,0.72742665,31.155683339834212
29.0,29.443055200000003,3.9791666666666665,2,2,0,0,0,0,0,0,0,2,1,97.5,23.0,85.66,5,1,SPECIAL EQUIPMENT,UPPER APEX,LANG_09,Round-Trip,google,Organic Search,Organic Search,Logged-Out,AREA_C,AREA_B,AREA_C_TO_AREA_B,CA,BE,15_30,low,3_5,Y,O,0,0.3635863,31.144803020954132
64.0,289.385178,12.319444444444445,3,3,0,0,0,0,0,1,1,2,1,311.8333333333333,19.0,57.8205,2,1,SPECIAL EQUIPMENT,UPPER APEX,LANG_09,Round-Trip,mozilla,Direct,Organic Search,Logged-In,AREA_C,AREA_B,AREA_C_TO_AREA_B,CA,BO,61_120,very_high,9_14,Y,O,0,0.5386443,31.14468354678154
61.0,146.2486029,5.4375,2,2,0,0,0,0,0,0,0,2,1,134.25,9.0,42.83,3,1,SPECIAL EQUIPMENT,UPPER APEX,LANG_09,Round-Trip,mozilla,Email,Paid Search,Logged-Out,AREA_C,AREA_C,AREA_C_TO_AREA_C,CA,CE,61_120,very_high,6_8,Y,L,0,0.72692466,31.134183094501495
30.0,179.470549,7.4375,2,2,0,0,0,0,0,1,0,2,1,182.25,19.0,42.83,2,1,SPECIAL EQUIPMENT,UPPER APEX,LANG_02,Round-Trip,apple,Direct,Direct,Logged-In,AREA_C,AREA_C,AREA_C_TO_AREA_C,CA,CE,15_30,very_high,6_8,Y,L,0,0.72692466,31.134183094501495
20.0,190.1305077,5.236111111111111,1,1,0,0,0,0,0,1,0,2,1,140.08333333333334,19.0,42.4017,4,1,SPECIAL EQUIPMENT,UPPER APEX,LANG_09,Round-Trip,microsoft,Email,Paid Search,Logged-In,AREA_C,AREA_B,AREA_C_TO_AREA_B,CA,BI,15_30,very_high,6_8,Y,S,0,0.7340715,31.12587923104763
22.0,118.043763,6.236111111111111,1,1,0,0,0,0,0,0,0,2,1,164.08333333333334,10.0,42.4017,4,1,SPECIAL EQUIPMENT,UPPER APEX,LANG_09,Round-Trip,google,Direct,Paid Search,Logged-Out,AREA_C,AREA_B,AREA_C_TO_AREA_B,CA,BI,15_30,very_high,6_8,Y,W,0,0.7340715,31.12587923104763
84.0,144.8891787,6.875,1,1,0,0,0,0,0,1,0,2,1,170.0,9.0,81.377,4,1,SPECIAL EQUIPMENT,UPPER APEX,LANG_09,Round-Trip,apple,Direct,Direct,Logged-In,AREA_C,AREA_C,AREA_C_TO_AREA_C,CA,CA,61_120,very_high,6_8,Y,W,0,0.38236877,31.11602365848422
30.0,72.3972622,5.090277777777778,2,2,0,0,0,0,0,0,0,2,1,122.75,23.0,42.83,4,1,SPECIAL EQUIPMENT,UPPER APEX,LANG_02,Round-Trip,apple,Paid Search,Paid Search,Logged-Out,AREA_C,AREA_B,AREA_C_TO_AREA_B,CA,BI,15_30,high,6_8,Y,O,0,0.72643894,31.11337978184223
64.0,50.6019318,7.065972222222222,2,2,0,0,0,0,0,0,0,4,1,170.58333333333334,8.0,40.6885,4,0,SPECIAL EQUIPMENT,UPPER APEX,LANG_09,Round-Trip,apple,Direct,Direct,Logged-Out,AREA_C,AREA_B,AREA_C_TO_AREA_B,CE,BU,61_120,mid,6_8,Y,O,0,0.7644943,31.10612632101774
111.0,26.8852476,4.15625,3,3,0,0,0,0,0,0,0,2,1,101.66666666666667,8.0,85.66,6,1,SPECIAL EQUIPMENT,UPPER APEX,LANG_09,Round-Trip,microsoft,Paid Search,Paid Search,Logged-Out,AREA_C,AREA_B,AREA_C_TO_AREA_B,CA,BE,61_120,low,3_5,Y,O,0,0.36304188,31.098167247772217
221.0,169.7969652,6.215277777777778,6,3,0,3,0,1,0,1,0,2,1,153.08333333333334,23.0,42.83,3,1,SPECIAL EQUIPMENT,UPPER APEX,LANG_09,Round-Trip,google,Paid Search,Paid Search,Logged-In,AREA_C,AREA_C,AREA_C_TO_AREA_C,CA,CI,120_plus,very_high,6_8,Y,L,0,0.72607255,31.0976873087883
53.0,46.6084626,6.243055555555555,2,2,0,0,0,0,0,0,0,2,1,150.41666666666666,22.0,42.83,3,1,SPECIAL EQUIPMENT,UPPER APEX,LANG_09,Round-Trip,mozilla,Paid Search,Paid Search,Logged-Out,AREA_C,AREA_B,AREA_C_TO_AREA_B,CA,BI,31_60,mid,6_8,Y,O,0,0.72604257,31.096403216719626
37.0,53.68140879999999,4.513888888888889,4,2,0,1,1,1,0,0,0,2,1,110.33333333333333,22.0,42.83,5,1,SPECIAL EQUIPMENT,UPPER APEX,LANG_09,Round-Trip,google,MetaSearches,MetaSearches,Logged-Out,AREA_C,AREA_B,AREA_C_TO_AREA_B,CA,BI,31_60,mid,3_5,Y,U,0,0.72581786,31.086778908371922
17.0,29.3231312,7.121527777777778,1,1,0,0,0,0,0,0,0,2,1,172.83333333333334,22.0,47.113,3,1,SPECIAL EQUIPMENT,UPPER APEX,LANG_09,Round-Trip,opera,Paid Search,Paid Search,Logged-Out,AREA_C,AREA_B,AREA_C_TO_AREA_B,CA,BI,15_30,low,6_8,Y,L,0,0.6595601,31.07385425364971
14.0,156.4220128,5.791666666666667,3,3,0,0,0,0,0,0,0,2,1,139.58333333333334,19.0,42.83,4,1,SPECIAL EQUIPMENT,UPPER MERIDIAN,LANG_02,Round-Trip,google,Organic Search,Paid Search,Logged-Out,AREA_C,AREA_B,AREA_C_TO_AREA_B,CA,BI,8_14,very_high,6_8,Y,U,0,0.7254622,31.071545951366424
12.0,41.7386916,,1,1,0,0,0,0,0,0,1,2,1,-34.166666666666664,10.0,85.66,4,1,SPECIAL EQUIPMENT,UPPER APEX,LANG_09,Round-Trip,samsung,Direct,Push Notifications,Logged-Out,AREA_C,AREA_B,AREA_C_TO_AREA_B,CA,BE,8_14,mid,unknown_or_oneway,Y,S,0,0.36271924,31.070529910326
33.0,33.5838596,4.517361111111111,2,2,0,0,0,0,0,1,0,2,1,110.41666666666667,21.0,47.113,3,1,SPECIAL EQUIPMENT,UPPER APEX,LANG_09,Round-Trip,apple,Direct,Direct,Logged-In,AREA_C,AREA_B,AREA_C_TO_AREA_B,CA,BI,31_60,low,3_5,Y,O,0,0.65941447,31.066993934333325
68.0,59.879766399999994,6.131944444444445,2,2,0,0,0,0,0,0,0,2,1,149.58333333333334,23.0,42.83,3,1,SPECIAL EQUIPMENT,UPPER APEX,LANG_09,Round-Trip,microsoft,Paid Search,Paid Search,Logged-Out,AREA_C,AREA_C,AREA_C_TO_AREA_C,CA,CU,61_120,high,6_8,Y,L,0,0.7253192,31.065421623587607
6.0,27.265578,7.0,1,1,0,0,0,0,0,0,0,2,1,169.91666666666666,9.0,85.66,4,1,SPECIAL EQUIPMENT,NORTH ZENITH,LANG_02,Round-Trip,microsoft,Paid Search,Paid Search,Logged-Out,AREA_C,AREA_B,AREA_C_TO_AREA_B,CA,BE,4_7,low,6_8,Y,U,0,0.36265773,31.065260792970655
76.0,48.3327984,8.215277777777779,3,2,0,0,1,1,0,1,0,2,1,201.08333333333334,15.0,42.83,6,1,SPECIAL EQUIPMENT,UPPER APEX,LANG_09,Round-Trip,google,Affiliate,Organic Search,Logged-In,AREA_C,AREA_C,AREA_C_TO_AREA_C,CA,CI,61_120,mid,9_14,Y,U,0,0.7252954,31.06440302968025
70.0,408.8530385,,3,3,0,0,0,0,0,0,0,4,1,-98.0,21.0,37.6424304,5,0,SPECIAL EQUIPMENT,LOWER ZENITH,LANG_02,Round-Trip,apple,Direct,Paid Search,Logged-Out,AREA_C,AREA_B,AREA_C_TO_AREA_B,CE,BU,61_120,very_high,unknown_or_oneway,Y,Q,0,0.82493156,31.052428905348304
157.0,57.670595,,1,1,0,0,0,0,0,1,0,2,1,-210.33333333333334,18.0,50.2841332,4,1,SPECIAL EQUIPMENT,UPPER APEX,LANG_09,Round-Trip,apple,Direct,Direct,Logged-In,AREA_C,AREA_C,AREA_C_TO_AREA_C,CA,CE,120_plus,high,unknown_or_oneway,Y,O,0,0.61747694,31.04929270668392
205.0,71.93940950000001,8.427083333333334,1,1,0,0,0,0,0,1,0,2,1,206.08333333333334,11.0,50.2841332,5,1,SPECIAL EQUIPMENT,UPPER APEX,LANG_02,Round-Trip,apple,Organic Search,Organic Search,Logged-In,AREA_C,AREA_C,AREA_C_TO_AREA_C,CA,CE,120_plus,high,9_14,Y,O,0,0.61747694,31.04929270668392
175.0,60.454545,9.13888888888889,1,1,0,0,0,0,0,0,0,2,1,223.16666666666666,18.0,50.2841332,5,1,SPECIAL EQUIPMENT,UPPER APEX,LANG_09,Round-Trip,google,Direct,Direct,Logged-Out,AREA_C,AREA_C,AREA_C_TO_AREA_C,CA,CE,120_plus,high,9_14,Y,O,0,0.61747694,31.04929270668392
30.0,88.7750259,7.190972222222222,1,1,0,0,0,0,0,1,0,2,1,177.66666666666666,14.0,42.83,3,1,SPECIAL EQUIPMENT,GREAT HORIZON,LANG_02,Round-Trip,apple,Direct,Direct,Logged-In,AREA_C,AREA_B,AREA_C_TO_AREA_B,CA,BI,15_30,high,6_8,Y,B,0,0.72492087,31.048360813856124
49.0,27.382932200000003,7.517361111111111,1,1,0,0,0,0,0,1,1,2,1,182.58333333333334,11.0,42.83,3,1,SPECIAL EQUIPMENT,UPPER APEX,LANG_02,Round-Trip,apple,Direct,Direct,Logged-In,AREA_C,AREA_B,AREA_C_TO_AREA_B,CA,BI,31_60,low,6_8,Y,U,0,0.7246395,31.036308729052543
23.0,354.76945600000005,4.944444444444445,6,2,0,3,1,1,0,0,0,2,1,119.25,21.0,42.83,5,1,SPECIAL EQUIPMENT,UPPER APEX,LANG_09,Round-Trip,apple,Direct,Direct,Logged-Out,AREA_C,AREA_B,AREA_C_TO_AREA_B,CA,BI,15_30,very_high,3_5,Y,Q,0,0.72462124,31.03552755177021
65.0,139.4163613,,1,1,0,0,0,0,0,1,1,2,1,-5305.666666666667,,42.4017,1,1,SPECIAL EQUIPMENT,UPPER APEX,LANG_02,Round-Trip,apple,Direct,Direct,Logged-In,AREA_C,AREA_B,AREA_C_TO_AREA_B,CA,BI,61_120,very_high,unknown_or_oneway,Y,L,0,0.73187464,31.032729124563932
35.0,24.490194,5.128472222222222,2,2,0,0,0,0,0,0,0,2,1,125.0,9.0,85.66,3,1,SPECIAL EQUIPMENT,UPPER APEX,LANG_09,Round-Trip,apple,Direct,Direct,Logged-Out,AREA_C,AREA_B,AREA_C_TO_AREA_B,CA,BE,31_60,low,6_8,Y,O,0,0.36207652,31.01547478199005
87.0,15.0941486,6.0,1,1,0,0,0,0,0,1,0,2,1,146.0,14.0,85.66,4,1,SPECIAL EQUIPMENT,UPPER APEX,LANG_09,Round-Trip,apple,Direct,Direct,Logged-In,AREA_C,AREA_B,AREA_C_TO_AREA_B,CA,BE,61_120,very_low,6_8,Y,O,0,0.36200464,31.009317266941068
113.0,13.4109296,6.895833333333333,1,1,0,0,0,0,0,0,0,2,1,167.41666666666666,9.0,85.66,4,1,SPECIAL EQUIPMENT,UPPER APEX,LANG_09,Round-Trip,apple,MetaSearches,MetaSearches,Logged-Out,AREA_C,AREA_B,AREA_C_TO_AREA_B,CA,BE,61_120,very_low,6_8,Y,O,0,0.36200464,31.009317266941068
1.0,84.3172795,10.690972222222221,1,1,0,0,0,0,0,0,0,4,1,259.25,10.0,39.4344376,1,0,SPECIAL EQUIPMENT,NEW MERIDIAN,LANG_02,Round-Trip,google,Direct,Direct,Logged-Out,AREA_C,AREA_C,AREA_C_TO_AREA_C,CI,CE,0_3,high,9_14,Y,Q,0,0.7862397,31.004919742675355
30.0,45.3800982,5.368055555555555,2,2,0,0,0,0,0,1,0,3,1,131.08333333333334,22.0,42.83,3,1,SPECIAL EQUIPMENT,UPPER APEX,LANG_02,Round-Trip,apple,Paid Search,Paid Search,Logged-In,AREA_C,AREA_B,AREA_C_TO_AREA_B,CA,BI,15_30,mid,6_8,Y,O,0,0.723882,31.003866896033287
63.0,47.4145232,7.190972222222222,2,2,0,0,0,0,0,1,0,2,1,177.66666666666666,2.0,42.83,3,1,SPECIAL EQUIPMENT,UPPER APEX,LANG_09,Round-Trip,google,Paid Search,Affiliate,Logged-In,AREA_C,AREA_B,AREA_C_TO_AREA_B,CA,BI,61_120,mid,6_8,Y,O,0,0.723882,31.003866896033287
81.0,209.1011996,12.0,1,1,0,0,0,0,0,1,1,2,1,295.25,17.0,77.094,5,1,SPECIAL EQUIPMENT,UPPER APEX,LANG_02,Round-Trip,apple,MetaSearches,MetaSearches,Logged-In,AREA_C,AREA_B,AREA_C_TO_AREA_B,CA,BU,61_120,very_high,9_14,Y,T,0,0.4021365,31.00231168949604
69.0,341.8553544,5.4375,2,2,0,0,0,0,0,1,1,2,1,134.25,,42.83,2,1,SPECIAL EQUIPMENT,UPPER APEX,LANG_02,Round-Trip,apple,Direct,Direct,Logged-In,AREA_C,AREA_C,AREA_C_TO_AREA_C,CA,CE,61_120,very_high,6_8,P,R,0,0.7238361,31.001901188492774
96.0,83.26152,6.506944444444445,2,2,0,0,0,0,0,0,0,2,1,157.75,18.0,44.4892342,5,1,SPECIAL EQUIPMENT,UPPER APEX,LANG_09,Round-Trip,apple,Paid Search,Email,Logged-Out,AREA_C,AREA_D,AREA_C_TO_AREA_D,CA,DA,61_120,high,6_8,Y,O,0,0.6967687,30.998705925422538
142.0,22.6133834,4.739583333333333,1,1,0,0,0,0,0,0,0,2,1,115.66666666666667,14.0,85.66,4,1,SPECIAL EQUIPMENT,UPPER APEX,LANG_02,Round-Trip,apple,Direct,Organic Search,Logged-Out,AREA_C,AREA_B,AREA_C_TO_AREA_B,CA,BE,120_plus,low,3_5,Y,U,0,0.3615982,30.974501267671585
42.0,84.6132348,5.5,2,2,0,0,0,0,0,1,0,2,1,133.58333333333334,11.0,43.669468,3,1,SPECIAL EQUIPMENT,UPPER APEX,LANG_02,Round-Trip,apple,Direct,Direct,Logged-In,AREA_C,AREA_D,AREA_C_TO_AREA_D,CA,DA,31_60,high,6_8,Y,U,0,0.7092907,30.9743467957356
28.0,121.0260159,8.684027777777779,1,1,0,0,0,0,0,1,0,2,1,213.41666666666666,21.0,81.377,2,1,SPECIAL EQUIPMENT,UPPER APEX,LANG_09,Round-Trip,google,Direct,Organic Search,Logged-In,AREA_C,AREA_C,AREA_C_TO_AREA_C,CA,CA,15_30,very_high,9_14,Y,W,0,0.38062155,30.97384007513523
190.0,56.1492734,11.493055555555555,3,2,0,1,0,1,0,0,0,2,1,277.75,18.0,46.77036,4,1,SPECIAL EQUIPMENT,UPPER APEX,LANG_09,Round-Trip,google,Paid Search,MetaSearches,Logged-Out,AREA_C,AREA_C,AREA_C_TO_AREA_C,CA,CU,120_plus,high,9_14,Y,W,0,0.6621879,30.970765269448755
9.0,34.0053068,10.125,1,1,0,0,0,0,0,1,0,2,1,245.0,10.0,85.66,2,1,SPECIAL EQUIPMENT,UPPER APEX,LANG_09,Round-Trip,apple,Direct,Direct,Logged-In,AREA_C,AREA_B,AREA_C_TO_AREA_B,CA,BE,8_14,low,9_14,Y,U,0,0.36143497,30.96051921546459
11.0,34.0605575,8.10763888888889,1,1,0,0,0,0,0,0,0,2,1,196.25,19.0,59.962,6,1,SPECIAL EQUIPMENT,NEW APEX,LANG_02,Round-Trip,apple,Direct,Paid Search,Logged-Out,AREA_C,AREA_C,AREA_C_TO_AREA_C,CA,CU,8_14,low,9_14,Y,V,0,0.5162212,30.95365710914135
66.0,46.51166679999999,7.128472222222222,1,1,0,0,0,0,0,0,0,2,1,173.25,16.0,42.83,2,1,SPECIAL EQUIPMENT,NORTH HORIZON,LANG_04,Round-Trip,google,Paid Search,MetaSearches,Logged-Out,AREA_C,AREA_B,AREA_C_TO_AREA_B,CA,BI,61_120,mid,6_8,Y,L,0,0.7226686,30.951895630955693
56.0,83.27608219999999,8.51736111111111,1,1,0,0,0,0,0,1,1,2,1,206.58333333333334,12.0,42.83,2,1,SPECIAL EQUIPMENT,UPPER APEX,LANG_02,Round-Trip,microsoft,Direct,Direct,Logged-In,AREA_C,AREA_B,AREA_C_TO_AREA_B,CA,BI,31_60,high,9_14,Y,T,0,0.72266245,30.951632685661316
7.0,31.6573662,4.385416666666667,1,1,0,0,0,0,0,0,0,2,1,107.25,13.0,85.66,6,1,SPECIAL EQUIPMENT,UPPER APEX,LANG_09,Round-Trip,samsung,Direct,Direct,Logged-Out,AREA_C,AREA_B,AREA_C_TO_AREA_B,CA,BE,4_7,low,3_5,Y,T,0,0.36132687,30.9512599670887
2.0,41.2701314,,1,1,0,0,0,0,0,1,0,2,1,-48.833333333333336,13.0,85.66,4,1,SPECIAL EQUIPMENT,UPPER APEX,LANG_02,Round-Trip,google,Direct,Paid Search,Logged-In,AREA_C,AREA_B,AREA_C_TO_AREA_B,CA,BE,0_3,mid,unknown_or_oneway,Y,S,0,0.3612747,30.946789897084233
41.0,72.37756040000001,5.086805555555555,2,2,0,0,0,0,0,0,0,2,1,122.66666666666667,17.0,42.83,5,1,SPECIAL EQUIPMENT,UPPER APEX,LANG_09,Round-Trip,google,Paid Search,Paid Search,Logged-Out,AREA_C,AREA_B,AREA_C_TO_AREA_B,CA,BI,31_60,high,6_8,Y,O,0,0.7221905,30.931419085264206
57.0,47.7348916,5.125,2,2,0,0,0,0,0,1,0,2,1,125.08333333333333,17.0,42.83,4,1,SPECIAL EQUIPMENT,UPPER APEX,LANG_09,Round-Trip,google,Paid Search,Paid Search,Logged-In,AREA_C,AREA_C,AREA_C_TO_AREA_C,CA,CI,31_60,mid,6_8,Y,W,0,0.72123015,30.890287293195723
56.0,47.737461399999994,5.125,2,2,0,0,0,0,0,0,0,2,1,125.08333333333333,12.0,42.83,4,1,SPECIAL EQUIPMENT,UPPER APEX,LANG_09,Round-Trip,google,Organic Search,Organic Search,Logged-Out,AREA_C,AREA_C,AREA_C_TO_AREA_C,CA,CI,31_60,mid,6_8,Y,W,0,0.72123015,30.890287293195723
320.0,148.4239386,,7,7,0,0,0,0,0,0,0,2,1,4.5,22.0,42.83,4,0,SPECIAL EQUIPMENT,UPPER APEX,LANG_02,One-Way,google,Organic Search,Organic Search,Logged-Out,AREA_C,AREA_B,AREA_C_TO_AREA_B,CU,BE,120_plus,very_high,unknown_or_oneway,Y,W,0,0.7209429,30.87798502743244
106.0,98.521849,8.277777777777779,1,1,0,0,0,0,0,0,0,2,1,212.08333333333334,14.0,42.4017,1,1,SPECIAL EQUIPMENT,UPPER APEX,LANG_09,Round-Trip,mozilla,Paid Search,Paid Search,Logged-Out,AREA_C,AREA_B,AREA_C_TO_AREA_B,CA,BI,61_120,high,9_14,Y,U,0,0.7281884,30.876425889480114
38.0,34.1329402,8.100694444444445,1,1,0,0,0,0,0,0,0,2,1,196.0,11.0,44.4892342,6,1,SPECIAL EQUIPMENT,UPPER APEX,LANG_09,Round-Trip,google,Paid Search,Paid Search,Logged-Out,AREA_C,AREA_D,AREA_C_TO_AREA_D,CA,DA,31_60,low,9_14,Y,U,0,0.6939739,30.87436731629908
6.0,128.5996448,,3,2,0,1,0,1,0,1,0,2,1,4.0,11.0,38.5174473,2,0,SPECIAL EQUIPMENT,NEW APEX,LANG_02,One-Way,apple,Direct,Direct,Logged-In,AREA_C,AREA_C,AREA_C_TO_AREA_C,CI,CI,4_7,very_high,unknown_or_oneway,Y,Q,0,0.8014449,30.869611241821183
84.0,332.686308,12.39236111111111,2,2,0,0,0,0,0,0,0,2,1,304.6666666666667,17.0,77.094,5,1,SPECIAL EQUIPMENT,UPPER APEX,LANG_09,Round-Trip,google,Direct,Paid Search,Logged-Out,AREA_C,AREA_B,AREA_C_TO_AREA_B,CA,BU,61_120,very_high,9_14,Y,V,0,0.4003979,30.868275453329083
97.0,401.248572,13.0,2,2,0,0,0,0,0,0,0,2,1,319.25,17.0,77.094,5,1,SPECIAL EQUIPMENT,UPPER APEX,LANG_09,Round-Trip,google,Paid Search,Paid Search,Logged-Out,AREA_C,AREA_B,AREA_C_TO_AREA_B,CA,BU,61_120,very_high,9_14,Y,W,0,0.4003979,30.868275453329083
283.0,399.3006636,14.010416666666666,2,2,0,0,0,0,0,0,0,2,1,342.9166666666667,21.0,77.094,5,1,SPECIAL EQUIPMENT,UPPER APEX,LANG_09,Round-Trip,mozilla,Direct,Direct,Logged-Out,AREA_C,AREA_B,AREA_C_TO_AREA_B,CA,BU,120_plus,very_high,15_30,Y,V,0,0.4003979,30.868275453329083
94.0,383.1777384,14.496527777777779,2,2,0,0,0,0,0,1,0,2,1,355.1666666666667,21.0,77.094,5,1,SPECIAL EQUIPMENT,UPPER APEX,LANG_09,Round-Trip,apple,Paid Search,Paid Search,Logged-In,AREA_C,AREA_B,AREA_C_TO_AREA_B,CA,BU,61_120,very_high,15_30,Y,V,0,0.4003979,30.868275453329083
191.0,407.8666636,14.0,2,2,0,0,0,0,0,1,0,2,1,343.25,10.0,77.094,5,1,SPECIAL EQUIPMENT,UPPER APEX,LANG_09,Round-Trip,google,Paid Search,Paid Search,Logged-In,AREA_C,AREA_B,AREA_C_TO_AREA_B,CA,BU,120_plus,very_high,9_14,Y,V,0,0.4003979,30.868275453329083
148.0,498.7622028,13.0,2,2,0,0,0,0,0,0,0,2,1,319.25,19.0,77.094,5,1,SPECIAL EQUIPMENT,UPPER APEX,LANG_09,Round-Trip,google,Paid Search,Paid Search,Logged-Out,AREA_C,AREA_B,AREA_C_TO_AREA_B,CA,BU,120_plus,very_high,9_14,Y,T,0,0.4003979,30.868275453329083
153.0,407.8666636,14.0,2,2,0,0,0,0,0,0,0,2,1,343.25,20.0,77.094,5,1,SPECIAL EQUIPMENT,UPPER APEX,LANG_09,Round-Trip,microsoft,Paid Search,Paid Search,Logged-Out,AREA_C,AREA_B,AREA_C_TO_AREA_B,CA,BU,120_plus,very_high,9_14,Y,V,0,0.4003979,30.868275453329083
83.0,460.568122,14.0,2,2,0,0,0,0,0,1,0,2,1,343.25,11.0,77.094,5,1,SPECIAL EQUIPMENT,UPPER APEX,LANG_09,Round-Trip,google,Direct,Paid Search,Logged-In,AREA_C,AREA_B,AREA_C_TO_AREA_B,CA,BU,61_120,very_high,9_14,Y,K,0,0.4003979,30.868275453329083
128.0,74.0564964,7.239583333333333,2,2,0,0,0,0,0,1,0,2,1,178.58333333333334,13.0,38.547,3,1,SPECIAL EQUIPMENT,UPPER APEX,LANG_09,Round-Trip,apple,Direct,Direct,Logged-In,AREA_C,AREA_B,AREA_C_TO_AREA_B,CA,BI,120_plus,high,6_8,Y,L,0,0.80012834,30.84254714977741
74.0,34.8516276,17.104166666666668,1,1,0,0,0,0,0,1,0,2,1,412.1666666666667,18.0,59.962,6,1,SPECIAL EQUIPMENT,UPPER APEX,LANG_09,Round-Trip,other,Direct,Email,Logged-In,AREA_C,AREA_C,AREA_C_TO_AREA_C,CA,CU,61_120,mid,15_30,Y,S,0,0.51419866,30.832380101919178
19.0,63.0834504,12.125,4,3,0,1,0,1,0,0,0,2,1,293.0,22.0,46.77036,6,1,SPECIAL EQUIPMENT,UPPER APEX,LANG_09,Round-Trip,google,Direct,Paid Search,Logged-Out,AREA_C,AREA_C,AREA_C_TO_AREA_C,CA,CU,15_30,high,9_14,Y,U,0,0.65868515,30.806941487495898
31.0,18.3603644,6.159722222222222,1,1,0,0,0,0,0,0,0,2,1,149.75,19.0,85.66,4,1,SPECIAL EQUIPMENT,UPPER APEX,LANG_09,Round-Trip,google,Direct,Direct,Logged-Out,AREA_C,AREA_B,AREA_C_TO_AREA_B,CA,BE,31_60,very_low,6_8,Y,L,0,0.35962743,30.805685282945632
75.0,181.2454242,7.989583333333333,2,2,0,0,0,0,0,0,0,4,1,193.83333333333334,22.0,37.6424304,4,0,SPECIAL EQUIPMENT,LOWER ZENITH,LANG_02,Round-Trip,google,Paid Search,Paid Search,Logged-Out,AREA_C,AREA_B,AREA_C_TO_AREA_B,CE,BU,61_120,very_high,6_8,Y,V,0,0.8179653,30.790202954954054
140.0,125.0610302,7.069444444444445,2,2,0,0,0,0,0,0,0,4,1,171.75,14.0,37.6424304,5,0,SPECIAL EQUIPMENT,LOWER ZENITH,LANG_02,Round-Trip,microsoft,Direct,Paid Search,Logged-Out,AREA_C,AREA_B,AREA_C_TO_AREA_B,CE,BU,120_plus,very_high,6_8,Y,W,0,0.8179653,30.790202954954054
13.0,48.982529500000005,10.184027777777779,1,1,0,0,0,0,0,1,0,4,1,247.08333333333334,12.0,39.4344376,3,0,SPECIAL EQUIPMENT,NEW MERIDIAN,LANG_10,Round-Trip,google,Paid Search,Paid Search,Logged-In,AREA_C,AREA_C,AREA_C_TO_AREA_C,CI,CE,8_14,mid,9_14,Y,T,0,0.7806508,30.78452504334016
153.0,172.83232730000003,8.38888888888889,3,3,0,0,0,0,0,0,0,4,1,203.41666666666666,21.0,37.6424304,2,0,SPECIAL EQUIPMENT,LOWER ZENITH,LANG_02,Round-Trip,google,Paid Search,Paid Search,Logged-Out,AREA_C,AREA_B,AREA_C_TO_AREA_B,CE,BU,120_plus,very_high,9_14,Y,L,0,0.81779027,30.783613314689255
4.0,79.2033775,9.690972222222221,1,1,0,0,0,0,0,1,0,4,1,235.25,10.0,39.4344376,2,0,SPECIAL EQUIPMENT,NEW MERIDIAN,LANG_02,Round-Trip,samsung,Direct,Direct,Logged-In,AREA_C,AREA_C,AREA_C_TO_AREA_C,CI,CE,4_7,high,9_14,Y,S,0,0.7804656,30.77722211551094
59.0,469.5127392,14.0,2,2,0,0,0,0,0,1,0,2,1,343.25,22.0,77.094,4,1,SPECIAL EQUIPMENT,UPPER APEX,LANG_09,Round-Trip,google,Paid Search,MetaSearches,Logged-In,AREA_C,AREA_B,AREA_C_TO_AREA_B,CA,BU,31_60,very_high,9_14,Y,S,0,0.39900503,30.760893445551392
227.0,298.20301839999996,7.138888888888889,4,4,0,0,0,0,0,1,0,4,1,173.41666666666666,21.0,37.6424304,5,0,SPECIAL EQUIPMENT,LOWER ZENITH,LANG_02,Round-Trip,google,Paid Search,Paid Search,Logged-In,AREA_C,AREA_B,AREA_C_TO_AREA_B,CE,BU,120_plus,very_high,6_8,Y,S,0,0.81718117,30.76068531541586
5.0,90.9435088,6.947916666666667,2,2,0,0,0,0,0,0,0,2,1,167.33333333333334,15.0,42.83,4,1,SPECIAL EQUIPMENT,UPPER APEX,LANG_09,Round-Trip,apple,Direct,Direct,Logged-Out,AREA_C,AREA_B,AREA_C_TO_AREA_B,CA,BI,4_7,high,6_8,Y,U,0,0.71772456,30.7401429772377
3.0,89.65860880000001,6.513888888888889,2,2,0,0,0,0,0,0,0,2,1,158.25,12.0,42.83,3,1,SPECIAL EQUIPMENT,UPPER APEX,LANG_02,Round-Trip,google,Direct,Direct,Logged-Out,AREA_C,AREA_B,AREA_C_TO_AREA_B,CA,BI,0_3,high,6_8,Y,V,0,0.71772456,30.7401429772377
1.0,80.2642766,5.743055555555555,2,2,0,0,0,0,0,1,0,2,1,139.33333333333334,12.0,42.83,4,1,SPECIAL EQUIPMENT,UPPER APEX,LANG_02,Round-Trip,google,Paid Search,Paid Search,Logged-In,AREA_C,AREA_B,AREA_C_TO_AREA_B,CA,BI,0_3,high,6_8,Y,U,0,0.71772456,30.7401429772377
30.0,143.8368456,,4,4,0,0,0,0,0,1,0,2,1,3.75,19.0,42.83,4,0,SPECIAL EQUIPMENT,UPPER APEX,LANG_02,One-Way,mozilla,Paid Search,Paid Search,Logged-In,AREA_C,AREA_B,AREA_C_TO_AREA_B,CU,BE,15_30,very_high,unknown_or_oneway,Y,T,0,0.7175827,30.734067153930663
95.0,44.2502428,5.9375,2,2,0,0,0,0,0,0,0,2,1,144.58333333333334,10.0,42.83,4,1,SPECIAL EQUIPMENT,UPPER APEX,LANG_09,Round-Trip,mozilla,Paid Search,Paid Search,Logged-Out,AREA_C,AREA_C,AREA_C_TO_AREA_C,CA,CO,61_120,mid,6_8,Y,L,1,0.7175673,30.733408514261246
20.0,75.6266442,20.708333333333332,1,1,0,0,0,0,0,0,0,4,1,498.3333333333333,16.0,41.9871056,1,0,SPECIAL EQUIPMENT,UPPER HORIZON,LANG_02,Round-Trip,google,Paid Search,Paid Search,Logged-Out,AREA_C,AREA_C,AREA_C_TO_AREA_C,CI,CE,15_30,high,15_30,Y,Q,0,0.73194814,30.732383733838272
6.0,91.437767,6.940972222222222,2,2,0,0,0,0,0,1,0,2,1,167.16666666666666,21.0,42.83,4,1,SPECIAL EQUIPMENT,UPPER APEX,LANG_09,Round-Trip,apple,Direct,Direct,Logged-In,AREA_C,AREA_B,AREA_C_TO_AREA_B,CA,BI,4_7,high,6_8,Y,W,0,0.71729016,30.7215376830101
2.0,88.2867639,10.76388888888889,1,1,0,0,0,0,0,0,0,4,1,262.0,15.0,38.547,4,0,SPECIAL EQUIPMENT,UPPER APEX,LANG_09,Round-Trip,apple,Paid Search,Paid Search,Logged-Out,AREA_B,AREA_D,AREA_B_TO_AREA_D,BI,DA,0_3,high,9_14,Y,O,0,0.79696524,30.720619161486624
15.0,27.9958295,15.32638888888889,1,1,0,0,0,0,0,0,0,4,1,369.9166666666667,5.0,47.0033552,6,0,SPECIAL EQUIPMENT,LOWER ZENITH,LANG_02,Round-Trip,apple,Direct,Paid Search,Logged-Out,AREA_C,AREA_B,AREA_C_TO_AREA_B,CE,BO,15_30,low,15_30,Y,U,0,0.6534166,30.712771321350765
45.0,54.9628824,5.517361111111111,1,1,0,0,0,0,0,0,0,2,1,134.5,10.0,43.2583,3,1,SPECIAL EQUIPMENT,SOUTH HORIZON,LANG_02,Round-Trip,apple,Direct,MetaSearches,Logged-Out,AREA_C,AREA_B,AREA_C_TO_AREA_B,CA,BI,31_60,high,6_8,Y,W,0,0.7097923,30.704408941489458
10.0,302.516856,5.170138888888889,2,2,0,0,0,0,0,0,0,2,1,127.08333333333333,17.0,47.113,3,1,SPECIAL EQUIPMENT,UPPER APEX,LANG_09,Round-Trip,apple,Direct,Direct,Logged-Out,AREA_C,AREA_B,AREA_C_TO_AREA_B,CA,BO,8_14,very_high,6_8,C,D,1,0.65121895,30.68087842661142
28.0,32.771802799999996,5.513888888888889,1,1,0,0,0,0,0,0,0,2,1,134.41666666666666,22.0,42.83,3,1,SPECIAL EQUIPMENT,UPPER APEX,LANG_09,Round-Trip,google,Direct,Paid Search,Logged-Out,AREA_C,AREA_C,AREA_C_TO_AREA_C,CA,CI,15_30,low,6_8,Y,L,0,0.7158882,30.661491699814796
104.0,184.5339116,9.416666666666666,4,4,0,0,0,0,0,0,0,2,1,228.91666666666666,12.0,42.83,5,1,SPECIAL EQUIPMENT,UPPER APEX,LANG_09,Round-Trip,google,Paid Search,Paid Search,Logged-Out,AREA_C,AREA_C,AREA_C_TO_AREA_C,CA,CI,61_120,very_high,9_14,Y,L,0,0.7158821,30.66123130738735
224.0,382.394806,4.006944444444445,1,1,0,0,0,0,0,0,0,2,1,99.5,17.0,77.496602,2,1,SPECIAL EQUIPMENT,LOWER VERTEX,LANG_02,Round-Trip,mozilla,Organic Search,Organic Search,Logged-Out,AREA_D,AREA_C,AREA_D_TO_AREA_C,DA,CA,120_plus,very_high,3_5,P,R,0,0.39562216,30.65937338673931
48.0,52.4556142,6.090277777777778,2,2,0,0,0,0,0,0,0,2,1,146.75,16.0,42.83,4,1,SPECIAL EQUIPMENT,UPPER APEX,LANG_09,Round-Trip,samsung,Direct,Direct,Logged-Out,AREA_C,AREA_B,AREA_C_TO_AREA_B,CA,BI,31_60,mid,6_8,Y,O,0,0.71581477,30.658346567749977
3.0,30.3938812,8.979166666666666,1,1,0,0,0,0,0,0,0,2,1,217.5,15.0,85.66,3,1,SPECIAL EQUIPMENT,UPPER APEX,LANG_02,Round-Trip,apple,MetaSearches,MetaSearches,Logged-Out,AREA_C,AREA_B,AREA_C_TO_AREA_B,CA,BE,0_3,low,9_14,Y,W,0,0.35780162,30.64928644299507
145.0,73.3832088,10.14236111111111,2,2,0,0,0,0,0,0,0,2,1,249.41666666666666,21.0,42.83,5,1,SPECIAL EQUIPMENT,UPPER APEX,LANG_09,Round-Trip,google,Paid Search,Paid Search,Logged-Out,AREA_C,AREA_B,AREA_C_TO_AREA_B,CA,BI,120_plus,high,9_14,Y,L,0,0.7154201,30.641444035768508
120.0,207.4796558,6.4375,3,2,0,1,0,1,0,0,0,2,1,158.25,21.0,42.83,2,1,SPECIAL EQUIPMENT,UPPER APEX,LANG_09,Round-Trip,google,Paid Search,Paid Search,Logged-Out,AREA_C,AREA_C,AREA_C_TO_AREA_C,CA,CE,61_120,very_high,6_8,Y,O,0,0.7153724,30.63939918935299
72.0,209.2172689,6.4375,3,2,0,1,0,1,0,0,0,2,1,158.25,13.0,42.83,3,1,SPECIAL EQUIPMENT,UPPER APEX,LANG_09,Round-Trip,google,Organic Search,Organic Search,Logged-Out,AREA_C,AREA_C,AREA_C_TO_AREA_C,CA,CE,61_120,very_high,6_8,Y,O,0,0.7153724,30.63939918935299
122.0,214.8464158,7.4375,3,2,1,0,0,0,1,0,0,2,1,182.25,16.0,42.83,2,1,SPECIAL EQUIPMENT,UPPER APEX,LANG_09,Round-Trip,apple,Direct,Paid Search,Logged-Out,AREA_C,AREA_C,AREA_C_TO_AREA_C,CA,CE,120_plus,very_high,6_8,Y,O,0,0.7153724,30.63939918935299
38.0,29.7060314,4.125,1,1,0,0,0,0,0,0,0,2,1,101.0,17.0,85.66,4,1,SPECIAL EQUIPMENT,UPPER APEX,LANG_09,Round-Trip,google,Direct,Paid Search,Logged-Out,AREA_C,AREA_B,AREA_C_TO_AREA_B,CA,BE,31_60,low,3_5,Y,O,0,0.35753173,30.626167680025098
101.0,69.51608809999999,,1,1,0,0,0,0,0,0,0,2,1,-484.5,14.0,42.83,2,1,SPECIAL EQUIPMENT,UPPER APEX,LANG_02,Round-Trip,google,Paid Search,Paid Search,Logged-Out,AREA_C,AREA_B,AREA_C_TO_AREA_B,CA,BI,61_120,high,unknown_or_oneway,Y,S,0,0.7150525,30.625697952508926
211.0,57.6902968,5.215277777777778,4,2,0,2,0,1,0,1,0,2,1,129.08333333333334,18.0,42.83,3,1,SPECIAL EQUIPMENT,UPPER APEX,LANG_09,Round-Trip,google,Internal,Internal,Logged-In,AREA_C,AREA_C,AREA_C_TO_AREA_C,CA,CI,120_plus,high,6_8,Y,O,0,0.7150041,30.62362502455711
85.0,286.3802252,7.4375,2,2,0,0,0,0,0,0,0,2,1,182.25,12.0,42.83,2,1,SPECIAL EQUIPMENT,UPPER APEX,LANG_09,Round-Trip,mozilla,Organic Search,Organic Search,Logged-Out,AREA_C,AREA_C,AREA_C_TO_AREA_C,CA,CE,61_120,very_high,6_8,Y,Q,0,0.714978,30.622506868839263
148.0,205.1222926,5.447916666666667,2,2,0,0,0,0,0,0,0,2,1,134.91666666666666,22.0,42.83,3,1,SPECIAL EQUIPMENT,UPPER APEX,LANG_09,Round-Trip,google,Direct,Paid Search,Logged-Out,AREA_C,AREA_C,AREA_C_TO_AREA_C,CA,CE,120_plus,very_high,6_8,Y,W,0,0.714978,30.622506868839263
128.0,222.2268814,7.447916666666667,2,2,0,0,0,0,0,1,1,2,1,182.91666666666666,15.0,42.83,2,1,SPECIAL EQUIPMENT,UPPER APEX,LANG_09,Round-Trip,apple,Paid Search,Paid Search,Logged-In,AREA_C,AREA_C,AREA_C_TO_AREA_C,CA,CE,120_plus,very_high,6_8,Y,W,0,0.714978,30.622506868839263
147.0,133.8703046,10.427083333333334,2,1,0,1,0,1,0,1,0,2,1,254.08333333333334,19.0,50.2841332,5,1,SPECIAL EQUIPMENT,UPPER APEX,LANG_09,Round-Trip,samsung,Direct,Direct,Logged-In,AREA_C,AREA_C,AREA_C_TO_AREA_C,CA,CE,120_plus,very_high,9_14,Y,L,0,0.60885584,30.615788336365174
30.0,192.9645688,10.010416666666666,1,1,0,0,0,0,0,0,0,2,1,246.91666666666666,11.0,68.8500816,1,1,SPECIAL EQUIPMENT,UPPER APEX,LANG_02,Round-Trip,google,Paid Search,Paid Search,Logged-Out,AREA_C,AREA_B,AREA_C_TO_AREA_B,CA,BU,15_30,very_high,9_14,Y,W,0,0.44431642,30.591221565212486
53.0,173.9600412,7.447916666666667,3,3,0,0,0,0,0,0,0,2,1,182.91666666666666,16.0,42.83,4,1,SPECIAL EQUIPMENT,UPPER APEX,LANG_09,Round-Trip,google,Paid Search,Paid Search,Logged-Out,AREA_C,AREA_C,AREA_C_TO_AREA_C,CA,CE,31_60,very_high,6_8,Y,O,0,0.71418893,30.58871201634407
57.0,203.4964658,7.4375,4,3,0,1,0,1,0,0,0,2,1,182.25,23.0,42.83,3,1,SPECIAL EQUIPMENT,UPPER APEX,LANG_09,Round-Trip,microsoft,Affiliate,Affiliate,Logged-Out,AREA_C,AREA_C,AREA_C_TO_AREA_C,CA,CE,31_60,very_high,6_8,Y,O,0,0.71418893,30.58871201634407
41.0,225.4087221,7.4375,3,3,0,0,0,0,0,1,0,2,1,182.25,18.0,42.83,2,1,SPECIAL EQUIPMENT,UPPER APEX,LANG_09,Round-Trip,opera,Paid Search,Paid Search,Logged-In,AREA_C,AREA_C,AREA_C_TO_AREA_C,CA,CE,31_60,very_high,6_8,Y,O,0,0.71418893,30.58871201634407
37.0,215.1449409,5.4375,3,2,1,0,0,0,1,0,0,2,1,134.25,17.0,42.83,3,1,SPECIAL EQUIPMENT,UPPER APEX,LANG_09,Round-Trip,google,MetaSearches,MetaSearches,Logged-Out,AREA_C,AREA_C,AREA_C_TO_AREA_C,CA,CE,31_60,very_high,6_8,Y,O,0,0.71418893,30.58871201634407
60.0,245.4612998,7.4375,5,2,1,2,0,1,1,0,0,2,1,182.25,13.0,42.83,3,1,SPECIAL EQUIPMENT,UPPER APEX,LANG_09,Round-Trip,mozilla,Direct,Direct,Logged-Out,AREA_C,AREA_C,AREA_C_TO_AREA_C,CA,CE,31_60,very_high,6_8,Y,O,0,0.71418893,30.58871201634407
38.0,209.0759299,6.440972222222222,3,2,0,1,0,1,0,0,0,2,1,158.33333333333334,21.0,42.83,3,1,SPECIAL EQUIPMENT,UPPER APEX,LANG_09,Round-Trip,apple,Organic Search,Organic Search,Logged-Out,AREA_C,AREA_C,AREA_C_TO_AREA_C,CA,CE,31_60,very_high,6_8,Y,O,0,0.71418893,30.58871201634407
35.0,334.82438160000004,7.4375,4,4,0,0,0,0,0,1,0,2,1,182.25,21.0,42.83,2,1,SPECIAL EQUIPMENT,UPPER APEX,LANG_09,Round-Trip,google,Paid Search,Paid Search,Logged-In,AREA_C,AREA_C,AREA_C_TO_AREA_C,CA,CE,31_60,very_high,6_8,Y,O,0,0.71418893,30.58871201634407
133.0,56.3480046,9.128472222222221,4,2,1,1,0,1,1,1,0,2,1,221.25,12.0,42.83,3,1,SPECIAL EQUIPMENT,UPPER APEX,LANG_09,Round-Trip,google,Paid Search,Affiliate,Logged-In,AREA_C,AREA_B,AREA_C_TO_AREA_B,CA,BI,120_plus,high,9_14,Y,O,0,0.71376896,30.570724515914915
66.0,503.4803556,14.0,2,2,0,0,0,0,0,1,0,2,1,343.25,12.0,77.094,1,1,SPECIAL EQUIPMENT,UPPER APEX,LANG_09,Round-Trip,google,Organic Search,Paid Search,Logged-In,AREA_C,AREA_B,AREA_C_TO_AREA_B,CA,BU,61_120,very_high,9_14,Y,S,0,0.3964094,30.56078569436073
19.0,15.920339299999998,7.690972222222222,1,1,0,0,0,0,0,0,0,4,1,186.66666666666666,18.0,45.935175,6,0,SPECIAL EQUIPMENT,LOWER ZENITH,LANG_02,Round-Trip,google,Email,Organic Search,Logged-Out,AREA_C,AREA_D,AREA_C_TO_AREA_D,CE,DA,15_30,very_low,6_8,Y,U,0,0.6649607,30.54508531380147
42.0,40.448652,2.9409722222222223,2,2,0,0,0,0,0,0,0,2,1,72.91666666666667,9.0,92.0845,6,1,SPECIAL EQUIPMENT,UPPER APEX,LANG_09,Round-Trip,apple,Paid Search,MetaSearches,Logged-Out,AREA_C,AREA_C,AREA_C_TO_AREA_C,CA,CU,31_60,mid,3_5,Y,O,0,0.33169475,30.543945388510824
75.0,15.152397399999998,6.75,1,1,0,0,0,0,0,0,0,2,1,163.91666666666666,18.0,85.66,4,1,SPECIAL EQUIPMENT,LOWER APEX,LANG_02,Round-Trip,apple,Direct,Direct,Logged-Out,AREA_C,AREA_B,AREA_C_TO_AREA_B,CA,BE,61_120,very_low,6_8,Y,O,0,0.35648197,30.536245495080948
96.0,50.8015196,3.517361111111111,2,2,0,0,0,0,0,0,0,2,1,86.75,10.0,72.275625,6,1,SPECIAL EQUIPMENT,UPPER APEX,LANG_09,Round-Trip,mozilla,Paid Search,Paid Search,Logged-Out,AREA_C,AREA_C,AREA_C_TO_AREA_C,CA,CU,61_120,mid,3_5,Y,O,0,0.4223586,30.52623195430264
19.0,89.2735671,8.194444444444445,2,2,0,0,0,0,0,1,1,2,1,198.16666666666666,21.0,42.83,3,1,SPECIAL EQUIPMENT,UPPER APEX,LANG_02,Round-Trip,google,Paid Search,Paid Search,Logged-In,AREA_C,AREA_B,AREA_C_TO_AREA_B,CA,BI,15_30,high,9_14,Y,W,0,0.712661,30.523271825313568
140.0,259.661158,8.034722222222221,4,3,0,1,0,1,0,0,0,4,1,194.91666666666666,19.0,37.6424304,2,0,SPECIAL EQUIPMENT,LOWER ZENITH,LANG_02,Round-Trip,mozilla,Direct,Organic Search,Logged-Out,AREA_C,AREA_B,AREA_C_TO_AREA_B,CE,BU,120_plus,very_high,9_14,Y,L,0,0.81082857,30.521557882735635
118.0,205.6962146,7.34375,2,2,0,0,0,0,0,0,0,2,1,190.83333333333334,20.0,38.547,5,1,SPECIAL EQUIPMENT,UPPER APEX,LANG_09,Round-Trip,google,Direct,Direct,Logged-Out,AREA_C,AREA_B,AREA_C_TO_AREA_B,CA,BI,61_120,very_high,6_8,Y,U,0,0.79179513,30.521327051281926
100.0,115.1081948,7.236111111111111,2,2,0,0,0,0,0,0,0,2,1,178.5,18.0,38.547,2,1,SPECIAL EQUIPMENT,UPPER APEX,LANG_02,Round-Trip,google,Direct,Partners,Logged-Out,AREA_C,AREA_B,AREA_C_TO_AREA_B,CA,BI,61_120,very_high,6_8,Y,V,0,0.79179513,30.521327051281926
1.0,375.54628899999994,7.322916666666667,2,2,0,0,0,0,0,0,0,2,1,176.66666666666666,9.0,42.83,3,1,SPECIAL EQUIPMENT,UPPER APEX,LANG_02,Round-Trip,apple,Direct,Direct,Logged-Out,AREA_C,AREA_C,AREA_C_TO_AREA_C,CA,CE,0_3,very_high,6_8,C,Z,0,0.71255803,30.518860471248626
48.0,31.2007984,8.21875,2,2,0,0,0,0,0,0,0,2,1,201.25,9.0,42.83,6,1,SPECIAL EQUIPMENT,UPPER APEX,LANG_09,Round-Trip,google,MetaSearches,MetaSearches,Logged-Out,AREA_C,AREA_C,AREA_C_TO_AREA_C,CA,CI,31_60,low,9_14,Y,O,0,0.71216965,30.502225990295408
80.0,127.5537362,4.388888888888889,3,2,0,1,0,1,0,0,0,2,1,105.91666666666667,12.0,42.83,4,1,SPECIAL EQUIPMENT,UPPER APEX,LANG_09,Round-Trip,apple,Direct,Direct,Logged-Out,AREA_C,AREA_B,AREA_C_TO_AREA_B,CA,BI,61_120,very_high,3_5,Y,L,0,0.7120586,30.497469999194145
135.0,55.287962099999994,4.15625,2,2,0,0,0,0,0,0,0,2,1,101.66666666666667,17.0,85.66,6,1,SPECIAL EQUIPMENT,WEST APEX,LANG_09,Round-Trip,google,Organic Search,Organic Search,Logged-Out,AREA_C,AREA_B,AREA_C_TO_AREA_B,CA,BE,120_plus,high,3_5,Y,W,0,0.35602638,30.49721981823444
28.0,36.1403823,,1,1,0,0,0,0,0,0,0,2,1,-87.33333333333333,15.0,42.83,6,1,SPECIAL EQUIPMENT,UPPER APEX,LANG_09,Round-Trip,apple,Paid MetaSearches,Paid MetaSearches,Logged-Out,AREA_C,AREA_C,AREA_C_TO_AREA_C,CA,CI,15_30,mid,unknown_or_oneway,Y,Y,0,0.7117904,30.48598209798336
46.0,239.1036146,5.236111111111111,2,2,0,0,0,0,0,0,0,2,1,140.08333333333334,15.0,38.547,4,1,SPECIAL EQUIPMENT,UPPER APEX,LANG_09,Round-Trip,microsoft,Paid Search,Paid Search,Logged-Out,AREA_C,AREA_B,AREA_C_TO_AREA_B,CA,BI,31_60,very_high,6_8,Y,W,0,0.7908365,30.484375068247317
59.0,255.472384,7.097222222222222,2,2,0,0,0,0,0,0,0,2,1,184.75,14.0,38.547,4,1,SPECIAL EQUIPMENT,UPPER APEX,LANG_09,Round-Trip,google,Paid Search,Paid Search,Logged-Out,AREA_C,AREA_B,AREA_C_TO_AREA_B,CA,BI,31_60,very_high,6_8,Y,W,0,0.7908365,30.484375068247317
8.0,24.4503621,5.371527777777778,1,1,0,0,0,0,0,0,0,4,1,131.66666666666666,18.0,48.9581164,4,0,SPECIAL EQUIPMENT,NEW MERIDIAN,LANG_10,Round-Trip,apple,Direct,Direct,Logged-Out,AREA_C,AREA_C,AREA_C_TO_AREA_C,CI,CI,8_14,low,6_8,Y,W,0,0.6225565,30.479193964043024
28.0,350.7245908,7.4375,2,2,0,0,0,0,0,1,0,2,1,182.25,16.0,42.83,2,1,SPECIAL EQUIPMENT,UPPER APEX,LANG_09,Round-Trip,google,Paid Search,Paid Search,Logged-In,AREA_C,AREA_C,AREA_C_TO_AREA_C,CA,CE,15_30,very_high,6_8,Y,K,0,0.71157473,30.47674582540989
52.0,27.707583600000003,4.0,2,2,0,0,0,0,0,1,0,2,1,97.91666666666667,19.0,85.66,5,1,SPECIAL EQUIPMENT,WEST APEX,LANG_02,Round-Trip,apple,Direct,Direct,Logged-In,AREA_C,AREA_B,AREA_C_TO_AREA_B,CA,BE,31_60,low,3_5,Y,W,0,0.35569137,30.468523041009902
131.0,82.4854404,5.114583333333333,4,4,0,0,0,0,0,1,1,2,1,124.75,15.0,42.83,4,1,SPECIAL EQUIPMENT,UPPER APEX,LANG_09,Round-Trip,mozilla,Email,Email,Logged-In,AREA_C,AREA_C,AREA_C_TO_AREA_C,CA,CO,120_plus,high,6_8,Y,U,0,0.71120864,30.461066116690635
73.0,102.8793732,11.447916666666666,1,1,0,0,0,0,0,0,0,2,1,278.5833333333333,14.0,50.2841332,5,1,SPECIAL EQUIPMENT,UPPER APEX,LANG_09,Round-Trip,google,Direct,Email,Logged-Out,AREA_C,AREA_C,AREA_C_TO_AREA_C,CA,CE,61_120,very_high,9_14,Y,W,0,0.6056702,30.455601700930117
80.0,124.6858394,11.458333333333334,1,1,0,0,0,0,0,0,0,2,1,278.8333333333333,7.0,50.2841332,5,1,SPECIAL EQUIPMENT,UPPER APEX,LANG_09,Round-Trip,mozilla,Paid Search,Paid Search,Logged-Out,AREA_C,AREA_C,AREA_C_TO_AREA_C,CA,CE,61_120,very_high,9_14,Y,S,0,0.6056702,30.455601700930117
268.0,19.440537,10.895833333333334,1,1,0,0,0,0,0,0,0,2,1,263.4166666666667,15.0,85.66,3,1,SPECIAL EQUIPMENT,UPPER APEX,LANG_09,Round-Trip,microsoft,Paid Search,Paid Search,Logged-Out,AREA_C,AREA_B,AREA_C_TO_AREA_B,CA,BE,120_plus,very_low,9_14,Y,U,0,0.35531038,30.43588719010353
23.0,31.872372799999997,4.385416666666667,1,1,0,0,0,0,0,1,0,2,1,107.25,16.0,85.66,3,1,SPECIAL EQUIPMENT,UPPER APEX,LANG_09,Round-Trip,google,Direct,Paid Search,Logged-In,AREA_C,AREA_B,AREA_C_TO_AREA_B,CA,BE,15_30,low,3_5,Y,U,0,0.35520142,30.426553908586502
28.0,67.95536290000001,4.770833333333333,1,1,0,0,0,0,0,0,0,2,1,117.41666666666667,17.0,50.2841332,5,1,SPECIAL EQUIPMENT,UPPER APEX,LANG_09,Round-Trip,apple,Paid Search,Paid Search,Logged-Out,AREA_C,AREA_C,AREA_C_TO_AREA_C,CA,CE,15_30,high,3_5,Y,L,0,0.6050321,30.423514021422434
295.0,100.0688686,7.131944444444445,2,2,0,0,0,0,0,1,1,2,1,177.16666666666666,15.0,42.83,3,1,SPECIAL EQUIPMENT,UPPER VERTEX,LANG_10,Round-Trip,apple,Organic Search,Organic Search,Logged-In,AREA_C,AREA_B,AREA_C_TO_AREA_B,CA,BI,120_plus,high,6_8,Y,T,0,0.7102083,30.41822135090828
0.0,27.611644400000003,4.895833333333333,1,1,0,0,0,0,0,0,0,2,1,119.41666666666667,20.0,85.66,5,1,SPECIAL EQUIPMENT,UPPER APEX,LANG_09,Round-Trip,apple,Direct,Direct,Logged-Out,AREA_C,AREA_B,AREA_C_TO_AREA_B,CA,BE,invalid_or_past,low,3_5,Y,L,0,0.35496533,30.406330096721646
26.0,232.7737689,5.4375,3,2,0,1,0,1,0,0,0,2,1,134.25,9.0,42.83,2,1,SPECIAL EQUIPMENT,UPPER APEX,LANG_09,Round-Trip,google,Paid Search,Paid Search,Logged-Out,AREA_C,AREA_C,AREA_C_TO_AREA_C,CA,CE,15_30,very_high,6_8,Y,O,0,0.7096901,30.39602672576904
49.0,112.3079694,9.770833333333334,1,1,0,0,0,0,0,0,0,2,1,237.41666666666666,11.0,50.2841332,3,1,SPECIAL EQUIPMENT,UPPER APEX,LANG_09,Round-Trip,google,Paid Search,Paid Search,Logged-Out,AREA_C,AREA_C,AREA_C_TO_AREA_C,CA,CE,31_60,very_high,9_14,Y,S,0,0.6042829,30.38584261812222
83.0,45.6730554,7.9375,1,1,0,0,0,0,0,1,0,2,1,193.41666666666666,11.0,42.83,5,1,SPECIAL EQUIPMENT,UPPER APEX,LANG_09,Round-Trip,google,Paid Search,Paid Search,Logged-In,AREA_C,AREA_C,AREA_C_TO_AREA_C,CA,CI,61_120,mid,6_8,Y,W,0,0.7094358,30.385136195421218
52.0,77.0614492,7.510416666666667,2,2,0,0,0,0,0,0,0,2,1,181.83333333333334,13.0,42.83,3,1,SPECIAL EQUIPMENT,UPPER APEX,LANG_09,Round-Trip,google,Paid Search,Paid MetaSearches,Logged-Out,AREA_C,AREA_D,AREA_C_TO_AREA_D,CA,DA,31_60,high,6_8,Y,U,0,0.7092907,30.378919964432715
42.0,91.609087,7.097222222222222,2,2,0,0,0,0,0,0,0,2,1,172.0,11.0,42.83,2,1,SPECIAL EQUIPMENT,UPPER APEX,LANG_09,Round-Trip,apple,Email,Email,Logged-Out,AREA_C,AREA_C,AREA_C_TO_AREA_C,CA,CO,31_60,high,6_8,Y,U,0,0.7092907,30.378919964432715
37.0,123.9388842,4.243055555555555,2,2,0,0,0,0,0,0,0,3,1,106.91666666666667,18.0,42.83,3,1,SPECIAL EQUIPMENT,UPPER APEX,LANG_02,Round-Trip,google,Direct,Direct,Logged-Out,AREA_C,AREA_B,AREA_C_TO_AREA_B,CA,BI,31_60,very_high,3_5,Y,L,0,0.70923465,30.37652026951313
1.0,26.8218592,56.72222222222222,1,1,0,0,0,0,0,1,0,4,1,1364.0833333333333,8.0,87.7603832,3,0,SPECIAL EQUIPMENT,NEW ZENITH,LANG_02,Round-Trip,microsoft,Email,Email,Logged-In,AREA_C,AREA_B,AREA_C_TO_AREA_B,CI,BA,0_3,low,30_plus,Y,W,0,0.34611237,30.374954264552976
115.0,29.1466716,4.0,1,1,0,0,0,0,0,1,0,2,1,97.91666666666667,10.0,85.66,4,1,SPECIAL EQUIPMENT,UPPER APEX,LANG_09,Round-Trip,google,Direct,Direct,Logged-In,AREA_C,AREA_B,AREA_C_TO_AREA_B,CA,BE,61_120,low,3_5,Y,T,0,0.3545744,30.37284414112568
79.0,121.3707974,8.815972222222221,1,1,0,0,0,0,0,1,0,3,1,216.58333333333334,19.0,81.377,2,1,SPECIAL EQUIPMENT,UPPER APEX,LANG_09,Round-Trip,google,Paid Search,Paid Search,Logged-In,AREA_C,AREA_C,AREA_C_TO_AREA_C,CA,CA,61_120,very_high,9_14,Y,L,0,0.37322372,30.371826823651787
23.0,828.8521562,6.527777777777778,1,1,0,0,0,0,0,0,0,2,1,161.25,18.0,77.496602,3,1,SPECIAL EQUIPMENT,LOWER VERTEX,LANG_02,Round-Trip,apple,Direct,Direct,Logged-Out,AREA_D,AREA_C,AREA_D_TO_AREA_C,DA,CA,15_30,very_high,6_8,C,Z,0,0.391797,30.3629366488651
32.0,43.3542392,9.086805555555555,1,1,0,0,0,0,0,0,0,2,1,218.66666666666666,14.0,42.83,3,1,SPECIAL EQUIPMENT,UPPER APEX,LANG_09,Round-Trip,mozilla,Paid Search,MetaSearches,Logged-Out,AREA_C,AREA_B,AREA_C_TO_AREA_B,CA,BI,31_60,mid,9_14,Y,U,0,0.70857584,30.348303431272505
212.0,176.0030322,11.0,1,1,0,0,0,0,0,0,0,2,1,271.25,20.0,68.8500816,1,1,SPECIAL EQUIPMENT,UPPER APEX,LANG_09,Round-Trip,apple,Direct,Direct,Logged-Out,AREA_C,AREA_B,AREA_C_TO_AREA_B,CA,BU,120_plus,very_high,9_14,Y,W,0,0.44052193,30.32997053019347
2.0,37.4094352,,1,1,0,0,0,0,0,0,0,2,1,-135.83333333333334,18.0,85.66,4,1,SPECIAL EQUIPMENT,UPPER APEX,LANG_09,Round-Trip,google,Direct,Paid Search,Logged-Out,AREA_C,AREA_B,AREA_C_TO_AREA_B,CA,BE,0_3,mid,unknown_or_oneway,Y,V,0,0.35391846,30.31665553987026
36.0,31.8548125,16.75347222222222,1,1,0,0,0,0,0,0,0,2,1,404.0,16.0,85.66,6,1,SPECIAL EQUIPMENT,WEST APEX,LANG_09,Round-Trip,mozilla,Direct,Organic Search,Logged-Out,AREA_C,AREA_B,AREA_C_TO_AREA_B,CA,BE,31_60,low,15_30,Y,O,0,0.3538432,30.310209550857543
3.0,206.7078592,5.725694444444445,2,2,0,0,0,0,0,1,0,3,1,138.33333333333334,14.0,42.83,4,1,SPECIAL EQUIPMENT,LOWER ZENITH,LANG_02,Round-Trip,apple,Direct,Direct,Logged-In,AREA_C,AREA_B,AREA_C_TO_AREA_B,CA,BI,0_3,very_high,6_8,Y,L,0,0.70759326,30.306219419836996
119.0,255.1622948,13.64236111111111,2,2,0,0,0,0,0,0,0,2,1,333.3333333333333,10.0,82.87605,4,0,SPECIAL EQUIPMENT,UPPER APEX,LANG_09,Round-Trip,apple,Direct,Direct,Logged-Out,AREA_B,AREA_C,AREA_B_TO_AREA_C,BE,CA,61_120,very_high,9_14,Y,L,0,0.36565343,30.303911570687596
99.0,53.862151399999995,5.388888888888889,1,1,0,0,0,0,0,0,0,2,1,129.91666666666666,18.0,42.83,3,1,SPECIAL EQUIPMENT,UPPER APEX,LANG_09,Round-Trip,microsoft,Email,Email,Logged-Out,AREA_C,AREA_B,AREA_C_TO_AREA_B,CA,BI,61_120,mid,6_8,Y,O,0,0.707083,30.28436432600021
43.0,374.5573442999999,14.055555555555555,3,3,0,0,0,0,0,0,0,2,1,342.3333333333333,9.0,81.377,3,1,SPECIAL EQUIPMENT,UPPER APEX,LANG_09,Round-Trip,google,Direct,Paid Search,Logged-Out,AREA_C,AREA_C,AREA_C_TO_AREA_C,CA,CA,31_60,very_high,15_30,Y,L,0,0.37208113,30.278846176475284
15.0,39.8400377,,1,1,0,0,0,0,0,0,0,4,1,32.083333333333336,22.0,38.5174473,4,0,SPECIAL EQUIPMENT,NORTH ZENITH,LANG_02,One-Way,mozilla,Organic Search,Paid Search,Logged-Out,AREA_C,AREA_C,AREA_C_TO_AREA_C,CI,CI,15_30,mid,unknown_or_oneway,Y,T,0,0.7860994,30.278541221942945
100.0,104.8666852,,2,1,1,0,0,0,1,0,0,2,1,-432.9166666666667,14.0,77.094,3,1,SPECIAL EQUIPMENT,GREAT MERIDIAN,LANG_03,Round-Trip,google,Direct,Direct,Logged-Out,AREA_C,AREA_B,AREA_C_TO_AREA_B,CA,BA,61_120,very_high,unknown_or_oneway,Y,U,0,0.39256558,30.26445068746805
59.0,132.999999,9.065972222222221,1,1,0,0,0,0,0,0,0,2,1,222.58333333333334,23.0,81.377,1,1,SPECIAL EQUIPMENT,UPPER APEX,LANG_09,Round-Trip,google,Organic Search,Organic Search,Logged-Out,AREA_C,AREA_C,AREA_C_TO_AREA_C,CA,CA,31_60,very_high,9_14,Y,L,0,0.3718668,30.261403968423604
63.0,102.8532469,11.447916666666666,1,1,0,0,0,0,0,0,0,2,1,278.5833333333333,10.0,50.2841332,5,1,SPECIAL EQUIPMENT,UPPER APEX,LANG_09,Round-Trip,google,Direct,Email,Logged-Out,AREA_C,AREA_C,AREA_C_TO_AREA_C,CA,CE,61_120,very_high,9_14,Y,W,0,0.6016888,30.25539987689922
10.0,114.0854144,8.20138888888889,1,1,0,0,0,0,0,1,1,2,1,200.33333333333334,22.0,77.094,3,1,SPECIAL EQUIPMENT,UPPER APEX,LANG_02,Round-Trip,google,Direct,Paid Search,Logged-In,AREA_C,AREA_B,AREA_C_TO_AREA_B,CA,BA,8_14,very_high,9_14,Y,Y,0,0.3923626,30.24880186843872
23.0,205.75232190000003,5.055555555555555,3,3,0,0,0,0,0,0,0,4,1,125.0,20.0,38.547,5,1,SPECIAL EQUIPMENT,UPPER APEX,LANG_09,Round-Trip,mozilla,MetaSearches,MetaSearches,Logged-Out,AREA_C,AREA_B,AREA_C_TO_AREA_B,CA,BI,15_30,very_high,6_8,Y,O,0,0.7846986,30.247777147650716
43.0,49.2879074,7.1875,3,2,0,1,0,1,0,0,0,2,1,177.58333333333334,9.0,42.83,6,1,SPECIAL EQUIPMENT,UPPER APEX,LANG_09,Round-Trip,apple,Direct,Direct,Logged-Out,AREA_C,AREA_B,AREA_C_TO_AREA_B,CA,BO,31_60,mid,6_8,Y,O,0,0.7061611,30.244879133105275
1.0,32.289536999999996,4.59375,1,1,0,0,0,0,0,1,0,2,1,112.25,16.0,85.66,5,1,SPECIAL EQUIPMENT,UPPER APEX,LANG_09,Round-Trip,apple,Direct,Direct,Logged-In,AREA_C,AREA_B,AREA_C_TO_AREA_B,CA,BE,0_3,low,3_5,Y,W,0,0.3530805,30.24487658023834
5.0,35.445251400000004,107.73958333333333,2,2,0,0,0,0,0,0,0,2,1,2587.75,11.0,85.66,6,1,SPECIAL EQUIPMENT,LOWER APEX,LANG_02,Round-Trip,google,Email,Paid Search,Logged-Out,AREA_C,AREA_B,AREA_C_TO_AREA_B,CA,BE,4_7,mid,30_plus,Y,L,0,0.3529067,30.229988260269163
203.0,207.34003,7.215277777777778,5,4,0,1,0,1,0,0,0,2,1,177.08333333333334,15.0,42.83,6,1,SPECIAL EQUIPMENT,UPPER APEX,LANG_09,Round-Trip,opera,Paid Search,Affiliate,Logged-Out,AREA_C,AREA_C,AREA_C_TO_AREA_C,CA,CI,120_plus,very_high,6_8,Y,L,0,0.70572096,30.226028763651847
270.0,101.9114152,6.173611111111111,4,4,0,0,0,0,0,0,0,2,1,151.16666666666666,23.0,44.9715,3,1,SPECIAL EQUIPMENT,UPPER APEX,LANG_09,Round-Trip,samsung,Direct,Direct,Logged-Out,AREA_C,AREA_B,AREA_C_TO_AREA_B,CA,BO,120_plus,high,6_8,Y,W,0,0.6719668,30.219354548335076
42.0,144.148648,7.253472222222222,4,2,0,2,0,1,0,0,0,2,1,180.75,12.0,42.83,6,1,SPECIAL EQUIPMENT,UPPER APEX,LANG_09,Round-Trip,google,Paid Search,Paid Search,Logged-Out,AREA_C,AREA_B,AREA_C_TO_AREA_B,CA,BE,31_60,very_high,6_8,Y,O,0,0.70556086,30.219171763062477
48.0,114.193346,7.267361111111111,3,2,0,0,1,1,0,0,0,2,1,181.08333333333334,21.0,42.83,6,1,SPECIAL EQUIPMENT,UPPER APEX,LANG_09,Round-Trip,google,Paid Search,Paid Search,Logged-Out,AREA_C,AREA_B,AREA_C_TO_AREA_B,CA,BE,31_60,very_high,6_8,Y,O,0,0.70556086,30.219171763062477
58.0,334.5117226,8.23263888888889,2,2,0,0,0,0,0,0,0,2,1,212.08333333333334,7.0,42.4017,1,1,SPECIAL EQUIPMENT,SOUTH VERTEX,LANG_09,Round-Trip,apple,Direct,Paid Search,Logged-Out,AREA_C,AREA_B,AREA_C_TO_AREA_B,CA,BI,31_60,very_high,9_14,Y,W,0,0.7126491,30.217533639407158
2.0,28.6549832,7.725694444444445,1,1,0,0,0,0,0,1,0,2,1,187.33333333333334,9.0,48.18375,2,1,SPECIAL EQUIPMENT,UPPER APEX,LANG_09,Round-Trip,google,Internal,Referrals,Logged-In,AREA_C,AREA_B,AREA_C_TO_AREA_B,CA,BI,0_3,low,6_8,Y,L,0,0.62701535,30.211950978934766
148.0,264.753645,10.256944444444445,1,1,0,0,0,0,0,0,0,4,1,247.41666666666666,14.0,37.870286,1,0,SPECIAL EQUIPMENT,CENTRAL MERIDIAN,LANG_02,Round-Trip,google,Paid Search,Paid Search,Logged-Out,AREA_B,AREA_B,AREA_B_TO_AREA_B,BI,BO,120_plus,very_high,9_14,Y,Y,0,0.7976441,30.20700938776982
6.0,29.8837759,3.392361111111111,1,1,0,0,0,0,0,0,0,4,1,84.16666666666667,20.0,42.5695936,6,0,SPECIAL EQUIPMENT,NEW MERIDIAN,LANG_02,Round-Trip,google,Paid Search,Paid Search,Logged-Out,AREA_C,AREA_D,AREA_C_TO_AREA_D,CI,DA,4_7,low,3_5,Y,L,0,0.70951366,30.203708340582274
16.0,70.1688173,5.069444444444445,1,1,0,0,0,0,0,1,0,4,1,122.66666666666667,21.0,40.6885,4,0,SPECIAL EQUIPMENT,UPPER APEX,LANG_09,Round-Trip,apple,Direct,Direct,Logged-In,AREA_C,AREA_B,AREA_C_TO_AREA_B,CE,BU,15_30,high,6_8,Y,V,0,0.74207383,30.193871192365883
106.0,90.9229504,10.13888888888889,1,1,0,0,0,0,0,1,0,2,1,247.16666666666666,18.0,50.2841332,5,1,SPECIAL EQUIPMENT,UPPER APEX,LANG_09,Round-Trip,google,Internal,Paid Search,Logged-In,AREA_C,AREA_C,AREA_C_TO_AREA_C,CA,CE,61_120,high,9_14,Y,W,0,0.6004185,30.191524234673572
115.0,90.140018,11.458333333333334,1,1,0,0,0,0,0,0,0,2,1,278.8333333333333,19.0,50.2841332,5,1,SPECIAL EQUIPMENT,UPPER APEX,LANG_09,Round-Trip,google,Paid Search,Organic Search,Logged-Out,AREA_C,AREA_C,AREA_C_TO_AREA_C,CA,CE,61_120,high,9_14,Y,V,0,0.6004185,30.191524234673572
95.0,314.1631896,8.4375,3,2,0,1,0,1,0,0,0,2,1,206.25,12.0,42.83,1,1,SPECIAL EQUIPMENT,UPPER APEX,LANG_09,Round-Trip,apple,Direct,Direct,Logged-Out,AREA_C,AREA_C,AREA_C_TO_AREA_C,CA,CE,61_120,very_high,9_14,P,R,0,0.70460117,30.17806805253029
38.0,53.9790773,6.944444444444445,1,1,0,0,0,0,0,0,0,2,1,167.25,12.0,42.83,3,1,SPECIAL EQUIPMENT,UPPER MERIDIAN,LANG_02,Round-Trip,mozilla,MetaSearches,MetaSearches,Logged-Out,AREA_C,AREA_B,AREA_C_TO_AREA_B,CA,BI,31_60,mid,6_8,Y,W,0,0.70445406,30.171767576932908
57.0,30.8358868,6.517361111111111,2,2,0,0,0,0,0,1,0,2,1,158.58333333333334,9.0,42.83,3,1,SPECIAL EQUIPMENT,UPPER APEX,LANG_09,Round-Trip,apple,Direct,Direct,Logged-In,AREA_C,AREA_B,AREA_C_TO_AREA_B,CA,BI,31_60,low,6_8,Y,O,1,0.70437604,30.168425874114035
120.0,386.6405439,13.64236111111111,3,3,0,0,0,0,0,0,0,2,1,333.3333333333333,16.0,82.87605,5,0,SPECIAL EQUIPMENT,UPPER APEX,LANG_09,Round-Trip,samsung,Paid Search,MetaSearches,Logged-Out,AREA_B,AREA_C,AREA_B_TO_AREA_C,BE,CA,61_120,very_high,9_14,Y,O,0,0.3639933,30.166325860244037
108.0,137.9263056,17.76736111111111,2,2,0,0,0,0,0,0,0,2,1,428.75,19.0,72.275625,6,1,SPECIAL EQUIPMENT,UPPER APEX,LANG_09,Round-Trip,google,Email,Paid Search,Logged-Out,AREA_C,AREA_C,AREA_C_TO_AREA_C,CA,CU,61_120,very_high,15_30,Y,M,0,0.4173098,30.161325952280315
56.0,50.076836,7.1875,2,2,0,0,0,0,0,1,0,2,1,177.58333333333334,14.0,42.83,6,1,SPECIAL EQUIPMENT,UPPER APEX,LANG_02,Round-Trip,google,Email,MetaSearches,Logged-In,AREA_C,AREA_B,AREA_C_TO_AREA_B,CA,BO,31_60,mid,6_8,Y,O,0,0.70419437,30.160644735693932
4.0,103.3967596,6.201388888888889,1,1,0,0,0,0,0,1,0,2,1,152.33333333333334,15.0,77.094,4,1,SPECIAL EQUIPMENT,UPPER APEX,LANG_09,Round-Trip,microsoft,Paid Search,MetaSearches,Logged-In,AREA_C,AREA_B,AREA_C_TO_AREA_B,CA,BA,4_7,very_high,6_8,Y,E,0,0.39110896,30.152154155552385
29.0,26.707931400000003,4.159722222222222,1,1,0,0,0,0,0,0,0,2,1,101.75,18.0,85.66,4,1,SPECIAL EQUIPMENT,UPPER APEX,LANG_09,Round-Trip,opera,Paid Search,Paid Search,Logged-Out,AREA_C,AREA_B,AREA_C_TO_AREA_B,CA,BE,15_30,low,3_5,Y,O,0,0.35154325,30.113194597959517
41.0,142.3163806,5.4375,2,1,0,1,0,1,0,0,0,2,1,134.25,11.0,42.83,3,1,SPECIAL EQUIPMENT,UPPER APEX,LANG_09,Round-Trip,mozilla,Direct,Direct,Logged-Out,AREA_C,AREA_C,AREA_C_TO_AREA_C,CA,CE,31_60,very_high,6_8,Y,L,0,0.7029358,30.10674095034599
18.0,69.4676902,7.086805555555555,1,1,0,0,0,0,0,0,0,2,1,170.66666666666666,11.0,42.83,4,1,SPECIAL EQUIPMENT,UPPER APEX,LANG_09,Round-Trip,microsoft,Email,Organic Search,Logged-Out,AREA_C,AREA_B,AREA_C_TO_AREA_B,CA,BI,15_30,high,6_8,Y,V,0,0.70288944,30.104754819869996
25.0,58.2727848,5.388888888888889,1,1,0,0,0,0,0,0,0,2,1,129.91666666666666,20.0,42.83,3,1,SPECIAL EQUIPMENT,UPPER APEX,LANG_09,Round-Trip,opera,Organic Search,Organic Search,Logged-Out,AREA_C,AREA_B,AREA_C_TO_AREA_B,CA,BI,15_30,high,6_8,Y,V,0,0.70288944,30.104754819869996
19.0,61.3355581,6.90625,1,1,0,0,0,0,0,0,0,2,1,167.25,10.0,42.83,4,1,SPECIAL EQUIPMENT,UPPER APEX,LANG_09,Round-Trip,apple,Direct,Direct,Logged-Out,AREA_C,AREA_B,AREA_C_TO_AREA_B,CA,BI,15_30,high,6_8,Y,S,0,0.70288944,30.104754819869996
17.0,26.5383246,6.517361111111111,1,1,0,0,0,0,0,0,0,2,1,158.41666666666666,14.0,47.113,3,1,SPECIAL EQUIPMENT,UPPER APEX,LANG_02,Round-Trip,google,Email,MetaSearches,Logged-Out,AREA_C,AREA_B,AREA_C_TO_AREA_B,CA,BI,15_30,low,6_8,Y,U,0,0.63875645,30.09373281687498
58.0,81.8926732,4.496527777777778,2,2,0,0,0,0,0,1,0,2,1,108.5,16.0,42.83,5,1,SPECIAL EQUIPMENT,UPPER APEX,LANG_09,Round-Trip,apple,Direct,Email,Logged-In,AREA_C,AREA_B,AREA_C_TO_AREA_B,CA,BI,31_60,high,3_5,Y,V,0,0.7024999,30.088071834445
70.0,52.5661156,7.190972222222222,1,1,0,0,0,0,0,0,0,2,1,177.66666666666666,20.0,42.83,4,1,SPECIAL EQUIPMENT,UPPER APEX,LANG_09,Round-Trip,apple,Paid Search,MetaSearches,Logged-Out,AREA_C,AREA_B,AREA_C_TO_AREA_B,CA,BI,61_120,mid,6_8,Y,O,0,0.70242065,30.084676521420477
145.0,42.6424046,6.243055555555555,1,1,0,0,0,0,0,0,0,2,1,150.41666666666666,11.0,42.83,3,1,SPECIAL EQUIPMENT,UPPER APEX,LANG_09,Round-Trip,google,Paid Search,Paid Search,Logged-Out,AREA_C,AREA_B,AREA_C_TO_AREA_B,CA,BI,120_plus,mid,6_8,Y,O,0,0.70242065,30.084676521420477
192.0,32.6373166,6.388888888888889,1,1,0,0,0,0,0,0,0,2,1,153.91666666666666,23.0,42.83,3,1,SPECIAL EQUIPMENT,UPPER APEX,LANG_09,Round-Trip,google,Paid Search,Organic Search,Logged-Out,AREA_C,AREA_B,AREA_C_TO_AREA_B,CA,BI,120_plus,low,6_8,Y,O,0,0.70242065,30.084676521420477
105.0,50.79124040000001,7.190972222222222,1,1,0,0,0,0,0,0,0,2,1,177.66666666666666,20.0,42.83,2,1,SPECIAL EQUIPMENT,UPPER APEX,LANG_09,Round-Trip,google,Organic Search,Organic Search,Logged-Out,AREA_C,AREA_B,AREA_C_TO_AREA_B,CA,BI,61_120,mid,6_8,Y,O,0,0.70242065,30.084676521420477
152.0,221.2666328,7.4375,3,1,2,0,0,0,1,1,1,2,1,182.66666666666666,12.0,42.83,3,1,SPECIAL EQUIPMENT,UPPER APEX,LANG_09,Round-Trip,google,Direct,Direct,Logged-In,AREA_C,AREA_C,AREA_C_TO_AREA_C,CA,CE,120_plus,very_high,6_8,Y,U,0,0.7024134,30.084365071654318
155.0,38.9478888,7.322916666666667,4,4,0,0,0,0,0,1,0,2,1,176.75,21.0,42.83,3,1,SPECIAL EQUIPMENT,UPPER APEX,LANG_02,Round-Trip,apple,Direct,Direct,Logged-In,AREA_C,AREA_C,AREA_C_TO_AREA_C,CA,CE,120_plus,mid,6_8,Y,O,1,0.702312,30.080022644996642
299.0,38.228344799999995,7.274305555555555,2,2,0,0,0,0,0,0,0,2,1,176.41666666666666,15.0,42.83,3,1,SPECIAL EQUIPMENT,UPPER APEX,LANG_09,Round-Trip,google,Direct,Direct,Logged-Out,AREA_C,AREA_C,AREA_C_TO_AREA_C,CA,CE,120_plus,mid,6_8,Y,U,0,0.7019071,30.06268101990223
168.0,152.2640764,6.232638888888889,2,2,0,0,0,0,0,0,0,4,1,151.66666666666666,20.0,37.6424304,5,0,SPECIAL EQUIPMENT,LOWER ZENITH,LANG_02,Round-Trip,apple,Direct,Direct,Logged-Out,AREA_C,AREA_B,AREA_C_TO_AREA_B,CE,BU,120_plus,very_high,6_8,Y,L,0,0.7986031,30.06136226643591
3.0,79.1665437,,2,2,0,0,0,0,0,1,0,1,0,2.6666666666666665,19.0,60.107622,3,1,SPECIAL EQUIPMENT,UPPER APEX,LANG_09,One-Way,mozilla,Paid Search,Paid Search,Logged-In,AREA_C,AREA_C,AREA_C_TO_AREA_C,CA,CI,0_3,high,unknown_or_oneway,Y,Q,0,0.5000742,30.058271453354717
105.0,150.7581736,11.010416666666666,1,1,0,0,0,0,0,0,0,2,1,270.9166666666667,11.0,68.8500816,2,1,SPECIAL EQUIPMENT,UPPER APEX,LANG_02,Round-Trip,google,MetaSearches,MetaSearches,Logged-Out,AREA_C,AREA_B,AREA_C_TO_AREA_B,CA,BU,61_120,very_high,9_14,Y,L,0,0.43655324,30.05672618451576
56.0,82.6139304,6.072916666666667,2,2,0,0,0,0,0,0,0,5,1,147.83333333333334,10.0,37.6424304,5,0,SPECIAL EQUIPMENT,LOWER ZENITH,LANG_02,Round-Trip,google,Direct,Paid Search,Logged-Out,AREA_C,AREA_B,AREA_C_TO_AREA_B,CE,BU,31_60,high,6_8,Y,O,0,0.7984481,30.055526497171787
102.0,79.5635778,7.215277777777778,4,2,0,1,1,1,0,1,0,2,1,177.08333333333334,11.0,42.83,6,1,SPECIAL EQUIPMENT,UPPER APEX,LANG_09,Round-Trip,microsoft,Direct,Paid Search,Logged-In,AREA_C,AREA_C,AREA_C_TO_AREA_C,CA,CI,61_120,high,6_8,Y,L,0,0.7017215,30.054731392264365
106.0,108.9004146,9.746527777777779,1,1,0,0,0,0,0,0,0,2,1,237.75,9.0,50.2841332,5,1,SPECIAL EQUIPMENT,UPPER APEX,LANG_09,Round-Trip,samsung,MetaSearches,MetaSearches,Logged-Out,AREA_C,AREA_C,AREA_C_TO_AREA_C,CA,CE,61_120,very_high,9_14,Y,V,0,0.59751546,30.045547172239257
23.0,262.0904756,,1,1,0,0,0,0,0,0,0,2,1,-123.41666666666667,20.0,68.8500816,3,1,SPECIAL EQUIPMENT,UPPER APEX,LANG_09,Round-Trip,google,Direct,Direct,Logged-Out,AREA_C,AREA_B,AREA_C_TO_AREA_B,CA,BU,15_30,very_high,unknown_or_oneway,Y,T,0,0.43639046,30.045518748618793
111.0,156.46741260000002,7.4375,2,2,0,0,0,0,0,0,0,2,1,182.25,21.0,42.83,2,1,SPECIAL EQUIPMENT,UPPER APEX,LANG_09,Round-Trip,microsoft,Paid Search,Paid Search,Logged-Out,AREA_C,AREA_C,AREA_C_TO_AREA_C,CA,CE,61_120,very_high,6_8,Y,O,0,0.7013839,30.04027195394039
68.0,156.2686814,5.4375,2,2,0,0,0,0,0,0,0,2,1,134.25,17.0,42.83,3,1,SPECIAL EQUIPMENT,UPPER APEX,LANG_09,Round-Trip,microsoft,Paid Search,Paid Search,Logged-Out,AREA_C,AREA_C,AREA_C_TO_AREA_C,CA,CE,61_120,very_high,6_8,Y,O,0,0.7013839,30.04027195394039
43.0,273.9822251,7.4375,3,1,0,2,0,1,0,0,0,2,1,182.25,10.0,42.83,2,1,SPECIAL EQUIPMENT,UPPER APEX,LANG_09,Round-Trip,google,Direct,Paid Search,Logged-Out,AREA_C,AREA_C,AREA_C_TO_AREA_C,CA,CE,31_60,very_high,6_8,Y,T,0,0.7011985,30.03233253777027
55.0,15.045322399999998,5.739583333333333,2,2,0,0,0,0,0,0,0,2,1,139.66666666666666,21.0,85.66,4,1,SPECIAL EQUIPMENT,UPPER APEX,LANG_02,Round-Trip,apple,MetaSearches,MetaSearches,Logged-Out,AREA_C,AREA_B,AREA_C_TO_AREA_B,CA,BE,31_60,very_low,6_8,Y,O,0,0.35054195,30.027423374652862
5.0,377.82998459999993,7.979166666666667,2,2,0,0,0,0,0,0,0,4,1,193.58333333333334,10.0,37.6424304,1,0,SPECIAL EQUIPMENT,LOWER ZENITH,LANG_02,Round-Trip,google,Paid Search,Paid Search,Logged-Out,AREA_C,AREA_B,AREA_C_TO_AREA_B,CE,BU,4_7,very_high,6_8,Y,K,0,0.7974877,30.019374344094945
55.0,34.2485812,4.517361111111111,1,1,0,0,0,0,0,0,0,2,1,110.41666666666667,15.0,42.83,4,1,SPECIAL EQUIPMENT,UPPER APEX,LANG_09,Round-Trip,apple,Email,Email,Logged-Out,AREA_C,AREA_B,AREA_C_TO_AREA_B,CA,BI,31_60,mid,3_5,Y,L,0,0.7008647,30.018033930063247
56.0,127.406401,9.23611111111111,1,1,0,0,0,0,0,0,0,2,1,236.08333333333334,21.0,42.4017,2,1,SPECIAL EQUIPMENT,UPPER APEX,LANG_02,Round-Trip,apple,Direct,Direct,Logged-Out,AREA_C,AREA_B,AREA_C_TO_AREA_B,CA,BI,31_60,very_high,9_14,C,I,0,0.7074727,29.998044420325755
63.0,84.6890439,10.413194444444445,1,1,0,0,0,0,0,0,0,2,1,253.75,19.0,50.2841332,5,1,SPECIAL EQUIPMENT,UPPER APEX,LANG_02,Round-Trip,google,MetaSearches,MetaSearches,Logged-Out,AREA_C,AREA_C,AREA_C_TO_AREA_C,CA,CE,61_120,high,9_14,Y,W,0,0.5964194,29.990432251777197
31.0,156.2686814,6.4375,2,2,0,0,0,0,0,0,0,2,1,158.25,20.0,42.83,3,1,SPECIAL EQUIPMENT,UPPER APEX,LANG_09,Round-Trip,google,Organic Search,Organic Search,Logged-Out,AREA_C,AREA_C,AREA_C_TO_AREA_C,CA,CE,31_60,very_high,6_8,Y,O,0,0.70016664,29.988137305378913
33.0,156.3020888,6.4375,2,2,0,0,0,0,0,1,0,2,1,158.25,20.0,42.83,3,1,SPECIAL EQUIPMENT,UPPER APEX,LANG_09,Round-Trip,google,Direct,Email,Logged-In,AREA_C,AREA_C,AREA_C_TO_AREA_C,CA,CE,31_60,very_high,6_8,Y,O,0,0.70016664,29.988137305378913
47.0,143.72720080000002,7.447916666666667,2,2,0,0,0,0,0,0,0,2,1,182.91666666666666,22.0,42.83,4,1,SPECIAL EQUIPMENT,UPPER APEX,LANG_09,Round-Trip,google,Paid Search,Paid Search,Logged-Out,AREA_C,AREA_C,AREA_C_TO_AREA_C,CA,CE,31_60,very_high,6_8,Y,O,0,0.70016664,29.988137305378913
58.0,150.44380139999998,7.4375,2,2,0,0,0,0,0,0,0,2,1,182.25,9.0,42.83,2,1,SPECIAL EQUIPMENT,UPPER APEX,LANG_09,Round-Trip,apple,Paid Search,Paid Search,Logged-Out,AREA_C,AREA_C,AREA_C_TO_AREA_C,CA,CE,31_60,very_high,6_8,Y,O,0,0.70016664,29.988137305378913
36.0,150.29989260000002,6.4375,2,2,0,0,0,0,0,0,0,2,1,158.25,22.0,42.83,3,1,SPECIAL EQUIPMENT,UPPER APEX,LANG_09,Round-Trip,apple,Direct,Direct,Logged-Out,AREA_C,AREA_C,AREA_C_TO_AREA_C,CA,CE,31_60,very_high,6_8,Y,O,0,0.70016664,29.988137305378913
35.0,150.3324434,5.4375,2,2,0,0,0,0,0,0,0,2,1,134.25,14.0,42.83,3,1,SPECIAL EQUIPMENT,UPPER APEX,LANG_09,Round-Trip,apple,Direct,MetaSearches,Logged-Out,AREA_C,AREA_C,AREA_C_TO_AREA_C,CA,CE,31_60,very_high,6_8,Y,O,0,0.70016664,29.988137305378913
58.0,143.72720080000002,7.447916666666667,2,2,0,0,0,0,0,1,0,2,1,182.91666666666666,20.0,42.83,2,1,SPECIAL EQUIPMENT,UPPER APEX,LANG_09,Round-Trip,google,Paid Search,Paid Search,Logged-In,AREA_C,AREA_C,AREA_C_TO_AREA_C,CA,CE,31_60,very_high,6_8,Y,O,0,0.70016664,29.988137305378913
33.0,150.3401528,5.4375,2,2,0,0,0,0,0,0,0,2,1,134.25,20.0,42.83,3,1,SPECIAL EQUIPMENT,UPPER APEX,LANG_09,Round-Trip,apple,Paid Search,Paid Search,Logged-Out,AREA_C,AREA_C,AREA_C_TO_AREA_C,CA,CE,31_60,very_high,6_8,Y,O,0,0.70016664,29.988137305378913
117.0,298.0608228,13.0,2,2,0,0,0,0,0,1,0,2,1,319.25,16.0,77.094,5,1,SPECIAL EQUIPMENT,UPPER APEX,LANG_09,Round-Trip,google,Organic Search,Organic Search,Logged-In,AREA_C,AREA_B,AREA_C_TO_AREA_B,CA,BU,61_120,very_high,9_14,Y,L,0,0.3888974,29.981655320942398
7.0,79.972176,6.513888888888889,2,2,0,0,0,0,0,1,1,2,1,158.41666666666666,22.0,44.9715,3,1,SPECIAL EQUIPMENT,UPPER APEX,LANG_09,Round-Trip,apple,Paid Search,Paid Search,Logged-In,AREA_C,AREA_C,AREA_C_TO_AREA_C,CA,CI,4_7,high,6_8,Y,S,1,0.66664,29.97980002489686
57.0,19.0302256,5.434027777777778,1,1,0,0,0,0,0,0,0,2,1,132.33333333333334,22.0,85.66,3,1,SPECIAL EQUIPMENT,UPPER APEX,LANG_09,Round-Trip,apple,Direct,Direct,Logged-Out,AREA_C,AREA_B,AREA_C_TO_AREA_B,CA,BE,31_60,very_low,6_8,Y,W,0,0.34989297,29.971832144260404
28.0,92.69953879999998,9.770833333333334,1,1,0,0,0,0,0,0,0,2,1,238.08333333333334,16.0,77.496602,2,1,SPECIAL EQUIPMENT,UPPER APEX,LANG_02,Round-Trip,google,Direct,Paid Search,Logged-Out,AREA_D,AREA_C,AREA_D_TO_AREA_C,DA,CA,15_30,high,9_14,Y,O,0,0.3866908,29.967222669851182
227.0,39.7667984,5.21875,2,2,0,0,0,0,0,1,0,2,1,129.16666666666666,12.0,42.83,3,1,SPECIAL EQUIPMENT,UPPER APEX,LANG_09,Round-Trip,microsoft,Paid Search,Paid Search,Logged-In,AREA_C,AREA_C,AREA_C_TO_AREA_C,CA,CI,120_plus,mid,6_8,Y,L,0,0.699259,29.949262247681617
128.0,621.80594,14.878472222222221,8,8,0,0,0,0,0,0,0,4,1,359.0,20.0,42.157569,6,0,SPECIAL EQUIPMENT,SOUTH HORIZON,LANG_02,Round-Trip,google,Paid Search,Paid Search,Logged-Out,AREA_C,AREA_C,AREA_C_TO_AREA_C,CA,CE,120_plus,very_high,15_30,Y,W,0,0.7101166,29.936790609408618
78.0,45.407081100000006,4.944444444444445,1,1,0,0,0,0,0,1,0,2,1,119.25,16.0,42.83,5,1,SPECIAL EQUIPMENT,UPPER APEX,LANG_02,Round-Trip,google,Paid Search,Paid Search,Logged-In,AREA_C,AREA_B,AREA_C_TO_AREA_B,CA,BI,61_120,mid,3_5,Y,W,0,0.6987146,29.925946913957596
126.0,236.3299438,12.319444444444445,2,2,0,0,0,0,0,0,0,2,1,311.8333333333333,21.0,57.8205,1,1,SPECIAL EQUIPMENT,UPPER APEX,LANG_09,Round-Trip,google,Organic Search,Organic Search,Logged-Out,AREA_C,AREA_B,AREA_C_TO_AREA_B,CA,BO,120_plus,very_high,9_14,Y,L,0,0.51749736,29.92195614472032
60.0,102.5448709,7.4375,1,1,0,0,0,0,0,0,0,2,1,182.25,11.0,42.83,2,1,SPECIAL EQUIPMENT,UPPER APEX,LANG_09,Round-Trip,microsoft,MetaSearches,MetaSearches,Logged-Out,AREA_C,AREA_C,AREA_C_TO_AREA_C,CA,CE,31_60,very_high,6_8,Y,L,0,0.6985584,29.919255849719047
7.0,39.0772354,38.15625,1,1,0,0,0,0,0,0,0,2,1,917.6666666666666,19.0,85.66,6,1,SPECIAL EQUIPMENT,UPPER APEX,LANG_02,Round-Trip,google,Direct,Direct,Logged-Out,AREA_C,AREA_B,AREA_C_TO_AREA_B,CA,BE,4_7,mid,30_plus,Y,L,0,0.3492625,29.917826244235037
155.0,75.83479799999999,5.118055555555555,2,2,0,0,0,0,0,1,0,2,1,124.66666666666667,20.0,42.83,4,1,SPECIAL EQUIPMENT,UPPER APEX,LANG_09,Round-Trip,google,Paid Search,Paid Search,Logged-In,AREA_C,AREA_C,AREA_C_TO_AREA_C,CA,CE,120_plus,high,6_8,Y,U,0,0.6984416,29.91425478339195
18.0,193.1324624,7.236111111111111,2,2,0,0,0,0,0,0,0,2,1,188.08333333333334,21.0,38.547,5,1,SPECIAL EQUIPMENT,UPPER APEX,LANG_02,Round-Trip,opera,Paid Search,Organic Search,Logged-Out,AREA_C,AREA_B,AREA_C_TO_AREA_B,CA,BI,15_30,very_high,6_8,Y,L,0,0.77571684,29.90155707854032
66.0,116.2676029,5.4375,2,2,0,0,0,0,0,1,0,2,1,134.25,17.0,42.83,3,1,SPECIAL EQUIPMENT,UPPER APEX,LANG_02,Round-Trip,google,Organic Search,Organic Search,Logged-In,AREA_C,AREA_C,AREA_C_TO_AREA_C,CA,CE,61_120,very_high,6_8,Y,O,0,0.6978868,29.890492697954176
66.0,133.37647470000002,6.4375,2,2,0,0,0,0,0,1,0,2,1,158.25,10.0,42.83,3,1,SPECIAL EQUIPMENT,UPPER APEX,LANG_09,Round-Trip,microsoft,Direct,Direct,Logged-In,AREA_C,AREA_C,AREA_C_TO_AREA_C,CA,CE,61_120,very_high,6_8,Y,O,0,0.6978868,29.890492697954176
263.0,68.0465908,5.177083333333333,2,2,0,0,0,0,0,1,0,2,1,127.5,19.0,42.83,4,1,SPECIAL EQUIPMENT,UPPER APEX,LANG_09,Round-Trip,google,Paid Search,Organic Search,Logged-In,AREA_C,AREA_C,AREA_C_TO_AREA_C,CA,CO,120_plus,high,6_8,Y,U,0,0.6978568,29.88920605301857
13.0,67.4966536,7.475694444444445,1,1,0,0,0,0,0,0,0,2,1,182.33333333333334,22.0,50.2841332,5,1,SPECIAL EQUIPMENT,UPPER APEX,LANG_09,Round-Trip,microsoft,Direct,Paid Search,Logged-Out,AREA_C,AREA_C,AREA_C_TO_AREA_C,CA,CE,8_14,high,6_8,Y,L,0,0.59423333,29.880508121978593
21.0,284.2545723,10.524305555555555,1,1,0,0,0,0,0,0,0,4,1,268.75,10.0,37.870286,3,0,SPECIAL EQUIPMENT,CENTRAL MERIDIAN,LANG_02,Round-Trip,apple,MetaSearches,MetaSearches,Logged-Out,AREA_B,AREA_B,AREA_B_TO_AREA_B,BI,BO,15_30,very_high,9_14,Y,Y,0,0.7888461,29.873826490481257
63.0,37.1623061,7.190972222222222,1,1,0,0,0,0,0,1,0,2,1,177.66666666666666,12.0,42.83,5,1,SPECIAL EQUIPMENT,UPPER MERIDIAN,LANG_01,Round-Trip,apple,Direct,Direct,Logged-In,AREA_C,AREA_B,AREA_C_TO_AREA_B,CA,BI,61_120,mid,6_8,Y,U,0,0.697486,29.873324667811392
30.0,318.9824212,7.267361111111111,4,3,0,1,0,1,0,0,0,2,1,181.08333333333334,17.0,42.83,6,1,SPECIAL EQUIPMENT,NEW APEX,LANG_02,Round-Trip,google,MetaSearches,Paid Search,Logged-Out,AREA_C,AREA_B,AREA_C_TO_AREA_B,CA,BE,15_30,very_high,6_8,Y,H,0,0.6971989,29.86103006064892
55.0,93.98101239999998,7.975694444444445,1,1,0,0,0,0,0,0,0,4,1,193.5,23.0,37.6424304,2,0,SPECIAL EQUIPMENT,LOWER ZENITH,LANG_02,Round-Trip,google,Paid Search,MetaSearches,Logged-Out,AREA_C,AREA_B,AREA_C_TO_AREA_B,CE,BU,31_60,high,6_8,Y,V,0,0.79318756,29.857507470665077
94.0,59.7551311,6.989583333333333,1,1,0,0,0,0,0,1,0,4,1,169.83333333333334,19.0,37.6424304,5,0,SPECIAL EQUIPMENT,LOWER ZENITH,LANG_02,Round-Trip,google,Paid Search,Paid Search,Logged-In,AREA_C,AREA_B,AREA_C_TO_AREA_B,CE,BU,61_120,high,6_8,Y,O,0,0.7931181,29.854893602463342
31.0,320.21635349999997,7.4375,4,2,0,2,0,1,0,1,0,2,1,182.25,22.0,42.83,2,1,SPECIAL EQUIPMENT,LOWER ZENITH,LANG_02,Round-Trip,apple,Organic Search,Paid Search,Logged-In,AREA_C,AREA_C,AREA_C_TO_AREA_C,CA,CE,31_60,very_high,6_8,Y,L,0,0.69673395,29.841115145683286
124.0,56.2687691,5.149305555555555,1,1,0,0,0,0,0,1,0,4,1,124.25,10.0,38.547,5,1,SPECIAL EQUIPMENT,UPPER VERTEX,LANG_02,Round-Trip,google,Paid Search,Organic Search,Logged-In,AREA_C,AREA_B,AREA_C_TO_AREA_B,CA,BI,120_plus,high,6_8,Y,O,0,0.7741351,29.840586191654204
279.0,227.6393085,8.34375,3,3,0,0,0,0,0,1,0,2,1,214.83333333333334,22.0,38.547,3,1,SPECIAL EQUIPMENT,UPPER APEX,LANG_09,Round-Trip,google,Direct,Direct,Logged-In,AREA_C,AREA_B,AREA_C_TO_AREA_B,CA,BI,120_plus,very_high,9_14,Y,L,0,0.77367014,29.822662768185136
57.0,65.65582020000001,5.114583333333333,3,2,1,0,0,0,1,0,0,2,1,124.75,20.0,42.83,4,1,SPECIAL EQUIPMENT,UPPER APEX,LANG_09,Round-Trip,apple,Paid Search,Paid Search,Logged-Out,AREA_C,AREA_C,AREA_C_TO_AREA_C,CA,CO,31_60,high,6_8,Y,W,0,0.69628537,29.821902269124983
5.0,135.86875239999998,6.416666666666667,4,3,0,1,0,1,0,0,0,2,1,157.0,19.0,42.83,3,1,SPECIAL EQUIPMENT,UPPER APEX,LANG_09,Round-Trip,samsung,Direct,Direct,Logged-Out,AREA_C,AREA_C,AREA_C_TO_AREA_C,CA,CI,4_7,very_high,6_8,Y,L,0,0.69626844,29.821177254915238
8.0,81.28534379999999,6.069444444444445,1,1,0,0,0,0,0,0,0,4,1,146.66666666666666,17.0,40.6885,4,0,SPECIAL EQUIPMENT,GREAT MERIDIAN,LANG_02,Round-Trip,google,Paid Search,Organic Search,Logged-Out,AREA_C,AREA_B,AREA_C_TO_AREA_B,CE,BU,8_14,high,6_8,Y,V,0,0.7328731,29.8195064035058
17.0,391.5115998,10.302083333333334,2,2,0,0,0,0,0,1,0,2,1,263.6666666666667,7.0,57.8205,1,1,SPECIAL EQUIPMENT,UPPER APEX,LANG_09,Round-Trip,samsung,Direct,Direct,Logged-In,AREA_C,AREA_B,AREA_C_TO_AREA_B,CA,BO,15_30,very_high,9_14,Y,T,0,0.5153821,29.799651353269816
36.0,37.9932081,6.090277777777778,1,1,0,0,0,0,0,0,0,2,1,146.75,20.0,42.83,4,1,SPECIAL EQUIPMENT,UPPER APEX,LANG_09,Round-Trip,apple,MetaSearches,MetaSearches,Logged-Out,AREA_C,AREA_B,AREA_C_TO_AREA_B,CA,BI,31_60,mid,6_8,Y,O,0,0.69533217,29.78107682108879
37.0,42.5970048,6.236111111111111,1,1,0,0,0,0,0,0,0,2,1,150.25,14.0,42.83,3,1,SPECIAL EQUIPMENT,UPPER APEX,LANG_02,Round-Trip,microsoft,Direct,Direct,Logged-Out,AREA_C,AREA_B,AREA_C_TO_AREA_B,CA,BI,31_60,mid,6_8,Y,O,0,0.69533217,29.78107682108879
11.0,71.74025,3.5208333333333335,2,1,1,0,0,0,1,0,0,2,1,86.83333333333333,17.0,72.275625,3,1,SPECIAL EQUIPMENT,UPPER APEX,LANG_09,Round-Trip,microsoft,Paid Search,Paid Search,Logged-Out,AREA_C,AREA_C,AREA_C_TO_AREA_C,CA,CU,8_14,high,3_5,Y,W,0,0.41203555,29.780127234365793
100.0,139.1700888,4.256944444444445,2,2,0,0,0,0,0,1,0,3,1,107.25,12.0,42.83,3,1,SPECIAL EQUIPMENT,UPPER APEX,LANG_09,Round-Trip,apple,Direct,Direct,Logged-In,AREA_C,AREA_B,AREA_C_TO_AREA_B,CA,BI,61_120,very_high,3_5,Y,T,0,0.6951828,29.77467933654785
122.0,119.6875784,4.190972222222222,4,2,0,2,0,1,0,0,0,2,1,105.66666666666667,11.0,42.83,3,1,SPECIAL EQUIPMENT,UPPER APEX,LANG_09,Round-Trip,microsoft,Paid Search,Paid Search,Logged-Out,AREA_C,AREA_B,AREA_C_TO_AREA_B,CA,BI,120_plus,very_high,3_5,Y,U,0,0.6951828,29.77467933654785
130.0,89.69844069999999,7.447916666666667,1,1,0,0,0,0,0,1,1,2,1,182.91666666666666,23.0,42.83,2,1,SPECIAL EQUIPMENT,UPPER APEX,LANG_09,Round-Trip,apple,Direct,Direct,Logged-In,AREA_C,AREA_C,AREA_C_TO_AREA_C,CA,CE,120_plus,high,6_8,Y,L,0,0.6951502,29.773282918334004
7.0,144.418477,6.684027777777778,1,1,0,0,0,0,0,1,0,2,1,165.75,1.0,82.87605,4,0,SPECIAL EQUIPMENT,EAST ZENITH,LANG_08,Round-Trip,samsung,Direct,Direct,Logged-In,AREA_B,AREA_C,AREA_B_TO_AREA_C,BE,CA,4_7,very_high,6_8,Y,S,0,0.35920292,29.76931927330792
101.0,75.8759148,4.190972222222222,2,2,0,0,0,0,0,1,0,2,1,105.66666666666667,22.0,42.83,3,1,SPECIAL EQUIPMENT,UPPER APEX,LANG_02,Round-Trip,apple,Direct,Direct,Logged-In,AREA_C,AREA_B,AREA_C_TO_AREA_B,CA,BI,61_120,high,3_5,Y,L,0,0.69504595,29.768817954063415
92.0,114.8276583,8.23611111111111,2,2,0,0,0,0,0,0,0,4,1,199.75,20.0,37.6424304,4,0,SPECIAL EQUIPMENT,LOWER ZENITH,LANG_02,Round-Trip,microsoft,Direct,MetaSearches,Logged-Out,AREA_C,AREA_B,AREA_C_TO_AREA_B,CE,BU,61_120,very_high,9_14,Y,L,0,0.7907653,29.76632722186661
36.0,50.4057704,6.506944444444445,2,2,0,0,0,0,0,0,0,2,1,158.16666666666666,18.0,42.83,3,1,SPECIAL EQUIPMENT,UPPER APEX,LANG_09,Round-Trip,mozilla,Direct,Paid Search,Logged-Out,AREA_C,AREA_C,AREA_C_TO_AREA_C,CA,CU,31_60,mid,6_8,Y,V,0,0.69481164,29.75878263413906
1.0,36.8029624,16.67361111111111,1,1,0,0,0,0,0,0,0,4,1,402.9166666666667,17.0,48.3927604,3,0,SPECIAL EQUIPMENT,NEW MERIDIAN,LANG_02,Round-Trip,google,MetaSearches,MetaSearches,Logged-Out,AREA_C,AREA_C,AREA_C_TO_AREA_C,CI,CE,0_3,mid,15_30,Y,T,0,0.6148322,29.753428427788567
1.0,38.0822945,9.121527777777779,1,1,0,0,0,0,0,0,0,2,1,220.91666666666666,20.0,49.2545,6,1,SPECIAL EQUIPMENT,SOUTH MERIDIAN,LANG_02,Round-Trip,apple,Direct,Email,Logged-Out,AREA_C,AREA_B,AREA_C_TO_AREA_B,CA,BI,0_3,mid,9_14,Y,L,0,0.6039533,29.747417908757924
70.0,29.008759,5.190972222222222,1,1,0,0,0,0,0,0,0,2,1,129.66666666666666,23.0,42.83,3,1,SPECIAL EQUIPMENT,SOUTH ZENITH,LANG_07,Round-Trip,google,Direct,MetaSearches,Logged-Out,AREA_C,AREA_B,AREA_C_TO_AREA_B,CA,BI,61_120,low,6_8,Y,U,0,0.69419706,29.732460023164748
171.0,160.2253168,7.21875,4,2,0,2,0,1,0,0,0,2,1,177.16666666666666,23.0,42.83,6,1,SPECIAL EQUIPMENT,UPPER APEX,LANG_09,Round-Trip,apple,MetaSearches,MetaSearches,Logged-Out,AREA_C,AREA_C,AREA_C_TO_AREA_C,CA,CI,120_plus,very_high,6_8,Y,S,0,0.6941189,29.729113214612006
17.0,28.1226063,,1,1,0,0,0,0,0,0,0,2,1,9.416666666666666,22.0,63.8698092,4,0,SPECIAL EQUIPMENT,GREAT MERIDIAN,LANG_03,One-Way,google,Paid MetaSearches,Paid MetaSearches,Logged-Out,AREA_C,AREA_B,AREA_C_TO_AREA_B,CI,BA,15_30,low,unknown_or_oneway,Y,Q,0,0.46545795,29.728710205609453
0.0,27.749557,8.51388888888889,1,1,0,0,0,0,0,0,0,2,1,206.33333333333334,11.0,85.66,3,1,SPECIAL EQUIPMENT,UPPER APEX,LANG_09,Round-Trip,google,Paid Search,Paid Search,Logged-Out,AREA_C,AREA_B,AREA_C_TO_AREA_B,CA,BE,invalid_or_past,low,9_14,Y,V,0,0.34699494,29.72358625769615
16.0,577.4481939,5.236111111111111,1,1,0,0,0,0,0,1,1,2,1,140.08333333333334,12.0,38.547,3,1,SPECIAL EQUIPMENT,UPPER APEX,LANG_02,Round-Trip,google,Direct,Direct,Logged-In,AREA_C,AREA_B,AREA_C_TO_AREA_B,CA,BI,15_30,very_high,6_8,C,F,0,0.7708729,29.71483732742071
35.0,59.5285604,6.46875,2,2,0,0,0,0,0,0,0,2,1,158.25,16.0,44.9715,3,1,SPECIAL EQUIPMENT,UPPER APEX,LANG_09,Round-Trip,mozilla,Direct,Paid Search,Logged-Out,AREA_C,AREA_B,AREA_C_TO_AREA_B,CA,BO,31_60,high,6_8,Y,L,0,0.66069907,29.71262820401788
20.0,92.0078343,7.128472222222222,1,1,0,0,0,0,0,0,0,4,1,173.16666666666666,19.0,37.6424304,5,0,SPECIAL EQUIPMENT,LOWER ZENITH,LANG_02,Round-Trip,microsoft,Direct,Paid Search,Logged-Out,AREA_C,AREA_B,AREA_C_TO_AREA_B,CE,BU,15_30,high,6_8,Y,V,0,0.7893031,29.71128790782652
45.0,30.8358868,5.517361111111111,2,2,0,0,0,0,0,0,0,2,1,134.58333333333334,14.0,42.83,3,1,SPECIAL EQUIPMENT,UPPER APEX,LANG_09,Round-Trip,samsung,Direct,Email,Logged-Out,AREA_C,AREA_B,AREA_C_TO_AREA_B,CA,BI,31_60,low,6_8,Y,O,0,0.6936806,29.71033943116665
17.0,67.83758040000001,5.197916666666667,1,1,0,0,0,0,0,1,1,2,1,128.25,16.0,77.094,4,1,SPECIAL EQUIPMENT,UPPER APEX,LANG_02,Round-Trip,google,Paid Search,Paid Search,Logged-In,AREA_C,AREA_B,AREA_C_TO_AREA_B,CA,BA,15_30,high,6_8,Y,Q,0,0.38532865,29.706526979684828
148.0,219.85067300000003,10.256944444444445,1,1,0,0,0,0,0,0,0,4,1,247.41666666666666,14.0,37.870286,1,0,SPECIAL EQUIPMENT,CENTRAL MERIDIAN,LANG_02,Round-Trip,samsung,Organic Search,Organic Search,Logged-Out,AREA_B,AREA_B,AREA_B_TO_AREA_B,BI,BO,120_plus,very_high,9_14,Y,Y,0,0.7844121,29.705910039054512
12.0,55.4057446,3.6180555555555554,1,1,0,0,0,0,0,1,0,4,1,87.75,12.0,42.83,5,0,SPECIAL EQUIPMENT,UPPER APEX,LANG_09,Round-Trip,google,Direct,Direct,Logged-In,AREA_C,AREA_C,AREA_C_TO_AREA_C,CA,CI,8_14,high,3_5,Y,K,0,0.6935648,29.705379210710525
30.0,44.6391392,5.243055555555555,1,1,0,0,0,0,0,1,0,3,1,126.41666666666667,18.0,42.83,5,1,SPECIAL EQUIPMENT,UPPER APEX,LANG_09,Round-Trip,apple,Direct,Direct,Logged-In,AREA_C,AREA_B,AREA_C_TO_AREA_B,CA,BI,15_30,mid,6_8,Y,O,0,0.69303167,29.682546368837354
156.0,147.103918,6.236111111111111,2,1,1,0,0,0,1,1,0,2,1,164.08333333333334,17.0,38.547,4,1,SPECIAL EQUIPMENT,UPPER APEX,LANG_09,Round-Trip,microsoft,Direct,Direct,Logged-In,AREA_C,AREA_B,AREA_C_TO_AREA_B,CA,BI,120_plus,very_high,6_8,Y,U,0,0.7698007,29.67350845402479
29.0,122.5254942,4.385416666666667,2,2,0,0,0,0,0,1,0,2,1,105.83333333333333,19.0,42.83,5,1,SPECIAL EQUIPMENT,UPPER APEX,LANG_09,Round-Trip,apple,Direct,Direct,Logged-In,AREA_C,AREA_B,AREA_C_TO_AREA_B,CA,BI,15_30,very_high,3_5,Y,W,0,0.6926912,29.667964392900465
17.0,27.7692588,11.899305555555555,2,2,0,0,0,0,0,0,0,2,1,287.5,20.0,85.66,3,1,SPECIAL EQUIPMENT,UPPER APEX,LANG_09,Round-Trip,google,Direct,Direct,Logged-Out,AREA_C,AREA_B,AREA_C_TO_AREA_B,CA,BE,15_30,low,9_14,Y,O,0,0.34630004,29.664061059355735
34.0,70.8116956,8.065972222222221,1,1,0,0,0,0,0,0,0,4,1,194.58333333333334,23.0,40.6885,4,0,SPECIAL EQUIPMENT,UPPER APEX,LANG_09,Round-Trip,mozilla,Direct,Direct,Logged-Out,AREA_C,AREA_B,AREA_C_TO_AREA_B,CE,BU,31_60,high,9_14,Y,W,0,0.7290216,29.662795730859038
26.0,49.8678256,5.184027777777778,2,2,0,0,0,0,0,0,0,2,1,129.5,8.0,42.83,3,1,SPECIAL EQUIPMENT,UPPER APEX,LANG_09,Round-Trip,apple,Paid Search,Organic Search,Logged-Out,AREA_C,AREA_B,AREA_C_TO_AREA_B,CA,BI,15_30,mid,6_8,Y,O,0,0.69222844,29.648143934011458
145.0,302.8920468,8.354166666666666,3,3,0,0,0,0,0,0,0,2,1,214.91666666666666,16.0,38.547,5,1,SPECIAL EQUIPMENT,UPPER APEX,LANG_09,Round-Trip,google,Paid Search,Paid Search,Logged-Out,AREA_C,AREA_B,AREA_C_TO_AREA_B,CA,BI,120_plus,very_high,9_14,Y,U,0,0.7689949,29.64244746673107
128.0,334.21790880000003,8.097222222222221,4,2,0,2,0,1,0,0,0,2,1,208.75,9.0,38.547,5,1,SPECIAL EQUIPMENT,UPPER APEX,LANG_09,Round-Trip,google,Direct,Direct,Logged-Out,AREA_C,AREA_B,AREA_C_TO_AREA_B,CA,BI,120_plus,very_high,9_14,Y,U,0,0.7689949,29.64244746673107
30.0,124.7072544,4.236111111111111,3,3,0,0,0,0,0,0,0,2,1,102.25,14.0,42.83,5,1,SPECIAL EQUIPMENT,UPPER APEX,LANG_09,Round-Trip,google,Direct,Direct,Logged-Out,AREA_C,AREA_B,AREA_C_TO_AREA_B,CA,BI,15_30,very_high,3_5,Y,U,0,0.691645,29.623156472444535
65.0,125.6837784,4.190972222222222,4,3,1,0,0,0,1,0,0,2,1,105.66666666666667,12.0,42.83,3,1,SPECIAL EQUIPMENT,UPPER APEX,LANG_09,Round-Trip,google,Paid Search,Paid Search,Logged-Out,AREA_C,AREA_B,AREA_C_TO_AREA_B,CA,BI,61_120,very_high,3_5,Y,W,0,0.691645,29.623156472444535
45.0,99.8230244,6.326388888888889,3,2,1,0,0,0,1,0,0,4,1,153.91666666666666,12.0,32.8369044,4,0,SPECIAL EQUIPMENT,LOWER ZENITH,LANG_02,Round-Trip,google,Direct,Direct,Logged-Out,AREA_C,AREA_B,AREA_C_TO_AREA_B,CE,BI,31_60,high,6_8,Y,S,0,0.90207106,29.621221118185545
97.0,48.1135088,9.51736111111111,2,2,0,0,0,0,0,0,0,2,1,230.41666666666666,19.0,42.83,2,1,SPECIAL EQUIPMENT,UPPER APEX,LANG_09,Round-Trip,google,Direct,Direct,Logged-Out,AREA_C,AREA_B,AREA_C_TO_AREA_B,CA,BI,61_120,mid,9_14,Y,O,1,0.69156784,29.619850509762763
31.0,420.5764661,7.826388888888889,1,1,0,0,0,0,0,0,0,2,1,193.66666666666666,13.0,81.377,1,1,SPECIAL EQUIPMENT,UPPER APEX,LANG_09,Round-Trip,google,Direct,MetaSearches,Logged-Out,AREA_C,AREA_C,AREA_C_TO_AREA_C,CA,CA,31_60,very_high,6_8,Y,Y,0,0.36396638,29.61849174633622
232.0,123.8716411,8.13888888888889,2,2,0,0,0,0,0,0,0,4,1,197.41666666666666,12.0,37.6424304,4,0,SPECIAL EQUIPMENT,LOWER ZENITH,LANG_02,Round-Trip,google,Paid Search,Paid Search,Logged-Out,AREA_C,AREA_B,AREA_C_TO_AREA_B,CE,BU,120_plus,very_high,9_14,Y,W,0,0.7864282,29.603069276947405
102.0,291.8894481,12.878472222222221,2,2,0,0,0,0,0,0,0,4,1,311.0,14.0,42.157569,6,0,SPECIAL EQUIPMENT,SOUTH HORIZON,LANG_02,Round-Trip,google,Direct,Affiliate,Logged-Out,AREA_C,AREA_C,AREA_C_TO_AREA_C,CA,CE,61_120,very_high,9_14,Y,Q,0,0.7019179,29.591151742323163
141.0,175.598717,11.875,2,2,0,0,0,0,0,1,1,2,1,290.0,12.0,81.377,2,1,SPECIAL EQUIPMENT,UPPER APEX,LANG_09,Round-Trip,google,Paid Search,Organic Search,Logged-In,AREA_C,AREA_C,AREA_C_TO_AREA_C,CA,CA,120_plus,very_high,9_14,Y,O,0,0.36356562,29.585879764735697
7.0,114.7004532,3.0520833333333335,2,2,0,0,0,0,0,0,0,4,1,74.16666666666667,11.0,42.83,5,0,SPECIAL EQUIPMENT,UPPER APEX,LANG_09,Round-Trip,mozilla,Direct,Direct,Logged-Out,AREA_C,AREA_C,AREA_C_TO_AREA_C,CA,CI,4_7,very_high,3_5,Y,S,0,0.69053143,29.57546125948429
144.0,238.2769956,5.170138888888889,7,4,3,0,0,0,1,0,0,2,1,127.08333333333333,22.0,44.9715,3,1,SPECIAL EQUIPMENT,UPPER APEX,LANG_09,Round-Trip,google,Paid Search,Paid Search,Logged-Out,AREA_C,AREA_B,AREA_C_TO_AREA_B,CA,BO,120_plus,very_high,6_8,Y,W,0,0.6575271,29.569979488313198
37.0,43.3495279,9.135416666666666,1,1,0,0,0,0,0,0,0,2,1,221.58333333333334,8.0,49.2545,5,1,SPECIAL EQUIPMENT,UPPER APEX,LANG_09,Round-Trip,apple,MetaSearches,MetaSearches,Logged-Out,AREA_C,AREA_C,AREA_C_TO_AREA_C,CA,CU,31_60,mid,9_14,Y,O,0,0.6002707,29.566032628387212
208.0,134.8776662,7.197916666666667,2,2,0,0,0,0,0,1,0,2,1,178.58333333333334,12.0,38.547,2,1,SPECIAL EQUIPMENT,NORTH HORIZON,LANG_04,Round-Trip,samsung,Direct,Direct,Logged-In,AREA_C,AREA_B,AREA_C_TO_AREA_B,CA,BI,120_plus,very_high,6_8,Y,V,0,0.7669697,29.56438028526306
34.0,238.4585948,6.493055555555555,1,1,0,0,0,0,0,0,0,4,1,157.16666666666666,22.0,38.3945252,4,0,SPECIAL EQUIPMENT,CENTRAL AURORA,LANG_01,Round-Trip,microsoft,Direct,Paid Search,Logged-Out,AREA_B,AREA_B,AREA_B_TO_AREA_B,BO,BU,31_60,very_high,6_8,Y,Y,0,0.769925,29.560904748701425
3.0,97.8228634,6.416666666666667,3,2,0,1,0,1,0,1,0,2,1,157.0,13.0,42.83,3,1,SPECIAL EQUIPMENT,UPPER APEX,LANG_09,Round-Trip,google,Email,Paid Search,Logged-In,AREA_C,AREA_C,AREA_C_TO_AREA_C,CA,CI,0_3,high,6_8,Y,L,0,0.6900903,29.556567491292952
62.0,22.5268668,25.36111111111111,1,1,0,0,0,0,0,0,0,4,1,611.3333333333334,9.0,48.9581164,6,0,SPECIAL EQUIPMENT,NEW MERIDIAN,LANG_02,Round-Trip,microsoft,Paid Search,Paid Search,Logged-Out,AREA_C,AREA_C,AREA_C_TO_AREA_C,CI,CI,61_120,low,15_30,Y,O,0,0.6037046,29.556238693672707
20.0,82.40192189999999,,4,4,0,0,0,0,0,0,0,2,1,4.083333333333333,16.0,36.0774222,4,0,SPECIAL EQUIPMENT,EAST APEX,LANG_02,One-Way,google,Paid Search,Paid Search,Logged-Out,AREA_C,AREA_C,AREA_C_TO_AREA_C,CI,CI,15_30,high,unknown_or_oneway,Y,V,0,0.81895375,29.545740291855385
19.0,347.7778868,5.895833333333333,1,1,0,0,0,0,0,0,0,2,1,147.33333333333334,10.0,81.377,4,1,SPECIAL EQUIPMENT,UPPER APEX,LANG_09,Round-Trip,google,Organic Search,Organic Search,Logged-Out,AREA_C,AREA_C,AREA_C_TO_AREA_C,CA,CA,15_30,very_high,6_8,Y,B,0,0.36297452,29.537777880072593
16.0,176.36366080000002,7.4375,3,2,0,0,1,1,0,0,0,2,1,182.25,20.0,42.83,4,1,SPECIAL EQUIPMENT,UPPER APEX,LANG_09,Round-Trip,apple,Direct,Direct,Logged-Out,AREA_C,AREA_C,AREA_C_TO_AREA_C,CA,CE,15_30,very_high,6_8,Y,L,0,0.6895643,29.534038440585135
73.0,134.5020471,7.222222222222222,1,1,0,0,0,0,0,0,0,2,1,187.91666666666666,19.0,38.547,5,1,SPECIAL EQUIPMENT,UPPER APEX,LANG_09,Round-Trip,apple,Paid Search,Paid Search,Logged-Out,AREA_C,AREA_B,AREA_C_TO_AREA_B,CA,BI,61_120,very_high,6_8,Y,W,0,0.76608074,29.53011417353153
239.0,117.3379246,6.21875,1,1,0,0,0,0,0,0,1,2,1,163.66666666666666,17.0,38.547,4,1,SPECIAL EQUIPMENT,UPPER APEX,LANG_09,Round-Trip,apple,Direct,Direct,Logged-Out,AREA_C,AREA_B,AREA_C_TO_AREA_B,CA,BI,120_plus,very_high,6_8,Y,W,0,0.76608074,29.53011417353153
24.0,26.1314396,5.0,2,2,0,0,0,0,0,0,0,2,1,121.91666666666667,21.0,85.66,6,1,SPECIAL EQUIPMENT,UPPER APEX,LANG_02,Round-Trip,google,MetaSearches,MetaSearches,Logged-Out,AREA_C,AREA_B,AREA_C_TO_AREA_B,CA,BE,15_30,low,3_5,Y,O,0,0.34447867,29.508042596578598
11.0,79.63638879999999,7.128472222222222,1,1,0,0,0,0,0,0,0,2,1,173.25,9.0,42.83,2,1,SPECIAL EQUIPMENT,UPPER APEX,LANG_02,Round-Trip,apple,Direct,Email,Logged-Out,AREA_C,AREA_B,AREA_C_TO_AREA_B,CA,BI,8_14,high,6_8,Y,V,0,0.6889411,29.50734821677208
61.0,48.1683312,3.513888888888889,2,2,0,0,0,0,0,0,0,2,1,86.33333333333333,11.0,85.66,3,1,SPECIAL EQUIPMENT,UPPER APEX,LANG_09,Round-Trip,apple,Direct,Direct,Logged-Out,AREA_C,AREA_B,AREA_C_TO_AREA_B,CA,BE,61_120,mid,3_5,Y,S,0,0.3441066,29.476172605752943
68.0,154.1931396,7.4375,2,1,1,0,0,0,1,0,0,2,1,182.25,15.0,42.83,2,1,SPECIAL EQUIPMENT,UPPER APEX,LANG_09,Round-Trip,mozilla,Paid Search,Paid Search,Logged-Out,AREA_C,AREA_C,AREA_C_TO_AREA_C,CA,CE,61_120,very_high,6_8,Y,U,0,0.68806565,29.469851707220077
105.0,143.0419208,7.4375,2,1,0,1,0,1,0,0,0,2,1,182.25,10.0,42.83,3,1,SPECIAL EQUIPMENT,UPPER APEX,LANG_09,Round-Trip,microsoft,Paid MetaSearches,Paid Search,Logged-Out,AREA_C,AREA_C,AREA_C_TO_AREA_C,CA,CE,61_120,very_high,6_8,Y,U,0,0.68806565,29.469851707220077
127.0,247.1368094,5.4375,2,1,1,0,0,0,1,0,0,2,1,134.25,14.0,42.83,3,1,SPECIAL EQUIPMENT,UPPER APEX,LANG_09,Round-Trip,apple,Paid Search,Paid Search,Logged-Out,AREA_C,AREA_C,AREA_C_TO_AREA_C,CA,CE,120_plus,very_high,6_8,Y,K,0,0.68806565,29.469851707220077
44.0,179.1904408,,2,2,0,0,0,0,0,0,0,2,1,-193.33333333333334,22.0,42.83,4,1,SPECIAL EQUIPMENT,UPPER APEX,LANG_09,Round-Trip,google,Paid Search,Paid Search,Logged-Out,AREA_C,AREA_C,AREA_C_TO_AREA_C,CA,CE,31_60,very_high,unknown_or_oneway,Y,L,0,0.68762743,29.451083029508588
18.0,41.7541104,3.513888888888889,2,2,0,0,0,0,0,0,0,2,1,86.33333333333333,17.0,85.66,6,1,SPECIAL EQUIPMENT,UPPER APEX,LANG_09,Round-Trip,apple,Direct,Direct,Logged-Out,AREA_C,AREA_B,AREA_C_TO_AREA_B,CA,BE,15_30,mid,3_5,Y,W,0,0.34372804,29.443743537068364
55.0,225.5102292,6.4375,3,1,2,0,0,0,1,1,1,2,1,158.25,8.0,42.83,3,1,SPECIAL EQUIPMENT,UPPER APEX,LANG_09,Round-Trip,mozilla,MetaSearches,Paid Search,Logged-In,AREA_C,AREA_C,AREA_C_TO_AREA_C,CA,CE,31_60,very_high,6_8,Y,O,0,0.68723464,29.43425963640213
104.0,307.4842794,8.4375,3,3,0,0,0,0,0,1,0,2,1,206.66666666666666,20.0,42.83,2,1,SPECIAL EQUIPMENT,UPPER APEX,LANG_09,Round-Trip,apple,Direct,Direct,Logged-In,AREA_C,AREA_C,AREA_C_TO_AREA_C,CA,CE,61_120,very_high,9_14,Y,W,0,0.68709004,29.42806638121605
69.0,363.7500504,,4,4,0,0,0,0,0,0,0,2,1,-121.41666666666667,18.0,42.83,3,1,SPECIAL EQUIPMENT,UPPER APEX,LANG_09,Round-Trip,google,Direct,Direct,Logged-Out,AREA_C,AREA_C,AREA_C_TO_AREA_C,CA,CE,61_120,very_high,unknown_or_oneway,Y,W,0,0.68709004,29.42806638121605
83.0,687.991139,8.4375,5,3,0,2,0,1,0,1,0,2,1,206.25,19.0,42.83,2,1,SPECIAL EQUIPMENT,UPPER APEX,LANG_09,Round-Trip,mozilla,Direct,Referrals,Logged-In,AREA_C,AREA_C,AREA_C_TO_AREA_C,CA,CE,61_120,very_high,9_14,Y,K,0,0.68709004,29.42806638121605
29.0,111.3806999,5.385416666666667,1,1,0,0,0,0,0,0,0,2,1,142.66666666666666,17.0,38.547,4,1,SPECIAL EQUIPMENT,UPPER APEX,LANG_09,Round-Trip,google,Direct,Direct,Logged-Out,AREA_C,AREA_B,AREA_C_TO_AREA_B,CA,BI,15_30,very_high,6_8,Y,W,0,0.7630854,29.414653873622417
9.0,42.6299839,4.899305555555555,1,1,0,0,0,0,0,1,0,2,1,119.5,18.0,85.66,3,1,SPECIAL EQUIPMENT,EAST ZENITH,LANG_08,Round-Trip,samsung,Direct,Direct,Logged-In,AREA_C,AREA_B,AREA_C_TO_AREA_B,CA,BE,8_14,mid,3_5,Y,L,0,0.34322807,29.40091664135456
45.0,195.8256128,8.885416666666666,2,2,0,0,0,0,0,1,1,4,1,215.33333333333334,22.0,37.6424304,4,0,SPECIAL EQUIPMENT,LOWER ZENITH,LANG_02,Round-Trip,apple,Direct,Email,Logged-In,AREA_C,AREA_B,AREA_C_TO_AREA_B,CE,BU,31_60,very_high,9_14,Y,V,0,0.78101915,29.399459040519048
97.0,25.3433676,4.138888888888889,2,2,0,0,0,0,0,0,0,2,1,101.66666666666667,9.0,92.0845,6,1,SPECIAL EQUIPMENT,UPPER APEX,LANG_09,Round-Trip,google,Email,Paid Search,Logged-Out,AREA_C,AREA_C,AREA_C_TO_AREA_C,CA,CU,61_120,low,3_5,Y,O,0,0.31925303,29.398255405217412
8.0,50.051137999999995,6.083333333333333,1,1,0,0,0,0,0,0,0,5,1,147.25,21.0,42.83,4,1,SPECIAL EQUIPMENT,UPPER APEX,LANG_09,Round-Trip,apple,Paid Search,Paid Search,Logged-Out,AREA_C,AREA_C,AREA_C_TO_AREA_C,CA,CU,8_14,mid,6_8,Y,W,0,0.68630564,29.39447065234184
49.0,116.930183,4.496527777777778,2,2,0,0,0,0,0,0,0,2,1,108.5,15.0,42.83,4,1,SPECIAL EQUIPMENT,UPPER APEX,LANG_09,Round-Trip,mozilla,Organic Search,Email,Logged-Out,AREA_C,AREA_B,AREA_C_TO_AREA_B,CA,BI,31_60,very_high,3_5,Y,W,0,0.6863008,29.394263870120046
2.0,107.9650074,4.756944444444445,2,2,0,0,0,0,0,0,0,2,1,115.66666666666667,11.0,42.83,4,1,SPECIAL EQUIPMENT,UPPER APEX,LANG_09,Round-Trip,mozilla,Email,Organic Search,Logged-Out,AREA_C,AREA_B,AREA_C_TO_AREA_B,CA,BI,0_3,very_high,3_5,Y,W,0,0.6861275,29.386840133070944
2.0,121.8402142,4.892361111111111,2,2,0,0,0,0,0,0,0,2,1,118.91666666666667,19.0,42.83,5,1,SPECIAL EQUIPMENT,UPPER APEX,LANG_09,Round-Trip,mozilla,Organic Search,Organic Search,Logged-Out,AREA_C,AREA_B,AREA_C_TO_AREA_B,CA,BI,0_3,very_high,3_5,Y,U,0,0.6861275,29.386840133070944
25.0,180.0967236,5.277777777777778,2,2,0,0,0,0,0,0,0,2,1,140.08333333333334,22.0,38.547,4,1,SPECIAL EQUIPMENT,UPPER APEX,LANG_02,Round-Trip,google,MetaSearches,MetaSearches,Logged-Out,AREA_C,AREA_B,AREA_C_TO_AREA_B,CA,BI,15_30,very_high,6_8,Y,U,0,0.7622124,29.38100121581554
144.0,145.6031548,4.128472222222222,4,4,0,0,0,0,0,0,0,2,1,101.25,20.0,42.83,3,1,SPECIAL EQUIPMENT,UPPER APEX,LANG_09,Round-Trip,google,Organic Search,Organic Search,Logged-Out,AREA_C,AREA_B,AREA_C_TO_AREA_B,CA,BI,120_plus,very_high,3_5,Y,L,0,0.6859498,29.379230036735535
35.0,142.5656512,8.09375,4,3,1,0,0,0,1,0,0,2,1,195.91666666666666,8.0,42.83,2,1,SPECIAL EQUIPMENT,UPPER APEX,LANG_02,Round-Trip,microsoft,MetaSearches,MetaSearches,Logged-Out,AREA_C,AREA_C,AREA_C_TO_AREA_C,CA,CO,31_60,very_high,9_14,Y,U,0,0.6858406,29.374553184509278
50.0,83.1433092,4.392361111111111,2,2,0,0,0,0,0,0,0,2,1,106.0,11.0,42.83,3,1,SPECIAL EQUIPMENT,UPPER APEX,LANG_09,Round-Trip,mozilla,Direct,Direct,Logged-Out,AREA_C,AREA_B,AREA_C_TO_AREA_B,CA,BI,31_60,high,3_5,Y,L,0,0.68554455,29.361873094439506
160.0,210.7338792,10.239583333333334,3,2,1,0,0,0,1,0,0,4,1,247.83333333333334,15.0,37.6424304,2,0,SPECIAL EQUIPMENT,LOWER ZENITH,LANG_02,Round-Trip,mozilla,Direct,Direct,Logged-Out,AREA_C,AREA_B,AREA_C_TO_AREA_B,CE,BU,120_plus,very_high,9_14,Y,L,0,0.7800009,29.361130533660507
4.0,59.076275599999995,,2,2,0,0,0,0,0,1,1,1,0,2.25,15.0,85.66,5,1,SPECIAL EQUIPMENT,UPPER APEX,LANG_02,Round-Trip,apple,Direct,Direct,Logged-In,AREA_C,AREA_B,AREA_C_TO_AREA_B,CA,BE,4_7,high,unknown_or_oneway,Y,U,0,0.34276146,29.360946403741835
94.0,249.047884,8.07986111111111,2,2,0,0,0,0,0,0,0,2,1,208.41666666666666,9.0,38.547,5,1,SPECIAL EQUIPMENT,UPPER APEX,LANG_09,Round-Trip,google,Direct,Paid MetaSearches,Logged-Out,AREA_C,AREA_B,AREA_C_TO_AREA_B,CA,BI,61_120,very_high,9_14,Y,L,0,0.7615919,29.357083405494688
4.0,46.2786716,3.90625,1,1,0,0,0,0,0,1,0,6,1,94.41666666666667,17.0,47.8531024,4,0,SPECIAL EQUIPMENT,CENTRAL MERIDIAN,LANG_02,Round-Trip,apple,Direct,Direct,Logged-In,AREA_B,AREA_C,AREA_B_TO_AREA_C,BI,CE,4_7,mid,3_5,Y,T,0,0.61341673,29.3538936595273
64.0,164.90834900000002,8.440972222222221,2,2,0,0,0,0,0,0,0,2,1,206.33333333333334,9.0,42.83,2,1,SPECIAL EQUIPMENT,UPPER APEX,LANG_09,Round-Trip,google,Direct,Paid Search,Logged-Out,AREA_C,AREA_C,AREA_C_TO_AREA_C,CA,CE,61_120,very_high,9_14,Y,L,0,0.68529516,29.35119189918041
1.0,169.0007555,7.236111111111111,1,1,0,0,0,0,0,0,0,2,1,188.08333333333334,7.0,42.4017,2,1,SPECIAL EQUIPMENT,UPPER APEX,LANG_02,Round-Trip,google,Direct,Paid Search,Logged-Out,AREA_C,AREA_B,AREA_C_TO_AREA_B,CA,BI,0_3,very_high,6_8,Y,Q,0,0.6920214,29.34288504887223
4.0,146.8722077,5.236111111111111,1,1,0,0,0,0,0,0,0,2,1,140.08333333333334,18.0,42.4017,4,1,SPECIAL EQUIPMENT,UPPER APEX,LANG_09,Round-Trip,mozilla,Email,Email,Logged-Out,AREA_C,AREA_B,AREA_C_TO_AREA_B,CA,BI,4_7,very_high,6_8,Y,T,0,0.6920214,29.34288504887223
28.0,63.0894466,10.194444444444445,1,1,0,0,0,0,0,0,0,2,1,246.16666666666666,19.0,42.83,2,1,SPECIAL EQUIPMENT,UPPER APEX,LANG_09,Round-Trip,google,Paid Search,MetaSearches,Logged-Out,AREA_C,AREA_B,AREA_C_TO_AREA_B,CA,BI,15_30,high,9_14,Y,V,0,0.68481934,29.33081236243248
66.0,67.21568880000001,7.597222222222222,2,2,0,0,0,0,0,0,0,4,1,183.25,19.0,42.83,2,0,SPECIAL EQUIPMENT,UPPER APEX,LANG_09,Round-Trip,google,Direct,Email,Logged-Out,AREA_B,AREA_B,AREA_B_TO_AREA_B,BE,BI,61_120,high,6_8,Y,O,1,0.68480265,29.330097559690476
0.0,99.7540681,6.239583333333333,1,1,0,0,0,0,0,1,1,2,1,151.16666666666666,17.0,42.83,4,1,SPECIAL EQUIPMENT,UPPER APEX,LANG_09,Round-Trip,google,Direct,Direct,Logged-In,AREA_C,AREA_B,AREA_C_TO_AREA_B,CA,BI,invalid_or_past,high,6_8,Y,W,0,0.6847919,29.329638043642042
82.0,319.2865142,,2,2,0,0,0,0,0,1,1,3,1,382.0833333333333,16.0,65.0253626,4,1,SPECIAL EQUIPMENT,LOWER VERTEX,LANG_02,Multi-City,microsoft,Paid Search,Paid Search,Logged-In,AREA_B,AREA_C,AREA_B_TO_AREA_C,BU,CA,61_120,very_high,unknown_or_oneway,Y,L,0,0.45083347,29.31560983486052
231.0,82.3689428,4.194444444444445,2,2,0,0,0,0,0,0,1,2,1,102.16666666666667,12.0,42.83,5,1,SPECIAL EQUIPMENT,NORTH ZENITH,LANG_02,Round-Trip,microsoft,Direct,Direct,Logged-Out,AREA_C,AREA_B,AREA_C_TO_AREA_B,CA,BI,120_plus,high,3_5,Y,U,0,0.684319,29.309383597373962
66.0,197.9863863,,1,1,0,0,0,0,0,0,0,4,1,739.5833333333334,17.0,32.8523232,6,0,SPECIAL EQUIPMENT,SOUTH ZENITH,LANG_07,Multi-City,microsoft,Paid Search,Paid Search,Logged-Out,AREA_B,AREA_C,AREA_B_TO_AREA_C,BU,CI,61_120,very_high,unknown_or_oneway,Y,Q,1,0.8917178,29.295001091431047
23.0,23.5111002,7.121527777777778,1,1,0,0,0,0,0,0,0,2,1,172.91666666666666,19.0,48.18375,6,1,SPECIAL EQUIPMENT,UPPER APEX,LANG_02,Round-Trip,google,Paid Search,MetaSearches,Logged-Out,AREA_C,AREA_B,AREA_C_TO_AREA_B,CA,BI,15_30,low,6_8,Y,L,0,0.60797006,29.294277326390148
14.0,43.3756542,4.15625,2,2,0,0,0,0,0,0,0,2,1,101.66666666666667,12.0,85.66,5,1,SPECIAL EQUIPMENT,UPPER APEX,LANG_09,Round-Trip,google,Organic Search,Organic Search,Logged-Out,AREA_C,AREA_B,AREA_C_TO_AREA_B,CA,BE,8_14,mid,3_5,Y,W,0,0.34192687,29.289455918073653
72.0,519.0374965,,2,2,0,0,0,0,0,0,0,5,1,1.1666666666666667,14.0,38.3945252,4,0,SPECIAL EQUIPMENT,UPPER HORIZON,LANG_05,Round-Trip,google,Direct,Organic Search,Logged-Out,AREA_B,AREA_B,AREA_B_TO_AREA_B,BO,BU,61_120,very_high,unknown_or_oneway,Y,H,0,0.7626537,29.28172702826209
60.0,503.6276908,4.989583333333333,1,1,0,0,0,0,0,0,0,4,1,121.83333333333333,16.0,37.6424304,3,0,SPECIAL EQUIPMENT,LOWER ZENITH,LANG_02,Round-Trip,google,Direct,Direct,Logged-Out,AREA_C,AREA_B,AREA_C_TO_AREA_B,CE,BU,31_60,very_high,3_5,C,Z,0,0.7778138,29.278801538128853
62.0,513.535983,13.010416666666666,3,2,1,0,0,0,1,1,1,2,1,318.9166666666667,21.0,68.8500816,2,1,SPECIAL EQUIPMENT,UPPER APEX,LANG_09,Round-Trip,mozilla,Direct,Paid Search,Logged-In,AREA_C,AREA_B,AREA_C_TO_AREA_B,CA,BU,61_120,very_high,9_14,Y,T,0,0.42524168,29.27792429564681
95.0,132.5322954,5.4375,1,1,0,0,0,0,0,1,0,2,1,134.25,9.0,42.83,2,1,SPECIAL EQUIPMENT,UPPER APEX,LANG_09,Round-Trip,google,Direct,Direct,Logged-In,AREA_C,AREA_C,AREA_C_TO_AREA_C,CA,CE,61_120,very_high,6_8,Y,K,0,0.6835678,29.277209815382957
130.0,96.1229407,6.447916666666667,1,1,0,0,0,0,0,0,0,2,1,158.91666666666666,20.0,42.83,3,1,SPECIAL EQUIPMENT,UPPER APEX,LANG_09,Round-Trip,google,MetaSearches,MetaSearches,Logged-Out,AREA_C,AREA_C,AREA_C_TO_AREA_C,CA,CE,120_plus,high,6_8,Y,W,0,0.6835678,29.277209815382957
57.0,70.0596008,2.4409722222222223,4,4,0,0,0,0,0,0,0,4,1,59.583333333333336,18.0,49.2545,6,0,SPECIAL EQUIPMENT,UPPER APEX,LANG_09,Round-Trip,google,Direct,Direct,Logged-Out,AREA_B,AREA_C,AREA_B_TO_AREA_C,BE,CU,31_60,high,3_5,Y,U,0,0.5943852,29.276146163374186
64.0,562.670559,8.4375,5,2,1,2,0,1,1,0,0,2,1,206.25,14.0,42.83,2,1,SPECIAL EQUIPMENT,UPPER APEX,LANG_09,Round-Trip,apple,Direct,Direct,Logged-Out,AREA_C,AREA_C,AREA_C_TO_AREA_C,CA,CE,61_120,very_high,9_14,Y,S,0,0.6835011,29.274353157281876
28.0,89.92758119999999,7.236111111111111,1,1,0,0,0,0,0,0,0,2,1,188.08333333333334,1.0,38.547,5,1,SPECIAL EQUIPMENT,UPPER APEX,LANG_09,Round-Trip,microsoft,Paid Search,Organic Search,Logged-Out,AREA_C,AREA_B,AREA_C_TO_AREA_B,CA,BI,15_30,high,6_8,Y,U,0,0.7590963,29.260886018335817
45.0,42.623131099999995,5.086805555555555,1,1,0,0,0,0,0,0,0,2,1,122.66666666666667,18.0,42.83,4,1,SPECIAL EQUIPMENT,UPPER APEX,LANG_09,Round-Trip,google,Paid Search,Paid Search,Logged-Out,AREA_C,AREA_B,AREA_C_TO_AREA_B,CA,BI,31_60,mid,6_8,Y,O,0,0.6829385,29.25025664627552
18.0,116.7481555,5.958333333333333,5,5,0,0,0,0,0,0,0,2,1,144.66666666666666,11.0,42.83,5,1,SPECIAL EQUIPMENT,UPPER APEX,LANG_09,Round-Trip,google,Paid Search,Paid Search,Logged-Out,AREA_C,AREA_C,AREA_C_TO_AREA_C,CA,CO,15_30,very_high,6_8,Y,O,0,0.6827286,29.241265448927876
21.0,250.9692378,6.4375,3,3,0,0,0,0,0,0,0,2,1,158.25,16.0,42.83,2,1,SPECIAL EQUIPMENT,UPPER APEX,LANG_09,Round-Trip,google,Paid Search,Paid Search,Logged-Out,AREA_C,AREA_C,AREA_C_TO_AREA_C,CA,CE,15_30,very_high,6_8,Y,O,0,0.6827286,29.241265448927876
70.0,38.3405594,7.184027777777778,1,1,0,0,0,0,0,0,0,2,1,177.5,17.0,42.83,6,1,SPECIAL EQUIPMENT,UPPER APEX,LANG_09,Round-Trip,google,Paid Search,Paid Search,Logged-Out,AREA_C,AREA_B,AREA_C_TO_AREA_B,CA,BO,61_120,mid,6_8,Y,W,0,0.6826031,29.235891664028166
26.0,232.6041621,5.4375,3,1,0,2,0,1,0,1,1,2,1,134.25,22.0,42.83,3,1,SPECIAL EQUIPMENT,UPPER APEX,LANG_09,Round-Trip,google,Organic Search,Organic Search,Logged-In,AREA_C,AREA_C,AREA_C_TO_AREA_C,CA,CE,15_30,very_high,6_8,Y,O,0,0.6825001,29.231480309963224
31.0,137.9948336,5.4375,1,1,0,0,0,0,0,0,0,2,1,134.66666666666666,18.0,42.83,3,1,SPECIAL EQUIPMENT,UPPER APEX,LANG_09,Round-Trip,apple,Paid Search,Paid Search,Logged-Out,AREA_C,AREA_C,AREA_C_TO_AREA_C,CA,CE,31_60,very_high,6_8,Y,S,0,0.6823109,29.22337495744228
33.0,104.2846255,7.4375,1,1,0,0,0,0,0,0,0,2,1,182.66666666666666,10.0,42.83,3,1,SPECIAL EQUIPMENT,UPPER APEX,LANG_09,Round-Trip,google,Direct,Direct,Logged-Out,AREA_C,AREA_C,AREA_C_TO_AREA_C,CA,CE,31_60,very_high,6_8,Y,V,0,0.6823109,29.22337495744228
10.0,78.22642520000001,3.763888888888889,1,1,0,0,0,0,0,0,0,4,1,94.0,23.0,38.547,5,0,SPECIAL EQUIPMENT,UPPER VERTEX,LANG_11,Round-Trip,google,Paid Search,Paid Search,Logged-Out,AREA_B,AREA_D,AREA_B_TO_AREA_D,BI,DA,8_14,high,3_5,Y,O,0,0.7581153,29.223070145130155
66.0,125.6276711,10.128472222222221,4,3,1,0,0,0,1,0,0,2,1,245.25,14.0,42.83,3,1,SPECIAL EQUIPMENT,NORTH HORIZON,LANG_04,Round-Trip,apple,Paid Search,Paid Search,Logged-Out,AREA_C,AREA_B,AREA_C_TO_AREA_B,CA,BI,61_120,very_high,9_14,Y,L,0,0.68218195,29.2178531062603
184.0,167.5578128,7.197916666666667,4,2,0,2,0,1,0,0,0,2,1,178.58333333333334,18.0,38.547,2,1,SPECIAL EQUIPMENT,UPPER APEX,LANG_09,Round-Trip,google,Direct,Direct,Logged-Out,AREA_C,AREA_B,AREA_C_TO_AREA_B,CA,BI,120_plus,very_high,6_8,Y,O,0,0.75755745,29.20156709164381
110.0,274.41181,7.34375,4,2,2,0,0,0,1,0,0,2,1,190.83333333333334,9.0,38.547,5,1,SPECIAL EQUIPMENT,UPPER APEX,LANG_09,Round-Trip,microsoft,Direct,Direct,Logged-Out,AREA_C,AREA_B,AREA_C_TO_AREA_B,CA,BI,61_120,very_high,6_8,Y,O,0,0.75755745,29.20156709164381
148.0,142.3185221,6.784722222222222,1,1,0,0,0,0,0,0,0,4,1,166.0,16.0,38.547,4,0,SPECIAL EQUIPMENT,NORTH MERIDIAN,LANG_02,Round-Trip,google,Direct,Paid Search,Logged-Out,AREA_B,AREA_D,AREA_B_TO_AREA_D,BI,DA,120_plus,very_high,6_8,Y,O,0,0.7573469,29.19345203822851
18.0,106.038514,1.0034722222222223,3,2,0,1,0,1,0,0,0,5,1,30.833333333333332,18.0,49.2545,3,0,SPECIAL EQUIPMENT,UPPER APEX,LANG_02,Round-Trip,apple,Organic Search,Organic Search,Logged-Out,AREA_B,AREA_C,AREA_B_TO_AREA_C,BE,CE,15_30,very_high,1_2,Y,L,0,0.59225297,29.171123898148537
17.0,50.34109709999999,5.194444444444445,1,1,0,0,0,0,0,0,0,2,1,126.16666666666667,23.0,42.83,3,1,SPECIAL EQUIPMENT,UPPER APEX,LANG_09,Round-Trip,mozilla,Direct,Organic Search,Logged-Out,AREA_C,AREA_B,AREA_C_TO_AREA_B,CA,BI,15_30,mid,6_8,Y,V,0,0.68105584,29.169621791243554
62.0,46.3403468,13.565972222222221,1,1,0,0,0,0,0,0,0,6,1,326.4166666666667,18.0,42.6963704,2,0,SPECIAL EQUIPMENT,LOWER ZENITH,LANG_02,Round-Trip,google,MetaSearches,MetaSearches,Logged-Out,AREA_C,AREA_C,AREA_C_TO_AREA_C,CE,CU,61_120,mid,9_14,Y,L,0,0.6831286,29.16711153798809
43.0,174.5990648,4.086805555555555,2,2,0,0,0,0,0,0,0,2,1,98.66666666666667,8.0,42.83,3,1,SPECIAL EQUIPMENT,UPPER APEX,LANG_09,Round-Trip,google,Direct,Organic Search,Logged-Out,AREA_C,AREA_B,AREA_C_TO_AREA_B,CA,BI,31_60,very_high,3_5,Y,T,0,0.6809506,29.165113428235053
44.0,134.5358828,3.9409722222222223,2,2,0,0,0,0,0,0,0,2,1,95.16666666666667,19.0,42.83,5,1,SPECIAL EQUIPMENT,UPPER APEX,LANG_09,Round-Trip,microsoft,Referrals,Affiliate,Logged-Out,AREA_C,AREA_B,AREA_C_TO_AREA_B,CA,BI,31_60,very_high,3_5,Y,W,0,0.6809506,29.165113428235053
55.0,98.2678671,3.9444444444444446,2,2,0,0,0,0,0,0,0,2,1,95.25,8.0,42.83,5,1,SPECIAL EQUIPMENT,UPPER APEX,LANG_09,Round-Trip,google,Paid Search,Paid Search,Logged-Out,AREA_C,AREA_B,AREA_C_TO_AREA_B,CA,BI,31_60,high,3_5,Y,W,0,0.6809506,29.165113428235053
115.0,65.0810416,4.125,4,2,2,0,0,0,1,0,0,2,1,101.08333333333333,16.0,47.113,3,1,SPECIAL EQUIPMENT,UPPER APEX,LANG_02,Round-Trip,apple,Direct,Direct,Logged-Out,AREA_C,AREA_C,AREA_C_TO_AREA_C,CA,CI,61_120,high,3_5,Y,O,0,0.6189089,29.15865416431427
43.0,23.608324300000003,4.326388888888889,1,1,0,0,0,0,0,0,0,4,1,105.91666666666667,22.0,47.0033552,6,0,SPECIAL EQUIPMENT,LOWER ZENITH,LANG_02,Round-Trip,google,Paid Search,Paid Search,Logged-Out,AREA_C,AREA_B,AREA_C_TO_AREA_B,CE,BO,31_60,low,3_5,Y,L,0,0.6202013,29.151541513094617
157.0,68.386661,2.71875,2,2,0,0,0,0,0,0,0,4,1,67.91666666666667,13.0,48.9581164,6,0,SPECIAL EQUIPMENT,NEW MERIDIAN,LANG_02,Round-Trip,apple,Direct,Direct,Logged-Out,AREA_C,AREA_C,AREA_C_TO_AREA_C,CI,CI,120_plus,high,3_5,Y,W,0,0.595336,29.146530163921618
17.0,107.8583607,7.114583333333333,1,1,0,0,0,0,0,0,0,4,1,172.08333333333334,18.0,33.5992784,1,0,SPECIAL EQUIPMENT,UPPER HORIZON,LANG_02,Round-Trip,apple,Paid Search,Paid Search,Logged-Out,AREA_C,AREA_B,AREA_C_TO_AREA_B,CI,BI,15_30,very_high,6_8,Y,T,0,0.8674041,29.1441519513773
83.0,30.1745916,7.190972222222222,1,1,0,0,0,0,0,0,0,2,1,177.66666666666666,20.0,42.83,2,1,SPECIAL EQUIPMENT,UPPER APEX,LANG_09,Round-Trip,mozilla,Direct,Email,Logged-Out,AREA_C,AREA_B,AREA_C_TO_AREA_B,CA,BI,61_120,low,6_8,Y,O,0,0.6797101,29.11198316156864
124.0,28.3693071,5.243055555555555,1,1,0,0,0,0,0,1,0,2,1,126.41666666666667,9.0,42.83,3,1,SPECIAL EQUIPMENT,UPPER APEX,LANG_09,Round-Trip,mozilla,Direct,Direct,Logged-In,AREA_C,AREA_B,AREA_C_TO_AREA_B,CA,BI,120_plus,low,6_8,Y,O,0,0.6797101,29.11198316156864
135.0,59.6501976,7.215277777777778,3,3,0,0,0,0,0,1,1,2,1,177.08333333333334,10.0,42.83,6,1,SPECIAL EQUIPMENT,UPPER APEX,LANG_09,Round-Trip,google,Direct,Direct,Logged-In,AREA_C,AREA_C,AREA_C_TO_AREA_C,CA,CI,120_plus,high,6_8,Y,L,0,0.67961836,29.108054299354553
184.0,252.709849,7.277777777777778,4,4,0,0,0,0,0,0,0,2,1,194.25,10.0,40.6885,2,1,SPECIAL EQUIPMENT,UPPER APEX,LANG_09,Round-Trip,google,Direct,Direct,Logged-Out,AREA_C,AREA_D,AREA_C_TO_AREA_D,CA,DA,120_plus,very_high,6_8,Y,O,0,0.7153724,29.107429229885337
237.0,86.10286219999999,4.194444444444445,2,2,0,0,0,0,0,0,0,2,1,102.16666666666667,13.0,42.83,5,1,SPECIAL EQUIPMENT,UPPER APEX,LANG_09,Round-Trip,google,Paid Search,Paid Search,Logged-Out,AREA_C,AREA_B,AREA_C_TO_AREA_B,CA,BI,120_plus,high,3_5,Y,U,0,0.679354,29.09673233449459
23.0,63.0783108,11.506944444444445,4,2,1,1,0,1,1,0,0,2,1,278.1666666666667,16.0,46.77036,6,1,SPECIAL EQUIPMENT,CENTRAL APEX,LANG_09,Round-Trip,samsung,Direct,Direct,Logged-Out,AREA_C,AREA_C,AREA_C_TO_AREA_C,CA,CU,15_30,high,9_14,Y,U,0,0.62211156,29.09638157057762
93.0,446.9790196,,2,2,0,0,0,0,0,0,0,2,1,406.0,20.0,65.0253626,4,1,SPECIAL EQUIPMENT,LOWER VERTEX,LANG_02,Multi-City,google,Organic Search,Organic Search,Logged-Out,AREA_B,AREA_C,AREA_B_TO_AREA_C,BU,CA,61_120,very_high,unknown_or_oneway,Y,V,0,0.4473299,29.08778950915046
1.0,114.6589081,5.086805555555555,1,1,0,0,0,0,0,0,0,2,1,122.66666666666667,21.0,42.83,4,1,SPECIAL EQUIPMENT,UPPER APEX,LANG_02,Round-Trip,samsung,Email,Email,Logged-Out,AREA_C,AREA_B,AREA_C_TO_AREA_B,CA,BI,0_3,very_high,6_8,Y,V,0,0.6791391,29.087526696324346
137.0,35.664541,7.239583333333333,1,1,0,0,0,0,0,0,0,2,1,178.58333333333334,20.0,38.547,2,1,SPECIAL EQUIPMENT,UPPER APEX,LANG_09,Round-Trip,microsoft,Paid Search,Paid Search,Logged-Out,AREA_C,AREA_B,AREA_C_TO_AREA_B,CA,BI,120_plus,mid,6_8,Y,U,0,0.75454885,29.08559443134069
45.0,39.4738412,7.104166666666667,1,1,0,0,0,0,0,0,0,2,1,172.08333333333334,10.0,42.83,3,1,SPECIAL EQUIPMENT,UPPER APEX,LANG_09,Round-Trip,microsoft,Direct,Direct,Logged-Out,AREA_C,AREA_D,AREA_C_TO_AREA_D,CA,DA,31_60,mid,6_8,Y,L,0,0.67902046,29.082446491122244
16.0,28.4596784,4.385416666666667,2,2,0,0,0,0,0,0,0,2,1,107.25,11.0,85.66,3,1,SPECIAL EQUIPMENT,UPPER APEX,LANG_09,Round-Trip,google,Email,Email,Logged-Out,AREA_C,AREA_B,AREA_C_TO_AREA_B,CA,BE,15_30,low,3_5,Y,O,0,0.3395037,29.08188741326332
45.0,289.552215,9.239583333333334,5,3,0,2,0,1,0,0,0,2,1,228.41666666666666,17.0,42.83,6,1,SPECIAL EQUIPMENT,UPPER APEX,LANG_09,Round-Trip,apple,Direct,Direct,Logged-Out,AREA_C,AREA_B,AREA_C_TO_AREA_B,CA,BE,31_60,very_high,9_14,Y,O,0,0.67886037,29.075589490532874
95.0,86.73546130000001,5.440972222222222,1,1,0,0,0,0,0,1,0,2,1,134.33333333333334,18.0,42.83,3,1,SPECIAL EQUIPMENT,UPPER APEX,LANG_09,Round-Trip,apple,Direct,Direct,Logged-In,AREA_C,AREA_C,AREA_C_TO_AREA_C,CA,CE,61_120,high,6_8,Y,W,0,0.6788033,29.07314639687538
148.0,93.6096763,5.447916666666667,1,1,0,0,0,0,0,0,0,2,1,134.91666666666666,14.0,42.83,3,1,SPECIAL EQUIPMENT,UPPER APEX,LANG_09,Round-Trip,microsoft,Paid Search,Paid Search,Logged-Out,AREA_C,AREA_C,AREA_C_TO_AREA_C,CA,CE,120_plus,high,6_8,Y,W,0,0.6788033,29.07314639687538
38.0,48.8334811,10.090277777777779,1,1,0,0,0,0,0,1,0,2,1,242.75,21.0,42.83,2,1,SPECIAL EQUIPMENT,UPPER APEX,LANG_09,Round-Trip,apple,Direct,Direct,Logged-In,AREA_C,AREA_B,AREA_C_TO_AREA_B,CA,BI,31_60,mid,9_14,Y,U,0,0.67880154,29.07306981086731
34.0,52.1296779,10.194444444444445,1,1,0,0,0,0,0,0,0,2,1,246.16666666666666,19.0,42.83,2,1,SPECIAL EQUIPMENT,UPPER APEX,LANG_09,Round-Trip,apple,Direct,Direct,Logged-Out,AREA_C,AREA_B,AREA_C_TO_AREA_B,CA,BI,31_60,mid,9_14,Y,W,0,0.67880154,29.07306981086731
109.0,49.1893984,11.215277777777779,2,2,0,0,0,0,0,0,0,2,1,273.0833333333333,14.0,42.83,5,1,SPECIAL EQUIPMENT,UPPER APEX,LANG_09,Round-Trip,microsoft,Display,Display,Logged-Out,AREA_C,AREA_C,AREA_C_TO_AREA_C,CA,CI,61_120,mid,9_14,Y,O,0,0.6784848,29.05950387597084
24.0,141.4953295,9.23611111111111,1,1,0,0,0,0,0,1,0,2,1,236.08333333333334,10.0,42.4017,1,1,SPECIAL EQUIPMENT,UPPER APEX,LANG_09,Round-Trip,apple,Direct,Direct,Logged-In,AREA_C,AREA_B,AREA_C_TO_AREA_B,CA,BI,15_30,very_high,9_14,Y,L,0,0.6852667,29.05647191249728
124.0,94.7125488,7.239583333333333,3,2,0,1,0,1,0,0,0,2,1,178.58333333333334,13.0,38.547,2,1,SPECIAL EQUIPMENT,UPPER APEX,LANG_09,Round-Trip,mozilla,Email,Referrals,Logged-Out,AREA_C,AREA_B,AREA_C_TO_AREA_B,CA,BI,120_plus,high,6_8,Y,O,0,0.7535053,29.045368396461008
12.0,85.7957711,,4,4,0,0,0,0,0,1,0,2,1,3.5833333333333335,12.0,42.83,4,0,SPECIAL EQUIPMENT,WEST APEX,LANG_02,One-Way,google,Paid Search,Paid Search,Logged-In,AREA_C,AREA_B,AREA_C_TO_AREA_B,CU,BE,8_14,high,unknown_or_oneway,Y,W,0,0.6781244,29.044069242477416
219.0,184.2255356,11.239583333333334,3,2,0,1,0,1,0,0,0,4,1,271.8333333333333,12.0,37.6424304,2,0,SPECIAL EQUIPMENT,LOWER ZENITH,LANG_02,Round-Trip,google,Paid Search,Paid Search,Logged-Out,AREA_C,AREA_B,AREA_C_TO_AREA_B,CE,BU,120_plus,very_high,9_14,Y,L,0,0.7715583,29.04332903360367
87.0,378.557238,14.427083333333334,4,4,0,0,0,0,0,0,0,2,1,350.0833333333333,17.0,50.2841332,5,1,SPECIAL EQUIPMENT,UPPER APEX,LANG_09,Round-Trip,mozilla,Paid Search,Paid MetaSearches,Logged-Out,AREA_C,AREA_C,AREA_C_TO_AREA_C,CA,CE,61_120,very_high,15_30,Y,V,0,0.5775792,29.043069439815117
66.0,87.83062439999999,7.506944444444445,3,3,0,0,0,0,0,0,0,2,1,182.33333333333334,6.0,36.4055,6,1,SPECIAL EQUIPMENT,UPPER APEX,LANG_02,Round-Trip,apple,Direct,Direct,Logged-Out,AREA_C,AREA_C,AREA_C_TO_AREA_C,CA,CI,61_120,high,6_8,Y,O,0,0.79769784,29.040588791340593
1.0,33.0878882,3.9791666666666665,1,1,0,0,0,0,0,0,0,2,1,97.5,10.0,85.66,6,1,SPECIAL EQUIPMENT,UPPER APEX,LANG_02,Round-Trip,apple,Direct,Direct,Logged-Out,AREA_C,AREA_B,AREA_C_TO_AREA_B,CA,BE,0_3,low,3_5,Y,V,0,0.33900055,29.038787360787392
58.0,133.0389743,9.875,1,1,0,0,0,0,0,0,0,2,1,242.0,17.0,81.377,1,1,SPECIAL EQUIPMENT,UPPER APEX,LANG_09,Round-Trip,apple,Direct,Direct,Logged-Out,AREA_C,AREA_C,AREA_C_TO_AREA_C,CA,CA,31_60,very_high,9_14,Y,L,0,0.35668635,29.026065403699874
55.0,121.016165,9.875,1,1,0,0,0,0,0,0,0,2,1,242.0,20.0,81.377,2,1,SPECIAL EQUIPMENT,UPPER APEX,LANG_09,Round-Trip,google,Direct,Direct,Logged-Out,AREA_C,AREA_C,AREA_C_TO_AREA_C,CA,CA,31_60,very_high,9_14,Y,L,0,0.35668635,29.026065403699874
33.0,187.0030611,10.864583333333334,1,1,0,0,0,0,0,0,0,2,1,265.75,22.0,81.377,1,1,SPECIAL EQUIPMENT,UPPER APEX,LANG_09,Round-Trip,google,Direct,Direct,Logged-Out,AREA_C,AREA_C,AREA_C_TO_AREA_C,CA,CA,31_60,very_high,9_14,Y,L,0,0.35668635,29.026065403699874
4.0,323.6560308,4.770833333333333,3,3,0,0,0,0,0,0,0,2,1,117.41666666666667,16.0,50.2841332,5,1,SPECIAL EQUIPMENT,UPPER APEX,LANG_09,Round-Trip,google,Paid Search,Paid Search,Logged-Out,AREA_C,AREA_C,AREA_C_TO_AREA_C,CA,CE,4_7,very_high,3_5,Y,W,0,0.57712096,29.020027213021255
34.0,14.237548599999998,8.75,1,1,0,0,0,0,0,1,1,2,1,211.91666666666666,6.0,85.66,6,1,SPECIAL EQUIPMENT,UPPER APEX,LANG_09,Round-Trip,apple,Direct,Direct,Logged-In,AREA_C,AREA_B,AREA_C_TO_AREA_B,CA,BE,31_60,very_low,9_14,Y,O,0,0.33853894,28.99924600481987
44.0,58.411553999999995,14.197916666666666,2,2,0,0,0,0,0,0,0,2,1,344.25,15.0,77.094,3,1,SPECIAL EQUIPMENT,UPPER APEX,LANG_09,Round-Trip,samsung,Direct,Direct,Logged-Out,AREA_C,AREA_B,AREA_C_TO_AREA_B,CA,BA,31_60,high,15_30,Y,O,0,0.37590215,28.97980005151033
24.0,45.7227382,7.236111111111111,1,1,0,0,0,0,0,0,0,2,1,174.25,17.0,42.83,3,1,SPECIAL EQUIPMENT,UPPER APEX,LANG_09,Round-Trip,google,Paid Search,Paid Search,Logged-Out,AREA_C,AREA_B,AREA_C_TO_AREA_B,CA,BI,15_30,mid,6_8,Y,W,0,0.67661023,28.979216210842132
24.0,35.8731231,,2,2,0,0,0,0,0,0,0,2,1,24.583333333333332,13.0,38.5174473,4,0,SPECIAL EQUIPMENT,GREAT ZENITH,LANG_02,One-Way,google,Paid Search,Organic Search,Logged-Out,AREA_C,AREA_C,AREA_C_TO_AREA_C,CI,CI,15_30,mid,unknown_or_oneway,Y,W,0,0.75220823,28.97314096856761
22.0,54.7418796,5.125,2,2,0,0,0,0,0,0,0,2,1,125.08333333333333,21.0,42.83,4,1,SPECIAL EQUIPMENT,UPPER APEX,LANG_09,Round-Trip,apple,Direct,Direct,Logged-Out,AREA_C,AREA_C,AREA_C_TO_AREA_C,CA,CI,15_30,high,6_8,Y,O,0,0.6764634,28.972928499579428
33.0,67.3553146,8.07638888888889,1,1,0,0,0,0,0,0,0,4,1,195.91666666666666,19.0,37.6424304,4,0,SPECIAL EQUIPMENT,LOWER ZENITH,LANG_02,Round-Trip,google,Direct,Direct,Logged-Out,AREA_C,AREA_B,AREA_C_TO_AREA_B,CE,BU,31_60,high,9_14,Y,V,0,0.76943654,28.96346133714266
204.0,389.2458928,14.458333333333334,4,4,0,0,0,0,0,0,0,2,1,350.8333333333333,19.0,50.2841332,5,1,SPECIAL EQUIPMENT,UPPER APEX,LANG_09,Round-Trip,samsung,Direct,Direct,Logged-Out,AREA_C,AREA_C,AREA_C_TO_AREA_C,CA,CE,120_plus,very_high,15_30,Y,L,0,0.57574403,28.950789637427473
124.0,158.20374080000002,5.15625,4,2,1,1,0,1,1,0,0,2,1,128.83333333333334,16.0,42.83,3,1,SPECIAL EQUIPMENT,UPPER APEX,LANG_02,Round-Trip,google,Direct,Direct,Logged-Out,AREA_C,AREA_B,AREA_C_TO_AREA_B,CA,BO,120_plus,very_high,6_8,Y,V,0,0.67584276,28.94634549617767
61.0,153.7160134,7.739583333333333,3,2,0,1,0,1,0,0,0,4,1,190.08333333333334,10.0,41.5502396,4,0,SPECIAL EQUIPMENT,LOWER VERTEX,LANG_02,Round-Trip,apple,Paid Search,Paid MetaSearches,Logged-Out,AREA_B,AREA_B,AREA_B_TO_AREA_B,BU,BE,61_120,very_high,6_8,Y,O,0,0.69650894,28.94011350817964
10.0,124.7877748,,4,4,0,0,0,0,0,0,0,2,1,4.333333333333333,15.0,42.83,4,0,SPECIAL EQUIPMENT,UPPER APEX,LANG_09,One-Way,microsoft,Paid Search,Paid Search,Logged-Out,AREA_C,AREA_B,AREA_C_TO_AREA_B,CU,BE,8_14,very_high,unknown_or_oneway,Y,T,0,0.6755255,28.93275658547878
26.0,113.7252141,,1,1,0,0,0,0,0,0,0,2,1,-351.8333333333333,18.0,77.496602,2,1,SPECIAL EQUIPMENT,LOWER VERTEX,LANG_02,Round-Trip,apple,Direct,Organic Search,Logged-Out,AREA_D,AREA_C,AREA_D_TO_AREA_C,DA,CA,15_30,very_high,unknown_or_oneway,Y,W,0,0.37333316,28.932051012371897
18.0,90.05392970000001,4.795138888888889,1,1,0,0,0,0,0,0,0,3,1,115.91666666666667,18.0,42.83,5,1,SPECIAL EQUIPMENT,UPPER APEX,LANG_02,Round-Trip,google,Paid Search,Paid Search,Logged-Out,AREA_C,AREA_B,AREA_C_TO_AREA_B,CA,BI,15_30,high,3_5,Y,T,0,0.67549145,28.93129889845848
66.0,106.3520296,7.184027777777778,4,4,0,0,0,0,0,1,0,2,1,177.5,10.0,42.83,3,1,SPECIAL EQUIPMENT,UPPER APEX,LANG_02,Round-Trip,apple,Direct,Direct,Logged-In,AREA_C,AREA_B,AREA_C_TO_AREA_B,CA,BO,61_120,very_high,6_8,Y,U,0,0.67521894,28.919627190828322
2.0,65.5483169,6.194444444444445,1,1,0,0,0,0,0,1,0,2,1,150.16666666666666,17.0,42.83,2,1,SPECIAL EQUIPMENT,UPPER APEX,LANG_09,Round-Trip,google,Paid Search,Partners,Logged-In,AREA_C,AREA_B,AREA_C_TO_AREA_B,CA,BI,0_3,high,6_8,Y,L,0,0.67509794,28.914444870948792
7.0,80.743116,9.131944444444445,2,2,0,0,0,0,0,0,0,2,1,225.16666666666666,16.0,42.83,3,1,SPECIAL EQUIPMENT,UPPER APEX,LANG_09,Round-Trip,apple,MetaSearches,MetaSearches,Logged-Out,AREA_C,AREA_B,AREA_C_TO_AREA_B,CA,BI,4_7,high,9_14,Y,W,0,0.67484885,28.903776440024373
158.0,59.3799403,3.3854166666666665,1,1,0,0,0,0,0,0,0,2,1,83.25,10.0,85.66,3,1,SPECIAL EQUIPMENT,OLD HORIZON,LANG_02,Round-Trip,google,Paid Search,Paid Search,Logged-Out,AREA_C,AREA_B,AREA_C_TO_AREA_B,CA,BE,120_plus,high,3_5,C,F,0,0.3373927,28.90105763673782
68.0,39.7950662,7.118055555555555,3,1,1,1,0,1,1,0,0,2,1,172.75,9.0,42.83,2,1,SPECIAL EQUIPMENT,UPPER APEX,LANG_09,Round-Trip,microsoft,Direct,Paid Search,Logged-Out,AREA_C,AREA_C,AREA_C_TO_AREA_C,CA,CE,61_120,mid,6_8,Y,O,0,0.6747477,28.89944422483444
24.0,36.2444592,8.125,2,2,0,0,0,0,0,0,0,2,1,197.08333333333334,16.0,42.83,6,1,SPECIAL EQUIPMENT,UPPER APEX,LANG_09,Round-Trip,microsoft,Organic Search,Organic Search,Logged-Out,AREA_C,AREA_C,AREA_C_TO_AREA_C,CA,CI,15_30,mid,9_14,Y,O,0,0.674625,28.894187871813774
4.0,64.6673038,21.72222222222222,1,1,0,0,0,0,0,1,0,4,1,524.1666666666666,11.0,48.9683956,5,0,SPECIAL EQUIPMENT,NEW APEX,LANG_02,Round-Trip,apple,Direct,Direct,Logged-In,AREA_C,AREA_B,AREA_C_TO_AREA_B,CU,BI,4_7,high,15_30,Y,E,0,0.5899175,28.887312578298975
32.0,39.4006019,,3,1,0,2,0,1,0,1,0,2,1,3.75,10.0,42.83,3,0,SPECIAL EQUIPMENT,SOUTH VERTEX,LANG_02,One-Way,google,Paid Search,Organic Search,Logged-In,AREA_C,AREA_B,AREA_C_TO_AREA_B,CU,BE,31_60,mid,unknown_or_oneway,Y,U,0,0.6739017,28.86320883154869
121.0,133.8548858,7.4375,2,1,0,1,0,1,0,1,0,2,1,182.25,9.0,42.83,2,1,SPECIAL EQUIPMENT,UPPER APEX,LANG_09,Round-Trip,google,Paid MetaSearches,Organic Search,Logged-In,AREA_C,AREA_C,AREA_C_TO_AREA_C,CA,CE,120_plus,very_high,6_8,Y,O,0,0.6737736,28.857722720503805
117.0,117.4578486,6.4375,2,1,0,1,0,1,0,0,0,2,1,158.25,19.0,42.83,3,1,SPECIAL EQUIPMENT,UPPER APEX,LANG_09,Round-Trip,google,Direct,Direct,Logged-Out,AREA_C,AREA_C,AREA_C_TO_AREA_C,CA,CE,61_120,very_high,6_8,Y,O,0,0.6737736,28.857722720503805
23.0,120.2229534,7.180555555555555,3,1,0,2,0,1,0,0,0,2,1,177.41666666666666,13.0,42.83,6,1,SPECIAL EQUIPMENT,UPPER APEX,LANG_09,Round-Trip,google,Direct,Direct,Logged-Out,AREA_C,AREA_B,AREA_C_TO_AREA_B,CA,BO,15_30,very_high,6_8,Y,Q,0,0.6737709,28.8576078414917
11.0,120.8067263,8.989583333333334,2,2,0,0,0,0,0,0,0,4,1,217.83333333333334,15.0,37.6424304,1,0,SPECIAL EQUIPMENT,NORTH HORIZON,LANG_02,Round-Trip,google,Direct,Organic Search,Logged-Out,AREA_C,AREA_B,AREA_C_TO_AREA_B,CE,BU,8_14,very_high,9_14,Y,V,0,0.76614934,28.8397232845027
16.0,142.6358924,8.934027777777779,2,1,0,1,0,1,0,1,0,2,1,215.0,16.0,42.83,2,1,SPECIAL EQUIPMENT,UPPER APEX,LANG_02,Round-Trip,google,Organic Search,Organic Search,Logged-In,AREA_C,AREA_B,AREA_C_TO_AREA_B,CA,BI,15_30,very_high,9_14,Y,L,0,0.67334646,28.839428876042366
8.0,162.145814,7.777777777777778,1,1,0,0,0,0,0,0,0,4,1,190.0,14.0,38.547,4,0,SPECIAL EQUIPMENT,NORTH MERIDIAN,LANG_02,Round-Trip,google,Direct,Direct,Logged-Out,AREA_B,AREA_D,AREA_B_TO_AREA_D,BI,DA,8_14,very_high,6_8,Y,U,0,0.7479859,28.832612466037272
103.0,224.8729188,8.23611111111111,2,2,0,0,0,0,0,0,0,2,1,212.08333333333334,9.0,38.547,1,1,SPECIAL EQUIPMENT,UPPER APEX,LANG_09,Round-Trip,google,Organic Search,Organic Search,Logged-Out,AREA_C,AREA_B,AREA_C_TO_AREA_B,CA,BI,61_120,very_high,9_14,Y,L,0,0.74777454,28.824465246498583
76.0,316.58222800000004,8.4375,4,2,1,1,0,1,1,0,0,2,1,206.25,21.0,42.83,2,1,SPECIAL EQUIPMENT,UPPER APEX,LANG_02,Round-Trip,microsoft,Direct,Direct,Logged-Out,AREA_C,AREA_C,AREA_C_TO_AREA_C,CA,CE,61_120,very_high,9_14,Y,O,0,0.6727745,28.8149315649271
24.0,107.1533789,9.23611111111111,1,1,0,0,0,0,0,0,0,2,1,236.08333333333334,15.0,42.4017,2,1,SPECIAL EQUIPMENT,UPPER APEX,LANG_09,Round-Trip,google,Paid Search,Display,Logged-Out,AREA_C,AREA_B,AREA_C_TO_AREA_B,CA,BI,15_30,very_high,9_14,Y,W,0,0.67952186,28.812881995707748
22.0,77.05117,4.770833333333333,1,1,0,0,0,0,0,0,0,2,1,117.41666666666667,12.0,50.2841332,5,1,SPECIAL EQUIPMENT,UPPER APEX,LANG_09,Round-Trip,apple,Internal,Internal,Logged-Out,AREA_C,AREA_C,AREA_C_TO_AREA_C,CA,CE,15_30,high,3_5,Y,L,0,0.57293385,28.809482162577034
0.0,39.9972238,7.947916666666667,1,1,0,0,0,0,0,1,0,2,1,192.33333333333334,20.0,44.4892342,6,1,SPECIAL EQUIPMENT,UPPER APEX,LANG_02,Round-Trip,apple,Direct,Direct,Logged-In,AREA_C,AREA_D,AREA_C_TO_AREA_D,CA,DA,invalid_or_past,mid,6_8,Y,L,0,0.6474697,28.80543109324418
95.0,273.6083192,9.440972222222221,2,2,0,0,0,0,0,1,0,2,1,230.33333333333334,16.0,42.83,2,1,SPECIAL EQUIPMENT,UPPER APEX,LANG_09,Round-Trip,mozilla,Paid Search,Paid Search,Logged-In,AREA_C,AREA_C,AREA_C_TO_AREA_C,CA,CE,61_120,very_high,9_14,Y,V,0,0.67234814,28.796670907735823
41.0,28.6515568,5.190972222222222,1,1,0,0,0,0,0,0,0,2,1,129.66666666666666,13.0,42.83,3,1,SPECIAL EQUIPMENT,UPPER APEX,LANG_02,Round-Trip,apple,Paid Search,Paid Search,Logged-Out,AREA_C,AREA_B,AREA_C_TO_AREA_B,CA,BI,31_60,low,6_8,Y,O,0,0.67233294,28.796019926667213
31.0,31.5759892,6.236111111111111,1,1,0,0,0,0,0,1,0,2,1,150.25,22.0,42.83,3,1,SPECIAL EQUIPMENT,UPPER APEX,LANG_02,Round-Trip,google,Paid Search,Paid Search,Logged-In,AREA_C,AREA_B,AREA_C_TO_AREA_B,CA,BI,31_60,low,6_8,Y,O,0,0.67233294,28.796019926667213
123.0,30.7570796,4.125,2,2,0,0,0,0,0,0,0,2,1,101.0,8.0,85.66,6,1,SPECIAL EQUIPMENT,UPPER APEX,LANG_09,Round-Trip,apple,MetaSearches,MetaSearches,Logged-Out,AREA_C,AREA_B,AREA_C_TO_AREA_B,CA,BE,120_plus,low,3_5,Y,U,0,0.33602378,28.783796799778937
22.0,104.102598,4.510416666666667,3,3,0,0,0,0,0,0,0,2,1,110.33333333333333,12.0,42.83,5,1,SPECIAL EQUIPMENT,UPPER APEX,LANG_09,Round-Trip,mozilla,Paid Search,Paid Search,Logged-Out,AREA_C,AREA_C,AREA_C_TO_AREA_C,CA,CI,15_30,very_high,3_5,Y,S,0,0.67176753,28.77180343091488
59.0,300.6768792,9.4375,4,4,0,0,0,0,0,1,0,2,1,230.25,13.0,42.83,2,1,SPECIAL EQUIPMENT,UPPER APEX,LANG_09,Round-Trip,apple,Direct,Direct,Logged-In,AREA_C,AREA_C,AREA_C_TO_AREA_C,CA,CE,31_60,very_high,9_14,Y,O,0,0.6714953,28.7601444876194
47.0,215.50514120000005,8.447916666666666,4,2,0,1,1,1,0,1,0,2,1,206.91666666666666,22.0,42.83,4,1,SPECIAL EQUIPMENT,UPPER APEX,LANG_09,Round-Trip,microsoft,Paid Search,Paid Search,Logged-In,AREA_C,AREA_C,AREA_C_TO_AREA_C,CA,CE,31_60,very_high,9_14,Y,O,0,0.6714953,28.7601444876194
59.0,206.0448508,8.4375,4,2,0,2,0,1,0,0,0,2,1,206.25,15.0,42.83,3,1,SPECIAL EQUIPMENT,UPPER APEX,LANG_09,Round-Trip,google,Paid Search,Organic Search,Logged-Out,AREA_C,AREA_C,AREA_C_TO_AREA_C,CA,CE,31_60,very_high,9_14,Y,O,0,0.6714953,28.7601444876194
9.0,141.8975032,4.989583333333333,1,1,0,0,0,0,0,0,0,4,1,121.83333333333333,18.0,37.6424304,5,0,SPECIAL EQUIPMENT,LOWER ZENITH,LANG_02,Round-Trip,google,Organic Search,Organic Search,Logged-Out,AREA_C,AREA_B,AREA_C_TO_AREA_B,CE,BU,8_14,very_high,3_5,Y,H,0,0.76400846,28.759135371996404
48.0,70.4664858,8.784722222222221,1,1,0,0,0,0,0,0,0,4,1,214.0,19.0,41.5502396,4,0,SPECIAL EQUIPMENT,UPPER APEX,LANG_09,Round-Trip,google,Paid Search,Organic Search,Logged-Out,AREA_B,AREA_B,AREA_B_TO_AREA_B,BU,BE,31_60,high,9_14,Y,U,0,0.691387,28.72729541074874
32.0,107.7097406,4.958333333333333,2,2,0,0,0,0,0,1,0,2,1,120.66666666666667,13.0,42.83,4,1,SPECIAL EQUIPMENT,UPPER APEX,LANG_09,Round-Trip,google,Paid Search,Paid Search,Logged-In,AREA_C,AREA_C,AREA_C_TO_AREA_C,CA,CO,31_60,very_high,3_5,Y,L,0,0.67064255,28.72362062036991
23.0,103.6254718,4.388888888888889,2,2,0,0,0,0,0,1,0,2,1,105.91666666666667,22.0,42.83,4,1,SPECIAL EQUIPMENT,UPPER APEX,LANG_02,Round-Trip,apple,Direct,Direct,Logged-In,AREA_C,AREA_B,AREA_C_TO_AREA_B,CA,BI,15_30,very_high,3_5,Y,U,0,0.6705451,28.71944668292999
90.0,84.97985960000001,7.121527777777778,3,1,1,1,0,1,1,0,0,2,1,172.83333333333334,18.0,42.83,3,1,SPECIAL EQUIPMENT,UPPER VERTEX,LANG_11,Round-Trip,apple,Direct,Direct,Logged-Out,AREA_C,AREA_B,AREA_C_TO_AREA_B,CA,BI,61_120,high,6_8,Y,T,0,0.6705014,28.717575431466102
167.0,142.1621926,6.215277777777778,2,2,0,0,0,0,0,1,0,2,1,163.66666666666666,11.0,38.547,4,1,SPECIAL EQUIPMENT,UPPER APEX,LANG_09,Round-Trip,google,Affiliate,Affiliate,Logged-In,AREA_C,AREA_B,AREA_C_TO_AREA_B,CA,BI,120_plus,very_high,6_8,Y,O,0,0.7449029,28.713772425591944
14.0,110.424306,7.267361111111111,2,2,0,0,0,0,0,0,0,2,1,181.08333333333334,22.0,42.83,6,1,SPECIAL EQUIPMENT,UPPER APEX,LANG_09,Round-Trip,apple,Direct,Paid Search,Logged-Out,AREA_C,AREA_B,AREA_C_TO_AREA_B,CA,BE,8_14,very_high,6_8,Y,L,0,0.67033386,28.710399322509765
43.0,32.8321931,7.118055555555555,1,1,0,0,0,0,0,1,0,2,1,173.08333333333334,,42.83,2,1,SPECIAL EQUIPMENT,GREAT AURORA,LANG_10,Round-Trip,google,Direct,Paid Search,Logged-In,AREA_C,AREA_C,AREA_C_TO_AREA_C,CA,CI,31_60,low,6_8,Y,L,0,0.6702131,28.705227214097974
13.0,51.35317,6.097222222222222,1,1,0,0,0,0,0,1,0,2,1,148.0,14.0,42.83,6,1,SPECIAL EQUIPMENT,UPPER APEX,LANG_02,Round-Trip,apple,Direct,Direct,Logged-In,AREA_C,AREA_C,AREA_C_TO_AREA_C,CA,CO,8_14,mid,6_8,Y,L,0,0.66998047,28.695263374447823
84.0,87.0369845,4.069444444444445,2,2,0,0,0,0,0,1,0,4,1,98.66666666666667,10.0,40.6885,4,0,SPECIAL EQUIPMENT,UPPER APEX,LANG_09,Round-Trip,google,Paid Search,Paid Search,Logged-In,AREA_C,AREA_B,AREA_C_TO_AREA_B,CE,BU,61_120,high,3_5,Y,V,0,0.70522875,28.69469982907176
43.0,23.6610052,,2,2,0,0,0,0,0,0,0,2,1,-48.833333333333336,16.0,85.66,5,1,SPECIAL EQUIPMENT,UPPER APEX,LANG_02,Round-Trip,apple,Organic Search,Email,Logged-Out,AREA_C,AREA_B,AREA_C_TO_AREA_B,CA,BE,31_60,low,unknown_or_oneway,Y,O,0,0.33494884,28.691717442274093
137.0,27.098541,7.239583333333333,1,1,0,0,0,0,0,1,0,2,1,178.58333333333334,17.0,38.547,3,1,SPECIAL EQUIPMENT,UPPER APEX,LANG_09,Round-Trip,apple,Direct,Direct,Logged-In,AREA_C,AREA_B,AREA_C_TO_AREA_B,CA,BI,120_plus,low,6_8,Y,U,1,0.74412245,28.68368790990114
20.0,68.18964299999999,,9,9,0,0,0,0,0,0,0,2,1,3.5833333333333335,12.0,42.83,4,0,SPECIAL EQUIPMENT,UPPER APEX,LANG_09,One-Way,opera,Direct,Affiliate,Logged-Out,AREA_C,AREA_B,AREA_C_TO_AREA_B,CU,BE,15_30,high,unknown_or_oneway,Y,O,0,0.6695478,28.676732113361357
288.0,231.5672478,4.131944444444445,3,2,0,1,0,1,0,1,1,2,1,105.16666666666667,17.0,42.83,4,1,SPECIAL EQUIPMENT,UPPER APEX,LANG_09,Round-Trip,google,Paid Search,Paid Search,Logged-In,AREA_C,AREA_B,AREA_C_TO_AREA_B,CA,BI,120_plus,very_high,3_5,Y,H,0,0.6693443,28.668016625642775
25.0,282.70369800000003,9.184027777777779,6,3,0,3,0,1,0,0,0,2,1,225.5,18.0,42.83,6,1,SPECIAL EQUIPMENT,UPPER APEX,LANG_09,Round-Trip,google,Direct,Email,Logged-Out,AREA_C,AREA_B,AREA_C_TO_AREA_B,CA,BO,15_30,very_high,9_14,Y,L,0,0.66928,28.665262082219122
59.0,26.2128166,5.243055555555555,1,1,0,0,0,0,0,0,0,2,1,126.41666666666667,11.0,42.83,3,1,SPECIAL EQUIPMENT,UPPER APEX,LANG_02,Round-Trip,google,Paid Search,Paid Search,Logged-Out,AREA_C,AREA_B,AREA_C_TO_AREA_B,CA,BI,31_60,low,6_8,Y,O,0,0.6689462,28.650966027379035
62.0,217.9293192,8.4375,2,2,0,0,0,0,0,1,0,2,1,206.25,16.0,42.83,2,1,SPECIAL EQUIPMENT,UPPER APEX,LANG_09,Round-Trip,apple,MetaSearches,MetaSearches,Logged-In,AREA_C,AREA_C,AREA_C_TO_AREA_C,CA,CE,61_120,very_high,9_14,Y,S,0,0.66867167,28.63920752227306
63.0,116.4153664,8.208333333333334,3,1,1,1,0,1,1,0,0,2,1,202.08333333333334,20.0,42.83,6,1,SPECIAL EQUIPMENT,UPPER APEX,LANG_02,Round-Trip,apple,Direct,Direct,Logged-Out,AREA_C,AREA_B,AREA_C_TO_AREA_B,CA,BO,61_120,very_high,9_14,Y,W,0,0.6685636,28.634579174518585
118.0,30.3797473,6.517361111111111,1,1,0,0,0,0,0,0,0,2,1,158.5,20.0,42.3348852,3,1,SPECIAL EQUIPMENT,UPPER VERTEX,LANG_11,Round-Trip,google,MetaSearches,MetaSearches,Logged-Out,AREA_C,AREA_B,AREA_C_TO_AREA_B,CA,BI,61_120,low,6_8,Y,L,0,0.6759881,28.61787768366752
26.0,136.2148188,9.875,1,1,0,0,0,0,0,0,0,2,1,242.0,17.0,81.377,2,1,SPECIAL EQUIPMENT,UPPER APEX,LANG_09,Round-Trip,apple,Direct,Email,Logged-Out,AREA_C,AREA_C,AREA_C_TO_AREA_C,CA,CA,15_30,very_high,9_14,Y,L,0,0.35166863,28.617737783700225
31.0,26.9691944,,2,2,0,0,0,0,0,1,0,1,0,2.1666666666666665,11.0,49.2545,6,1,SPECIAL EQUIPMENT,UPPER APEX,LANG_09,Round-Trip,apple,Direct,Direct,Logged-In,AREA_C,AREA_C,AREA_C_TO_AREA_C,CA,CU,31_60,low,unknown_or_oneway,Y,O,0,0.58087754,28.610832916855813
27.0,45.8062567,5.097222222222222,1,1,0,0,0,0,0,0,0,2,1,123.91666666666667,14.0,42.83,5,1,SPECIAL EQUIPMENT,UPPER APEX,LANG_02,Round-Trip,apple,Direct,Direct,Logged-Out,AREA_C,AREA_C,AREA_C_TO_AREA_C,CA,CO,15_30,mid,6_8,Y,U,0,0.6677566,28.600015909075736
5.0,19.8105882,7.899305555555555,1,0,1,0,0,0,1,0,0,2,1,191.5,20.0,85.66,4,1,SPECIAL EQUIPMENT,UPPER APEX,LANG_09,Round-Trip,google,Direct,Paid Search,Logged-Out,AREA_C,AREA_B,AREA_C_TO_AREA_B,CA,BE,4_7,very_low,6_8,Y,L,0,0.33379367,28.592765766978264
22.0,64.8583256,12.6875,1,1,0,0,0,0,0,1,0,4,1,307.1666666666667,22.0,39.4344376,2,0,SPECIAL EQUIPMENT,NEW MERIDIAN,LANG_02,Round-Trip,google,Paid Search,Paid Search,Logged-In,AREA_C,AREA_C,AREA_C_TO_AREA_C,CI,CE,15_30,high,9_14,Y,T,0,0.7249491,28.587960893989376
192.0,135.0014449,9.975694444444445,1,1,0,0,0,0,0,1,0,2,1,245.33333333333334,20.0,81.377,2,1,SPECIAL EQUIPMENT,UPPER APEX,LANG_09,Round-Trip,opera,Direct,Direct,Logged-In,AREA_C,AREA_C,AREA_C_TO_AREA_C,CA,CA,120_plus,very_high,9_14,Y,O,0,0.35126168,28.584621355593203
29.0,46.59904,5.958333333333333,2,2,0,0,0,0,0,1,0,2,1,144.66666666666666,13.0,42.83,5,1,SPECIAL EQUIPMENT,UPPER APEX,LANG_09,Round-Trip,samsung,Direct,Direct,Logged-In,AREA_C,AREA_C,AREA_C_TO_AREA_C,CA,CO,15_30,mid,6_8,Y,O,0,0.6671328,28.573297603726385
141.0,187.43350259999997,13.64236111111111,2,2,0,0,0,0,0,0,0,2,1,333.3333333333333,10.0,82.87605,5,0,SPECIAL EQUIPMENT,UPPER APEX,LANG_09,Round-Trip,apple,Direct,Affiliate,Logged-Out,AREA_B,AREA_C,AREA_B_TO_AREA_C,BE,CA,120_plus,very_high,9_14,Y,O,0,0.34452224,28.55264220417738
127.0,221.52618259999997,13.64236111111111,2,2,0,0,0,0,0,1,0,2,1,333.3333333333333,20.0,82.87605,4,0,SPECIAL EQUIPMENT,UPPER APEX,LANG_09,Round-Trip,apple,Paid Search,Paid Search,Logged-In,AREA_B,AREA_C,AREA_B_TO_AREA_C,BE,CA,120_plus,very_high,9_14,Y,O,0,0.34452224,28.55264220417738
134.0,208.4202026,13.64236111111111,2,2,0,0,0,0,0,0,0,2,1,333.3333333333333,22.0,82.87605,5,0,SPECIAL EQUIPMENT,UPPER APEX,LANG_09,Round-Trip,google,Paid Search,Paid Search,Logged-Out,AREA_B,AREA_C,AREA_B_TO_AREA_C,BE,CA,120_plus,very_high,9_14,Y,O,0,0.34452224,28.55264220417738
63.0,26.2278071,6.090277777777778,1,1,0,0,0,0,0,0,0,2,1,146.75,20.0,42.83,4,1,SPECIAL EQUIPMENT,UPPER APEX,LANG_09,Round-Trip,google,Paid Search,Paid Search,Logged-Out,AREA_C,AREA_B,AREA_C_TO_AREA_B,CA,BI,61_120,low,6_8,Y,O,0,0.66654205,28.547996139526365
156.0,145.3911463,5.982638888888889,2,2,0,0,0,0,0,1,0,2,1,164.16666666666666,18.0,40.6885,4,1,SPECIAL EQUIPMENT,UPPER APEX,LANG_09,Round-Trip,google,MetaSearches,MetaSearches,Logged-In,AREA_C,AREA_D,AREA_C_TO_AREA_D,CA,DA,120_plus,very_high,6_8,Y,O,0,0.7013839,28.53825835624337
61.0,16.827907,4.895833333333333,1,1,0,0,0,0,0,0,0,2,1,119.41666666666667,22.0,85.66,6,1,SPECIAL EQUIPMENT,UPPER APEX,LANG_09,Round-Trip,google,Email,Email,Logged-Out,AREA_C,AREA_B,AREA_C_TO_AREA_B,CA,BE,61_120,very_low,3_5,Y,U,0,0.33314064,28.536827346682546
50.0,85.2008624,,2,2,0,0,0,0,0,1,1,3,1,-49.0,16.0,42.83,4,1,SPECIAL EQUIPMENT,UPPER APEX,LANG_02,Round-Trip,google,Direct,Direct,Logged-In,AREA_C,AREA_C,AREA_C_TO_AREA_C,CA,CO,31_60,high,unknown_or_oneway,Y,W,0,0.6662073,28.533659238815307
90.0,67.0820592,7.239583333333333,2,2,0,0,0,0,0,0,0,2,1,178.58333333333334,14.0,38.547,2,1,SPECIAL EQUIPMENT,UPPER APEX,LANG_09,Round-Trip,google,Direct,Direct,Logged-Out,AREA_C,AREA_B,AREA_C_TO_AREA_B,CA,BI,61_120,high,6_8,Y,O,0,0.7401783,28.531652430117127
2.0,143.6877972,7.121527777777778,2,2,0,0,0,0,0,0,0,2,1,173.08333333333334,13.0,42.83,2,1,SPECIAL EQUIPMENT,UPPER APEX,LANG_02,Round-Trip,apple,Direct,Direct,Logged-Out,AREA_C,AREA_C,AREA_C_TO_AREA_C,CA,CI,0_3,very_high,6_8,Y,T,0,0.666076,28.528035272955893
155.0,106.8338671,10.979166666666666,2,2,0,0,0,0,0,0,0,4,1,265.5833333333333,20.0,37.6424304,2,0,SPECIAL EQUIPMENT,LOWER ZENITH,LANG_02,Round-Trip,google,Direct,Direct,Logged-Out,AREA_C,AREA_B,AREA_C_TO_AREA_B,CE,BU,120_plus,very_high,9_14,Y,L,0,0.7576453,28.51961081084261
120.0,109.08586850000002,9.746527777777779,1,1,0,0,0,0,0,0,0,2,1,237.75,15.0,50.2841332,5,1,SPECIAL EQUIPMENT,NEW ZENITH,LANG_09,Round-Trip,google,Affiliate,Affiliate,Logged-Out,AREA_C,AREA_C,AREA_C_TO_AREA_C,CA,CE,61_120,very_high,9_14,Y,V,0,0.566945,28.508338720935512
70.0,56.4687852,,2,2,0,0,0,0,0,0,0,1,0,3.5833333333333335,9.0,42.83,3,1,SPECIAL EQUIPMENT,UPPER APEX,LANG_09,Round-Trip,apple,Paid Search,Paid Search,Logged-Out,AREA_C,AREA_B,AREA_C_TO_AREA_B,CA,BI,61_120,high,unknown_or_oneway,Y,L,0,0.665588,28.507134951353073
63.0,36.9691428,5.097222222222222,2,2,0,0,0,0,0,0,0,2,1,124.0,18.0,42.83,5,1,SPECIAL EQUIPMENT,UPPER APEX,LANG_09,Round-Trip,apple,Direct,Direct,Logged-Out,AREA_C,AREA_C,AREA_C_TO_AREA_C,CA,CO,61_120,mid,6_8,Y,O,0,0.66557264,28.506476311683652
65.0,25.4140371,,1,1,0,0,0,0,0,0,0,5,1,1.5833333333333333,8.0,70.2621867,4,0,SPECIAL EQUIPMENT,WEST HORIZON,LANG_02,Round-Trip,apple,Direct,Direct,Logged-Out,AREA_B,AREA_B,AREA_B_TO_AREA_B,BA,BE,61_120,low,unknown_or_oneway,Y,V,0,0.40569863,28.50527269061425
16.0,72.8692488,4.513888888888889,2,2,0,0,0,0,0,0,0,2,1,110.25,11.0,42.83,4,1,SPECIAL EQUIPMENT,UPPER APEX,LANG_09,Round-Trip,apple,Direct,Direct,Logged-Out,AREA_C,AREA_B,AREA_C_TO_AREA_B,CA,BI,15_30,high,3_5,Y,U,0,0.66551155,28.50385962307453
30.0,93.8884996,3.3854166666666665,7,7,0,0,0,0,0,0,0,2,1,83.25,17.0,85.66,6,1,SPECIAL EQUIPMENT,UPPER APEX,LANG_02,Round-Trip,google,Organic Search,Organic Search,Logged-Out,AREA_C,AREA_B,AREA_C_TO_AREA_B,CA,BE,15_30,high,3_5,Y,O,0,0.33274612,28.503032494187355
117.0,176.1850597,9.989583333333334,2,2,0,0,0,0,0,1,0,4,1,241.83333333333334,22.0,37.6424304,4,0,SPECIAL EQUIPMENT,LOWER ZENITH,LANG_02,Round-Trip,apple,MetaSearches,Organic Search,Logged-In,AREA_C,AREA_B,AREA_C_TO_AREA_B,CE,BU,61_120,very_high,9_14,Y,W,0,0.75716746,28.501623359020044
12.0,65.0424946,5.045138888888889,1,1,0,0,0,0,0,0,0,2,1,122.58333333333333,14.0,42.83,4,1,SPECIAL EQUIPMENT,UPPER APEX,LANG_02,Round-Trip,google,MetaSearches,MetaSearches,Logged-Out,AREA_C,AREA_B,AREA_C_TO_AREA_B,CA,BI,8_14,high,6_8,Y,U,0,0.66543424,28.500548554658888
65.0,302.7956793,9.222222222222221,3,3,0,0,0,0,0,0,0,2,1,235.91666666666666,15.0,38.547,5,1,SPECIAL EQUIPMENT,UPPER APEX,LANG_09,Round-Trip,google,Paid Search,Paid Search,Logged-Out,AREA_C,AREA_B,AREA_C_TO_AREA_B,CA,BI,61_120,very_high,9_14,Y,L,0,0.7390312,28.487435498356817
206.0,210.7471565,10.239583333333334,3,2,1,0,0,0,1,1,0,4,1,247.83333333333334,20.0,37.6424304,4,0,SPECIAL EQUIPMENT,LOWER ZENITH,LANG_02,Round-Trip,apple,Direct,Direct,Logged-In,AREA_C,AREA_B,AREA_C_TO_AREA_B,CE,BU,120_plus,very_high,9_14,Y,L,0,0.75667864,28.48322307307806
29.0,37.2115606,6.517361111111111,1,1,0,0,0,0,0,1,1,2,1,158.58333333333334,9.0,42.83,3,1,SPECIAL EQUIPMENT,SOUTH MERIDIAN,LANG_09,Round-Trip,apple,Direct,Direct,Logged-In,AREA_C,AREA_B,AREA_C_TO_AREA_B,CA,BI,15_30,mid,6_8,Y,V,0,0.6647266,28.470240918397902
109.0,165.4617126,9.34375,2,2,0,0,0,0,0,0,0,2,1,238.83333333333334,22.0,38.547,5,1,SPECIAL EQUIPMENT,UPPER APEX,LANG_09,Round-Trip,google,Direct,Direct,Logged-Out,AREA_C,AREA_B,AREA_C_TO_AREA_B,CA,BI,61_120,very_high,9_14,Y,U,0,0.7384634,28.46554874897003
37.0,54.18466130000001,3.732638888888889,1,1,0,0,0,0,0,0,0,2,1,91.83333333333333,11.0,70.6695,3,1,SPECIAL EQUIPMENT,UPPER VERTEX,LANG_11,Round-Trip,apple,Direct,Direct,Logged-Out,AREA_C,AREA_C,AREA_C_TO_AREA_C,CA,CI,31_60,high,3_5,Y,W,0,0.40277332,28.463789185434578
31.0,30.085505200000004,3.8993055555555554,1,1,0,0,0,0,0,0,0,2,1,95.5,16.0,85.66,4,1,SPECIAL EQUIPMENT,UPPER APEX,LANG_09,Round-Trip,microsoft,Paid Search,Email,Logged-Out,AREA_C,AREA_B,AREA_C_TO_AREA_B,CA,BE,31_60,low,3_5,Y,O,0,0.3321527,28.452199807763098
166.0,415.0676715,13.746527777777779,5,5,0,0,0,0,0,0,0,2,1,333.75,9.0,50.2841332,5,1,SPECIAL EQUIPMENT,UPPER APEX,LANG_09,Round-Trip,mozilla,Paid Search,Paid Search,Logged-Out,AREA_C,AREA_C,AREA_C_TO_AREA_C,CA,CE,120_plus,very_high,9_14,Y,L,0,0.5657918,28.45034951646001
10.0,77.7899875,5.180555555555555,1,1,0,0,0,0,0,0,0,2,1,127.25,8.0,50.2841332,4,1,SPECIAL EQUIPMENT,UPPER APEX,LANG_09,Round-Trip,google,Direct,Paid Search,Logged-Out,AREA_C,AREA_C,AREA_C_TO_AREA_C,CA,CE,8_14,high,6_8,Y,W,0,0.5656514,28.443291186062048
10.0,77.7899875,5.180555555555555,1,1,0,0,0,0,0,0,0,2,1,127.25,8.0,50.2841332,4,1,SPECIAL EQUIPMENT,UPPER APEX,LANG_09,Round-Trip,google,Direct,Paid Search,Logged-Out,AREA_C,AREA_C,AREA_C_TO_AREA_C,CA,CE,8_14,high,6_8,Y,W,0,0.5656514,28.443291186062048
108.0,376.35620429999994,12.875,4,4,0,0,0,0,0,1,1,2,1,314.0,17.0,81.377,3,1,SPECIAL EQUIPMENT,UPPER APEX,LANG_09,Round-Trip,apple,Direct,Direct,Logged-In,AREA_C,AREA_C,AREA_C_TO_AREA_C,CA,CA,61_120,very_high,9_14,Y,W,0,0.34943616,28.43606670987606
94.0,201.934884,8.07986111111111,2,1,1,0,0,0,1,0,0,2,1,208.41666666666666,10.0,38.547,5,1,SPECIAL EQUIPMENT,UPPER APEX,LANG_09,Round-Trip,google,Direct,Paid MetaSearches,Logged-Out,AREA_C,AREA_B,AREA_C_TO_AREA_B,CA,BI,61_120,very_high,9_14,Y,L,0,0.7374647,28.427052792012688
73.0,63.2440629,5.4375,1,1,0,0,0,0,0,0,0,2,1,134.25,17.0,42.83,3,1,SPECIAL EQUIPMENT,UPPER APEX,LANG_09,Round-Trip,google,Paid Search,Paid Search,Logged-Out,AREA_C,AREA_C,AREA_C_TO_AREA_C,CA,CE,61_120,high,6_8,Y,O,0,0.66367483,28.42519302845001
35.0,70.0116312,4.190972222222222,2,2,0,0,0,0,0,1,0,2,1,105.66666666666667,22.0,42.83,3,1,SPECIAL EQUIPMENT,UPPER APEX,LANG_09,Round-Trip,opera,Direct,Paid Search,Logged-In,AREA_C,AREA_B,AREA_C_TO_AREA_B,CA,BI,31_60,high,3_5,Y,V,0,0.6635633,28.42041661441326
59.0,28.0133898,5.184027777777778,1,1,0,0,0,0,0,0,0,2,1,129.5,18.0,42.83,3,1,SPECIAL EQUIPMENT,UPPER APEX,LANG_02,Round-Trip,google,MetaSearches,MetaSearches,Logged-Out,AREA_C,AREA_B,AREA_C_TO_AREA_B,CA,BI,31_60,low,6_8,Y,O,0,0.66322,28.405712100863454
31.0,83.6688333,6.4375,1,1,0,0,0,0,0,0,0,2,1,158.25,15.0,42.83,2,1,SPECIAL EQUIPMENT,UPPER APEX,LANG_09,Round-Trip,google,Paid Search,Paid Search,Logged-Out,AREA_C,AREA_C,AREA_C_TO_AREA_C,CA,CE,31_60,high,6_8,Y,O,0,0.66299814,28.396210330128667
33.0,95.2492087,7.4375,1,1,0,0,0,0,0,0,0,2,1,182.25,14.0,42.83,2,1,SPECIAL EQUIPMENT,UPPER APEX,LANG_09,Round-Trip,other,Paid Search,Paid Search,Logged-Out,AREA_C,AREA_C,AREA_C_TO_AREA_C,CA,CE,31_60,high,6_8,Y,O,0,0.66299814,28.396210330128667
46.0,82.4378991,5.4375,1,1,0,0,0,0,0,0,0,2,1,134.25,21.0,42.83,3,1,SPECIAL EQUIPMENT,UPPER APEX,LANG_02,Round-Trip,apple,Direct,Direct,Logged-Out,AREA_C,AREA_C,AREA_C_TO_AREA_C,CA,CE,31_60,high,6_8,Y,O,0,0.66299814,28.396210330128667
45.0,75.1362407,7.4375,1,1,0,0,0,0,0,0,0,2,1,182.25,21.0,42.83,2,1,SPECIAL EQUIPMENT,UPPER APEX,LANG_09,Round-Trip,microsoft,Organic Search,Organic Search,Logged-Out,AREA_C,AREA_C,AREA_C_TO_AREA_C,CA,CE,31_60,high,6_8,Y,O,0,0.66299814,28.396210330128667
35.0,82.3646598,7.4375,1,1,0,0,0,0,0,1,1,2,1,182.25,20.0,42.83,2,1,SPECIAL EQUIPMENT,UPPER APEX,LANG_09,Round-Trip,google,Organic Search,Paid Search,Logged-In,AREA_C,AREA_C,AREA_C_TO_AREA_C,CA,CE,31_60,high,6_8,Y,O,0,0.66299814,28.396210330128667
35.0,82.4211954,6.4375,1,1,0,0,0,0,0,0,0,2,1,158.25,13.0,42.83,3,1,SPECIAL EQUIPMENT,UPPER APEX,LANG_09,Round-Trip,apple,Paid Search,Paid Search,Logged-Out,AREA_C,AREA_C,AREA_C_TO_AREA_C,CA,CE,31_60,high,6_8,Y,O,0,0.66299814,28.396210330128667
97.0,42.4770808,9.458333333333334,2,2,0,0,0,0,0,1,0,2,1,229.33333333333334,19.0,49.2545,6,1,SPECIAL EQUIPMENT,UPPER APEX,LANG_09,Round-Trip,google,Paid Search,Paid Search,Logged-In,AREA_C,AREA_C,AREA_C_TO_AREA_C,CA,CU,61_120,mid,9_14,Y,O,0,0.57650757,28.395592025756837
19.0,61.0545933,,1,1,0,0,0,0,0,0,0,3,1,74.58333333333333,16.0,42.83,6,1,SPECIAL EQUIPMENT,UPPER APEX,LANG_09,Multi-City,mozilla,Paid Search,Paid Search,Logged-Out,AREA_C,AREA_D,AREA_C_TO_AREA_D,CA,DA,15_30,high,unknown_or_oneway,Y,T,0,0.66296077,28.394609682559967
209.0,87.99808970000001,10.989583333333334,2,2,0,0,0,0,0,1,1,4,1,265.8333333333333,11.0,37.6424304,3,0,SPECIAL EQUIPMENT,LOWER ZENITH,LANG_02,Round-Trip,apple,Direct,Direct,Logged-In,AREA_C,AREA_B,AREA_C_TO_AREA_B,CE,BU,120_plus,high,9_14,Y,L,0,0.753966,28.38111169476986
33.0,109.640517,7.517361111111111,5,3,2,0,0,0,1,0,0,2,1,182.58333333333334,20.0,35.33475,6,1,SPECIAL EQUIPMENT,UPPER APEX,LANG_09,Round-Trip,samsung,Direct,Direct,Logged-Out,AREA_C,AREA_B,AREA_C_TO_AREA_B,CA,BI,31_60,very_high,6_8,Y,O,1,0.8030962,28.37720257642865
2.0,36.14852,3.517361111111111,1,1,0,0,0,0,0,0,0,2,1,86.41666666666667,12.0,49.2545,6,1,SPECIAL EQUIPMENT,UPPER APEX,LANG_09,Round-Trip,google,Paid Search,Paid Search,Logged-Out,AREA_C,AREA_B,AREA_C_TO_AREA_B,CA,BI,0_3,mid,3_5,Y,L,0,0.5761145,28.376230444699527
16.0,46.5039574,7.173611111111111,1,1,0,0,0,0,0,0,0,2,1,177.16666666666666,23.0,42.83,3,1,SPECIAL EQUIPMENT,UPPER APEX,LANG_02,Round-Trip,google,Direct,Organic Search,Logged-Out,AREA_C,AREA_B,AREA_C_TO_AREA_B,CA,BI,15_30,mid,6_8,Y,W,0,0.6624756,28.373829345703125
34.0,128.81250989999998,12.319444444444445,1,1,0,0,0,0,0,0,0,2,1,311.8333333333333,7.0,57.8205,1,1,SPECIAL EQUIPMENT,UPPER APEX,LANG_09,Round-Trip,mozilla,Paid Search,Paid Search,Logged-Out,AREA_C,AREA_B,AREA_C_TO_AREA_B,CA,BO,31_60,very_high,9_14,Y,W,0,0.49072257,28.373824176147583
1.0,80.2736992,,2,2,0,0,0,0,0,1,0,2,1,10.5,18.0,36.0774222,3,0,SPECIAL EQUIPMENT,UPPER APEX,LANG_02,One-Way,apple,Direct,Direct,Logged-In,AREA_C,AREA_C,AREA_C_TO_AREA_C,CI,CI,0_3,high,unknown_or_oneway,Y,T,0,0.78641415,28.371795184567453
30.0,23.5196662,5.121527777777778,1,1,0,0,0,0,0,0,0,2,1,124.83333333333333,11.0,48.18375,3,1,SPECIAL EQUIPMENT,UPPER APEX,LANG_09,Round-Trip,apple,Internal,Email,Logged-Out,AREA_C,AREA_B,AREA_C_TO_AREA_B,CA,BI,15_30,low,6_8,Y,L,0,0.58807534,28.335675153806807
158.0,85.8480237,8.34375,1,1,0,0,0,0,0,0,0,2,1,214.83333333333334,20.0,42.4017,2,1,SPECIAL EQUIPMENT,UPPER APEX,LANG_09,Round-Trip,google,Paid Search,Paid Search,Logged-Out,AREA_C,AREA_B,AREA_C_TO_AREA_B,CA,BI,120_plus,high,9_14,Y,O,0,0.6680417,28.32610400891304
18.0,182.2917611,5.236111111111111,1,1,0,0,0,0,0,0,0,2,1,140.08333333333334,17.0,38.547,4,1,SPECIAL EQUIPMENT,UPPER APEX,LANG_09,Round-Trip,google,Email,Paid Search,Logged-Out,AREA_C,AREA_B,AREA_C_TO_AREA_B,CA,BI,15_30,very_high,6_8,Y,Q,0,0.7340715,28.296253846406934
42.0,13.4126428,10.288194444444445,1,1,0,0,0,0,0,1,0,2,1,248.91666666666666,17.0,85.66,6,1,SPECIAL EQUIPMENT,UPPER APEX,LANG_02,Round-Trip,apple,Direct,Direct,Logged-In,AREA_C,AREA_B,AREA_C_TO_AREA_B,CA,BE,31_60,very_low,9_14,Y,O,0,0.33027276,28.291164961457252
22.0,75.9350202,5.086805555555555,2,2,0,0,0,0,0,1,0,2,1,122.66666666666667,19.0,42.83,4,1,SPECIAL EQUIPMENT,UPPER APEX,LANG_09,Round-Trip,google,Paid Search,Paid Search,Logged-In,AREA_C,AREA_B,AREA_C_TO_AREA_B,CA,BI,15_30,high,6_8,Y,O,0,0.66033393,28.28210228383541
13.0,51.136450200000006,14.0,1,1,0,0,0,0,0,0,0,2,1,337.9166666666667,16.0,85.66,3,1,SPECIAL EQUIPMENT,UPPER APEX,LANG_02,Round-Trip,google,Direct,Direct,Logged-Out,AREA_C,AREA_B,AREA_C_TO_AREA_B,CA,BE,8_14,mid,9_14,Y,E,0,0.33000126,28.26790834367275
19.0,82.75612600000001,7.267361111111111,2,2,0,0,0,0,0,0,0,2,1,181.08333333333334,11.0,42.83,6,1,SPECIAL EQUIPMENT,UPPER APEX,LANG_09,Round-Trip,google,Paid Search,Paid Search,Logged-Out,AREA_C,AREA_B,AREA_C_TO_AREA_B,CA,BE,15_30,high,6_8,Y,U,0,0.65986615,28.2620673841238
110.0,205.8088575,7.34375,3,1,2,0,0,0,1,0,0,2,1,190.83333333333334,9.0,38.547,5,1,SPECIAL EQUIPMENT,UPPER APEX,LANG_09,Round-Trip,mozilla,Paid Search,Paid Search,Logged-Out,AREA_C,AREA_B,AREA_C_TO_AREA_B,CA,BI,61_120,very_high,6_8,Y,O,0,0.7331651,28.261314543664454
65.0,48.5268183,6.458333333333333,1,1,0,0,0,0,0,1,0,2,1,157.33333333333334,11.0,42.83,3,1,SPECIAL EQUIPMENT,UPPER APEX,LANG_02,Round-Trip,google,Paid Search,Organic Search,Logged-In,AREA_C,AREA_C,AREA_C_TO_AREA_C,CA,CU,61_120,mid,6_8,Y,Q,0,0.6598009,28.259271994829177
27.0,120.1034577,4.243055555555555,3,2,1,0,0,0,1,1,0,2,1,102.41666666666667,19.0,42.83,5,1,SPECIAL EQUIPMENT,UPPER APEX,LANG_09,Round-Trip,google,Paid Search,Paid Search,Logged-In,AREA_C,AREA_B,AREA_C_TO_AREA_B,CA,BI,15_30,very_high,3_5,Y,O,0,0.65932256,28.238785237669944
23.0,65.03178709999999,8.23611111111111,1,1,0,0,0,0,0,1,1,2,1,198.25,11.0,42.83,2,1,SPECIAL EQUIPMENT,UPPER APEX,LANG_09,Round-Trip,google,Affiliate,Affiliate,Logged-In,AREA_C,AREA_B,AREA_C_TO_AREA_B,CA,BI,15_30,high,9_14,Y,U,0,0.659313,28.238376778960227
15.0,38.5825489,3.6944444444444446,1,1,0,0,0,0,0,0,0,2,1,90.25,23.0,64.245,5,1,SPECIAL EQUIPMENT,NORTH ZENITH,LANG_02,Round-Trip,google,Direct,Direct,Logged-Out,AREA_C,AREA_D,AREA_C_TO_AREA_D,CA,DA,15_30,mid,3_5,Y,L,0,0.43950382,28.23592283561826
112.0,228.3023169,14.434027777777779,3,3,0,0,0,0,0,1,0,2,1,350.25,20.0,50.2841332,5,1,SPECIAL EQUIPMENT,UPPER APEX,LANG_09,Round-Trip,google,Direct,Direct,Logged-In,AREA_C,AREA_C,AREA_C_TO_AREA_C,CA,CE,61_120,very_high,15_30,Y,O,0,0.56145144,28.232098747352026
70.0,28.917959400000004,7.184027777777778,1,1,0,0,0,0,0,1,1,2,1,177.5,18.0,42.83,6,1,SPECIAL EQUIPMENT,UPPER APEX,LANG_09,Round-Trip,google,Organic Search,Organic Search,Logged-In,AREA_C,AREA_B,AREA_C_TO_AREA_B,CA,BO,61_120,low,6_8,Y,W,0,0.65911406,28.22985530912876
17.0,76.3633202,6.392361111111111,2,2,0,0,0,0,0,1,0,2,1,154.0,20.0,42.83,3,1,SPECIAL EQUIPMENT,UPPER APEX,LANG_09,Round-Trip,mozilla,Direct,Email,Logged-In,AREA_C,AREA_B,AREA_C_TO_AREA_B,CA,BI,15_30,high,6_8,Y,O,0,0.65897954,28.224093488454816
90.0,235.2189336,10.819444444444445,3,3,0,0,0,0,0,1,0,2,1,261.5,21.0,42.83,1,1,SPECIAL EQUIPMENT,UPPER APEX,LANG_09,Round-Trip,google,Direct,Paid Search,Logged-In,AREA_C,AREA_C,AREA_C_TO_AREA_C,CA,CU,61_120,very_high,9_14,C,F,0,0.6588789,28.219784249067306
80.0,70.37825600000001,6.177083333333333,3,2,0,1,0,1,0,1,0,2,1,153.33333333333334,17.0,42.83,3,1,SPECIAL EQUIPMENT,UPPER APEX,LANG_02,Round-Trip,apple,Direct,Direct,Logged-In,AREA_C,AREA_B,AREA_C_TO_AREA_B,CA,BO,61_120,high,6_8,Y,O,0,0.6588163,28.217101185917855
122.0,37.7829128,9.190972222222221,1,1,0,0,0,0,0,1,0,2,1,225.66666666666666,10.0,42.83,2,1,SPECIAL EQUIPMENT,UPPER APEX,LANG_09,Round-Trip,google,Email,Partners,Logged-In,AREA_C,AREA_B,AREA_C_TO_AREA_B,CA,BI,120_plus,mid,9_14,Y,O,0,0.6588089,28.216784630417823
27.0,137.2804292,4.236111111111111,4,3,0,1,0,1,0,0,0,2,1,102.25,17.0,42.83,5,1,SPECIAL EQUIPMENT,UPPER APEX,LANG_02,Round-Trip,opera,Paid Search,Paid Search,Logged-Out,AREA_C,AREA_B,AREA_C_TO_AREA_B,CA,BI,15_30,very_high,3_5,Y,O,0,0.6586442,28.2097310590744
66.0,327.0687252,10.4375,5,2,0,2,1,1,0,0,0,2,1,254.25,11.0,42.83,2,1,SPECIAL EQUIPMENT,UPPER APEX,LANG_09,Round-Trip,google,Direct,Direct,Logged-Out,AREA_C,AREA_C,AREA_C_TO_AREA_C,CA,CE,61_120,very_high,9_14,Y,L,0,0.65840805,28.19961660027504
2.0,74.08048120000001,5.729166666666667,1,1,0,0,0,0,0,1,1,2,1,139.5,13.0,42.83,4,1,SPECIAL EQUIPMENT,UPPER APEX,LANG_09,Round-Trip,microsoft,Paid Search,Paid Search,Logged-In,AREA_C,AREA_B,AREA_C_TO_AREA_B,CA,BI,0_3,high,6_8,Y,H,0,0.6582045,28.190898559689522
0.0,54.847241399999994,5.194444444444445,1,1,0,0,0,0,0,0,0,2,1,126.16666666666667,20.0,42.83,3,1,SPECIAL EQUIPMENT,UPPER APEX,LANG_02,Round-Trip,google,Direct,Direct,Logged-Out,AREA_C,AREA_B,AREA_C_TO_AREA_B,CA,BI,invalid_or_past,high,6_8,Y,W,0,0.6582045,28.190898559689522
118.0,52.5421308,3.513888888888889,3,3,0,0,0,0,0,0,0,2,1,86.33333333333333,14.0,85.66,6,1,SPECIAL EQUIPMENT,UPPER APEX,LANG_09,Round-Trip,google,Direct,Direct,Logged-Out,AREA_C,AREA_B,AREA_C_TO_AREA_B,CA,BE,61_120,mid,3_5,Y,L,0,0.32893625,28.176679090857505
166.0,237.1822608,7.177083333333333,4,4,0,0,0,0,0,1,1,2,1,175.33333333333334,18.0,42.83,6,1,SPECIAL EQUIPMENT,UPPER APEX,LANG_02,Round-Trip,google,Paid Search,Paid Search,Logged-In,AREA_C,AREA_C,AREA_C_TO_AREA_C,CA,CO,120_plus,very_high,6_8,Y,T,0,0.6577567,28.17171887040138
7.0,61.2541811,6.194444444444445,1,1,0,0,0,0,0,0,0,2,1,150.16666666666666,22.0,42.83,3,1,SPECIAL EQUIPMENT,UPPER APEX,LANG_09,Round-Trip,apple,Direct,Direct,Logged-Out,AREA_C,AREA_B,AREA_C_TO_AREA_B,CA,BI,4_7,high,6_8,Y,W,0,0.6577222,28.170240760445594
152.0,214.8793949,14.065972222222221,4,4,0,0,0,0,0,0,0,2,1,342.5833333333333,18.0,81.377,2,1,SPECIAL EQUIPMENT,UPPER APEX,LANG_09,Round-Trip,google,Paid Search,Paid Search,Logged-Out,AREA_C,AREA_C,AREA_C_TO_AREA_C,CA,CA,120_plus,very_high,15_30,Y,O,0,0.3461186,28.16609324517846
8.0,29.2263354,4.159722222222222,1,1,0,0,0,0,0,0,0,2,1,101.75,21.0,85.66,6,1,SPECIAL EQUIPMENT,UPPER APEX,LANG_02,Round-Trip,apple,Paid Search,Organic Search,Logged-Out,AREA_C,AREA_B,AREA_C_TO_AREA_B,CA,BE,8_14,low,3_5,Y,O,0,0.32877845,28.163161660432813
196.0,262.924804,7.222222222222222,2,2,0,0,0,0,0,1,0,2,1,193.91666666666666,20.0,38.547,4,1,SPECIAL EQUIPMENT,UPPER APEX,LANG_09,Round-Trip,google,Organic Search,Organic Search,Logged-In,AREA_C,AREA_D,AREA_C_TO_AREA_D,CA,DA,120_plus,very_high,6_8,Y,L,0,0.73021555,28.147618785381315
71.0,200.607154,13.36111111111111,1,1,0,0,0,0,0,0,0,2,1,327.9166666666667,17.0,77.094,5,1,SPECIAL EQUIPMENT,UPPER APEX,LANG_09,Round-Trip,google,Paid Search,Paid Search,Logged-Out,AREA_C,AREA_B,AREA_C_TO_AREA_B,CA,BU,61_120,very_high,9_14,Y,T,0,0.36510465,28.14737753945589
189.0,213.2754114,14.39236111111111,1,1,0,0,0,0,0,0,0,2,1,352.6666666666667,10.0,77.094,5,1,SPECIAL EQUIPMENT,UPPER APEX,LANG_09,Round-Trip,apple,Direct,Direct,Logged-Out,AREA_C,AREA_B,AREA_C_TO_AREA_B,CA,BU,120_plus,very_high,15_30,Y,V,0,0.36510465,28.14737753945589
197.0,266.68956099999997,14.0,1,1,0,0,0,0,0,1,1,2,1,343.25,18.0,77.094,5,1,SPECIAL EQUIPMENT,UPPER APEX,LANG_09,Round-Trip,google,Direct,Referrals,Logged-In,AREA_C,AREA_B,AREA_C_TO_AREA_B,CA,BU,120_plus,very_high,9_14,Y,S,0,0.36510465,28.14737753945589
90.0,192.041154,14.496527777777779,1,1,0,0,0,0,0,0,0,2,1,355.1666666666667,10.0,77.094,5,1,SPECIAL EQUIPMENT,UPPER APEX,LANG_09,Round-Trip,apple,Direct,Direct,Logged-Out,AREA_C,AREA_B,AREA_C_TO_AREA_B,CA,BU,61_120,very_high,15_30,Y,V,0,0.36510465,28.14737753945589
71.0,183.475154,13.36111111111111,1,1,0,0,0,0,0,0,0,2,1,327.9166666666667,17.0,77.094,5,1,SPECIAL EQUIPMENT,UPPER APEX,LANG_09,Round-Trip,mozilla,Direct,Direct,Logged-Out,AREA_C,AREA_B,AREA_C_TO_AREA_B,CA,BU,61_120,very_high,9_14,Y,T,0,0.36510465,28.14737753945589
114.0,176.5701014,14.0,1,1,0,0,0,0,0,0,0,2,1,343.25,10.0,77.094,5,1,SPECIAL EQUIPMENT,UPPER APEX,LANG_09,Round-Trip,apple,Direct,Direct,Logged-Out,AREA_C,AREA_B,AREA_C_TO_AREA_B,CA,BU,61_120,very_high,9_14,Y,W,0,0.36510465,28.14737753945589
41.0,77.518017,12.180555555555555,1,1,0,0,0,0,0,1,0,2,1,295.25,15.0,50.2841332,5,1,SPECIAL EQUIPMENT,UPPER APEX,LANG_02,Round-Trip,apple,Direct,Direct,Logged-In,AREA_C,AREA_C,AREA_C_TO_AREA_C,CA,CE,31_60,high,9_14,Y,L,0,0.5593098,28.124407507636857
18.0,135.3376604,4.090277777777778,2,2,0,0,0,0,0,1,0,2,1,98.75,22.0,42.83,4,1,SPECIAL EQUIPMENT,UPPER APEX,LANG_09,Round-Trip,apple,Direct,Direct,Logged-In,AREA_C,AREA_B,AREA_C_TO_AREA_B,CA,BI,15_30,very_high,3_5,Y,S,0,0.65661526,28.122831468582152
11.0,46.0328274,7.322916666666667,1,1,0,0,0,0,0,0,0,2,1,176.75,10.0,44.9432322,6,1,SPECIAL EQUIPMENT,UPPER APEX,LANG_02,Round-Trip,google,Direct,Direct,Logged-Out,AREA_C,AREA_C,AREA_C_TO_AREA_C,CA,CE,8_14,mid,6_8,Y,V,0,0.62551224,28.11254195040457
167.0,79.680932,4.506944444444445,2,2,0,0,0,0,0,1,1,2,1,109.75,14.0,44.4892342,4,1,SPECIAL EQUIPMENT,UPPER APEX,LANG_09,Round-Trip,apple,Direct,Direct,Logged-In,AREA_C,AREA_D,AREA_C_TO_AREA_D,CA,DA,120_plus,high,3_5,Y,O,0,0.6318756,28.111660423139607
20.0,405.5268607,6.763888888888889,4,2,2,0,0,0,1,0,0,2,1,166.0,8.0,77.496602,4,1,SPECIAL EQUIPMENT,LOWER VERTEX,LANG_09,Round-Trip,apple,Direct,Direct,Logged-Out,AREA_D,AREA_C,AREA_D_TO_AREA_C,DA,CA,15_30,very_high,6_8,Y,O,0,0.36272034,28.109593864284456
80.0,346.17775800000004,10.4375,4,2,0,2,0,1,0,0,0,2,1,254.25,11.0,42.83,3,1,SPECIAL EQUIPMENT,UPPER APEX,LANG_09,Round-Trip,google,Paid Search,Paid Search,Logged-Out,AREA_C,AREA_C,AREA_C_TO_AREA_C,CA,CE,61_120,very_high,9_14,Y,V,0,0.6561856,28.10443040370941
58.0,231.6023684,7.236111111111111,2,2,0,0,0,0,0,1,1,2,1,194.25,15.0,38.547,2,1,SPECIAL EQUIPMENT,UPPER APEX,LANG_09,Round-Trip,google,Paid Search,Paid Search,Logged-In,AREA_C,AREA_D,AREA_C_TO_AREA_D,CA,DA,31_60,very_high,6_8,Y,L,0,0.72907037,28.103475376188754
39.0,71.8092063,6.4375,1,1,0,0,0,0,0,0,0,2,1,158.25,12.0,42.83,3,1,SPECIAL EQUIPMENT,UPPER APEX,LANG_09,Round-Trip,microsoft,Direct,Direct,Logged-Out,AREA_C,AREA_C,AREA_C_TO_AREA_C,CA,CE,31_60,high,6_8,Y,O,0,0.6561152,28.10141291499138
33.0,71.86531360000001,6.4375,1,1,0,0,0,0,0,0,0,2,1,158.66666666666666,22.0,42.83,3,1,SPECIAL EQUIPMENT,UPPER APEX,LANG_09,Round-Trip,apple,Paid Search,Affiliate,Logged-Out,AREA_C,AREA_C,AREA_C_TO_AREA_C,CA,CE,31_60,high,6_8,Y,O,0,0.6561152,28.10141291499138
6.0,33.5410296,4.954861111111111,1,1,0,0,0,0,0,1,0,2,1,120.58333333333333,22.0,59.962,4,1,SPECIAL EQUIPMENT,UPPER APEX,LANG_02,Round-Trip,microsoft,Direct,Direct,Logged-In,AREA_C,AREA_C,AREA_C_TO_AREA_C,CA,CU,4_7,low,3_5,Y,W,0,0.46851283,28.092966499447826
117.0,295.4464796,13.211805555555555,4,2,0,2,0,1,0,0,0,2,1,333.25,17.0,57.8205,2,1,SPECIAL EQUIPMENT,UPPER APEX,LANG_09,Round-Trip,samsung,Direct,Direct,Logged-Out,AREA_C,AREA_B,AREA_C_TO_AREA_B,CA,BO,61_120,very_high,9_14,Y,O,0,0.4855348,28.07386416202784
58.0,29.921038,7.9375,1,1,0,0,0,0,0,1,1,2,1,192.83333333333334,16.0,42.83,3,1,SPECIAL EQUIPMENT,UPPER APEX,LANG_09,Round-Trip,apple,Direct,Direct,Logged-In,AREA_C,AREA_C,AREA_C_TO_AREA_C,CA,CU,31_60,low,6_8,Y,L,0,0.65540016,28.07078872323036
50.0,156.796347,10.097222222222221,3,2,1,0,0,0,1,0,0,2,1,243.91666666666666,21.0,42.83,2,1,SPECIAL EQUIPMENT,UPPER APEX,LANG_09,Round-Trip,google,Paid Search,Paid Search,Logged-Out,AREA_C,AREA_C,AREA_C_TO_AREA_C,CA,CO,31_60,very_high,9_14,Y,V,0,0.6548748,28.048287754058837
0.0,69.1635972,10.15625,1,1,0,0,0,0,0,0,0,4,1,245.83333333333334,18.0,42.6963704,6,0,SPECIAL EQUIPMENT,LOWER VERTEX,LANG_02,Round-Trip,google,Organic Search,Paid Search,Logged-Out,AREA_C,AREA_C,AREA_C_TO_AREA_C,CE,CU,invalid_or_past,high,9_14,Y,Q,0,0.65685457,28.0453060158936
19.0,90.5456181,5.097222222222222,2,2,0,0,0,0,0,1,0,2,1,123.91666666666667,16.0,42.83,5,1,SPECIAL EQUIPMENT,UPPER APEX,LANG_09,Round-Trip,google,Direct,Organic Search,Logged-In,AREA_C,AREA_C,AREA_C_TO_AREA_C,CA,CO,15_30,high,6_8,Y,V,0,0.654719,28.04161455988884
5.0,53.88570790000001,6.34375,1,1,0,0,0,0,0,0,0,2,1,153.75,19.0,42.83,3,1,SPECIAL EQUIPMENT,UPPER APEX,LANG_09,Round-Trip,google,Internal,Internal,Logged-Out,AREA_C,AREA_B,AREA_C_TO_AREA_B,CA,BI,4_7,mid,6_8,Y,W,0,0.65455794,28.034716713428494
38.0,13.0725726,8.739583333333334,1,1,0,0,0,0,0,1,0,2,1,211.66666666666666,13.0,85.66,6,1,SPECIAL EQUIPMENT,UPPER APEX,LANG_09,Round-Trip,samsung,Direct,Direct,Logged-In,AREA_C,AREA_B,AREA_C_TO_AREA_B,CA,BE,31_60,very_low,9_14,Y,O,0,0.32724926,28.032171505093572
3.0,77.7809932,2.451388888888889,2,2,0,0,0,0,0,0,0,4,1,59.833333333333336,16.0,49.2545,6,0,SPECIAL EQUIPMENT,UPPER APEX,LANG_09,Round-Trip,google,Direct,Paid Search,Logged-Out,AREA_B,AREA_C,AREA_B_TO_AREA_C,BE,CU,0_3,high,3_5,Y,S,0,0.5691238,28.03190843215585
77.0,21.3833058,6.121527777777778,1,1,0,0,0,0,0,0,0,2,1,148.83333333333334,16.0,43.5512572,4,1,SPECIAL EQUIPMENT,UPPER APEX,LANG_09,Round-Trip,google,Direct,Direct,Logged-Out,AREA_C,AREA_B,AREA_C_TO_AREA_B,CA,BI,61_120,low,6_8,Y,U,0,0.6435717,28.02835553688438
25.0,50.92487,,1,1,0,0,0,0,0,1,1,2,1,62.666666666666664,15.0,42.83,6,1,SPECIAL EQUIPMENT,UPPER APEX,LANG_02,Multi-City,google,Direct,Organic Search,Logged-In,AREA_C,AREA_D,AREA_C_TO_AREA_D,CA,DA,15_30,mid,unknown_or_oneway,Y,S,0,0.6542878,28.02314712047577
22.0,43.6206418,3.3819444444444446,1,1,0,0,0,0,0,0,0,4,1,83.08333333333333,15.0,43.0283029,5,0,SPECIAL EQUIPMENT,SOUTH VERTEX,LANG_02,Round-Trip,google,Paid Search,Paid Search,Logged-Out,AREA_C,AREA_B,AREA_C_TO_AREA_B,CU,BI,15_30,mid,3_5,Y,V,0,0.65120786,28.02036923529622
23.0,29.2888672,7.520833333333333,1,1,0,0,0,0,0,0,0,2,1,182.58333333333334,7.0,42.83,6,1,SPECIAL EQUIPMENT,UPPER APEX,LANG_09,Round-Trip,apple,Direct,Direct,Logged-Out,AREA_C,AREA_C,AREA_C_TO_AREA_C,CA,CI,15_30,low,6_8,Y,O,0,0.65388495,28.00589229285717
132.0,26.187975200000004,4.385416666666667,2,1,1,0,0,0,1,0,0,2,1,107.25,12.0,85.66,6,1,SPECIAL EQUIPMENT,UPPER APEX,LANG_09,Round-Trip,google,Paid Search,Paid Search,Logged-Out,AREA_C,AREA_B,AREA_C_TO_AREA_B,CA,BE,120_plus,low,3_5,Y,O,0,0.326748,27.98923483610153
28.0,114.874343,5.225694444444445,5,2,3,0,0,0,1,0,0,2,1,130.5,23.0,42.83,3,1,SPECIAL EQUIPMENT,UPPER APEX,LANG_09,Round-Trip,google,Paid Search,Paid Search,Logged-Out,AREA_C,AREA_B,AREA_C_TO_AREA_B,CA,BO,15_30,very_high,6_8,Y,O,0,0.6534125,27.985658269524574
6.0,46.209287,4.385416666666667,1,1,0,0,0,0,0,0,0,2,1,107.25,17.0,85.66,3,1,SPECIAL EQUIPMENT,UPPER APEX,LANG_02,Round-Trip,google,MetaSearches,MetaSearches,Logged-Out,AREA_C,AREA_B,AREA_C_TO_AREA_B,CA,BE,4_7,mid,3_5,Y,Q,0,0.32668114,27.983506202697754
30.0,115.8397312,5.229166666666667,2,2,0,0,0,0,0,0,0,2,1,130.58333333333334,12.0,42.83,3,1,SPECIAL EQUIPMENT,UPPER APEX,LANG_09,Round-Trip,microsoft,Organic Search,Organic Search,Logged-Out,AREA_C,AREA_B,AREA_C_TO_AREA_B,CA,BO,15_30,very_high,6_8,Y,T,0,0.65297395,27.96687427461147
123.0,83.2992104,8.510416666666666,2,2,0,0,0,0,0,1,1,2,1,205.83333333333334,16.0,42.83,2,1,SPECIAL EQUIPMENT,UPPER APEX,LANG_02,Round-Trip,google,Email,Paid Search,Logged-In,AREA_C,AREA_D,AREA_C_TO_AREA_D,CA,DA,120_plus,high,9_14,Y,O,1,0.65273815,27.956775133013725
98.0,42.2380894,,1,1,0,0,0,0,0,0,0,2,1,-792.9166666666666,18.0,77.094,2,1,SPECIAL EQUIPMENT,GREAT MERIDIAN,LANG_03,Round-Trip,google,MetaSearches,MetaSearches,Logged-Out,AREA_C,AREA_B,AREA_C_TO_AREA_B,CA,BA,61_120,mid,unknown_or_oneway,Y,O,0,0.36260247,27.95447499990463
72.0,36.7982511,10.128472222222221,1,1,0,0,0,0,0,0,0,2,1,245.25,19.0,47.113,2,1,SPECIAL EQUIPMENT,SOUTH MERIDIAN,LANG_02,Round-Trip,apple,Direct,Direct,Logged-Out,AREA_C,AREA_B,AREA_C_TO_AREA_B,CA,BI,61_120,mid,9_14,Y,L,0,0.59323305,27.948988633573055
65.0,602.7911332,10.4375,4,2,2,0,0,0,1,0,0,2,1,254.25,21.0,42.83,2,1,SPECIAL EQUIPMENT,UPPER APEX,LANG_09,Round-Trip,microsoft,Paid Search,Paid Search,Logged-Out,AREA_C,AREA_C,AREA_C_TO_AREA_C,CA,CE,61_120,very_high,9_14,Y,Q,0,0.65242153,27.943214303851125
46.0,38.9444624,4.121527777777778,2,2,0,0,0,0,0,1,0,2,1,100.91666666666667,21.0,47.113,5,1,SPECIAL EQUIPMENT,UPPER APEX,LANG_09,Round-Trip,google,Internal,Internal,Logged-In,AREA_C,AREA_B,AREA_C_TO_AREA_B,CA,BI,31_60,mid,3_5,Y,O,0,0.593021,27.938997222959994
135.0,85.3190732,7.184027777777778,3,2,0,1,0,1,0,0,0,2,1,177.5,22.0,42.83,2,1,SPECIAL EQUIPMENT,UPPER APEX,LANG_09,Round-Trip,google,Display,Paid Search,Logged-Out,AREA_C,AREA_B,AREA_C_TO_AREA_B,CA,BO,120_plus,high,6_8,Y,O,0,0.6522117,27.934228212237358
131.0,90.2445232,6.225694444444445,4,2,0,2,0,1,0,0,0,2,1,154.5,14.0,42.83,3,1,SPECIAL EQUIPMENT,UPPER APEX,LANG_09,Round-Trip,apple,Direct,Direct,Logged-Out,AREA_C,AREA_B,AREA_C_TO_AREA_B,CA,BO,120_plus,high,6_8,Y,O,0,0.6522117,27.934228212237358
103.0,271.075353,13.64236111111111,2,2,0,0,0,0,0,0,0,2,1,333.3333333333333,23.0,82.87605,5,0,SPECIAL EQUIPMENT,UPPER APEX,LANG_09,Round-Trip,google,MetaSearches,Paid Search,Logged-Out,AREA_B,AREA_C,AREA_B_TO_AREA_C,BE,CA,61_120,very_high,9_14,Y,L,0,0.3369934,27.928681559953095
79.0,67.3304732,4.211805555555555,2,2,0,0,0,0,0,1,0,4,1,102.0,18.0,40.6885,4,0,SPECIAL EQUIPMENT,UPPER APEX,LANG_09,Round-Trip,microsoft,Direct,Direct,Logged-In,AREA_C,AREA_B,AREA_C_TO_AREA_B,CE,BU,61_120,high,3_5,Y,O,0,0.6862975,27.924414864093063
193.0,270.9237348,8.222222222222221,3,3,0,0,0,0,0,0,0,2,1,211.91666666666666,20.0,42.4017,2,1,SPECIAL EQUIPMENT,NORTH MERIDIAN,LANG_02,Round-Trip,apple,Direct,Direct,Logged-Out,AREA_C,AREA_B,AREA_C_TO_AREA_B,CA,BI,120_plus,very_high,9_14,Y,U,0,0.6585337,27.922948063337802
45.0,261.4668708,13.034722222222221,3,1,2,0,0,0,1,0,0,4,1,316.0833333333333,20.0,42.83,4,1,SPECIAL EQUIPMENT,UPPER APEX,LANG_09,Round-Trip,mozilla,Direct,Referrals,Logged-Out,AREA_C,AREA_C,AREA_C_TO_AREA_C,CA,CE,31_60,very_high,9_14,Y,W,0,0.6518924,27.920552504062652
12.0,177.8999729,7.475694444444445,3,3,0,0,0,0,0,0,0,2,1,182.33333333333334,23.0,50.2841332,3,1,SPECIAL EQUIPMENT,UPPER VERTEX,LANG_10,Round-Trip,apple,Direct,Organic Search,Logged-Out,AREA_C,AREA_C,AREA_C_TO_AREA_C,CA,CE,8_14,very_high,6_8,Y,L,0,0.5552474,27.920135529601527
129.0,36.332688999999995,13.895833333333334,1,1,0,0,0,0,0,0,0,2,1,335.4166666666667,12.0,85.66,6,1,SPECIAL EQUIPMENT,UPPER APEX,LANG_09,Round-Trip,google,Paid Search,Paid Search,Logged-Out,AREA_C,AREA_B,AREA_C_TO_AREA_B,CA,BE,120_plus,mid,9_14,Y,L,0,0.32593417,27.919521145820617
22.0,40.7805845,1.1944444444444444,1,1,0,0,0,0,0,0,0,5,1,30.166666666666668,16.0,45.935175,5,0,SPECIAL EQUIPMENT,LOWER ZENITH,LANG_02,Round-Trip,microsoft,Paid Search,Paid Search,Logged-Out,AREA_C,AREA_D,AREA_C_TO_AREA_D,CE,DA,15_30,mid,1_2,Y,W,0,0.6077853,27.91872340681404
47.0,147.9459558,6.28125,3,3,0,0,0,0,0,0,0,2,1,157.41666666666666,21.0,42.83,4,1,SPECIAL EQUIPMENT,UPPER APEX,LANG_09,Round-Trip,google,Direct,Paid Search,Logged-Out,AREA_C,AREA_B,AREA_C_TO_AREA_B,CA,BE,31_60,very_high,6_8,Y,O,0,0.6516566,27.910453362464903
26.0,115.7857654,9.10763888888889,2,2,0,0,0,0,0,0,0,3,1,222.75,13.0,42.83,3,1,SPECIAL EQUIPMENT,UPPER APEX,LANG_09,Round-Trip,google,Paid Search,Paid Search,Logged-Out,AREA_C,AREA_C,AREA_C_TO_AREA_C,CA,CE,15_30,very_high,9_14,Y,O,0,0.65142155,27.900384855270385
243.0,154.4629686,14.475694444444445,2,2,0,0,0,0,0,0,0,2,1,350.25,12.0,50.2841332,5,1,SPECIAL EQUIPMENT,UPPER APEX,LANG_09,Round-Trip,google,Direct,MetaSearches,Logged-Out,AREA_C,AREA_C,AREA_C_TO_AREA_C,CA,CE,120_plus,very_high,15_30,Y,L,0,0.5548272,27.899005495926094
179.0,144.2351646,12.427083333333334,2,2,0,0,0,0,0,1,0,2,1,302.0833333333333,23.0,50.2841332,2,1,SPECIAL EQUIPMENT,UPPER APEX,LANG_09,Round-Trip,apple,Direct,Direct,Logged-In,AREA_C,AREA_C,AREA_C_TO_AREA_C,CA,CE,120_plus,very_high,9_14,Y,L,0,0.5548272,27.899005495926094
4.0,39.784787,8.940972222222221,1,1,0,0,0,0,0,0,0,2,1,216.5,18.0,85.66,2,1,SPECIAL EQUIPMENT,GREAT APEX,LANG_10,Round-Trip,apple,MetaSearches,MetaSearches,Logged-Out,AREA_C,AREA_B,AREA_C_TO_AREA_B,CA,BE,4_7,mid,9_14,Y,W,0,0.3256613,27.896147096157073
136.0,165.4617126,10.21875,2,2,0,0,0,0,0,0,0,2,1,259.6666666666667,18.0,38.547,5,1,SPECIAL EQUIPMENT,UPPER APEX,LANG_09,Round-Trip,samsung,Direct,Affiliate,Logged-Out,AREA_C,AREA_B,AREA_C_TO_AREA_B,CA,BI,120_plus,very_high,9_14,Y,U,0,0.7232594,27.879479683220385
37.0,134.1144356,11.239583333333334,2,2,0,0,0,0,0,1,0,2,1,270.3333333333333,12.0,42.83,2,1,SPECIAL EQUIPMENT,UPPER APEX,LANG_09,Round-Trip,apple,Direct,Affiliate,Logged-In,AREA_C,AREA_B,AREA_C_TO_AREA_B,CA,BI,31_60,very_high,9_14,Y,T,0,0.65090084,27.878083009719848
132.0,31.9477536,3.8958333333333335,2,2,0,0,0,0,0,0,0,2,1,95.41666666666667,17.0,85.66,6,1,SPECIAL EQUIPMENT,UPPER APEX,LANG_09,Round-Trip,apple,Direct,Paid Search,Logged-Out,AREA_C,AREA_B,AREA_C_TO_AREA_B,CA,BE,120_plus,low,3_5,Y,O,0,0.32541272,27.87485363304615
138.0,101.7846384,7.503472222222222,2,2,0,0,0,0,0,0,0,2,1,182.25,9.0,36.4055,5,1,SPECIAL EQUIPMENT,UPPER APEX,LANG_09,Round-Trip,mozilla,Direct,Paid Search,Logged-Out,AREA_C,AREA_C,AREA_C_TO_AREA_C,CA,CI,120_plus,high,6_8,Y,L,0,0.7652057,27.857695431441073
63.0,870.018639,15.135416666666666,5,4,1,0,0,0,1,0,0,3,1,364.1666666666667,23.0,82.87605,3,0,SPECIAL EQUIPMENT,UPPER APEX,LANG_02,Round-Trip,apple,Direct,Paid MetaSearches,Logged-Out,AREA_B,AREA_C,AREA_B_TO_AREA_C,BE,CA,61_120,very_high,15_30,Y,W,0,0.3360727,27.85237897755057
61.0,277.3490914,14.0,1,1,0,0,0,0,0,1,0,2,1,343.25,15.0,77.094,5,1,SPECIAL EQUIPMENT,UPPER APEX,LANG_09,Round-Trip,google,Paid Search,Paid Search,Logged-In,AREA_C,AREA_B,AREA_C_TO_AREA_B,CA,BU,61_120,very_high,9_14,Y,S,0,0.36125585,27.850658836662767
61.0,277.3490914,14.0,1,1,0,0,0,0,0,1,0,2,1,343.25,15.0,77.094,5,1,SPECIAL EQUIPMENT,UPPER APEX,LANG_09,Round-Trip,google,Paid Search,Paid Search,Logged-In,AREA_C,AREA_B,AREA_C_TO_AREA_B,CA,BU,61_120,very_high,9_14,Y,S,0,0.36125585,27.850658836662767
20.0,54.6322348,,1,1,0,0,0,0,0,0,0,2,1,-89.83333333333333,19.0,42.83,5,1,SPECIAL EQUIPMENT,UPPER APEX,LANG_09,Round-Trip,apple,Direct,Direct,Logged-Out,AREA_C,AREA_B,AREA_C_TO_AREA_B,CA,BI,15_30,high,unknown_or_oneway,Y,U,0,0.6501159,27.844464305043218
266.0,523.4082980000001,6.302083333333333,5,5,0,0,0,0,0,1,0,2,1,167.5,13.0,41.438025,4,1,SPECIAL EQUIPMENT,UPPER APEX,LANG_09,Round-Trip,microsoft,Paid Search,Paid Search,Logged-In,AREA_C,AREA_B,AREA_C_TO_AREA_B,CA,BO,120_plus,very_high,6_8,Y,U,0,0.67183656,27.839579962174597
15.0,104.6743785,5.197916666666667,1,1,0,0,0,0,0,1,0,2,1,128.25,19.0,77.094,4,1,SPECIAL EQUIPMENT,GREAT MERIDIAN,LANG_03,Round-Trip,apple,Direct,Direct,Logged-In,AREA_C,AREA_B,AREA_C_TO_AREA_B,CA,BA,15_30,very_high,6_8,Y,H,0,0.36110446,27.83898712903261
146.0,193.009112,8.215277777777779,5,2,0,2,1,1,0,0,0,2,1,201.08333333333334,11.0,42.83,6,1,SPECIAL EQUIPMENT,UPPER APEX,LANG_09,Round-Trip,apple,Direct,Direct,Logged-Out,AREA_C,AREA_C,AREA_C_TO_AREA_C,CA,CI,120_plus,very_high,9_14,Y,W,0,0.6498968,27.835079966187475
140.0,29.205777,10.197916666666666,1,1,0,0,0,0,0,0,0,2,1,248.25,17.0,77.094,3,1,SPECIAL EQUIPMENT,UPPER APEX,LANG_09,Round-Trip,apple,Direct,Email,Logged-Out,AREA_C,AREA_B,AREA_C_TO_AREA_B,CA,BA,120_plus,low,9_14,Y,O,0,0.36097318,27.828866288065907
24.0,41.264135200000005,,1,1,0,0,0,0,0,1,1,1,0,2.25,14.0,85.66,3,1,SPECIAL EQUIPMENT,UPPER APEX,LANG_09,Round-Trip,google,Direct,Paid Search,Logged-In,AREA_C,AREA_B,AREA_C_TO_AREA_B,CA,BE,15_30,mid,unknown_or_oneway,Y,S,0,0.3248716,27.8285012280941
38.0,89.68130869999999,8.4375,1,1,0,0,0,0,0,0,0,2,1,206.25,22.0,42.83,2,1,SPECIAL EQUIPMENT,UPPER APEX,LANG_02,Round-Trip,apple,Direct,Direct,Logged-Out,AREA_C,AREA_C,AREA_C_TO_AREA_C,CA,CE,31_60,high,9_14,Y,L,0,0.6496823,27.825892198085782
43.0,82.434901,,1,1,0,0,0,0,0,0,0,2,1,-169.41666666666666,11.0,42.83,2,1,SPECIAL EQUIPMENT,UPPER APEX,LANG_09,Round-Trip,apple,Email,Paid Search,Logged-Out,AREA_C,AREA_C,AREA_C_TO_AREA_C,CA,CE,31_60,high,unknown_or_oneway,Y,L,0,0.6496823,27.825892198085782
2.0,36.7284382,3.8993055555555554,1,1,0,0,0,0,0,1,1,2,1,95.5,2.0,85.66,6,1,SPECIAL EQUIPMENT,UPPER APEX,LANG_09,Round-Trip,google,Direct,Direct,Logged-In,AREA_C,AREA_B,AREA_C_TO_AREA_B,CA,BE,0_3,mid,3_5,Y,S,0,0.3247808,27.82072264254093
14.0,75.3953622,4.489583333333333,2,2,0,0,0,0,0,0,0,2,1,108.33333333333333,19.0,42.83,5,1,SPECIAL EQUIPMENT,UPPER APEX,LANG_09,Round-Trip,apple,Organic Search,Organic Search,Logged-Out,AREA_C,AREA_B,AREA_C_TO_AREA_B,CA,BI,8_14,high,3_5,Y,U,0,0.6494464,27.815790503621102
24.0,27.3949246,5.517361111111111,1,1,0,0,0,0,0,0,0,2,1,134.5,9.0,42.83,3,1,SPECIAL EQUIPMENT,UPPER APEX,LANG_09,Round-Trip,google,Direct,Organic Search,Logged-Out,AREA_C,AREA_B,AREA_C_TO_AREA_B,CA,BI,15_30,low,6_8,Y,U,0,0.6494204,27.814674900770186
3.0,77.2893048,8.381944444444445,2,1,0,1,0,1,0,1,0,2,1,202.16666666666666,23.0,44.9432322,6,1,SPECIAL EQUIPMENT,UPPER APEX,LANG_02,Round-Trip,apple,Direct,Direct,Logged-In,AREA_C,AREA_C,AREA_C_TO_AREA_C,CA,CE,0_3,high,9_14,Y,V,0,0.61887205,27.814110086619255
13.0,28.52478,5.190972222222222,1,1,0,0,0,0,0,0,0,2,1,129.66666666666666,19.0,42.83,3,1,SPECIAL EQUIPMENT,UPPER APEX,LANG_09,Round-Trip,apple,Direct,Paid Search,Logged-Out,AREA_C,AREA_B,AREA_C_TO_AREA_B,CA,BI,8_14,low,6_8,Y,L,0,0.6493589,27.812042894959447
34.0,24.0284866,5.177083333333333,1,1,0,0,0,0,0,1,0,5,1,125.33333333333333,12.0,42.83,5,0,SPECIAL EQUIPMENT,UPPER APEX,LANG_09,Round-Trip,google,Email,Paid Search,Logged-In,AREA_C,AREA_D,AREA_C_TO_AREA_D,CE,DA,31_60,low,6_8,Y,W,0,0.64923847,27.80688355088234
17.0,68.6440693,4.239583333333333,1,1,0,0,0,0,0,1,0,4,1,104.75,12.0,40.6885,4,0,SPECIAL EQUIPMENT,UPPER APEX,LANG_09,Round-Trip,apple,Referrals,Referrals,Logged-In,AREA_C,AREA_B,AREA_C_TO_AREA_B,CE,BU,15_30,high,3_5,Y,V,0,0.6833753,27.80551585242152
8.0,52.2217624,6.128472222222222,1,1,0,0,0,0,0,1,0,2,1,149.25,21.0,42.83,4,1,SPECIAL EQUIPMENT,UPPER APEX,LANG_09,Round-Trip,apple,Direct,Direct,Logged-In,AREA_C,AREA_B,AREA_C_TO_AREA_B,CA,BI,8_14,mid,6_8,Y,W,0,0.64898586,27.796064500808715
169.0,209.86614339999997,14.256944444444445,2,2,0,0,0,0,0,1,1,2,1,358.4166666666667,20.0,57.8205,2,1,SPECIAL EQUIPMENT,UPPER APEX,LANG_09,Round-Trip,apple,Direct,Direct,Logged-In,AREA_C,AREA_B,AREA_C_TO_AREA_B,CA,BO,120_plus,very_high,15_30,Y,U,0,0.48070455,27.79457720053196
91.0,284.579652,13.319444444444445,2,2,0,0,0,0,0,0,0,2,1,335.8333333333333,11.0,57.8205,1,1,SPECIAL EQUIPMENT,UPPER APEX,LANG_09,Round-Trip,apple,Paid Search,Paid Search,Logged-Out,AREA_C,AREA_B,AREA_C_TO_AREA_B,CA,BO,61_120,very_high,9_14,Y,W,0,0.48070455,27.79457720053196
110.0,271.6372826,11.458333333333334,3,3,0,0,0,0,0,0,0,2,1,278.8333333333333,13.0,50.2841332,5,1,SPECIAL EQUIPMENT,LOWER VERTEX,LANG_02,Round-Trip,apple,Direct,Paid Search,Logged-Out,AREA_C,AREA_C,AREA_C_TO_AREA_C,CA,CE,61_120,very_high,9_14,Y,W,0,0.5526923,27.791652936183308
39.0,374.3530452,8.26736111111111,4,2,0,2,0,1,0,0,0,2,1,205.08333333333334,13.0,42.83,4,1,SPECIAL EQUIPMENT,UPPER APEX,LANG_09,Round-Trip,google,Paid Search,Paid Search,Logged-Out,AREA_C,AREA_B,AREA_C_TO_AREA_B,CA,BE,31_60,very_high,9_14,C,F,0,0.6488732,27.791239582300186
8.0,50.312401,5.100694444444445,1,1,0,0,0,0,0,0,0,4,1,123.66666666666667,16.0,42.83,4,1,SPECIAL EQUIPMENT,NORTH APEX,LANG_02,Round-Trip,google,Direct,Organic Search,Logged-Out,AREA_C,AREA_C,AREA_C_TO_AREA_C,CA,CE,8_14,mid,6_8,Y,U,0,0.6488549,27.790455852150917
48.0,428.12868,7.319444444444445,4,4,0,0,0,0,0,0,0,2,1,191.83333333333334,12.0,41.438025,2,1,SPECIAL EQUIPMENT,UPPER APEX,LANG_09,Round-Trip,apple,Paid Search,Paid Search,Logged-Out,AREA_C,AREA_B,AREA_C_TO_AREA_B,CA,BO,31_60,very_high,6_8,Y,W,0,0.6705555,27.786494428119067
23.0,319.7422254,7.993055555555555,3,3,0,0,0,0,0,1,0,2,1,212.41666666666666,14.0,40.6885,2,1,SPECIAL EQUIPMENT,UPPER APEX,LANG_09,Round-Trip,mozilla,Organic Search,Organic Search,Logged-In,AREA_C,AREA_D,AREA_C_TO_AREA_D,CA,DA,15_30,very_high,6_8,Y,O,0,0.6827286,27.779202176481483
25.0,537.5417697,13.34375,3,3,0,0,0,0,0,0,0,2,1,335.4166666666667,15.0,57.8205,1,1,SPECIAL EQUIPMENT,UPPER APEX,LANG_09,Round-Trip,apple,Direct,Direct,Logged-Out,AREA_C,AREA_B,AREA_C_TO_AREA_B,CA,BO,15_30,very_high,9_14,Y,K,0,0.4801691,27.763616732373833
110.0,26.3644348,7.118055555555555,1,1,0,0,0,0,0,0,0,2,1,172.75,9.0,42.83,3,1,SPECIAL EQUIPMENT,UPPER APEX,LANG_02,Round-Trip,samsung,Direct,Direct,Logged-Out,AREA_C,AREA_C,AREA_C_TO_AREA_C,CA,CE,61_120,low,6_8,Y,L,0,0.6480257,27.75494036734104
20.0,225.79976,11.322916666666666,2,2,0,0,0,0,0,0,0,2,1,272.75,22.0,42.83,1,1,SPECIAL EQUIPMENT,UPPER APEX,LANG_09,Round-Trip,mozilla,Paid Search,Paid Search,Logged-Out,AREA_C,AREA_C,AREA_C_TO_AREA_C,CA,CE,15_30,very_high,9_14,C,Z,0,0.6479689,27.75250748515129
26.0,490.78897,,1,1,0,0,0,0,0,0,0,2,1,-1102.0,12.0,77.496602,3,1,SPECIAL EQUIPMENT,LOWER VERTEX,LANG_02,Round-Trip,google,Direct,Direct,Logged-Out,AREA_D,AREA_C,AREA_D_TO_AREA_C,DA,CA,15_30,very_high,unknown_or_oneway,Y,O,0,0.35807413,27.749528232763648
43.0,72.2122366,12.180555555555555,1,1,0,0,0,0,0,0,0,2,1,295.25,12.0,50.2841332,2,1,SPECIAL EQUIPMENT,UPPER APEX,LANG_09,Round-Trip,google,Direct,Paid Search,Logged-Out,AREA_C,AREA_C,AREA_C_TO_AREA_C,CA,CE,31_60,high,9_14,Y,L,0,0.5517409,27.743812142207812
8.0,46.176307900000005,5.194444444444445,1,1,0,0,0,0,0,0,0,2,1,126.16666666666667,14.0,42.83,3,1,SPECIAL EQUIPMENT,UPPER APEX,LANG_02,Round-Trip,google,MetaSearches,MetaSearches,Logged-Out,AREA_C,AREA_B,AREA_C_TO_AREA_B,CA,BI,8_14,mid,6_8,Y,L,0,0.6471038,27.715455174446106
9.0,60.296074,11.197916666666666,1,1,0,0,0,0,0,1,1,2,1,272.25,12.0,77.094,2,1,SPECIAL EQUIPMENT,UPPER APEX,LANG_02,Round-Trip,apple,Direct,Email,Logged-In,AREA_C,AREA_B,AREA_C_TO_AREA_B,CA,BA,8_14,high,9_14,Y,Q,0,0.35929555,27.699530901074407
16.0,20.0847002,7.513888888888889,1,1,0,0,0,0,0,1,0,2,1,182.33333333333334,16.0,85.66,6,1,SPECIAL EQUIPMENT,WEST APEX,LANG_02,Round-Trip,mozilla,Direct,Direct,Logged-In,AREA_C,AREA_B,AREA_C_TO_AREA_B,CA,BE,15_30,very_low,6_8,Y,W,0,0.3233556,27.69863943994045
12.0,54.22791959999999,2.1944444444444446,1,1,0,0,0,0,0,0,0,5,1,54.166666666666664,,45.935175,5,0,SPECIAL EQUIPMENT,LOWER ZENITH,LANG_02,Round-Trip,google,MetaSearches,MetaSearches,Logged-Out,AREA_C,AREA_D,AREA_C_TO_AREA_D,CE,DA,8_14,high,3_5,Y,V,0,0.60287535,27.693184792980553
126.0,793.862616,16.0,4,2,2,0,0,0,1,0,0,2,1,391.25,19.0,77.094,5,1,SPECIAL EQUIPMENT,UPPER APEX,LANG_02,Round-Trip,google,Direct,Direct,Logged-Out,AREA_C,AREA_B,AREA_C_TO_AREA_B,CA,BU,120_plus,very_high,15_30,Y,V,0,0.359148,27.688155581295486
96.0,1499.272716,19.0,6,5,1,0,0,0,1,1,0,2,1,463.25,20.0,77.094,5,1,SPECIAL EQUIPMENT,UPPER APEX,LANG_02,Round-Trip,google,Direct,MetaSearches,Logged-In,AREA_C,AREA_B,AREA_C_TO_AREA_B,CA,BU,61_120,very_high,15_30,Y,T,0,0.359148,27.688155581295486
46.0,227.3741908,17.82638888888889,2,2,0,0,0,0,0,1,0,3,1,433.75,20.0,82.87605,5,0,SPECIAL EQUIPMENT,UPPER APEX,LANG_02,Round-Trip,apple,Direct,Organic Search,Logged-In,AREA_B,AREA_C,AREA_B_TO_AREA_C,BE,CA,31_60,very_high,15_30,Y,L,0,0.33407238,27.686599372757975
51.0,36.217048,,1,1,0,0,0,0,0,0,0,2,1,-169.16666666666666,12.0,42.83,6,1,SPECIAL EQUIPMENT,UPPER APEX,LANG_09,Round-Trip,mozilla,Direct,Direct,Logged-Out,AREA_C,AREA_B,AREA_C_TO_AREA_B,CA,BO,31_60,mid,unknown_or_oneway,Y,L,0,0.6463655,27.683835364580155
0.0,36.5806747,,1,1,0,0,0,0,0,0,0,2,1,5.0,15.0,63.8698092,3,0,SPECIAL EQUIPMENT,SOUTH VERTEX,LANG_02,One-Way,apple,MetaSearches,MetaSearches,Logged-Out,AREA_C,AREA_B,AREA_C_TO_AREA_B,CI,BA,invalid_or_past,mid,unknown_or_oneway,Y,E,0,0.4331615,27.665942173590945
4.0,188.9599638,4.34375,3,3,0,0,0,0,0,0,0,2,1,105.75,11.0,42.83,3,1,SPECIAL EQUIPMENT,UPPER APEX,LANG_09,Round-Trip,apple,Direct,Direct,Logged-Out,AREA_C,AREA_B,AREA_C_TO_AREA_B,CA,BI,4_7,very_high,3_5,Y,V,0,0.6458103,27.660055409073827
89.0,128.0514208,7.236111111111111,1,1,0,0,0,0,0,1,1,2,1,188.08333333333334,23.0,38.547,2,1,SPECIAL EQUIPMENT,UPPER VERTEX,LANG_11,Round-Trip,google,Organic Search,Organic Search,Logged-In,AREA_C,AREA_B,AREA_C_TO_AREA_B,CA,BI,61_120,very_high,6_8,Y,L,0,0.7175565,27.659649503231048
44.0,104.9150831,8.23611111111111,1,1,0,0,0,0,0,1,0,2,1,212.08333333333334,11.0,38.547,2,1,SPECIAL EQUIPMENT,UPPER APEX,LANG_09,Round-Trip,samsung,Direct,Direct,Logged-In,AREA_C,AREA_B,AREA_C_TO_AREA_B,CA,BI,31_60,very_high,9_14,Y,W,0,0.71683276,27.631752283930776
50.0,34.1329402,3.6840277777777777,1,1,0,0,0,0,0,1,0,2,1,90.0,17.0,44.4892342,6,1,SPECIAL EQUIPMENT,UPPER APEX,LANG_09,Round-Trip,apple,Direct,Direct,Logged-In,AREA_C,AREA_D,AREA_C_TO_AREA_D,CA,DA,31_60,low,3_5,Y,U,0,0.6210173,27.628583089410196
38.0,326.681542,,2,1,0,1,0,1,0,1,0,3,1,646.0,19.0,65.0253626,4,1,SPECIAL EQUIPMENT,LOWER VERTEX,LANG_02,Multi-City,apple,Direct,Direct,Logged-In,AREA_B,AREA_C,AREA_B_TO_AREA_C,BU,CA,31_60,very_high,unknown_or_oneway,Y,L,0,0.4248503,27.626045774207967
20.0,53.43470799999999,9.131944444444445,1,1,0,0,0,0,0,0,0,2,1,225.16666666666666,17.0,42.83,2,1,SPECIAL EQUIPMENT,UPPER APEX,LANG_09,Round-Trip,google,Paid Search,Paid Search,Logged-Out,AREA_C,AREA_B,AREA_C_TO_AREA_B,CA,BI,15_30,mid,9_14,Y,L,0,0.6447234,27.613503880500794
5.0,1307.5180947,5.440972222222222,9,9,0,0,0,0,0,0,0,2,1,134.33333333333334,15.0,42.83,2,1,SPECIAL EQUIPMENT,UPPER APEX,LANG_09,Round-Trip,google,Email,Email,Logged-Out,AREA_C,AREA_C,AREA_C_TO_AREA_C,CA,CE,4_7,very_high,6_8,Y,K,0,0.6446958,27.61232190310955
180.0,215.3483834,16.07986111111111,2,2,0,0,0,0,0,0,0,4,1,386.8333333333333,15.0,38.547,5,0,SPECIAL EQUIPMENT,UPPER APEX,LANG_09,Round-Trip,mozilla,Paid Search,Paid Search,Logged-Out,AREA_C,AREA_B,AREA_C_TO_AREA_B,CA,BI,120_plus,very_high,15_30,Y,L,0,0.7162643,27.609840261161324
62.0,81.6905156,3.7465277777777777,2,2,0,0,0,0,0,0,0,2,1,91.91666666666667,12.0,46.77036,6,1,SPECIAL EQUIPMENT,UPPER APEX,LANG_09,Round-Trip,google,Direct,Email,Logged-Out,AREA_C,AREA_C,AREA_C_TO_AREA_C,CA,CU,61_120,high,3_5,Y,O,0,0.58965397,27.578328396720885
45.0,18.3603644,5.159722222222222,1,1,0,0,0,0,0,0,0,2,1,125.75,10.0,85.66,4,1,SPECIAL EQUIPMENT,UPPER APEX,LANG_02,Round-Trip,google,Paid Search,Paid Search,Logged-Out,AREA_C,AREA_B,AREA_C_TO_AREA_B,CA,BE,31_60,very_low,6_8,Y,O,0,0.32191858,27.575545302033422
73.0,223.7473464,12.76736111111111,2,2,0,0,0,0,0,0,0,2,1,310.25,16.0,50.2841332,5,1,SPECIAL EQUIPMENT,UPPER APEX,LANG_09,Round-Trip,google,Direct,Email,Logged-Out,AREA_C,AREA_C,AREA_C_TO_AREA_C,CA,CE,61_120,very_high,9_14,Y,W,0,0.54827094,27.569329015902994
152.0,187.5080268,14.458333333333334,2,2,0,0,0,0,0,0,0,2,1,350.8333333333333,13.0,50.2841332,5,1,SPECIAL EQUIPMENT,UPPER APEX,LANG_09,Round-Trip,apple,Direct,Direct,Logged-Out,AREA_C,AREA_C,AREA_C_TO_AREA_C,CA,CE,120_plus,very_high,15_30,Y,V,0,0.54827094,27.569329015902994
106.0,176.6677538,14.434027777777779,2,2,0,0,0,0,0,0,0,2,1,350.25,22.0,50.2841332,5,1,SPECIAL EQUIPMENT,UPPER APEX,LANG_02,Round-Trip,google,Direct,MetaSearches,Logged-Out,AREA_C,AREA_C,AREA_C_TO_AREA_C,CA,CE,61_120,very_high,15_30,Y,W,0,0.54827094,27.569329015902994
68.0,78.2114347,8.4375,1,1,0,0,0,0,0,0,0,2,1,206.25,19.0,42.83,2,1,SPECIAL EQUIPMENT,UPPER APEX,LANG_09,Round-Trip,apple,MetaSearches,MetaSearches,Logged-Out,AREA_C,AREA_C,AREA_C_TO_AREA_C,CA,CE,61_120,high,9_14,P,J,0,0.6436639,27.568124117851255
175.0,369.9929512,13.39236111111111,2,2,0,0,0,0,0,0,0,2,1,328.6666666666667,23.0,68.8500816,1,1,SPECIAL EQUIPMENT,UPPER APEX,LANG_09,Round-Trip,google,Paid Search,Paid Search,Logged-Out,AREA_C,AREA_B,AREA_C_TO_AREA_B,CA,BU,120_plus,very_high,9_14,Y,S,0,0.4003979,27.567427864853094
214.0,334.35839119999997,14.0,2,2,0,0,0,0,0,0,0,2,1,343.25,20.0,68.8500816,1,1,SPECIAL EQUIPMENT,UPPER APEX,LANG_09,Round-Trip,google,Direct,Direct,Logged-Out,AREA_C,AREA_B,AREA_C_TO_AREA_B,CA,BU,120_plus,very_high,9_14,Y,W,0,0.4003979,27.567427864853094
49.0,60.857147000000005,6.225694444444445,2,2,0,0,0,0,0,0,0,2,1,154.5,16.0,42.83,3,1,SPECIAL EQUIPMENT,UPPER APEX,LANG_09,Round-Trip,google,Direct,Paid Search,Logged-Out,AREA_C,AREA_B,AREA_C_TO_AREA_B,CA,BO,31_60,high,6_8,Y,U,0,0.6434524,27.559066545963287
153.0,50.84520619999999,8.322916666666666,2,2,0,0,0,0,0,0,0,2,1,200.75,12.0,42.83,2,1,SPECIAL EQUIPMENT,UPPER APEX,LANG_09,Round-Trip,google,Organic Search,Organic Search,Logged-Out,AREA_C,AREA_C,AREA_C_TO_AREA_C,CA,CE,120_plus,mid,9_14,Y,O,1,0.64330685,27.552832444906233
13.0,61.9724402,,1,1,0,0,0,0,0,0,0,2,1,-52.5,13.0,42.83,4,1,SPECIAL EQUIPMENT,UPPER APEX,LANG_09,Round-Trip,microsoft,MetaSearches,MetaSearches,Logged-Out,AREA_C,AREA_B,AREA_C_TO_AREA_B,CA,BI,8_14,high,unknown_or_oneway,Y,L,0,0.6425792,27.521667045354842
51.0,375.8152614,9.684027777777779,3,3,0,0,0,0,0,1,0,4,1,234.08333333333334,19.0,34.4378898,1,0,SPECIAL EQUIPMENT,CENTRAL HORIZON,LANG_02,Round-Trip,google,Paid Search,Organic Search,Logged-In,AREA_D,AREA_B,AREA_D_TO_AREA_B,DA,BU,31_60,very_high,9_14,Y,W,0,0.7988333,27.510133519153012
22.0,531.9875753,9.4375,3,2,0,1,0,1,0,0,0,2,1,230.25,19.0,42.83,2,1,SPECIAL EQUIPMENT,UPPER APEX,LANG_09,Round-Trip,apple,Direct,Direct,Logged-Out,AREA_C,AREA_C,AREA_C_TO_AREA_C,CA,CE,15_30,very_high,9_14,Y,H,0,0.6422361,27.50697274327278
13.0,97.2103944,9.940972222222221,1,1,0,0,0,0,0,1,0,2,1,239.16666666666666,21.0,42.83,2,1,SPECIAL EQUIPMENT,UPPER APEX,LANG_02,Round-Trip,apple,Direct,Direct,Logged-In,AREA_C,AREA_B,AREA_C_TO_AREA_B,CA,BI,8_14,high,9_14,Y,Q,0,0.64217645,27.504417323470115
172.0,173.534311,,2,2,0,0,0,0,0,0,0,2,1,33.0,21.0,38.1289792,3,0,SPECIAL EQUIPMENT,SOUTH ZENITH,LANG_07,One-Way,microsoft,MetaSearches,MetaSearches,Logged-Out,AREA_B,AREA_B,AREA_B_TO_AREA_B,BI,BU,120_plus,very_high,unknown_or_oneway,Y,S,0,0.721334,27.50372834103699
42.0,191.2967686,13.118055555555555,2,2,0,0,0,0,0,0,0,2,1,318.6666666666667,22.0,50.2841332,5,1,SPECIAL EQUIPMENT,UPPER APEX,LANG_09,Round-Trip,google,Email,Paid Search,Logged-Out,AREA_C,AREA_C,AREA_C_TO_AREA_C,CA,CE,31_60,very_high,9_14,Y,W,0,0.5468328,27.497013348878763
80.0,116.35240629999998,7.4375,2,2,0,0,0,0,0,1,1,2,1,182.25,17.0,42.83,2,1,SPECIAL EQUIPMENT,UPPER MERIDIAN,LANG_01,Round-Trip,microsoft,Paid MetaSearches,Paid MetaSearches,Logged-In,AREA_C,AREA_C,AREA_C_TO_AREA_C,CA,CE,61_120,very_high,6_8,Y,O,0,0.6414588,27.473680805563927
58.0,64.8292012,4.190972222222222,2,2,0,0,0,0,0,0,0,2,1,105.66666666666667,11.0,42.83,3,1,SPECIAL EQUIPMENT,UPPER APEX,LANG_09,Round-Trip,mozilla,Direct,MetaSearches,Logged-Out,AREA_C,AREA_B,AREA_C_TO_AREA_B,CA,BI,31_60,high,3_5,Y,W,0,0.6412804,27.466040074825287
50.0,117.1246312,5.177083333333333,4,4,0,0,0,0,0,0,0,2,1,129.33333333333334,17.0,42.83,3,1,SPECIAL EQUIPMENT,UPPER APEX,LANG_09,Round-Trip,google,Paid Search,Paid Search,Logged-Out,AREA_C,AREA_B,AREA_C_TO_AREA_B,CA,BO,31_60,very_high,6_8,Y,O,0,0.6412283,27.463808869123458
73.0,225.3406224,10.4375,3,3,0,0,0,0,0,0,0,2,1,254.25,19.0,42.83,2,1,SPECIAL EQUIPMENT,UPPER APEX,LANG_09,Round-Trip,google,Paid Search,Paid Search,Logged-Out,AREA_C,AREA_C,AREA_C_TO_AREA_C,CA,CE,61_120,very_high,9_14,Y,O,0,0.6411946,27.462363946437833
77.0,261.031718,10.746527777777779,4,2,0,2,0,1,0,0,0,3,1,262.9166666666667,22.0,42.83,3,1,SPECIAL EQUIPMENT,UPPER APEX,LANG_09,Round-Trip,google,Direct,Direct,Logged-Out,AREA_C,AREA_C,AREA_C_TO_AREA_C,CA,CE,61_120,very_high,9_14,Y,O,0,0.6411946,27.462363946437833
14.0,283.9213549,15.270833333333334,1,1,0,0,0,0,0,0,0,4,1,369.25,13.0,37.9156858,3,0,SPECIAL EQUIPMENT,NEW MERIDIAN,LANG_02,Round-Trip,google,Organic Search,Organic Search,Logged-Out,AREA_C,AREA_D,AREA_C_TO_AREA_D,CI,DA,8_14,very_high,15_30,Y,Y,0,0.72423023,27.459685842028176
80.0,209.4455528,11.4375,2,2,0,0,0,0,0,1,0,2,1,278.25,19.0,42.83,2,1,SPECIAL EQUIPMENT,UPPER APEX,LANG_09,Round-Trip,apple,Direct,MetaSearches,Logged-In,AREA_C,AREA_C,AREA_C_TO_AREA_C,CA,CE,61_120,very_high,9_14,Y,W,0,0.6407491,27.44328381896019
134.0,195.7656508,11.4375,2,2,0,0,0,0,0,0,0,2,1,278.25,15.0,42.83,2,1,SPECIAL EQUIPMENT,UPPER APEX,LANG_09,Round-Trip,microsoft,Direct,Email,Logged-Out,AREA_C,AREA_C,AREA_C_TO_AREA_C,CA,CE,120_plus,very_high,9_14,Y,U,0,0.6407491,27.44328381896019
136.0,175.95549089999997,11.4375,2,2,0,0,0,0,0,0,0,2,1,278.25,14.0,42.83,2,1,SPECIAL EQUIPMENT,UPPER APEX,LANG_09,Round-Trip,microsoft,Paid Search,Paid Search,Logged-Out,AREA_C,AREA_C,AREA_C_TO_AREA_C,CA,CE,120_plus,very_high,9_14,Y,U,0,0.6407491,27.44328381896019
7.0,156.7415246,8.23611111111111,1,1,0,0,0,0,0,0,0,2,1,212.08333333333334,20.0,42.4017,2,1,SPECIAL EQUIPMENT,UPPER APEX,LANG_02,Round-Trip,google,Direct,MetaSearches,Logged-Out,AREA_C,AREA_B,AREA_C_TO_AREA_B,CA,BI,4_7,very_high,9_14,Y,S,0,0.64716095,27.440724340099095
139.0,38.654075,4.510416666666667,3,3,0,0,0,0,0,1,1,2,1,109.83333333333333,18.0,43.669468,5,1,SPECIAL EQUIPMENT,UPPER APEX,LANG_09,Round-Trip,google,Email,Paid Search,Logged-In,AREA_C,AREA_D,AREA_C_TO_AREA_D,CA,DA,120_plus,mid,3_5,Y,O,0,0.6283542,27.439893270606518
166.0,283.44894,12.17361111111111,3,2,1,0,0,0,1,1,1,2,1,295.1666666666667,11.0,47.113,4,1,SPECIAL EQUIPMENT,UPPER APEX,LANG_09,Round-Trip,apple,Direct,Direct,Logged-In,AREA_C,AREA_B,AREA_C_TO_AREA_B,CA,BO,120_plus,very_high,9_14,C,F,0,0.5822816,27.433032526493072
12.0,111.18668,,2,2,0,0,0,0,0,0,0,3,1,35.583333333333336,11.0,42.83,3,1,SPECIAL EQUIPMENT,UPPER APEX,LANG_09,Multi-City,google,Paid Search,Organic Search,Logged-Out,AREA_C,AREA_D,AREA_C_TO_AREA_D,CA,DA,8_14,very_high,unknown_or_oneway,Y,K,0,0.6404573,27.430784982442855
12.0,72.46707509999999,,1,1,0,0,0,0,0,0,0,2,1,-168.75,13.0,47.113,6,1,SPECIAL EQUIPMENT,LOWER VERTEX,LANG_02,Round-Trip,google,Paid Search,Paid Search,Logged-Out,AREA_C,AREA_B,AREA_C_TO_AREA_B,CA,BI,8_14,high,unknown_or_oneway,Y,V,0,0.5820546,27.422339077472685
69.0,128.2004692,5.125,2,2,0,0,0,0,0,1,0,4,1,142.33333333333334,11.0,30.9121242,5,0,SPECIAL EQUIPMENT,EAST ZENITH,LANG_08,Round-Trip,microsoft,Organic Search,Organic Search,Logged-In,AREA_C,AREA_D,AREA_C_TO_AREA_D,CA,DA,61_120,very_high,6_8,Y,L,0,0.8869498,27.417501684430935
21.0,424.8059286,18.677083333333332,3,2,0,0,1,1,0,0,0,4,1,451.25,10.0,38.0253306,4,0,SPECIAL EQUIPMENT,EAST APEX,LANG_02,Round-Trip,google,Paid Search,Paid Search,Logged-Out,AREA_B,AREA_B,AREA_B_TO_AREA_B,BO,BU,15_30,very_high,15_30,Y,Y,0,0.720649,27.402916622996948
4.0,34.6618907,6.59375,1,1,0,0,0,0,0,0,0,2,1,160.25,19.0,85.66,4,1,SPECIAL EQUIPMENT,UPPER VERTEX,LANG_02,Round-Trip,google,Paid Search,Paid Search,Logged-Out,AREA_C,AREA_B,AREA_C_TO_AREA_B,CA,BE,4_7,mid,6_8,Y,W,0,0.31964952,27.38117767214775
24.0,55.28796210000001,7.190972222222222,1,1,0,0,0,0,0,0,0,4,1,173.58333333333334,13.0,40.6885,4,0,SPECIAL EQUIPMENT,LOWER VERTEX,LANG_02,Round-Trip,apple,Direct,MetaSearches,Logged-Out,AREA_C,AREA_B,AREA_C_TO_AREA_B,CE,BU,15_30,high,6_8,Y,L,0,0.6728676,27.377973185926674
54.0,68.9254624,10.51736111111111,2,2,0,0,0,0,0,1,1,2,1,254.58333333333334,13.0,42.83,3,1,SPECIAL EQUIPMENT,UPPER APEX,LANG_02,Round-Trip,google,Direct,Paid Search,Logged-In,AREA_C,AREA_B,AREA_C_TO_AREA_B,CA,BI,31_60,high,9_14,Y,W,1,0.6388573,27.362258375287055
66.0,205.5086192,13.190972222222221,2,2,0,0,0,0,0,1,0,2,1,320.4166666666667,21.0,50.2841332,5,1,SPECIAL EQUIPMENT,UPPER APEX,LANG_09,Round-Trip,microsoft,Organic Search,Organic Search,Logged-In,AREA_C,AREA_C,AREA_C_TO_AREA_C,CA,CE,61_120,very_high,9_14,Y,W,0,0.5441462,27.361919003079272
64.0,218.514377,7.170138888888889,2,2,0,0,0,0,0,0,0,2,1,175.08333333333334,15.0,47.113,1,1,SPECIAL EQUIPMENT,LOWER VERTEX,LANG_02,Round-Trip,microsoft,Direct,Direct,Logged-Out,AREA_C,AREA_B,AREA_C_TO_AREA_B,CA,BO,61_120,very_high,6_8,C,Z,0,0.5807282,27.35984642660618
59.0,23.9758057,6.378472222222222,1,1,0,0,0,0,0,0,0,4,1,155.83333333333334,16.0,87.7603832,4,0,SPECIAL EQUIPMENT,NEW MERIDIAN,LANG_02,Round-Trip,google,Direct,Direct,Logged-Out,AREA_C,AREA_B,AREA_C_TO_AREA_B,CI,BA,31_60,low,6_8,Y,L,0,0.31174883,27.359196999212386
23.0,192.5109991,7.4375,1,1,0,0,0,0,0,0,0,2,1,182.25,9.0,42.83,2,1,SPECIAL EQUIPMENT,UPPER APEX,LANG_02,Round-Trip,google,Paid Search,Email,Logged-Out,AREA_C,AREA_C,AREA_C_TO_AREA_C,CA,CE,15_30,very_high,6_8,Y,H,0,0.63847464,27.345868969559668
5.0,91.253598,4.760416666666667,2,2,0,0,0,0,0,1,0,2,1,116.16666666666667,13.0,42.83,6,1,SPECIAL EQUIPMENT,UPPER APEX,LANG_02,Round-Trip,apple,Direct,Direct,Logged-In,AREA_C,AREA_C,AREA_C_TO_AREA_C,CA,CE,4_7,high,3_5,Y,S,0,0.6382655,27.336910959482193
16.0,23.714114400000003,5.795138888888889,1,1,0,0,0,0,0,0,0,4,1,141.16666666666666,14.0,45.935175,5,0,SPECIAL EQUIPMENT,LOWER ZENITH,LANG_02,Round-Trip,google,Direct,Direct,Logged-Out,AREA_C,AREA_D,AREA_C_TO_AREA_D,CE,DA,15_30,low,6_8,Y,L,0,0.5951128,27.336610640215874
53.0,195.3793242,7.236111111111111,2,2,0,0,0,0,0,1,0,2,1,188.08333333333334,15.0,38.547,2,1,SPECIAL EQUIPMENT,NORTH MERIDIAN,LANG_02,Round-Trip,google,Direct,Organic Search,Logged-In,AREA_C,AREA_B,AREA_C_TO_AREA_B,CA,BI,31_60,very_high,6_8,Y,L,0,0.7091119,27.334137524843214
20.0,368.2806078,9.4375,5,3,0,2,0,1,0,0,0,2,1,230.25,22.0,42.83,2,1,SPECIAL EQUIPMENT,UPPER APEX,LANG_09,Round-Trip,google,Paid Search,Organic Search,Logged-Out,AREA_C,AREA_C,AREA_C_TO_AREA_C,CA,CE,15_30,very_high,9_14,Y,O,0,0.6377194,27.313521592617032
120.0,141.1132859,7.072916666666667,2,2,0,0,0,0,0,0,0,4,1,172.08333333333334,19.0,34.5055612,5,0,SPECIAL EQUIPMENT,OLD ZENITH,LANG_02,Round-Trip,google,Direct,Paid Search,Logged-Out,AREA_B,AREA_B,AREA_B_TO_AREA_B,BU,BU,61_120,very_high,6_8,Y,S,0,0.7915304,27.312199648271278
270.0,183.171061,13.010416666666666,1,1,0,0,0,0,0,0,0,2,1,318.9166666666667,21.0,77.094,5,1,SPECIAL EQUIPMENT,UPPER APEX,LANG_09,Round-Trip,apple,MetaSearches,MetaSearches,Logged-Out,AREA_C,AREA_B,AREA_C_TO_AREA_B,CA,BU,120_plus,very_high,9_14,Y,L,0,0.35401937,27.292769592583177
26.0,67.6786811,4.243055555555555,1,1,0,0,0,0,0,0,0,2,1,102.41666666666667,21.0,42.83,4,1,SPECIAL EQUIPMENT,UPPER APEX,LANG_09,Round-Trip,apple,Paid Search,Paid Search,Logged-Out,AREA_C,AREA_B,AREA_C_TO_AREA_B,CA,BI,15_30,high,3_5,Y,S,0,0.6371555,27.28936891853809
43.0,51.4833732,3.263888888888889,2,2,0,0,0,0,0,0,0,4,1,80.25,13.0,43.2617264,5,0,SPECIAL EQUIPMENT,SOUTH VERTEX,LANG_02,Round-Trip,microsoft,Direct,Direct,Logged-Out,AREA_C,AREA_B,AREA_C_TO_AREA_B,CU,BO,31_60,mid,3_5,Y,U,0,0.6307118,27.28568106493492
89.0,366.6744828,12.88888888888889,2,2,0,0,0,0,0,0,0,2,1,316.5833333333333,19.0,77.094,5,1,SPECIAL EQUIPMENT,SOUTH MERIDIAN,LANG_02,Round-Trip,other,MetaSearches,MetaSearches,Logged-Out,AREA_C,AREA_B,AREA_C_TO_AREA_B,CA,BU,61_120,very_high,9_14,Y,V,0,0.353623,27.262211775362488
78.0,17.5842848,4.15625,2,2,0,0,0,0,0,0,0,2,1,101.66666666666667,14.0,85.66,6,1,SPECIAL EQUIPMENT,UPPER APEX,LANG_09,Round-Trip,google,Paid Search,Paid Search,Logged-Out,AREA_C,AREA_B,AREA_C_TO_AREA_B,CA,BE,61_120,very_low,3_5,Y,O,0,0.31825015,27.26130780518055
15.0,66.82936219999999,6.944444444444445,2,2,0,0,0,0,0,0,0,2,1,167.25,21.0,42.83,4,1,SPECIAL EQUIPMENT,UPPER APEX,LANG_09,Round-Trip,google,Paid Search,Paid Search,Logged-Out,AREA_C,AREA_B,AREA_C_TO_AREA_B,CA,BI,15_30,high,6_8,Y,O,0,0.636478,27.260353032946586
21.0,286.798246,8.239583333333334,5,2,0,3,0,1,0,0,0,2,1,204.41666666666666,12.0,42.83,6,1,SPECIAL EQUIPMENT,UPPER APEX,LANG_09,Round-Trip,google,Paid Search,Paid Search,Logged-Out,AREA_C,AREA_B,AREA_C_TO_AREA_B,CA,BE,15_30,very_high,9_14,Y,U,0,0.6362128,27.248995327949523
3.0,449.2661416,7.267361111111111,4,2,0,2,0,1,0,0,0,2,1,181.08333333333334,22.0,42.83,6,1,SPECIAL EQUIPMENT,UPPER APEX,LANG_09,Round-Trip,microsoft,MetaSearches,MetaSearches,Logged-Out,AREA_C,AREA_B,AREA_C_TO_AREA_B,CA,BE,0_3,very_high,6_8,Y,H,0,0.63617796,27.24750190079212
58.0,81.9714804,14.197916666666666,2,1,0,1,0,1,0,1,0,2,1,344.25,11.0,77.094,2,1,SPECIAL EQUIPMENT,UPPER APEX,LANG_09,Round-Trip,google,Paid Search,Paid Search,Logged-In,AREA_C,AREA_B,AREA_C_TO_AREA_B,CA,BA,31_60,high,15_30,Y,L,0,0.35342348,27.24682947564125
10.0,225.6215872,11.322916666666666,2,2,0,0,0,0,0,1,0,2,1,272.75,1.0,42.83,3,1,SPECIAL EQUIPMENT,UPPER APEX,LANG_02,Round-Trip,apple,Direct,Direct,Logged-In,AREA_C,AREA_C,AREA_C_TO_AREA_C,CA,CE,8_14,very_high,9_14,C,Z,0,0.6361059,27.244415484666824
13.0,29.293150200000003,5.121527777777778,1,1,0,0,0,0,0,0,0,2,1,124.91666666666667,20.0,42.83,4,1,SPECIAL EQUIPMENT,UPPER APEX,LANG_09,Round-Trip,mozilla,Paid Search,Paid Search,Logged-Out,AREA_C,AREA_B,AREA_C_TO_AREA_B,CA,BI,8_14,low,6_8,Y,L,0,0.63607395,27.243047147989273
20.0,68.2637389,5.517361111111111,1,1,0,0,0,0,0,0,0,2,1,134.58333333333334,11.0,42.83,3,1,SPECIAL EQUIPMENT,SOUTH MERIDIAN,LANG_02,Round-Trip,google,Direct,Direct,Logged-Out,AREA_C,AREA_B,AREA_C_TO_AREA_B,CA,BI,15_30,high,6_8,Y,W,0,0.6360617,27.242523810267446
69.0,132.3905281,,2,2,0,0,0,0,0,1,1,4,1,-164.0,20.0,41.5502396,4,0,SPECIAL EQUIPMENT,LOWER VERTEX,LANG_02,Round-Trip,apple,Paid Search,Paid Search,Logged-In,AREA_B,AREA_B,AREA_B_TO_AREA_B,BU,BE,61_120,very_high,unknown_or_oneway,Y,O,0,0.65552324,27.237147708896277
107.0,327.610953,7.319444444444445,3,3,0,0,0,0,0,0,0,2,1,191.83333333333334,12.0,41.438025,1,1,SPECIAL EQUIPMENT,UPPER APEX,LANG_09,Round-Trip,google,Paid Search,Paid Search,Logged-Out,AREA_C,AREA_B,AREA_C_TO_AREA_B,CA,BO,61_120,very_high,6_8,Y,O,0,0.6571714,27.23188607118577
68.0,233.51387130000003,7.319444444444445,3,3,0,0,0,0,0,1,0,2,1,191.83333333333334,21.0,41.438025,2,1,SPECIAL EQUIPMENT,UPPER APEX,LANG_09,Round-Trip,google,Direct,Direct,Logged-In,AREA_C,AREA_B,AREA_C_TO_AREA_B,CA,BO,61_120,very_high,6_8,Y,O,0,0.6571714,27.23188607118577
126.0,106.6068681,7.229166666666667,1,1,0,0,0,0,0,1,0,2,1,194.08333333333334,21.0,40.6885,2,1,SPECIAL EQUIPMENT,UPPER APEX,LANG_09,Round-Trip,google,Affiliate,Affiliate,Logged-In,AREA_C,AREA_D,AREA_C_TO_AREA_D,CA,DA,120_plus,very_high,6_8,Y,O,0,0.6691687,27.22747108566761
13.0,231.2742906,11.010416666666666,1,1,0,0,0,0,0,1,0,2,1,270.9166666666667,20.0,68.8500816,2,1,SPECIAL EQUIPMENT,UPPER APEX,LANG_09,Round-Trip,microsoft,Paid Search,Referrals,Logged-In,AREA_C,AREA_B,AREA_C_TO_AREA_B,CA,BU,8_14,very_high,9_14,Y,Q,0,0.39543217,27.225537461333367
123.0,234.541363,13.64236111111111,2,1,0,1,0,1,0,0,0,2,1,333.3333333333333,15.0,82.87605,5,0,SPECIAL EQUIPMENT,UPPER APEX,LANG_09,Round-Trip,apple,Direct,Paid Search,Logged-Out,AREA_B,AREA_C,AREA_B_TO_AREA_C,BE,CA,120_plus,very_high,9_14,Y,L,0,0.32850045,27.224819690832497
74.0,62.719823700000006,,1,1,0,0,0,0,0,0,0,3,1,-467.0833333333333,18.0,77.496602,4,1,SPECIAL EQUIPMENT,LOWER VERTEX,LANG_02,Round-Trip,microsoft,Paid Search,Organic Search,Logged-Out,AREA_D,AREA_C,AREA_D_TO_AREA_C,DA,CA,61_120,high,unknown_or_oneway,Y,O,0,0.35124576,27.22035293802333
112.0,61.6841943,9.958333333333334,4,2,1,1,0,1,1,0,0,2,1,240.66666666666666,11.0,42.83,3,1,SPECIAL EQUIPMENT,UPPER APEX,LANG_02,Round-Trip,google,Direct,Email,Logged-Out,AREA_C,AREA_C,AREA_C_TO_AREA_C,CA,CO,61_120,high,9_14,Y,O,0,0.63548917,27.218000970482827
23.0,41.5553792,4.791666666666667,1,1,0,0,0,0,0,0,0,2,1,115.58333333333333,11.0,42.83,4,1,SPECIAL EQUIPMENT,UPPER APEX,LANG_09,Round-Trip,apple,Paid Search,Paid Search,Logged-Out,AREA_C,AREA_B,AREA_C_TO_AREA_B,CA,BI,15_30,mid,3_5,Y,L,0,0.63542193,27.215121336579323
31.0,120.2426552,5.163194444444445,2,2,0,0,0,0,0,0,0,2,1,129.0,21.0,42.83,4,1,SPECIAL EQUIPMENT,UPPER APEX,LANG_09,Round-Trip,apple,Direct,Direct,Logged-Out,AREA_C,AREA_B,AREA_C_TO_AREA_B,CA,BO,31_60,very_high,6_8,Y,O,0,0.6351691,27.204292075037955
129.0,86.08316040000001,8.17013888888889,2,2,0,0,0,0,0,0,0,2,1,199.08333333333334,7.0,44.9715,2,1,SPECIAL EQUIPMENT,UPPER APEX,LANG_09,Round-Trip,google,Email,Email,Logged-Out,AREA_C,AREA_B,AREA_C_TO_AREA_B,CA,BO,120_plus,high,9_14,Y,V,0,0.60491306,27.203847493261097
18.0,302.5357012,4.170138888888889,2,2,0,0,0,0,0,0,0,2,1,103.08333333333333,13.0,47.113,3,1,SPECIAL EQUIPMENT,UPPER APEX,LANG_09,Round-Trip,apple,Direct,Direct,Logged-Out,AREA_C,AREA_B,AREA_C_TO_AREA_B,CA,BO,15_30,very_high,3_5,C,D,0,0.57718706,27.193014019489286
167.0,310.5123604,13.847222222222221,2,2,0,0,0,0,0,0,0,2,1,338.25,9.0,81.377,1,1,SPECIAL EQUIPMENT,UPPER APEX,LANG_09,Round-Trip,google,Direct,Direct,Logged-Out,AREA_C,AREA_C,AREA_C_TO_AREA_C,CA,CA,120_plus,very_high,9_14,Y,W,0,0.3341416,27.191441964030265
5.0,94.2071548,7.322916666666667,2,2,0,0,0,0,0,0,0,2,1,176.66666666666666,16.0,44.9432322,4,1,SPECIAL EQUIPMENT,UPPER APEX,LANG_09,Round-Trip,google,Paid Search,Paid Search,Logged-Out,AREA_C,AREA_C,AREA_C_TO_AREA_C,CA,CE,4_7,high,6_8,Y,V,0,0.6049779,27.189662494004306
8.0,75.08484469999999,45.59722222222222,1,1,0,0,0,0,0,1,0,4,1,1096.4166666666667,22.0,45.935175,5,0,SPECIAL EQUIPMENT,LOWER VERTEX,LANG_02,Round-Trip,opera,Direct,Direct,Logged-In,AREA_C,AREA_D,AREA_C_TO_AREA_D,CE,DA,8_14,high,30_plus,Y,M,0,0.59189796,27.18893658041954
32.0,98.1115376,65.07638888888889,1,1,0,0,0,0,0,0,0,4,1,1563.9166666666667,15.0,37.6424304,4,0,SPECIAL EQUIPMENT,GREAT AURORA,LANG_10,Round-Trip,google,Paid Search,Paid Search,Logged-Out,AREA_C,AREA_B,AREA_C_TO_AREA_B,CE,BU,31_60,high,30_plus,Y,S,0,0.7222924,27.188842270571136
35.0,141.540301,7.78125,2,2,0,0,0,0,0,0,0,4,1,190.08333333333334,13.0,41.5502396,4,0,SPECIAL EQUIPMENT,LOWER VERTEX,LANG_09,Round-Trip,google,Paid Search,Organic Search,Logged-Out,AREA_B,AREA_B,AREA_B_TO_AREA_B,BU,BE,31_60,very_high,6_8,Y,U,0,0.65432364,27.187303913466238
51.0,34.8687596,4.104166666666667,1,1,0,0,0,0,0,0,0,2,1,100.08333333333333,10.0,44.4892342,6,1,SPECIAL EQUIPMENT,UPPER APEX,LANG_09,Round-Trip,google,MetaSearches,MetaSearches,Logged-Out,AREA_C,AREA_D,AREA_C_TO_AREA_D,CA,DA,31_60,mid,3_5,Y,O,0,0.6110874,27.18680964733356
18.0,111.2063818,,1,1,0,0,0,0,0,0,0,2,1,-867.5,22.0,77.496602,1,1,SPECIAL EQUIPMENT,LOWER VERTEX,LANG_02,Round-Trip,google,Direct,Paid Search,Logged-Out,AREA_D,AREA_C,AREA_D_TO_AREA_C,DA,CA,15_30,very_high,unknown_or_oneway,Y,L,0,0.35077414,27.183803854830682
177.0,109.6563641,9.958333333333334,1,1,0,0,0,0,0,0,0,2,1,253.5,22.0,38.547,5,1,SPECIAL EQUIPMENT,UPPER APEX,LANG_02,Round-Trip,google,Direct,MetaSearches,Logged-Out,AREA_C,AREA_B,AREA_C_TO_AREA_B,CA,BI,120_plus,very_high,9_14,Y,L,0,0.7051098,27.179866499483584
32.0,133.2265697,7.222222222222222,1,1,0,0,0,0,0,0,0,2,1,193.91666666666666,9.0,40.6885,1,1,SPECIAL EQUIPMENT,UPPER APEX,LANG_02,Round-Trip,apple,Paid Search,Paid Search,Logged-Out,AREA_C,AREA_D,AREA_C_TO_AREA_D,CA,DA,31_60,very_high,6_8,Y,O,0,0.6678824,27.17513233539462
102.0,36.9271694,7.118055555555555,2,2,0,0,0,0,0,0,0,2,1,172.83333333333334,23.0,42.83,6,1,SPECIAL EQUIPMENT,UPPER APEX,LANG_09,Round-Trip,google,Paid Search,Paid Search,Logged-Out,AREA_C,AREA_C,AREA_C_TO_AREA_C,CA,CO,61_120,mid,6_8,Y,U,0,0.63443637,27.172909681797027
10.0,120.1030294,7.190972222222222,2,2,0,0,0,0,0,0,0,2,1,177.66666666666666,16.0,42.83,5,1,SPECIAL EQUIPMENT,LOWER VERTEX,LANG_02,Round-Trip,google,MetaSearches,Organic Search,Logged-Out,AREA_C,AREA_B,AREA_C_TO_AREA_B,CA,BI,8_14,very_high,6_8,Y,S,0,0.63434994,27.169208024740218
0.0,39.1140692,14.979166666666666,1,1,0,0,0,0,0,1,0,2,1,361.5,10.0,85.66,6,1,SPECIAL EQUIPMENT,UPPER APEX,LANG_09,Round-Trip,other,Direct,Direct,Logged-In,AREA_C,AREA_B,AREA_C_TO_AREA_B,CA,BE,invalid_or_past,mid,15_30,Y,V,0,0.31715536,27.16752823829651
304.0,145.2759336,8.072916666666666,2,2,0,0,0,0,0,0,0,4,1,195.83333333333334,10.0,37.6424304,4,0,SPECIAL EQUIPMENT,LOWER ZENITH,LANG_02,Round-Trip,google,Direct,Direct,Logged-Out,AREA_C,AREA_B,AREA_C_TO_AREA_B,CE,BU,120_plus,very_high,9_14,Y,V,0,0.72161937,27.163506820155717
285.0,177.7179454,9.38888888888889,2,2,0,0,0,0,0,0,0,4,1,227.41666666666666,9.0,37.6424304,1,0,SPECIAL EQUIPMENT,LOWER ZENITH,LANG_02,Round-Trip,other,Direct,Direct,Logged-Out,AREA_C,AREA_B,AREA_C_TO_AREA_B,CE,BU,120_plus,very_high,9_14,Y,S,0,0.72161937,27.163506820155717
79.0,369.1265003,,2,1,1,0,0,0,1,0,0,2,1,156.91666666666666,8.0,65.0253626,4,1,SPECIAL EQUIPMENT,LOWER VERTEX,LANG_02,Multi-City,google,MetaSearches,Paid Search,Logged-Out,AREA_B,AREA_C,AREA_B_TO_AREA_C,BU,CA,61_120,very_high,unknown_or_oneway,Y,K,0,0.41769087,27.160500481032965
17.0,32.4754192,6.416666666666667,2,2,0,0,0,0,0,0,0,2,1,157.0,12.0,42.83,3,1,SPECIAL EQUIPMENT,UPPER APEX,LANG_09,Round-Trip,mozilla,Paid Search,Paid Search,Logged-Out,AREA_C,AREA_C,AREA_C_TO_AREA_C,CA,CI,15_30,low,6_8,Y,O,0,0.63408977,27.158064760565757
10.0,56.62639959999999,,1,1,0,0,0,0,0,0,1,2,1,173.08333333333334,12.0,42.83,6,1,SPECIAL EQUIPMENT,UPPER APEX,LANG_09,Multi-City,google,Direct,Direct,Logged-Out,AREA_C,AREA_D,AREA_C_TO_AREA_D,CA,DA,8_14,high,unknown_or_oneway,Y,Q,0,0.63401747,27.154968132972716
62.0,17.1324283,4.263888888888889,1,1,0,0,0,0,0,0,0,4,1,104.41666666666667,16.0,47.0033552,6,0,SPECIAL EQUIPMENT,LOWER ZENITH,LANG_02,Round-Trip,apple,Direct,Direct,Logged-Out,AREA_C,AREA_B,AREA_C_TO_AREA_B,CE,BO,61_120,very_low,3_5,Y,O,0,0.5774448,27.14184265707512
79.0,94.2525546,9.21875,1,1,0,0,0,0,0,0,0,2,1,235.66666666666666,19.0,38.547,5,1,SPECIAL EQUIPMENT,UPPER APEX,LANG_09,Round-Trip,google,Direct,Paid Search,Logged-Out,AREA_C,AREA_B,AREA_C_TO_AREA_B,CA,BI,61_120,high,9_14,Y,U,0,0.7040356,27.13845950835943
73.0,15.9558882,4.15625,1,1,0,0,0,0,0,0,0,2,1,101.66666666666667,21.0,85.66,6,1,SPECIAL EQUIPMENT,UPPER APEX,LANG_09,Round-Trip,apple,Direct,Paid Search,Logged-Out,AREA_C,AREA_B,AREA_C_TO_AREA_B,CA,BE,61_120,very_low,3_5,Y,U,0,0.31681588,27.138448531031607
42.0,38.7423048,4.388888888888889,1,1,0,0,0,0,0,0,0,2,1,105.91666666666667,22.0,42.83,5,1,SPECIAL EQUIPMENT,UPPER APEX,LANG_09,Round-Trip,google,Paid Search,Paid Search,Logged-Out,AREA_C,AREA_B,AREA_C_TO_AREA_B,CA,BI,31_60,mid,3_5,Y,U,0,0.63362473,27.13814729273319
109.0,84.5793991,9.4375,1,1,0,0,0,0,0,1,1,2,1,230.25,13.0,42.83,1,1,SPECIAL EQUIPMENT,UPPER APEX,LANG_09,Round-Trip,google,Direct,Organic Search,Logged-In,AREA_C,AREA_C,AREA_C_TO_AREA_C,CA,CE,61_120,high,9_14,Y,U,0,0.6335361,27.13435117959976
51.0,28.0176728,79.125,1,1,0,0,0,0,0,1,1,2,1,1901.0,23.0,85.66,2,1,SPECIAL EQUIPMENT,UPPER APEX,LANG_02,Round-Trip,samsung,Direct,Direct,Logged-In,AREA_C,AREA_B,AREA_C_TO_AREA_B,CA,BE,31_60,low,30_plus,Y,O,0,0.31669292,27.127915402054786
246.0,622.6942342,15.350694444444445,3,2,0,1,0,1,0,1,0,2,1,375.0833333333333,21.0,77.094,5,1,SPECIAL EQUIPMENT,UPPER APEX,LANG_09,Round-Trip,google,Direct,Direct,Logged-In,AREA_C,AREA_B,AREA_C_TO_AREA_B,CA,BU,120_plus,very_high,15_30,Y,S,0,0.3518113,27.122539574861523
152.0,875.5719768,15.0,4,2,0,2,0,1,0,1,0,2,1,367.25,23.0,77.094,5,1,SPECIAL EQUIPMENT,UPPER APEX,LANG_09,Round-Trip,mozilla,Direct,Organic Search,Logged-In,AREA_C,AREA_B,AREA_C_TO_AREA_B,CA,BU,120_plus,very_high,15_30,Y,T,0,0.3518113,27.122539574861523
276.0,650.3469954000001,16.010416666666668,3,3,0,0,0,0,0,1,0,2,1,390.9166666666667,13.0,77.094,5,1,SPECIAL EQUIPMENT,UPPER APEX,LANG_09,Round-Trip,google,Paid Search,Organic Search,Logged-In,AREA_C,AREA_B,AREA_C_TO_AREA_B,CA,BU,120_plus,very_high,15_30,Y,S,0,0.3518113,27.122539574861523
210.0,690.3690606,16.39236111111111,3,3,0,0,0,0,0,1,0,2,1,400.6666666666667,14.0,77.094,5,1,SPECIAL EQUIPMENT,UPPER APEX,LANG_09,Round-Trip,google,Paid Search,Paid Search,Logged-In,AREA_C,AREA_B,AREA_C_TO_AREA_B,CA,BU,120_plus,very_high,15_30,Y,S,0,0.3518113,27.122539574861523
79.0,677.5200606,16.36111111111111,3,3,0,0,0,0,0,1,0,2,1,399.9166666666667,16.0,77.094,5,1,SPECIAL EQUIPMENT,UPPER APEX,LANG_09,Round-Trip,google,Direct,Direct,Logged-In,AREA_C,AREA_B,AREA_C_TO_AREA_B,CA,BU,61_120,very_high,15_30,Y,T,0,0.3518113,27.122539574861523
80.0,741.4147111999999,16.0,4,3,1,0,0,0,1,1,0,2,1,391.25,18.0,77.094,4,1,SPECIAL EQUIPMENT,UPPER APEX,LANG_09,Round-Trip,microsoft,Paid Search,Paid Search,Logged-In,AREA_C,AREA_B,AREA_C_TO_AREA_B,CA,BU,61_120,very_high,15_30,Y,V,0,0.3518113,27.122539574861523
136.0,444.7629954,17.0,3,2,1,0,0,0,1,0,0,2,1,415.25,13.0,77.094,5,1,SPECIAL EQUIPMENT,UPPER APEX,LANG_09,Round-Trip,google,MetaSearches,MetaSearches,Logged-Out,AREA_C,AREA_B,AREA_C_TO_AREA_B,CA,BU,120_plus,very_high,15_30,Y,W,0,0.3518113,27.122539574861523
81.0,587.1898774,16.75347222222222,3,2,0,1,0,1,0,0,0,2,1,409.3333333333333,13.0,77.094,5,1,SPECIAL EQUIPMENT,UPPER APEX,LANG_09,Round-Trip,google,Organic Search,Paid Search,Logged-Out,AREA_C,AREA_B,AREA_C_TO_AREA_B,CA,BU,61_120,very_high,15_30,Y,Q,0,0.3518113,27.122539574861523
59.0,323.3048248,6.065972222222222,2,2,0,0,0,0,0,0,0,4,1,147.91666666666666,14.0,34.5055612,4,0,SPECIAL EQUIPMENT,OLD ZENITH,LANG_02,Round-Trip,apple,Direct,Direct,Logged-Out,AREA_B,AREA_B,AREA_B_TO_AREA_B,BU,BU,31_60,very_high,6_8,Y,Y,0,0.7859011,27.117959512338615
54.0,180.2290683,13.64236111111111,1,1,0,0,0,0,0,1,1,2,1,333.3333333333333,11.0,82.87605,5,0,SPECIAL EQUIPMENT,UPPER APEX,LANG_02,Round-Trip,microsoft,Organic Search,Organic Search,Logged-In,AREA_B,AREA_C,AREA_B_TO_AREA_C,BE,CA,31_60,very_high,9_14,Y,V,0,0.32714272,27.112296043109897
36.0,146.8829152,13.684027777777779,1,1,0,0,0,0,0,1,0,2,1,333.75,12.0,82.87605,5,0,SPECIAL EQUIPMENT,UPPER APEX,LANG_02,Round-Trip,google,Organic Search,Organic Search,Logged-In,AREA_B,AREA_C,AREA_B_TO_AREA_C,BE,CA,31_60,very_high,9_14,Y,W,0,0.32714272,27.112296043109897
4.0,80.8763173,10.333333333333334,1,1,0,0,0,0,0,0,0,4,1,248.91666666666666,11.0,40.6885,4,0,SPECIAL EQUIPMENT,UPPER APEX,LANG_09,Round-Trip,apple,Organic Search,Organic Search,Logged-Out,AREA_C,AREA_B,AREA_C_TO_AREA_B,CE,BU,4_7,high,9_14,Y,W,0,0.6662005,27.1066998013854
64.0,28.5110744,4.517361111111111,2,2,0,0,0,0,0,0,0,2,1,110.58333333333333,14.0,42.83,5,1,SPECIAL EQUIPMENT,UPPER APEX,LANG_09,Round-Trip,apple,Direct,Direct,Logged-Out,AREA_C,AREA_B,AREA_C_TO_AREA_B,CA,BI,61_120,low,3_5,Y,O,0,0.6326119,27.09476642489433
184.0,41.408044,7.166666666666667,1,1,0,0,0,0,0,0,0,2,1,174.91666666666666,21.0,42.83,6,1,SPECIAL EQUIPMENT,UPPER APEX,LANG_09,Round-Trip,google,Organic Search,Paid Search,Logged-Out,AREA_C,AREA_C,AREA_C_TO_AREA_C,CA,CI,120_plus,mid,6_8,Y,L,0,0.632595,27.09404396355152
68.0,382.8046891,22.39236111111111,2,2,0,0,0,0,0,0,0,2,1,544.6666666666666,21.0,77.094,5,1,SPECIAL EQUIPMENT,CENTRAL MERIDIAN,LANG_02,Round-Trip,apple,Direct,Direct,Logged-Out,AREA_C,AREA_B,AREA_C_TO_AREA_B,CA,BU,61_120,very_high,15_30,Y,S,0,0.35136348,27.088016134142872
36.0,150.5457368,7.197916666666667,2,2,0,0,0,0,0,0,0,2,1,174.41666666666666,13.0,43.2257492,3,1,SPECIAL EQUIPMENT,UPPER APEX,LANG_09,Round-Trip,google,Direct,Organic Search,Logged-Out,AREA_C,AREA_B,AREA_C_TO_AREA_B,CA,BA,31_60,very_high,6_8,Y,S,0,0.62655723,27.083405724465326
28.0,122.0243832,3.125,3,3,0,0,0,0,0,0,0,2,1,77.0,20.0,85.66,5,1,SPECIAL EQUIPMENT,UPPER APEX,LANG_09,Round-Trip,microsoft,Direct,Direct,Logged-Out,AREA_C,AREA_B,AREA_C_TO_AREA_B,CA,BE,15_30,very_high,3_5,Y,Q,0,0.31616202,27.08243863046169
66.0,436.7683476,7.319444444444445,6,3,0,3,0,1,0,1,0,2,1,191.83333333333334,21.0,41.438025,2,1,SPECIAL EQUIPMENT,UPPER APEX,LANG_09,Round-Trip,mozilla,Paid Search,Paid Search,Logged-In,AREA_C,AREA_B,AREA_C_TO_AREA_B,CA,BO,61_120,very_high,6_8,Y,O,0,0.6534125,27.076124375765026
26.0,63.1344181,,1,1,0,0,0,0,0,0,0,3,1,1.5833333333333333,10.0,43.669468,3,1,SPECIAL EQUIPMENT,UPPER APEX,LANG_09,Round-Trip,microsoft,Paid Search,Paid Search,Logged-Out,AREA_C,AREA_D,AREA_C_TO_AREA_D,CA,DA,15_30,high,unknown_or_oneway,Y,W,0,0.6198757,27.06964331521106
65.0,81.1504293,6.194444444444445,3,3,0,0,0,0,0,0,0,4,1,149.91666666666666,13.0,43.3576656,4,0,SPECIAL EQUIPMENT,CENTRAL MERIDIAN,LANG_02,Round-Trip,google,MetaSearches,MetaSearches,Logged-Out,AREA_B,AREA_B,AREA_B_TO_AREA_B,BI,BA,61_120,high,6_8,Y,V,0,0.624255,27.066239606113527
42.0,45.5531314,8.51736111111111,2,2,0,0,0,0,0,0,0,2,1,206.58333333333334,20.0,42.83,3,1,SPECIAL EQUIPMENT,NORTH HORIZON,LANG_04,Round-Trip,mozilla,Paid MetaSearches,Paid MetaSearches,Logged-Out,AREA_C,AREA_B,AREA_C_TO_AREA_B,CA,BI,31_60,mid,9_14,Y,O,0,0.63179815,27.059914685487747
47.0,141.5655707,6.072916666666667,3,2,1,0,0,0,1,0,0,4,1,148.08333333333334,9.0,34.5055612,5,0,SPECIAL EQUIPMENT,OLD ZENITH,LANG_02,Round-Trip,google,Organic Search,MetaSearches,Logged-Out,AREA_B,AREA_B,AREA_B_TO_AREA_B,BU,BU,31_60,very_high,6_8,Y,O,0,0.78380686,27.045695592131402
75.0,179.787491,7.229166666666667,2,2,0,0,0,0,0,1,0,2,1,194.08333333333334,21.0,38.547,4,1,SPECIAL EQUIPMENT,UPPER APEX,LANG_02,Round-Trip,google,Direct,Direct,Logged-In,AREA_C,AREA_D,AREA_C_TO_AREA_D,CA,DA,61_120,very_high,6_8,Y,O,0,0.7013839,27.03624475854635
98.0,265.9220474,7.270833333333333,2,2,0,0,0,0,0,0,0,2,1,194.08333333333334,20.0,38.547,1,1,SPECIAL EQUIPMENT,UPPER APEX,LANG_09,Round-Trip,microsoft,Direct,Organic Search,Logged-Out,AREA_C,AREA_D,AREA_C_TO_AREA_D,CA,DA,61_120,very_high,6_8,Y,O,0,0.7013839,27.03624475854635
126.0,174.7875168,7.222222222222222,2,2,0,0,0,0,0,0,0,2,1,193.91666666666666,22.0,38.547,4,1,SPECIAL EQUIPMENT,UPPER APEX,LANG_02,Round-Trip,google,MetaSearches,MetaSearches,Logged-Out,AREA_C,AREA_D,AREA_C_TO_AREA_D,CA,DA,120_plus,very_high,6_8,Y,O,0,0.7013839,27.03624475854635
119.0,174.810645,7.21875,2,2,0,0,0,0,0,1,0,2,1,193.83333333333334,10.0,38.547,4,1,SPECIAL EQUIPMENT,UPPER APEX,LANG_09,Round-Trip,mozilla,Paid Search,Referrals,Logged-In,AREA_C,AREA_D,AREA_C_TO_AREA_D,CA,DA,61_120,very_high,6_8,Y,O,0,0.7013839,27.03624475854635
39.0,54.414230100000005,10.152777777777779,1,1,0,0,0,0,0,0,0,3,1,244.66666666666666,17.0,42.83,2,1,SPECIAL EQUIPMENT,CENTRAL AURORA,LANG_01,Round-Trip,mozilla,Organic Search,Organic Search,Logged-Out,AREA_C,AREA_B,AREA_C_TO_AREA_B,CA,BI,31_60,high,9_14,Y,U,0,0.6310771,27.02903265416622
12.0,45.4931694,7.9375,2,2,0,0,0,0,0,1,0,2,1,192.58333333333334,23.0,42.83,6,1,SPECIAL EQUIPMENT,UPPER APEX,LANG_09,Round-Trip,google,Paid Search,Paid Search,Logged-In,AREA_C,AREA_C,AREA_C_TO_AREA_C,CA,CO,8_14,mid,6_8,Y,O,0,0.6308494,27.019280702471733
18.0,37.5507742,4.326388888888889,1,1,0,0,0,0,0,0,0,4,1,104.83333333333333,19.0,43.498148,4,0,SPECIAL EQUIPMENT,CENTRAL MERIDIAN,LANG_02,Round-Trip,microsoft,Direct,Direct,Logged-Out,AREA_B,AREA_B,AREA_B_TO_AREA_B,BE,BI,15_30,mid,3_5,Y,W,0,0.621037,27.01395961691475
54.0,186.6051704,7.072916666666667,2,2,0,0,0,0,0,0,0,4,1,172.08333333333334,16.0,34.5055612,5,0,SPECIAL EQUIPMENT,OLD ZENITH,LANG_02,Round-Trip,mozilla,Paid Search,Organic Search,Logged-Out,AREA_B,AREA_B,AREA_B_TO_AREA_B,BU,BU,31_60,very_high,6_8,Y,S,0,0.7828454,27.012519098026708
120.0,391.1124242,8.208333333333334,4,4,0,0,0,0,0,0,0,4,1,199.33333333333334,17.0,34.5055612,4,0,SPECIAL EQUIPMENT,OLD ZENITH,LANG_02,Round-Trip,google,Paid Search,Paid Search,Logged-Out,AREA_B,AREA_B,AREA_B_TO_AREA_B,BU,BU,61_120,very_high,9_14,Y,S,0,0.78259873,27.004008507697204
252.0,508.3111512999999,9.114583333333334,5,4,0,1,0,1,0,1,0,4,1,236.83333333333334,10.0,30.9121242,2,0,SPECIAL EQUIPMENT,EAST ZENITH,LANG_02,Round-Trip,microsoft,Direct,Organic Search,Logged-In,AREA_C,AREA_D,AREA_C_TO_AREA_D,CA,DA,120_plus,very_high,9_14,Y,W,0,0.87352145,27.002403466644502
32.0,32.7122691,12.23611111111111,1,1,0,0,0,0,0,0,0,2,1,295.25,13.0,42.83,6,1,SPECIAL EQUIPMENT,UPPER APEX,LANG_09,Round-Trip,google,Paid Search,Paid Search,Logged-Out,AREA_C,AREA_C,AREA_C_TO_AREA_C,CA,CO,31_60,low,9_14,Y,O,0,0.63017726,26.990492022037504
55.0,265.8124026,6.024305555555555,2,2,0,0,0,0,0,1,0,2,1,164.16666666666666,9.0,38.547,4,1,SPECIAL EQUIPMENT,UPPER APEX,LANG_09,Round-Trip,mozilla,Direct,Direct,Logged-In,AREA_C,AREA_D,AREA_C_TO_AREA_D,CA,DA,31_60,very_high,6_8,Y,O,0,0.70016664,26.98932357484102
18.0,31.8518144,3.8993055555555554,1,1,0,0,0,0,0,0,0,2,1,95.5,7.0,85.66,4,1,SPECIAL EQUIPMENT,UPPER APEX,LANG_09,Round-Trip,google,Direct,Organic Search,Logged-Out,AREA_C,AREA_B,AREA_C_TO_AREA_B,CA,BE,15_30,low,3_5,Y,L,0,0.31504506,26.986759730577468
2.0,31.8449616,5.190972222222222,1,1,0,0,0,0,0,0,0,2,1,129.66666666666666,19.0,42.83,3,1,SPECIAL EQUIPMENT,UPPER APEX,LANG_09,Round-Trip,apple,MetaSearches,MetaSearches,Logged-Out,AREA_C,AREA_B,AREA_C_TO_AREA_B,CA,BI,0_3,low,6_8,Y,V,0,0.6300532,26.985179505944252
0.0,50.22502780000001,7.756944444444445,1,1,0,0,0,0,0,0,0,2,1,187.66666666666666,20.0,42.83,3,1,SPECIAL EQUIPMENT,UPPER APEX,LANG_09,Round-Trip,apple,MetaSearches,MetaSearches,Logged-Out,AREA_C,AREA_B,AREA_C_TO_AREA_B,CA,BI,invalid_or_past,mid,6_8,Y,W,0,0.6300532,26.985179505944252
12.0,51.7013779,19.6875,1,1,0,0,0,0,0,1,0,4,1,475.1666666666667,20.0,39.4344376,2,0,SPECIAL EQUIPMENT,NEW MERIDIAN,LANG_10,Round-Trip,google,Paid Search,Paid Search,Logged-In,AREA_C,AREA_C,AREA_C_TO_AREA_C,CI,CE,8_14,mid,15_30,Y,S,0,0.6842251,26.982031316157535
71.0,34.4558784,8.23611111111111,1,1,0,0,0,0,0,1,0,2,1,199.25,,42.83,6,1,SPECIAL EQUIPMENT,GREAT AURORA,LANG_10,Round-Trip,apple,Direct,Direct,Logged-In,AREA_C,AREA_C,AREA_C_TO_AREA_C,CA,CO,61_120,mid,9_14,Y,O,0,0.62970215,26.9701431196928
302.0,180.93619160000003,13.13888888888889,2,2,0,0,0,0,0,0,0,2,1,319.1666666666667,20.0,50.2841332,2,1,SPECIAL EQUIPMENT,UPPER APEX,LANG_09,Round-Trip,google,Paid Search,Paid Search,Logged-Out,AREA_C,AREA_C,AREA_C_TO_AREA_C,CA,CE,120_plus,very_high,9_14,Y,L,0,0.53632224,26.968498756218004
154.0,135.0695446,12.753472222222221,2,2,0,0,0,0,0,1,0,2,1,309.9166666666667,15.0,50.2841332,5,1,SPECIAL EQUIPMENT,UPPER APEX,LANG_09,Round-Trip,mozilla,Email,Display,Logged-In,AREA_C,AREA_C,AREA_C_TO_AREA_C,CA,CE,120_plus,very_high,9_14,Y,L,0,0.53632224,26.968498756218004
147.0,69.68954959999999,7.201388888888889,4,2,0,2,0,1,0,0,0,2,1,174.75,17.0,42.83,6,1,SPECIAL EQUIPMENT,UPPER APEX,LANG_09,Round-Trip,google,Direct,Direct,Logged-Out,AREA_C,AREA_C,AREA_C_TO_AREA_C,CA,CE,120_plus,high,6_8,Y,U,0,0.62963235,26.967153712511063
156.0,119.1603411,10.21875,1,1,0,0,0,0,0,0,0,2,1,259.6666666666667,14.0,38.547,5,1,SPECIAL EQUIPMENT,UPPER APEX,LANG_09,Round-Trip,mozilla,Direct,Paid Search,Logged-Out,AREA_C,AREA_B,AREA_C_TO_AREA_B,CA,BI,120_plus,very_high,9_14,Y,U,0,0.69956833,26.966260464370247
70.0,149.29938380000002,7.784722222222222,2,1,1,0,0,0,1,0,0,4,1,190.0,13.0,41.5502396,4,0,SPECIAL EQUIPMENT,LOWER VERTEX,LANG_02,Round-Trip,microsoft,Paid Search,Paid Search,Logged-Out,AREA_B,AREA_B,AREA_B_TO_AREA_B,BU,BE,61_120,very_high,6_8,Y,U,0,0.6490026,26.966214014547894
119.0,179.39688139999998,10.4375,2,2,0,0,0,0,0,0,0,2,1,254.66666666666666,22.0,42.83,2,1,SPECIAL EQUIPMENT,UPPER APEX,LANG_09,Round-Trip,google,MetaSearches,MetaSearches,Logged-Out,AREA_C,AREA_C,AREA_C_TO_AREA_C,CA,CE,61_120,very_high,9_14,Y,L,0,0.6295939,26.965507113337516
6.0,45.9167581,6.236111111111111,1,1,0,0,0,0,0,1,0,2,1,150.25,14.0,42.83,3,1,SPECIAL EQUIPMENT,UPPER APEX,LANG_09,Round-Trip,microsoft,Paid Search,Email,Logged-In,AREA_C,AREA_B,AREA_C_TO_AREA_B,CA,BI,4_7,mid,6_8,Y,U,0,0.6295535,26.96377626955509
30.0,28.6549832,3.517361111111111,1,1,0,0,0,0,0,0,0,2,1,86.41666666666667,12.0,48.18375,3,1,SPECIAL EQUIPMENT,UPPER APEX,LANG_09,Round-Trip,mozilla,Direct,Referrals,Logged-Out,AREA_C,AREA_B,AREA_C_TO_AREA_B,CA,BI,15_30,low,3_5,Y,L,0,0.5595395,26.960711233690382
86.0,78.276108,5.111111111111111,4,3,0,1,0,1,0,1,1,2,1,127.75,20.0,42.83,5,1,SPECIAL EQUIPMENT,UPPER APEX,LANG_09,Round-Trip,google,Paid Search,Affiliate,Logged-In,AREA_C,AREA_B,AREA_C_TO_AREA_B,CA,BO,61_120,high,6_8,Y,O,0,0.62935114,26.955109286308286
51.0,50.8957456,3.9409722222222223,2,2,0,0,0,0,0,0,0,2,1,95.16666666666667,17.0,42.83,4,1,SPECIAL EQUIPMENT,UPPER APEX,LANG_09,Round-Trip,apple,Direct,Direct,Logged-Out,AREA_C,AREA_B,AREA_C_TO_AREA_B,CA,BI,31_60,mid,3_5,Y,U,0,0.6290789,26.94345034301281
101.0,113.0078116,21.666666666666668,4,3,0,1,0,1,0,1,0,4,1,520.9166666666666,21.0,40.6885,4,0,SPECIAL EQUIPMENT,UPPER APEX,LANG_02,Round-Trip,apple,Direct,Direct,Logged-In,AREA_C,AREA_B,AREA_C_TO_AREA_B,CE,BU,61_120,very_high,15_30,Y,O,0,0.6619981,26.93570941224694
89.0,78.4765524,,1,1,0,0,0,0,0,1,0,2,1,-217.0,19.0,47.113,1,1,SPECIAL EQUIPMENT,UPPER APEX,LANG_09,Round-Trip,google,Paid Search,Email,Logged-In,AREA_C,AREA_B,AREA_C_TO_AREA_B,CA,BO,61_120,high,unknown_or_oneway,C,F,0,0.57162166,26.93081109881401
15.0,44.7419312,10.909722222222221,2,2,0,0,0,0,0,0,0,2,1,264.8333333333333,9.0,42.83,6,1,SPECIAL EQUIPMENT,UPPER APEX,LANG_09,Round-Trip,samsung,Direct,Direct,Logged-Out,AREA_C,AREA_C,AREA_C_TO_AREA_C,CA,CI,15_30,mid,9_14,Y,L,0,0.62877274,26.930336265563962
120.0,26.9691944,8.458333333333334,2,2,0,0,0,0,0,1,0,2,1,205.33333333333334,20.0,49.2545,6,1,SPECIAL EQUIPMENT,UPPER APEX,LANG_09,Round-Trip,mozilla,Direct,Paid Search,Logged-In,AREA_C,AREA_C,AREA_C_TO_AREA_C,CA,CU,61_120,low,9_14,Y,O,0,0.5465419,26.91964945399761
168.0,49.4879235,4.194444444444445,1,1,0,0,0,0,0,0,0,2,1,102.16666666666667,11.0,42.83,4,1,SPECIAL EQUIPMENT,UPPER APEX,LANG_09,Round-Trip,microsoft,Paid Search,Organic Search,Logged-Out,AREA_C,AREA_B,AREA_C_TO_AREA_B,CA,BI,120_plus,mid,3_5,Y,U,0,0.62828207,26.909321064949033
10.0,144.54439720000002,7.475694444444445,2,2,0,0,0,0,0,1,0,2,1,182.33333333333334,18.0,50.2841332,2,1,SPECIAL EQUIPMENT,UPPER VERTEX,LANG_10,Round-Trip,google,MetaSearches,Organic Search,Logged-In,AREA_C,AREA_C,AREA_C_TO_AREA_C,CA,CE,8_14,very_high,6_8,Y,L,0,0.5348359,26.89375838036492
2.0,444.5976716,4.236111111111111,2,2,0,0,0,0,0,0,0,2,1,116.08333333333333,22.0,42.4017,4,1,SPECIAL EQUIPMENT,UPPER APEX,LANG_09,Round-Trip,microsoft,Direct,Email,Logged-Out,AREA_C,AREA_B,AREA_C_TO_AREA_B,CA,BI,0_3,very_high,3_5,Y,Q,0,0.63403755,26.884270164638757
6.0,36.1982028,,2,2,0,0,0,0,0,1,0,1,0,2.0,9.0,85.66,5,1,SPECIAL EQUIPMENT,UPPER APEX,LANG_09,Round-Trip,apple,Direct,Direct,Logged-In,AREA_C,AREA_B,AREA_C_TO_AREA_B,CA,BE,4_7,mid,unknown_or_oneway,Y,H,0,0.31359267,26.8623483133316
16.0,212.3785512,6.875,1,1,0,0,0,0,0,1,1,2,1,170.0,16.0,81.377,4,1,SPECIAL EQUIPMENT,UPPER APEX,LANG_02,Round-Trip,microsoft,MetaSearches,Paid Search,Logged-In,AREA_C,AREA_C,AREA_C_TO_AREA_C,CA,CA,15_30,very_high,6_8,Y,T,0,0.33006182,26.859440980821848
35.0,65.4939228,,3,3,0,0,0,0,0,0,0,1,0,2.75,11.0,42.7306344,4,1,SPECIAL EQUIPMENT,UPPER APEX,LANG_02,One-Way,google,Paid Search,Paid Search,Logged-Out,AREA_C,AREA_C,AREA_C_TO_AREA_C,CA,CI,31_60,high,unknown_or_oneway,Y,L,0,0.62853575,26.857731234952926
174.0,37.8009014,6.184027777777778,2,2,0,0,0,0,0,1,0,2,1,153.5,13.0,42.83,3,1,SPECIAL EQUIPMENT,UPPER APEX,LANG_09,Round-Trip,google,Paid Search,Paid Search,Logged-In,AREA_C,AREA_B,AREA_C_TO_AREA_B,CA,BO,120_plus,mid,6_8,Y,O,0,0.6270775,26.857730177044868
71.0,37.210704,5.225694444444445,2,2,0,0,0,0,0,0,0,2,1,130.5,16.0,42.83,3,1,SPECIAL EQUIPMENT,UPPER APEX,LANG_09,Round-Trip,google,Paid Search,Paid Search,Logged-Out,AREA_C,AREA_B,AREA_C_TO_AREA_B,CA,BO,61_120,mid,6_8,Y,O,0,0.6270775,26.857730177044868
84.0,150.6262572,11.121527777777779,1,1,0,0,0,0,0,0,0,4,1,268.25,20.0,33.5992784,1,0,SPECIAL EQUIPMENT,UPPER HORIZON,LANG_05,Round-Trip,google,Organic Search,Organic Search,Logged-Out,AREA_C,AREA_B,AREA_C_TO_AREA_B,CI,BI,61_120,very_high,9_14,Y,T,0,0.7992665,26.85477822593527
92.0,180.7503094,8.23611111111111,2,2,0,0,0,0,0,0,0,2,1,212.08333333333334,13.0,42.4017,2,1,SPECIAL EQUIPMENT,NEW AURORA,LANG_09,Round-Trip,google,Paid Search,Organic Search,Logged-Out,AREA_C,AREA_B,AREA_C_TO_AREA_B,CA,BI,61_120,very_high,9_14,Y,O,0,0.6331393,26.84618317696452
39.0,31.5729911,8.39236111111111,1,1,0,0,0,0,0,0,0,2,1,202.0,9.0,42.83,3,1,SPECIAL EQUIPMENT,UPPER APEX,LANG_09,Round-Trip,apple,Direct,Direct,Logged-Out,AREA_C,AREA_B,AREA_C_TO_AREA_B,CA,BI,31_60,low,9_14,Y,O,0,0.62665534,26.839648220539093
59.0,31.5922646,9.243055555555555,1,1,0,0,0,0,0,0,0,2,1,222.41666666666666,12.0,42.83,3,1,SPECIAL EQUIPMENT,UPPER APEX,LANG_02,Round-Trip,google,Direct,Direct,Logged-Out,AREA_C,AREA_B,AREA_C_TO_AREA_B,CA,BI,31_60,low,9_14,Y,O,0,0.62665534,26.839648220539093
32.0,31.5824137,8.090277777777779,1,1,0,0,0,0,0,0,0,2,1,194.75,16.0,42.83,3,1,SPECIAL EQUIPMENT,UPPER APEX,LANG_02,Round-Trip,google,MetaSearches,MetaSearches,Logged-Out,AREA_C,AREA_B,AREA_C_TO_AREA_B,CA,BI,31_60,low,9_14,Y,O,0,0.62665534,26.839648220539093
84.0,50.3912082,9.739583333333334,1,1,0,0,0,0,0,0,0,2,1,235.91666666666666,21.0,42.83,1,1,SPECIAL EQUIPMENT,UPPER APEX,LANG_09,Round-Trip,mozilla,Organic Search,Organic Search,Logged-Out,AREA_C,AREA_B,AREA_C_TO_AREA_B,CA,BI,61_120,mid,9_14,Y,O,0,0.6266292,26.838527511954307
34.0,30.0957844,,1,1,0,0,0,0,0,0,0,2,1,67.16666666666667,9.0,42.83,6,1,SPECIAL EQUIPMENT,UPPER MERIDIAN,LANG_01,Multi-City,microsoft,Direct,Direct,Logged-Out,AREA_C,AREA_D,AREA_C_TO_AREA_D,CA,DA,31_60,low,unknown_or_oneway,Y,U,0,0.6264702,26.831719015836715
8.0,204.8490372,9.23611111111111,1,1,0,0,0,0,0,0,0,2,1,236.08333333333334,21.0,42.4017,1,1,SPECIAL EQUIPMENT,UPPER APEX,LANG_02,Round-Trip,google,Direct,Direct,Logged-Out,AREA_C,AREA_B,AREA_C_TO_AREA_B,CA,BI,8_14,very_high,9_14,Y,K,0,0.6326587,26.82580524852276
30.0,34.418188,17.385416666666668,2,1,1,0,0,0,1,0,0,2,1,419.25,10.0,85.66,2,1,SPECIAL EQUIPMENT,UPPER APEX,LANG_09,Round-Trip,google,Paid Search,Paid Search,Logged-Out,AREA_C,AREA_B,AREA_C_TO_AREA_B,CA,BE,15_30,mid,15_30,Y,O,0,0.3131557,26.82491817831993
29.0,82.7526996,7.253472222222222,2,2,0,0,0,0,0,0,0,2,1,180.75,13.0,42.83,5,1,SPECIAL EQUIPMENT,UPPER APEX,LANG_09,Round-Trip,mozilla,Display,Paid Search,Logged-Out,AREA_C,AREA_B,AREA_C_TO_AREA_B,CA,BE,15_30,high,6_8,Y,U,0,0.6262444,26.82204875588417
47.0,72.0794636,12.180555555555555,1,1,0,0,0,0,0,0,0,2,1,295.25,13.0,50.2841332,2,1,SPECIAL EQUIPMENT,UPPER APEX,LANG_09,Round-Trip,google,Paid Search,Paid Search,Logged-Out,AREA_C,AREA_C,AREA_C_TO_AREA_C,CA,CE,31_60,high,9_14,Y,L,0,0.5332155,26.812280371078874
40.0,73.74640720000001,41.333333333333336,2,2,0,0,0,0,0,1,0,4,1,992.9166666666666,12.0,40.6885,4,0,SPECIAL EQUIPMENT,UPPER APEX,LANG_02,Round-Trip,google,Direct,Direct,Logged-In,AREA_C,AREA_B,AREA_C_TO_AREA_B,CE,BU,31_60,high,30_plus,Y,O,0,0.65884733,26.8075096681118
92.0,287.7751983,13.065972222222221,2,2,0,0,0,0,0,1,0,2,1,318.5833333333333,21.0,81.377,2,1,SPECIAL EQUIPMENT,EAST ZENITH,LANG_02,Round-Trip,apple,Direct,Direct,Logged-In,AREA_C,AREA_C,AREA_C_TO_AREA_C,CA,CA,61_120,very_high,9_14,Y,V,0,0.3293551,26.80192922863364
46.0,100.7481524,11.253472222222221,2,2,0,0,0,0,0,0,0,2,1,276.75,10.0,42.83,6,1,SPECIAL EQUIPMENT,UPPER APEX,LANG_09,Round-Trip,google,Direct,Email,Logged-Out,AREA_C,AREA_B,AREA_C_TO_AREA_B,CA,BE,31_60,high,9_14,Y,O,0,0.62576693,26.801597738862036
170.0,99.699674,7.177083333333333,2,2,0,0,0,0,0,0,0,2,1,175.33333333333334,22.0,42.83,6,1,SPECIAL EQUIPMENT,UPPER APEX,LANG_09,Round-Trip,apple,Direct,Direct,Logged-Out,AREA_C,AREA_C,AREA_C_TO_AREA_C,CA,CO,120_plus,high,6_8,Y,T,0,0.6257135,26.79931037008762
83.0,153.4864446,4.194444444444445,3,3,0,0,0,0,0,1,1,2,1,105.5,10.0,38.547,5,1,SPECIAL EQUIPMENT,UPPER APEX,LANG_09,Round-Trip,apple,Direct,Direct,Logged-In,AREA_C,AREA_B,AREA_C_TO_AREA_B,CA,BI,61_120,very_high,3_5,Y,T,0,0.6951828,26.797211402893065
22.0,255.1143252,,2,2,0,0,0,0,0,0,0,2,1,-218.0,18.0,42.83,4,1,SPECIAL EQUIPMENT,UPPER APEX,LANG_09,Round-Trip,apple,Direct,Direct,Logged-Out,AREA_C,AREA_B,AREA_C_TO_AREA_B,CA,BE,15_30,very_high,unknown_or_oneway,C,Z,0,0.62563473,26.795935479998587
164.0,122.6899614,9.979166666666666,2,2,0,0,0,0,0,1,0,3,1,240.5,18.0,42.83,3,1,SPECIAL EQUIPMENT,UPPER APEX,LANG_09,Round-Trip,google,Organic Search,Organic Search,Logged-In,AREA_C,AREA_C,AREA_C_TO_AREA_C,CA,CE,120_plus,very_high,9_14,Y,O,0,0.62546915,26.78884361565113
113.0,94.2170057,10.07986111111111,1,1,0,0,0,0,0,0,0,2,1,256.4166666666667,14.0,38.547,5,1,SPECIAL EQUIPMENT,UPPER APEX,LANG_09,Round-Trip,google,Paid Search,Paid Search,Logged-Out,AREA_C,AREA_B,AREA_C_TO_AREA_B,CA,BI,61_120,high,9_14,Y,U,0,0.6949373,26.78774766987562
33.0,231.937299,10.4375,3,1,2,0,0,0,1,0,0,2,1,254.25,23.0,42.83,2,1,SPECIAL EQUIPMENT,UPPER APEX,LANG_02,Round-Trip,google,Direct,Referrals,Logged-Out,AREA_C,AREA_C,AREA_C_TO_AREA_C,CA,CE,31_60,very_high,9_14,Y,U,0,0.6252618,26.779962191581724
93.0,26.8167196,3.513888888888889,2,2,0,0,0,0,0,0,0,2,1,86.33333333333333,11.0,85.66,3,1,SPECIAL EQUIPMENT,UPPER APEX,LANG_09,Round-Trip,google,MetaSearches,MetaSearches,Logged-Out,AREA_C,AREA_B,AREA_C_TO_AREA_B,CA,BE,61_120,low,3_5,Y,O,0,0.31258535,26.776061410903928
6.0,37.8120372,3.517361111111111,2,2,0,0,0,0,0,1,1,2,1,86.41666666666667,21.0,85.66,5,1,SPECIAL EQUIPMENT,UPPER APEX,LANG_09,Round-Trip,google,Direct,Direct,Logged-In,AREA_C,AREA_B,AREA_C_TO_AREA_B,CA,BE,4_7,mid,3_5,Y,L,0,0.31249198,26.768063278794287
2.0,23.4832607,3.517361111111111,1,1,0,0,0,0,0,1,0,2,1,86.41666666666667,18.0,73.88175,6,1,SPECIAL EQUIPMENT,SOUTH MERIDIAN,LANG_09,Round-Trip,apple,Direct,Direct,Logged-In,AREA_C,AREA_B,AREA_C_TO_AREA_B,CA,BI,0_3,low,3_5,Y,L,0,0.36230487,26.767717556789517
121.0,53.8039026,7.215277777777778,1,1,0,0,0,0,0,0,0,2,1,177.08333333333334,21.0,42.83,6,1,SPECIAL EQUIPMENT,UPPER APEX,LANG_09,Round-Trip,mozilla,Paid Search,Paid Search,Logged-Out,AREA_C,AREA_C,AREA_C_TO_AREA_C,CA,CI,120_plus,mid,6_8,Y,W,0,0.6249305,26.765773357152938
13.0,520.7751096,7.236111111111111,2,2,0,0,0,0,0,1,1,2,1,194.25,19.0,38.547,3,1,SPECIAL EQUIPMENT,UPPER APEX,LANG_09,Round-Trip,apple,Direct,Direct,Logged-In,AREA_C,AREA_D,AREA_C_TO_AREA_D,CA,DA,8_14,very_high,6_8,P,A,0,0.69424254,26.76096707457304
38.0,22.205213500000003,6.378472222222222,1,1,0,0,0,0,0,0,0,4,1,155.83333333333334,17.0,87.7603832,4,0,SPECIAL EQUIPMENT,NEW MERIDIAN,LANG_02,Round-Trip,google,Direct,Direct,Logged-Out,AREA_C,AREA_B,AREA_C_TO_AREA_B,CI,BA,31_60,low,6_8,Y,U,0,0.30492452,26.760292535342003
82.0,286.181494,4.197916666666667,5,3,0,2,0,1,0,0,0,2,1,104.25,17.0,77.094,4,1,SPECIAL EQUIPMENT,UPPER APEX,LANG_09,Round-Trip,apple,Direct,Direct,Logged-Out,AREA_C,AREA_B,AREA_C_TO_AREA_B,CA,BA,61_120,very_high,3_5,Y,S,0,0.34709853,26.759214020848272
82.0,269.87825449999997,9.739583333333334,3,2,1,0,0,0,1,0,0,4,1,236.91666666666666,16.0,41.5502396,4,0,SPECIAL EQUIPMENT,LOWER VERTEX,LANG_02,Round-Trip,microsoft,MetaSearches,MetaSearches,Logged-Out,AREA_B,AREA_B,AREA_B_TO_AREA_B,BU,BE,61_120,very_high,9_14,Y,U,0,0.6437658,26.74862353344445
26.0,187.37311229999997,7.236111111111111,1,1,0,0,0,0,0,0,0,2,1,194.25,22.0,38.547,1,1,SPECIAL EQUIPMENT,UPPER APEX,LANG_09,Round-Trip,google,Organic Search,Organic Search,Logged-Out,AREA_C,AREA_D,AREA_C_TO_AREA_D,CA,DA,15_30,very_high,6_8,Y,L,0,0.693919,26.74849580901861
135.0,115.34119,13.434027777777779,2,2,0,0,0,0,0,0,0,2,1,326.25,12.0,50.2841332,5,1,SPECIAL EQUIPMENT,UPPER APEX,LANG_09,Round-Trip,google,Direct,Display,Logged-Out,AREA_C,AREA_C,AREA_C_TO_AREA_C,CA,CE,120_plus,very_high,9_14,Y,O,0,0.531931,26.74768840572579
119.0,94.0444008,3.513888888888889,4,4,0,0,0,0,0,0,0,2,1,86.25,21.0,42.83,3,1,SPECIAL EQUIPMENT,UPPER APEX,LANG_02,Round-Trip,apple,MetaSearches,MetaSearches,Logged-Out,AREA_C,AREA_B,AREA_C_TO_AREA_B,CA,BI,61_120,high,3_5,Y,L,0,0.6242119,26.734995993375776
47.0,51.048220400000005,10.190972222222221,2,1,0,1,0,1,0,1,0,2,1,249.66666666666666,12.0,42.83,2,1,SPECIAL EQUIPMENT,UPPER APEX,LANG_09,Round-Trip,google,Affiliate,Affiliate,Logged-In,AREA_C,AREA_B,AREA_C_TO_AREA_B,CA,BI,31_60,mid,9_14,Y,O,0,0.6236274,26.70996258020401
27.0,163.49067599999998,13.65625,1,1,0,0,0,0,0,1,0,2,1,333.6666666666667,15.0,82.87605,5,0,SPECIAL EQUIPMENT,UPPER APEX,LANG_02,Round-Trip,google,Direct,Paid Search,Logged-In,AREA_B,AREA_C,AREA_B_TO_AREA_C,BE,CA,15_30,very_high,9_14,Y,S,0,0.3222583,26.707494455686213
204.0,87.67129680000001,9.215277777777779,4,2,0,2,0,1,0,1,1,2,1,225.08333333333334,22.0,42.83,6,1,SPECIAL EQUIPMENT,UPPER APEX,LANG_09,Round-Trip,apple,Direct,Direct,Logged-In,AREA_C,AREA_C,AREA_C_TO_AREA_C,CA,CI,120_plus,high,9_14,Y,L,0,0.6234949,26.70428755700588
36.0,36.0795637,,1,1,0,0,0,0,0,0,0,2,1,4.333333333333333,13.0,42.83,4,0,SPECIAL EQUIPMENT,UPPER APEX,LANG_09,One-Way,microsoft,Paid Search,Paid Search,Logged-Out,AREA_C,AREA_B,AREA_C_TO_AREA_B,CU,BE,31_60,mid,unknown_or_oneway,Y,T,0,0.62324417,26.693547645807264
38.0,156.6995512,10.677083333333334,1,1,0,0,0,0,0,1,0,4,1,259.25,19.0,38.0253306,5,0,SPECIAL EQUIPMENT,OLD AURORA,LANG_02,Round-Trip,apple,Direct,Direct,Logged-In,AREA_B,AREA_B,AREA_B_TO_AREA_B,BO,BU,31_60,very_high,9_14,Y,V,0,0.701915,26.69055090577054
2.0,126.7489605,14.690972222222221,1,1,0,0,0,0,0,0,0,4,1,355.25,10.0,39.4344376,1,0,SPECIAL EQUIPMENT,NEW MERIDIAN,LANG_02,Round-Trip,mozilla,Direct,Email,Logged-Out,AREA_C,AREA_C,AREA_C_TO_AREA_C,CI,CE,0_3,very_high,15_30,C,Z,0,0.67680687,26.68949816879964
141.0,22.0951404,4.385416666666667,2,2,0,0,0,0,0,0,0,2,1,107.25,15.0,85.66,5,1,SPECIAL EQUIPMENT,UPPER APEX,LANG_09,Round-Trip,google,Paid Search,Paid Search,Logged-Out,AREA_C,AREA_B,AREA_C_TO_AREA_B,CA,BE,120_plus,low,3_5,Y,O,0,0.31156033,26.688258105516432
230.0,110.6864256,7.21875,3,3,0,0,0,0,0,1,0,2,1,177.16666666666666,21.0,42.83,6,1,SPECIAL EQUIPMENT,UPPER APEX,LANG_09,Round-Trip,apple,Direct,Direct,Logged-In,AREA_C,AREA_C,AREA_C_TO_AREA_C,CA,CI,120_plus,very_high,6_8,Y,L,0,0.6230136,26.68367315649986
42.0,58.8120145,8.78125,1,1,0,0,0,0,0,1,0,4,1,214.08333333333334,9.0,41.5502396,4,0,SPECIAL EQUIPMENT,LOWER VERTEX,LANG_02,Round-Trip,google,Direct,Direct,Logged-In,AREA_B,AREA_B,AREA_B_TO_AREA_B,BU,BE,31_60,high,9_14,Y,U,0,0.642141,26.681111764418173
107.0,84.2688816,,2,2,0,0,0,0,0,1,0,3,1,3.4166666666666665,16.0,42.83,3,1,SPECIAL EQUIPMENT,UPPER APEX,LANG_09,Round-Trip,google,Direct,Paid Search,Logged-In,AREA_C,AREA_B,AREA_C_TO_AREA_B,CA,BO,61_120,high,unknown_or_oneway,Y,L,0,0.62293154,26.680157858729363
121.0,39.2074386,3.513888888888889,3,3,0,0,0,0,0,0,0,2,1,86.33333333333333,21.0,85.66,6,1,SPECIAL EQUIPMENT,UPPER APEX,LANG_02,Round-Trip,apple,Direct,Direct,Logged-Out,AREA_C,AREA_B,AREA_C_TO_AREA_B,CA,BE,120_plus,mid,3_5,Y,O,0,0.31144488,26.678368299007413
27.0,32.0903775,4.517361111111111,1,1,0,0,0,0,0,1,0,2,1,110.5,14.0,42.83,3,1,SPECIAL EQUIPMENT,WEST APEX,LANG_02,Round-Trip,apple,Direct,Direct,Logged-In,AREA_C,AREA_B,AREA_C_TO_AREA_B,CA,BI,15_30,low,3_5,Y,O,0,0.6228749,26.67773263514042
0.0,368.3606999,7.21875,1,1,0,0,0,0,0,0,0,2,1,187.75,8.0,38.547,1,1,SPECIAL EQUIPMENT,UPPER APEX,LANG_09,Round-Trip,google,Email,Email,Logged-Out,AREA_C,AREA_B,AREA_C_TO_AREA_B,CA,BI,invalid_or_past,very_high,6_8,Y,H,0,0.6920214,26.6753500444293
53.0,206.5639504,12.190972222222221,4,2,0,2,0,1,0,0,0,2,1,297.6666666666667,20.0,42.83,2,1,SPECIAL EQUIPMENT,UPPER APEX,LANG_09,Round-Trip,apple,MetaSearches,MetaSearches,Logged-Out,AREA_C,AREA_B,AREA_C_TO_AREA_B,CA,BI,31_60,very_high,9_14,Y,V,0,0.6227357,26.671769137978554
193.0,156.2421268,10.215277777777779,4,3,0,1,0,1,0,0,0,2,1,249.08333333333334,12.0,42.83,6,1,SPECIAL EQUIPMENT,UPPER APEX,LANG_09,Round-Trip,google,Paid Search,Paid Search,Logged-Out,AREA_C,AREA_C,AREA_C_TO_AREA_C,CA,CI,120_plus,very_high,9_14,Y,V,0,0.62271965,26.67108241677284
27.0,41.9438473,3.263888888888889,2,2,0,0,0,0,0,0,0,4,1,80.41666666666667,15.0,47.0033552,5,0,SPECIAL EQUIPMENT,LOWER ZENITH,LANG_02,Round-Trip,google,Organic Search,Paid Search,Logged-Out,AREA_C,AREA_B,AREA_C_TO_AREA_B,CE,BO,15_30,mid,3_5,Y,L,0,0.5672831,26.664208762913418
44.0,163.25082799999998,4.197916666666667,4,2,0,2,0,1,0,0,0,2,1,104.25,22.0,77.094,5,1,SPECIAL EQUIPMENT,UPPER APEX,LANG_09,Round-Trip,microsoft,Direct,Direct,Logged-Out,AREA_C,AREA_B,AREA_C_TO_AREA_B,CA,BA,31_60,very_high,3_5,Y,T,0,0.3457842,26.657886137008663
8.0,130.6173661,6.385416666666667,1,1,0,0,0,0,0,0,0,2,1,166.66666666666666,22.0,38.547,4,1,SPECIAL EQUIPMENT,UPPER APEX,LANG_09,Round-Trip,mozilla,Organic Search,Organic Search,Logged-Out,AREA_C,AREA_B,AREA_C_TO_AREA_B,CA,BI,8_14,very_high,6_8,Y,S,0,0.6915645,26.657736794292926
83.0,72.76560020000001,,2,2,0,0,0,0,0,0,0,3,1,3.4166666666666665,11.0,42.83,3,1,SPECIAL EQUIPMENT,UPPER APEX,LANG_09,Round-Trip,google,Email,Paid Search,Logged-Out,AREA_C,AREA_B,AREA_C_TO_AREA_B,CA,BO,61_120,high,unknown_or_oneway,Y,L,0,0.6222794,26.65222694158554
51.0,97.3967049,,1,1,0,0,0,0,0,0,0,2,1,239.0,23.0,65.0253626,3,1,SPECIAL EQUIPMENT,LOWER VERTEX,LANG_02,Multi-City,google,Direct,Paid Search,Logged-Out,AREA_B,AREA_C,AREA_B_TO_AREA_C,BU,CA,31_60,high,unknown_or_oneway,Y,L,0,0.40970218,26.641032930603096
104.0,726.5312862,7.319444444444445,6,1,5,0,0,0,1,1,0,2,1,191.83333333333334,14.0,41.438025,2,1,SPECIAL EQUIPMENT,UPPER APEX,LANG_09,Round-Trip,google,Direct,Direct,Logged-In,AREA_C,AREA_B,AREA_C_TO_AREA_B,CA,BO,61_120,very_high,6_8,Y,U,0,0.6428853,26.63989826641381
57.0,84.8042566,4.236111111111111,1,1,0,0,0,0,0,0,0,2,1,102.25,19.0,42.83,5,1,SPECIAL EQUIPMENT,UPPER APEX,LANG_09,Round-Trip,mozilla,Paid Search,Paid Search,Logged-Out,AREA_C,AREA_B,AREA_C_TO_AREA_B,CA,BI,31_60,high,3_5,Y,S,0,0.62181103,26.632166513204574
5.0,411.7440635,7.871527777777778,5,3,2,0,0,0,1,1,0,4,1,189.83333333333334,22.0,38.6249506,4,0,SPECIAL EQUIPMENT,UPPER APEX,LANG_09,Round-Trip,apple,Direct,Direct,Logged-In,AREA_B,AREA_B,AREA_B_TO_AREA_B,BE,BU,4_7,very_high,6_8,Y,L,0,0.68946177,26.630426716977322
309.0,403.004602,,5,3,1,1,0,1,1,1,1,2,1,-457.3333333333333,20.0,42.83,5,1,SPECIAL EQUIPMENT,UPPER APEX,LANG_09,Round-Trip,mozilla,Paid Search,Paid Search,Logged-In,AREA_C,AREA_B,AREA_C_TO_AREA_B,CA,BE,120_plus,very_high,unknown_or_oneway,Y,T,0,0.6217688,26.63035653054714
95.0,590.3811407,12.48611111111111,3,3,0,0,0,0,0,1,1,4,1,301.0,17.0,38.3945252,5,0,SPECIAL EQUIPMENT,WEST VERTEX,LANG_02,Round-Trip,google,Paid Search,Paid Search,Logged-In,AREA_B,AREA_B,AREA_B_TO_AREA_B,BO,BU,61_120,very_high,9_14,Y,T,0,0.6935965,26.630307617412424
63.0,133.0308366,10.447916666666666,2,2,0,0,0,0,0,0,0,2,1,254.91666666666666,13.0,42.83,4,1,SPECIAL EQUIPMENT,UPPER APEX,LANG_09,Round-Trip,google,Email,Paid Search,Logged-Out,AREA_C,AREA_C,AREA_C_TO_AREA_C,CA,CE,61_120,very_high,9_14,Y,O,0,0.6215627,26.62153126955032
117.0,738.7939435000001,15.666666666666666,3,3,0,0,0,0,0,0,0,4,1,379.0833333333333,23.0,38.0253306,2,0,SPECIAL EQUIPMENT,OLD AURORA,LANG_02,Round-Trip,apple,Direct,Direct,Logged-Out,AREA_B,AREA_B,AREA_B_TO_AREA_B,BO,BU,61_120,very_high,15_30,Y,H,0,0.69987434,26.6129532135341
29.0,50.053707800000005,8.184027777777779,1,1,0,0,0,0,0,0,0,2,1,201.5,22.0,42.83,6,1,SPECIAL EQUIPMENT,UPPER APEX,LANG_09,Round-Trip,apple,Direct,Paid Search,Logged-Out,AREA_C,AREA_B,AREA_C_TO_AREA_B,CA,BO,15_30,mid,9_14,Y,O,0,0.6212925,26.609956570863723
34.0,278.9295184,7.229166666666667,8,8,0,0,0,0,0,0,0,2,1,176.16666666666666,14.0,36.336972,6,1,SPECIAL EQUIPMENT,UPPER APEX,LANG_09,Round-Trip,google,Organic Search,Paid Search,Logged-Out,AREA_C,AREA_B,AREA_C_TO_AREA_B,CA,BO,31_60,very_high,6_8,Y,O,0,0.7322778,26.608758299033404
47.0,26.991466000000003,4.513888888888889,1,1,0,0,0,0,0,1,0,2,1,110.41666666666667,12.0,42.83,5,1,SPECIAL EQUIPMENT,UPPER APEX,LANG_02,Round-Trip,google,Paid Search,Paid Search,Logged-In,AREA_C,AREA_C,AREA_C_TO_AREA_C,CA,CI,31_60,low,3_5,Y,L,0,0.62124217,26.607801951169968
64.0,145.377869,8.48263888888889,2,2,0,0,0,0,0,0,1,2,1,224.16666666666666,20.0,40.6885,2,1,SPECIAL EQUIPMENT,UPPER APEX,LANG_09,Round-Trip,microsoft,Direct,Paid Search,Logged-Out,AREA_C,AREA_D,AREA_C_TO_AREA_D,CA,DA,61_120,very_high,9_14,Y,O,0,0.653938,26.60775612720847
14.0,41.136501800000005,,1,1,0,0,0,0,0,0,0,1,0,2.75,12.0,60.107622,4,1,SPECIAL EQUIPMENT,UPPER APEX,LANG_02,One-Way,google,Direct,Direct,Logged-Out,AREA_C,AREA_C,AREA_C_TO_AREA_C,CA,CI,8_14,mid,unknown_or_oneway,Y,Q,0,0.4426261,26.60520163639408
57.0,126.3724848,4.086805555555555,4,4,0,0,0,0,0,0,0,2,1,98.66666666666667,22.0,42.83,5,1,SPECIAL EQUIPMENT,UPPER APEX,LANG_09,Round-Trip,google,Paid Search,Paid Search,Logged-Out,AREA_C,AREA_B,AREA_C_TO_AREA_B,CA,BI,31_60,very_high,3_5,Y,O,0,0.621042,26.599229423999784
100.0,164.2419142,7.361111111111111,2,2,0,0,0,0,0,0,0,2,1,191.83333333333334,21.0,41.438025,2,1,SPECIAL EQUIPMENT,UPPER APEX,LANG_09,Round-Trip,apple,Paid Search,Paid Search,Logged-Out,AREA_C,AREA_B,AREA_C_TO_AREA_B,CA,BO,61_120,very_high,6_8,Y,O,0,0.641755,26.593059106323125
62.0,19.1411553,2.21875,1,1,0,0,0,0,0,0,0,4,1,55.916666666666664,8.0,87.2464232,6,0,SPECIAL EQUIPMENT,NEW MERIDIAN,LANG_02,Round-Trip,microsoft,Paid Search,Paid Search,Logged-Out,AREA_C,AREA_C,AREA_C_TO_AREA_C,CI,CI,61_120,very_low,3_5,Y,U,0,0.3047913,26.591950877377293
28.0,13.3792354,5.739583333333333,1,1,0,0,0,0,0,0,0,2,1,139.66666666666666,17.0,85.66,4,1,SPECIAL EQUIPMENT,UPPER APEX,LANG_09,Round-Trip,google,MetaSearches,MetaSearches,Logged-Out,AREA_C,AREA_B,AREA_C_TO_AREA_B,CA,BE,15_30,very_low,6_8,Y,O,0,0.31042147,26.590702848434447
38.0,13.093987600000002,6.513888888888889,1,1,0,0,0,0,0,1,0,2,1,158.33333333333334,11.0,85.66,3,1,SPECIAL EQUIPMENT,UPPER APEX,LANG_09,Round-Trip,apple,Direct,Direct,Logged-In,AREA_C,AREA_B,AREA_C_TO_AREA_B,CA,BE,31_60,very_low,6_8,Y,O,0,0.31042147,26.590702848434447
31.0,70.3499882,5.177083333333333,3,2,0,1,0,1,0,0,0,2,1,129.33333333333334,7.0,42.83,3,1,SPECIAL EQUIPMENT,UPPER APEX,LANG_09,Round-Trip,mozilla,Paid Search,Paid Search,Logged-Out,AREA_C,AREA_B,AREA_C_TO_AREA_B,CA,BO,31_60,high,6_8,Y,O,0,0.620807,26.5891634696722
6.0,48.410749,7.118055555555555,1,1,0,0,0,0,0,0,0,2,1,172.75,23.0,42.83,6,1,SPECIAL EQUIPMENT,UPPER APEX,LANG_09,Round-Trip,apple,Direct,Direct,Logged-Out,AREA_C,AREA_C,AREA_C_TO_AREA_C,CA,CE,4_7,mid,6_8,Y,K,0,0.6206989,26.584535121917725
26.0,210.1578157,7.78125,2,2,0,0,0,0,0,0,0,5,1,190.08333333333334,20.0,41.5502396,4,0,SPECIAL EQUIPMENT,LOWER VERTEX,LANG_02,Round-Trip,google,Organic Search,MetaSearches,Logged-Out,AREA_B,AREA_B,AREA_B_TO_AREA_B,BU,BE,15_30,very_high,6_8,Y,U,0,0.6396968,26.579554350167964
144.0,330.2201566,22.055555555555557,2,2,0,0,0,0,0,0,0,4,1,530.25,18.0,38.547,5,0,SPECIAL EQUIPMENT,UPPER APEX,LANG_09,Round-Trip,mozilla,Paid Search,Paid Search,Logged-Out,AREA_C,AREA_B,AREA_C_TO_AREA_B,CA,BI,120_plus,very_high,15_30,Y,L,0,0.6895107,26.57856907188892
52.0,52.04401790000001,4.236111111111111,1,1,0,0,0,0,0,0,0,2,1,102.25,17.0,42.83,4,1,SPECIAL EQUIPMENT,UPPER APEX,LANG_09,Round-Trip,google,Organic Search,Paid Search,Logged-Out,AREA_C,AREA_B,AREA_C_TO_AREA_B,CA,BI,31_60,mid,3_5,Y,W,0,0.620382,26.570961528420447
124.0,180.254338,12.097222222222221,2,2,0,0,0,0,0,0,0,2,1,304.75,11.0,42.4017,2,1,SPECIAL EQUIPMENT,UPPER APEX,LANG_09,Round-Trip,google,Direct,Referrals,Logged-Out,AREA_C,AREA_B,AREA_C_TO_AREA_B,CA,BI,120_plus,very_high,9_14,Y,U,0,0.6263894,26.559974754989145
37.0,48.5165391,7.197916666666667,1,1,0,0,0,0,0,1,0,2,1,176.25,17.0,77.094,2,1,SPECIAL EQUIPMENT,UPPER VERTEX,LANG_11,Round-Trip,google,Direct,Direct,Logged-In,AREA_C,AREA_B,AREA_C_TO_AREA_B,CA,BA,31_60,mid,6_8,Y,W,0,0.3444859,26.55779664891958
22.0,307.3300914,4.010416666666667,1,1,0,0,0,0,0,1,0,2,1,102.91666666666667,9.0,77.094,5,1,SPECIAL EQUIPMENT,UPPER APEX,LANG_09,Round-Trip,apple,Direct,Direct,Logged-In,AREA_C,AREA_B,AREA_C_TO_AREA_B,CA,BU,15_30,very_high,3_5,Y,E,0,0.34443736,26.554053890705106
17.0,315.4660782,5.982638888888889,1,1,0,0,0,0,0,0,0,2,1,164.16666666666666,18.0,38.547,3,1,SPECIAL EQUIPMENT,UPPER APEX,LANG_09,Round-Trip,mozilla,Direct,Paid Search,Logged-Out,AREA_C,AREA_D,AREA_C_TO_AREA_D,CA,DA,15_30,very_high,6_8,P,A,0,0.68878514,26.550600627601145
4.0,113.3341762,3.7569444444444446,2,2,0,0,0,0,0,0,0,2,1,91.66666666666667,21.0,42.83,5,1,SPECIAL EQUIPMENT,UPPER APEX,LANG_09,Round-Trip,google,Organic Search,Paid Search,Logged-Out,AREA_C,AREA_B,AREA_C_TO_AREA_B,CA,BI,4_7,very_high,3_5,Y,V,0,0.6198859,26.54971401691437
7.0,41.4581551,2.7291666666666665,1,1,0,0,0,0,0,0,0,4,1,68.25,14.0,42.5695936,5,0,SPECIAL EQUIPMENT,NEW MERIDIAN,LANG_02,Round-Trip,google,MetaSearches,Paid Search,Logged-Out,AREA_C,AREA_D,AREA_C_TO_AREA_D,CI,DA,4_7,mid,3_5,Y,L,0,0.62367415,26.5495552865921
20.0,89.26885580000001,3.7430555555555554,2,2,0,0,0,0,0,1,0,2,1,91.33333333333333,12.0,42.83,1,1,SPECIAL EQUIPMENT,UPPER APEX,LANG_09,Round-Trip,apple,Direct,MetaSearches,Logged-In,AREA_C,AREA_B,AREA_C_TO_AREA_B,CA,BI,15_30,high,3_5,Y,U,0,0.6198771,26.54933619260788
81.0,29.0079024,5.128472222222222,1,1,0,0,0,0,0,1,1,2,1,125.25,16.0,42.83,3,1,SPECIAL EQUIPMENT,SOUTH MERIDIAN,LANG_02,Round-Trip,google,Direct,Direct,Logged-In,AREA_C,AREA_B,AREA_C_TO_AREA_B,CA,BI,61_120,low,6_8,Y,O,0,0.6196479,26.539520419239995
61.0,151.21516970000002,,1,1,0,0,0,0,0,0,0,2,1,-2354.0,18.0,40.6885,1,1,SPECIAL EQUIPMENT,UPPER APEX,LANG_09,Round-Trip,microsoft,Paid Search,Paid Search,Logged-Out,AREA_C,AREA_D,AREA_C_TO_AREA_D,CA,DA,61_120,very_high,unknown_or_oneway,Y,L,0,0.65220493,26.53724032613635
6.0,180.4911879,4.045138888888889,2,2,0,0,0,0,0,0,0,2,1,98.58333333333333,17.0,42.83,5,1,SPECIAL EQUIPMENT,UPPER APEX,LANG_09,Round-Trip,google,Paid Search,Paid Search,Logged-Out,AREA_C,AREA_B,AREA_C_TO_AREA_B,CA,BI,4_7,very_high,3_5,Y,S,0,0.6193808,26.528078469634057
156.0,884.2613272,15.0,4,3,1,0,0,0,1,0,0,2,1,367.25,18.0,77.094,5,1,SPECIAL EQUIPMENT,UPPER APEX,LANG_09,Round-Trip,samsung,Direct,Direct,Logged-Out,AREA_C,AREA_B,AREA_C_TO_AREA_B,CA,BU,120_plus,very_high,15_30,Y,V,0,0.34409195,26.52742493569851
0.0,73.543393,5.184027777777778,2,2,0,0,0,0,0,1,1,2,1,129.5,2.0,42.83,3,1,SPECIAL EQUIPMENT,LOWER VERTEX,LANG_02,Round-Trip,google,Paid Search,Paid Search,Logged-In,AREA_C,AREA_B,AREA_C_TO_AREA_B,CA,BI,invalid_or_past,high,6_8,Y,V,0,0.6191546,26.51839033961296
163.0,114.0541485,12.065972222222221,1,1,0,0,0,0,0,0,0,2,1,294.5833333333333,10.0,81.377,2,1,SPECIAL EQUIPMENT,UPPER APEX,LANG_09,Round-Trip,google,Paid Search,MetaSearches,Logged-Out,AREA_C,AREA_C,AREA_C_TO_AREA_C,CA,CA,120_plus,very_high,9_14,Y,L,0,0.3258063,26.513138454109427
43.0,134.7397536,21.197916666666668,2,2,0,0,0,0,0,0,0,2,1,512.25,10.0,77.094,2,1,SPECIAL EQUIPMENT,UPPER APEX,LANG_09,Round-Trip,google,MetaSearches,MetaSearches,Logged-Out,AREA_C,AREA_B,AREA_C_TO_AREA_B,CA,BA,31_60,very_high,15_30,Y,Q,0,0.3439053,26.51303519064188
127.0,458.97912899999994,3.5034722222222223,5,4,1,0,0,0,1,0,0,2,1,86.25,13.0,48.18375,5,1,SPECIAL EQUIPMENT,UPPER APEX,LANG_09,Round-Trip,microsoft,Paid Search,Paid Search,Logged-Out,AREA_C,AREA_C,AREA_C_TO_AREA_C,CA,CI,120_plus,very_high,3_5,Y,Q,0,0.55,26.501063074395063
174.0,231.1796363,9.024305555555555,3,3,0,0,0,0,0,0,0,2,1,236.16666666666666,14.0,40.6885,2,1,SPECIAL EQUIPMENT,UPPER APEX,LANG_09,Round-Trip,google,Paid Search,Paid Search,Logged-Out,AREA_C,AREA_D,AREA_C_TO_AREA_D,CA,DA,120_plus,very_high,9_14,Y,O,0,0.651091,26.491915322482583
58.0,803.0179568,6.302083333333333,8,8,0,0,0,0,0,1,0,2,1,167.5,11.0,38.547,4,1,SPECIAL EQUIPMENT,UPPER APEX,LANG_09,Round-Trip,google,Organic Search,MetaSearches,Logged-In,AREA_C,AREA_B,AREA_C_TO_AREA_B,CA,BO,31_60,very_high,6_8,Y,L,0,0.68712866,26.48674857509136
0.0,27.6073614,4.447916666666667,1,1,0,0,0,0,0,0,0,2,1,108.66666666666667,9.0,85.66,5,1,SPECIAL EQUIPMENT,UPPER APEX,LANG_09,Round-Trip,apple,Direct,Direct,Logged-Out,AREA_C,AREA_B,AREA_C_TO_AREA_B,CA,BE,invalid_or_past,low,3_5,Y,L,0,0.3092011,26.48616550028324
256.0,878.9966635999999,29.010416666666668,2,2,0,0,0,0,0,0,0,2,1,702.9166666666666,12.0,77.094,4,1,SPECIAL EQUIPMENT,UPPER APEX,LANG_09,Round-Trip,mozilla,Paid Search,Paid Search,Logged-Out,AREA_C,AREA_B,AREA_C_TO_AREA_B,CA,BU,120_plus,very_high,15_30,P,A,0,0.34355587,26.486096062302586
74.0,388.6205748,8.48263888888889,4,4,0,0,0,0,0,0,0,2,1,224.16666666666666,14.0,38.547,2,1,SPECIAL EQUIPMENT,UPPER APEX,LANG_09,Round-Trip,google,Paid Search,MetaSearches,Logged-Out,AREA_C,AREA_D,AREA_C_TO_AREA_D,CA,DA,61_120,very_high,9_14,Y,U,0,0.68709004,26.485259743094442
150.0,20.1155378,7.125,1,1,0,0,0,0,0,1,0,2,1,173.16666666666666,22.0,46.9442498,3,1,SPECIAL EQUIPMENT,UPPER APEX,LANG_09,Round-Trip,apple,Direct,Direct,Logged-In,AREA_C,AREA_C,AREA_C_TO_AREA_C,CA,CI,120_plus,very_low,6_8,Y,U,0,0.56411535,26.48197169413525
2.0,109.6799206,7.097222222222222,2,2,0,0,0,0,0,0,0,2,1,171.91666666666666,12.0,42.83,3,1,SPECIAL EQUIPMENT,UPPER APEX,LANG_09,Round-Trip,google,Paid Search,Paid Search,Logged-Out,AREA_C,AREA_C,AREA_C_TO_AREA_C,CA,CO,0_3,very_high,6_8,Y,S,0,0.61819494,26.477289181947707
54.0,235.0287684,7.229166666666667,2,1,1,0,0,0,1,0,0,2,1,194.08333333333334,11.0,38.547,2,1,SPECIAL EQUIPMENT,UPPER APEX,LANG_09,Round-Trip,google,MetaSearches,Organic Search,Logged-Out,AREA_C,AREA_D,AREA_C_TO_AREA_D,CA,DA,31_60,very_high,6_8,Y,U,0,0.68681836,26.47478737235069
0.0,39.1560426,6.666666666666667,1,1,0,0,0,0,0,0,0,2,1,165.08333333333334,13.0,42.83,4,1,SPECIAL EQUIPMENT,UPPER APEX,LANG_09,Round-Trip,samsung,Paid Search,Paid Search,Logged-Out,AREA_C,AREA_B,AREA_C_TO_AREA_B,CA,BI,invalid_or_past,mid,6_8,Y,S,0,0.61812663,26.47436359643936
144.0,125.813125,15.23263888888889,2,2,0,0,0,0,0,1,1,4,1,366.5,13.0,38.547,5,0,SPECIAL EQUIPMENT,UPPER APEX,LANG_09,Round-Trip,samsung,Direct,Direct,Logged-In,AREA_C,AREA_B,AREA_C_TO_AREA_B,CA,BI,120_plus,very_high,15_30,Y,O,0,0.6867418,26.47183727931976
26.0,31.771293999999997,4.517361111111111,2,1,0,1,0,1,0,0,0,2,1,110.41666666666667,22.0,42.83,3,1,SPECIAL EQUIPMENT,UPPER APEX,LANG_09,Round-Trip,google,Paid Search,Email,Logged-Out,AREA_C,AREA_B,AREA_C_TO_AREA_B,CA,BI,15_30,low,3_5,Y,O,0,0.61800843,26.46930126130581
22.0,53.3593272,4.121527777777778,2,2,0,0,0,0,0,0,0,2,1,100.91666666666667,20.0,47.113,4,1,SPECIAL EQUIPMENT,SOUTH MERIDIAN,LANG_02,Round-Trip,google,MetaSearches,MetaSearches,Logged-Out,AREA_C,AREA_B,AREA_C_TO_AREA_B,CA,BI,15_30,mid,3_5,Y,U,0,0.5614184,26.450105744242666
70.0,71.8092063,,1,1,0,0,0,0,0,0,0,2,1,-121.41666666666667,13.0,42.83,3,1,SPECIAL EQUIPMENT,UPPER APEX,LANG_02,Round-Trip,apple,Paid Search,Paid Search,Logged-Out,AREA_C,AREA_C,AREA_C_TO_AREA_C,CA,CE,61_120,high,unknown_or_oneway,Y,O,0,0.61747694,26.446537346839904
37.0,209.8802773,13.684027777777779,1,1,0,0,0,0,0,0,0,2,1,333.75,11.0,82.87605,5,0,SPECIAL EQUIPMENT,UPPER APEX,LANG_09,Round-Trip,google,Internal,Paid Search,Logged-Out,AREA_B,AREA_C,AREA_B_TO_AREA_C,BE,CA,31_60,very_high,9_14,Y,E,0,0.31905982,26.442417511032524
73.0,424.008434,10.739583333333334,5,4,0,1,0,1,0,0,0,4,1,260.9166666666667,20.0,41.5502396,4,0,SPECIAL EQUIPMENT,LOWER VERTEX,LANG_09,Round-Trip,microsoft,Paid Search,MetaSearches,Logged-Out,AREA_B,AREA_B,AREA_B_TO_AREA_B,BU,BE,61_120,very_high,9_14,Y,W,0,0.6363885,26.442093850240063
46.0,644.9487022,8.48263888888889,6,4,1,1,0,1,1,0,0,2,1,224.16666666666666,17.0,38.547,2,1,SPECIAL EQUIPMENT,UPPER APEX,LANG_02,Round-Trip,google,Direct,Direct,Logged-Out,AREA_C,AREA_D,AREA_C_TO_AREA_D,CA,DA,31_60,very_high,9_14,Y,V,0,0.6858406,26.437097866058348
40.0,420.7006731,8.48263888888889,3,3,0,0,0,0,0,1,0,2,1,224.16666666666666,18.0,38.547,2,1,SPECIAL EQUIPMENT,UPPER APEX,LANG_09,Round-Trip,apple,Direct,Direct,Logged-In,AREA_C,AREA_D,AREA_C_TO_AREA_D,CA,DA,31_60,very_high,9_14,Y,T,0,0.6858406,26.437097866058348
39.0,98.6991652,,4,2,1,1,0,1,1,1,0,2,1,4.583333333333333,13.0,31.7999901,3,0,SPECIAL EQUIPMENT,SOUTH VERTEX,LANG_02,One-Way,mozilla,Paid Search,Paid Search,Logged-In,AREA_C,AREA_C,AREA_C_TO_AREA_C,CE,CU,31_60,high,unknown_or_oneway,Y,V,0,0.8312876,26.43493816421921
29.0,186.3867374,6.427083333333333,2,2,0,0,0,0,0,1,1,2,1,170.41666666666666,23.0,41.438025,4,1,SPECIAL EQUIPMENT,UPPER APEX,LANG_09,Round-Trip,google,Direct,Paid Search,Logged-In,AREA_C,AREA_B,AREA_C_TO_AREA_B,CA,BO,15_30,very_high,6_8,Y,O,0,0.63792014,26.434150759881735
123.0,29.3055709,18.1875,1,1,0,0,0,0,0,0,0,4,1,439.25,12.0,39.4344376,3,0,SPECIAL EQUIPMENT,NEW MERIDIAN,LANG_02,Round-Trip,google,Direct,Direct,Logged-Out,AREA_C,AREA_C,AREA_C_TO_AREA_C,CI,CE,120_plus,low,15_30,Y,U,0,0.6702967,26.432774517894316
9.0,21.9349562,8.125,1,1,0,0,0,0,0,0,0,2,1,197.0,21.0,85.66,6,1,SPECIAL EQUIPMENT,UPPER APEX,LANG_09,Round-Trip,microsoft,Paid Search,Organic Search,Logged-Out,AREA_C,AREA_B,AREA_C_TO_AREA_B,CA,BE,8_14,low,9_14,Y,L,0,0.3084806,26.42444738924503
39.0,79.4021087,,1,1,0,0,0,0,0,0,0,2,1,-145.5,17.0,42.83,2,1,SPECIAL EQUIPMENT,UPPER APEX,LANG_09,Round-Trip,google,Email,Email,Logged-Out,AREA_C,AREA_C,AREA_C_TO_AREA_C,CA,CE,31_60,high,unknown_or_oneway,Y,O,0,0.6167611,26.415877414941786
45.0,87.1637613,8.4375,1,1,0,0,0,0,0,0,0,2,1,206.25,14.0,42.83,2,1,SPECIAL EQUIPMENT,UPPER APEX,LANG_09,Round-Trip,google,Organic Search,Organic Search,Logged-Out,AREA_C,AREA_C,AREA_C_TO_AREA_C,CA,CE,31_60,high,9_14,Y,O,0,0.6167611,26.415877414941786
54.0,30.4756865,12.739583333333334,2,1,0,1,0,1,0,0,0,2,1,307.6666666666667,12.0,85.66,2,1,SPECIAL EQUIPMENT,WEST APEX,LANG_02,Round-Trip,microsoft,Paid Search,Paid Search,Logged-Out,AREA_C,AREA_B,AREA_C_TO_AREA_B,CA,BE,31_60,low,9_14,Y,O,0,0.30835617,26.41378916978836
4.0,108.3097889,4.729166666666667,2,2,0,0,0,0,0,0,0,2,1,115.5,10.0,42.83,4,1,SPECIAL EQUIPMENT,SOUTH MERIDIAN,LANG_02,Round-Trip,samsung,Direct,Direct,Logged-Out,AREA_C,AREA_B,AREA_C_TO_AREA_B,CA,BI,4_7,very_high,3_5,Y,Q,0,0.6165375,26.406301611065864
224.0,69.8060472,6.159722222222222,1,1,0,0,0,0,0,0,0,2,1,152.91666666666666,16.0,42.83,3,1,SPECIAL EQUIPMENT,UPPER APEX,LANG_09,Round-Trip,microsoft,Paid Search,Paid Search,Logged-Out,AREA_C,AREA_B,AREA_C_TO_AREA_B,CA,BO,120_plus,high,6_8,Y,Q,0,0.6164709,26.403447505831718
139.0,362.4304581,30.23263888888889,3,3,0,0,0,0,0,0,0,4,1,726.5,21.0,38.547,5,0,SPECIAL EQUIPMENT,UPPER APEX,LANG_02,Round-Trip,mozilla,Paid Search,Paid Search,Logged-Out,AREA_C,AREA_B,AREA_C_TO_AREA_B,CA,BI,120_plus,very_high,30_plus,Y,O,0,0.6848928,26.40056174504757
2.0,61.4601934,5.34375,1,1,0,0,0,0,0,0,0,2,1,129.75,20.0,42.83,3,1,SPECIAL EQUIPMENT,WEST APEX,LANG_09,Round-Trip,google,Email,Email,Logged-Out,AREA_C,AREA_B,AREA_C_TO_AREA_B,CA,BI,0_3,high,6_8,Y,V,0,0.61636543,26.398931484222413
265.0,732.1925556,,4,2,1,1,0,1,1,0,0,2,1,350.75,16.0,41.438025,1,1,SPECIAL EQUIPMENT,UPPER APEX,LANG_09,Multi-City,apple,Direct,Direct,Logged-Out,AREA_C,AREA_C,AREA_C_TO_AREA_C,CA,CA,120_plus,very_high,unknown_or_oneway,Y,W,0,0.63672584,26.38466139842123
259.0,653.7584049000001,,3,2,1,0,0,0,1,1,0,2,1,566.75,20.0,41.438025,1,1,SPECIAL EQUIPMENT,UPPER APEX,LANG_09,Multi-City,apple,Direct,Direct,Logged-In,AREA_C,AREA_C,AREA_C_TO_AREA_C,CA,CA,120_plus,very_high,unknown_or_oneway,Y,V,0,0.63672584,26.38466139842123
118.0,382.4770396,10.222222222222221,4,2,1,1,0,1,1,1,0,2,1,260.0,10.0,38.547,4,1,SPECIAL EQUIPMENT,UPPER APEX,LANG_09,Round-Trip,google,Paid Search,Paid Search,Logged-In,AREA_C,AREA_B,AREA_C_TO_AREA_B,CA,BI,61_120,very_high,9_14,Y,U,0,0.6843927,26.38128504681587
54.0,46.6315908,,1,1,0,0,0,0,0,0,0,2,1,-280.75,18.0,42.83,2,1,SPECIAL EQUIPMENT,UPPER APEX,LANG_02,Round-Trip,apple,Paid Search,Paid Search,Logged-Out,AREA_C,AREA_C,AREA_C_TO_AREA_C,CA,CU,31_60,mid,unknown_or_oneway,Y,U,0,0.6159474,26.381028228402137
53.0,20.8959004,10.159722222222221,2,2,0,0,0,0,0,0,0,2,1,245.75,20.0,85.66,3,1,SPECIAL EQUIPMENT,UPPER APEX,LANG_09,Round-Trip,google,Direct,Direct,Logged-Out,AREA_C,AREA_B,AREA_C_TO_AREA_B,CA,BE,31_60,very_low,9_14,Y,O,0,0.3079326,26.37750527203083
186.0,153.1720724,13.64236111111111,1,1,0,0,0,0,0,1,0,2,1,333.3333333333333,22.0,82.87605,5,0,SPECIAL EQUIPMENT,UPPER APEX,LANG_09,Round-Trip,apple,Paid Search,Paid Search,Logged-In,AREA_B,AREA_C,AREA_B_TO_AREA_C,BE,CA,120_plus,very_high,9_14,Y,W,0,0.31813473,26.36574938361347
186.0,143.6209824,13.64236111111111,1,1,0,0,0,0,0,1,0,2,1,333.3333333333333,21.0,82.87605,5,0,SPECIAL EQUIPMENT,UPPER APEX,LANG_09,Round-Trip,google,Paid Search,Paid Search,Logged-In,AREA_B,AREA_C,AREA_B_TO_AREA_C,BE,CA,120_plus,very_high,9_14,Y,W,0,0.31813473,26.36574938361347
122.0,143.7173499,12.833333333333334,1,1,0,0,0,0,0,1,0,3,1,313.9166666666667,20.0,82.87605,5,0,SPECIAL EQUIPMENT,UPPER APEX,LANG_09,Round-Trip,google,Paid Search,Paid Search,Logged-In,AREA_B,AREA_C,AREA_B_TO_AREA_C,BE,CA,120_plus,very_high,9_14,Y,W,0,0.31813473,26.36574938361347
17.0,171.88621260000002,9.065972222222221,1,1,0,0,0,0,0,0,0,2,1,222.58333333333334,17.0,81.377,1,1,SPECIAL EQUIPMENT,UPPER APEX,LANG_09,Round-Trip,google,Paid Search,Organic Search,Logged-Out,AREA_C,AREA_C,AREA_C_TO_AREA_C,CA,CA,15_30,very_high,9_14,Y,S,0,0.32396087,26.36296375903487
28.0,105.982835,5.319444444444445,1,1,0,0,0,0,0,1,0,2,1,143.83333333333334,17.0,41.438025,4,1,SPECIAL EQUIPMENT,UPPER APEX,LANG_09,Round-Trip,apple,Direct,Direct,Logged-In,AREA_C,AREA_B,AREA_C_TO_AREA_B,CA,BO,15_30,very_high,6_8,Y,L,0,0.63615155,26.36086392386556
21.0,193.0493722,9.586805555555555,1,1,0,0,0,0,0,0,0,4,1,231.0,13.0,41.5502396,4,0,SPECIAL EQUIPMENT,LOWER VERTEX,LANG_02,Round-Trip,apple,Paid Search,Paid Search,Logged-Out,AREA_B,AREA_B,AREA_B_TO_AREA_B,BU,BE,15_30,very_high,9_14,P,R,0,0.6341558,26.349325844217084
225.0,55.5385176,7.215277777777778,3,3,0,0,0,0,0,0,0,2,1,177.08333333333334,16.0,42.83,6,1,SPECIAL EQUIPMENT,UPPER APEX,LANG_09,Round-Trip,apple,Direct,Direct,Logged-Out,AREA_C,AREA_C,AREA_C_TO_AREA_C,CA,CI,120_plus,high,6_8,Y,O,0,0.614951,26.338351951837538
13.0,31.915202800000003,3.9791666666666665,2,2,0,0,0,0,0,0,0,2,1,97.5,14.0,85.66,5,1,SPECIAL EQUIPMENT,UPPER APEX,LANG_09,Round-Trip,opera,Paid Search,Affiliate,Logged-Out,AREA_C,AREA_B,AREA_C_TO_AREA_B,CA,BE,8_14,low,3_5,Y,U,0,0.30742136,26.333713392615316
28.0,85.0963572,5.184027777777778,1,1,0,0,0,0,0,1,0,2,1,129.5,13.0,42.83,3,1,SPECIAL EQUIPMENT,UPPER APEX,LANG_02,Round-Trip,google,MetaSearches,MetaSearches,Logged-In,AREA_C,AREA_B,AREA_C_TO_AREA_B,CA,BO,15_30,high,6_8,Y,Q,0,0.6146751,26.326534730792044
2.0,84.4800335,10.086805555555555,1,1,0,0,0,0,0,0,0,2,1,242.66666666666666,20.0,42.83,3,1,SPECIAL EQUIPMENT,UPPER APEX,LANG_09,Round-Trip,microsoft,Direct,Direct,Logged-Out,AREA_C,AREA_B,AREA_C_TO_AREA_B,CA,BI,0_3,high,9_14,Y,W,0,0.6144592,26.31728824675083
216.0,60.192425400000005,4.131944444444445,1,1,0,0,0,0,0,1,1,2,1,105.16666666666667,17.0,42.83,4,1,SPECIAL EQUIPMENT,UPPER APEX,LANG_09,Round-Trip,mozilla,Direct,Email,Logged-In,AREA_C,AREA_B,AREA_C_TO_AREA_B,CA,BI,120_plus,high,3_5,Y,S,0,0.6142331,26.307602669596672
33.0,73.4757216,3.3854166666666665,4,4,0,0,0,0,0,1,0,2,1,83.25,17.0,85.66,3,1,SPECIAL EQUIPMENT,UPPER APEX,LANG_02,Round-Trip,apple,Direct,Direct,Logged-In,AREA_C,AREA_B,AREA_C_TO_AREA_B,CA,BE,31_60,high,3_5,Y,L,0,0.30692658,26.29133069574833
47.0,26.991466000000003,4.513888888888889,1,1,0,0,0,0,0,1,1,2,1,110.41666666666667,16.0,42.83,4,1,SPECIAL EQUIPMENT,UPPER APEX,LANG_09,Round-Trip,google,Direct,Organic Search,Logged-In,AREA_C,AREA_C,AREA_C_TO_AREA_C,CA,CI,31_60,low,3_5,Y,L,0,0.6136572,26.282936869263647
42.0,13.082851800000002,4.982638888888889,1,1,0,0,0,0,0,1,0,2,1,121.5,8.0,85.66,6,1,SPECIAL EQUIPMENT,UPPER APEX,LANG_09,Round-Trip,apple,Direct,Direct,Logged-In,AREA_C,AREA_B,AREA_C_TO_AREA_B,CA,BE,31_60,very_low,3_5,Y,O,0,0.30675256,26.2764245057106
29.0,14.2384052,4.854166666666667,1,1,0,0,0,0,0,1,1,3,1,118.41666666666667,15.0,85.66,6,1,SPECIAL EQUIPMENT,UPPER APEX,LANG_09,Round-Trip,apple,Direct,Direct,Logged-In,AREA_C,AREA_B,AREA_C_TO_AREA_B,CA,BE,15_30,very_low,3_5,Y,O,0,0.30675256,26.2764245057106
36.0,18.5214052,4.288194444444445,2,2,0,0,0,0,0,0,0,2,1,104.83333333333333,21.0,85.66,6,1,SPECIAL EQUIPMENT,UPPER APEX,LANG_09,Round-Trip,opera,Paid Search,Affiliate,Logged-Out,AREA_C,AREA_B,AREA_C_TO_AREA_B,CA,BE,31_60,very_low,3_5,Y,O,0,0.30673832,26.27520423531532
11.0,41.19689210000001,,2,2,0,0,0,0,0,1,0,2,1,5.0,13.0,36.0774222,4,0,SPECIAL EQUIPMENT,NEW MERIDIAN,LANG_02,One-Way,apple,Direct,Direct,Logged-In,AREA_C,AREA_C,AREA_C_TO_AREA_C,CI,CI,8_14,mid,unknown_or_oneway,Y,V,0,0.7282678,26.27402449433763
159.0,250.5777716,16.03472222222222,3,3,0,0,0,0,0,1,1,4,1,386.9166666666667,22.0,37.6424304,4,0,SPECIAL EQUIPMENT,LOWER ZENITH,LANG_02,Round-Trip,microsoft,Direct,Affiliate,Logged-In,AREA_C,AREA_B,AREA_C_TO_AREA_B,CE,BU,120_plus,very_high,15_30,Y,W,0,0.6978682,26.269456199305917
27.0,426.2621486,11.989583333333334,2,2,0,0,0,0,0,0,0,5,1,289.5833333333333,23.0,38.547,1,1,SPECIAL EQUIPMENT,UPPER APEX,LANG_09,Round-Trip,opera,Direct,Direct,Logged-Out,AREA_C,AREA_D,AREA_C_TO_AREA_D,CA,DA,15_30,very_high,9_14,Y,S,0,0.6810181,26.25120524382591
48.0,111.1678348,,3,2,0,1,0,1,0,0,0,2,1,5.833333333333333,11.0,32.8767363,3,0,SPECIAL EQUIPMENT,UPPER MERIDIAN,LANG_02,One-Way,google,MetaSearches,MetaSearches,Logged-Out,AREA_B,AREA_C,AREA_B_TO_AREA_C,BA,CE,31_60,very_high,unknown_or_oneway,Y,Q,0,0.79838675,26.248350730822327
8.0,28.7145169,,1,1,0,0,0,0,0,0,0,2,1,3.9166666666666665,14.0,63.8698092,4,0,SPECIAL EQUIPMENT,SOUTH VERTEX,LANG_02,One-Way,apple,Direct,Direct,Logged-Out,AREA_C,AREA_B,AREA_C_TO_AREA_B,CI,BA,8_14,low,unknown_or_oneway,Y,Q,0,0.41092345,26.245602423005927
1.0,47.5575754,3.03125,1,1,0,0,0,0,0,1,0,4,1,76.08333333333333,11.0,43.6626152,1,0,SPECIAL EQUIPMENT,NEW MERIDIAN,LANG_02,Round-Trip,google,Organic Search,Organic Search,Logged-In,AREA_C,AREA_D,AREA_C_TO_AREA_D,CI,DA,0_3,mid,3_5,Y,T,0,0.60098886,26.24074554755592
339.0,264.3416204,14.131944444444445,5,2,0,3,0,1,0,0,0,2,1,345.1666666666667,15.0,42.83,3,1,SPECIAL EQUIPMENT,UPPER APEX,LANG_09,Round-Trip,apple,Direct,Direct,Logged-Out,AREA_C,AREA_B,AREA_C_TO_AREA_B,CA,BI,120_plus,very_high,15_30,Y,Q,0,0.61237323,26.22794556260109
58.0,52.276584799999995,3.3854166666666665,4,3,1,0,0,0,1,0,0,2,1,83.25,9.0,85.66,6,1,SPECIAL EQUIPMENT,UPPER APEX,LANG_09,Round-Trip,microsoft,Email,Email,Logged-Out,AREA_C,AREA_B,AREA_C_TO_AREA_B,CA,BE,31_60,mid,3_5,Y,O,0,0.30612034,26.222267986536025
37.0,180.1022915,9.23611111111111,1,1,0,0,0,0,0,1,0,2,1,236.08333333333334,23.0,42.4017,1,1,SPECIAL EQUIPMENT,LOWER VERTEX,LANG_02,Round-Trip,apple,Direct,Direct,Logged-In,AREA_C,AREA_B,AREA_C_TO_AREA_B,CA,BI,31_60,very_high,9_14,Y,S,0,0.618333,26.21836960555315
1.0,54.8459565,,1,1,0,0,0,0,0,0,0,1,0,2.6666666666666665,21.0,60.107622,5,1,SPECIAL EQUIPMENT,UPPER APEX,LANG_02,One-Way,apple,Organic Search,MetaSearches,Logged-Out,AREA_C,AREA_C,AREA_C_TO_AREA_C,CA,CI,0_3,high,unknown_or_oneway,Y,K,0,0.43616828,26.217038296423496
42.0,98.5201358,4.239583333333333,2,2,0,0,0,0,0,0,0,2,1,102.33333333333333,13.0,42.83,4,1,SPECIAL EQUIPMENT,UPPER APEX,LANG_09,Round-Trip,mozilla,Organic Search,Organic Search,Logged-Out,AREA_C,AREA_B,AREA_C_TO_AREA_B,CA,BI,31_60,high,3_5,Y,O,0,0.612112,26.216756346821786
2.0,102.1161426,4.045138888888889,2,2,0,0,0,0,0,0,0,2,1,98.58333333333333,16.0,42.83,4,1,SPECIAL EQUIPMENT,UPPER APEX,LANG_09,Round-Trip,google,Direct,Direct,Logged-Out,AREA_C,AREA_B,AREA_C_TO_AREA_B,CA,BI,0_3,high,3_5,Y,W,0,0.61191267,26.208219559788702
31.0,330.58249839999996,8.23611111111111,4,1,2,1,0,1,1,1,0,2,1,212.08333333333334,8.0,38.547,4,1,SPECIAL EQUIPMENT,UPPER APEX,LANG_02,Round-Trip,samsung,Direct,Direct,Logged-In,AREA_C,AREA_B,AREA_C_TO_AREA_B,CA,BI,31_60,very_high,9_14,Y,O,0,0.679883,26.207450125694272
53.0,27.9628504,14.59375,1,1,0,0,0,0,0,0,0,2,1,352.1666666666667,23.0,85.66,2,1,SPECIAL EQUIPMENT,UPPER APEX,LANG_02,Round-Trip,apple,Direct,Direct,Logged-Out,AREA_C,AREA_B,AREA_C_TO_AREA_B,CA,BE,31_60,low,15_30,Y,U,0,0.3058957,26.20302447557449
63.0,32.703274799999996,,1,1,0,0,0,0,0,0,0,2,1,-154.0,10.0,36.4055,6,1,SPECIAL EQUIPMENT,UPPER APEX,LANG_09,Round-Trip,apple,Direct,Email,Logged-Out,AREA_C,AREA_C,AREA_C_TO_AREA_C,CA,CI,61_120,low,unknown_or_oneway,Y,L,0,0.7193567,26.188540912657977
19.0,153.0388711,5.170138888888889,3,2,1,0,0,0,1,0,0,2,1,127.08333333333333,18.0,44.9715,3,1,SPECIAL EQUIPMENT,GREAT MERIDIAN,LANG_09,Round-Trip,google,Direct,Direct,Logged-Out,AREA_C,AREA_B,AREA_C_TO_AREA_B,CA,BO,15_30,very_high,6_8,Y,T,0,0.5823132,26.1874971730113
14.0,190.0992418,8.097222222222221,1,1,0,0,0,0,0,0,0,2,1,208.83333333333334,21.0,38.547,1,1,SPECIAL EQUIPMENT,UPPER APEX,LANG_02,Round-Trip,apple,Direct,Direct,Logged-Out,AREA_C,AREA_B,AREA_C_TO_AREA_B,CA,BI,8_14,very_high,9_14,Y,S,0,0.6793153,26.185567971467968
47.0,352.13969399999996,8.4375,7,4,0,3,0,1,0,0,0,2,1,206.25,19.0,42.83,3,1,SPECIAL EQUIPMENT,LOWER ZENITH,LANG_02,Round-Trip,apple,Direct,Direct,Logged-Out,AREA_C,AREA_C,AREA_C_TO_AREA_C,CA,CE,31_60,very_high,9_14,Y,O,0,0.61113155,26.174764238595962
37.0,328.7579404,9.4375,5,2,1,2,0,1,1,1,0,2,1,230.25,23.0,42.83,3,1,SPECIAL EQUIPMENT,LOWER ZENITH,LANG_02,Round-Trip,apple,Direct,Direct,Logged-In,AREA_C,AREA_C,AREA_C_TO_AREA_C,CA,CE,31_60,very_high,9_14,Y,O,0,0.61113155,26.174764238595962
12.0,43.3662316,3.517361111111111,2,2,0,0,0,0,0,1,0,2,1,86.41666666666667,18.0,85.66,5,1,SPECIAL EQUIPMENT,UPPER APEX,LANG_09,Round-Trip,google,Paid Search,Paid Search,Logged-In,AREA_C,AREA_B,AREA_C_TO_AREA_B,CA,BE,8_14,mid,3_5,Y,W,0,0.30551925,26.170779213309288
88.0,53.456123,3.513888888888889,5,2,0,3,0,1,0,0,0,2,1,86.33333333333333,8.0,85.66,6,1,SPECIAL EQUIPMENT,UPPER APEX,LANG_09,Round-Trip,microsoft,Direct,Paid Search,Logged-Out,AREA_C,AREA_B,AREA_C_TO_AREA_B,CA,BE,61_120,mid,3_5,Y,U,0,0.30548435,26.167789806127548
27.0,96.2278742,,1,1,0,0,0,0,0,0,0,2,1,-1250.0,10.0,42.4017,2,1,SPECIAL EQUIPMENT,UPPER VERTEX,LANG_02,Round-Trip,google,Paid Search,Organic Search,Logged-Out,AREA_C,AREA_B,AREA_C_TO_AREA_B,CA,BI,15_30,high,unknown_or_oneway,Y,U,0,0.61700433,26.162032708257435
32.0,116.0581642,3.125,1,1,0,0,0,0,0,0,0,4,1,94.33333333333333,18.0,30.9121242,4,0,SPECIAL EQUIPMENT,EAST ZENITH,LANG_08,Round-Trip,google,MetaSearches,Paid Search,Logged-Out,AREA_C,AREA_D,AREA_C_TO_AREA_D,CA,DA,31_60,very_high,3_5,Y,L,0,0.845959,26.150389915368283
25.0,24.7874342,6.0,1,1,0,0,0,0,0,0,0,2,1,146.0,10.0,85.66,4,1,SPECIAL EQUIPMENT,UPPER APEX,LANG_02,Round-Trip,google,Affiliate,Affiliate,Logged-Out,AREA_C,AREA_B,AREA_C_TO_AREA_B,CA,BE,15_30,low,6_8,Y,L,0,0.3052366,26.146567823290823
178.0,61.8705048,4.246527777777778,2,2,0,0,0,0,0,0,0,2,1,102.5,14.0,42.83,3,1,SPECIAL EQUIPMENT,UPPER APEX,LANG_09,Round-Trip,apple,Direct,Referrals,Logged-Out,AREA_C,AREA_B,AREA_C_TO_AREA_B,CA,BI,120_plus,high,3_5,Y,O,0,0.6103367,26.140721758008002
40.0,89.4992812,30.197916666666668,2,2,0,0,0,0,0,0,0,2,1,728.25,21.0,77.094,2,1,SPECIAL EQUIPMENT,UPPER APEX,LANG_09,Round-Trip,google,Direct,Direct,Logged-Out,AREA_C,AREA_B,AREA_C_TO_AREA_B,CA,BA,31_60,high,30_plus,Y,U,0,0.33897218,26.132721328318116
14.0,157.0340535,,1,1,0,0,0,0,0,1,0,2,1,-238.16666666666666,8.0,77.496602,2,1,SPECIAL EQUIPMENT,LOWER VERTEX,LANG_02,Round-Trip,apple,Direct,Affiliate,Logged-In,AREA_D,AREA_C,AREA_D_TO_AREA_C,DA,CA,8_14,very_high,unknown_or_oneway,Y,Q,0,0.33717978,26.13028721360421
19.0,83.8906927,6.111111111111111,1,1,0,0,0,0,0,0,0,3,1,150.41666666666666,20.0,42.83,3,1,SPECIAL EQUIPMENT,UPPER APEX,LANG_09,Round-Trip,google,Direct,Direct,Logged-Out,AREA_C,AREA_C,AREA_C_TO_AREA_C,CA,CE,15_30,high,6_8,Y,O,0,0.61000115,26.126349117159844
20.0,108.5534916,5.239583333333333,2,2,0,0,0,0,0,0,0,2,1,130.75,22.0,42.83,3,1,SPECIAL EQUIPMENT,UPPER APEX,LANG_09,Round-Trip,google,Paid Search,Paid Search,Logged-Out,AREA_C,AREA_B,AREA_C_TO_AREA_B,CA,BO,15_30,very_high,6_8,Y,T,0,0.6099998,26.12629040122032
13.0,35.7442048,4.517361111111111,1,1,0,0,0,0,0,0,0,2,1,110.5,20.0,42.83,3,1,SPECIAL EQUIPMENT,UPPER APEX,LANG_09,Round-Trip,google,Direct,Direct,Logged-Out,AREA_C,AREA_B,AREA_C_TO_AREA_B,CA,BI,8_14,mid,3_5,Y,L,0,0.6098176,26.118488839864728
26.0,153.9657123,7.236111111111111,1,1,0,0,0,0,0,1,0,2,1,194.25,17.0,38.547,1,1,SPECIAL EQUIPMENT,UPPER APEX,LANG_09,Round-Trip,google,Direct,Direct,Logged-In,AREA_C,AREA_D,AREA_C_TO_AREA_D,CA,DA,15_30,very_high,6_8,Y,U,0,0.6775367,26.117008177042006
58.0,246.8447088,10.440972222222221,3,1,1,1,0,1,1,0,0,2,1,254.33333333333334,19.0,42.83,2,1,SPECIAL EQUIPMENT,UPPER APEX,LANG_09,Round-Trip,microsoft,Direct,Direct,Logged-Out,AREA_C,AREA_C,AREA_C_TO_AREA_C,CA,CE,31_60,very_high,9_14,Y,O,0,0.6097244,26.11449615597725
42.0,14.7155314,5.159722222222222,1,1,0,0,0,0,0,0,0,2,1,125.75,12.0,85.66,3,1,SPECIAL EQUIPMENT,UPPER APEX,LANG_02,Round-Trip,microsoft,Direct,Direct,Logged-Out,AREA_C,AREA_B,AREA_C_TO_AREA_B,CA,BE,31_60,very_low,6_8,Y,O,0,0.30484805,26.113283544182778
8.0,64.6544548,,3,3,0,0,0,0,0,0,0,2,1,4.333333333333333,13.0,42.83,4,0,SPECIAL EQUIPMENT,SOUTH VERTEX,LANG_02,One-Way,apple,Direct,Direct,Logged-Out,AREA_C,AREA_B,AREA_C_TO_AREA_B,CU,BE,8_14,high,unknown_or_oneway,Y,W,0,0.6096803,26.112607034444807
70.0,20.6449166,5.069444444444445,2,2,0,0,0,0,0,1,0,4,1,122.66666666666667,15.0,40.6885,4,0,SPECIAL EQUIPMENT,UPPER APEX,LANG_09,Round-Trip,google,Direct,Display,Logged-In,AREA_C,AREA_B,AREA_C_TO_AREA_B,CE,BU,61_120,very_low,6_8,Y,O,0,0.64170355,26.10995473334193
46.0,76.1149062,3.3854166666666665,3,2,1,0,0,0,1,0,0,2,1,83.25,13.0,85.66,6,1,SPECIAL EQUIPMENT,UPPER APEX,LANG_09,Round-Trip,google,Paid Search,Paid Search,Logged-Out,AREA_C,AREA_B,AREA_C_TO_AREA_B,CA,BE,31_60,high,3_5,Y,O,0,0.30479458,26.108703700900076
106.0,254.1151013,14.48611111111111,2,2,0,0,0,0,0,0,0,4,1,349.0,16.0,38.3945252,5,0,SPECIAL EQUIPMENT,WEST VERTEX,LANG_02,Round-Trip,apple,Paid Search,Paid Search,Logged-Out,AREA_B,AREA_B,AREA_B_TO_AREA_B,BO,BU,61_120,very_high,15_30,Y,L,0,0.6799318,26.10565937573001
37.0,71.7136954,9.4375,1,1,0,0,0,0,0,1,0,2,1,230.25,20.0,42.83,3,1,SPECIAL EQUIPMENT,UPPER APEX,LANG_02,Round-Trip,apple,Direct,Paid Search,Logged-In,AREA_C,AREA_C,AREA_C_TO_AREA_C,CA,CE,31_60,high,9_14,Y,O,0,0.60949,26.10445573031902
57.0,71.60833360000001,8.447916666666666,1,1,0,0,0,0,0,1,0,2,1,206.91666666666666,19.0,42.83,4,1,SPECIAL EQUIPMENT,UPPER APEX,LANG_09,Round-Trip,apple,Direct,Direct,Logged-In,AREA_C,AREA_C,AREA_C_TO_AREA_C,CA,CE,31_60,high,9_14,Y,O,0,0.60949,26.10445573031902
34.0,71.86531360000001,8.4375,1,1,0,0,0,0,0,0,0,2,1,206.66666666666666,19.0,42.83,4,1,SPECIAL EQUIPMENT,UPPER APEX,LANG_09,Round-Trip,opera,Direct,Affiliate,Logged-Out,AREA_C,AREA_C,AREA_C_TO_AREA_C,CA,CE,31_60,high,9_14,Y,O,0,0.60949,26.10445573031902
11.0,358.1384638,5.982638888888889,1,1,0,0,0,0,0,0,0,2,1,164.16666666666666,13.0,38.547,3,1,SPECIAL EQUIPMENT,UPPER APEX,LANG_09,Round-Trip,mozilla,Direct,Paid Search,Logged-Out,AREA_C,AREA_D,AREA_C_TO_AREA_D,CA,DA,8_14,very_high,6_8,P,A,0,0.6770555,26.09845751416683
41.0,118.0262027,,2,2,0,0,0,0,0,0,0,4,1,-191.0,19.0,41.5502396,4,0,SPECIAL EQUIPMENT,LOWER VERTEX,LANG_02,Round-Trip,apple,Direct,Direct,Logged-Out,AREA_B,AREA_B,AREA_B_TO_AREA_B,BU,BE,31_60,very_high,unknown_or_oneway,Y,O,0,0.6272551,26.06259895283713
53.0,66.5059957,7.878472222222222,1,1,0,0,0,0,0,0,0,3,1,194.16666666666666,20.0,42.83,2,1,SPECIAL EQUIPMENT,UPPER APEX,LANG_09,Round-Trip,mozilla,Paid Search,Paid Search,Logged-Out,AREA_C,AREA_B,AREA_C_TO_AREA_B,CA,BO,31_60,high,6_8,Y,T,0,0.6084762,26.061036569476126
22.0,443.3354715,7.319444444444445,5,3,0,2,0,1,0,0,0,2,1,191.83333333333334,14.0,41.438025,2,1,SPECIAL EQUIPMENT,UPPER APEX,LANG_02,Round-Trip,apple,Direct,Paid MetaSearches,Logged-Out,AREA_C,AREA_B,AREA_C_TO_AREA_B,CA,BO,15_30,very_high,6_8,Y,O,0,0.6288896,26.059943808402124
31.0,44.5123624,3.517361111111111,2,2,0,0,0,0,0,1,1,2,1,86.41666666666667,9.0,47.113,3,1,SPECIAL EQUIPMENT,UPPER APEX,LANG_09,Round-Trip,samsung,Direct,Direct,Logged-In,AREA_C,AREA_B,AREA_C_TO_AREA_B,CA,BI,31_60,mid,3_5,Y,O,0,0.55311286,26.058806384921073
13.0,41.4774286,6.128472222222222,1,1,0,0,0,0,0,0,1,2,1,149.25,14.0,49.2545,4,1,SPECIAL EQUIPMENT,UPPER VERTEX,LANG_11,Round-Trip,apple,Direct,Direct,Logged-Out,AREA_C,AREA_B,AREA_C_TO_AREA_B,CA,BI,8_14,mid,6_8,Y,W,0,0.5290428,26.05773762717843
70.0,89.63805040000001,42.21527777777778,2,2,0,0,0,0,0,1,0,2,1,1017.0833333333334,13.0,42.83,6,1,SPECIAL EQUIPMENT,UPPER APEX,LANG_09,Round-Trip,samsung,Direct,Direct,Logged-In,AREA_C,AREA_C,AREA_C_TO_AREA_C,CA,CI,61_120,high,30_plus,Y,L,0,0.60828507,26.05284952521324
13.0,23.5111002,7.517361111111111,1,1,0,0,0,0,0,0,0,2,1,182.41666666666666,9.0,42.83,6,1,SPECIAL EQUIPMENT,UPPER APEX,LANG_09,Round-Trip,apple,Direct,Paid Search,Logged-Out,AREA_C,AREA_B,AREA_C_TO_AREA_B,CA,BI,8_14,low,6_8,Y,L,0,0.60797006,26.039357623457906
124.0,113.72221600000002,6.21875,2,2,0,0,0,0,0,0,0,2,1,154.33333333333334,10.0,42.83,3,1,SPECIAL EQUIPMENT,SOUTH HORIZON,LANG_09,Round-Trip,samsung,Paid Search,Paid Search,Logged-Out,AREA_C,AREA_B,AREA_C_TO_AREA_B,CA,BO,120_plus,very_high,6_8,Y,V,0,0.6078982,26.03627886593342
14.0,88.3128902,,1,1,0,0,0,0,0,0,0,1,0,3.5833333333333335,4.0,42.83,2,1,SPECIAL EQUIPMENT,GREAT HORIZON,LANG_02,Round-Trip,samsung,Paid Search,Paid Search,Logged-Out,AREA_C,AREA_B,AREA_C_TO_AREA_B,CA,BI,8_14,high,unknown_or_oneway,C,F,0,0.60776764,26.030688087344167
279.0,94.512961,4.871527777777778,1,1,0,0,0,0,0,1,0,2,1,119.91666666666667,17.0,47.113,4,1,SPECIAL EQUIPMENT,UPPER APEX,LANG_09,Round-Trip,google,Paid MetaSearches,Paid MetaSearches,Logged-In,AREA_C,AREA_B,AREA_C_TO_AREA_B,CA,BO,120_plus,high,3_5,C,Z,0,0.5524346,26.026852404773233
65.0,71.0553983,,4,2,0,1,1,1,0,0,0,2,1,5.833333333333333,16.0,32.8767363,3,0,SPECIAL EQUIPMENT,UPPER MERIDIAN,LANG_02,One-Way,google,Paid Search,Paid Search,Logged-Out,AREA_B,AREA_C,AREA_B_TO_AREA_C,BA,CE,61_120,high,unknown_or_oneway,Y,S,0,0.79162544,26.026060843219593
81.0,316.5899374,5.072916666666667,2,2,0,0,0,0,0,1,0,4,1,124.08333333333333,15.0,34.5055612,1,0,SPECIAL EQUIPMENT,LOWER ZENITH,LANG_02,Round-Trip,samsung,Direct,Direct,Logged-In,AREA_B,AREA_B,AREA_B_TO_AREA_B,BU,BU,61_120,very_high,6_8,Y,Y,0,0.75418353,26.02352597831011
143.0,227.1313447,20.677083333333332,4,2,1,1,0,1,1,1,0,4,1,498.3333333333333,18.0,37.6424304,2,0,SPECIAL EQUIPMENT,LOWER ZENITH,LANG_02,Round-Trip,samsung,Direct,Direct,Logged-In,AREA_C,AREA_B,AREA_C_TO_AREA_B,CE,BU,120_plus,very_high,15_30,Y,L,0,0.6912017,26.01851138995743
45.0,196.8308329,9.98263888888889,2,2,0,0,0,0,0,0,0,2,1,260.1666666666667,8.0,40.6885,1,1,SPECIAL EQUIPMENT,UPPER APEX,LANG_09,Round-Trip,google,Direct,Paid Search,Logged-Out,AREA_C,AREA_D,AREA_C_TO_AREA_D,CA,DA,31_60,very_high,9_14,Y,U,0,0.63941175,26.016704886347053
81.0,193.2686618,10.21875,2,2,0,0,0,0,0,0,0,2,1,259.6666666666667,16.0,38.547,5,1,SPECIAL EQUIPMENT,UPPER APEX,LANG_09,Round-Trip,apple,Direct,Partners,Logged-Out,AREA_C,AREA_B,AREA_C_TO_AREA_B,CA,BI,61_120,very_high,9_14,Y,O,0,0.674924,26.016296044707296
37.0,72.9412032,,1,1,0,0,0,0,0,0,0,4,1,-2.3333333333333335,12.0,30.9121242,4,0,SPECIAL EQUIPMENT,EAST ZENITH,LANG_08,Round-Trip,apple,MetaSearches,MetaSearches,Logged-Out,AREA_C,AREA_D,AREA_C_TO_AREA_D,CA,DA,31_60,high,unknown_or_oneway,Y,L,0,0.8415959,26.015516620325517
166.0,175.60556979999998,13.065972222222221,2,2,0,0,0,0,0,0,0,2,1,318.5833333333333,22.0,81.377,2,1,SPECIAL EQUIPMENT,UPPER APEX,LANG_09,Round-Trip,google,Organic Search,MetaSearches,Logged-Out,AREA_C,AREA_C,AREA_C_TO_AREA_C,CA,CA,120_plus,very_high,9_14,Y,O,0,0.3196673,26.013566647022962
13.0,20.9147456,4.736111111111111,1,1,0,0,0,0,0,1,0,4,1,114.66666666666667,13.0,49.2545,3,0,SPECIAL EQUIPMENT,UPPER APEX,LANG_09,Round-Trip,microsoft,Direct,Direct,Logged-In,AREA_B,AREA_C,AREA_B_TO_AREA_C,BE,CU,8_14,very_low,3_5,Y,U,0,0.5281158,26.012080112606288
28.0,247.8889042,4.4375,2,2,0,0,0,0,0,0,0,2,1,110.25,15.0,42.83,3,1,SPECIAL EQUIPMENT,UPPER APEX,LANG_09,Round-Trip,google,Direct,Direct,Logged-Out,AREA_C,AREA_C,AREA_C_TO_AREA_C,CA,CE,15_30,very_high,3_5,Y,L,0,0.6073248,26.011720286011695
155.0,91.9183196,4.204861111111111,2,2,0,0,0,0,0,0,0,2,1,104.41666666666667,2.0,77.094,5,1,SPECIAL EQUIPMENT,UPPER APEX,LANG_09,Round-Trip,apple,Direct,Direct,Logged-Out,AREA_C,AREA_B,AREA_C_TO_AREA_B,CA,BA,120_plus,high,3_5,Y,V,0,0.33739161,26.01086916017532
0.0,92.6918294,,3,3,0,0,0,0,0,0,0,2,1,3.75,15.0,42.83,3,0,SPECIAL EQUIPMENT,SOUTH VERTEX,LANG_09,One-Way,google,Direct,Direct,Logged-Out,AREA_C,AREA_B,AREA_C_TO_AREA_B,CU,BE,invalid_or_past,high,unknown_or_oneway,Y,S,0,0.60726124,26.00899892985821
30.0,298.6261788,10.4375,3,1,2,0,0,0,1,0,0,2,1,254.25,11.0,42.83,2,1,SPECIAL EQUIPMENT,UPPER APEX,LANG_09,Round-Trip,microsoft,Direct,Direct,Logged-Out,AREA_C,AREA_C,AREA_C_TO_AREA_C,CA,CE,15_30,very_high,9_14,Y,O,0,0.60714275,26.003923830389976
160.0,184.9455079,45.989583333333336,2,2,0,0,0,0,0,0,0,4,1,1105.8333333333333,14.0,37.6424304,4,0,SPECIAL EQUIPMENT,LOWER ZENITH,LANG_02,Round-Trip,google,Direct,Paid Search,Logged-Out,AREA_C,AREA_B,AREA_C_TO_AREA_B,CE,BU,120_plus,very_high,30_plus,Y,Q,0,0.69043034,25.98947613811312
340.0,233.0504507,,2,2,0,0,0,0,0,1,0,2,1,494.75,17.0,41.438025,2,1,SPECIAL EQUIPMENT,UPPER APEX,LANG_09,Multi-City,apple,Direct,Direct,Logged-In,AREA_C,AREA_C,AREA_C_TO_AREA_C,CA,CA,120_plus,very_high,unknown_or_oneway,Y,L,0,0.6271392,25.987410291507842
90.0,211.0923663,,1,1,0,0,0,0,0,0,0,2,1,-74.0,16.0,40.6885,2,1,SPECIAL EQUIPMENT,UPPER APEX,LANG_02,Round-Trip,google,Email,Email,Logged-Out,AREA_C,AREA_D,AREA_C_TO_AREA_D,CA,DA,61_120,very_high,unknown_or_oneway,Y,T,0,0.63861454,25.984267520844934
18.0,28.2887867,,1,1,0,0,0,0,0,0,0,1,0,2.75,10.0,60.107622,4,1,SPECIAL EQUIPMENT,UPPER APEX,LANG_02,One-Way,google,Direct,Paid Search,Logged-Out,AREA_C,AREA_C,AREA_C_TO_AREA_C,CA,CI,15_30,low,unknown_or_oneway,Y,V,0,0.43216297,25.976288461459458
166.0,90.3657321,7.277777777777778,1,1,0,0,0,0,0,1,0,2,1,188.08333333333334,18.0,38.547,2,1,SPECIAL EQUIPMENT,UPPER VERTEX,LANG_11,Round-Trip,apple,Direct,Direct,Logged-In,AREA_C,AREA_B,AREA_C_TO_AREA_B,CA,BI,120_plus,high,6_8,Y,U,0,0.6737045,25.969287552952764
22.0,36.3087042,,1,1,0,0,0,0,0,1,0,1,0,0.4166666666666667,19.0,42.7777474,3,0,SPECIAL EQUIPMENT,OLD ZENITH,LANG_02,Round-Trip,apple,Paid Search,Paid Search,Logged-In,AREA_B,AREA_B,AREA_B_TO_AREA_B,BU,BI,15_30,mid,unknown_or_oneway,Y,L,0,0.60635656,25.93856780865878
108.0,113.6267051,8.215277777777779,1,1,0,0,0,0,0,0,0,2,1,211.66666666666666,22.0,38.547,5,1,SPECIAL EQUIPMENT,UPPER APEX,LANG_02,Round-Trip,microsoft,Paid Search,Paid Search,Logged-Out,AREA_C,AREA_B,AREA_C_TO_AREA_B,CA,BI,61_120,very_high,9_14,Y,O,0,0.67288893,25.93784976249933
73.0,591.9941185,,5,5,0,0,0,0,0,0,0,2,1,-368.0,11.0,38.547,1,1,SPECIAL EQUIPMENT,UPPER APEX,LANG_09,Round-Trip,google,Paid Search,Paid Search,Logged-Out,AREA_C,AREA_D,AREA_C_TO_AREA_D,CA,DA,61_120,very_high,unknown_or_oneway,Y,O,0,0.6727745,25.933438408434387
309.0,560.8995385000001,,5,5,0,0,0,0,0,0,0,2,1,-338.0,10.0,38.547,2,1,SPECIAL EQUIPMENT,UPPER APEX,LANG_09,Round-Trip,apple,Direct,Direct,Logged-Out,AREA_C,AREA_D,AREA_C_TO_AREA_D,CA,DA,120_plus,very_high,unknown_or_oneway,Y,O,0,0.6727745,25.933438408434387
104.0,741.5140768,8.524305555555555,8,8,0,0,0,0,0,1,0,2,1,224.16666666666666,15.0,38.547,2,1,SPECIAL EQUIPMENT,UPPER APEX,LANG_09,Round-Trip,apple,Direct,Direct,Logged-In,AREA_C,AREA_D,AREA_C_TO_AREA_D,CA,DA,61_120,very_high,9_14,Y,O,0,0.6727745,25.933438408434387
81.0,556.1818139999999,8.48263888888889,6,5,1,0,0,0,1,0,0,2,1,224.16666666666666,21.0,38.547,2,1,SPECIAL EQUIPMENT,UPPER APEX,LANG_09,Round-Trip,google,MetaSearches,MetaSearches,Logged-Out,AREA_C,AREA_D,AREA_C_TO_AREA_D,CA,DA,61_120,very_high,9_14,Y,O,0,0.6727745,25.933438408434387
38.0,37.210704,5.177083333333333,2,2,0,0,0,0,0,0,0,2,1,129.33333333333334,1.0,42.83,3,1,SPECIAL EQUIPMENT,UPPER APEX,LANG_09,Round-Trip,apple,Direct,Direct,Logged-Out,AREA_C,AREA_B,AREA_C_TO_AREA_B,CA,BO,31_60,mid,6_8,Y,O,0,0.6054336,25.93072037100792
51.0,27.1623577,5.09375,1,1,0,0,0,0,0,0,0,2,1,123.83333333333333,18.0,42.83,5,1,SPECIAL EQUIPMENT,UPPER APEX,LANG_09,Round-Trip,google,Email,Display,Logged-Out,AREA_C,AREA_C,AREA_C_TO_AREA_C,CA,CO,31_60,low,6_8,Y,O,0,0.6053603,25.927582897543907
6.0,75.8831959,7.739583333333333,1,1,0,0,0,0,0,0,0,2,1,187.91666666666666,16.0,42.83,2,1,SPECIAL EQUIPMENT,SOUTH MERIDIAN,LANG_02,Round-Trip,google,MetaSearches,Paid Search,Logged-Out,AREA_C,AREA_B,AREA_C_TO_AREA_B,CA,BI,4_7,high,6_8,Y,T,0,0.60530424,25.925180649757383
48.0,25.261134,10.159722222222221,1,1,0,0,0,0,0,1,1,2,1,245.75,16.0,85.66,2,1,SPECIAL EQUIPMENT,UPPER APEX,LANG_02,Round-Trip,apple,Direct,Direct,Logged-In,AREA_C,AREA_B,AREA_C_TO_AREA_B,CA,BE,31_60,low,9_14,Y,L,0,0.30259904,25.92063399374485
161.0,76.3538976,10.215277777777779,3,3,0,0,0,0,0,0,0,2,1,249.08333333333334,21.0,42.83,6,1,SPECIAL EQUIPMENT,UPPER APEX,LANG_09,Round-Trip,microsoft,MetaSearches,Paid Search,Logged-Out,AREA_C,AREA_C,AREA_C_TO_AREA_C,CA,CI,120_plus,high,9_14,Y,O,0,0.6051527,25.91869126200676
35.0,200.6688292,5.211805555555555,2,2,0,0,0,0,0,0,0,2,1,141.25,20.0,38.547,4,1,SPECIAL EQUIPMENT,UPPER APEX,LANG_09,Round-Trip,google,Email,Paid Search,Logged-Out,AREA_C,AREA_B,AREA_C_TO_AREA_B,CA,BO,31_60,very_high,6_8,Y,L,0,0.6723877,25.918529410243032
40.0,200.9035376,7.319444444444445,2,2,0,0,0,0,0,0,0,2,1,191.83333333333334,21.0,38.547,1,1,SPECIAL EQUIPMENT,UPPER APEX,LANG_09,Round-Trip,mozilla,Paid Search,Organic Search,Logged-Out,AREA_C,AREA_B,AREA_C_TO_AREA_B,CA,BO,31_60,very_high,6_8,Y,L,0,0.6723877,25.918529410243032
282.0,244.9182154,8.447916666666666,2,2,0,0,0,0,0,1,0,2,1,223.33333333333334,22.0,38.547,2,1,SPECIAL EQUIPMENT,UPPER APEX,LANG_09,Round-Trip,google,Paid Search,Paid Search,Logged-In,AREA_C,AREA_D,AREA_C_TO_AREA_D,CA,DA,120_plus,very_high,9_14,Y,W,0,0.67234814,25.91700381696224
17.0,42.7940228,3.517361111111111,2,2,0,0,0,0,0,0,0,2,1,86.41666666666667,18.0,47.113,5,1,SPECIAL EQUIPMENT,UPPER APEX,LANG_02,Round-Trip,google,Paid Search,Paid Search,Logged-Out,AREA_C,AREA_B,AREA_C_TO_AREA_B,CA,BI,15_30,mid,3_5,Y,U,0,0.5499872,25.911546808600427
27.0,101.35205539999998,,2,2,0,0,0,0,0,0,0,1,0,3.8333333333333335,20.0,77.094,2,1,SPECIAL EQUIPMENT,NORTH HORIZON,LANG_02,Round-Trip,apple,Direct,Direct,Logged-Out,AREA_C,AREA_B,AREA_C_TO_AREA_B,CA,BA,15_30,high,unknown_or_oneway,Y,L,0,0.33599862,25.90347796207666
13.0,93.8687978,4.53125,1,1,0,0,0,0,0,0,0,2,1,110.91666666666667,8.0,42.3348852,3,1,SPECIAL EQUIPMENT,SOUTH AURORA,LANG_02,Round-Trip,apple,Direct,Direct,Logged-Out,AREA_C,AREA_B,AREA_C_TO_AREA_B,CA,BI,8_14,high,3_5,Y,S,0,0.61181974,25.901318629994776
40.0,87.18517630000001,9.4375,1,1,0,0,0,0,0,1,1,2,1,230.25,16.0,42.83,2,1,SPECIAL EQUIPMENT,UPPER APEX,LANG_09,Round-Trip,samsung,Direct,Email,Logged-In,AREA_C,AREA_C,AREA_C_TO_AREA_C,CA,CE,31_60,high,9_14,Y,O,0,0.6046748,25.898222374916077
92.0,393.2256564,7.302083333333333,4,4,0,0,0,0,0,0,0,2,1,191.5,8.0,38.547,4,1,SPECIAL EQUIPMENT,UPPER APEX,LANG_09,Round-Trip,apple,Paid MetaSearches,Paid MetaSearches,Logged-Out,AREA_C,AREA_B,AREA_C_TO_AREA_B,CA,BO,61_120,very_high,6_8,Y,U,0,0.67183656,25.89728368574381
207.0,314.1362067,7.302083333333333,3,3,0,0,0,0,0,0,0,2,1,191.5,14.0,38.547,4,1,SPECIAL EQUIPMENT,UPPER APEX,LANG_09,Round-Trip,mozilla,Paid Search,Paid Search,Logged-Out,AREA_C,AREA_B,AREA_C_TO_AREA_B,CA,BO,120_plus,very_high,6_8,Y,U,0,0.67183656,25.89728368574381
174.0,432.8194216,7.670138888888889,4,2,1,1,0,1,1,0,0,2,1,188.75,20.0,38.547,1,1,SPECIAL EQUIPMENT,UPPER APEX,LANG_09,Round-Trip,google,Paid Search,Paid Search,Logged-Out,AREA_C,AREA_B,AREA_C_TO_AREA_B,CA,BO,120_plus,very_high,6_8,Y,U,0,0.67183656,25.89728368574381
191.0,367.55078459999993,11.21875,3,2,0,1,0,1,0,1,0,2,1,283.6666666666667,16.0,38.547,5,1,SPECIAL EQUIPMENT,UPPER APEX,LANG_09,Round-Trip,google,Paid Search,Paid Search,Logged-In,AREA_C,AREA_B,AREA_C_TO_AREA_B,CA,BI,120_plus,very_high,9_14,Y,W,0,0.6716919,25.891707458496093
22.0,72.49748439999999,9.770833333333334,1,1,0,0,0,0,0,1,0,2,1,237.41666666666666,19.0,50.2841332,2,1,SPECIAL EQUIPMENT,UPPER APEX,LANG_02,Round-Trip,apple,Organic Search,Organic Search,Logged-In,AREA_C,AREA_C,AREA_C_TO_AREA_C,CA,CE,15_30,high,9_14,Y,L,0,0.5148045,25.88649716797681
66.0,180.0937255,6.222222222222222,2,1,1,0,0,0,1,0,0,2,1,163.91666666666666,16.0,38.547,4,1,SPECIAL EQUIPMENT,UPPER VERTEX,LANG_02,Round-Trip,google,Organic Search,Organic Search,Logged-Out,AREA_C,AREA_B,AREA_C_TO_AREA_B,CA,BI,61_120,very_high,6_8,Y,U,0,0.67128384,25.875978224158285
98.0,38.1461112,7.114583333333333,1,1,0,0,0,0,0,0,0,2,1,172.75,12.0,42.83,6,1,SPECIAL EQUIPMENT,UPPER APEX,LANG_09,Round-Trip,apple,Direct,Direct,Logged-Out,AREA_C,AREA_C,AREA_C_TO_AREA_C,CA,CO,61_120,mid,6_8,Y,W,0,0.6041298,25.87487895965576
8.0,346.40904,3.1284722222222223,2,2,0,0,0,0,0,1,0,2,1,77.25,9.0,49.2545,3,1,SPECIAL EQUIPMENT,UPPER APEX,LANG_02,Round-Trip,apple,Direct,Direct,Logged-In,AREA_C,AREA_B,AREA_C_TO_AREA_B,CA,BI,8_14,very_high,3_5,C,D,0,0.5252255,25.869720381438732
20.0,23.5196662,9.121527777777779,1,1,0,0,0,0,0,0,0,2,1,220.91666666666666,17.0,48.18375,6,1,SPECIAL EQUIPMENT,UPPER APEX,LANG_09,Round-Trip,mozilla,Direct,Email,Logged-Out,AREA_C,AREA_B,AREA_C_TO_AREA_B,CA,BI,15_30,low,9_14,Y,L,0,0.53678685,25.864403589293364
35.0,259.59862619999996,7.319444444444445,3,3,0,0,0,0,0,1,0,2,1,191.83333333333334,12.0,38.547,4,1,SPECIAL EQUIPMENT,UPPER APEX,LANG_09,Round-Trip,google,Direct,Paid Search,Logged-In,AREA_C,AREA_B,AREA_C_TO_AREA_B,CA,BO,31_60,very_high,6_8,Y,U,0,0.6705555,25.847901793599128
62.0,373.0861338,6.427083333333333,3,1,0,2,0,1,0,0,0,2,1,170.41666666666666,12.0,41.438025,3,1,SPECIAL EQUIPMENT,UPPER APEX,LANG_09,Round-Trip,microsoft,Paid Search,Paid Search,Logged-Out,AREA_C,AREA_B,AREA_C_TO_AREA_B,CA,BO,61_120,very_high,6_8,Y,O,0,0.6237461,25.846806364779177
