DTD,FARE_YQ_TICKET,stay_length_days,pax_total,ADULTS,TEENAGERS,CHILDREN,INFANTS,has_child_or_infant,has_teenager,is_logged_in,has_loyalty,segment_count,has_connection,travel_span_hours,HOUR_OF_THE_DAY_PL_TIME,emd_price,display_position,is_hub_caj_route,product,MARKET,LANGUAGE,FLIGHT_TYPE,BROWSER_TYPE,FIRST_TOUCH_CHANNEL,LAST_TOUCH_CHANNEL,LOGIN_STATUS,origin_area,destination_area,route_direction,origin_prefix,destination_prefix,dtd_bucket,fare_bucket,stay_bucket,first_booking_class,first_rbd,actual_sold,predicted_probability,expected_revenue
29.0,270.9819836,,3,2,0,1,0,1,0,0,0,2,1,9.333333333333334,10.0,205.2726259,2,0,BAGGAGE,OLD HORIZON,LANG_02,One-Way,google,Organic Search,Paid Search,Logged-Out,AREA_C,AREA_C,AREA_C_TO_AREA_C,CE,CU,15_30,very_high,unknown_or_oneway,P,A,1,0.68653774,140.92740520598727
73.0,495.4510155,11.319444444444445,5,3,0,2,0,1,0,0,0,2,1,287.8333333333333,10.0,138.7692,3,1,BAGGAGE,UPPER APEX,LANG_09,Round-Trip,google,Paid MetaSearches,Paid MetaSearches,Logged-Out,AREA_C,AREA_B,AREA_C_TO_AREA_B,CA,BO,61_120,very_high,9_14,Y,L,1,0.8304786,115.2448521336794
141.0,315.2155227,13.333333333333334,3,2,0,1,0,1,0,0,0,2,1,334.4166666666667,12.0,127.873248,2,1,BAGGAGE,UPPER APEX,LANG_09,Round-Trip,google,Paid Search,Paid Search,Logged-Out,AREA_C,AREA_B,AREA_C_TO_AREA_B,CA,BU,120_plus,very_high,9_14,Y,O,0,0.87175345,111.47394564484406
53.0,103.3453636,95.20138888888889,2,1,0,1,0,1,0,1,1,2,1,2288.3333333333335,19.0,171.32,4,1,BAGGAGE,UPPER APEX,LANG_09,Round-Trip,google,Direct,Organic Search,Logged-In,AREA_C,AREA_B,AREA_C_TO_AREA_B,CA,BA,31_60,very_high,30_plus,Y,S,0,0.62824154,107.63034046173095
77.0,402.8388499,11.958333333333334,3,2,0,1,0,1,0,0,0,2,1,292.9166666666667,14.0,135.9321408,3,1,BAGGAGE,UPPER APEX,LANG_09,Round-Trip,microsoft,Paid Search,Paid Search,Logged-Out,AREA_C,AREA_C,AREA_C_TO_AREA_C,CA,CA,61_120,very_high,9_14,Y,L,0,0.78962755,107.33576358243714
184.0,226.4285044,14.847222222222221,2,2,0,0,0,0,0,1,0,4,1,359.25,16.0,131.8418758,1,0,BAGGAGE,NEW APEX,LANG_02,Round-Trip,mozilla,Paid Search,Paid Search,Logged-In,AREA_C,AREA_B,AREA_C_TO_AREA_B,CU,BU,120_plus,very_high,15_30,Y,L,0,0.7411254,97.71136357644747
140.0,507.3393386,80.55208333333333,4,1,0,3,0,1,0,0,0,4,1,1936.5,12.0,121.9944022,4,0,BAGGAGE,SOUTH VERTEX,LANG_02,Round-Trip,google,Direct,MetaSearches,Logged-Out,AREA_D,AREA_C,AREA_D_TO_AREA_C,DA,CU,120_plus,very_high,30_plus,Y,T,1,0.7957677,97.07920784214063
202.0,536.1236683999999,16.22222222222222,4,3,1,0,0,0,1,0,0,2,1,409.9166666666667,2.0,119.23872,3,1,BAGGAGE,UPPER APEX,LANG_09,Round-Trip,google,Paid Search,Paid Search,Logged-Out,AREA_C,AREA_D,AREA_C_TO_AREA_D,CA,DA,120_plus,very_high,15_30,Y,L,1,0.80104256,95.51528913391114
11.0,226.095287,3.2118055555555554,6,6,0,0,0,0,0,1,0,4,1,78.91666666666667,11.0,134.2874688,3,0,BAGGAGE,NEW MERIDIAN,LANG_02,Round-Trip,google,Organic Search,Email,Logged-In,AREA_C,AREA_C,AREA_C_TO_AREA_C,CA,CI,8_14,very_high,3_5,Y,V,1,0.70786417,95.05728701317977
140.0,705.6636536,,8,4,0,4,0,1,0,1,0,4,1,482.0833333333333,17.0,113.276784,3,0,BAGGAGE,UPPER APEX,LANG_09,Multi-City,microsoft,Paid Search,Paid Search,Logged-In,AREA_B,AREA_B,AREA_B_TO_AREA_B,BE,BU,120_plus,very_high,unknown_or_oneway,Y,U,1,0.83067566,94.09626748902798
56.0,70.553859,,7,7,0,0,0,0,0,0,0,2,1,8.166666666666666,12.0,117.2017252,3,0,BAGGAGE,NORTH HORIZON,LANG_04,One-Way,microsoft,Paid Search,MetaSearches,Logged-Out,AREA_C,AREA_B,AREA_C_TO_AREA_B,CE,BO,31_60,high,unknown_or_oneway,Y,O,0,0.79908925,93.65463903437397
86.0,502.0485487,9.784722222222221,6,6,0,0,0,0,0,0,0,3,1,238.0,13.0,115.1595908,3,0,BAGGAGE,LOWER VERTEX,LANG_02,Round-Trip,apple,Paid Search,Paid Search,Logged-Out,AREA_B,AREA_B,AREA_B_TO_AREA_B,BU,BE,61_120,very_high,9_14,Y,W,0,0.8006442,92.20186062740414
52.0,428.0691463,12.51736111111111,2,2,0,0,0,0,0,1,0,2,1,304.0,21.0,151.326956,3,1,BAGGAGE,LOWER VERTEX,LANG_02,Round-Trip,google,Paid Search,Paid Search,Logged-In,AREA_D,AREA_C,AREA_D_TO_AREA_C,DA,CA,31_60,very_high,9_14,Y,W,0,0.59841555,90.55640414477182
78.0,129.1804196,7.90625,2,2,0,0,0,0,0,0,0,4,1,191.08333333333334,18.0,115.165587,1,0,BAGGAGE,CENTRAL AURORA,LANG_01,Round-Trip,google,Organic Search,Organic Search,Logged-Out,AREA_C,AREA_B,AREA_C_TO_AREA_B,CI,BU,61_120,very_high,6_8,Y,V,0,0.74486446,85.78275320967579
34.0,334.9143246,23.06597222222222,3,2,0,1,0,1,0,0,0,2,1,558.5833333333334,19.0,98.063568,1,1,BAGGAGE,UPPER APEX,LANG_09,Round-Trip,apple,Paid Search,Paid Search,Logged-Out,AREA_C,AREA_C,AREA_C_TO_AREA_C,CA,CA,31_60,very_high,15_30,Y,V,0,0.87338763,85.64750771107579
136.0,726.413932,14.972222222222221,7,3,1,3,0,1,1,1,0,4,1,362.5,12.0,97.5684532,2,0,BAGGAGE,LOWER VERTEX,LANG_02,Round-Trip,google,Paid Search,Organic Search,Logged-In,AREA_B,AREA_B,AREA_B_TO_AREA_B,BU,BE,120_plus,very_high,15_30,Y,O,1,0.8760565,85.47547687232344
9.0,420.3918688,23.458333333333332,4,2,0,2,0,1,0,0,0,4,1,563.9166666666666,9.0,94.39732,1,0,BAGGAGE,UPPER APEX,LANG_02,Round-Trip,google,MetaSearches,MetaSearches,Logged-Out,AREA_B,AREA_C,AREA_B_TO_AREA_C,BE,CA,8_14,very_high,15_30,Y,W,1,0.9037327,85.3099464846301
,582.5248338,22.1875,6,3,0,3,0,1,0,1,0,4,1,533.4166666666666,23.0,89.42904,2,0,BAGGAGE,UPPER APEX,LANG_09,Round-Trip,google,Paid Search,Paid Search,Logged-In,AREA_B,AREA_B,AREA_B_TO_AREA_B,BE,BU,,very_high,15_30,Y,U,1,0.95166713,85.10667783486844
,499.581969,14.42361111111111,6,4,0,1,1,1,0,0,0,2,1,360.8333333333333,14.0,90.6214272,2,1,BAGGAGE,UPPER APEX,LANG_09,Round-Trip,google,Direct,Direct,Logged-Out,AREA_C,AREA_B,AREA_C_TO_AREA_B,CA,BU,,very_high,15_30,Y,W,1,0.9344406,84.6803419649414
22.0,204.3256546,7.239583333333333,2,2,0,0,0,0,0,0,0,2,1,188.25,10.0,114.2841456,2,1,BAGGAGE,UPPER APEX,LANG_09,Round-Trip,google,Direct,Direct,Logged-Out,AREA_C,AREA_B,AREA_C_TO_AREA_B,CA,BU,15_30,very_high,6_8,Y,U,0,0.7391887,84.47754571524125
54.0,305.0472524,50.21180555555556,2,2,0,0,0,0,0,1,1,2,1,1221.25,9.0,134.14356,3,1,BAGGAGE,LOWER VERTEX,LANG_02,Round-Trip,google,MetaSearches,Paid Search,Logged-In,AREA_C,AREA_B,AREA_C_TO_AREA_B,CA,BO,31_60,very_high,30_plus,Y,W,0,0.6233419,83.6173039766264
83.0,383.2865266,7.829861111111111,2,2,0,0,0,0,0,1,1,2,1,193.83333333333334,20.0,135.9321408,3,1,BAGGAGE,UPPER APEX,LANG_09,Round-Trip,google,Direct,Organic Social,Logged-In,AREA_C,AREA_C,AREA_C_TO_AREA_C,CA,CA,61_120,very_high,6_8,Y,L,0,0.6079965,82.64626902203865
47.0,309.2163246,8.847222222222221,2,2,0,0,0,0,0,0,0,2,1,218.25,22.0,135.9321408,3,1,BAGGAGE,WEST VERTEX,LANG_02,Round-Trip,google,Paid Search,Paid Search,Logged-Out,AREA_C,AREA_C,AREA_C_TO_AREA_C,CA,CA,31_60,very_high,9_14,Y,S,0,0.60601044,82.3762960501465
14.0,92.9299642,,3,2,0,1,0,1,0,0,0,1,0,2.75,14.0,98.2066202,2,1,BAGGAGE,NEW MERIDIAN,LANG_02,One-Way,apple,Paid Search,Paid Search,Logged-Out,AREA_C,AREA_C,AREA_C_TO_AREA_C,CA,CI,8_14,high,unknown_or_oneway,Y,V,0,0.83833015,82.32957060894306
8.0,114.133384,,4,4,0,0,0,0,0,1,1,2,1,5.833333333333333,14.0,98.183492,1,0,BAGGAGE,UPPER APEX,LANG_09,One-Way,google,Paid MetaSearches,MetaSearches,Logged-In,AREA_C,AREA_C,AREA_C_TO_AREA_C,CU,CE,8_14,very_high,unknown_or_oneway,Y,S,0,0.83303434,81.790220120044
9.0,481.1029655,,5,4,1,0,0,0,1,0,0,2,1,504.75,18.0,90.6214272,2,1,BAGGAGE,UPPER APEX,LANG_09,Multi-City,google,Paid Search,Paid Search,Logged-Out,AREA_C,AREA_B,AREA_C_TO_AREA_B,CA,BU,8_14,very_high,unknown_or_oneway,Y,U,1,0.8856002,80.25435488959808
120.0,577.4828861999999,10.6875,2,2,0,0,0,0,0,1,0,4,1,259.3333333333333,15.0,131.8418758,3,0,BAGGAGE,NEW APEX,LANG_02,Round-Trip,google,Direct,Paid Search,Logged-In,AREA_C,AREA_B,AREA_C_TO_AREA_B,CU,BU,61_120,very_high,9_14,Y,Y,0,0.60512,79.78015630907763
153.0,340.3378875,66.78472222222223,3,1,0,2,0,1,0,0,0,4,1,1606.0,11.0,97.5684532,2,0,BAGGAGE,LOWER VERTEX,LANG_09,Round-Trip,apple,Direct,Direct,Logged-Out,AREA_B,AREA_B,AREA_B_TO_AREA_B,BU,BE,120_plus,very_high,30_plus,Y,U,0,0.8176454,79.77639411073038
93.0,610.8106223999999,8.121527777777779,6,6,0,0,0,0,0,0,0,2,1,209.33333333333334,23.0,90.6214272,2,1,BAGGAGE,UPPER APEX,LANG_09,Round-Trip,apple,Paid Search,Organic Search,Logged-Out,AREA_C,AREA_B,AREA_C_TO_AREA_B,CA,BU,61_120,very_high,9_14,Y,O,1,0.8685008,78.70478462507171
174.0,336.47033849999997,9.21875,3,3,0,0,0,0,0,0,0,2,1,241.83333333333334,7.0,95.1631204,1,1,BAGGAGE,UPPER APEX,LANG_09,Round-Trip,apple,Direct,Direct,Logged-Out,AREA_C,AREA_D,AREA_C_TO_AREA_D,CA,DA,120_plus,very_high,9_14,Y,O,0,0.8249108,78.50108763824241
42.0,309.34395800000004,24.006944444444443,4,3,1,0,0,0,1,0,0,4,1,577.0833333333334,9.0,87.732972,1,0,BAGGAGE,UPPER APEX,LANG_09,Round-Trip,microsoft,Email,MetaSearches,Logged-Out,AREA_C,AREA_B,AREA_C_TO_AREA_B,CU,BU,31_60,very_high,15_30,Y,O,1,0.8799241,77.19835805213714
129.0,373.0514414999999,13.211805555555555,5,5,0,0,0,0,0,0,0,2,1,333.25,17.0,89.42904,1,1,BAGGAGE,UPPER APEX,LANG_09,Round-Trip,google,Paid Search,Paid Search,Logged-Out,AREA_C,AREA_B,AREA_C_TO_AREA_B,CA,BO,120_plus,very_high,9_14,Y,O,1,0.86313206,77.189071480937
242.0,583.6409836,18.74652777777778,2,2,0,0,0,0,0,0,0,4,1,454.75,20.0,109.7698636,1,0,BAGGAGE,NEW HORIZON,LANG_02,Round-Trip,google,Paid Search,Paid Search,Logged-Out,AREA_C,AREA_B,AREA_C_TO_AREA_B,CE,BU,120_plus,very_high,15_30,Y,Y,0,0.7026108,77.12549066226785
8.0,282.737962,,4,4,0,0,0,0,0,0,0,4,1,1.8333333333333333,19.0,93.746304,1,0,BAGGAGE,UPPER APEX,LANG_09,Round-Trip,mozilla,Direct,Paid Search,Logged-Out,AREA_B,AREA_B,AREA_B_TO_AREA_B,BE,BI,8_14,very_high,unknown_or_oneway,Y,W,0,0.82193685,77.05354141323852
133.0,390.38645570000006,25.118055555555557,4,2,1,1,0,1,1,0,0,4,1,604.5,13.0,91.9405912,3,0,BAGGAGE,CENTRAL HORIZON,LANG_02,Round-Trip,google,Direct,Direct,Logged-Out,AREA_D,AREA_B,AREA_D_TO_AREA_B,DA,BI,120_plus,very_high,15_30,Y,L,0,0.8345032,76.72471516003418
94.0,469.4956072,20.447916666666668,4,4,0,0,0,0,0,0,0,2,1,511.3333333333333,11.0,90.6214272,2,1,BAGGAGE,UPPER APEX,LANG_09,Round-Trip,microsoft,Email,MetaSearches,Logged-Out,AREA_C,AREA_D,AREA_C_TO_AREA_D,CA,DA,61_120,very_high,15_30,Y,U,1,0.8448643,76.56280945688553
228.0,339.40076710000005,34.78125,3,1,1,1,0,1,1,1,0,2,1,838.0,13.0,93.6229536,2,0,BAGGAGE,LOWER VERTEX,LANG_02,Round-Trip,apple,Direct,Direct,Logged-In,AREA_B,AREA_B,AREA_B_TO_AREA_B,BU,BE,120_plus,very_high,30_plus,Y,U,0,0.8168943,76.48005647386093
89.0,421.3512608,10.253472222222221,4,2,0,2,0,1,0,1,0,4,1,248.5,17.0,92.1256168,3,0,BAGGAGE,SOUTH MERIDIAN,LANG_02,Round-Trip,google,Direct,Email,Logged-In,AREA_B,AREA_C,AREA_B_TO_AREA_C,BI,CA,61_120,very_high,9_14,Y,W,0,0.82626325,76.12001144596753
240.0,583.1805611,16.78125,3,3,0,0,0,0,0,0,1,2,1,406.0,10.0,93.6229536,2,0,BAGGAGE,LOWER VERTEX,LANG_02,Round-Trip,apple,Direct,Direct,Logged-Out,AREA_B,AREA_B,AREA_B_TO_AREA_B,BU,BE,120_plus,very_high,15_30,Y,U,1,0.80968994,75.80556359144956
73.0,392.4906936,6.333333333333333,3,3,0,0,0,0,0,1,0,2,1,166.41666666666666,15.0,90.6214272,1,1,BAGGAGE,UPPER APEX,LANG_09,Round-Trip,google,Paid Search,Paid Search,Logged-In,AREA_C,AREA_B,AREA_C_TO_AREA_B,CA,BU,61_120,very_high,6_8,Y,W,0,0.83572364,75.73446886877747
118.0,382.4770396,10.222222222222221,4,2,1,1,0,1,1,1,0,2,1,260.0,10.0,90.6214272,3,1,BAGGAGE,UPPER APEX,LANG_09,Round-Trip,google,Paid Search,Paid Search,Logged-In,AREA_C,AREA_B,AREA_C_TO_AREA_B,CA,BI,61_120,very_high,9_14,Y,U,0,0.83417493,75.5941227861534
35.0,553.2984984,17.229166666666668,4,3,1,0,0,0,1,0,0,2,1,434.0833333333333,19.0,89.2645728,2,1,BAGGAGE,UPPER APEX,LANG_09,Round-Trip,google,Paid Search,Paid Search,Logged-Out,AREA_C,AREA_D,AREA_C_TO_AREA_D,CA,DA,31_60,very_high,15_30,Y,U,0,0.8454105,75.46520942605305
111.0,594.2255614999999,6.71875,7,2,0,5,0,1,0,1,0,4,1,164.75,13.0,87.4965504,1,0,BAGGAGE,LOWER VERTEX,LANG_02,Round-Trip,microsoft,Organic Search,Organic Search,Logged-In,AREA_B,AREA_B,AREA_B_TO_AREA_B,BU,BA,61_120,very_high,6_8,Y,V,1,0.86044204,75.285710524823
244.0,422.547931,14.21875,5,4,0,1,0,1,0,0,0,2,1,355.4166666666667,16.0,84.3716736,2,1,BAGGAGE,UPPER APEX,LANG_09,Round-Trip,mozilla,Paid Search,Paid Search,Logged-Out,AREA_C,AREA_B,AREA_C_TO_AREA_B,CA,BU,120_plus,very_high,15_30,Y,U,1,0.8903632,75.12143467955931
29.0,649.3721846,14.065972222222221,3,1,1,1,0,1,1,0,0,2,1,342.5833333333333,13.0,98.063568,4,1,BAGGAGE,UPPER APEX,LANG_09,Round-Trip,microsoft,Paid Search,Paid Search,Logged-Out,AREA_C,AREA_C,AREA_C_TO_AREA_C,CA,CA,15_30,very_high,15_30,Y,T,1,0.7522923,73.77246470738412
258.0,300.6507529,59.298611111111114,3,3,0,0,0,0,0,0,0,2,1,1439.3333333333333,11.0,90.6214272,2,1,BAGGAGE,LOWER VERTEX,LANG_02,Round-Trip,google,Direct,Direct,Logged-Out,AREA_C,AREA_B,AREA_C_TO_AREA_B,CA,BO,120_plus,very_high,30_plus,Y,U,0,0.8124124,73.62196945677337
221.0,1555.0305232,15.0,7,4,3,0,0,0,1,0,0,2,1,367.25,19.0,90.6214272,3,1,BAGGAGE,UPPER APEX,LANG_09,Round-Trip,google,Direct,Organic Search,Logged-Out,AREA_C,AREA_B,AREA_C_TO_AREA_B,CA,BU,120_plus,very_high,15_30,Y,T,1,0.8058762,73.02965097644119
118.0,978.7815693,10.28125,9,9,0,0,0,0,0,1,0,2,1,260.25,16.0,89.42904,3,1,BAGGAGE,UPPER APEX,LANG_09,Round-Trip,google,Direct,Paid Search,Logged-In,AREA_C,AREA_B,AREA_C_TO_AREA_B,CA,BU,61_120,very_high,9_14,Y,O,0,0.8058762,72.06873451622486
122.0,160.78981620000002,7.722222222222222,2,2,0,0,0,0,0,0,0,4,1,186.16666666666666,21.0,95.4063948,1,0,BAGGAGE,UPPER APEX,LANG_09,Round-Trip,google,Paid Search,Paid Search,Logged-Out,AREA_B,AREA_B,AREA_B_TO_AREA_B,BI,BU,120_plus,very_high,6_8,Y,U,0,0.7541881,71.95436956502674
4.0,82.39121440000001,,2,2,0,0,0,0,0,0,0,2,1,2.4166666666666665,11.0,98.183492,1,0,BAGGAGE,NEW APEX,LANG_02,One-Way,google,MetaSearches,MetaSearches,Logged-Out,AREA_C,AREA_C,AREA_C_TO_AREA_C,CU,CE,4_7,high,unknown_or_oneway,Y,T,0,0.72553915,71.23596711899543
139.0,544.5329106,15.0,3,2,0,1,0,1,0,1,0,2,1,367.25,15.0,89.42904,4,1,BAGGAGE,UPPER APEX,LANG_09,Round-Trip,google,Paid Search,Paid Search,Logged-In,AREA_C,AREA_B,AREA_C_TO_AREA_B,CA,BU,120_plus,very_high,15_30,Y,V,0,0.7944496,71.04686750669002
,506.9037575,10.42361111111111,5,4,1,0,0,0,1,1,0,2,1,264.8333333333333,22.0,74.5242,2,1,BAGGAGE,UPPER APEX,LANG_09,Round-Trip,google,Organic Search,Organic Search,Logged-In,AREA_C,AREA_B,AREA_C_TO_AREA_B,CA,BU,,very_high,9_14,Y,U,1,0.9428116,70.2622808603525
3.0,149.2479878,,3,2,1,0,0,0,1,1,0,1,0,2.3333333333333335,16.0,87.3732,2,0,BAGGAGE,UPPER VERTEX,LANG_11,One-Way,apple,Direct,Direct,Logged-In,AREA_B,AREA_B,AREA_B_TO_AREA_B,BA,BE,0_3,very_high,unknown_or_oneway,Y,E,0,0.80178374,70.05441111724376
34.0,331.6429692,,9,9,0,0,0,0,0,1,0,1,0,2.3333333333333335,10.0,87.3732,2,0,BAGGAGE,UPPER APEX,LANG_09,One-Way,google,Direct,Organic Search,Logged-In,AREA_B,AREA_B,AREA_B_TO_AREA_B,BA,BE,31_60,very_high,unknown_or_oneway,Y,H,0,0.8011838,70.0019941215992
198.0,312.5677721,15.78125,4,1,2,1,0,1,1,0,0,4,1,382.0,22.0,87.5171088,4,0,BAGGAGE,LOWER VERTEX,LANG_02,Round-Trip,apple,Direct,Direct,Logged-Out,AREA_D,AREA_C,AREA_D_TO_AREA_C,DA,CU,120_plus,very_high,15_30,Y,U,1,0.79819316,69.85555734001036
225.0,464.9603385,21.552083333333332,4,4,0,0,0,0,0,0,0,4,1,520.5,19.0,87.5171088,4,0,BAGGAGE,LOWER VERTEX,LANG_02,Round-Trip,apple,Paid Search,Paid Search,Logged-Out,AREA_D,AREA_C,AREA_D_TO_AREA_C,DA,CU,120_plus,very_high,15_30,Y,U,0,0.797284,69.77599119145947
7.0,165.0770992,19.07986111111111,2,2,0,0,0,0,0,1,0,4,1,458.9166666666667,23.0,89.42904,2,0,BAGGAGE,UPPER APEX,LANG_09,Round-Trip,mozilla,Paid Search,Referrals,Logged-In,AREA_C,AREA_B,AREA_C_TO_AREA_B,CA,BU,4_7,very_high,15_30,Y,L,0,0.7769621,69.48297484990597
200.0,480.4716513,15.993055555555555,3,3,0,0,0,0,0,1,1,2,1,404.4166666666667,23.0,89.42904,3,1,BAGGAGE,UPPER APEX,LANG_09,Round-Trip,google,Internal,Organic Search,Logged-In,AREA_C,AREA_D,AREA_C_TO_AREA_D,CA,DA,120_plus,very_high,15_30,Y,L,0,0.7700415,68.86407437343121
101.0,240.6626266,9.20486111111111,3,2,0,1,0,1,0,0,0,3,1,221.83333333333334,6.0,78.6975552,2,0,BAGGAGE,UPPER APEX,LANG_09,Round-Trip,google,Paid Search,Paid Search,Logged-Out,AREA_B,AREA_B,AREA_B_TO_AREA_B,BE,BU,61_120,very_high,9_14,Y,U,1,0.8715752,68.59083558054542
13.0,578.0371064,11.211805555555555,4,2,1,1,0,1,1,1,0,2,1,285.25,11.0,77.8341024,2,1,BAGGAGE,UPPER APEX,LANG_09,Round-Trip,google,Organic Search,Organic Search,Logged-In,AREA_C,AREA_B,AREA_C_TO_AREA_B,CA,BO,8_14,very_high,9_14,Y,T,1,0.88121516,68.58859062040501
318.0,231.9535744,21.21875,2,2,0,0,0,0,0,0,0,2,1,529.8333333333334,22.0,95.1631204,1,1,BAGGAGE,UPPER APEX,LANG_09,Round-Trip,google,Organic Search,Organic Search,Logged-Out,AREA_C,AREA_D,AREA_C_TO_AREA_D,CA,DA,120_plus,very_high,15_30,Y,L,0,0.7177396,68.30233826358966
224.0,227.99950879999997,44.99305555555556,2,2,0,0,0,0,0,0,0,2,1,1100.4166666666667,20.0,95.1631204,1,1,BAGGAGE,NEW MERIDIAN,LANG_02,Round-Trip,mozilla,Organic Search,Organic Search,Logged-Out,AREA_C,AREA_D,AREA_C_TO_AREA_D,CA,DA,120_plus,very_high,30_plus,Y,O,1,0.71671945,68.20525917694943
139.0,204.8190562,10.784722222222221,2,2,0,0,0,0,0,0,0,4,1,262.0,9.0,97.5684532,2,0,BAGGAGE,LOWER VERTEX,LANG_02,Round-Trip,google,Paid Search,Paid Search,Logged-Out,AREA_B,AREA_B,AREA_B_TO_AREA_B,BU,BE,120_plus,very_high,9_14,Y,O,0,0.69740206,68.04444025580513
108.0,166.810001,27.78472222222222,2,2,0,0,0,0,0,0,0,4,1,670.0,10.0,97.5684532,2,0,BAGGAGE,NORTH MERIDIAN,LANG_02,Round-Trip,google,Direct,Paid Search,Logged-Out,AREA_B,AREA_B,AREA_B_TO_AREA_B,BU,BE,61_120,very_high,15_30,Y,O,0,0.696376,67.94433167084176
24.0,88.47307439999999,,2,2,0,0,0,0,0,0,0,1,0,4.75,19.0,101.772646,3,1,BAGGAGE,NEW HORIZON,LANG_02,One-Way,google,Paid Search,Paid Search,Logged-Out,AREA_C,AREA_C,AREA_C_TO_AREA_C,CA,CE,15_30,high,unknown_or_oneway,Y,T,0,0.66757834,67.94121403100944
175.0,733.485165,16.21875,5,5,0,0,0,0,0,1,0,2,1,409.8333333333333,15.0,79.2937488,2,1,BAGGAGE,UPPER APEX,LANG_09,Round-Trip,microsoft,Paid Search,Paid Search,Logged-In,AREA_C,AREA_D,AREA_C_TO_AREA_D,CA,DA,120_plus,very_high,15_30,Y,W,1,0.8477166,67.21862947356463
3.0,130.5903832,,4,4,0,0,0,0,0,1,1,2,1,5.166666666666667,11.0,80.2240164,3,0,BAGGAGE,LOWER HORIZON,LANG_02,One-Way,google,MetaSearches,MetaSearches,Logged-In,AREA_B,AREA_C,AREA_B_TO_AREA_C,BE,CU,0_3,very_high,unknown_or_oneway,Y,S,1,0.8335438,66.87022967353592
106.0,441.9533473999999,,7,6,0,0,1,1,0,0,0,3,1,410.0833333333333,21.0,78.6975552,2,0,BAGGAGE,UPPER APEX,LANG_09,Multi-City,apple,Direct,Direct,Logged-Out,AREA_C,AREA_B,AREA_C_TO_AREA_B,CU,BO,61_120,very_high,unknown_or_oneway,Y,O,1,0.84841496,66.76818295219917
176.0,283.7864404,11.39236111111111,2,2,0,0,0,0,0,0,0,3,1,280.6666666666667,21.0,89.42904,1,1,BAGGAGE,UPPER APEX,LANG_09,Round-Trip,apple,Direct,Direct,Logged-Out,AREA_C,AREA_B,AREA_C_TO_AREA_B,CA,BU,120_plus,very_high,9_14,Y,L,0,0.7425217,66.40300310020923
263.0,374.6588514,17.239583333333332,5,3,1,1,0,1,1,0,0,4,1,415.0,10.0,73.1416476,1,0,BAGGAGE,UPPER HORIZON,LANG_05,Round-Trip,google,Direct,Direct,Logged-Out,AREA_C,AREA_D,AREA_C_TO_AREA_D,CI,DA,120_plus,very_high,15_30,Y,L,1,0.90119135,65.91462041965384
150.0,208.9393022,40.229166666666664,2,2,0,0,0,0,0,0,0,2,1,979.9166666666666,21.0,90.6214272,2,1,BAGGAGE,UPPER APEX,LANG_09,Round-Trip,google,Direct,Direct,Logged-Out,AREA_C,AREA_B,AREA_C_TO_AREA_B,CA,BU,120_plus,very_high,30_plus,Y,O,0,0.7238595,65.59717998218765
15.0,52.6706208,,2,2,0,0,0,0,0,0,0,3,1,6.25,13.0,98.183492,2,0,BAGGAGE,UPPER APEX,LANG_09,One-Way,google,Organic Search,Referrals,Logged-Out,AREA_C,AREA_C,AREA_C_TO_AREA_C,CU,CE,15_30,mid,unknown_or_oneway,Y,S,0,0.6678747,65.57426966264104
86.0,465.335101,6.229166666666667,5,2,1,2,0,1,1,1,0,2,1,164.16666666666666,22.0,74.5242,2,1,BAGGAGE,UPPER APEX,LANG_09,Round-Trip,google,Direct,Email,Logged-In,AREA_C,AREA_B,AREA_C_TO_AREA_B,CA,BU,61_120,very_high,6_8,Y,W,1,0.879154,65.51825050231217
169.0,308.8933864,22.1875,3,2,0,1,0,1,0,1,0,4,1,533.5,22.0,76.5594816,2,0,BAGGAGE,UPPER APEX,LANG_09,Round-Trip,microsoft,Direct,Email,Logged-In,AREA_B,AREA_B,AREA_B_TO_AREA_B,BE,BO,120_plus,very_high,15_30,Y,W,1,0.85394734,65.37776577450599
142.0,729.0274185999999,21.22222222222222,6,4,0,2,0,1,0,0,0,2,1,529.9166666666666,17.0,74.5242,2,1,BAGGAGE,UPPER APEX,LANG_09,Round-Trip,google,Paid Search,Paid Search,Logged-Out,AREA_C,AREA_D,AREA_C_TO_AREA_D,CA,DA,120_plus,very_high,15_30,Y,V,1,0.8765861,65.326876313138
70.0,135.02585800000003,17.78125,2,2,0,0,0,0,0,0,0,3,1,430.0,19.0,93.6229536,2,0,BAGGAGE,LOWER VERTEX,LANG_02,Round-Trip,google,Paid Search,Paid Search,Logged-Out,AREA_B,AREA_B,AREA_B_TO_AREA_B,BU,BE,61_120,very_high,15_30,Y,O,0,0.69740206,65.29284070691014
170.0,319.3893062,16.020833333333332,2,1,0,1,0,1,0,0,0,4,1,385.4166666666667,19.0,89.42904,2,0,BAGGAGE,UPPER APEX,LANG_09,Round-Trip,google,Paid Search,Paid Search,Logged-Out,AREA_B,AREA_B,AREA_B_TO_AREA_B,BE,BU,120_plus,very_high,15_30,Y,S,0,0.7297504,65.26087724847794
20.0,253.82599880000004,,3,2,0,0,1,1,0,1,0,2,1,30.5,8.0,80.1970335,2,0,BAGGAGE,NORTH MERIDIAN,LANG_02,One-Way,apple,Direct,Direct,Logged-In,AREA_B,AREA_B,AREA_B_TO_AREA_B,BI,BO,15_30,very_high,unknown_or_oneway,Y,V,0,0.8128446,65.1877235675759
63.0,178.05030619999997,,2,2,0,0,0,0,0,0,0,2,1,189.08333333333334,21.0,90.6214272,2,1,BAGGAGE,NEW AURORA,LANG_09,Multi-City,google,Direct,Direct,Logged-Out,AREA_C,AREA_B,AREA_C_TO_AREA_B,CA,BU,61_120,very_high,unknown_or_oneway,Y,U,0,0.7191141,65.16714830678329
87.0,276.7725996,15.934027777777779,2,2,0,0,0,0,0,0,0,4,1,383.3333333333333,18.0,89.42904,2,0,BAGGAGE,UPPER APEX,LANG_09,Round-Trip,apple,Direct,Direct,Logged-Out,AREA_B,AREA_B,AREA_B_TO_AREA_B,BE,BU,61_120,very_high,15_30,Y,U,0,0.7241038,64.75590844582558
163.0,471.571149,10.21875,3,3,0,0,0,0,0,1,0,2,1,265.8333333333333,18.0,79.2937488,2,1,BAGGAGE,UPPER APEX,LANG_09,Round-Trip,samsung,Direct,Direct,Logged-In,AREA_C,AREA_D,AREA_C_TO_AREA_D,CA,DA,120_plus,very_high,9_14,Y,L,0,0.8131777,64.47990865505162
69.0,289.3727573,10.552083333333334,3,2,0,1,0,1,0,0,0,4,1,256.5,7.0,79.479631,4,0,BAGGAGE,LOWER VERTEX,LANG_02,Round-Trip,apple,Internal,Email,Logged-Out,AREA_D,AREA_C,AREA_D_TO_AREA_C,DA,CU,61_120,very_high,9_14,Y,U,0,0.8060993,64.0684745649315
100.0,2503.0168942,12.48263888888889,4,2,2,0,0,0,1,0,0,2,1,320.1666666666667,20.0,98.063568,2,1,BAGGAGE,UPPER APEX,LANG_09,Round-Trip,google,Direct,Email,Logged-Out,AREA_C,AREA_D,AREA_C_TO_AREA_D,CA,DA,61_120,very_high,9_14,C,Z,0,0.65002227,63.743502908489226
189.0,541.7789416,19.302083333333332,4,3,0,1,0,1,0,0,0,2,1,479.5,18.0,72.5300352,2,1,BAGGAGE,UPPER APEX,LANG_09,Round-Trip,google,Paid Search,Paid Search,Logged-Out,AREA_C,AREA_B,AREA_C_TO_AREA_B,CA,BO,120_plus,very_high,15_30,Y,W,0,0.8765861,63.57881920903473
81.0,302.6102254,21.99652777777778,2,2,0,0,0,0,0,0,0,4,1,528.8333333333334,17.0,90.6214272,2,0,BAGGAGE,UPPER APEX,LANG_09,Round-Trip,mozilla,Paid Search,Paid Search,Logged-Out,AREA_C,AREA_B,AREA_C_TO_AREA_B,CE,BI,61_120,very_high,15_30,Y,L,0,0.6984624,63.2956619497261
183.0,473.5473252000001,14.78125,3,3,0,0,0,0,0,0,0,2,1,358.0,8.0,76.6031682,2,0,BAGGAGE,LOWER VERTEX,LANG_02,Round-Trip,google,Paid Search,Organic Search,Logged-Out,AREA_B,AREA_B,AREA_B_TO_AREA_B,BU,BE,120_plus,very_high,15_30,Y,L,0,0.8207409,62.871351570632775
80.0,248.204133,15.302083333333334,2,2,0,0,0,0,0,0,0,2,1,383.5,21.0,90.6214272,2,1,BAGGAGE,UPPER APEX,LANG_09,Round-Trip,google,Paid Search,Paid Search,Logged-Out,AREA_C,AREA_B,AREA_C_TO_AREA_B,CA,BO,61_120,very_high,15_30,Y,U,0,0.69369376,62.86351830425262
181.0,374.2177023999999,22.78125,3,3,0,0,0,0,0,1,0,2,1,550.0,6.0,76.6031682,2,0,BAGGAGE,LOWER VERTEX,LANG_02,Round-Trip,samsung,Direct,Referrals,Logged-In,AREA_B,AREA_B,AREA_B_TO_AREA_B,BU,BE,120_plus,very_high,15_30,Y,L,0,0.8204756,62.851028729128075
178.0,506.04073299999993,23.78125,3,1,1,1,0,1,1,0,0,2,1,574.0,11.0,76.6031682,2,0,BAGGAGE,LOWER VERTEX,LANG_02,Round-Trip,google,Direct,Direct,Logged-Out,AREA_B,AREA_B,AREA_B_TO_AREA_B,BU,BE,120_plus,very_high,15_30,Y,V,0,0.8194347,62.77129433658782
89.0,276.7212036,18.447916666666668,2,2,0,0,0,0,0,1,0,2,1,463.3333333333333,19.0,90.6214272,2,1,BAGGAGE,UPPER APEX,LANG_09,Round-Trip,google,Direct,Organic Search,Logged-In,AREA_C,AREA_D,AREA_C_TO_AREA_D,CA,DA,61_120,very_high,15_30,Y,U,0,0.6926606,62.76989483313217
54.0,48.9045789,8.402777777777779,2,2,0,0,0,0,0,0,0,4,1,203.41666666666666,22.0,134.2874688,5,0,BAGGAGE,SOUTH HORIZON,LANG_02,Round-Trip,google,Organic Search,Organic Search,Logged-Out,AREA_C,AREA_C,AREA_C_TO_AREA_C,CA,CI,31_60,mid,9_14,Y,L,0,0.46615508,62.59878602834186
103.0,195.0375408,6.034722222222222,2,2,0,0,0,0,0,0,0,2,1,159.41666666666666,21.0,90.6214272,1,1,BAGGAGE,UPPER APEX,LANG_09,Round-Trip,google,Paid Search,Paid Search,Logged-Out,AREA_C,AREA_B,AREA_C_TO_AREA_B,CA,BU,61_120,very_high,6_8,Y,U,0,0.68832564,62.37705219590149
169.0,366.9995625,16.770833333333332,4,3,0,1,0,1,0,0,0,2,1,406.0,10.0,71.1731808,2,1,BAGGAGE,LOWER VERTEX,LANG_02,Round-Trip,google,Paid Search,Paid Search,Logged-Out,AREA_B,AREA_C,AREA_B_TO_AREA_C,BU,CA,120_plus,very_high,15_30,Y,O,1,0.8720754,62.068378613308525
150.0,719.5238698999999,17.59027777777778,5,3,0,2,0,1,0,0,0,2,1,425.3333333333333,13.0,71.4944058,2,1,BAGGAGE,LOWER VERTEX,LANG_02,Round-Trip,google,Direct,Direct,Logged-Out,AREA_B,AREA_C,AREA_B_TO_AREA_C,BU,CA,120_plus,very_high,15_30,Y,U,1,0.8676307,62.03074279013171
187.0,283.7864404,,2,2,0,0,0,0,0,0,0,2,1,-328.3333333333333,11.0,89.42904,1,1,BAGGAGE,UPPER APEX,LANG_09,Round-Trip,google,Paid Search,Paid Search,Logged-Out,AREA_C,AREA_B,AREA_C_TO_AREA_B,CA,BU,120_plus,very_high,unknown_or_oneway,Y,W,0,0.69278926,61.955478137612346
203.0,464.8785332000001,15.590277777777779,6,4,0,2,0,1,0,0,0,2,1,377.3333333333333,14.0,71.4944058,2,1,BAGGAGE,LOWER VERTEX,LANG_09,Round-Trip,apple,Direct,Direct,Logged-Out,AREA_B,AREA_C,AREA_B_TO_AREA_C,BU,CA,120_plus,very_high,15_30,Y,O,1,0.86624104,61.931388280347306
2.0,65.0142268,27.197916666666668,1,1,0,0,0,0,0,0,0,2,1,656.25,19.0,171.32,1,1,BAGGAGE,UPPER APEX,LANG_09,Round-Trip,google,Paid Search,Paid Search,Logged-Out,AREA_C,AREA_B,AREA_C_TO_AREA_B,CA,BA,0_3,high,15_30,Y,K,0,0.35814235,61.35694674134254
97.0,300.02928959999997,14.246527777777779,4,2,0,2,0,1,0,1,0,2,1,356.0833333333333,17.0,67.07178,1,1,BAGGAGE,UPPER APEX,LANG_09,Round-Trip,apple,Direct,Direct,Logged-In,AREA_C,AREA_B,AREA_C_TO_AREA_B,CA,BU,61_120,very_high,15_30,Y,U,1,0.9102099,61.04939777628422
144.0,146.504298,,2,2,0,0,0,0,0,0,0,2,1,5.583333333333333,8.0,84.3716736,1,0,BAGGAGE,CENTRAL MERIDIAN,LANG_02,One-Way,apple,MetaSearches,MetaSearches,Logged-Out,AREA_B,AREA_B,AREA_B_TO_AREA_B,BI,BU,120_plus,very_high,unknown_or_oneway,Y,T,0,0.71572673,60.387062320994566
90.0,344.0345448,,4,2,1,1,0,1,1,0,0,3,1,389.25,10.0,67.9660704,2,1,BAGGAGE,UPPER APEX,LANG_09,Multi-City,google,Paid Search,Paid Search,Logged-Out,AREA_C,AREA_B,AREA_C_TO_AREA_B,CA,BO,61_120,very_high,unknown_or_oneway,Y,O,1,0.88523287,60.16579927806302
96.0,561.0241738,11.78125,2,2,0,0,0,0,0,1,0,3,1,286.0,22.0,86.4429324,2,0,BAGGAGE,LOWER VERTEX,LANG_02,Round-Trip,google,MetaSearches,Paid Search,Logged-In,AREA_B,AREA_B,AREA_B_TO_AREA_B,BU,BE,61_120,very_high,9_14,Y,W,0,0.69531316,60.10490811077807
42.0,254.6282047,30.21875,4,3,1,0,0,0,1,1,1,2,1,741.1666666666666,9.0,70.0681668,2,1,BAGGAGE,LOWER VERTEX,LANG_02,Round-Trip,mozilla,Direct,Direct,Logged-In,AREA_C,AREA_B,AREA_C_TO_AREA_B,CA,BU,31_60,very_high,30_plus,Y,U,1,0.8567045,60.02771194718771
45.0,219.6245306,13.739583333333334,2,2,0,0,0,0,0,0,0,4,1,332.9166666666667,11.0,86.4429324,2,0,BAGGAGE,LOWER VERTEX,LANG_02,Round-Trip,google,Organic Search,Organic Search,Logged-Out,AREA_B,AREA_B,AREA_B_TO_AREA_B,BU,BE,31_60,very_high,9_14,Y,U,0,0.6936423,59.96047602615588
14.0,65.3020444,,2,2,0,0,0,0,0,1,0,1,0,2.3333333333333335,16.0,87.3732,2,0,BAGGAGE,UPPER APEX,LANG_02,One-Way,google,Paid Search,Paid Search,Logged-In,AREA_B,AREA_B,AREA_B_TO_AREA_B,BA,BE,8_14,high,unknown_or_oneway,Y,Q,0,0.6851772,59.86612514204979
227.0,346.4039004,20.21875,4,2,0,2,0,1,0,1,1,2,1,501.5833333333333,14.0,67.07178,2,0,BAGGAGE,UPPER APEX,LANG_09,Round-Trip,apple,Paid Search,Organic Search,Logged-In,AREA_B,AREA_B,AREA_B_TO_AREA_B,BE,BU,120_plus,very_high,15_30,Y,O,1,0.89004326,59.6967856357956
259.0,571.2772475,17.479166666666668,5,3,1,1,0,1,1,1,1,4,1,420.4166666666667,14.0,67.07178,2,0,BAGGAGE,UPPER APEX,LANG_09,Round-Trip,google,Paid Search,Affiliate,Logged-In,AREA_C,AREA_B,AREA_C_TO_AREA_B,CE,BU,120_plus,very_high,15_30,Y,U,1,0.889119,59.63479590992689
44.0,116.4993132,10.90625,4,2,0,2,0,1,0,1,0,2,1,263.3333333333333,22.0,71.4151703,3,1,BAGGAGE,EAST VERTEX,LANG_02,Round-Trip,google,Direct,Direct,Logged-In,AREA_B,AREA_C,AREA_B_TO_AREA_C,BI,CA,31_60,very_high,9_14,Y,U,0,0.83433837,59.5844165660806
57.0,270.3446732,,4,3,1,0,0,0,1,1,0,4,1,314.9166666666667,22.0,67.9660704,2,0,BAGGAGE,UPPER APEX,LANG_09,Multi-City,google,Paid Search,Paid Search,Logged-In,AREA_C,AREA_B,AREA_C_TO_AREA_B,CE,BU,31_60,very_high,unknown_or_oneway,Y,O,1,0.87544155,59.500322100521856
89.0,353.9149975,11.270833333333334,4,2,2,0,0,0,1,0,0,4,1,271.75,18.0,69.2329818,2,0,BAGGAGE,CENTRAL MERIDIAN,LANG_02,Round-Trip,google,Direct,Direct,Logged-Out,AREA_B,AREA_B,AREA_B_TO_AREA_B,BI,BU,61_120,very_high,9_14,Y,L,1,0.8582197,59.41710770533244
50.0,273.27510179999996,,3,2,0,1,0,1,0,0,0,1,0,1.25,17.0,73.1416476,3,0,BAGGAGE,UPPER HORIZON,LANG_05,Round-Trip,mozilla,Organic Search,Organic Search,Logged-Out,AREA_C,AREA_D,AREA_C_TO_AREA_D,CI,DA,31_60,very_high,unknown_or_oneway,Y,O,0,0.8107148,59.29701483680971
172.0,406.525228,22.413194444444443,4,3,1,0,0,0,1,0,0,2,1,558.5,21.0,67.9660704,2,1,BAGGAGE,UPPER APEX,LANG_09,Round-Trip,google,Paid Search,Paid Search,Logged-Out,AREA_C,AREA_B,AREA_C_TO_AREA_B,CA,BU,120_plus,very_high,15_30,Y,O,1,0.8714963,59.23218022288399
220.0,402.0383572,10.20486111111111,4,3,1,0,0,0,1,1,0,2,1,259.3333333333333,11.0,67.9660704,2,1,BAGGAGE,UPPER APEX,LANG_09,Round-Trip,google,Direct,Paid Search,Logged-In,AREA_C,AREA_B,AREA_C_TO_AREA_B,CA,BU,120_plus,very_high,9_14,Y,L,1,0.8712944,59.21845511816369
72.0,326.4995145,6.239583333333333,3,2,1,0,0,0,1,0,0,2,1,164.25,7.0,70.79799,1,1,BAGGAGE,UPPER APEX,LANG_09,Round-Trip,mozilla,Paid Search,Paid Search,Logged-Out,AREA_C,AREA_B,AREA_C_TO_AREA_B,CA,BU,61_120,very_high,6_8,Y,O,0,0.8361428,59.19722806349516
180.0,824.1588448000001,,4,3,1,0,0,0,1,1,0,2,1,335.75,19.0,67.9378026,2,1,BAGGAGE,UPPER APEX,LANG_09,Multi-City,mozilla,Direct,Direct,Logged-In,AREA_C,AREA_B,AREA_C_TO_AREA_B,CA,BU,120_plus,very_high,unknown_or_oneway,Y,T,0,0.8694521,59.06866642218611
72.0,263.1963462,10.36111111111111,3,3,0,0,0,0,0,1,0,2,1,263.8333333333333,12.0,72.5300352,2,1,BAGGAGE,UPPER APEX,LANG_09,Round-Trip,google,Direct,Direct,Logged-In,AREA_C,AREA_B,AREA_C_TO_AREA_B,CA,BO,61_120,very_high,9_14,Y,O,1,0.8131777,58.979807553804015
17.0,289.0759454,15.260416666666666,3,3,0,0,0,0,0,0,0,2,1,381.1666666666667,4.0,69.5953236,2,1,BAGGAGE,LOWER VERTEX,LANG_02,Round-Trip,google,Direct,Organic Search,Logged-Out,AREA_C,AREA_B,AREA_C_TO_AREA_B,CA,BU,15_30,very_high,15_30,Y,L,1,0.846297,58.89831536395483
105.0,265.635943,15.319444444444445,3,2,0,1,0,1,0,0,0,2,1,383.8333333333333,21.0,67.07178,1,1,BAGGAGE,UPPER APEX,LANG_09,Round-Trip,apple,Direct,Direct,Logged-Out,AREA_C,AREA_B,AREA_C_TO_AREA_B,CA,BO,61_120,very_high,15_30,Y,O,1,0.875554,58.72496695453048
213.0,261.2021814,9.784722222222221,5,3,0,1,1,1,0,0,0,4,1,238.0,8.0,66.6888798,2,0,BAGGAGE,LOWER VERTEX,LANG_02,Round-Trip,google,Paid Search,Paid Search,Logged-Out,AREA_B,AREA_B,AREA_B_TO_AREA_B,BU,BE,120_plus,very_high,9_14,Y,O,1,0.880494,58.71915843242361
110.0,682.5611516,10.993055555555555,4,2,2,0,0,0,1,1,1,2,1,284.4166666666667,11.0,90.6214272,1,1,BAGGAGE,UPPER APEX,LANG_09,Round-Trip,google,Direct,Email,Logged-In,AREA_C,AREA_D,AREA_C_TO_AREA_D,CA,DA,61_120,very_high,9_14,P,R,0,0.6449081,58.44248976733246
236.0,573.395191,15.243055555555555,5,4,1,0,0,0,1,0,0,4,1,367.1666666666667,18.0,72.930924,3,0,BAGGAGE,WEST APEX,LANG_02,Round-Trip,google,Paid Search,Paid Search,Logged-Out,AREA_C,AREA_B,AREA_C_TO_AREA_B,CI,BO,120_plus,very_high,15_30,Y,S,0,0.8006442,58.39172268121505
273.0,256.7037465,19.993055555555557,3,2,0,1,0,1,0,0,0,2,1,500.4166666666667,23.0,67.9660704,2,1,BAGGAGE,UPPER APEX,LANG_09,Round-Trip,google,Paid Search,Paid Search,Logged-Out,AREA_C,AREA_D,AREA_C_TO_AREA_D,CA,DA,120_plus,very_high,15_30,Y,O,0,0.85601586,58.1800342745802
,769.5129044,138.90277777777777,5,2,1,2,0,1,1,0,0,4,1,3337.0,16.0,63.1965216,4,0,BAGGAGE,NORTH MERIDIAN,LANG_02,Round-Trip,mozilla,Paid Search,Paid Search,Logged-Out,AREA_B,AREA_C,AREA_B_TO_AREA_C,BI,CI,,very_high,30_plus,Y,V,1,0.9204939,58.17201268305301
76.0,252.6794397,9.253472222222221,2,2,0,0,0,0,0,0,0,4,1,224.5,19.0,92.1256168,3,0,BAGGAGE,SOUTH MERIDIAN,LANG_02,Round-Trip,google,MetaSearches,MetaSearches,Logged-Out,AREA_B,AREA_C,AREA_B_TO_AREA_C,BI,CA,61_120,very_high,9_14,Y,V,0,0.6289893,57.94602531335206
53.0,197.013717,6.21875,3,2,1,0,0,0,1,0,0,2,1,165.16666666666666,18.0,70.0681668,2,1,BAGGAGE,UPPER APEX,LANG_09,Round-Trip,microsoft,Direct,Paid Search,Logged-Out,AREA_C,AREA_B,AREA_C_TO_AREA_B,CA,BU,31_60,very_high,6_8,Y,O,0,0.82668513,57.92431162169159
3.0,154.0877778,,6,6,0,0,0,0,0,1,0,1,0,2.4166666666666665,19.0,71.2965312,2,0,BAGGAGE,UPPER APEX,LANG_09,One-Way,apple,Direct,Direct,Logged-In,AREA_B,AREA_B,AREA_B_TO_AREA_B,BE,BA,0_3,very_high,unknown_or_oneway,Y,V,1,0.81213135,57.9021477966877
133.0,658.5973383,69.78472222222223,6,3,0,2,1,1,0,0,0,4,1,1678.0,23.0,66.1543614,2,0,BAGGAGE,LOWER VERTEX,LANG_02,Round-Trip,google,Email,Organic Search,Logged-Out,AREA_B,AREA_C,AREA_B_TO_AREA_C,BU,CU,120_plus,very_high,30_plus,Y,L,1,0.873767,57.80349910922105
36.0,236.26355729999997,5.319444444444445,3,3,0,0,0,0,0,1,1,5,1,128.66666666666666,23.0,76.5594816,2,0,BAGGAGE,SOUTH HORIZON,LANG_02,Round-Trip,apple,Internal,Partners,Logged-In,AREA_B,AREA_B,AREA_B_TO_AREA_B,BE,BO,31_60,very_high,6_8,Y,U,0,0.75360453,57.69557224683151
91.0,466.0353715,10.427083333333334,5,5,0,0,0,0,0,0,0,2,1,266.4166666666667,14.0,67.07178,1,1,BAGGAGE,UPPER APEX,LANG_09,Round-Trip,google,Internal,Internal,Logged-Out,AREA_C,AREA_B,AREA_C_TO_AREA_B,CA,BO,61_120,very_high,9_14,Y,O,1,0.85997295,57.67991676298142
287.0,445.234982,15.222222222222221,4,4,0,0,0,0,0,1,0,2,1,385.9166666666667,21.0,67.9660704,2,1,BAGGAGE,UPPER APEX,LANG_09,Round-Trip,google,Paid Search,Paid Search,Logged-In,AREA_C,AREA_D,AREA_C_TO_AREA_D,CA,DA,120_plus,very_high,15_30,Y,O,0,0.8477166,57.615968120198254
127.0,235.7007711,8.01388888888889,3,3,0,0,0,0,0,0,0,2,1,206.91666666666666,15.0,67.07178,1,1,BAGGAGE,UPPER APEX,LANG_09,Round-Trip,microsoft,Paid Search,Paid Search,Logged-Out,AREA_C,AREA_B,AREA_C_TO_AREA_B,CA,BU,120_plus,very_high,9_14,Y,O,0,0.8576802,57.52613778740645
208.0,284.2819835,21.59027777777778,4,3,0,1,0,1,0,0,0,2,1,521.3333333333334,13.0,66.082407,2,1,BAGGAGE,LOWER VERTEX,LANG_02,Round-Trip,apple,Direct,Direct,Logged-Out,AREA_B,AREA_C,AREA_B_TO_AREA_C,BU,CA,120_plus,very_high,15_30,Y,O,1,0.86870766,57.4062929446621
143.0,756.9906973000001,12.78125,4,3,0,1,0,1,0,0,0,2,1,310.0,10.0,65.4262514,2,0,BAGGAGE,LOWER VERTEX,LANG_02,Round-Trip,microsoft,Paid Search,Affiliate,Logged-Out,AREA_B,AREA_B,AREA_B_TO_AREA_B,BU,BE,120_plus,very_high,9_14,Y,S,0,0.8760565,57.31709230769602
88.0,268.1637696,21.81597222222222,3,3,0,0,0,0,0,0,0,4,1,524.5,17.0,67.9660704,2,0,BAGGAGE,UPPER APEX,LANG_09,Round-Trip,google,Paid Search,MetaSearches,Logged-Out,AREA_C,AREA_B,AREA_C_TO_AREA_B,CA,BU,61_120,very_high,15_30,Y,O,0,0.8423878,57.25378820954018
121.0,95.5109,,2,2,0,0,0,0,0,0,0,5,1,564.0833333333334,23.0,78.6975552,1,0,BAGGAGE,LOWER VERTEX,LANG_02,Multi-City,microsoft,Direct,Organic Search,Logged-Out,AREA_C,AREA_B,AREA_C_TO_AREA_B,CU,BO,120_plus,high,unknown_or_oneway,Y,U,0,0.72743547,57.24739302543869
150.0,156.4215845,,2,2,0,0,0,0,0,0,0,4,1,300.0,13.0,78.6975552,1,0,BAGGAGE,UPPER APEX,LANG_09,Multi-City,google,Organic Search,Organic Search,Logged-Out,AREA_C,AREA_B,AREA_C_TO_AREA_B,CU,BO,120_plus,very_high,unknown_or_oneway,Y,L,0,0.7265296,57.17610316161804
148.0,685.8701973999999,37.666666666666664,4,2,1,1,0,1,1,0,0,2,1,907.5,12.0,65.7431934,2,1,BAGGAGE,LOWER VERTEX,LANG_02,Round-Trip,google,Paid Search,Paid Search,Logged-Out,AREA_B,AREA_C,AREA_B_TO_AREA_C,BU,CA,120_plus,very_high,30_plus,Y,W,0,0.86909133,57.13683951922906
176.0,356.0170939,20.03472222222222,3,1,0,2,0,1,0,0,0,2,1,495.4166666666667,20.0,67.9660704,2,1,BAGGAGE,UPPER APEX,LANG_09,Round-Trip,google,Paid Search,Organic Search,Logged-Out,AREA_C,AREA_B,AREA_C_TO_AREA_B,CA,BU,120_plus,very_high,15_30,Y,L,0,0.8398737,57.082913086428455
227.0,363.1615662,6.423611111111111,3,3,0,0,0,0,0,1,0,2,1,168.83333333333334,14.0,67.9660704,1,1,BAGGAGE,UPPER APEX,LANG_09,Round-Trip,microsoft,Display,Paid Search,Logged-In,AREA_C,AREA_B,AREA_C_TO_AREA_B,CA,BU,120_plus,very_high,6_8,Y,V,1,0.8394962,57.0572575114008
136.0,302.9134618,7.229166666666667,3,1,1,1,0,1,1,1,0,2,1,194.08333333333334,11.0,67.07178,1,1,BAGGAGE,UPPER APEX,LANG_09,Round-Trip,apple,Direct,Direct,Logged-In,AREA_C,AREA_D,AREA_C_TO_AREA_D,CA,DA,120_plus,very_high,6_8,Y,O,0,0.8458947,56.73566284115553
196.0,279.6237927,,3,3,0,0,0,0,0,0,0,2,1,355.8333333333333,12.0,67.9660704,2,1,BAGGAGE,UPPER APEX,LANG_09,Multi-City,apple,Internal,Internal,Logged-Out,AREA_C,AREA_B,AREA_C_TO_AREA_B,CA,BO,120_plus,very_high,unknown_or_oneway,Y,U,0,0.8296142,56.38561862067204
154.0,257.49481660000004,11.211805555555555,2,2,0,0,0,0,0,1,0,2,1,285.25,16.0,89.42904,3,1,BAGGAGE,UPPER APEX,LANG_09,Round-Trip,mozilla,Paid Search,Paid Search,Logged-In,AREA_C,AREA_B,AREA_C_TO_AREA_B,CA,BO,120_plus,very_high,9_14,Y,W,0,0.63018566,56.356898926463124
122.0,404.9786367,14.319444444444445,3,2,1,0,0,0,1,1,0,2,1,359.8333333333333,21.0,67.07178,1,1,BAGGAGE,UPPER APEX,LANG_09,Round-Trip,microsoft,Paid Search,Paid Search,Logged-In,AREA_C,AREA_B,AREA_C_TO_AREA_B,CA,BO,120_plus,very_high,15_30,Y,W,1,0.83508927,56.010923549648524
64.0,158.3519326,,2,2,0,0,0,0,0,1,0,4,1,583.1666666666666,10.0,78.6975552,2,0,BAGGAGE,UPPER APEX,LANG_09,Multi-City,google,Organic Search,Paid Search,Logged-In,AREA_C,AREA_B,AREA_C_TO_AREA_B,CU,BO,61_120,very_high,unknown_or_oneway,Y,O,0,0.7101175,55.88451264226341
78.0,1713.9186874,15.447916666666666,3,1,0,2,0,1,0,0,0,2,1,391.3333333333333,18.0,98.063568,1,1,BAGGAGE,UPPER APEX,LANG_09,Round-Trip,apple,Direct,Direct,Logged-Out,AREA_C,AREA_D,AREA_C_TO_AREA_D,CA,DA,61_120,very_high,15_30,C,Z,0,0.56770027,55.67071372069359
54.0,434.488935,13.36111111111111,6,6,0,0,0,0,0,0,0,2,1,335.8333333333333,20.0,65.6224128,2,1,BAGGAGE,UPPER APEX,LANG_09,Round-Trip,mozilla,Organic Search,Organic Search,Logged-Out,AREA_C,AREA_B,AREA_C_TO_AREA_B,CA,BO,31_60,very_high,9_14,Y,O,1,0.8454105,55.47787850943375
53.0,352.5744185,,2,2,0,0,0,0,0,0,0,4,1,364.0,16.0,78.6975552,2,0,BAGGAGE,LOWER VERTEX,LANG_02,Multi-City,google,Paid Search,Paid Search,Logged-Out,AREA_C,AREA_B,AREA_C_TO_AREA_B,CU,BO,31_60,very_high,unknown_or_oneway,Y,E,0,0.7047698,55.463659465398784
203.0,318.0504404,16.0,2,2,0,0,0,0,0,0,0,2,1,391.25,19.0,89.42904,4,1,BAGGAGE,UPPER APEX,LANG_09,Round-Trip,google,Direct,Direct,Logged-Out,AREA_C,AREA_B,AREA_C_TO_AREA_B,CA,BU,120_plus,very_high,15_30,Y,W,0,0.6181194,55.27782621263981
274.0,269.6812365,15.21875,3,3,0,0,0,0,0,1,0,2,1,385.8333333333333,21.0,67.9660704,2,1,BAGGAGE,UPPER APEX,LANG_09,Round-Trip,samsung,Direct,Direct,Logged-In,AREA_C,AREA_D,AREA_C_TO_AREA_D,CA,DA,120_plus,very_high,15_30,Y,O,0,0.8131777,55.26849313290139
185.0,350.9974179,16.28472222222222,3,3,0,0,0,0,0,1,0,2,1,406.9166666666667,21.0,65.6224128,2,1,BAGGAGE,UPPER APEX,LANG_09,Round-Trip,apple,Direct,Direct,Logged-In,AREA_C,AREA_B,AREA_C_TO_AREA_B,CA,BU,120_plus,very_high,15_30,Y,U,0,0.8393755,55.08184528685303
60.0,67.2825036,5.722222222222222,2,1,1,0,0,0,1,1,0,4,1,138.25,9.0,93.746304,2,0,BAGGAGE,UPPER APEX,LANG_02,Round-Trip,google,Paid Search,Organic Search,Logged-In,AREA_B,AREA_B,AREA_B_TO_AREA_B,BE,BI,31_60,high,6_8,Y,V,0,0.5834717,54.69831681200409
109.0,238.4778683,13.777777777777779,2,2,0,0,0,0,0,0,0,4,1,334.0,20.0,84.9730068,4,0,BAGGAGE,NORTH MERIDIAN,LANG_02,Round-Trip,google,MetaSearches,MetaSearches,Logged-Out,AREA_B,AREA_C,AREA_B_TO_AREA_C,BI,CU,61_120,very_high,9_14,Y,U,0,0.64254737,54.59918195563917
266.0,415.939262,15.993055555555555,4,2,2,0,0,0,1,0,0,2,1,404.4166666666667,9.0,67.9660704,3,1,BAGGAGE,UPPER APEX,LANG_09,Round-Trip,microsoft,Paid Search,Paid Search,Logged-Out,AREA_C,AREA_D,AREA_C_TO_AREA_D,CA,DA,120_plus,very_high,15_30,Y,O,0,0.80104256,54.44371480632935
209.0,408.07824380000005,14.190972222222221,3,2,0,1,0,1,0,0,0,2,1,360.8333333333333,19.0,62.497536,2,1,BAGGAGE,UPPER APEX,LANG_09,Round-Trip,google,Paid Search,Paid Search,Logged-Out,AREA_C,AREA_B,AREA_C_TO_AREA_B,CA,BU,120_plus,very_high,15_30,Y,W,0,0.8700642,54.376868597488404
9.0,111.8325564,,1,1,0,0,0,0,0,0,0,2,1,7.5,1.0,84.3716736,1,0,BAGGAGE,CENTRAL MERIDIAN,LANG_02,One-Way,google,MetaSearches,MetaSearches,Logged-Out,AREA_B,AREA_B,AREA_B_TO_AREA_B,BI,BU,8_14,very_high,unknown_or_oneway,Y,Q,0,0.6433058,54.276785168884274
110.0,276.690366,10.447916666666666,2,2,0,0,0,0,0,0,0,2,1,271.3333333333333,22.0,79.2937488,2,1,BAGGAGE,UPPER APEX,LANG_09,Round-Trip,apple,Direct,Direct,Logged-Out,AREA_C,AREA_D,AREA_C_TO_AREA_D,CA,DA,61_120,very_high,9_14,Y,U,0,0.6816379,54.04962308194142
135.0,197.3229496,16.90277777777778,2,2,0,0,0,0,0,0,0,4,1,409.0,19.0,84.9730068,4,0,BAGGAGE,NORTH MERIDIAN,LANG_02,Round-Trip,microsoft,Paid Search,Referrals,Logged-Out,AREA_B,AREA_C,AREA_B_TO_AREA_C,BI,CU,120_plus,very_high,15_30,Y,O,0,0.63188726,53.69336019431955
268.0,644.6921505,16.42361111111111,5,4,1,0,0,0,1,1,0,2,1,408.8333333333333,19.0,67.07178,3,1,BAGGAGE,UPPER APEX,LANG_09,Round-Trip,google,Organic Search,Referrals,Logged-In,AREA_C,AREA_B,AREA_C_TO_AREA_B,CA,BU,120_plus,very_high,15_30,Y,O,0,0.7999028,53.6509044046855
191.0,299.3744189,,2,2,0,0,0,0,0,0,0,2,1,334.0833333333333,9.0,78.2551213,2,1,BAGGAGE,LOWER VERTEX,LANG_02,Multi-City,google,Direct,Direct,Logged-Out,AREA_B,AREA_C,AREA_B_TO_AREA_C,BU,CA,120_plus,very_high,unknown_or_oneway,Y,V,0,0.6853218,53.629941203723526
91.0,202.11005869999997,30.65625,2,2,0,0,0,0,0,0,0,4,1,739.0,13.0,84.9730068,4,0,BAGGAGE,NORTH MERIDIAN,LANG_02,Round-Trip,google,MetaSearches,Referrals,Logged-Out,AREA_B,AREA_C,AREA_B_TO_AREA_C,BI,CU,61_120,very_high,30_plus,Y,O,0,0.6302985,53.558358326533266
61.0,1241.350456,11.680555555555555,4,3,1,0,0,0,1,0,0,4,1,281.25,20.0,67.9660704,3,0,BAGGAGE,UPPER APEX,LANG_09,Round-Trip,apple,Paid Search,Paid Search,Logged-Out,AREA_B,AREA_B,AREA_B_TO_AREA_B,BE,BU,61_120,very_high,9_14,Y,B,1,0.78631604,53.44281113949166
102.0,706.2838320000001,13.82986111111111,5,4,1,0,0,0,1,0,0,2,1,337.8333333333333,22.0,67.9660704,3,1,BAGGAGE,UPPER APEX,LANG_09,Round-Trip,google,Paid Search,Paid Search,Logged-Out,AREA_C,AREA_C,AREA_C_TO_AREA_C,CA,CA,61_120,very_high,9_14,Y,W,1,0.78624696,53.438115922144895
0.0,144.7491246,,3,3,0,0,0,0,0,0,0,1,0,2.5833333333333335,8.0,69.658712,2,1,BAGGAGE,UPPER APEX,LANG_09,One-Way,apple,Direct,Direct,Logged-Out,AREA_B,AREA_C,AREA_B_TO_AREA_C,BA,CA,invalid_or_past,very_high,unknown_or_oneway,Y,K,1,0.7653231,53.31142158219766
137.0,191.3318892,6.770833333333333,3,3,0,0,0,0,0,0,0,2,1,166.0,17.0,66.6708912,1,1,BAGGAGE,LOWER VERTEX,LANG_02,Round-Trip,google,MetaSearches,MetaSearches,Logged-Out,AREA_B,AREA_C,AREA_B_TO_AREA_C,BU,CA,120_plus,very_high,6_8,Y,U,1,0.7922728,52.82153406071892
272.0,269.6812365,21.21875,3,3,0,0,0,0,0,0,0,2,1,529.8333333333334,6.0,67.9660704,3,1,BAGGAGE,UPPER APEX,LANG_09,Round-Trip,google,Organic Social,Paid Social,Logged-Out,AREA_C,AREA_D,AREA_C_TO_AREA_D,CA,DA,120_plus,very_high,15_30,Y,O,1,0.7759983,52.741554704308896
155.0,333.1762832,6.423611111111111,4,2,1,1,0,1,1,1,1,2,1,168.83333333333334,16.0,59.61936,2,1,BAGGAGE,UPPER APEX,LANG_09,Round-Trip,google,MetaSearches,Partners,Logged-In,AREA_C,AREA_B,AREA_C_TO_AREA_B,CA,BU,120_plus,very_high,6_8,Y,O,1,0.8832682,52.65988345147133
158.0,415.3863267,22.21875,4,2,1,1,0,1,1,0,0,2,1,549.5833333333334,11.0,59.7632688,2,0,BAGGAGE,LOWER VERTEX,LANG_02,Round-Trip,apple,Email,Email,Logged-Out,AREA_B,AREA_B,AREA_B_TO_AREA_B,BE,BU,120_plus,very_high,15_30,Y,U,1,0.88106644,52.65541057617244
153.0,353.0159958,15.524305555555555,4,3,1,0,0,0,1,1,0,4,1,373.5,22.0,61.7985504,2,0,BAGGAGE,UPPER APEX,LANG_09,Round-Trip,google,Direct,Email,Logged-In,AREA_C,AREA_D,AREA_C_TO_AREA_D,CA,DA,120_plus,very_high,15_30,Y,O,0,0.8511969,52.60273360472832
123.0,255.7614865,13.965277777777779,4,4,0,0,0,0,0,0,0,2,1,338.6666666666667,12.0,62.0118438,2,1,BAGGAGE,LOWER VERTEX,LANG_02,Round-Trip,apple,Organic Search,Paid Search,Logged-Out,AREA_B,AREA_C,AREA_B_TO_AREA_C,BU,CA,120_plus,very_high,9_14,Y,L,0,0.8425306,52.2468764710026
,644.437312,9.180555555555555,8,5,3,0,0,0,1,0,0,4,1,221.33333333333334,20.0,55.045116,1,0,BAGGAGE,UPPER APEX,LANG_09,Round-Trip,google,Organic Search,Organic Search,Logged-Out,AREA_B,AREA_B,AREA_B_TO_AREA_B,BE,BU,,very_high,9_14,Y,O,1,0.9486507,52.218588801222324
65.0,329.0346222,13.791666666666666,3,2,1,0,0,0,1,0,0,4,1,332.0,17.0,67.07178,3,0,BAGGAGE,UPPER APEX,LANG_09,Round-Trip,google,Direct,Paid Search,Logged-Out,AREA_B,AREA_B,AREA_B_TO_AREA_B,BE,BO,61_120,very_high,9_14,Y,O,0,0.7755938,52.02045787888169
220.0,769.6482472,16.0,4,2,2,0,0,0,1,0,0,2,1,391.25,11.0,58.998325,1,1,BAGGAGE,UPPER APEX,LANG_09,Round-Trip,google,Paid Search,Paid Search,Logged-Out,AREA_C,AREA_B,AREA_C_TO_AREA_B,CA,BU,120_plus,very_high,15_30,Y,V,1,0.87932247,51.87855281969756
190.0,788.9217472,7.0,4,2,0,2,0,1,0,1,0,2,1,175.25,20.0,58.998325,2,1,BAGGAGE,UPPER APEX,LANG_09,Round-Trip,apple,Direct,Direct,Logged-In,AREA_C,AREA_B,AREA_C_TO_AREA_B,CA,BU,120_plus,very_high,6_8,Y,Q,0,0.8783021,51.81835258589983
161.0,385.9574054,42.552083333333336,3,2,0,1,0,1,0,0,0,4,1,1024.5,8.0,64.8694614,4,0,BAGGAGE,LOWER VERTEX,LANG_02,Round-Trip,apple,Direct,Direct,Logged-Out,AREA_D,AREA_C,AREA_D_TO_AREA_C,DA,CU,120_plus,very_high,30_plus,Y,S,1,0.7985968,51.80454425113103
27.0,206.9138715,13.395833333333334,2,2,0,0,0,0,0,0,0,2,1,337.6666666666667,21.0,70.0681668,2,1,BAGGAGE,UPPER APEX,LANG_09,Round-Trip,google,Direct,Direct,Logged-Out,AREA_C,AREA_B,AREA_C_TO_AREA_B,CA,BU,15_30,very_high,9_14,Y,L,0,0.7391887,51.7935951041502
201.0,283.66908620000004,21.22222222222222,2,2,0,0,0,0,0,1,0,2,1,529.9166666666666,20.0,74.5242,2,1,BAGGAGE,UPPER APEX,LANG_09,Round-Trip,google,Paid Search,Paid Search,Logged-In,AREA_C,AREA_D,AREA_C_TO_AREA_D,CA,DA,120_plus,very_high,15_30,Y,L,0,0.69369376,51.69697228968143
52.0,152.4649491,13.739583333333334,3,3,0,0,0,0,0,0,0,4,1,332.9166666666667,23.0,63.6719346,2,0,BAGGAGE,LOWER VERTEX,LANG_09,Round-Trip,microsoft,Direct,Direct,Logged-Out,AREA_B,AREA_B,AREA_B_TO_AREA_B,BU,BE,31_60,very_high,9_14,Y,O,1,0.8117795,51.68757117338419
22.0,456.0846776000001,17.78125,4,2,0,1,1,1,0,0,0,3,1,430.0,23.0,58.407271,2,0,BAGGAGE,LOWER VERTEX,LANG_09,Round-Trip,google,Direct,Organic Search,Logged-Out,AREA_B,AREA_B,AREA_B_TO_AREA_B,BU,BE,15_30,very_high,15_30,Y,T,1,0.88246423,51.542327432954494
16.0,171.50416900000002,43.40625,2,2,0,0,0,0,0,1,0,2,1,1057.6666666666667,16.0,70.0681668,2,1,BAGGAGE,UPPER VERTEX,LANG_11,Round-Trip,google,Paid Search,Paid Search,Logged-In,AREA_C,AREA_B,AREA_C_TO_AREA_B,CA,BU,15_30,very_high,30_plus,Y,O,0,0.73512924,51.509158009933806
1.0,136.3797143,,1,1,0,0,0,0,0,0,0,2,1,30.5,19.0,80.1970335,1,0,BAGGAGE,NORTH MERIDIAN,LANG_02,One-Way,google,MetaSearches,MetaSearches,Logged-Out,AREA_B,AREA_B,AREA_B_TO_AREA_B,BI,BO,0_3,very_high,unknown_or_oneway,Y,V,0,0.64081514,51.391473155000746
45.0,1636.8212609999998,11.996527777777779,2,2,0,0,0,0,0,0,0,2,1,308.5,15.0,98.063568,1,1,BAGGAGE,UPPER APEX,LANG_09,Round-Trip,google,Paid Search,Paid Search,Logged-Out,AREA_C,AREA_D,AREA_C_TO_AREA_D,CA,DA,31_60,very_high,9_14,C,D,0,0.52332217,51.31883871459675
163.0,891.5535629999999,6.270833333333333,9,9,0,0,0,0,0,0,0,2,1,165.16666666666666,7.0,59.61936,1,0,BAGGAGE,UPPER APEX,LANG_09,Round-Trip,apple,Organic Search,Organic Search,Logged-Out,AREA_B,AREA_B,AREA_B_TO_AREA_B,BE,BU,120_plus,very_high,6_8,Y,L,1,0.86062294,51.30978903004646
168.0,460.5531314999999,6.270833333333333,5,3,2,0,0,0,1,0,0,2,1,165.16666666666666,23.0,59.61936,1,0,BAGGAGE,UPPER APEX,LANG_09,Round-Trip,apple,Organic Search,Organic Search,Logged-Out,AREA_B,AREA_B,AREA_B_TO_AREA_B,BE,BU,120_plus,very_high,6_8,Y,U,1,0.86062294,51.30978903004646
163.0,829.1074229999999,6.270833333333333,9,9,0,0,0,0,0,0,0,2,1,165.16666666666666,6.0,59.61936,1,0,BAGGAGE,UPPER APEX,LANG_09,Round-Trip,apple,Organic Search,Organic Search,Logged-Out,AREA_B,AREA_B,AREA_B_TO_AREA_B,BE,BU,120_plus,very_high,6_8,Y,U,0,0.86062294,51.30978903004646
13.0,631.0717822,12.788194444444445,3,2,0,1,0,1,0,1,1,2,1,313.5833333333333,17.0,60.184716,2,1,BAGGAGE,LOWER VERTEX,LANG_02,Round-Trip,google,Direct,Referrals,Logged-In,AREA_B,AREA_C,AREA_B_TO_AREA_C,BO,CA,8_14,very_high,9_14,Y,E,0,0.85218376,51.28843752801633
213.0,390.5577757,9.78125,5,3,0,2,0,1,0,1,0,2,1,238.0,13.0,58.531478,2,0,BAGGAGE,LOWER VERTEX,LANG_02,Round-Trip,apple,Direct,Direct,Logged-In,AREA_B,AREA_B,AREA_B_TO_AREA_B,BU,BE,120_plus,very_high,9_14,Y,O,1,0.8735509,51.13022480973339
142.0,300.4764348,16.552083333333332,2,2,0,0,0,0,0,0,0,4,1,400.5,20.0,79.479631,4,0,BAGGAGE,LOWER VERTEX,LANG_02,Round-Trip,apple,MetaSearches,MetaSearches,Logged-Out,AREA_D,AREA_C,AREA_D_TO_AREA_C,DA,CU,120_plus,very_high,15_30,Y,V,0,0.64254737,51.06942778840279
66.0,425.3228867,12.253472222222221,2,1,1,0,0,0,1,0,0,4,1,296.5,20.0,92.1256168,3,0,BAGGAGE,SOUTH MERIDIAN,LANG_04,Round-Trip,mozilla,Paid Search,Paid Search,Logged-Out,AREA_B,AREA_C,AREA_B_TO_AREA_C,BI,CA,61_120,very_high,9_14,Y,H,0,0.55409706,51.04653308688765
69.0,264.8277409,20.302083333333332,3,2,0,1,0,1,0,0,0,2,1,503.5,21.0,59.61936,2,1,BAGGAGE,UPPER APEX,LANG_09,Round-Trip,microsoft,Paid Search,Paid Search,Logged-Out,AREA_C,AREA_B,AREA_C_TO_AREA_B,CA,BO,61_120,very_high,15_30,Y,U,0,0.85601586,51.03511778471947
179.0,336.66435839999997,,2,2,0,0,0,0,0,1,0,1,0,7.25,14.0,78.63588,1,1,BAGGAGE,UPPER APEX,LANG_09,One-Way,google,Direct,Direct,Logged-In,AREA_B,AREA_C,AREA_B_TO_AREA_C,BU,CA,120_plus,very_high,unknown_or_oneway,Y,K,0,0.64767444,50.93044964808941
3.0,164.432936,,1,1,0,0,0,0,0,0,0,2,1,8.083333333333334,11.0,84.3716736,1,0,BAGGAGE,CENTRAL MERIDIAN,LANG_02,One-Way,apple,Direct,Direct,Logged-Out,AREA_B,AREA_B,AREA_B_TO_AREA_B,BI,BU,0_3,very_high,unknown_or_oneway,Y,H,0,0.60321856,50.89455906992797
10.0,558.4021212,15.211805555555555,4,3,1,0,0,0,1,1,0,2,1,381.25,9.0,59.61936,2,1,BAGGAGE,UPPER APEX,LANG_09,Round-Trip,apple,Direct,Direct,Logged-In,AREA_C,AREA_B,AREA_C_TO_AREA_B,CA,BO,8_14,very_high,15_30,Y,L,0,0.8519436,50.79233290941239
29.0,557.9245667,7.645833333333333,4,3,1,0,0,0,1,0,0,2,1,187.5,7.0,58.899816,1,1,BAGGAGE,CENTRAL APEX,LANG_09,Round-Trip,apple,Direct,Paid Search,Logged-Out,AREA_C,AREA_B,AREA_C_TO_AREA_B,CA,BO,15_30,very_high,6_8,Y,W,0,0.85936004,50.616148188644885
8.0,41.1797601,,1,1,0,0,0,0,0,0,0,2,1,3.0,10.0,98.183492,2,0,BAGGAGE,NORTH ZENITH,LANG_06,One-Way,google,Paid Search,Paid Search,Logged-Out,AREA_C,AREA_C,AREA_C_TO_AREA_C,CU,CE,8_14,mid,unknown_or_oneway,Y,T,0,0.5139255,50.45899950734305
152.0,571.3162228,27.90277777777778,3,2,0,1,0,1,0,0,0,4,1,673.0,18.0,63.1965216,4,0,BAGGAGE,NORTH MERIDIAN,LANG_02,Round-Trip,google,Paid Search,Paid Search,Logged-Out,AREA_B,AREA_C,AREA_B_TO_AREA_C,BI,CI,120_plus,very_high,15_30,Y,W,0,0.7974265,50.394582407962986
81.0,309.4090596,,2,2,0,0,0,0,0,1,0,2,1,362.0833333333333,20.0,78.6975552,3,0,BAGGAGE,UPPER APEX,LANG_09,Multi-City,google,Organic Search,Organic Search,Logged-In,AREA_B,AREA_C,AREA_B_TO_AREA_C,BE,CA,61_120,very_high,unknown_or_oneway,Y,V,0,0.63900244,50.287929980554956
147.0,263.09355419999997,,2,2,0,0,0,0,0,0,0,2,1,439.4166666666667,11.0,67.9660704,2,1,BAGGAGE,UPPER APEX,LANG_09,Multi-City,microsoft,Direct,Paid Search,Logged-Out,AREA_C,AREA_B,AREA_C_TO_AREA_B,CA,BU,120_plus,very_high,unknown_or_oneway,Y,O,0,0.7375274,50.12683718212739
144.0,586.7701433999999,16.770833333333332,5,2,0,3,0,1,0,0,0,2,1,406.0,13.0,58.0183746,2,1,BAGGAGE,LOWER VERTEX,LANG_02,Round-Trip,apple,Direct,MetaSearches,Logged-Out,AREA_B,AREA_C,AREA_B_TO_AREA_C,BU,CA,120_plus,very_high,15_30,Y,S,1,0.86304516,50.07247715764207
54.0,291.5943494,13.760416666666666,3,2,0,1,0,1,0,0,0,2,1,334.0,18.0,57.2457214,1,1,BAGGAGE,LOWER VERTEX,LANG_02,Round-Trip,apple,Paid MetaSearches,Paid MetaSearches,Logged-Out,AREA_B,AREA_C,AREA_B_TO_AREA_C,BU,CA,31_60,very_high,9_14,Y,S,0,0.8740353,50.03478121026222
292.0,353.62846479999996,,2,2,0,0,0,0,0,0,0,3,1,241.0,14.0,78.6975552,3,0,BAGGAGE,UPPER APEX,LANG_09,Multi-City,google,Direct,Paid Search,Logged-Out,AREA_B,AREA_C,AREA_B_TO_AREA_C,BE,CA,120_plus,very_high,unknown_or_oneway,Y,L,0,0.6336543,49.86704396851158
33.0,286.3421065,8.760416666666666,3,1,0,2,0,1,0,0,0,2,1,214.0,6.0,62.0118438,2,1,BAGGAGE,LOWER VERTEX,LANG_02,Round-Trip,apple,MetaSearches,MetaSearches,Logged-Out,AREA_B,AREA_C,AREA_B_TO_AREA_C,BU,CA,31_60,very_high,9_14,Y,L,1,0.8040088,49.85806699762763
161.0,1259.8851385,,5,2,0,3,0,1,0,0,0,2,1,311.75,18.0,67.9378026,1,1,BAGGAGE,UPPER APEX,LANG_09,Multi-City,google,Paid Search,Paid Search,Logged-Out,AREA_C,AREA_B,AREA_C_TO_AREA_B,CA,BU,120_plus,very_high,unknown_or_oneway,P,R,0,0.7333346,49.8211413574227
61.0,64.7384016,,3,1,1,1,0,1,1,1,0,2,1,3.75,18.0,61.9925703,2,0,BAGGAGE,SOUTH HORIZON,LANG_09,One-Way,apple,Direct,Direct,Logged-In,AREA_B,AREA_C,AREA_B_TO_AREA_C,BE,CA,61_120,high,unknown_or_oneway,Y,V,0,0.8029976,49.77988449371452
1.0,168.6110025,,1,1,0,0,0,0,0,0,0,2,1,30.5,17.0,80.1970335,1,0,BAGGAGE,NORTH MERIDIAN,LANG_02,One-Way,apple,Direct,Paid Search,Logged-Out,AREA_B,AREA_B,AREA_B_TO_AREA_B,BI,BO,0_3,very_high,unknown_or_oneway,Y,Q,0,0.6205921,49.76964682171154
104.0,88.65467360000001,,6,6,0,0,0,0,0,0,0,2,1,3.75,16.0,61.9925703,3,0,BAGGAGE,SOUTH HORIZON,LANG_02,One-Way,apple,Paid Search,Organic Search,Logged-Out,AREA_B,AREA_C,AREA_B_TO_AREA_C,BE,CA,61_120,high,unknown_or_oneway,Y,L,0,0.8026863,49.760585272992984
181.0,169.7070222,35.77777777777778,2,1,1,0,0,0,1,0,0,2,1,861.9166666666666,9.0,76.6031682,2,0,BAGGAGE,LOWER VERTEX,LANG_02,Round-Trip,google,MetaSearches,Paid Search,Logged-Out,AREA_B,AREA_B,AREA_B_TO_AREA_B,BU,BE,120_plus,very_high,30_plus,Y,L,0,0.6491431,49.72641805868833
164.0,368.2129364,,2,2,0,0,0,0,0,1,1,2,1,355.5,19.0,67.9660704,2,1,BAGGAGE,UPPER APEX,LANG_09,Multi-City,google,Direct,Paid Search,Logged-In,AREA_C,AREA_B,AREA_C_TO_AREA_B,CA,BU,120_plus,very_high,unknown_or_oneway,Y,S,0,0.7313982,49.71026323927346
80.0,135.62333650000002,27.288194444444443,2,2,0,0,0,0,0,0,0,2,1,668.0833333333334,15.0,67.07178,1,1,BAGGAGE,UPPER VERTEX,LANG_10,Round-Trip,google,MetaSearches,Organic Search,Logged-Out,AREA_C,AREA_B,AREA_C_TO_AREA_B,CA,BU,61_120,very_high,15_30,Y,O,0,0.7395786,49.604853467023375
156.0,201.2684492,9.229166666666666,3,2,0,0,1,1,0,0,0,2,1,236.16666666666666,22.0,57.9823974,1,1,BAGGAGE,UPPER APEX,LANG_09,Round-Trip,mozilla,MetaSearches,MetaSearches,Logged-Out,AREA_C,AREA_B,AREA_C_TO_AREA_B,CA,BU,120_plus,very_high,9_14,Y,U,0,0.85476804,49.56150005230708
5.0,75.08655789999999,,1,1,0,0,0,0,0,1,0,2,1,3.0833333333333335,23.0,98.183492,2,0,BAGGAGE,NEW APEX,LANG_02,One-Way,samsung,Direct,Direct,Logged-In,AREA_C,AREA_C,AREA_C_TO_AREA_C,CU,CE,4_7,high,unknown_or_oneway,Y,H,0,0.5034302,49.42853380681539
11.0,157.5861322,,5,5,0,0,0,0,0,0,0,1,0,4.5,18.0,58.9572082,2,0,BAGGAGE,NEW HORIZON,LANG_02,One-Way,google,Direct,Paid Search,Logged-Out,AREA_B,AREA_C,AREA_B_TO_AREA_C,BE,CE,8_14,very_high,unknown_or_oneway,Y,W,1,0.8383113,49.42449471027529
43.0,85.9662345,16.72222222222222,2,2,0,0,0,0,0,0,0,4,1,405.0,20.0,67.6808226,1,0,BAGGAGE,NORTH MERIDIAN,LANG_02,Round-Trip,google,Direct,MetaSearches,Logged-Out,AREA_B,AREA_C,AREA_B_TO_AREA_C,BI,CU,31_60,high,15_30,Y,O,0,0.72817135,49.283235865089225
119.0,226.8131178,,2,2,0,0,0,0,0,0,0,2,1,553.5,22.0,69.9396768,2,1,BAGGAGE,UPPER APEX,LANG_02,Multi-City,google,MetaSearches,Referrals,Logged-Out,AREA_C,AREA_B,AREA_C_TO_AREA_B,CA,BO,61_120,very_high,unknown_or_oneway,Y,O,0,0.70298636,49.16663878497047
71.0,1423.8863481,10.229166666666666,2,2,0,0,0,0,0,1,0,2,1,266.0833333333333,16.0,98.063568,2,1,BAGGAGE,UPPER VERTEX,LANG_11,Round-Trip,apple,Paid Search,Paid Search,Logged-In,AREA_C,AREA_D,AREA_C_TO_AREA_D,CA,DA,61_120,very_high,9_14,C,D,0,0.500394,49.07041974173927
2.0,145.8858328,,1,1,0,0,0,0,0,0,0,2,1,30.5,23.0,80.1970335,1,0,BAGGAGE,NORTH MERIDIAN,LANG_02,One-Way,google,Paid Search,Paid Search,Logged-Out,AREA_B,AREA_B,AREA_B_TO_AREA_B,BI,BO,0_3,very_high,unknown_or_oneway,Y,V,0,0.6117874,49.063532911537976
2.0,135.4837107,,1,1,0,0,0,0,0,0,0,2,1,30.5,21.0,80.1970335,1,0,BAGGAGE,NORTH MERIDIAN,LANG_02,One-Way,google,Email,Paid Search,Logged-Out,AREA_B,AREA_B,AREA_B_TO_AREA_B,BI,BO,0_3,very_high,unknown_or_oneway,Y,S,0,0.6117874,49.063532911537976
40.0,263.9510108,7.319444444444445,2,2,0,0,0,0,0,0,0,2,1,191.83333333333334,17.0,72.5300352,2,1,BAGGAGE,UPPER APEX,LANG_09,Round-Trip,apple,Direct,Direct,Logged-Out,AREA_C,AREA_B,AREA_C_TO_AREA_B,CA,BO,31_60,very_high,6_8,Y,L,0,0.6751007,48.96507638610077
0.0,577.3706715999999,,4,4,0,0,0,0,0,0,0,2,1,11.583333333333334,13.0,58.5263384,1,0,BAGGAGE,WEST APEX,LANG_02,One-Way,microsoft,MetaSearches,MetaSearches,Logged-Out,AREA_B,AREA_B,AREA_B_TO_AREA_B,BE,BO,invalid_or_past,very_high,unknown_or_oneway,Y,H,1,0.8366212,48.96437691996217
166.0,266.2407026,36.34027777777778,2,2,0,0,0,0,0,1,0,2,1,886.5833333333334,20.0,67.9660704,2,1,BAGGAGE,UPPER APEX,LANG_09,Round-Trip,apple,Direct,Direct,Logged-In,AREA_C,AREA_B,AREA_C_TO_AREA_B,CA,BU,120_plus,very_high,30_plus,Y,U,0,0.7199283,48.930699167064866
29.0,199.5800906,177.67361111111111,2,2,0,0,0,0,0,0,0,4,1,4269.75,16.0,66.1993329,2,0,BAGGAGE,LOWER VERTEX,LANG_02,Round-Trip,google,Paid Search,Paid Search,Logged-Out,AREA_C,AREA_B,AREA_C_TO_AREA_B,CU,BU,15_30,very_high,30_plus,Y,W,1,0.73776853,48.83978457659458
11.0,129.3453151,2.9027777777777777,2,2,0,0,0,0,0,0,0,2,1,71.33333333333333,16.0,110.6281768,3,1,BAGGAGE,UPPER MERIDIAN,LANG_01,Round-Trip,apple,Organic Search,Organic Search,Logged-Out,AREA_B,AREA_C,AREA_B_TO_AREA_C,BI,CA,8_14,very_high,3_5,Y,W,0,0.44030157,48.70975963435767
42.0,404.1258914,10.465277777777779,4,2,1,1,0,1,1,0,0,2,1,264.6666666666667,12.0,53.5751904,1,1,BAGGAGE,CENTRAL MERIDIAN,LANG_02,Round-Trip,google,Paid Search,MetaSearches,Logged-Out,AREA_C,AREA_B,AREA_C_TO_AREA_B,CA,BU,31_60,very_high,9_14,Y,L,1,0.90859413,48.678103589813226
16.0,159.2466513,9.21875,2,2,0,0,0,0,0,1,0,2,1,237.58333333333334,23.0,65.8485552,2,0,BAGGAGE,SOUTH VERTEX,LANG_09,Round-Trip,apple,Direct,Direct,Logged-In,AREA_B,AREA_B,AREA_B_TO_AREA_B,BE,BU,15_30,very_high,9_14,Y,W,1,0.7383372,48.618439105827434
6.0,123.5080144,,1,1,0,0,0,0,0,1,0,2,1,30.5,15.0,80.1970335,1,0,BAGGAGE,NORTH MERIDIAN,LANG_02,One-Way,google,Paid Search,Paid Search,Logged-In,AREA_B,AREA_B,AREA_B_TO_AREA_B,BI,BO,4_7,very_high,unknown_or_oneway,Y,V,0,0.6039198,48.43257676041815
255.0,426.955138,19.42361111111111,4,4,0,0,0,0,0,0,0,2,1,480.8333333333333,17.0,55.045116,1,1,BAGGAGE,UPPER APEX,LANG_09,Round-Trip,google,Paid Search,Paid Search,Logged-Out,AREA_C,AREA_B,AREA_C_TO_AREA_B,CA,BU,120_plus,very_high,15_30,Y,U,1,0.87932247,48.402407320417645
135.0,219.1688194,,4,2,0,2,0,1,0,0,0,2,1,-311.4166666666667,12.0,55.89315,1,1,BAGGAGE,UPPER APEX,LANG_09,Round-Trip,apple,Direct,Direct,Logged-Out,AREA_C,AREA_B,AREA_C_TO_AREA_B,CA,BO,120_plus,very_high,unknown_or_oneway,Y,U,1,0.86555636,48.37867142331004
207.0,452.3580393,10.770833333333334,4,2,0,2,0,1,0,0,0,2,1,262.0,19.0,58.4783688,3,1,BAGGAGE,LOWER VERTEX,LANG_02,Round-Trip,google,Direct,Paid MetaSearches,Logged-Out,AREA_B,AREA_C,AREA_B_TO_AREA_C,BU,CA,120_plus,very_high,9_14,Y,U,0,0.82624257,48.31731749916315
54.0,167.8644756,27.20486111111111,2,2,0,0,0,0,0,0,0,4,1,653.75,21.0,67.07178,1,0,BAGGAGE,UPPER APEX,LANG_09,Round-Trip,google,Paid Search,Organic Search,Logged-Out,AREA_D,AREA_B,AREA_D_TO_AREA_B,DA,BI,31_60,very_high,15_30,Y,O,0,0.71870846,48.20505541563392
258.0,506.1306760000001,15.993055555555555,4,4,0,0,0,0,0,0,0,2,1,404.4166666666667,13.0,55.89315,1,1,BAGGAGE,UPPER APEX,LANG_09,Round-Trip,mozilla,Direct,Paid Search,Logged-Out,AREA_C,AREA_D,AREA_C_TO_AREA_D,CA,DA,120_plus,very_high,15_30,Y,L,1,0.8614892,48.151343779474495
114.0,566.3924860000001,7.319444444444445,4,2,0,2,0,1,0,0,0,2,1,191.83333333333334,19.0,55.045116,2,1,BAGGAGE,UPPER APEX,LANG_09,Round-Trip,microsoft,Paid Search,Paid Search,Logged-Out,AREA_C,AREA_B,AREA_C_TO_AREA_B,CA,BO,61_120,very_high,6_8,Y,L,1,0.8745977,48.14233340499043
57.0,450.4966475,7.246527777777778,5,5,0,0,0,0,0,0,0,2,1,188.08333333333334,15.0,55.045116,1,1,BAGGAGE,UPPER APEX,LANG_09,Round-Trip,google,Direct,MetaSearches,Logged-Out,AREA_C,AREA_B,AREA_C_TO_AREA_B,CA,BU,31_60,very_high,6_8,Y,O,1,0.8742112,48.12105647935152
68.0,186.2111344,12.427083333333334,2,2,0,0,0,0,0,1,0,2,1,314.4166666666667,22.0,67.07178,1,1,BAGGAGE,UPPER APEX,LANG_02,Round-Trip,google,Paid Search,Organic Search,Logged-In,AREA_C,AREA_B,AREA_C_TO_AREA_B,CA,BO,61_120,very_high,9_14,Y,O,0,0.71671945,48.07164917596936
130.0,149.3606307,,2,2,0,0,0,0,0,1,0,1,0,14.666666666666666,15.0,70.2788904,1,0,BAGGAGE,LOWER VERTEX,LANG_02,One-Way,google,Paid Search,Paid Search,Logged-In,AREA_B,AREA_B,AREA_B_TO_AREA_B,BU,BE,120_plus,very_high,unknown_or_oneway,Y,S,0,0.6840087,48.0713736924222
56.0,101.4565606,7.760416666666667,2,2,0,0,0,0,0,0,0,2,1,190.0,21.0,70.2647565,2,1,BAGGAGE,LOWER VERTEX,LANG_02,Round-Trip,google,MetaSearches,MetaSearches,Logged-Out,AREA_B,AREA_C,AREA_B_TO_AREA_C,BU,CA,31_60,high,6_8,Y,O,0,0.68303084,47.99299591701114
164.0,470.568927,14.302083333333334,5,2,3,0,0,0,1,0,0,2,1,359.5,10.0,56.5356,2,1,BAGGAGE,UPPER APEX,LANG_09,Round-Trip,google,Direct,Organic Search,Logged-Out,AREA_C,AREA_B,AREA_C_TO_AREA_B,CA,BO,120_plus,very_high,15_30,Y,O,1,0.8474839,47.913009271144865
102.0,211.2002979,11.29513888888889,3,3,0,0,0,0,0,1,0,2,1,285.75,10.0,56.638392,2,1,BAGGAGE,UPPER APEX,LANG_09,Round-Trip,microsoft,Paid Search,Paid Search,Logged-In,AREA_C,AREA_B,AREA_C_TO_AREA_B,CA,BU,61_120,very_high,9_14,Y,O,1,0.8452593,47.87412807431317
13.0,216.7193717,38.21527777777778,2,2,0,0,0,0,0,0,0,2,1,933.5,15.0,63.2787552,2,0,BAGGAGE,LOWER VERTEX,LANG_02,Round-Trip,google,Paid Search,Paid Search,Logged-Out,AREA_B,AREA_B,AREA_B_TO_AREA_B,BE,BU,8_14,very_high,30_plus,Y,O,0,0.75622374,47.85289680557613
12.0,72.262776,27.947916666666668,1,1,0,0,0,0,0,0,0,3,1,671.6666666666666,12.0,115.949376,2,0,BAGGAGE,UPPER APEX,LANG_09,Round-Trip,google,Paid Search,Organic Search,Logged-Out,AREA_B,AREA_B,AREA_B_TO_AREA_B,BE,BU,8_14,high,15_30,Y,O,0,0.41255143,47.8350812066288
42.0,15.3215759,,2,2,0,0,0,0,0,0,0,1,0,2.3333333333333335,23.0,87.3732,2,0,BAGGAGE,NORTH HORIZON,LANG_02,One-Way,google,MetaSearches,MetaSearches,Logged-Out,AREA_B,AREA_B,AREA_B_TO_AREA_B,BA,BE,31_60,very_low,unknown_or_oneway,Y,O,0,0.5473173,47.820866194081304
128.0,351.6719904,66.58333333333333,3,1,0,2,0,1,0,0,0,2,1,1601.25,13.0,58.0312236,2,0,BAGGAGE,LOWER VERTEX,LANG_02,Round-Trip,microsoft,Direct,Email,Logged-Out,AREA_B,AREA_B,AREA_B_TO_AREA_B,BU,BE,120_plus,very_high,30_plus,Y,L,1,0.82390165,47.81202106646976
17.0,44.1226094,,1,1,0,0,0,0,0,0,1,1,0,4.75,13.0,101.772646,2,1,BAGGAGE,UPPER APEX,LANG_09,One-Way,google,Direct,MetaSearches,Logged-Out,AREA_C,AREA_C,AREA_C_TO_AREA_C,CA,CE,15_30,mid,unknown_or_oneway,Y,T,0,0.46759883,47.58876975728267
130.0,277.3833554,22.34722222222222,2,2,0,0,0,0,0,1,0,4,1,537.3333333333334,17.0,67.9660704,2,0,BAGGAGE,UPPER APEX,LANG_09,Round-Trip,google,Direct,Paid Search,Logged-In,AREA_C,AREA_D,AREA_C_TO_AREA_D,CE,DA,120_plus,very_high,15_30,Y,O,0,0.6974384,47.40214867625714
53.0,301.09961130000005,9.253472222222221,3,3,0,0,0,0,0,0,0,2,1,237.25,23.0,57.8513376,2,1,BAGGAGE,UPPER APEX,LANG_09,Round-Trip,google,Paid Search,Paid Search,Logged-Out,AREA_C,AREA_B,AREA_C_TO_AREA_B,CA,BO,31_60,very_high,9_14,Y,L,1,0.81621635,47.219207595450214
105.0,333.1368796,10.23263888888889,2,2,0,0,0,0,0,0,0,4,1,246.5,18.0,67.9660704,2,0,BAGGAGE,UPPER APEX,LANG_09,Round-Trip,mozilla,Paid Search,Paid Search,Logged-Out,AREA_C,AREA_B,AREA_C_TO_AREA_B,CA,BO,61_120,very_high,9_14,Y,L,0,0.69460416,47.20951513004837
56.0,292.4715078,16.11111111111111,1,1,0,0,0,0,0,0,0,3,1,389.3333333333333,20.0,151.326956,1,1,BAGGAGE,LOWER VERTEX,LANG_02,Round-Trip,google,Paid Search,Referrals,Logged-Out,AREA_D,AREA_C,AREA_D_TO_AREA_C,DA,CA,31_60,very_high,15_30,Y,T,0,0.31086087,47.04162953992367
252.0,420.907542,7.229166666666667,5,5,0,0,0,0,0,1,1,2,1,187.91666666666666,22.0,53.9041248,2,1,BAGGAGE,UPPER APEX,LANG_09,Round-Trip,google,Internal,Internal,Logged-In,AREA_C,AREA_B,AREA_C_TO_AREA_B,CA,BU,120_plus,very_high,6_8,Y,L,0,0.8672293,46.747235493283654
158.0,477.7733613,35.21875,3,1,1,1,0,1,1,1,1,2,1,865.8333333333334,13.0,56.638392,2,1,BAGGAGE,UPPER APEX,LANG_09,Round-Trip,google,Paid Search,Organic Search,Logged-In,AREA_C,AREA_D,AREA_C_TO_AREA_D,CA,DA,120_plus,very_high,30_plus,Y,L,0,0.82437,46.690992718966484
,553.0997672,124.30208333333333,4,4,0,0,0,0,0,0,0,2,1,2999.5,17.0,50.0802624,2,1,BAGGAGE,UPPER APEX,LANG_02,Round-Trip,microsoft,Internal,Paid Search,Logged-Out,AREA_C,AREA_B,AREA_C_TO_AREA_B,CA,BO,,very_high,30_plus,Y,L,1,0.9315976,46.65465178076706
175.0,492.8760759,15.552083333333334,3,2,0,1,0,1,0,0,0,2,1,376.5,11.0,55.1616136,2,1,BAGGAGE,LOWER VERTEX,LANG_02,Round-Trip,google,Paid Search,Paid Search,Logged-Out,AREA_D,AREA_C,AREA_D_TO_AREA_C,DA,CA,120_plus,very_high,15_30,Y,O,0,0.84553707,46.641188944525055
109.0,820.721309,,4,3,1,0,0,0,1,0,0,3,1,650.6666666666666,20.0,54.5337258,2,0,BAGGAGE,LOWER VERTEX,LANG_02,Multi-City,google,Paid Search,Paid Search,Logged-Out,AREA_B,AREA_B,AREA_B_TO_AREA_B,BU,BE,61_120,very_high,unknown_or_oneway,Y,W,0,0.85449165,46.59861339719699
107.0,198.5363235,12.784722222222221,2,2,0,0,0,0,0,0,0,4,1,310.0,12.0,66.6888798,2,0,BAGGAGE,LOWER VERTEX,LANG_09,Round-Trip,apple,Email,Email,Logged-Out,AREA_B,AREA_B,AREA_B_TO_AREA_B,BU,BE,61_120,very_high,9_14,Y,L,0,0.6984624,46.57967681650811
17.0,20.4294817,,1,1,0,0,0,0,0,0,0,2,1,8.166666666666666,23.0,117.2017252,3,0,BAGGAGE,NORTH HORIZON,LANG_04,One-Way,google,MetaSearches,MetaSearches,Logged-Out,AREA_C,AREA_B,AREA_C_TO_AREA_B,CE,BO,15_30,very_low,unknown_or_oneway,Y,L,0,0.3973548,46.57066941611403
212.0,187.2304884,20.77777777777778,3,2,0,1,0,1,0,0,0,2,1,501.9166666666667,15.0,54.5517144,2,0,BAGGAGE,LOWER VERTEX,LANG_02,Round-Trip,google,Direct,Email,Logged-Out,AREA_B,AREA_B,AREA_B_TO_AREA_B,BU,BE,120_plus,very_high,15_30,Y,O,0,0.8533189,46.55001054359379
229.0,272.6433593,6.274305555555555,3,2,0,1,0,1,0,1,0,2,1,165.25,22.0,52.4650368,1,0,BAGGAGE,UPPER APEX,LANG_09,Round-Trip,microsoft,Paid Search,Paid Search,Logged-In,AREA_C,AREA_B,AREA_C_TO_AREA_B,CU,BU,120_plus,very_high,6_8,Y,W,0,0.8867323,46.52244171529312
8.0,147.1908629,29.618055555555557,1,1,0,0,0,0,0,0,0,4,1,717.4166666666666,14.0,114.4914428,3,0,BAGGAGE,WEST AURORA,LANG_02,Round-Trip,apple,MetaSearches,MetaSearches,Logged-Out,AREA_C,AREA_D,AREA_C_TO_AREA_D,CU,DA,8_14,very_high,15_30,Y,Q,0,0.4062886,46.5165673211012
240.0,318.7027413,12.222222222222221,3,3,0,0,0,0,0,1,0,2,1,313.9166666666667,21.0,56.638392,2,1,BAGGAGE,UPPER APEX,LANG_09,Round-Trip,google,Direct,Paid Search,Logged-In,AREA_C,AREA_D,AREA_C_TO_AREA_D,CA,DA,120_plus,very_high,9_14,Y,O,1,0.8208432,46.49124005114365
13.0,161.9822034,12.07986111111111,2,2,0,0,0,0,0,0,0,4,1,290.9166666666667,6.0,67.9660704,3,0,BAGGAGE,UPPER APEX,LANG_09,Round-Trip,apple,Organic Search,Paid Search,Logged-Out,AREA_C,AREA_B,AREA_C_TO_AREA_B,CA,BU,8_14,very_high,9_14,Y,O,0,0.6818647,46.34366276665249
288.0,179.787491,21.447916666666668,2,2,0,0,0,0,0,1,0,2,1,535.3333333333334,21.0,67.9660704,2,1,BAGGAGE,UPPER APEX,LANG_09,Round-Trip,google,Direct,Direct,Logged-In,AREA_C,AREA_D,AREA_C_TO_AREA_D,CA,DA,120_plus,very_high,15_30,Y,O,0,0.6816379,46.32824835594979
203.0,273.20528889999997,14.770833333333334,4,2,0,2,0,1,0,0,0,4,1,358.0,16.0,52.877918,2,0,BAGGAGE,LOWER VERTEX,LANG_09,Round-Trip,google,Direct,Direct,Logged-Out,AREA_B,AREA_C,AREA_B_TO_AREA_C,BU,CE,120_plus,very_high,15_30,Y,L,1,0.87368184,46.198476867090584
279.0,258.7904241,13.42361111111111,3,3,0,0,0,0,0,1,0,2,1,336.8333333333333,22.0,59.61936,3,1,BAGGAGE,UPPER APEX,LANG_09,Round-Trip,google,Paid Search,Paid Search,Logged-In,AREA_C,AREA_B,AREA_C_TO_AREA_B,CA,BU,120_plus,very_high,9_14,Y,U,1,0.7747554,46.19042219561577
275.0,179.787491,17.447916666666668,2,2,0,0,0,0,0,1,1,2,1,439.3333333333333,22.0,67.9660704,2,1,BAGGAGE,UPPER APEX,LANG_09,Round-Trip,apple,Direct,Direct,Logged-In,AREA_C,AREA_D,AREA_C_TO_AREA_D,CA,DA,120_plus,very_high,15_30,Y,O,0,0.679029,46.150931994200135
120.0,258.94075740000005,7.229166666666667,3,3,0,0,0,0,0,0,0,2,1,188.08333333333334,19.0,59.61936,3,1,BAGGAGE,UPPER APEX,LANG_09,Round-Trip,google,Direct,Paid Search,Logged-Out,AREA_C,AREA_B,AREA_C_TO_AREA_B,CA,BU,61_120,very_high,6_8,Y,O,0,0.77390665,46.139819062986376
211.0,218.6788442,15.965277777777779,5,2,0,3,0,1,0,0,0,4,1,386.6666666666667,7.0,52.877918,2,0,BAGGAGE,LOWER VERTEX,LANG_02,Round-Trip,apple,Direct,Direct,Logged-Out,AREA_B,AREA_C,AREA_B_TO_AREA_C,BU,CE,120_plus,very_high,15_30,Y,U,0,0.8712219,46.06840018727803
108.0,229.1430698,16.78472222222222,2,2,0,0,0,0,0,0,0,4,1,406.0,10.0,66.1543614,2,0,BAGGAGE,LOWER VERTEX,LANG_09,Round-Trip,google,Direct,Paid Search,Logged-Out,AREA_B,AREA_C,AREA_B_TO_AREA_C,BU,CU,61_120,very_high,15_30,Y,W,0,0.6952809,45.99586456411536
130.0,188.1796012,17.461805555555557,2,2,0,0,0,0,0,0,0,4,1,419.9166666666667,23.0,62.497536,2,0,BAGGAGE,UPPER APEX,LANG_09,Round-Trip,apple,Direct,Paid Search,Logged-Out,AREA_B,AREA_B,AREA_B_TO_AREA_B,BE,BU,120_plus,very_high,15_30,Y,O,0,0.735739,45.98187418231201
11.0,106.1892756,8.135416666666666,3,2,0,1,0,1,0,1,0,2,1,197.33333333333334,19.0,56.2477824,4,1,BAGGAGE,UPPER APEX,LANG_02,Round-Trip,apple,Direct,Direct,Logged-In,AREA_C,AREA_C,AREA_C_TO_AREA_C,CA,CI,8_14,very_high,9_14,Y,L,0,0.8160428,45.900596767813106
243.0,179.5257997,27.35763888888889,2,2,0,0,0,0,0,1,0,2,1,671.0,14.0,74.5242,3,1,BAGGAGE,UPPER VERTEX,LANG_11,Round-Trip,apple,Direct,Direct,Logged-In,AREA_C,AREA_B,AREA_C_TO_AREA_B,CA,BI,120_plus,very_high,15_30,Y,O,0,0.615821,45.89356765987873
134.0,236.9351317,15.225694444444445,3,3,0,0,0,0,0,0,0,3,1,380.0833333333333,20.0,59.61936,4,0,BAGGAGE,LOWER VERTEX,LANG_02,Round-Trip,microsoft,Paid Search,Paid Search,Logged-Out,AREA_B,AREA_B,AREA_B_TO_AREA_B,BE,BU,120_plus,very_high,15_30,Y,O,0,0.7693771,45.86977103925705
192.0,558.1558487,14.979166666666666,4,2,2,0,0,0,1,0,0,3,1,362.6666666666667,23.0,54.5517144,2,0,BAGGAGE,LOWER VERTEX,LANG_02,Round-Trip,apple,Direct,Direct,Logged-Out,AREA_B,AREA_B,AREA_B_TO_AREA_B,BU,BE,120_plus,very_high,15_30,Y,U,0,0.84040236,45.845389781881146
81.0,232.7407898,12.760416666666666,3,2,0,1,0,1,0,0,0,2,1,310.0,21.0,57.2457214,3,1,BAGGAGE,LOWER VERTEX,LANG_02,Round-Trip,google,Paid Search,Referrals,Logged-Out,AREA_B,AREA_C,AREA_B_TO_AREA_C,BU,CA,61_120,very_high,9_14,Y,O,0,0.7994924,45.767520266091815
156.0,889.9427267000001,40.78472222222222,5,3,0,2,0,1,0,1,0,2,1,982.0,11.0,52.813673,2,1,BAGGAGE,LOWER VERTEX,LANG_02,Round-Trip,apple,Direct,Direct,Logged-In,AREA_B,AREA_C,AREA_B_TO_AREA_C,BU,CA,120_plus,very_high,30_plus,Y,U,0,0.8656572,45.71853683751905
34.0,354.4683611,9.722222222222221,4,2,0,2,0,1,0,0,0,2,1,236.66666666666666,21.0,52.5404176,2,1,BAGGAGE,NORTH MERIDIAN,LANG_02,Round-Trip,google,Paid Search,Paid Search,Logged-Out,AREA_B,AREA_C,AREA_B_TO_AREA_C,BI,CA,31_60,very_high,9_14,Y,O,0,0.8700816,45.714450795389844
155.0,282.8069183,,3,0,3,0,0,0,1,0,0,1,0,16.083333333333332,14.0,59.2287504,2,1,BAGGAGE,LOWER VERTEX,LANG_02,One-Way,google,Internal,Internal,Logged-Out,AREA_B,AREA_C,AREA_B_TO_AREA_C,BU,CA,120_plus,very_high,unknown_or_oneway,Y,V,0,0.77169096,45.70629153407994
41.0,450.9120985,17.67013888888889,5,2,0,3,0,1,0,0,0,2,1,428.1666666666667,10.0,55.50768,4,1,BAGGAGE,UPPER APEX,LANG_02,Round-Trip,google,Paid Search,Paid Search,Logged-Out,AREA_C,AREA_C,AREA_C_TO_AREA_C,CA,CE,31_60,very_high,15_30,Y,W,1,0.8226521,45.66350960231781
110.0,405.8181047,85.77777777777777,2,2,0,0,0,0,0,0,0,2,1,2061.9166666666665,16.0,65.4262514,2,0,BAGGAGE,LOWER VERTEX,LANG_09,Round-Trip,apple,Direct,Paid Search,Logged-Out,AREA_B,AREA_B,AREA_B_TO_AREA_B,BU,BE,61_120,very_high,30_plus,Y,W,0,0.6974384,45.63078132869333
28.0,17.1795413,,2,2,0,0,0,0,0,0,0,2,1,4.25,1.0,90.0320864,2,0,BAGGAGE,LOWER VERTEX,LANG_02,One-Way,apple,Direct,Direct,Logged-Out,AREA_C,AREA_C,AREA_C_TO_AREA_C,CI,CA,15_30,very_low,unknown_or_oneway,Y,U,0,0.5052926,45.492546519256784
155.0,265.8839287,,4,4,0,0,0,0,0,0,0,2,1,7.0,16.0,54.9543164,2,0,BAGGAGE,NORTH MERIDIAN,LANG_02,One-Way,google,Paid Search,Paid Search,Logged-Out,AREA_B,AREA_B,AREA_B_TO_AREA_B,BI,BI,120_plus,very_high,unknown_or_oneway,Y,S,0,0.8266923,45.4303092938577
15.0,167.7890948,45.12847222222222,2,2,0,0,0,0,0,0,0,4,1,1084.0,14.0,59.4446136,2,0,BAGGAGE,UPPER APEX,LANG_09,Round-Trip,google,Paid Search,Paid Search,Logged-Out,AREA_C,AREA_B,AREA_C_TO_AREA_B,CU,BU,15_30,very_high,30_plus,Y,W,0,0.7618467,45.287683962516255
193.0,264.0867819,16.78472222222222,2,2,0,0,0,0,0,0,0,4,1,406.0,22.0,66.1543614,2,0,BAGGAGE,LOWER VERTEX,LANG_02,Round-Trip,apple,Direct,Direct,Logged-Out,AREA_B,AREA_C,AREA_B_TO_AREA_C,BU,CU,120_plus,very_high,15_30,Y,L,0,0.6832217,45.19809511306651
,330.12036270000004,,3,3,0,0,0,0,0,0,1,1,0,19.333333333333332,10.0,50.6045016,1,1,BAGGAGE,UPPER APEX,LANG_09,One-Way,google,Paid Search,Paid Search,Logged-Out,AREA_C,AREA_C,AREA_C_TO_AREA_C,CA,CA,,very_high,unknown_or_oneway,Y,T,1,0.8922043,45.149553151007076
27.0,225.8965558,7.736111111111111,5,5,0,0,0,0,0,0,0,4,1,190.41666666666666,23.0,64.0599744,5,0,BAGGAGE,NEW HORIZON,LANG_02,Round-Trip,google,Paid Search,Paid Search,Logged-Out,AREA_C,AREA_B,AREA_C_TO_AREA_B,CE,BU,15_30,very_high,6_8,Y,U,1,0.7043384,45.11989806347923
39.0,227.542941,29.04861111111111,3,2,0,1,0,1,0,1,0,4,1,698.0833333333334,23.0,56.330016,4,0,BAGGAGE,UPPER APEX,LANG_02,Round-Trip,google,Direct,Paid Search,Logged-In,AREA_B,AREA_C,AREA_B_TO_AREA_C,BE,CE,31_60,very_high,15_30,Y,U,0,0.8006369,45.09988868590164
27.0,509.7266828,14.684027777777779,2,2,0,0,0,0,0,0,0,4,1,353.3333333333333,20.0,67.9660704,3,0,BAGGAGE,UPPER APEX,LANG_09,Round-Trip,google,Direct,Paid Search,Logged-Out,AREA_B,AREA_B,AREA_B_TO_AREA_B,BE,BU,15_30,very_high,15_30,Y,M,0,0.66281396,45.0488603698122
126.0,276.1528495,28.78472222222222,2,2,0,0,0,0,0,0,0,2,1,694.0,11.0,66.082407,2,1,BAGGAGE,LOWER VERTEX,LANG_09,Round-Trip,apple,Direct,Email,Logged-Out,AREA_B,AREA_C,AREA_B_TO_AREA_C,BU,CA,120_plus,very_high,15_30,Y,L,0,0.6811731,45.013557117492915
185.0,511.9915332000001,16.05902777777778,3,2,1,0,0,0,1,0,0,3,1,386.3333333333333,11.0,52.4650368,1,0,BAGGAGE,UPPER APEX,LANG_09,Round-Trip,google,Paid Search,Paid Search,Logged-Out,AREA_C,AREA_B,AREA_C_TO_AREA_B,CU,BU,120_plus,very_high,15_30,Y,T,0,0.85740405,44.983735204195405
208.0,331.08789240000004,19.78125,3,1,1,1,0,1,1,0,0,2,1,478.0,16.0,54.5517144,2,0,BAGGAGE,LOWER VERTEX,LANG_02,Round-Trip,google,Direct,Paid Search,Logged-Out,AREA_B,AREA_B,AREA_B_TO_AREA_B,BU,BE,120_plus,very_high,15_30,Y,U,0,0.82390165,44.945247683952715
9.0,319.3593252,8.729166666666666,3,2,0,1,0,1,0,0,0,4,1,212.25,20.0,54.9783012,3,0,BAGGAGE,NEW MERIDIAN,LANG_02,Round-Trip,google,Organic Search,Organic Search,Logged-Out,AREA_C,AREA_C,AREA_C_TO_AREA_C,CI,CE,8_14,very_high,9_14,Y,Q,0,0.8167179,44.901763948953366
207.0,353.6597307,19.42361111111111,4,2,0,2,0,1,0,1,1,2,1,480.8333333333333,20.0,50.6558976,2,1,BAGGAGE,UPPER MERIDIAN,LANG_02,Round-Trip,google,Internal,Internal,Logged-In,AREA_C,AREA_B,AREA_C_TO_AREA_B,CA,BU,120_plus,very_high,15_30,Y,O,0,0.8862961,44.896124153787234
28.0,242.6263821,3.4305555555555554,3,3,0,0,0,0,0,0,0,2,1,86.75,23.0,70.79799,3,1,BAGGAGE,UPPER APEX,LANG_02,Round-Trip,apple,Direct,Direct,Logged-Out,AREA_C,AREA_B,AREA_C_TO_AREA_B,CA,BA,15_30,very_high,3_5,Y,U,0,0.63246495,44.77724687385499
144.0,479.4925575,20.274305555555557,3,3,0,0,0,0,0,1,0,2,1,501.25,10.0,52.4650368,1,0,BAGGAGE,UPPER APEX,LANG_09,Round-Trip,apple,Direct,Direct,Logged-In,AREA_C,AREA_B,AREA_C_TO_AREA_B,CU,BU,120_plus,very_high,15_30,Y,L,0,0.8521828,44.70980225288773
259.0,241.7783481,,3,3,0,0,0,0,0,1,0,3,1,408.5,23.0,52.4650368,2,0,BAGGAGE,UPPER APEX,LANG_09,Multi-City,opera,Affiliate,Affiliate,Logged-In,AREA_B,AREA_B,AREA_B_TO_AREA_B,BE,BU,120_plus,very_high,unknown_or_oneway,Y,O,0,0.8517371,44.68641735129318
89.0,232.6152979,24.62152777777778,2,2,0,0,0,0,0,0,0,3,1,594.9166666666666,10.0,62.0829416,1,0,BAGGAGE,LOWER VERTEX,LANG_02,Round-Trip,google,Paid Search,Paid Search,Logged-Out,AREA_B,AREA_C,AREA_B_TO_AREA_C,BU,CU,61_120,very_high,15_30,Y,V,0,0.7192177,44.65115156239829
69.0,299.42581490000003,28.67013888888889,3,2,0,1,0,1,0,1,0,2,1,692.1666666666666,23.0,55.50768,4,1,BAGGAGE,UPPER APEX,LANG_02,Round-Trip,google,Email,Email,Logged-In,AREA_C,AREA_C,AREA_C_TO_AREA_C,CA,CE,61_120,very_high,15_30,Y,W,0,0.8043674,44.64856952150345
115.0,1208.1889002,16.21875,2,2,0,0,0,0,0,0,0,2,1,409.8333333333333,13.0,98.063568,1,1,BAGGAGE,UPPER APEX,LANG_09,Round-Trip,mozilla,Email,Paid Search,Logged-Out,AREA_C,AREA_D,AREA_C_TO_AREA_D,CA,DA,61_120,very_high,15_30,C,F,0,0.4550886,44.62761046149588
153.0,1089.184032,8.0,8,5,0,3,0,1,0,0,0,2,1,199.25,11.0,53.9041248,3,1,BAGGAGE,UPPER APEX,LANG_09,Round-Trip,microsoft,Direct,Direct,Logged-Out,AREA_C,AREA_B,AREA_C_TO_AREA_B,CA,BU,120_plus,very_high,6_8,Y,U,1,0.82692397,44.57461268535576
148.0,89.536115,,1,1,0,0,0,0,0,1,0,2,1,5.583333333333333,12.0,84.3716736,1,0,BAGGAGE,LOWER VERTEX,LANG_02,One-Way,apple,Direct,Direct,Logged-In,AREA_B,AREA_B,AREA_B_TO_AREA_B,BI,BU,120_plus,high,unknown_or_oneway,Y,T,0,0.5276546,44.51910069105148
132.0,225.4900991,22.697916666666668,3,2,0,1,0,1,0,0,0,2,1,550.0,17.0,52.6603416,2,1,BAGGAGE,LOWER VERTEX,LANG_02,Round-Trip,google,Direct,Organic Search,Logged-Out,AREA_B,AREA_C,AREA_B_TO_AREA_C,BO,CA,120_plus,very_high,15_30,Y,O,1,0.84530157,44.513869352654886
43.0,170.9092603,27.46875,2,1,1,0,0,0,1,0,0,2,1,674.4166666666666,1.0,69.9396768,2,1,BAGGAGE,LOWER VERTEX,LANG_02,Round-Trip,apple,Direct,Paid Search,Logged-Out,AREA_C,AREA_B,AREA_C_TO_AREA_B,CA,BO,31_60,very_high,15_30,Y,U,0,0.6364134,44.51054718580341
71.0,100.7648561,9.784722222222221,2,2,0,0,0,0,0,0,0,4,1,238.0,15.0,63.6719346,2,0,BAGGAGE,LOWER VERTEX,LANG_02,Round-Trip,apple,MetaSearches,Organic Search,Logged-Out,AREA_B,AREA_B,AREA_B_TO_AREA_B,BU,BE,61_120,high,9_14,Y,O,0,0.69596004,44.31312246059246
0.0,83.9489415,11.121527777777779,1,1,0,0,0,0,0,1,0,4,1,268.25,2.0,115.165587,2,0,BAGGAGE,UPPER HORIZON,LANG_05,Round-Trip,apple,Direct,Direct,Logged-In,AREA_C,AREA_B,AREA_C_TO_AREA_B,CI,BU,invalid_or_past,high,9_14,Y,S,0,0.3846229,44.29532224539998
80.0,382.0401736,19.225694444444443,4,2,0,2,0,1,0,0,0,2,1,482.0,20.0,50.6558976,2,1,BAGGAGE,UPPER APEX,LANG_09,Round-Trip,apple,Direct,Direct,Logged-Out,AREA_C,AREA_D,AREA_C_TO_AREA_D,CA,DA,61_120,very_high,15_30,Y,O,1,0.8740896,44.277793202728276
15.0,214.4566628,6.763888888888889,2,2,0,0,0,0,0,0,0,4,1,166.0,11.0,67.6808226,3,0,BAGGAGE,NORTH MERIDIAN,LANG_02,Round-Trip,google,Paid Search,Paid Search,Logged-Out,AREA_B,AREA_C,AREA_B_TO_AREA_C,BI,CU,15_30,very_high,6_8,Y,O,0,0.6535197,44.23075020698587
23.0,54.8339641,,1,1,0,0,0,0,0,0,0,1,0,4.75,15.0,101.772646,2,1,BAGGAGE,UPPER APEX,LANG_09,One-Way,mozilla,Direct,Direct,Logged-Out,AREA_C,AREA_C,AREA_C_TO_AREA_C,CA,CE,15_30,high,unknown_or_oneway,Y,T,0,0.4344782,44.21799538398307
55.0,180.151546,12.20138888888889,5,5,0,0,0,0,0,1,1,2,1,295.25,11.0,52.629504,2,1,BAGGAGE,UPPER APEX,LANG_09,Round-Trip,google,Direct,Paid Search,Logged-In,AREA_C,AREA_C,AREA_C_TO_AREA_C,CU,CA,31_60,very_high,9_14,Y,U,1,0.8398822,44.202583341064454
46.0,95.3558554,5.048611111111111,2,2,0,0,0,0,0,0,0,2,1,122.75,14.0,71.4151703,1,1,BAGGAGE,EAST VERTEX,LANG_02,Round-Trip,microsoft,Direct,Organic Search,Logged-Out,AREA_B,AREA_C,AREA_B_TO_AREA_C,BI,CA,31_60,high,6_8,Y,W,0,0.6186572,44.181507276144835
119.0,272.218914,15.243055555555555,3,2,1,0,0,0,1,0,0,4,1,367.1666666666667,20.0,57.152352,3,0,BAGGAGE,UPPER HORIZON,LANG_05,Round-Trip,google,MetaSearches,Organic Search,Logged-Out,AREA_C,AREA_B,AREA_C_TO_AREA_B,CI,BO,61_120,very_high,15_30,Y,L,0,0.7719483,44.118659707208636
76.0,162.419926,32.22222222222222,2,2,0,0,0,0,0,0,0,2,1,787.5,23.0,57.756255,1,1,BAGGAGE,UPPER APEX,LANG_09,Round-Trip,google,MetaSearches,MetaSearches,Logged-Out,AREA_C,AREA_B,AREA_C_TO_AREA_B,CA,BU,61_120,very_high,30_plus,Y,U,0,0.76313394,44.07575861573607
12.0,56.606697800000006,,2,2,0,0,0,0,0,1,0,1,0,3.8333333333333335,11.0,70.720896,3,1,BAGGAGE,UPPER APEX,LANG_09,One-Way,google,Direct,Direct,Logged-In,AREA_C,AREA_B,AREA_C_TO_AREA_B,CA,BA,8_14,high,unknown_or_oneway,Y,L,0,0.62319255,44.072735428253175
139.0,187.8964949,9.770833333333334,2,2,0,0,0,0,0,0,0,4,1,238.0,16.0,87.4965504,5,0,BAGGAGE,LOWER VERTEX,LANG_02,Round-Trip,apple,MetaSearches,MetaSearches,Logged-Out,AREA_B,AREA_B,AREA_B_TO_AREA_B,BU,BA,120_plus,very_high,9_14,Y,U,0,0.50369406,44.071492485131834
7.0,290.1192842,15.256944444444445,3,2,0,1,0,1,0,1,0,2,1,379.3333333333333,16.0,48.9726786,1,1,BAGGAGE,LOWER VERTEX,LANG_02,Round-Trip,google,Paid Search,Paid Search,Logged-In,AREA_C,AREA_B,AREA_C_TO_AREA_B,CA,BU,4_7,very_high,15_30,Y,W,1,0.89976305,44.06380655093154
66.0,599.757056,8.069444444444445,4,4,0,0,0,0,0,0,0,4,1,194.66666666666666,23.0,55.045116,3,0,BAGGAGE,UPPER APEX,LANG_09,Round-Trip,apple,Organic Search,Organic Search,Logged-Out,AREA_B,AREA_B,AREA_B_TO_AREA_B,BE,BU,61_120,very_high,9_14,Y,O,0,0.80003005,44.03774705226016
129.0,280.42685520000003,7.319444444444445,4,2,0,2,0,1,0,0,0,2,1,191.83333333333334,12.0,48.56922,1,1,BAGGAGE,UPPER APEX,LANG_09,Round-Trip,mozilla,Display,Display,Logged-Out,AREA_C,AREA_B,AREA_C_TO_AREA_B,CA,BO,120_plus,very_high,6_8,Y,O,0,0.9062424,44.015485071258546
141.0,281.44064130000004,23.958333333333332,3,2,1,0,0,0,1,1,1,2,1,589.5,10.0,56.638392,3,1,BAGGAGE,UPPER APEX,LANG_09,Round-Trip,google,Direct,Paid Search,Logged-In,AREA_C,AREA_B,AREA_C_TO_AREA_B,CA,BI,120_plus,very_high,15_30,Y,O,1,0.7766574,43.98862641336966
109.0,464.8648276,17.427083333333332,5,4,0,1,0,1,0,0,0,2,1,434.4166666666667,9.0,48.56922,1,1,BAGGAGE,UPPER APEX,LANG_09,Round-Trip,google,Direct,Email,Logged-Out,AREA_C,AREA_B,AREA_C_TO_AREA_B,CA,BO,61_120,very_high,15_30,Y,W,0,0.90332174,43.873632467107775
33.0,343.0850037,10.729166666666666,4,4,0,0,0,0,0,1,0,4,1,260.25,20.0,54.9783012,3,0,BAGGAGE,NEW MERIDIAN,LANG_02,Round-Trip,samsung,Direct,Direct,Logged-In,AREA_C,AREA_C,AREA_C_TO_AREA_C,CI,CE,31_60,very_high,9_14,Y,V,0,0.7974852,43.84438002990467
41.0,24.045190300000005,,1,1,0,0,0,0,0,0,0,2,1,8.0,11.0,117.2017252,2,0,BAGGAGE,NORTH HORIZON,LANG_04,One-Way,microsoft,Paid Search,Paid Search,Logged-Out,AREA_C,AREA_B,AREA_C_TO_AREA_B,CE,BO,31_60,low,unknown_or_oneway,Y,L,0,0.37364656,43.792021134243896
50.0,302.64149130000004,7.222222222222222,3,3,0,0,0,0,0,1,0,2,1,187.91666666666666,13.0,56.638392,3,1,BAGGAGE,UPPER APEX,LANG_09,Round-Trip,google,Paid Search,Paid Search,Logged-In,AREA_C,AREA_B,AREA_C_TO_AREA_B,CA,BI,31_60,very_high,6_8,Y,L,0,0.76967716,43.593276824455266
146.0,789.7650699,,4,3,1,0,0,0,1,0,0,4,1,311.6666666666667,18.0,51.1724274,2,0,BAGGAGE,LOWER VERTEX,LANG_02,Multi-City,microsoft,Paid Search,Paid Search,Logged-Out,AREA_B,AREA_C,AREA_B_TO_AREA_C,BU,CU,120_plus,very_high,unknown_or_oneway,Y,W,0,0.85187125,43.5923198001842
108.0,505.8064528999999,8.20486111111111,2,2,0,0,0,0,0,0,0,2,1,211.33333333333334,18.0,90.6214272,1,1,BAGGAGE,CENTRAL AURORA,LANG_01,Round-Trip,google,Paid Search,Paid Search,Logged-Out,AREA_C,AREA_B,AREA_C_TO_AREA_B,CA,BU,61_120,very_high,9_14,P,R,0,0.4796395,43.465616065890885
118.0,230.6798102,71.22916666666667,2,2,0,0,0,0,0,0,0,2,1,1724.1666666666667,14.0,59.61936,2,1,BAGGAGE,UPPER APEX,LANG_09,Round-Trip,google,Paid Search,Paid Search,Logged-Out,AREA_C,AREA_B,AREA_C_TO_AREA_B,CA,BU,61_120,very_high,30_plus,Y,O,0,0.72877383,43.44902946773529
58.0,328.2324163,8.833333333333334,2,2,0,0,0,0,0,0,0,5,1,214.25,14.0,69.0582354,3,0,BAGGAGE,NEW ZENITH,LANG_02,Round-Trip,mozilla,Direct,Email,Logged-Out,AREA_C,AREA_B,AREA_C_TO_AREA_B,CU,BO,31_60,very_high,9_14,Y,T,0,0.6289965,43.43738777109826
7.0,774.2914475,254.99652777777777,2,1,0,0,1,1,0,1,0,2,1,6140.5,23.0,98.063568,2,1,BAGGAGE,UPPER APEX,LANG_02,Round-Trip,mozilla,Direct,Direct,Logged-In,AREA_C,AREA_D,AREA_C_TO_AREA_D,CA,DA,4_7,very_high,30_plus,C,Z,0,0.4427366,43.41633027509451
60.0,260.0860316,6.638888888888889,4,4,0,0,0,0,0,0,0,2,1,166.0,22.0,52.6603416,1,1,BAGGAGE,LOWER VERTEX,LANG_02,Round-Trip,apple,MetaSearches,MetaSearches,Logged-Out,AREA_B,AREA_C,AREA_B_TO_AREA_C,BO,CA,31_60,very_high,6_8,Y,U,0,0.8235145,43.36655599484382
159.0,309.0925459,,3,2,1,0,0,0,1,1,0,1,0,16.083333333333332,12.0,55.6271757,2,1,BAGGAGE,LOWER VERTEX,LANG_02,One-Way,google,Paid Search,Paid Search,Logged-In,AREA_B,AREA_C,AREA_B_TO_AREA_C,BU,CA,120_plus,very_high,unknown_or_oneway,Y,V,1,0.7792457,43.34723605500317
3.0,363.1148815,7.78125,2,2,0,0,0,0,0,0,0,2,1,190.0,10.0,58.407271,2,0,BAGGAGE,LOWER VERTEX,LANG_02,Round-Trip,apple,Direct,Direct,Logged-Out,AREA_B,AREA_B,AREA_B_TO_AREA_B,BU,BE,0_3,very_high,6_8,Y,K,0,0.74065465,43.259616705199065
98.0,607.0886954,15.54513888888889,3,1,0,2,0,1,0,0,0,4,1,375.0,11.0,57.8324924,3,0,BAGGAGE,SOUTH HORIZON,LANG_02,Round-Trip,apple,MetaSearches,Organic Search,Logged-Out,AREA_C,AREA_B,AREA_C_TO_AREA_B,CA,BU,61_120,very_high,15_30,Y,H,0,0.74753237,43.23165997412853
348.0,334.31727440000003,8.0,2,1,1,0,0,0,1,0,0,2,1,199.25,14.0,61.058448,1,1,BAGGAGE,UPPER APEX,LANG_09,Round-Trip,google,Paid Search,Paid Search,Logged-Out,AREA_C,AREA_B,AREA_C_TO_AREA_B,CA,BU,120_plus,very_high,6_8,Y,S,0,0.70563304,43.0848585389843
85.0,311.7441512,11.461805555555555,2,2,0,0,0,0,0,0,0,4,1,275.9166666666667,21.0,67.9660704,3,0,BAGGAGE,UPPER APEX,LANG_09,Round-Trip,apple,Paid Search,Paid Search,Logged-Out,AREA_B,AREA_B,AREA_B_TO_AREA_B,BE,BU,61_120,very_high,9_14,Y,S,0,0.6333654,43.04735686814804
11.0,406.0386792,10.934027777777779,4,2,1,1,0,1,1,0,1,5,1,263.3333333333333,21.0,47.695488,2,0,BAGGAGE,UPPER APEX,LANG_09,Round-Trip,microsoft,Paid Search,Paid Search,Logged-Out,AREA_C,AREA_B,AREA_C_TO_AREA_B,CU,BU,8_14,very_high,9_14,Y,V,1,0.89934313,42.89460960658264
,639.0398754,12.42361111111111,6,5,1,0,0,0,1,1,1,2,1,312.8333333333333,11.0,45.3107136,2,1,BAGGAGE,UPPER APEX,LANG_09,Round-Trip,google,MetaSearches,MetaSearches,Logged-In,AREA_C,AREA_B,AREA_C_TO_AREA_B,CA,BU,,very_high,9_14,Y,U,1,0.9464512,42.88437867659912
140.0,221.2704875,20.21875,2,2,0,0,0,0,0,0,0,2,1,501.5833333333333,19.0,59.6244996,2,0,BAGGAGE,LOWER VERTEX,LANG_09,Round-Trip,apple,Paid Search,Paid Search,Logged-Out,AREA_B,AREA_B,AREA_B_TO_AREA_B,BE,BU,120_plus,very_high,15_30,Y,O,1,0.71829,42.82768010953889
,149.6334578,,2,1,0,1,0,1,0,1,0,2,1,19.583333333333332,13.0,58.5301931,2,0,BAGGAGE,LOWER VERTEX,LANG_02,One-Way,google,Paid Search,Organic Search,Logged-In,AREA_B,AREA_C,AREA_B_TO_AREA_C,BU,CI,,very_high,unknown_or_oneway,P,J,1,0.7316375,42.82288285920644
66.0,447.1846036,17.93402777777778,2,2,0,0,0,0,0,1,1,4,1,431.3333333333333,19.0,67.9660704,3,0,BAGGAGE,UPPER APEX,LANG_09,Round-Trip,microsoft,Direct,Paid Search,Logged-In,AREA_B,AREA_B,AREA_B_TO_AREA_B,BE,BU,61_120,very_high,15_30,Y,S,0,0.6296545,42.79514389008522
79.0,497.9424366,11.885416666666666,3,3,0,0,0,0,0,1,0,2,1,291.1666666666667,11.0,56.638392,3,1,BAGGAGE,UPPER APEX,LANG_09,Round-Trip,google,Direct,Direct,Logged-In,AREA_C,AREA_C,AREA_C_TO_AREA_C,CA,CA,61_120,very_high,9_14,Y,L,0,0.75517315,42.77179271206713
203.0,218.2312707,18.697916666666668,3,3,0,0,0,0,0,0,0,2,1,454.0,19.0,52.6603416,2,1,BAGGAGE,LOWER VERTEX,LANG_09,Round-Trip,microsoft,Organic Social,Organic Social,Logged-Out,AREA_B,AREA_C,AREA_B_TO_AREA_C,BO,CA,120_plus,very_high,15_30,Y,U,0,0.8119594,42.7580586253398
104.0,227.0525375,,8,4,1,3,0,1,1,0,0,2,1,214.16666666666666,19.0,48.2454252,2,0,BAGGAGE,NEW HORIZON,LANG_02,Multi-City,google,Paid Search,Paid Search,Logged-Out,AREA_C,AREA_B,AREA_C_TO_AREA_B,CE,BE,61_120,very_high,unknown_or_oneway,Y,L,1,0.8862589,42.75793747577169
93.0,251.1855293,,4,2,1,1,0,1,1,0,0,2,1,-431.4166666666667,9.0,48.7850832,1,1,BAGGAGE,UPPER APEX,LANG_09,Round-Trip,opera,Direct,Paid Search,Logged-Out,AREA_C,AREA_B,AREA_C_TO_AREA_B,CA,BO,61_120,very_high,unknown_or_oneway,Y,O,0,0.8757735,42.72468254840441
36.0,76.6622736,,7,7,0,0,0,0,0,0,0,2,1,4.416666666666667,13.0,51.7352136,1,0,BAGGAGE,UPPER HORIZON,LANG_05,One-Way,google,Direct,Paid Search,Logged-Out,AREA_C,AREA_B,AREA_C_TO_AREA_B,CI,BE,31_60,high,unknown_or_oneway,Y,L,0,0.8256623,42.71581622239852
7.0,78.1296294,21.760416666666668,3,1,1,0,1,1,1,1,0,4,1,526.0,,52.877918,2,0,BAGGAGE,UPPER APEX,LANG_02,Round-Trip,google,Direct,Paid Search,Logged-In,AREA_B,AREA_C,AREA_B_TO_AREA_C,BU,CE,4_7,high,15_30,Y,O,0,0.8067289,42.65814459487617
65.0,123.7071739,76.125,1,1,0,0,0,0,0,0,0,2,1,1841.4166666666667,13.0,127.873248,2,1,BAGGAGE,LOWER VERTEX,LANG_02,Round-Trip,apple,Direct,Direct,Logged-Out,AREA_C,AREA_B,AREA_C_TO_AREA_B,CA,BU,61_120,very_high,30_plus,Y,L,0,0.33351272,42.64735519635201
71.0,210.0837198,19.739583333333332,3,2,0,0,1,1,0,0,0,2,1,477.25,20.0,52.877918,2,1,BAGGAGE,LOWER VERTEX,LANG_02,Round-Trip,apple,Direct,Direct,Logged-Out,AREA_B,AREA_C,AREA_B_TO_AREA_C,BU,CA,61_120,very_high,15_30,Y,U,0,0.8055164,42.59403129932368
20.0,97.0078085,12.78125,1,1,0,0,0,0,0,0,0,4,1,311.0833333333333,18.0,115.1595908,3,0,BAGGAGE,LOWER VERTEX,LANG_02,Round-Trip,google,Direct,MetaSearches,Logged-Out,AREA_B,AREA_B,AREA_B_TO_AREA_B,BU,BE,15_30,high,9_14,Y,O,0,0.3692494,42.52261020752261
113.0,190.6269074,21.256944444444443,2,2,0,0,0,0,0,0,0,2,1,524.5833333333334,14.0,67.07178,3,1,BAGGAGE,UPPER APEX,LANG_09,Round-Trip,google,Paid Search,Paid Search,Logged-Out,AREA_C,AREA_B,AREA_C_TO_AREA_B,CA,BU,61_120,very_high,15_30,Y,O,0,0.6330814,42.461894810231925
0.0,83.00454,,1,1,0,0,0,0,0,0,0,1,0,10.083333333333334,15.0,75.243744,1,1,BAGGAGE,UPPER APEX,LANG_02,One-Way,google,Direct,Referrals,Logged-Out,AREA_C,AREA_C,AREA_C_TO_AREA_C,CA,CE,invalid_or_past,high,unknown_or_oneway,Y,Q,0,0.5636794,42.41334825393105
309.0,347.90809,21.24652777777778,4,3,1,0,0,0,1,0,0,2,1,524.0833333333334,22.0,48.6411744,2,1,BAGGAGE,UPPER APEX,LANG_09,Round-Trip,google,Organic Search,Organic Search,Logged-Out,AREA_C,AREA_B,AREA_C_TO_AREA_B,CA,BU,120_plus,very_high,15_30,Y,U,1,0.8714963,42.39060447893028
78.0,205.8298442,10.315972222222221,2,2,0,0,0,0,0,0,0,5,1,248.5,22.0,59.61936,1,0,BAGGAGE,UPPER APEX,LANG_09,Round-Trip,apple,Direct,Direct,Logged-Out,AREA_B,AREA_D,AREA_B_TO_AREA_D,BE,DA,61_120,very_high,9_14,Y,O,0,0.71071553,42.37240517795563
99.0,346.9264264,18.59375,2,2,0,0,0,0,0,1,0,4,1,447.0833333333333,23.0,67.9660704,3,0,BAGGAGE,UPPER APEX,LANG_09,Round-Trip,google,Organic Search,Partners,Logged-In,AREA_B,AREA_B,AREA_B_TO_AREA_B,BE,BU,61_120,very_high,15_30,Y,V,0,0.62341714,42.37121316146622
195.0,235.3744065,27.770833333333332,2,1,0,1,0,1,0,0,0,2,1,670.0,21.0,62.0118438,2,1,BAGGAGE,LOWER VERTEX,LANG_02,Round-Trip,apple,Paid Search,Paid Search,Logged-Out,AREA_B,AREA_C,AREA_B_TO_AREA_C,BU,CA,120_plus,very_high,15_30,Y,V,0,0.68247443,42.32149802200316
166.0,582.1166639,16.78472222222222,4,2,1,1,0,1,1,0,0,2,1,406.0,8.0,48.7850832,2,1,BAGGAGE,LOWER VERTEX,LANG_02,Round-Trip,apple,Paid Search,Paid Search,Logged-Out,AREA_B,AREA_C,AREA_B_TO_AREA_C,BU,CA,120_plus,very_high,15_30,Y,U,1,0.8671363,42.30331652222071
89.0,298.6338882,16.583333333333332,2,2,0,0,0,0,0,0,0,2,1,402.0,23.0,58.899816,1,1,BAGGAGE,UPPER APEX,LANG_09,Round-Trip,google,Paid Search,Paid Search,Logged-Out,AREA_C,AREA_B,AREA_C_TO_AREA_B,CA,BO,61_120,very_high,15_30,Y,V,0,0.7177396,42.27472931935501
47.0,69.9396768,41.90625,2,2,0,0,0,0,0,1,1,2,1,1007.3333333333334,23.0,71.4151703,3,1,BAGGAGE,EAST VERTEX,LANG_02,Round-Trip,google,Direct,Direct,Logged-In,AREA_B,AREA_C,AREA_B_TO_AREA_C,BI,CA,31_60,high,30_plus,Y,U,0,0.59180886,42.264130202980134
41.0,388.0316623,11.121527777777779,4,2,1,1,0,1,1,0,0,4,1,268.25,14.0,46.8697256,1,0,BAGGAGE,LOWER VERTEX,LANG_02,Round-Trip,google,Direct,Direct,Logged-Out,AREA_C,AREA_D,AREA_C_TO_AREA_D,CI,DA,31_60,very_high,9_14,Y,T,1,0.90014386,42.189495801713754
6.0,405.86907239999994,22.75347222222222,2,1,0,1,0,1,0,0,0,4,1,549.8333333333334,21.0,58.4783688,2,0,BAGGAGE,LOWER VERTEX,LANG_09,Round-Trip,apple,Direct,Direct,Logged-Out,AREA_B,AREA_B,AREA_B_TO_AREA_B,BU,BE,4_7,very_high,15_30,Y,E,0,0.72092444,42.15848510651135
173.0,252.50212350000004,14.697916666666666,2,2,0,0,0,0,0,0,0,2,1,358.0,23.0,60.9162524,2,1,BAGGAGE,LOWER VERTEX,LANG_02,Round-Trip,google,MetaSearches,MetaSearches,Logged-Out,AREA_B,AREA_C,AREA_B_TO_AREA_C,BO,CA,120_plus,very_high,15_30,Y,U,0,0.69106686,42.09720333925051
1.0,125.7159009,,1,1,0,0,0,0,0,0,0,1,0,14.916666666666666,12.0,72.6859364,2,1,BAGGAGE,LOWER VERTEX,LANG_02,One-Way,google,MetaSearches,MetaSearches,Logged-Out,AREA_B,AREA_C,AREA_B_TO_AREA_C,BU,CA,0_3,very_high,unknown_or_oneway,Y,T,0,0.5785309,42.05106075749536
0.0,426.8296461,,5,3,0,0,2,1,0,0,0,2,1,31.583333333333332,13.0,49.314462,1,0,BAGGAGE,NORTH MERIDIAN,LANG_02,One-Way,apple,Organic Search,Paid Search,Logged-Out,AREA_B,AREA_B,AREA_B_TO_AREA_B,BI,BO,invalid_or_past,very_high,unknown_or_oneway,Y,V,1,0.8520658,42.019166595512864
31.0,288.74444120000004,10.229166666666666,2,2,0,0,0,0,0,0,0,2,1,266.0833333333333,20.0,67.07178,3,1,BAGGAGE,UPPER APEX,LANG_09,Round-Trip,opera,Paid Search,Organic Search,Logged-Out,AREA_C,AREA_D,AREA_C_TO_AREA_D,CA,DA,31_60,very_high,9_14,Y,U,0,0.6260387,41.989527981941706
47.0,252.5590874,9.98263888888889,2,2,0,0,0,0,0,0,0,2,1,260.1666666666667,11.0,67.07178,3,1,BAGGAGE,UPPER APEX,LANG_09,Round-Trip,mozilla,Display,Display,Logged-Out,AREA_C,AREA_D,AREA_C_TO_AREA_D,CA,DA,31_60,very_high,9_14,Y,W,0,0.6260387,41.989527981941706
177.0,195.9155558,18.041666666666668,2,1,1,0,0,0,1,0,0,3,1,433.9166666666667,21.0,59.61936,1,0,BAGGAGE,UPPER APEX,LANG_09,Round-Trip,apple,Direct,Direct,Logged-Out,AREA_B,AREA_B,AREA_B_TO_AREA_B,BE,BU,120_plus,very_high,15_30,Y,U,0,0.70419896,41.98389109857559
49.0,580.8364752,9.680555555555555,2,2,0,0,0,0,0,1,0,4,1,233.25,11.0,67.9660704,3,0,BAGGAGE,UPPER APEX,LANG_09,Round-Trip,microsoft,MetaSearches,Email,Logged-In,AREA_B,AREA_B,AREA_B_TO_AREA_B,BE,BU,31_60,very_high,9_14,Y,M,0,0.61762977,41.97786818864365
55.0,15.3622644,,2,2,0,0,0,0,0,0,0,1,0,2.3333333333333335,10.0,87.3732,2,0,BAGGAGE,UPPER APEX,LANG_09,One-Way,google,Paid Search,Paid Search,Logged-Out,AREA_B,AREA_B,AREA_B_TO_AREA_B,BA,BE,31_60,very_low,unknown_or_oneway,Y,O,0,0.48036984,41.97144976283312
21.0,74.8415703,0.24305555555555555,2,2,0,0,0,0,0,0,0,5,1,6.833333333333333,9.0,102.02106,3,0,BAGGAGE,CENTRAL APEX,LANG_02,Round-Trip,google,Direct,Direct,Logged-Out,AREA_C,AREA_B,AREA_C_TO_AREA_B,CU,BE,15_30,high,1_2,Y,V,0,0.41134122,41.96546730042279
130.0,346.190607,9.57638888888889,4,2,0,2,0,1,0,1,0,2,1,233.33333333333334,17.0,46.9468196,1,1,BAGGAGE,LOWER VERTEX,LANG_02,Round-Trip,apple,Direct,Direct,Logged-In,AREA_B,AREA_C,AREA_B_TO_AREA_C,BU,CA,120_plus,very_high,9_14,Y,W,1,0.89305854,41.926258096236324
133.0,301.76818760000003,9.211805555555555,5,3,2,0,0,0,1,0,0,2,1,237.25,21.0,48.56922,1,1,BAGGAGE,UPPER APEX,LANG_09,Round-Trip,microsoft,Paid Search,Paid Search,Logged-Out,AREA_C,AREA_B,AREA_C_TO_AREA_B,CA,BO,120_plus,very_high,9_14,Y,U,1,0.8613267,41.83396571648598
143.0,147.8388808,60.78125,1,1,0,0,0,0,0,1,0,2,1,1462.0,6.0,116.0932848,2,0,BAGGAGE,LOWER VERTEX,LANG_02,Round-Trip,samsung,Direct,Referrals,Logged-In,AREA_B,AREA_B,AREA_B_TO_AREA_B,BU,BE,120_plus,very_high,30_plus,Y,O,0,0.36013415,41.80915697133022
215.0,462.6098281,42.576388888888886,4,2,0,2,0,1,0,0,0,2,1,1025.3333333333333,11.0,46.7241036,1,1,BAGGAGE,LOWER VERTEX,LANG_09,Round-Trip,apple,Paid Search,Paid Search,Logged-Out,AREA_B,AREA_C,AREA_B_TO_AREA_C,BU,CA,120_plus,very_high,30_plus,Y,U,1,0.8945239,41.795828246685005
57.0,217.0701494,7.583333333333333,2,1,1,0,0,0,1,1,0,3,1,183.66666666666666,20.0,59.61936,1,1,BAGGAGE,UPPER APEX,LANG_09,Round-Trip,google,Internal,Paid Search,Logged-In,AREA_C,AREA_B,AREA_C_TO_AREA_B,CA,BU,31_60,very_high,6_8,Y,O,0,0.69893885,41.67028671272278
296.0,262.6823862,7.239583333333333,9,9,0,0,0,0,0,0,0,2,1,178.58333333333334,13.0,51.807168,4,1,BAGGAGE,UPPER APEX,LANG_09,Round-Trip,google,Email,Paid Search,Logged-Out,AREA_C,AREA_B,AREA_C_TO_AREA_B,CA,BI,120_plus,very_high,6_8,Y,O,1,0.80413216,41.65981008992386
30.0,297.6402322,,2,2,0,0,0,0,0,0,0,4,1,391.4166666666667,12.0,55.89315,2,0,BAGGAGE,UPPER APEX,LANG_09,Multi-City,mozilla,Paid Search,Paid Search,Logged-Out,AREA_B,AREA_B,AREA_B_TO_AREA_B,BE,BU,15_30,very_high,unknown_or_oneway,Y,S,0,0.74532735,41.6586935670197
15.0,303.4107181,27.413194444444443,3,3,0,0,0,0,0,0,0,2,1,672.6666666666666,19.0,48.3345116,1,1,BAGGAGE,UPPER APEX,LANG_09,Round-Trip,google,Direct,Direct,Logged-Out,AREA_C,AREA_B,AREA_C_TO_AREA_B,CA,BU,15_30,very_high,15_30,Y,W,0,0.86165434,41.64764175092981
32.0,370.1728372,11.319444444444445,4,2,0,2,0,1,0,0,0,2,1,287.8333333333333,20.0,47.4076704,2,1,BAGGAGE,UPPER APEX,LANG_09,Round-Trip,google,Paid Search,Paid Search,Logged-Out,AREA_C,AREA_B,AREA_C_TO_AREA_B,CA,BO,31_60,very_high,9_14,Y,W,0,0.87752753,41.601536144388774
71.0,132.68048720000002,9.760416666666666,4,2,0,2,0,1,0,0,0,2,1,238.0,11.0,46.3454864,1,1,BAGGAGE,LOWER VERTEX,LANG_02,Round-Trip,google,MetaSearches,MetaSearches,Logged-Out,AREA_B,AREA_C,AREA_B_TO_AREA_C,BU,CA,61_120,very_high,9_14,Y,O,1,0.89709884,41.576482055445574
132.0,305.2489817,11.243055555555555,4,2,2,0,0,0,1,1,1,4,1,271.1666666666667,18.0,48.2385724,1,0,BAGGAGE,UPPER HORIZON,LANG_02,Round-Trip,google,Paid Search,Paid Search,Logged-In,AREA_C,AREA_B,AREA_C_TO_AREA_B,CI,BO,120_plus,very_high,9_14,Y,W,1,0.8612605,41.545975717195105
74.0,109.7968465,4.760416666666667,3,3,0,0,0,0,0,0,0,2,1,118.75,17.0,53.7319482,2,0,BAGGAGE,NEW HORIZON,LANG_02,Round-Trip,google,Paid Search,Paid Search,Logged-Out,AREA_C,AREA_B,AREA_C_TO_AREA_B,CE,BE,61_120,very_high,3_5,Y,W,0,0.77228427,41.49633835546946
89.0,459.5748943,16.78125,5,2,0,2,1,1,0,0,0,2,1,406.0,11.0,47.704054,2,1,BAGGAGE,NORTH MERIDIAN,LANG_02,Round-Trip,microsoft,Paid Search,Paid Search,Logged-Out,AREA_B,AREA_C,AREA_B_TO_AREA_C,BI,CA,61_120,very_high,15_30,Y,O,0,0.86909133,41.459179830693124
178.0,557.0799591,8.965277777777779,6,3,1,1,1,1,1,0,0,2,1,218.66666666666666,16.0,47.6629372,2,1,BAGGAGE,LOWER VERTEX,LANG_02,Round-Trip,google,Paid Search,Paid Search,Logged-Out,AREA_B,AREA_C,AREA_B_TO_AREA_C,BU,CA,120_plus,very_high,9_14,Y,O,1,0.86909133,41.423445576215244
,135.4194657,,9,9,0,0,0,0,0,0,0,1,0,3.25,15.0,45.7013232,3,1,BAGGAGE,UPPER APEX,LANG_09,One-Way,mozilla,Direct,Organic Search,Logged-Out,AREA_C,AREA_C,AREA_C_TO_AREA_C,CA,CI,,very_high,unknown_or_oneway,Y,W,1,0.905723,41.39273844354343
121.0,236.1680464,11.333333333333334,4,3,0,0,1,1,0,0,0,4,1,273.4166666666667,21.0,48.3173796,1,0,BAGGAGE,CENTRAL AURORA,LANG_01,Round-Trip,apple,Direct,Direct,Logged-Out,AREA_B,AREA_B,AREA_B_TO_AREA_B,BO,BO,120_plus,very_high,9_14,Y,L,0,0.85633194,41.37571562435232
129.0,172.5903378,8.229166666666666,2,2,0,0,0,0,0,0,0,2,1,212.16666666666666,17.0,56.5591565,2,1,BAGGAGE,UPPER APEX,LANG_09,Round-Trip,google,MetaSearches,Organic Search,Logged-Out,AREA_C,AREA_B,AREA_C_TO_AREA_B,CA,BU,120_plus,very_high,9_14,Y,U,0,0.731288,41.361033334606915
69.0,422.1059254,7.666666666666667,3,2,0,1,0,1,0,0,0,2,1,187.5,19.0,48.8827356,2,1,BAGGAGE,LOWER VERTEX,LANG_02,Round-Trip,google,Paid Search,Paid Search,Logged-Out,AREA_B,AREA_C,AREA_B_TO_AREA_C,BU,CA,61_120,very_high,6_8,Y,Q,0,0.84553707,41.332164859746975
88.0,431.3520658,62.645833333333336,4,2,0,1,1,1,0,1,0,2,1,1506.6666666666667,22.0,47.5361604,2,1,BAGGAGE,NORTH MERIDIAN,LANG_02,Round-Trip,google,Organic Search,Organic Search,Logged-In,AREA_B,AREA_C,AREA_B_TO_AREA_C,BI,CA,61_120,very_high,30_plus,Y,O,0,0.86909133,41.313264958241774
261.0,1158.410161,12.0,5,5,0,0,0,0,0,0,0,2,1,295.25,19.0,47.19866,1,1,BAGGAGE,UPPER APEX,LANG_02,Round-Trip,mozilla,MetaSearches,MetaSearches,Logged-Out,AREA_C,AREA_B,AREA_C_TO_AREA_B,CA,BU,120_plus,very_high,9_14,Y,T,0,0.87465847,41.282707523849005
9.0,199.26571839999997,21.78125,1,1,0,0,0,0,0,0,0,2,1,526.0,14.0,93.6229536,2,0,BAGGAGE,LOWER VERTEX,LANG_02,Round-Trip,google,MetaSearches,MetaSearches,Logged-Out,AREA_B,AREA_B,AREA_B_TO_AREA_B,BU,BE,8_14,very_high,15_30,Y,Q,0,0.44044176,41.23545822036066
48.0,140.1080658,,8,8,0,0,0,0,0,0,0,1,0,3.6666666666666665,17.0,51.0066753,3,1,BAGGAGE,LOWER VERTEX,LANG_02,One-Way,apple,MetaSearches,Organic Search,Logged-Out,AREA_C,AREA_B,AREA_C_TO_AREA_B,CA,BA,31_60,very_high,unknown_or_oneway,Y,U,1,0.8080855,41.21775477404013
84.0,222.9125897,23.680555555555557,2,2,0,0,0,0,0,0,0,4,1,574.9166666666666,22.0,57.9939615,1,0,BAGGAGE,WEST AURORA,LANG_02,Round-Trip,google,Direct,Direct,Logged-Out,AREA_C,AREA_D,AREA_C_TO_AREA_D,CU,DA,61_120,very_high,15_30,Y,T,0,0.7096803,41.15717308767378
112.0,535.1668462,38.875,5,3,0,1,1,1,0,0,0,3,1,936.5,15.0,47.1695356,2,0,BAGGAGE,LOWER VERTEX,LANG_02,Round-Trip,apple,Email,Paid Search,Logged-Out,AREA_B,AREA_C,AREA_B_TO_AREA_C,BU,CU,61_120,very_high,30_plus,Y,O,0,0.87187153,41.12577522058733
45.0,876.6782757000001,16.78125,5,2,0,2,1,1,0,0,0,4,1,406.0833333333333,10.0,47.0324796,2,0,BAGGAGE,LOWER VERTEX,LANG_02,Round-Trip,google,Direct,Organic Search,Logged-Out,AREA_B,AREA_B,AREA_B_TO_AREA_B,BU,BI,31_60,very_high,15_30,Y,T,1,0.87391746,41.10250513030286
21.0,172.1530435,,1,1,0,0,0,0,0,0,0,1,0,7.166666666666667,13.0,78.63588,1,1,BAGGAGE,SOUTH ZENITH,LANG_07,One-Way,google,Paid Search,Paid Search,Logged-Out,AREA_B,AREA_C,AREA_B_TO_AREA_C,BU,CA,15_30,very_high,unknown_or_oneway,Y,K,0,0.52242476,41.08133053827524
19.0,171.9615934,,1,1,0,0,0,0,0,0,0,1,0,6.75,12.0,78.63588,1,1,BAGGAGE,NEW MERIDIAN,LANG_10,One-Way,google,Paid Search,Paid Search,Logged-Out,AREA_B,AREA_C,AREA_B_TO_AREA_C,BU,CA,15_30,very_high,unknown_or_oneway,Y,K,0,0.52242476,41.08133053827524
40.0,1071.6515715,15.572916666666666,6,3,0,2,1,1,0,0,0,4,1,379.4166666666667,,47.1181396,2,0,BAGGAGE,LOWER VERTEX,LANG_02,Round-Trip,google,Direct,Paid MetaSearches,Logged-Out,AREA_B,AREA_C,AREA_B_TO_AREA_C,BO,CE,31_60,very_high,15_30,Y,W,1,0.8715942,41.06789674712362
181.0,317.01224119999995,8.42361111111111,4,2,1,1,0,1,1,0,0,2,1,216.83333333333334,18.0,44.71452,1,1,BAGGAGE,UPPER APEX,LANG_09,Round-Trip,opera,Paid Search,Paid Search,Logged-Out,AREA_C,AREA_B,AREA_C_TO_AREA_B,CA,BU,120_plus,very_high,9_14,Y,O,1,0.9184007,41.065846685507296
27.0,254.101824,28.0625,4,2,0,2,0,1,0,0,0,4,1,674.5,14.0,44.71452,1,0,BAGGAGE,UPPER APEX,LANG_09,Round-Trip,google,Direct,Direct,Logged-Out,AREA_B,AREA_B,AREA_B_TO_AREA_B,BE,BU,15_30,very_high,15_30,Y,O,1,0.9176007,41.03007446397543
218.0,367.6253088,39.229166666666664,4,3,0,1,0,1,0,0,0,2,1,956.1666666666666,17.0,44.71452,1,1,BAGGAGE,UPPER APEX,LANG_09,Round-Trip,mozilla,Organic Search,Organic Search,Logged-Out,AREA_C,AREA_B,AREA_C_TO_AREA_B,CA,BU,120_plus,very_high,30_plus,Y,O,1,0.9172676,41.015181365039346
39.0,80.2711294,,2,2,0,0,0,0,0,1,1,2,1,8.916666666666666,19.0,59.7966762,1,0,BAGGAGE,UPPER MERIDIAN,LANG_02,One-Way,google,Direct,Direct,Logged-In,AREA_B,AREA_B,AREA_B_TO_AREA_B,BI,BU,31_60,high,unknown_or_oneway,Y,L,0,0.6857619,41.006283992291166
146.0,373.3161309,,4,2,1,1,0,1,1,1,1,4,1,385.8333333333333,19.0,46.1056384,2,0,BAGGAGE,LOWER ZENITH,LANG_02,Multi-City,microsoft,Paid Search,Paid Search,Logged-In,AREA_C,AREA_B,AREA_C_TO_AREA_B,CE,BU,120_plus,very_high,unknown_or_oneway,Y,V,0,0.8890549,40.990443481138605
108.0,247.1830658,7.239583333333333,3,3,0,0,0,0,0,0,0,2,1,188.25,13.0,48.5418088,1,1,BAGGAGE,LOWER ZENITH,LANG_02,Round-Trip,apple,Direct,MetaSearches,Logged-Out,AREA_C,AREA_B,AREA_C_TO_AREA_B,CA,BU,61_120,very_high,6_8,Y,O,1,0.8443529,40.98641707918887
1.0,32.6775768,,1,1,0,0,0,0,0,0,0,2,1,5.166666666666667,14.0,80.2240164,3,0,BAGGAGE,CENTRAL MERIDIAN,LANG_02,One-Way,microsoft,Direct,Email,Logged-Out,AREA_B,AREA_C,AREA_B_TO_AREA_C,BE,CU,0_3,low,unknown_or_oneway,Y,S,0,0.5108544,40.98279361246383
36.0,321.0519668,8.239583333333334,4,2,0,2,0,1,0,1,0,2,1,212.25,14.0,44.71452,1,1,BAGGAGE,UPPER APEX,LANG_09,Round-Trip,microsoft,Direct,Paid Search,Logged-In,AREA_C,AREA_B,AREA_C_TO_AREA_B,CA,BU,31_60,very_high,9_14,Y,O,1,0.9162471,40.969550594301225
29.0,645.2973384,7.239583333333333,4,2,0,2,0,1,0,0,0,2,1,188.25,21.0,44.71452,1,1,BAGGAGE,UPPER APEX,LANG_09,Round-Trip,google,Paid Search,Organic Search,Logged-Out,AREA_C,AREA_B,AREA_C_TO_AREA_B,CA,BU,15_30,very_high,6_8,Y,Q,1,0.91583216,40.950995520071984
61.0,372.0535025,9.635416666666666,4,2,2,0,0,0,1,1,0,2,1,234.75,7.0,48.8827356,2,1,BAGGAGE,LOWER VERTEX,LANG_02,Round-Trip,microsoft,Direct,Direct,Logged-In,AREA_B,AREA_C,AREA_B_TO_AREA_C,BU,CA,61_120,very_high,9_14,Y,S,0,0.8376102,40.94467721637518
215.0,657.029332,15.0,4,2,0,2,0,1,0,1,0,2,1,367.25,9.0,44.71452,1,1,BAGGAGE,UPPER APEX,LANG_09,Round-Trip,google,Paid Search,Paid Search,Logged-In,AREA_C,AREA_B,AREA_C_TO_AREA_B,CA,BU,120_plus,very_high,15_30,Y,W,1,0.9152353,40.92430627655983
50.0,379.7886005,14.371527777777779,5,4,0,1,0,1,0,0,0,4,1,346.1666666666667,14.0,46.6555756,2,0,BAGGAGE,CENTRAL MERIDIAN,LANG_02,Round-Trip,google,Paid Search,Paid Search,Logged-Out,AREA_B,AREA_B,AREA_B_TO_AREA_B,BI,BO,31_60,very_high,15_30,Y,L,0,0.8770016,40.91701368385923
3.0,208.2189016,,2,2,0,0,0,0,0,0,0,2,1,30.916666666666668,14.0,56.8405496,3,0,BAGGAGE,NORTH MERIDIAN,LANG_02,One-Way,google,Paid Search,Paid Search,Logged-Out,AREA_B,AREA_C,AREA_B_TO_AREA_C,BI,CU,0_3,very_high,unknown_or_oneway,Y,Q,1,0.71976304,40.91172680620861
233.0,258.1711023,18.42361111111111,3,3,0,0,0,0,0,0,0,2,1,456.8333333333333,9.0,48.3533568,2,1,BAGGAGE,UPPER APEX,LANG_09,Round-Trip,google,Paid Search,Paid Search,Logged-Out,AREA_C,AREA_B,AREA_C_TO_AREA_B,CA,BU,120_plus,very_high,15_30,Y,U,1,0.8452593,40.8711249476532
158.0,847.682794,13.53125,5,2,2,1,0,1,1,1,1,2,1,332.0,10.0,44.71452,1,1,BAGGAGE,UPPER APEX,LANG_09,Round-Trip,google,Paid Search,Paid Search,Logged-In,AREA_C,AREA_B,AREA_C_TO_AREA_B,CA,BU,120_plus,very_high,9_14,Y,V,1,0.9130574,40.826922786576745
216.0,202.6724166,19.77777777777778,2,2,0,0,0,0,0,0,0,2,1,477.9166666666667,18.0,58.531478,2,0,BAGGAGE,LOWER VERTEX,LANG_02,Round-Trip,google,Paid Search,Paid Search,Logged-Out,AREA_B,AREA_B,AREA_B_TO_AREA_B,BU,BE,120_plus,very_high,15_30,Y,O,0,0.69740206,40.8199733339113
174.0,271.3053501,20.78125,2,2,0,0,0,0,0,0,0,2,1,502.0,15.0,58.4783688,2,0,BAGGAGE,LOWER VERTEX,LANG_02,Round-Trip,microsoft,Paid Search,Paid Search,Logged-Out,AREA_B,AREA_B,AREA_B_TO_AREA_B,BU,BE,120_plus,very_high,15_30,Y,L,0,0.69740206,40.782934868424654
0.0,76.6091644,,1,1,0,0,0,0,0,0,0,4,1,1.8333333333333333,14.0,93.746304,2,0,BAGGAGE,UPPER APEX,LANG_02,Round-Trip,google,MetaSearches,MetaSearches,Logged-Out,AREA_B,AREA_B,AREA_B_TO_AREA_B,BE,BI,invalid_or_past,high,unknown_or_oneway,Y,V,0,0.4349641,40.776275865131375
131.0,118.2232207,14.729166666666666,2,2,0,0,0,0,0,0,0,2,1,357.5,13.0,58.4783688,2,0,BAGGAGE,LOWER VERTEX,LANG_02,Round-Trip,google,MetaSearches,Email,Logged-Out,AREA_B,AREA_B,AREA_B_TO_AREA_B,BU,BE,120_plus,very_high,15_30,Y,L,0,0.69596004,40.69860817343674
6.0,293.4947165,,3,2,0,0,1,1,0,0,0,2,1,28.583333333333332,20.0,49.314462,2,0,BAGGAGE,NORTH MERIDIAN,LANG_02,One-Way,apple,Direct,Paid Search,Logged-Out,AREA_B,AREA_B,AREA_B_TO_AREA_B,BI,BO,4_7,very_high,unknown_or_oneway,Y,S,0,0.8250589,40.68733466066372
10.0,487.735191,,2,2,0,0,0,0,0,1,0,2,1,117.16666666666667,10.0,55.89315,2,0,BAGGAGE,UPPER APEX,LANG_09,Multi-City,mozilla,Paid MetaSearches,Paid Search,Logged-In,AREA_B,AREA_B,AREA_B_TO_AREA_B,BE,BU,8_14,very_high,unknown_or_oneway,Y,E,0,0.7265719,40.61039317250848
98.0,169.49501370000002,23.78125,1,1,0,0,0,0,0,1,0,2,1,574.0,20.0,115.1595908,2,0,BAGGAGE,LOWER VERTEX,LANG_02,Round-Trip,google,MetaSearches,Paid Search,Logged-In,AREA_B,AREA_B,AREA_B_TO_AREA_B,BU,BE,61_120,very_high,15_30,Y,W,0,0.35262063,40.60764762615377
98.0,202.2908013,23.78125,1,1,0,0,0,0,0,1,0,2,1,574.0,20.0,115.1595908,2,0,BAGGAGE,LOWER VERTEX,LANG_02,Round-Trip,google,MetaSearches,Paid Search,Logged-In,AREA_B,AREA_B,AREA_B_TO_AREA_B,BU,BE,61_120,very_high,15_30,Y,W,0,0.35262063,40.60764762615377
97.0,339.4603008,20.36111111111111,4,2,1,1,0,1,1,0,0,2,1,503.8333333333333,9.0,44.71452,1,1,BAGGAGE,UPPER APEX,LANG_09,Round-Trip,google,Paid MetaSearches,Paid Search,Logged-Out,AREA_C,AREA_B,AREA_C_TO_AREA_B,CA,BO,61_120,very_high,15_30,Y,O,0,0.90778184,40.59102921217919
99.0,406.8627284,,4,2,0,2,0,1,0,0,0,2,1,551.0833333333334,22.0,45.3107136,2,1,BAGGAGE,UPPER APEX,LANG_02,Multi-City,apple,Direct,Partners,Logged-Out,AREA_C,AREA_B,AREA_C_TO_AREA_B,CA,BU,61_120,very_high,unknown_or_oneway,Y,W,1,0.8958245,40.590446991866685
86.0,192.5906629,15.302083333333334,2,2,0,0,0,0,0,0,0,2,1,383.5,10.0,59.61936,2,1,BAGGAGE,LOWER VERTEX,LANG_02,Round-Trip,apple,Direct,Direct,Logged-Out,AREA_C,AREA_B,AREA_C_TO_AREA_B,CA,BO,61_120,very_high,15_30,Y,O,0,0.6805454,40.5736805820179
143.0,251.150837,10.319444444444445,4,2,1,1,0,1,1,0,0,2,1,263.8333333333333,20.0,44.71452,1,1,BAGGAGE,UPPER APEX,LANG_02,Round-Trip,google,Paid Search,Paid Search,Logged-Out,AREA_C,AREA_B,AREA_C_TO_AREA_B,CA,BO,120_plus,very_high,9_14,Y,O,0,0.90735996,40.57216497555256
17.0,56.0700379,47.12152777777778,1,1,0,0,0,0,0,0,0,4,1,1132.25,20.0,115.165587,2,0,BAGGAGE,UPPER HORIZON,LANG_05,Round-Trip,apple,Direct,Direct,Logged-Out,AREA_C,AREA_B,AREA_C_TO_AREA_B,CI,BU,15_30,high,30_plus,Y,O,0,0.3521108,40.551047331195655
85.0,371.5262652,15.260416666666666,4,3,0,1,0,1,0,1,0,4,1,367.25,14.0,44.71452,1,0,BAGGAGE,UPPER APEX,LANG_09,Round-Trip,google,Email,Email,Logged-In,AREA_B,AREA_D,AREA_B_TO_AREA_D,BE,DA,61_120,very_high,15_30,Y,O,1,0.90652853,40.534988197267054
56.0,204.1783194,12.427083333333334,4,2,0,2,0,1,0,0,0,2,1,314.4166666666667,18.0,44.71452,1,1,BAGGAGE,UPPER APEX,LANG_09,Round-Trip,google,Paid Search,Paid Search,Logged-Out,AREA_C,AREA_B,AREA_C_TO_AREA_B,CA,BO,31_60,very_high,9_14,Y,O,1,0.90628487,40.52409288795233
145.0,325.2698652,12.215277777777779,4,2,1,1,0,1,1,0,0,5,1,294.0,17.0,45.3107136,2,0,BAGGAGE,UPPER APEX,LANG_09,Round-Trip,google,Paid Search,Paid Search,Logged-Out,AREA_D,AREA_B,AREA_D_TO_AREA_B,DA,BU,120_plus,very_high,9_14,Y,O,1,0.8941996,40.51682241890717
92.0,408.7078448,12.48263888888889,4,2,1,1,0,1,1,1,0,2,1,320.1666666666667,18.0,44.71452,1,1,BAGGAGE,UPPER APEX,LANG_09,Round-Trip,google,Direct,Paid Search,Logged-In,AREA_C,AREA_D,AREA_C_TO_AREA_D,CA,DA,61_120,very_high,9_14,Y,O,1,0.90561026,40.493928232662675
122.0,374.9115484,21.03472222222222,4,3,0,1,0,1,0,0,0,2,1,519.4166666666666,17.0,45.3107136,2,1,BAGGAGE,UPPER APEX,LANG_09,Round-Trip,google,Paid Search,Paid Search,Logged-Out,AREA_C,AREA_B,AREA_C_TO_AREA_B,CA,BU,120_plus,very_high,15_30,Y,U,0,0.89292216,40.45894039522247
108.0,296.5343616,18.100694444444443,4,3,0,1,0,1,0,0,0,2,1,448.8333333333333,23.0,45.3107136,2,1,BAGGAGE,UPPER APEX,LANG_09,Round-Trip,google,Direct,Paid Search,Logged-Out,AREA_C,AREA_B,AREA_C_TO_AREA_B,CA,BU,61_120,very_high,15_30,Y,O,1,0.89274967,40.45112448552933
97.0,350.2414684,17.15972222222222,4,2,0,2,0,1,0,0,0,2,1,426.3333333333333,23.0,45.3107136,2,1,BAGGAGE,UPPER APEX,LANG_09,Round-Trip,google,Direct,Paid Search,Logged-Out,AREA_C,AREA_B,AREA_C_TO_AREA_B,CA,BU,61_120,very_high,15_30,Y,O,1,0.89274967,40.45112448552933
82.0,100.8629368,27.760416666666668,2,2,0,0,0,0,0,0,0,2,1,670.0,20.0,57.9044468,1,1,BAGGAGE,LOWER VERTEX,LANG_02,Round-Trip,apple,Direct,Direct,Logged-Out,AREA_B,AREA_C,AREA_B_TO_AREA_C,BU,CA,61_120,high,15_30,Y,O,0,0.6979132,40.412279466600346
283.0,254.1429408,18.770833333333332,3,1,0,2,0,1,0,1,0,2,1,454.0,22.0,47.3134444,1,1,BAGGAGE,LOWER VERTEX,LANG_02,Round-Trip,mozilla,Paid Search,Paid Search,Logged-In,AREA_B,AREA_C,AREA_B_TO_AREA_C,BU,CA,120_plus,very_high,15_30,Y,L,0,0.8539414,40.40290804974435
6.0,123.7671359,,1,1,0,0,0,0,0,0,0,2,1,17.75,21.0,70.2788904,1,0,BAGGAGE,UPPER APEX,LANG_09,One-Way,mozilla,Paid Search,Paid Search,Logged-Out,AREA_B,AREA_B,AREA_B_TO_AREA_B,BU,BE,4_7,very_high,unknown_or_oneway,Y,K,0,0.5746081,40.38281880715427
1.0,77.97158669999999,,1,1,0,0,0,0,0,0,0,1,0,10.083333333333334,13.0,75.243744,1,1,BAGGAGE,UPPER MERIDIAN,LANG_02,One-Way,apple,Direct,Direct,Logged-Out,AREA_C,AREA_C,AREA_C_TO_AREA_C,CA,CE,0_3,high,unknown_or_oneway,Y,Q,0,0.53662443,40.37763135621643
171.0,564.225288,16.458333333333332,4,2,0,2,0,1,0,1,0,2,1,415.25,8.0,45.3107136,2,1,BAGGAGE,UPPER APEX,LANG_02,Round-Trip,google,Paid Search,Email,Logged-In,AREA_C,AREA_B,AREA_C_TO_AREA_B,CA,BU,120_plus,very_high,15_30,Y,U,0,0.8903632,40.34299269828186
153.0,260.1177258,12.065972222222221,4,3,1,0,0,0,1,0,0,2,1,294.5833333333333,21.0,47.19866,1,1,BAGGAGE,UPPER APEX,LANG_09,Round-Trip,google,Organic Search,Organic Search,Logged-Out,AREA_C,AREA_C,AREA_C_TO_AREA_C,CA,CA,120_plus,very_high,9_14,Y,O,1,0.8544044,40.32674229942679
125.0,448.4288150999999,42.645833333333336,3,2,0,1,0,1,0,0,0,2,1,1026.6666666666667,12.0,47.704054,2,1,BAGGAGE,NORTH MERIDIAN,LANG_02,Round-Trip,mozilla,Direct,Paid Search,Logged-Out,AREA_B,AREA_C,AREA_B_TO_AREA_C,BI,CA,120_plus,very_high,30_plus,Y,O,1,0.84530157,40.3243116703974
197.0,392.5078256,17.42361111111111,4,3,0,1,0,1,0,0,0,2,1,432.8333333333333,23.0,45.3107136,2,1,BAGGAGE,UPPER APEX,LANG_09,Round-Trip,mozilla,Paid Search,MetaSearches,Logged-Out,AREA_C,AREA_B,AREA_C_TO_AREA_B,CA,BU,120_plus,very_high,15_30,Y,U,1,0.8896363,40.310054607536316
32.0,412.1667956,17.427083333333332,4,2,0,2,0,1,0,1,0,2,1,434.4166666666667,16.0,44.71452,1,1,BAGGAGE,UPPER APEX,LANG_02,Round-Trip,google,Direct,Paid Search,Logged-In,AREA_C,AREA_B,AREA_C_TO_AREA_B,CA,BO,31_60,very_high,15_30,Y,W,1,0.90131366,40.30180778942585
19.0,497.4023503,,9,9,0,0,0,0,0,0,0,2,1,78.0,15.0,49.1311496,2,1,BAGGAGE,GREAT MERIDIAN,LANG_02,Multi-City,google,Paid Search,Organic Search,Logged-Out,AREA_B,AREA_C,AREA_B_TO_AREA_C,BI,CA,15_30,very_high,unknown_or_oneway,Y,S,0,0.81967837,40.27174043288121
168.0,480.8164328,13.125,4,2,1,1,0,1,1,0,0,2,1,329.4166666666667,23.0,45.3107136,2,1,BAGGAGE,UPPER APEX,LANG_09,Round-Trip,apple,Paid Search,Email,Logged-Out,AREA_C,AREA_B,AREA_C_TO_AREA_B,CA,BU,120_plus,very_high,9_14,Y,U,1,0.8886851,40.26695637433548
236.0,691.6385418,18.0,3,3,0,0,0,0,0,0,0,2,1,439.25,22.0,52.4650368,3,1,BAGGAGE,UPPER APEX,LANG_09,Round-Trip,google,Paid Search,Paid Search,Logged-Out,AREA_C,AREA_B,AREA_C_TO_AREA_B,CA,BU,120_plus,very_high,15_30,Y,V,0,0.7672337,40.25294584520416
128.0,436.5627636,15.340277777777779,4,2,0,2,0,1,0,0,0,2,1,384.25,21.0,45.3107136,2,1,BAGGAGE,UPPER APEX,LANG_09,Round-Trip,microsoft,Direct,Direct,Logged-Out,AREA_C,AREA_B,AREA_C_TO_AREA_B,CA,BU,120_plus,very_high,15_30,Y,U,1,0.88835037,40.251789080335236
153.0,276.865969,17.461805555555557,2,2,0,0,0,0,0,0,0,4,1,419.9166666666667,23.0,62.497536,3,0,BAGGAGE,UPPER APEX,LANG_09,Round-Trip,apple,MetaSearches,MetaSearches,Logged-Out,AREA_B,AREA_B,AREA_B_TO_AREA_B,BE,BU,120_plus,very_high,15_30,Y,U,1,0.6440068,40.2488374629364
116.0,224.2895742,7.302083333333333,2,2,0,0,0,0,0,0,0,2,1,191.5,16.0,57.8513376,2,1,BAGGAGE,UPPER APEX,LANG_09,Round-Trip,google,MetaSearches,MetaSearches,Logged-Out,AREA_C,AREA_B,AREA_C_TO_AREA_B,CA,BO,61_120,very_high,6_8,Y,U,0,0.6954418,40.23223733907909
196.0,708.3486663,25.74652777777778,4,2,1,1,0,1,1,0,0,4,1,622.75,13.0,45.8760696,2,0,BAGGAGE,NEW HORIZON,LANG_02,Round-Trip,google,Paid Search,Paid Search,Logged-Out,AREA_C,AREA_D,AREA_C_TO_AREA_D,CE,DA,120_plus,very_high,15_30,Y,T,0,0.8760565,40.19002861560073
51.0,191.7995928,30.24652777777778,2,2,0,0,0,0,0,1,0,2,1,740.0833333333334,11.0,55.045116,1,1,BAGGAGE,LOWER VERTEX,LANG_02,Round-Trip,apple,Direct,Direct,Logged-In,AREA_C,AREA_B,AREA_C_TO_AREA_B,CA,BU,31_60,very_high,30_plus,Y,U,0,0.72983193,40.17368346617031
82.0,48.005577200000005,4.875,2,2,0,0,0,0,0,0,0,4,1,119.33333333333333,16.0,67.2623735,1,0,BAGGAGE,OLD ZENITH,LANG_02,Round-Trip,google,Organic Search,Paid Search,Logged-Out,AREA_B,AREA_C,AREA_B_TO_AREA_C,BU,CE,61_120,mid,3_5,Y,O,0,0.59715396,40.165992806077206
74.0,451.3391136,17.572916666666668,4,2,0,2,0,1,0,1,0,2,1,427.4166666666667,21.0,44.71452,1,1,BAGGAGE,UPPER APEX,LANG_02,Round-Trip,google,Paid Search,Paid Search,Logged-In,AREA_B,AREA_C,AREA_B_TO_AREA_C,BO,CA,61_120,very_high,15_30,Y,O,1,0.89823765,40.16426517009973
,418.2071105,9.239583333333334,5,3,1,1,0,1,1,1,0,2,1,236.25,13.0,42.1858368,2,1,BAGGAGE,UPPER APEX,LANG_02,Round-Trip,google,Direct,Paid Search,Logged-In,AREA_C,AREA_B,AREA_C_TO_AREA_B,CA,BU,,very_high,9_14,Y,U,1,0.95165753,40.14646940386505
153.0,388.72508,40.795138888888886,3,2,0,1,0,1,0,0,0,4,1,982.5833333333334,14.0,47.1695356,2,0,BAGGAGE,LOWER VERTEX,LANG_02,Round-Trip,google,Organic Search,Organic Search,Logged-Out,AREA_B,AREA_C,AREA_B_TO_AREA_C,BU,CU,120_plus,very_high,30_plus,Y,S,1,0.85090977,40.13701866647203
125.0,392.5480858,11.319444444444445,4,2,0,2,0,1,0,0,0,2,1,287.8333333333333,20.0,44.71452,1,1,BAGGAGE,UPPER APEX,LANG_09,Round-Trip,apple,Direct,Direct,Logged-Out,AREA_C,AREA_B,AREA_C_TO_AREA_B,CA,BO,120_plus,very_high,9_14,Y,L,1,0.89755994,40.13396192476988
9.0,399.6501564,,4,2,0,2,0,1,0,0,0,2,1,2254.5,21.0,45.3107136,2,1,BAGGAGE,UPPER APEX,LANG_02,Multi-City,apple,Direct,Direct,Logged-Out,AREA_C,AREA_B,AREA_C_TO_AREA_B,CA,BO,8_14,very_high,unknown_or_oneway,Y,L,0,0.88566923,40.13030488896789
47.0,103.926995,4.208333333333333,3,2,1,0,0,0,1,0,0,4,1,105.75,11.0,57.6517498,3,0,BAGGAGE,CENTRAL VERTEX,LANG_02,Round-Trip,google,Paid Search,Paid Search,Logged-Out,AREA_B,AREA_B,AREA_B_TO_AREA_B,BI,BE,31_60,very_high,3_5,Y,U,0,0.69571364,40.10910866302683
216.0,934.0426362,15.336805555555555,7,4,1,2,0,1,1,0,0,4,1,369.5,15.0,48.3173796,3,0,BAGGAGE,CENTRAL AURORA,LANG_01,Round-Trip,google,Paid Search,Paid Search,Logged-Out,AREA_B,AREA_B,AREA_B_TO_AREA_B,BO,BO,120_plus,very_high,15_30,Y,V,0,0.8297897,40.093263832423425
244.0,470.9835214000001,22.336805555555557,5,2,1,2,0,1,1,0,0,4,1,537.5,21.0,48.3173796,3,0,BAGGAGE,CENTRAL AURORA,LANG_01,Round-Trip,mozilla,Paid Search,Paid Search,Logged-Out,AREA_B,AREA_B,AREA_B_TO_AREA_B,BO,BO,120_plus,very_high,15_30,Y,V,0,0.8297897,40.093263832423425
14.0,188.87044910000003,67.09722222222223,2,2,0,0,0,0,0,1,0,2,1,1624.75,,56.638392,2,1,BAGGAGE,NORTH MERIDIAN,LANG_02,Round-Trip,opera,Affiliate,Affiliate,Logged-In,AREA_C,AREA_B,AREA_C_TO_AREA_B,CA,BI,8_14,very_high,30_plus,Y,U,0,0.7075305,40.07338972626114
252.0,398.74515850000006,35.78125,4,1,0,3,0,1,0,0,0,2,1,862.0,11.0,47.0324796,2,0,BAGGAGE,LOWER VERTEX,LANG_02,Round-Trip,apple,Direct,Paid Search,Logged-Out,AREA_B,AREA_B,AREA_B_TO_AREA_B,BU,BE,120_plus,very_high,30_plus,Y,L,1,0.85136515,40.041814003488135
36.0,1765.4992847,5.222222222222222,2,2,0,0,0,0,0,1,1,2,1,145.91666666666666,12.0,98.063568,1,1,BAGGAGE,UPPER APEX,LANG_09,Round-Trip,apple,Internal,Internal,Logged-In,AREA_C,AREA_D,AREA_C_TO_AREA_D,CA,DA,31_60,very_high,6_8,C,D,0,0.40823495,40.03297615981865
10.0,583.8020244,23.48611111111111,3,3,0,0,0,0,0,0,0,4,1,565.8333333333334,12.0,50.8888928,3,0,BAGGAGE,NEW AURORA,LANG_02,Round-Trip,google,MetaSearches,MetaSearches,Logged-Out,AREA_C,AREA_B,AREA_C_TO_AREA_B,CU,BU,8_14,very_high,15_30,Y,K,0,0.7857457,39.98572769448757
39.0,213.8638956,14.052083333333334,3,3,0,0,0,0,0,1,1,4,1,338.25,6.0,47.4076704,2,0,BAGGAGE,UPPER APEX,LANG_09,Round-Trip,google,Direct,Paid Search,Logged-In,AREA_B,AREA_B,AREA_B_TO_AREA_B,BE,BU,31_60,very_high,15_30,Y,O,0,0.8429064,39.96022952229138
112.0,518.0733932,14.979166666666666,4,3,1,0,0,0,1,0,0,3,1,362.6666666666667,21.0,47.1695356,2,0,BAGGAGE,LOWER VERTEX,LANG_02,Round-Trip,apple,Direct,Paid Search,Logged-Out,AREA_B,AREA_B,AREA_B_TO_AREA_B,BU,BE,61_120,very_high,15_30,Y,L,0,0.84716076,39.960179466799765
156.0,179.60846159999997,10.26388888888889,4,3,1,0,0,0,1,0,0,4,1,248.41666666666666,6.0,46.2923772,1,0,BAGGAGE,LOWER ZENITH,LANG_02,Round-Trip,google,Organic Search,Organic Search,Logged-Out,AREA_C,AREA_B,AREA_C_TO_AREA_B,CE,BO,120_plus,very_high,9_14,Y,L,0,0.863198,39.95948659543125
0.0,259.8307648,77.24652777777777,2,2,0,0,0,0,0,1,0,2,1,1868.0833333333333,14.0,51.9707786,1,1,BAGGAGE,LOWER VERTEX,LANG_02,Round-Trip,apple,Direct,Direct,Logged-In,AREA_C,AREA_B,AREA_C_TO_AREA_B,CA,BU,invalid_or_past,very_high,30_plus,Y,S,1,0.76861346,39.94543983805468
30.0,61.240475499999995,,3,3,0,0,0,0,0,0,0,2,1,3.4166666666666665,10.0,51.7352136,1,0,BAGGAGE,UPPER APEX,LANG_02,One-Way,google,Paid Search,Paid Search,Logged-Out,AREA_C,AREA_B,AREA_C_TO_AREA_B,CI,BE,15_30,high,unknown_or_oneway,Y,W,0,0.7718876,39.93376988301873
5.0,368.16496679999995,48.31597222222222,2,2,0,0,0,0,0,0,0,5,1,1173.75,19.0,55.50768,2,0,BAGGAGE,LOWER VERTEX,LANG_02,Round-Trip,apple,Direct,Direct,Logged-Out,AREA_C,AREA_B,AREA_C_TO_AREA_B,CU,BU,4_7,very_high,30_plus,Y,Y,0,0.71927744,39.925422054090504
271.0,607.4968653,17.74652777777778,5,3,1,1,0,1,1,0,0,4,1,430.75,12.0,45.8760696,2,0,BAGGAGE,NEW HORIZON,LANG_02,Round-Trip,google,MetaSearches,MetaSearches,Logged-Out,AREA_C,AREA_D,AREA_C_TO_AREA_D,CE,DA,120_plus,very_high,15_30,Y,W,0,0.8700834,39.916006233892396
27.0,359.309436,33.12847222222222,4,4,0,0,0,0,0,0,0,2,1,809.5,9.0,45.3107136,2,1,BAGGAGE,UPPER APEX,LANG_09,Round-Trip,google,Paid Search,Paid Search,Logged-Out,AREA_C,AREA_B,AREA_C_TO_AREA_B,CA,BU,15_30,very_high,30_plus,Y,L,1,0.8808271,39.91090576811714
98.0,456.26799,,5,3,0,2,0,1,0,1,0,2,1,283.8333333333333,9.0,45.3107136,2,1,BAGGAGE,LOWER VERTEX,LANG_09,Multi-City,apple,Affiliate,Affiliate,Logged-In,AREA_C,AREA_B,AREA_C_TO_AREA_B,CA,BO,61_120,very_high,unknown_or_oneway,Y,O,0,0.88073224,39.906606207567215
27.0,180.438507,9.753472222222221,3,3,0,0,0,0,0,0,0,2,1,237.83333333333334,20.0,48.8827356,2,1,BAGGAGE,LOWER VERTEX,LANG_02,Round-Trip,apple,Direct,Direct,Logged-Out,AREA_B,AREA_C,AREA_B_TO_AREA_C,BU,CA,15_30,very_high,9_14,Y,O,0,0.81549394,39.86357471631531
102.0,162.99556120000003,8.052083333333334,2,2,0,0,0,0,0,1,0,5,1,194.25,23.0,56.330016,1,0,BAGGAGE,UPPER APEX,LANG_02,Round-Trip,google,Direct,Direct,Logged-In,AREA_B,AREA_C,AREA_B_TO_AREA_C,BE,CE,61_120,very_high,9_14,Y,U,0,0.7075735,39.857625080812454
94.0,130.9857041,14.739583333333334,2,2,0,0,0,0,0,0,0,2,1,358.0833333333333,21.0,58.4783688,2,1,BAGGAGE,LOWER VERTEX,LANG_02,Round-Trip,microsoft,Organic Search,Organic Search,Logged-Out,AREA_B,AREA_C,AREA_B_TO_AREA_C,BU,CA,61_120,very_high,15_30,Y,O,0,0.68113565,39.83170200372505
123.0,224.32469479999995,17.78472222222222,2,2,0,0,0,0,0,0,0,2,1,430.0,23.0,58.4783688,2,1,BAGGAGE,LOWER VERTEX,LANG_02,Round-Trip,google,Email,Email,Logged-Out,AREA_B,AREA_C,AREA_B_TO_AREA_C,BU,CA,120_plus,very_high,15_30,Y,O,0,0.68113565,39.83170200372505
232.0,162.098701,16.71527777777778,2,2,0,0,0,0,0,0,0,2,1,404.3333333333333,,58.4783688,2,1,BAGGAGE,LOWER VERTEX,LANG_02,Round-Trip,microsoft,Paid Search,Paid Search,Logged-Out,AREA_B,AREA_C,AREA_B_TO_AREA_C,BU,CA,120_plus,very_high,15_30,Y,O,0,0.68113565,39.83170200372505
57.0,397.4392718,9.76388888888889,4,2,0,2,0,1,0,0,0,6,1,238.0,22.0,45.3706756,2,0,BAGGAGE,NORTH MERIDIAN,LANG_02,Round-Trip,microsoft,Organic Search,Organic Search,Logged-Out,AREA_B,AREA_B,AREA_B_TO_AREA_B,BI,BE,31_60,very_high,9_14,Y,L,0,0.8770016,39.79015434912217
140.0,244.4916286,23.77777777777778,1,1,0,0,0,0,0,0,0,4,1,574.0,12.0,121.9944022,4,0,BAGGAGE,SOUTH VERTEX,LANG_02,Round-Trip,google,Direct,MetaSearches,Logged-Out,AREA_D,AREA_C,AREA_D_TO_AREA_C,DA,CU,120_plus,very_high,15_30,Y,T,0,0.326045,39.775665659921195
51.0,245.651465,,2,2,0,0,0,0,0,1,0,3,1,392.1666666666667,23.0,56.638392,2,1,BAGGAGE,UPPER APEX,LANG_09,Multi-City,google,Email,Email,Logged-In,AREA_C,AREA_D,AREA_C_TO_AREA_D,CA,DA,31_60,very_high,unknown_or_oneway,Y,O,0,0.70175296,39.74615927426291
95.0,365.53905950000006,13.784722222222221,3,2,0,1,0,1,0,1,0,2,1,334.0,18.0,46.98451,2,1,BAGGAGE,LOWER VERTEX,LANG_02,Round-Trip,microsoft,Paid Search,Paid Search,Logged-In,AREA_B,AREA_C,AREA_B_TO_AREA_C,BU,CA,61_120,very_high,9_14,Y,W,0,0.84553707,39.72714475444436
130.0,623.6913166,10.302083333333334,6,5,0,1,0,1,0,1,0,2,1,263.5,16.0,45.3107136,2,1,BAGGAGE,UPPER APEX,LANG_09,Round-Trip,microsoft,Paid Search,Organic Search,Logged-In,AREA_C,AREA_B,AREA_C_TO_AREA_B,CA,BO,120_plus,very_high,9_14,Y,O,1,0.8765861,39.718740798387905
81.0,344.33949440000004,18.302083333333332,4,2,0,2,0,1,0,0,0,2,1,455.5,17.0,45.3107136,2,1,BAGGAGE,UPPER APEX,LANG_09,Round-Trip,google,Direct,Direct,Logged-Out,AREA_C,AREA_B,AREA_C_TO_AREA_B,CA,BO,61_120,very_high,15_30,Y,U,1,0.8759571,39.69024000537071
42.0,663.3373344,12.98263888888889,4,2,1,1,0,1,1,1,1,2,1,332.1666666666667,21.0,45.3107136,2,1,BAGGAGE,UPPER APEX,LANG_09,Round-Trip,google,Paid Search,Paid Search,Logged-In,AREA_C,AREA_D,AREA_C_TO_AREA_D,CA,DA,31_60,very_high,9_14,Y,L,0,0.8755981,39.67397351467209
205.0,842.1307410999999,17.993055555555557,7,6,0,1,0,1,0,0,0,2,1,452.4166666666667,21.0,45.3107136,2,1,BAGGAGE,UPPER APEX,LANG_09,Round-Trip,apple,Paid Search,Paid Search,Logged-Out,AREA_C,AREA_D,AREA_C_TO_AREA_D,CA,DA,120_plus,very_high,15_30,Y,W,1,0.8747267,39.634491557587054
200.0,361.5999844,,4,4,0,0,0,0,0,0,0,4,1,524.5833333333334,20.0,45.3107136,2,0,BAGGAGE,UPPER APEX,LANG_09,Multi-City,google,Paid Search,MetaSearches,Logged-Out,AREA_B,AREA_B,AREA_B_TO_AREA_B,BE,BU,120_plus,very_high,unknown_or_oneway,Y,U,1,0.87457913,39.62780455261116
320.0,538.8189603,20.177083333333332,5,2,1,1,1,1,1,0,0,4,1,489.0833333333333,12.0,48.3619228,3,0,BAGGAGE,LOWER VERTEX,LANG_02,Round-Trip,google,Paid MetaSearches,Paid MetaSearches,Logged-Out,AREA_C,AREA_B,AREA_C_TO_AREA_B,CE,BU,120_plus,very_high,15_30,Y,S,0,0.8193482,39.625255171257834
84.0,228.8389768,14.98611111111111,2,2,0,0,0,0,0,0,0,3,1,360.5833333333333,22.0,52.4650368,1,0,BAGGAGE,UPPER APEX,LANG_09,Round-Trip,google,Paid Search,Paid Search,Logged-Out,AREA_C,AREA_B,AREA_C_TO_AREA_B,CU,BU,61_120,very_high,15_30,Y,U,0,0.75492334,39.60708100621948
184.0,455.7643092,,4,3,1,0,0,0,1,1,0,2,1,547.0833333333334,23.0,45.3107136,2,1,BAGGAGE,UPPER APEX,LANG_09,Multi-City,microsoft,Direct,Paid Search,Logged-In,AREA_C,AREA_B,AREA_C_TO_AREA_B,CA,BU,120_plus,very_high,unknown_or_oneway,Y,U,0,0.8738646,39.59542821349525
77.0,358.99763360000003,6.034722222222222,4,3,0,1,0,1,0,0,0,2,1,159.41666666666666,10.0,45.3107136,2,1,BAGGAGE,UPPER APEX,LANG_09,Round-Trip,google,Paid Search,Paid Search,Logged-Out,AREA_C,AREA_B,AREA_C_TO_AREA_B,CA,BU,61_120,very_high,6_8,Y,O,1,0.8734303,39.575750702083965
163.0,269.8534131,13.427083333333334,4,4,0,0,0,0,0,0,0,2,1,338.4166666666667,21.0,48.7850832,3,1,BAGGAGE,UPPER APEX,LANG_09,Round-Trip,google,Direct,Paid Search,Logged-Out,AREA_C,AREA_B,AREA_C_TO_AREA_B,CA,BO,120_plus,very_high,9_14,Y,O,0,0.81108195,39.56870021256152
231.0,452.9769328,15.993055555555555,4,3,0,1,0,1,0,1,0,2,1,404.4166666666667,8.0,45.3107136,2,1,BAGGAGE,UPPER APEX,LANG_09,Round-Trip,mozilla,Direct,Direct,Logged-In,AREA_C,AREA_D,AREA_C_TO_AREA_D,CA,DA,120_plus,very_high,15_30,Y,L,1,0.87305033,39.55853355478134
201.0,450.6538336,15.993055555555555,4,2,0,2,0,1,0,1,0,2,1,404.4166666666667,22.0,45.3107136,2,1,BAGGAGE,UPPER APEX,LANG_09,Round-Trip,mozilla,Paid Search,MetaSearches,Logged-In,AREA_C,AREA_D,AREA_C_TO_AREA_D,CA,DA,120_plus,very_high,15_30,Y,W,1,0.87287027,39.55037465250664
193.0,216.07178210000004,37.78125,2,1,0,1,0,1,0,0,0,2,1,910.0,21.0,56.3321575,2,0,BAGGAGE,LOWER VERTEX,LANG_02,Round-Trip,google,Paid Search,Paid Search,Logged-Out,AREA_B,AREA_B,AREA_B_TO_AREA_B,BU,BE,120_plus,very_high,30_plus,Y,U,0,0.7018448,39.53643245856851
107.0,702.163586,7.361111111111111,4,2,1,1,0,1,1,0,0,2,1,183.91666666666666,22.0,44.7033842,2,1,BAGGAGE,UPPER APEX,LANG_09,Round-Trip,apple,Direct,Direct,Logged-Out,AREA_C,AREA_B,AREA_C_TO_AREA_B,CA,BU,61_120,very_high,6_8,Y,S,0,0.8842568,39.52927057439097
125.0,232.4820966,20.100694444444443,3,2,0,1,0,1,0,1,0,2,1,496.8333333333333,22.0,45.3107136,2,1,BAGGAGE,UPPER APEX,LANG_09,Round-Trip,google,Paid Search,Email,Logged-In,AREA_C,AREA_B,AREA_C_TO_AREA_B,CA,BU,120_plus,very_high,15_30,Y,O,1,0.87175345,39.49977109344635
180.0,397.2259784,8.3125,4,4,0,0,0,0,0,1,0,2,1,214.16666666666666,23.0,45.3107136,2,1,BAGGAGE,UPPER APEX,LANG_09,Round-Trip,mozilla,Paid Search,Paid Search,Logged-In,AREA_C,AREA_B,AREA_C_TO_AREA_B,CA,BU,120_plus,very_high,9_14,Y,U,0,0.8714963,39.488120148589324
244.0,318.9357365,10.215277777777779,5,5,0,0,0,0,0,1,0,2,1,261.25,21.0,45.3107136,2,1,BAGGAGE,UPPER APEX,LANG_09,Round-Trip,apple,Direct,Organic Search,Logged-In,AREA_C,AREA_B,AREA_C_TO_AREA_B,CA,BU,120_plus,very_high,9_14,Y,O,1,0.8712944,39.47897007877579
104.0,254.20461600000004,9.784722222222221,2,2,0,0,0,0,0,0,0,2,1,238.0,14.0,58.0183746,2,1,BAGGAGE,LOWER VERTEX,LANG_02,Round-Trip,mozilla,Direct,Referrals,Logged-Out,AREA_B,AREA_C,AREA_B_TO_AREA_C,BU,CA,61_120,very_high,9_14,Y,L,0,0.68007976,39.4571221672259
206.0,374.711104,8.229166666666666,4,4,0,0,0,0,0,0,0,2,1,212.16666666666666,22.0,44.71452,1,1,BAGGAGE,UPPER APEX,LANG_09,Round-Trip,google,Paid Search,Paid Search,Logged-Out,AREA_C,AREA_B,AREA_C_TO_AREA_B,CA,BU,120_plus,very_high,9_14,Y,O,0,0.88210493,39.44289868043661
196.0,606.5259092,,4,3,1,0,0,0,1,0,1,2,1,263.75,1.0,45.3107136,2,1,BAGGAGE,UPPER APEX,LANG_09,Multi-City,google,Direct,Organic Search,Logged-Out,AREA_C,AREA_B,AREA_C_TO_AREA_B,CA,BU,120_plus,very_high,unknown_or_oneway,Y,T,1,0.87035954,39.43661184531784
100.0,778.6027153,12.777777777777779,4,3,0,1,0,1,0,0,0,5,1,308.8333333333333,16.0,45.3167098,2,0,BAGGAGE,LOWER VERTEX,LANG_02,Round-Trip,google,MetaSearches,MetaSearches,Logged-Out,AREA_B,AREA_B,AREA_B_TO_AREA_B,BU,BE,61_120,very_high,9_14,Y,S,0,0.8700091,39.42595100830458
11.0,303.1858606,5.319444444444445,2,2,0,0,0,0,0,1,0,2,1,143.83333333333334,16.0,59.61936,1,1,BAGGAGE,UPPER APEX,LANG_09,Round-Trip,google,Paid Search,Organic Search,Logged-In,AREA_C,AREA_B,AREA_C_TO_AREA_B,CA,BO,8_14,very_high,6_8,Y,S,0,0.6607756,39.3950184867382
262.0,553.509222,,4,2,2,0,0,0,1,0,0,2,1,402.3333333333333,21.0,44.71452,1,1,BAGGAGE,UPPER APEX,LANG_02,Multi-City,google,Paid Search,Organic Search,Logged-Out,AREA_C,AREA_B,AREA_C_TO_AREA_B,CA,BU,120_plus,very_high,unknown_or_oneway,Y,W,1,0.880895,39.38879792608738
248.0,416.7564584,,4,4,0,0,0,0,0,1,0,2,1,406.9166666666667,13.0,45.3107136,2,1,BAGGAGE,UPPER APEX,LANG_09,Multi-City,apple,MetaSearches,MetaSearches,Logged-In,AREA_C,AREA_B,AREA_C_TO_AREA_B,CA,BU,120_plus,very_high,unknown_or_oneway,Y,U,1,0.8693008,39.3886387962925
202.0,916.1623961,20.07986111111111,7,6,1,0,0,0,1,0,0,4,1,482.8333333333333,15.0,45.3107136,2,0,BAGGAGE,UPPER APEX,LANG_09,Round-Trip,google,Paid Search,Paid Search,Logged-Out,AREA_C,AREA_B,AREA_C_TO_AREA_B,CA,BU,120_plus,very_high,15_30,Y,W,1,0.86859155,39.35650282205658
171.0,451.8804848,15.208333333333334,4,3,1,0,0,0,1,0,0,2,1,381.0833333333333,18.0,45.3107136,2,1,BAGGAGE,UPPER APEX,LANG_09,Round-Trip,microsoft,Paid Search,Paid Search,Logged-Out,AREA_C,AREA_B,AREA_C_TO_AREA_B,CA,BU,120_plus,very_high,15_30,Y,L,0,0.8685008,39.352392312535855
214.0,496.0639128,8.333333333333334,4,3,1,0,0,0,1,0,0,2,1,214.41666666666666,21.0,45.3107136,2,1,BAGGAGE,UPPER APEX,LANG_09,Round-Trip,google,Paid Search,Paid Search,Logged-Out,AREA_C,AREA_B,AREA_C_TO_AREA_B,CA,BU,120_plus,very_high,9_14,Y,T,1,0.8685008,39.352392312535855
152.0,308.23123460000005,12.979166666666666,2,2,0,0,0,0,0,1,0,3,1,314.6666666666667,12.0,56.3321575,2,0,BAGGAGE,LOWER VERTEX,LANG_09,Round-Trip,google,Paid Search,Paid Search,Logged-In,AREA_B,AREA_B,AREA_B_TO_AREA_B,BU,BE,120_plus,very_high,9_14,Y,U,0,0.6984624,39.34589542658106
53.0,445.44784709999993,11.760416666666666,3,1,0,2,0,1,0,0,0,2,1,286.0,3.0,46.736096,1,1,BAGGAGE,LOWER VERTEX,LANG_02,Round-Trip,apple,Direct,Direct,Logged-Out,AREA_B,AREA_C,AREA_B_TO_AREA_C,BU,CA,31_60,very_high,9_14,Y,S,1,0.8417723,39.341151858879094
159.0,149.91784900000002,7.239583333333333,4,4,0,0,0,0,0,0,0,2,1,188.25,16.0,44.71452,1,1,BAGGAGE,UPPER APEX,LANG_09,Round-Trip,apple,Direct,Direct,Logged-Out,AREA_C,AREA_B,AREA_C_TO_AREA_B,CA,BU,120_plus,very_high,6_8,Y,O,0,0.87974614,39.33742632945299
219.0,336.8840763,,4,2,2,0,0,0,1,1,0,4,1,-2.8333333333333335,14.0,48.4801336,1,0,BAGGAGE,WEST VERTEX,LANG_02,Round-Trip,apple,Direct,Direct,Logged-In,AREA_C,AREA_B,AREA_C_TO_AREA_B,CI,BO,120_plus,very_high,unknown_or_oneway,Y,V,1,0.8113618,39.33492796275444
0.0,318.42905759999996,4.78125,2,2,0,0,0,0,0,0,0,4,1,118.08333333333333,16.0,57.9044468,2,0,BAGGAGE,LOWER VERTEX,LANG_02,Round-Trip,google,Paid Search,Paid Search,Logged-Out,AREA_B,AREA_C,AREA_B_TO_AREA_C,BU,CI,invalid_or_past,very_high,3_5,Y,K,0,0.67926294,39.33234454749816
144.0,86.6185354,5.225694444444445,3,1,0,2,0,1,0,1,0,2,1,128.0,23.0,49.6279776,2,1,BAGGAGE,UPPER APEX,LANG_09,Round-Trip,samsung,Direct,Direct,Logged-In,AREA_C,AREA_B,AREA_C_TO_AREA_B,CA,BO,120_plus,high,6_8,Y,S,0,0.7925005,39.33019685904236
73.0,474.7846839,14.319444444444445,3,2,0,1,0,1,0,1,1,2,1,359.8333333333333,9.0,44.71452,1,1,BAGGAGE,UPPER APEX,LANG_09,Round-Trip,mozilla,Direct,Direct,Logged-In,AREA_C,AREA_B,AREA_C_TO_AREA_B,CA,BO,61_120,very_high,15_30,Y,T,1,0.87953067,39.32779165646553
174.0,634.5966912,14.36111111111111,4,4,0,0,0,0,0,0,0,2,1,351.9166666666667,21.0,44.71452,1,1,BAGGAGE,UPPER APEX,LANG_09,Round-Trip,google,Paid Search,Paid Search,Logged-Out,AREA_C,AREA_B,AREA_C_TO_AREA_B,CA,BU,120_plus,very_high,15_30,Y,V,1,0.87932247,39.31848213703394
268.0,470.6503039999999,14.229166666666666,4,2,2,0,0,0,1,0,0,2,1,356.0833333333333,18.0,44.71452,1,1,BAGGAGE,UPPER APEX,LANG_09,Round-Trip,google,Organic Search,Organic Search,Logged-Out,AREA_C,AREA_B,AREA_C_TO_AREA_B,CA,BU,120_plus,very_high,15_30,Y,O,1,0.87932247,39.31848213703394
163.0,164.85138510000002,,9,9,0,0,0,0,0,0,0,1,0,4.5,21.0,48.3610662,2,0,BAGGAGE,NEW HORIZON,LANG_02,One-Way,google,MetaSearches,MetaSearches,Logged-Out,AREA_B,AREA_C,AREA_B_TO_AREA_C,BE,CE,120_plus,very_high,unknown_or_oneway,Y,L,1,0.8129714,39.31616432935485
151.0,398.3416998999999,21.041666666666668,2,2,0,0,0,0,0,1,1,4,1,508.3333333333333,14.0,63.1965216,4,0,BAGGAGE,NORTH MERIDIAN,LANG_02,Round-Trip,microsoft,Paid Search,Paid Search,Logged-In,AREA_B,AREA_C,AREA_B_TO_AREA_C,BI,CI,120_plus,very_high,15_30,Y,W,0,0.6220054,39.30857788865032
58.0,218.3242118,13.770833333333334,2,2,0,0,0,0,0,0,0,2,1,334.0,8.0,58.0183746,2,1,BAGGAGE,LOWER VERTEX,LANG_02,Round-Trip,google,Paid Search,Paid Search,Logged-Out,AREA_B,AREA_C,AREA_B_TO_AREA_C,BU,CA,31_60,very_high,9_14,Y,W,0,0.67726743,39.293955586504055
188.0,300.48671399999995,24.78125,2,2,0,0,0,0,0,0,0,2,1,598.0,21.0,56.3321575,2,0,BAGGAGE,LOWER VERTEX,LANG_02,Round-Trip,microsoft,Paid Search,Paid Search,Logged-Out,AREA_B,AREA_B,AREA_B_TO_AREA_B,BU,BE,120_plus,very_high,15_30,Y,U,0,0.69740206,39.28616268654093
315.0,178.90904770000003,9.76388888888889,3,2,0,1,0,1,0,0,0,2,1,238.0,22.0,46.3446298,2,1,BAGGAGE,LOWER VERTEX,LANG_02,Round-Trip,google,Paid Search,Paid Search,Logged-Out,AREA_D,AREA_C,AREA_D_TO_AREA_C,DA,CA,120_plus,very_high,9_14,Y,O,0,0.84748936,39.276580509356116
196.0,432.6065564999999,11.229166666666666,5,4,1,0,0,0,1,0,0,2,1,284.0833333333333,20.0,44.71452,1,1,BAGGAGE,UPPER APEX,LANG_09,Round-Trip,google,Direct,MetaSearches,Logged-Out,AREA_C,AREA_B,AREA_C_TO_AREA_B,CA,BU,120_plus,very_high,9_14,Y,O,1,0.8782642,39.27116163388252
60.0,107.7397216,,2,2,0,0,0,0,0,0,0,1,0,3.75,17.0,61.2092096,1,1,BAGGAGE,UPPER APEX,LANG_09,One-Way,google,Organic Search,Organic Search,Logged-Out,AREA_C,AREA_C,AREA_C_TO_AREA_C,CE,CA,31_60,very_high,unknown_or_oneway,Y,L,0,0.6405928,39.2101797892746
27.0,411.8669856,7.0625,4,3,1,0,0,0,1,1,0,4,1,170.5,14.0,44.71452,1,0,BAGGAGE,UPPER APEX,LANG_09,Round-Trip,microsoft,Organic Search,Organic Search,Logged-In,AREA_B,AREA_B,AREA_B_TO_AREA_B,BE,BU,15_30,very_high,6_8,Y,S,1,0.8753439,39.14058316407681
19.0,84.0178978,,1,1,0,0,0,0,0,0,0,1,0,15.916666666666666,19.0,72.6859364,2,1,BAGGAGE,LOWER VERTEX,LANG_02,One-Way,google,MetaSearches,MetaSearches,Logged-Out,AREA_B,AREA_C,AREA_B_TO_AREA_C,BU,CA,15_30,high,unknown_or_oneway,Y,V,0,0.5384581,39.13833185771342
104.0,460.7428684,17.19097222222222,4,4,0,0,0,0,0,0,0,2,1,432.8333333333333,20.0,45.3107136,2,1,BAGGAGE,UPPER APEX,LANG_09,Round-Trip,google,Direct,Direct,Logged-Out,AREA_C,AREA_B,AREA_C_TO_AREA_B,CA,BU,61_120,very_high,15_30,Y,O,0,0.8637179,39.13567501557083
170.0,739.9859024,9.36111111111111,4,2,2,0,0,0,1,0,0,2,1,231.91666666666666,14.0,44.71452,1,1,BAGGAGE,UPPER APEX,LANG_09,Round-Trip,google,Direct,Direct,Logged-Out,AREA_C,AREA_B,AREA_C_TO_AREA_B,CA,BU,120_plus,very_high,9_14,Y,V,1,0.8747866,39.11566360877037
30.0,36.8046756,,1,1,0,0,0,0,0,0,0,1,0,2.3333333333333335,20.0,87.3732,2,0,BAGGAGE,NORTH HORIZON,LANG_04,One-Way,apple,Paid Search,Paid Search,Logged-Out,AREA_B,AREA_B,AREA_B_TO_AREA_B,BA,BE,15_30,mid,unknown_or_oneway,Y,H,0,0.447349,39.086314686369896
82.0,163.9540966,14.67013888888889,2,2,0,0,0,0,0,1,0,2,1,356.1666666666667,11.0,55.50768,1,1,BAGGAGE,UPPER APEX,LANG_09,Round-Trip,apple,Direct,Direct,Logged-In,AREA_C,AREA_C,AREA_C_TO_AREA_C,CA,CE,61_120,very_high,15_30,Y,L,0,0.70393693,39.07390609880447
74.0,841.0728401,17.78125,4,3,1,0,0,0,1,0,0,4,1,430.0833333333333,15.0,46.3951692,2,0,BAGGAGE,LOWER VERTEX,LANG_02,Round-Trip,apple,MetaSearches,MetaSearches,Logged-Out,AREA_B,AREA_B,AREA_B_TO_AREA_B,BU,BE,61_120,very_high,15_30,Y,T,1,0.8417181,39.0516526317162
248.0,798.3237888,16.489583333333332,3,2,1,0,0,0,1,1,0,4,1,398.0,13.0,50.8888928,3,0,BAGGAGE,UPPER APEX,LANG_09,Round-Trip,mozilla,Paid Search,Paid Search,Logged-In,AREA_C,AREA_B,AREA_C_TO_AREA_B,CU,BU,120_plus,very_high,15_30,Y,K,0,0.7673756,39.05089405629234
172.0,477.2084336,6.423611111111111,4,4,0,0,0,0,0,1,0,2,1,168.83333333333334,18.0,45.3107136,1,1,BAGGAGE,UPPER APEX,LANG_09,Round-Trip,mozilla,MetaSearches,Organic Search,Logged-In,AREA_C,AREA_B,AREA_C_TO_AREA_B,CA,BU,120_plus,very_high,6_8,Y,O,1,0.86137545,39.02953636631698
135.0,539.7667882000001,17.78125,5,3,2,0,0,0,1,0,0,2,1,430.0,7.0,46.4379992,2,0,BAGGAGE,LOWER VERTEX,LANG_02,Round-Trip,microsoft,Direct,Direct,Logged-Out,AREA_B,AREA_B,AREA_B_TO_AREA_B,BU,BE,120_plus,very_high,15_30,Y,O,0,0.84040236,39.026604341048625
47.0,157.7099109,,1,1,0,0,0,0,0,0,0,1,0,6.666666666666667,10.0,78.63588,1,1,BAGGAGE,UPPER VERTEX,LANG_11,One-Way,google,Organic Search,Organic Search,Logged-Out,AREA_B,AREA_C,AREA_B_TO_AREA_C,BU,CA,31_60,very_high,unknown_or_oneway,Y,K,0,0.49597138,39.00114605198622
159.0,326.97963880000003,6.78125,2,2,0,0,0,0,0,0,0,2,1,166.0,11.0,58.4783688,2,0,BAGGAGE,LOWER VERTEX,LANG_02,Round-Trip,google,Organic Search,Paid Search,Logged-Out,AREA_B,AREA_B,AREA_B_TO_AREA_B,BU,BE,120_plus,very_high,6_8,Y,S,0,0.66614544,38.955098943778324
7.0,36.9545806,,1,1,0,0,0,0,0,0,0,1,0,2.75,15.0,98.2066202,3,1,BAGGAGE,NEW MERIDIAN,LANG_02,One-Way,google,Direct,Direct,Logged-Out,AREA_C,AREA_C,AREA_C_TO_AREA_C,CA,CI,4_7,mid,unknown_or_oneway,Y,T,0,0.39653584,38.942444989168855
20.0,158.5793599,,1,1,0,0,0,0,0,1,0,1,0,6.666666666666667,1.0,78.63588,1,1,BAGGAGE,SOUTH ZENITH,LANG_02,One-Way,google,Direct,Direct,Logged-In,AREA_B,AREA_C,AREA_B_TO_AREA_C,BU,CA,15_30,very_high,unknown_or_oneway,Y,K,0,0.49478182,38.907603978313205
125.0,172.10036259999998,6.034722222222222,3,3,0,0,0,0,0,0,0,4,1,146.91666666666666,21.0,48.6651592,2,0,BAGGAGE,LOWER ZENITH,LANG_02,Round-Trip,google,Paid Search,Paid Search,Logged-Out,AREA_C,AREA_B,AREA_C_TO_AREA_B,CE,BU,120_plus,very_high,6_8,Y,L,0,0.7994202,38.90391022697472
33.0,398.9361803,5.072916666666667,4,2,1,1,0,1,1,1,0,4,1,122.66666666666667,20.0,44.71452,2,0,BAGGAGE,UPPER APEX,LANG_09,Round-Trip,microsoft,Email,Partners,Logged-In,AREA_B,AREA_B,AREA_B_TO_AREA_B,BE,BU,31_60,very_high,6_8,Y,V,0,0.86990774,38.89750689432621
178.0,572.4332292,16.40972222222222,4,3,0,1,0,1,0,0,0,2,1,409.9166666666667,23.0,43.767977,2,1,BAGGAGE,UPPER APEX,LANG_09,Round-Trip,google,Direct,Direct,Logged-Out,AREA_C,AREA_B,AREA_C_TO_AREA_B,CA,BU,120_plus,very_high,15_30,Y,W,0,0.88835037,38.881298454698445
242.0,343.9043416,,4,4,0,0,0,0,0,0,0,2,1,572.25,13.0,45.3107136,2,1,BAGGAGE,UPPER APEX,LANG_09,Multi-City,opera,Paid Search,Paid Search,Logged-Out,AREA_C,AREA_D,AREA_C_TO_AREA_D,CA,DA,120_plus,very_high,unknown_or_oneway,Y,O,1,0.8580585,38.87924349882774
94.0,336.3234316,23.74652777777778,3,2,0,1,0,1,0,1,0,4,1,574.75,23.0,45.8760696,2,0,BAGGAGE,NEW HORIZON,LANG_02,Round-Trip,apple,Direct,Direct,Logged-In,AREA_C,AREA_D,AREA_C_TO_AREA_D,CE,DA,61_120,very_high,15_30,Y,L,0,0.84726506,38.86919107857528
38.0,139.3636804,,3,2,0,1,0,1,0,0,0,4,1,-429.1666666666667,10.0,46.5185196,2,0,BAGGAGE,LOWER VERTEX,LANG_02,Round-Trip,microsoft,Paid Search,Paid Search,Logged-Out,AREA_B,AREA_C,AREA_B_TO_AREA_C,BU,CI,31_60,very_high,unknown_or_oneway,Y,O,1,0.834716,38.82975363052103
102.0,158.7558195,,2,2,0,0,0,0,0,0,0,4,1,23.833333333333332,20.0,54.0060602,1,0,BAGGAGE,OLD ZENITH,LANG_02,One-Way,google,Direct,MetaSearches,Logged-Out,AREA_B,AREA_B,AREA_B_TO_AREA_B,BU,BU,61_120,very_high,unknown_or_oneway,Y,S,0,0.71892244,38.82616837056419
250.0,1424.0435341999998,13.447916666666666,2,2,0,0,0,0,0,0,0,2,1,343.3333333333333,13.0,98.063568,2,1,BAGGAGE,UPPER APEX,LANG_09,Round-Trip,google,Paid Search,Paid Search,Logged-Out,AREA_C,AREA_D,AREA_C_TO_AREA_D,CA,DA,120_plus,very_high,9_14,C,D,0,0.39553502,38.78757552827311
194.0,402.4054103,20.77777777777778,4,2,0,2,0,1,0,1,1,2,1,501.9166666666667,16.0,44.1217528,2,0,BAGGAGE,LOWER VERTEX,LANG_02,Round-Trip,google,Paid Search,Paid Search,Logged-In,AREA_B,AREA_B,AREA_B_TO_AREA_B,BU,BE,120_plus,very_high,15_30,Y,U,0,0.8789413,38.78043065537968
18.0,213.7970808,12.288194444444445,3,2,1,0,0,0,1,1,0,2,1,308.0833333333333,18.0,45.3107136,2,1,BAGGAGE,UPPER APEX,LANG_09,Round-Trip,apple,Direct,Referrals,Logged-In,AREA_C,AREA_B,AREA_C_TO_AREA_B,CA,BU,15_30,very_high,9_14,Y,O,0,0.8555817,38.76701740643349
139.0,122.2119786,,4,2,0,2,0,1,0,1,0,2,1,9.75,15.0,44.0767813,2,0,BAGGAGE,OLD HORIZON,LANG_02,One-Way,google,Direct,Direct,Logged-In,AREA_B,AREA_B,AREA_B_TO_AREA_B,BO,BU,120_plus,very_high,unknown_or_oneway,Y,O,0,0.87932837,38.75796425953189
245.0,417.442595,8.20486111111111,4,4,0,0,0,0,0,0,0,2,1,211.33333333333334,21.0,45.3124268,2,1,BAGGAGE,NEW ZENITH,LANG_02,Round-Trip,apple,Direct,Direct,Logged-Out,AREA_C,AREA_B,AREA_C_TO_AREA_B,CA,BU,120_plus,very_high,9_14,Y,W,1,0.8548676,38.73612453155436
212.0,214.7166409,19.78125,4,2,0,1,1,1,0,0,0,2,1,478.0,21.0,44.0789228,2,0,BAGGAGE,LOWER VERTEX,LANG_02,Round-Trip,apple,Paid Search,Paid Search,Logged-Out,AREA_B,AREA_B,AREA_B_TO_AREA_B,BU,BE,120_plus,very_high,15_30,Y,O,0,0.87868536,38.731503936754656
126.0,432.3855537,40.78125,3,1,0,2,0,1,0,0,0,2,1,982.0,15.0,47.5361604,2,1,BAGGAGE,NORTH MERIDIAN,LANG_02,Round-Trip,google,Direct,Paid Search,Logged-Out,AREA_B,AREA_C,AREA_B_TO_AREA_C,BI,CA,120_plus,very_high,30_plus,Y,O,1,0.81433785,38.710494639185
214.0,459.14659429999995,37.260416666666664,3,2,0,1,0,1,0,0,0,4,1,895.1666666666666,11.0,45.3107136,2,0,BAGGAGE,UPPER APEX,LANG_09,Round-Trip,opera,Paid Search,Affiliate,Logged-Out,AREA_C,AREA_D,AREA_C_TO_AREA_D,CU,DA,120_plus,very_high,30_plus,Y,S,0,0.85417193,38.703139764393995
38.0,170.6509954,,4,3,1,0,0,0,1,0,0,2,1,26.833333333333332,21.0,45.8092548,1,0,BAGGAGE,SOUTH HORIZON,LANG_02,One-Way,google,Paid Search,Organic Search,Logged-Out,AREA_D,AREA_B,AREA_D_TO_AREA_B,DA,BU,31_60,very_high,unknown_or_oneway,Y,V,1,0.8447141,38.69572367501943
41.0,247.54797740000004,,3,3,0,0,0,0,0,0,0,5,1,-316.8333333333333,21.0,48.3619228,1,0,BAGGAGE,LOWER VERTEX,LANG_02,Round-Trip,apple,MetaSearches,MetaSearches,Logged-Out,AREA_C,AREA_B,AREA_C_TO_AREA_B,CE,BU,31_60,very_high,unknown_or_oneway,Y,V,0,0.80004627,38.69177571041687
200.0,329.606831,13.590277777777779,4,2,0,2,0,1,0,0,0,2,1,329.3333333333333,10.0,44.260522,2,1,BAGGAGE,LOWER VERTEX,LANG_02,Round-Trip,google,Paid Search,Paid Search,Logged-Out,AREA_B,AREA_C,AREA_B_TO_AREA_C,BU,CA,120_plus,very_high,9_14,Y,U,1,0.8737422,38.67228687394643
68.0,118.5114666,,2,2,0,0,0,0,0,0,0,3,1,670.0,12.0,54.5337258,2,0,BAGGAGE,LOWER VERTEX,LANG_02,Multi-City,google,Paid Search,Organic Search,Logged-Out,AREA_B,AREA_B,AREA_B_TO_AREA_B,BU,BE,61_120,very_high,unknown_or_oneway,Y,O,0,0.70908105,38.66883175429552
241.0,174.5039822,4.215277777777778,2,2,0,0,0,0,0,0,0,2,1,117.25,19.0,66.403632,2,1,BAGGAGE,UPPER APEX,LANG_02,Round-Trip,google,Paid Search,Paid Search,Logged-Out,AREA_C,AREA_B,AREA_C_TO_AREA_B,CA,BU,120_plus,very_high,3_5,Y,L,0,0.5816842,38.62594170790386
45.0,665.2150016,,4,2,1,1,0,1,1,1,1,3,1,-241.66666666666666,11.0,44.71452,1,0,BAGGAGE,UPPER APEX,LANG_09,Round-Trip,microsoft,Direct,Direct,Logged-In,AREA_B,AREA_C,AREA_B_TO_AREA_C,BE,CA,31_60,very_high,unknown_or_oneway,Y,Q,1,0.8636301,38.61680609385252
99.0,328.300516,14.36111111111111,4,4,0,0,0,0,0,1,0,2,1,359.8333333333333,20.0,44.71452,1,1,BAGGAGE,UPPER APEX,LANG_09,Round-Trip,google,Referrals,Referrals,Logged-In,AREA_C,AREA_B,AREA_C_TO_AREA_B,CA,BO,61_120,very_high,15_30,Y,O,1,0.8634926,38.61065749341488
32.0,90.4796599,,2,2,0,0,0,0,0,0,0,2,1,15.0,13.0,56.1064434,1,0,BAGGAGE,OLD ZENITH,LANG_02,One-Way,google,MetaSearches,MetaSearches,Logged-Out,AREA_B,AREA_C,AREA_B_TO_AREA_C,BU,CE,31_60,high,unknown_or_oneway,Y,V,0,0.68806136,38.60467555669091
89.0,388.7143725,,5,5,0,0,0,0,0,1,0,4,1,393.1666666666667,13.0,45.3107136,2,0,BAGGAGE,UPPER APEX,LANG_09,Multi-City,apple,Direct,Direct,Logged-In,AREA_D,AREA_B,AREA_D_TO_AREA_B,DA,BO,61_120,very_high,unknown_or_oneway,Y,U,1,0.8517899,38.59520783109169
75.0,369.074676,12.319444444444445,4,2,2,0,0,0,1,0,0,2,1,311.8333333333333,22.0,44.71452,1,1,BAGGAGE,UPPER APEX,LANG_09,Round-Trip,microsoft,Paid Search,Paid Search,Logged-Out,AREA_C,AREA_B,AREA_C_TO_AREA_B,CA,BO,61_120,very_high,9_14,Y,U,1,0.86313206,38.5945357404685
204.0,544.3071964999999,,5,3,1,1,0,1,1,0,0,2,1,403.8333333333333,22.0,43.7482752,2,1,BAGGAGE,UPPER APEX,LANG_02,Multi-City,google,Direct,Paid Search,Logged-Out,AREA_C,AREA_B,AREA_C_TO_AREA_B,CA,BO,120_plus,very_high,unknown_or_oneway,Y,V,0,0.8818041,38.57740881638489
169.0,448.8554019,,3,3,0,0,0,0,0,0,0,2,1,403.25,21.0,45.3107136,2,1,BAGGAGE,UPPER APEX,LANG_02,Multi-City,google,Paid Search,Organic Search,Logged-Out,AREA_C,AREA_B,AREA_C_TO_AREA_B,CA,BU,120_plus,very_high,unknown_or_oneway,Y,U,0,0.85125023,38.57075543082848
97.0,154.3366201,13.71875,4,2,0,2,0,1,0,0,0,4,1,332.75,9.0,43.9504328,2,0,BAGGAGE,LOWER VERTEX,LANG_02,Round-Trip,apple,Direct,Direct,Logged-Out,AREA_B,AREA_B,AREA_B_TO_AREA_B,BU,BE,61_120,very_high,9_14,Y,O,1,0.877453,38.564440393065404
169.0,266.8874356,93.97916666666667,2,2,0,0,0,0,0,1,0,2,1,2258.6666666666665,19.0,56.6118374,2,1,BAGGAGE,LOWER VERTEX,LANG_02,Round-Trip,google,Organic Search,Organic Search,Logged-In,AREA_B,AREA_C,AREA_B_TO_AREA_C,BU,CA,120_plus,very_high,30_plus,Y,U,0,0.68113565,38.56034091703558
171.0,376.6924198,32.59027777777778,4,2,0,1,1,1,0,0,0,2,1,785.3333333333334,23.0,44.2228316,2,1,BAGGAGE,LOWER VERTEX,LANG_02,Round-Trip,google,Direct,Paid Search,Logged-Out,AREA_B,AREA_C,AREA_B_TO_AREA_C,BU,CA,120_plus,very_high,30_plus,Y,L,1,0.8718742,38.556746507552575
4.0,389.4459089,36.010416666666664,2,2,0,0,0,0,0,0,1,4,1,867.0833333333334,22.0,51.5364824,2,0,BAGGAGE,NEW APEX,LANG_02,Round-Trip,apple,Direct,Direct,Logged-Out,AREA_C,AREA_B,AREA_C_TO_AREA_B,CU,BU,4_7,very_high,30_plus,Y,K,0,0.7480166,38.55014412643948
187.0,329.311304,6.423611111111111,4,4,0,0,0,0,0,1,0,2,1,168.83333333333334,14.0,44.71452,1,1,BAGGAGE,UPPER APEX,LANG_09,Round-Trip,google,Direct,Direct,Logged-In,AREA_C,AREA_B,AREA_C_TO_AREA_B,CA,BU,120_plus,very_high,6_8,Y,O,0,0.8619798,38.543012227828505
125.0,418.2332368,16.40625,5,2,0,3,0,1,0,0,0,4,1,395.9166666666667,22.0,46.6470096,3,0,BAGGAGE,WEST APEX,LANG_02,Round-Trip,mozilla,Direct,Paid Search,Logged-Out,AREA_B,AREA_C,AREA_B_TO_AREA_C,BE,CA,120_plus,very_high,15_30,Y,L,0,0.82626325,38.542709704518984
268.0,255.7914675,5.118055555555555,3,2,1,0,0,0,1,1,0,2,1,137.41666666666666,21.0,48.6411744,2,1,BAGGAGE,UPPER APEX,LANG_09,Round-Trip,apple,Direct,Direct,Logged-In,AREA_C,AREA_B,AREA_C_TO_AREA_B,CA,BU,120_plus,very_high,6_8,Y,L,0,0.7922506,38.535998320685
63.0,184.2799297,9.319444444444445,4,4,0,0,0,0,0,0,0,2,1,239.83333333333334,22.0,44.71452,1,1,BAGGAGE,UPPER APEX,LANG_09,Round-Trip,google,Paid Search,Paid Search,Logged-Out,AREA_C,AREA_B,AREA_C_TO_AREA_B,CA,BO,61_120,very_high,9_14,Y,O,1,0.8613267,38.51380970724106
67.0,311.168516,7.319444444444445,4,3,1,0,0,0,1,0,0,2,1,191.83333333333334,11.0,44.71452,1,1,BAGGAGE,UPPER APEX,LANG_09,Round-Trip,microsoft,Paid Search,Organic Search,Logged-Out,AREA_C,AREA_B,AREA_C_TO_AREA_B,CA,BO,61_120,very_high,6_8,Y,O,0,0.8613267,38.51380970724106
181.0,404.9559368,19.854166666666668,4,2,0,2,0,1,0,0,0,4,1,479.6666666666667,21.0,44.2074128,2,0,BAGGAGE,LOWER VERTEX,LANG_02,Round-Trip,microsoft,MetaSearches,MetaSearches,Logged-Out,AREA_B,AREA_C,AREA_B_TO_AREA_C,BU,CO,120_plus,very_high,15_30,Y,L,0,0.8706373,38.48862241541958
143.0,178.2747354,21.131944444444443,2,1,0,1,0,1,0,1,0,4,1,508.0833333333333,21.0,52.4650368,2,0,BAGGAGE,UPPER APEX,LANG_09,Round-Trip,microsoft,Paid Search,Paid Search,Logged-In,AREA_C,AREA_B,AREA_C_TO_AREA_B,CU,BU,120_plus,very_high,15_30,Y,O,0,0.7335947,38.48807374999008
7.0,131.50309049999998,,5,2,0,3,0,1,0,1,0,1,0,0.5833333333333334,16.0,44.406144,1,1,BAGGAGE,UPPER APEX,LANG_02,One-Way,apple,Direct,Direct,Logged-In,AREA_B,AREA_C,AREA_B_TO_AREA_C,BI,CA,4_7,very_high,unknown_or_oneway,Y,V,0,0.86640143,38.47354683755493
197.0,377.9674689,18.447916666666668,3,2,0,1,0,1,0,0,0,2,1,463.3333333333333,15.0,45.3107136,2,1,BAGGAGE,UPPER APEX,LANG_02,Round-Trip,google,Direct,MetaSearches,Logged-Out,AREA_C,AREA_D,AREA_C_TO_AREA_D,CA,DA,120_plus,very_high,15_30,Y,L,1,0.8490048,38.46901356836815
89.0,409.6925065,9.190972222222221,5,5,0,0,0,0,0,1,1,4,1,221.66666666666666,17.0,44.71452,1,0,BAGGAGE,UPPER APEX,LANG_09,Round-Trip,microsoft,Organic Search,Paid Search,Logged-In,AREA_C,AREA_B,AREA_C_TO_AREA_B,CE,BO,61_120,very_high,9_14,Y,O,1,0.8603045,38.46810164590359
191.0,303.686115,30.979166666666668,5,2,0,2,1,1,0,0,0,2,1,746.6666666666666,7.0,44.0909152,2,1,BAGGAGE,LOWER VERTEX,LANG_09,Round-Trip,apple,Paid Search,Organic Search,Logged-Out,AREA_B,AREA_C,AREA_B_TO_AREA_C,BU,CA,120_plus,very_high,30_plus,Y,L,0,0.8724073,38.46523704082985
19.0,175.697226,6.184027777777778,5,5,0,0,0,0,0,0,0,2,1,153.5,12.0,46.873152,2,1,BAGGAGE,UPPER APEX,LANG_09,Round-Trip,mozilla,Direct,Organic Search,Logged-Out,AREA_C,AREA_B,AREA_C_TO_AREA_B,CA,BO,15_30,very_high,6_8,Y,U,1,0.8205378,38.461193281631466
134.0,198.041637,8.239583333333334,3,2,1,0,0,0,1,0,0,2,1,212.25,8.0,44.71452,1,1,BAGGAGE,UPPER APEX,LANG_09,Round-Trip,google,Organic Search,Organic Search,Logged-Out,AREA_C,AREA_B,AREA_C_TO_AREA_B,CA,BU,120_plus,very_high,9_14,Y,O,0,0.8600537,38.45688917861223
72.0,744.051326,14.319444444444445,5,5,0,0,0,0,0,0,0,2,1,359.8333333333333,9.0,44.71452,1,1,BAGGAGE,UPPER APEX,LANG_09,Round-Trip,google,Organic Search,Organic Search,Logged-Out,AREA_C,AREA_B,AREA_C_TO_AREA_B,CA,BO,61_120,very_high,15_30,Y,Q,1,0.85997295,38.45327784198761
177.0,399.4874023999999,18.57638888888889,4,2,0,2,0,1,0,0,0,2,1,449.3333333333333,17.0,44.0909152,2,1,BAGGAGE,LOWER VERTEX,LANG_02,Round-Trip,microsoft,Paid Search,Paid Search,Logged-Out,AREA_B,AREA_C,AREA_B_TO_AREA_C,BU,CA,120_plus,very_high,15_30,Y,L,0,0.8720754,38.45060157885875
187.0,377.259489,29.59027777777778,4,2,0,2,0,1,0,0,0,2,1,713.3333333333334,16.0,44.0909152,2,1,BAGGAGE,LOWER VERTEX,LANG_02,Round-Trip,microsoft,Organic Search,Paid Search,Logged-Out,AREA_B,AREA_C,AREA_B_TO_AREA_C,BU,CA,120_plus,very_high,15_30,Y,L,1,0.8720754,38.45060157885875
206.0,308.2599307,21.78472222222222,5,3,0,2,0,1,0,0,0,3,1,526.0,14.0,44.0909152,2,0,BAGGAGE,LOWER VERTEX,LANG_02,Round-Trip,google,Direct,Email,Logged-Out,AREA_B,AREA_C,AREA_B_TO_AREA_C,BU,CA,120_plus,very_high,15_30,Y,U,1,0.87189025,38.44243893836994
163.0,193.3671708,13.784722222222221,3,3,0,0,0,0,0,0,0,4,1,334.0,8.0,46.8525936,2,0,BAGGAGE,LOWER VERTEX,LANG_02,Round-Trip,google,Direct,Referrals,Logged-Out,AREA_B,AREA_B,AREA_B_TO_AREA_B,BU,BE,120_plus,very_high,9_14,Y,U,1,0.8204756,38.44140882919464
211.0,202.0466703,15.57638888888889,4,2,0,2,0,1,0,0,0,2,1,377.3333333333333,8.0,44.0909152,2,1,BAGGAGE,LOWER VERTEX,LANG_02,Round-Trip,apple,Email,Email,Logged-Out,AREA_B,AREA_C,AREA_B_TO_AREA_C,BU,CA,120_plus,very_high,15_30,Y,U,1,0.87184644,38.440507341216275
3.0,83.00454,,1,1,0,0,0,0,0,1,0,1,0,10.083333333333334,16.0,75.243744,1,1,BAGGAGE,UPPER APEX,LANG_09,One-Way,samsung,Direct,Direct,Logged-In,AREA_C,AREA_C,AREA_C_TO_AREA_C,CA,CE,0_3,high,unknown_or_oneway,Y,Q,0,0.5108307,38.436814448049546
169.0,446.7987053,14.222222222222221,3,2,0,1,0,1,0,1,0,2,1,361.9166666666667,12.0,45.3107136,2,1,BAGGAGE,UPPER APEX,LANG_09,Round-Trip,apple,Direct,Direct,Logged-In,AREA_C,AREA_D,AREA_C_TO_AREA_D,CA,DA,120_plus,very_high,15_30,Y,W,0,0.8478962,38.41878270990829
,301.81872699999997,14.993055555555555,2,2,0,0,0,0,0,1,0,2,1,380.4166666666667,20.0,45.3107136,2,1,BAGGAGE,UPPER APEX,LANG_09,Round-Trip,google,Organic Search,Paid Search,Logged-In,AREA_C,AREA_D,AREA_C_TO_AREA_D,CA,DA,,very_high,15_30,Y,O,1,0.84776336,38.4127627849926
110.0,409.0059416,6.118055555555555,4,4,0,0,0,0,0,0,0,2,1,161.41666666666666,12.0,45.3107136,1,1,BAGGAGE,UPPER APEX,LANG_09,Round-Trip,google,Direct,Organic Search,Logged-Out,AREA_C,AREA_B,AREA_C_TO_AREA_B,CA,BU,61_120,very_high,6_8,Y,O,0,0.8477574,38.41249271209374
141.0,418.3775739,12.777777777777779,2,2,0,0,0,0,0,0,0,2,1,309.9166666666667,21.0,55.1286345,2,0,BAGGAGE,LOWER VERTEX,LANG_02,Round-Trip,apple,Paid Search,Paid Search,Logged-Out,AREA_B,AREA_B,AREA_B_TO_AREA_B,BU,BE,120_plus,very_high,9_14,Y,W,0,0.6967569,38.41125643999663
125.0,934.8474119,17.819444444444443,4,4,0,0,0,0,0,0,0,4,1,431.0,14.0,48.3156664,4,0,BAGGAGE,LOWER APEX,LANG_02,Round-Trip,google,Paid Search,Paid Search,Logged-Out,AREA_B,AREA_B,AREA_B_TO_AREA_B,BO,BU,120_plus,very_high,15_30,Y,Q,0,0.7949661,38.40931696645708
201.0,414.1605320999999,18.9375,3,3,0,0,0,0,0,0,0,4,1,455.3333333333333,19.0,45.3107136,1,0,BAGGAGE,UPPER APEX,LANG_09,Round-Trip,google,Paid Search,Paid Search,Logged-Out,AREA_D,AREA_B,AREA_D_TO_AREA_B,DA,BU,120_plus,very_high,15_30,Y,Y,0,0.8468716,38.37235717859345
47.0,309.7114394,84.76736111111111,5,1,0,4,0,1,0,0,0,2,1,2037.75,21.0,46.3446298,2,1,BAGGAGE,LOWER VERTEX,LANG_02,Round-Trip,mozilla,Direct,Direct,Logged-Out,AREA_D,AREA_C,AREA_D_TO_AREA_C,DA,CA,31_60,very_high,30_plus,Y,O,0,0.82765794,38.35750073780542
173.0,710.4400552,10.302083333333334,4,3,0,1,0,1,0,1,0,2,1,263.5,19.0,43.733713,2,1,BAGGAGE,UPPER APEX,LANG_09,Round-Trip,google,Paid MetaSearches,Email,Logged-In,AREA_C,AREA_B,AREA_C_TO_AREA_B,CA,BO,120_plus,very_high,9_14,Y,S,0,0.8765861,38.33636402491105
188.0,316.9304359,31.78472222222222,4,2,0,2,0,1,0,1,0,2,1,766.0,11.0,44.0909152,2,1,BAGGAGE,LOWER VERTEX,LANG_09,Round-Trip,apple,Direct,Direct,Logged-In,AREA_B,AREA_C,AREA_B_TO_AREA_C,BU,CA,120_plus,very_high,30_plus,Y,L,0,0.8692802,38.32736042440834
223.0,337.3260819,16.40972222222222,3,3,0,0,0,0,0,0,0,2,1,409.9166666666667,21.0,45.3107136,2,1,BAGGAGE,UPPER APEX,LANG_09,Round-Trip,apple,Organic Search,Organic Search,Logged-Out,AREA_C,AREA_B,AREA_C_TO_AREA_B,CA,BU,120_plus,very_high,15_30,Y,L,0,0.8452593,38.29930245945053
215.0,378.3396616,13.965277777777779,5,3,0,2,0,1,0,0,0,2,1,338.6666666666667,14.0,44.0909152,2,1,BAGGAGE,LOWER VERTEX,LANG_02,Round-Trip,samsung,Paid Search,MetaSearches,Logged-Out,AREA_B,AREA_C,AREA_B_TO_AREA_C,BU,CA,120_plus,very_high,9_14,Y,O,1,0.8682443,38.281685378788374
167.0,360.1202079,15.284722222222221,3,2,1,0,0,0,1,0,0,2,1,382.9166666666667,18.0,45.3107136,2,1,BAGGAGE,UPPER APEX,LANG_09,Round-Trip,microsoft,Paid Search,Paid Search,Logged-Out,AREA_C,AREA_B,AREA_C_TO_AREA_B,CA,BU,120_plus,very_high,15_30,Y,O,0,0.8448593,38.28117786720772
139.0,449.0614142,70.58333333333333,3,1,0,2,0,1,0,0,0,3,1,1697.25,10.0,46.4379992,2,0,BAGGAGE,LOWER VERTEX,LANG_02,Round-Trip,google,Email,Email,Logged-Out,AREA_B,AREA_B,AREA_B_TO_AREA_B,BU,BE,120_plus,very_high,30_plus,Y,O,0,0.8241629,38.27247611166673
201.0,381.6097321,22.77777777777778,4,2,0,2,0,1,0,0,0,2,1,549.9166666666666,8.0,43.5349818,2,0,BAGGAGE,LOWER VERTEX,LANG_02,Round-Trip,google,Paid Search,Organic Search,Logged-Out,AREA_B,AREA_B,AREA_B_TO_AREA_B,BU,BE,120_plus,very_high,15_30,Y,L,0,0.8789039,38.26306639705835
0.0,108.6400082,,1,1,0,0,0,0,0,0,0,2,1,26.5,17.0,59.7966762,1,0,BAGGAGE,UPPER MERIDIAN,LANG_02,One-Way,google,MetaSearches,MetaSearches,Logged-Out,AREA_B,AREA_B,AREA_B_TO_AREA_B,BI,BU,invalid_or_past,very_high,unknown_or_oneway,Y,Q,0,0.63958776,38.245222184506204
79.0,335.0984936,15.590277777777779,4,4,0,0,0,0,0,0,0,4,1,375.0833333333333,15.0,45.3107136,2,0,BAGGAGE,UPPER APEX,LANG_02,Round-Trip,apple,Direct,Direct,Logged-Out,AREA_C,AREA_D,AREA_C_TO_AREA_D,CE,DA,61_120,very_high,15_30,Y,O,0,0.8439229,38.23874941479607
173.0,280.70824830000004,9.229166666666666,3,3,0,0,0,0,0,0,0,2,1,236.16666666666666,16.0,44.71452,1,1,BAGGAGE,UPPER APEX,LANG_09,Round-Trip,google,MetaSearches,Organic Search,Logged-Out,AREA_C,AREA_B,AREA_C_TO_AREA_B,CA,BU,120_plus,very_high,9_14,Y,L,0,0.85514045,38.23719464776039
64.0,209.7702042,16.319444444444443,2,1,1,0,0,0,1,0,0,4,1,392.6666666666667,17.0,67.07178,3,0,BAGGAGE,UPPER APEX,LANG_09,Round-Trip,apple,Direct,Direct,Logged-Out,AREA_B,AREA_B,AREA_B_TO_AREA_B,BE,BO,61_120,very_high,15_30,Y,L,0,0.56992745,38.226048810296064
86.0,68.5939582,5.131944444444445,3,2,0,0,1,1,0,0,0,4,1,125.25,19.0,50.4944285,4,0,BAGGAGE,LOWER ZENITH,LANG_02,Round-Trip,google,Paid Search,Paid Search,Logged-Out,AREA_C,AREA_B,AREA_C_TO_AREA_B,CE,BA,61_120,high,6_8,Y,V,0,0.7569164,38.22006123066395
221.0,396.815667,20.770833333333332,4,2,1,1,0,1,1,1,0,2,1,502.0,22.0,43.9572856,2,1,BAGGAGE,LOWER VERTEX,LANG_02,Round-Trip,apple,Direct,Direct,Logged-In,AREA_B,AREA_C,AREA_B_TO_AREA_C,BU,CA,120_plus,very_high,15_30,Y,W,0,0.86870766,38.18603057551727
216.0,390.9141213,21.19097222222222,3,3,0,0,0,0,0,1,0,2,1,528.8333333333334,20.0,45.3107136,2,1,BAGGAGE,UPPER APEX,LANG_02,Round-Trip,google,Referrals,MetaSearches,Logged-In,AREA_C,AREA_B,AREA_C_TO_AREA_B,CA,BU,120_plus,very_high,15_30,Y,O,0,0.841876,38.146000979867935
168.0,554.7714221,14.666666666666666,4,2,0,2,0,1,0,0,0,2,1,355.5,14.0,43.9572856,2,1,BAGGAGE,LOWER VERTEX,LANG_09,Round-Trip,apple,Paid Search,Paid Search,Logged-Out,AREA_B,AREA_C,AREA_B_TO_AREA_C,BU,CA,120_plus,very_high,15_30,Y,W,1,0.86771464,38.14238040268192
201.0,568.7185833,16.78125,5,3,1,1,0,1,1,0,0,2,1,406.0,5.0,43.5349818,2,0,BAGGAGE,LOWER VERTEX,LANG_02,Round-Trip,microsoft,Paid Search,Paid Search,Logged-Out,AREA_B,AREA_B,AREA_B_TO_AREA_B,BU,BE,120_plus,very_high,15_30,Y,L,1,0.8760565,38.13910344929935
178.0,375.2147848,9.809027777777779,5,3,0,2,0,1,0,0,0,2,1,238.0,23.0,43.72943,2,1,BAGGAGE,LOWER VERTEX,LANG_02,Round-Trip,google,Paid Search,Paid Search,Logged-Out,AREA_B,AREA_C,AREA_B_TO_AREA_C,BU,CA,120_plus,very_high,9_14,Y,O,0,0.8720754,38.135359236103895
76.0,142.99009650000002,,2,2,0,0,0,0,0,0,0,2,1,6.416666666666667,22.0,54.9543164,1,0,BAGGAGE,CENTRAL VERTEX,LANG_02,One-Way,google,MetaSearches,MetaSearches,Logged-Out,AREA_B,AREA_B,AREA_B_TO_AREA_B,BI,BI,61_120,very_high,unknown_or_oneway,Y,S,0,0.6938907,38.132288569431644
48.0,479.65317,,4,3,0,1,0,1,0,0,0,2,1,313.0833333333333,14.0,45.3107136,3,1,BAGGAGE,UPPER APEX,LANG_09,Multi-City,microsoft,Direct,Direct,Logged-Out,AREA_C,AREA_B,AREA_C_TO_AREA_B,CA,BO,31_60,very_high,unknown_or_oneway,Y,S,1,0.8414178,38.1252404761322
95.0,305.8725865,8.020833333333334,5,5,0,0,0,0,0,1,1,2,1,208.58333333333334,21.0,43.767977,2,1,BAGGAGE,UPPER APEX,LANG_09,Round-Trip,apple,Internal,Paid Search,Logged-In,AREA_C,AREA_B,AREA_C_TO_AREA_B,CA,BU,61_120,very_high,9_14,Y,O,0,0.87059397,38.10413663880295
78.0,525.8697381,14.78125,3,2,1,0,0,0,1,0,0,4,1,358.0833333333333,16.0,46.3951692,2,0,BAGGAGE,LOWER VERTEX,LANG_02,Round-Trip,google,Paid Search,Paid Search,Logged-Out,AREA_B,AREA_B,AREA_B_TO_AREA_B,BU,BE,61_120,very_high,15_30,Y,V,1,0.8207409,38.07841193116858
194.0,589.9592652,14.302083333333334,4,2,1,1,0,1,1,0,0,2,1,359.5,20.0,43.733713,2,1,BAGGAGE,UPPER APEX,LANG_09,Round-Trip,google,MetaSearches,MetaSearches,Logged-Out,AREA_C,AREA_B,AREA_C_TO_AREA_B,CA,BO,120_plus,very_high,15_30,Y,S,0,0.8705607,38.07285205048949
307.0,350.80682440000004,,4,2,1,1,0,1,1,1,0,3,1,333.0,19.0,45.3107136,3,1,BAGGAGE,UPPER APEX,LANG_02,Multi-City,microsoft,Direct,Organic Search,Logged-In,AREA_C,AREA_C,AREA_C_TO_AREA_C,CA,CA,120_plus,very_high,unknown_or_oneway,Y,L,0,0.84011114,38.06603509524307
74.0,658.8294769,16.17361111111111,6,6,0,0,0,0,0,0,0,4,1,392.0833333333333,20.0,48.3242324,3,0,BAGGAGE,GREAT MERIDIAN,LANG_03,Round-Trip,google,Paid Search,Paid Search,Logged-Out,AREA_B,AREA_C,AREA_B_TO_AREA_C,BA,CA,61_120,very_high,15_30,Y,W,0,0.7876555,38.06284611656537
137.0,383.255689,15.770833333333334,3,1,0,2,0,1,0,1,0,2,1,382.0,12.0,46.98451,2,1,BAGGAGE,LOWER VERTEX,LANG_02,Round-Trip,apple,Direct,Direct,Logged-In,AREA_B,AREA_C,AREA_B_TO_AREA_C,BU,CA,120_plus,very_high,15_30,Y,W,1,0.8100591,38.06022850259304
125.0,486.3924705,23.944444444444443,3,3,0,0,0,0,0,0,0,3,1,575.5833333333334,16.0,45.3107136,2,0,BAGGAGE,UPPER APEX,LANG_09,Round-Trip,apple,Direct,Direct,Logged-Out,AREA_B,AREA_B,AREA_B_TO_AREA_B,BE,BU,120_plus,very_high,15_30,Y,S,0,0.8394826,38.03755590805778
236.0,892.4641288,14.0,4,2,2,0,0,0,1,0,0,2,1,343.25,21.0,47.19866,4,1,BAGGAGE,UPPER APEX,LANG_09,Round-Trip,microsoft,Direct,Paid Search,Logged-Out,AREA_C,AREA_B,AREA_C_TO_AREA_B,CA,BU,120_plus,very_high,9_14,Y,S,0,0.8058762,38.036276550229786
145.0,195.22342300000005,16.18402777777778,3,2,0,1,0,1,0,0,0,4,1,389.3333333333333,13.0,44.71452,2,0,BAGGAGE,LOWER VERTEX,LANG_02,Round-Trip,google,Direct,Direct,Logged-Out,AREA_B,AREA_B,AREA_B_TO_AREA_B,BE,BO,120_plus,very_high,15_30,Y,U,0,0.84946185,37.98327903774977
127.0,279.4194936,6.229166666666667,3,2,1,0,0,0,1,0,0,2,1,164.08333333333334,14.0,45.3107136,1,1,BAGGAGE,UPPER APEX,LANG_09,Round-Trip,google,Direct,Paid Search,Logged-Out,AREA_C,AREA_B,AREA_C_TO_AREA_B,CA,BU,120_plus,very_high,6_8,Y,O,0,0.8374529,37.94558798380737
141.0,831.2613437,16.80902777777778,6,2,0,3,1,1,0,1,0,2,1,406.0,23.0,43.72943,2,1,BAGGAGE,LOWER VERTEX,LANG_02,Round-Trip,google,Direct,Direct,Logged-In,AREA_B,AREA_C,AREA_B_TO_AREA_C,BU,CA,120_plus,very_high,15_30,Y,L,1,0.8676307,37.9409968421483
70.0,565.1636933,,4,2,0,2,0,1,0,1,0,2,1,-290.8333333333333,22.0,44.71452,2,1,BAGGAGE,LOWER VERTEX,LANG_02,Round-Trip,google,Internal,Internal,Logged-In,AREA_B,AREA_C,AREA_B_TO_AREA_C,BU,CA,61_120,very_high,unknown_or_oneway,Y,L,0,0.84845626,37.93831456528187
157.0,512.2742112,9.25,4,4,0,0,0,0,0,0,0,3,1,223.0,19.0,44.71452,1,1,BAGGAGE,UPPER APEX,LANG_09,Round-Trip,google,Paid Search,Paid Search,Logged-Out,AREA_C,AREA_C,AREA_C_TO_AREA_C,CA,CA,120_plus,very_high,9_14,Y,L,1,0.84835756,37.933901005539894
12.0,80.1443526,4.46875,3,3,0,0,0,0,0,0,0,4,1,108.25,13.0,50.779248,2,0,BAGGAGE,UPPER APEX,LANG_09,Round-Trip,google,Paid Search,Paid Search,Logged-Out,AREA_C,AREA_C,AREA_C_TO_AREA_C,CE,CU,8_14,high,3_5,Y,U,0,0.7464164,37.90246297613812
161.0,515.6021022,35.65625,5,2,0,3,0,1,0,1,0,4,1,859.0,10.0,43.2531604,2,0,BAGGAGE,NORTH MERIDIAN,LANG_02,Round-Trip,google,Paid Search,Organic Search,Logged-In,AREA_B,AREA_B,AREA_B_TO_AREA_B,BI,BE,120_plus,very_high,30_plus,Y,O,1,0.8760565,37.8922119821522
20.0,271.7319369,6.239583333333333,3,3,0,0,0,0,0,0,0,2,1,164.25,19.0,44.71452,1,1,BAGGAGE,UPPER APEX,LANG_09,Round-Trip,google,Direct,Paid Social,Logged-Out,AREA_C,AREA_B,AREA_C_TO_AREA_B,CA,BU,15_30,very_high,6_8,Y,U,1,0.8468567,37.86679144376278
23.0,300.6336209,9.979166666666666,4,4,0,0,0,0,0,1,0,4,1,242.5,21.0,44.0909152,2,0,BAGGAGE,LOWER VERTEX,LANG_02,Round-Trip,apple,Direct,Direct,Logged-In,AREA_B,AREA_D,AREA_B_TO_AREA_D,BU,DA,15_30,very_high,9_14,Y,U,0,0.85747635,37.80691719458122
158.0,405.9975624000001,15.07986111111111,4,2,0,2,0,1,0,0,0,2,1,376.4166666666667,19.0,45.3107136,3,1,BAGGAGE,UPPER APEX,LANG_09,Round-Trip,google,Paid Search,Organic Search,Logged-Out,AREA_C,AREA_B,AREA_C_TO_AREA_B,CA,BI,120_plus,very_high,15_30,Y,O,1,0.83417493,37.7970613930767
86.0,226.8670836,9.21875,3,3,0,0,0,0,0,1,0,2,1,237.16666666666666,20.0,44.71452,2,1,BAGGAGE,UPPER APEX,LANG_09,Round-Trip,google,Organic Search,Organic Search,Logged-In,AREA_C,AREA_B,AREA_C_TO_AREA_B,CA,BU,61_120,very_high,9_14,Y,O,1,0.8452593,37.7953642691946
288.0,514.2032744,19.0,2,2,0,0,0,0,0,1,0,2,1,463.25,21.0,61.058448,4,1,BAGGAGE,UPPER APEX,LANG_02,Round-Trip,google,Direct,Direct,Logged-In,AREA_C,AREA_B,AREA_C_TO_AREA_B,CA,BU,120_plus,very_high,15_30,Y,Q,0,0.6181194,37.74141237966442
171.0,839.9969504999999,17.552083333333332,4,2,0,2,0,1,0,0,0,4,1,423.1666666666667,21.0,46.0559556,3,0,BAGGAGE,SOUTH HORIZON,LANG_02,Round-Trip,google,Paid Search,Paid Search,Logged-Out,AREA_C,AREA_B,AREA_C_TO_AREA_B,CA,BU,120_plus,very_high,15_30,Y,K,0,0.8193482,37.735865059652276
184.0,237.3017565,8.23263888888889,3,2,1,0,0,0,1,1,1,4,1,198.5,20.0,44.71452,2,0,BAGGAGE,UPPER APEX,LANG_09,Round-Trip,mozilla,Paid Search,Paid Search,Logged-In,AREA_C,AREA_B,AREA_C_TO_AREA_B,CA,BU,120_plus,very_high,9_14,Y,L,1,0.8439081,37.734944342050554
22.0,215.3813625,12.725694444444445,8,6,1,1,0,1,1,0,0,2,1,307.75,16.0,43.018452,2,1,BAGGAGE,NEW APEX,LANG_02,Round-Trip,google,Direct,Paid Search,Logged-Out,AREA_C,AREA_C,AREA_C_TO_AREA_C,CE,CA,15_30,very_high,9_14,Y,L,0,0.8765328,37.70708388403416
131.0,86.966315,,9,9,0,0,0,0,0,0,0,2,1,3.1666666666666665,23.0,45.6936138,1,0,BAGGAGE,CENTRAL MERIDIAN,LANG_02,One-Way,microsoft,Direct,Affiliate,Logged-Out,AREA_C,AREA_B,AREA_C_TO_AREA_B,CI,BI,120_plus,high,unknown_or_oneway,Y,O,1,0.8249208,37.693611240187956
71.0,419.374228,19.180555555555557,2,2,0,0,0,0,0,0,0,4,1,461.3333333333333,22.0,59.61936,3,0,BAGGAGE,UPPER APEX,LANG_09,Round-Trip,google,Direct,Paid Search,Logged-Out,AREA_B,AREA_B,AREA_B_TO_AREA_B,BE,BU,61_120,very_high,15_30,Y,S,0,0.6322367,37.69354856311798
48.0,325.3606648,27.64236111111111,2,2,0,0,0,0,0,0,0,2,1,669.3333333333334,14.0,61.3873824,3,0,BAGGAGE,UPPER APEX,LANG_09,Round-Trip,google,Direct,Organic Search,Logged-Out,AREA_B,AREA_C,AREA_B_TO_AREA_C,BE,CA,31_60,very_high,15_30,Y,W,0,0.61400664,37.6922603153904
156.0,248.70567229999995,17.038194444444443,3,2,1,0,0,0,1,1,1,4,1,410.1666666666667,9.0,45.8949148,2,0,BAGGAGE,UPPER HORIZON,LANG_05,Round-Trip,mozilla,Organic Search,Paid Search,Logged-In,AREA_C,AREA_D,AREA_C_TO_AREA_D,CI,DA,120_plus,very_high,15_30,Y,L,0,0.82124156,37.690811316184735
128.0,455.4105334,19.48611111111111,2,2,0,0,0,0,0,0,0,4,1,469.8333333333333,21.0,50.8888928,1,0,BAGGAGE,NEW AURORA,LANG_02,Round-Trip,google,Paid Search,Paid Search,Logged-Out,AREA_C,AREA_B,AREA_C_TO_AREA_B,CU,BU,120_plus,very_high,15_30,Y,Q,0,0.7405388,37.685198382080266
92.0,216.5951647,23.131944444444443,2,2,0,0,0,0,0,0,0,4,1,556.4166666666666,19.0,59.4146326,3,0,BAGGAGE,CENTRAL MERIDIAN,LANG_02,Round-Trip,google,Paid Search,Paid Search,Logged-Out,AREA_B,AREA_B,AREA_B_TO_AREA_B,BI,BI,61_120,very_high,15_30,Y,W,0,0.6342575,37.68417606318265
116.0,709.3226205000001,23.177083333333332,5,2,0,2,1,1,0,0,0,4,1,561.0833333333334,22.0,48.3619228,3,0,BAGGAGE,NEW HORIZON,LANG_02,Round-Trip,google,Direct,Paid Search,Logged-Out,AREA_C,AREA_B,AREA_C_TO_AREA_B,CE,BU,61_120,very_high,15_30,Y,Q,0,0.7788579,37.66706499316857
190.0,832.7089976999999,29.32638888888889,3,3,0,0,0,0,0,0,0,4,1,704.75,16.0,45.3192796,1,0,BAGGAGE,UPPER APEX,LANG_09,Round-Trip,mozilla,Direct,Direct,Logged-Out,AREA_B,AREA_B,AREA_B_TO_AREA_B,BE,BU,120_plus,very_high,15_30,Y,Y,0,0.83057714,37.641157414332106
56.0,149.91784900000002,,4,4,0,0,0,0,0,0,0,1,0,3.75,15.0,44.71452,1,1,BAGGAGE,UPPER APEX,LANG_09,Round-Trip,google,Paid Search,MetaSearches,Logged-Out,AREA_C,AREA_B,AREA_C_TO_AREA_B,CA,BU,31_60,very_high,unknown_or_oneway,Y,O,0,0.8411445,37.61137266485453
59.0,138.3070643,,3,3,0,0,0,0,0,0,0,2,1,76.66666666666667,18.0,49.1311496,3,1,BAGGAGE,LOWER VERTEX,LANG_02,Multi-City,mozilla,Paid Search,Paid Search,Logged-Out,AREA_B,AREA_C,AREA_B_TO_AREA_C,BI,CA,31_60,very_high,unknown_or_oneway,Y,V,0,0.7646295,37.56712552879801
58.0,544.964637,6.038194444444445,3,3,0,0,0,0,0,0,0,4,1,147.0,1.0,50.8888928,3,0,BAGGAGE,NEW AURORA,LANG_02,Round-Trip,google,MetaSearches,MetaSearches,Logged-Out,AREA_C,AREA_B,AREA_C_TO_AREA_B,CU,BU,31_60,very_high,6_8,Y,T,0,0.738075,37.55982046575089
164.0,641.473476,,3,3,0,0,0,0,0,1,0,2,1,399.5,20.0,45.3107136,2,1,BAGGAGE,UPPER APEX,LANG_09,Multi-City,apple,Direct,Paid Search,Logged-In,AREA_C,AREA_D,AREA_C_TO_AREA_D,CA,DA,120_plus,very_high,unknown_or_oneway,Y,V,0,0.8289266,37.55925680416832
279.0,257.8344585,,3,3,0,0,0,0,0,0,0,2,1,475.8333333333333,12.0,44.71452,1,1,BAGGAGE,UPPER APEX,LANG_09,Multi-City,mozilla,Direct,Email,Logged-Out,AREA_C,AREA_B,AREA_C_TO_AREA_B,CA,BO,120_plus,very_high,unknown_or_oneway,Y,O,0,0.8397072,37.54710419890166
26.0,59.1135377,9.402777777777779,1,1,0,0,0,0,0,0,0,4,1,227.41666666666666,20.0,134.2874688,5,0,BAGGAGE,SOUTH HORIZON,LANG_02,Round-Trip,apple,Paid Search,Paid Search,Logged-Out,AREA_C,AREA_C,AREA_C_TO_AREA_C,CA,CI,15_30,high,9_14,Y,K,0,0.27951875,37.53586586146946
148.0,222.6140646,16.118055555555557,3,3,0,0,0,0,0,0,0,2,1,401.4166666666667,15.0,44.71452,2,1,BAGGAGE,UPPER APEX,LANG_09,Round-Trip,apple,Direct,Direct,Logged-Out,AREA_C,AREA_B,AREA_C_TO_AREA_B,CA,BU,120_plus,very_high,15_30,Y,O,1,0.8393755,37.53227239940643
25.0,572.5809927,25.875,3,2,1,0,0,0,1,0,0,2,1,626.0,10.0,49.031784,4,1,BAGGAGE,UPPER APEX,LANG_09,Round-Trip,google,Internal,Paid Search,Logged-Out,AREA_C,AREA_C,AREA_C_TO_AREA_C,CA,CA,15_30,very_high,15_30,Y,L,1,0.7653895,37.52841274030924
208.0,235.2472014,14.784722222222221,4,3,1,0,0,0,1,0,0,4,1,358.0,23.0,44.0789228,2,0,BAGGAGE,LOWER VERTEX,LANG_02,Round-Trip,google,Paid Search,Paid Search,Logged-Out,AREA_B,AREA_B,AREA_B_TO_AREA_B,BU,BE,120_plus,very_high,15_30,Y,O,1,0.85117507,37.518880191393755
194.0,407.2888869,8.21875,4,4,0,0,0,0,0,0,0,4,1,200.33333333333334,18.0,46.2512604,4,0,BAGGAGE,OLD AURORA,LANG_02,Round-Trip,apple,Direct,Paid Search,Logged-Out,AREA_B,AREA_B,AREA_B_TO_AREA_B,BO,BI,120_plus,very_high,9_14,Y,L,1,0.810699,37.49584990997486
144.0,225.6361494,10.229166666666666,2,2,0,0,0,0,0,0,0,2,1,260.1666666666667,8.0,59.61936,3,1,BAGGAGE,UPPER APEX,LANG_09,Round-Trip,google,Paid Search,Organic Search,Logged-Out,AREA_C,AREA_B,AREA_C_TO_AREA_B,CA,BU,120_plus,very_high,9_14,Y,O,0,0.62852114,37.47202837500572
71.0,1152.6769372,8.0,4,3,0,1,0,1,0,0,0,2,1,199.25,19.0,45.3107136,3,1,BAGGAGE,UPPER APEX,LANG_02,Round-Trip,apple,Direct,Direct,Logged-Out,AREA_C,AREA_B,AREA_C_TO_AREA_B,CA,BU,61_120,very_high,6_8,Y,E,0,0.82692397,37.468515010878754
157.0,608.9432344,16.0,4,2,0,2,0,1,0,0,0,2,1,391.25,16.0,45.3107136,3,1,BAGGAGE,UPPER APEX,LANG_09,Round-Trip,apple,Direct,Direct,Logged-Out,AREA_C,AREA_B,AREA_C_TO_AREA_B,CA,BU,120_plus,very_high,15_30,Y,W,0,0.82692397,37.468515010878754
184.0,227.5335184,16.17361111111111,3,2,0,1,0,1,0,1,0,4,1,390.25,18.0,46.2923772,3,0,BAGGAGE,LOWER ZENITH,LANG_02,Round-Trip,google,Organic Search,Organic Search,Logged-In,AREA_C,AREA_B,AREA_C_TO_AREA_B,CE,BO,120_plus,very_high,15_30,Y,L,0,0.80934834,37.466658863809485
84.0,329.3815452,15.302083333333334,3,2,0,1,0,1,0,1,0,2,1,383.5,21.0,43.7482752,2,1,BAGGAGE,UPPER APEX,LANG_09,Round-Trip,opera,Affiliate,Affiliate,Logged-In,AREA_C,AREA_B,AREA_C_TO_AREA_B,CA,BO,61_120,very_high,15_30,Y,L,0,0.85601586,37.4492174640976
165.0,324.5811588,17.11111111111111,4,3,1,0,0,0,1,1,0,4,1,413.5,11.0,46.1399024,3,0,BAGGAGE,UPPER APEX,LANG_02,Round-Trip,microsoft,Paid Search,Paid Search,Logged-In,AREA_C,AREA_B,AREA_C_TO_AREA_B,CU,BI,120_plus,very_high,15_30,Y,L,1,0.81144327,37.43991324646005
11.0,209.4755338,126.22916666666667,2,2,0,0,0,0,0,0,0,2,1,3044.1666666666665,7.0,47.19866,1,1,BAGGAGE,UPPER APEX,LANG_02,Round-Trip,google,Direct,MetaSearches,Logged-Out,AREA_C,AREA_B,AREA_C_TO_AREA_B,CA,BU,8_14,very_high,30_plus,Y,L,1,0.7929817,37.4276728991568
77.0,272.1328257,17.23611111111111,3,3,0,0,0,0,0,0,0,2,1,428.0833333333333,20.0,44.71452,1,1,BAGGAGE,UPPER APEX,LANG_09,Round-Trip,mozilla,Direct,Organic Search,Logged-Out,AREA_C,AREA_B,AREA_C_TO_AREA_B,CA,BI,61_120,very_high,15_30,Y,O,1,0.8368239,37.41817814880609
65.0,123.8896297,17.427083333333332,3,2,0,0,1,1,0,1,0,2,1,434.4166666666667,14.0,44.71452,1,1,BAGGAGE,UPPER APEX,LANG_09,Round-Trip,apple,Direct,Referrals,Logged-In,AREA_C,AREA_B,AREA_C_TO_AREA_B,CA,BO,61_120,very_high,15_30,Y,O,0,0.8368239,37.41817814880609
122.0,263.5137165,12.322916666666666,3,3,0,0,0,0,0,1,0,2,1,312.0,12.0,44.71452,1,1,BAGGAGE,UPPER APEX,LANG_09,Round-Trip,google,Paid Search,Paid Search,Logged-In,AREA_C,AREA_B,AREA_C_TO_AREA_B,CA,BO,120_plus,very_high,9_14,Y,O,1,0.83550966,37.35941330656529
73.0,1259.0443856,16.54513888888889,4,2,1,1,0,1,1,1,0,4,1,399.0,22.0,46.0559556,3,0,BAGGAGE,SOUTH HORIZON,LANG_02,Round-Trip,apple,MetaSearches,MetaSearches,Logged-In,AREA_C,AREA_B,AREA_C_TO_AREA_B,CA,BU,61_120,very_high,15_30,Y,M,1,0.81113034,37.35738314903977
147.0,489.3978516,16.0,4,2,1,1,0,1,1,0,0,2,1,391.25,23.0,45.3107136,3,1,BAGGAGE,UPPER APEX,LANG_09,Round-Trip,mozilla,Email,Email,Logged-Out,AREA_C,AREA_B,AREA_C_TO_AREA_B,CA,BU,120_plus,very_high,15_30,Y,U,1,0.82417434,37.34392768190346
108.0,362.868609,13.427083333333334,3,2,1,0,0,0,1,0,0,2,1,338.4166666666667,13.0,44.71452,1,1,BAGGAGE,UPPER APEX,LANG_09,Round-Trip,google,Paid Search,Paid Search,Logged-Out,AREA_C,AREA_B,AREA_C_TO_AREA_B,CA,BO,61_120,very_high,9_14,Y,U,1,0.83508927,37.340615699765685
158.0,410.3049754999999,55.979166666666664,4,1,1,1,1,1,1,1,0,4,1,1346.6666666666667,22.0,44.2074128,2,0,BAGGAGE,LOWER VERTEX,LANG_02,Round-Trip,apple,Direct,Direct,Logged-In,AREA_B,AREA_C,AREA_B_TO_AREA_C,BU,CO,120_plus,very_high,30_plus,Y,U,0,0.84420854,37.3202753521802
167.0,282.81848240000005,10.010416666666666,2,2,0,0,0,0,0,1,0,2,1,246.91666666666666,11.0,49.6828,1,1,BAGGAGE,UPPER APEX,LANG_02,Round-Trip,google,Paid Search,Paid Search,Logged-In,AREA_C,AREA_B,AREA_C_TO_AREA_B,CA,BU,120_plus,very_high,9_14,Y,L,0,0.7510539,37.31446216006279
47.0,285.9326517,19.427083333333332,3,3,0,0,0,0,0,0,0,2,1,482.4166666666667,18.0,44.71452,1,1,BAGGAGE,UPPER APEX,LANG_09,Round-Trip,google,Direct,Organic Search,Logged-Out,AREA_C,AREA_B,AREA_C_TO_AREA_B,CA,BO,31_60,very_high,15_30,Y,U,1,0.834385,37.30912377832174
92.0,301.6264203,7.319444444444445,3,3,0,0,0,0,0,0,0,2,1,191.83333333333334,16.0,44.71452,1,1,BAGGAGE,UPPER APEX,LANG_09,Round-Trip,google,Direct,Organic Search,Logged-Out,AREA_C,AREA_B,AREA_C_TO_AREA_B,CA,BO,61_120,very_high,6_8,Y,O,1,0.83431596,37.306037484734055
26.0,72.84012440000001,,1,1,0,0,0,0,0,0,0,2,1,9.083333333333334,3.0,59.7966762,1,0,BAGGAGE,UPPER MERIDIAN,LANG_02,One-Way,google,MetaSearches,MetaSearches,Logged-Out,AREA_B,AREA_B,AREA_B_TO_AREA_B,BI,BU,15_30,high,unknown_or_oneway,Y,L,0,0.6235215,37.28451364503926
15.0,362.9945292,11.319444444444445,4,2,0,2,0,1,0,1,0,2,1,287.8333333333333,20.0,42.1858368,2,1,BAGGAGE,UPPER APEX,LANG_09,Round-Trip,google,Direct,Paid Search,Logged-In,AREA_C,AREA_B,AREA_C_TO_AREA_B,CA,BO,15_30,very_high,9_14,Y,U,0,0.88377476,37.28277768301391
104.0,278.06777880000004,8.524305555555555,3,3,0,0,0,0,0,1,0,2,1,224.16666666666666,12.0,44.71452,1,1,BAGGAGE,UPPER APEX,LANG_09,Round-Trip,microsoft,Display,Paid Search,Logged-In,AREA_C,AREA_D,AREA_C_TO_AREA_D,CA,DA,61_120,very_high,9_14,Y,O,0,0.8329856,37.246550375168326
139.0,147.7048229,7.319444444444445,3,3,0,0,0,0,0,0,0,2,1,191.83333333333334,17.0,44.71452,1,1,BAGGAGE,UPPER APEX,LANG_09,Round-Trip,microsoft,Paid Search,Paid Search,Logged-Out,AREA_C,AREA_B,AREA_C_TO_AREA_B,CA,BO,120_plus,very_high,6_8,Y,O,0,0.8329856,37.246550375168326
139.0,552.1827769,56.78472222222222,4,1,0,3,0,1,0,0,0,2,1,1366.0,12.0,44.2228316,2,1,BAGGAGE,LOWER VERTEX,LANG_02,Round-Trip,google,Direct,Affiliate,Logged-Out,AREA_B,AREA_C,AREA_B_TO_AREA_C,BU,CA,120_plus,very_high,30_plus,Y,U,0,0.8417593,37.22498083624511
114.0,200.24952350000004,,2,2,0,0,0,0,0,1,0,2,1,12.083333333333334,15.0,55.6066173,1,0,BAGGAGE,LOWER ZENITH,LANG_02,One-Way,apple,Direct,Direct,Logged-In,AREA_C,AREA_C,AREA_C_TO_AREA_C,CA,CE,61_120,very_high,unknown_or_oneway,Y,T,0,0.66931653,37.218428148933434
13.0,378.1237984,8.427083333333334,4,2,1,1,0,1,1,0,0,2,1,218.41666666666666,18.0,42.1858368,2,1,BAGGAGE,UPPER APEX,LANG_09,Round-Trip,microsoft,Paid Search,Paid Search,Logged-Out,AREA_C,AREA_B,AREA_C_TO_AREA_B,CA,BO,8_14,very_high,9_14,Y,U,1,0.88207424,37.21103980207443
83.0,354.91250820000005,11.760416666666666,4,4,0,0,0,0,0,0,0,2,1,286.0,20.0,46.9468196,3,1,BAGGAGE,LOWER VERTEX,LANG_02,Round-Trip,apple,Direct,Direct,Logged-Out,AREA_B,AREA_C,AREA_B_TO_AREA_C,BU,CA,61_120,very_high,9_14,Y,O,0,0.79261863,37.21092394296565
277.0,481.4944317,18.22222222222222,3,3,0,0,0,0,0,0,0,2,1,457.9166666666667,23.0,48.56922,3,1,BAGGAGE,UPPER APEX,LANG_09,Round-Trip,google,Direct,Direct,Logged-Out,AREA_C,AREA_D,AREA_C_TO_AREA_D,CA,DA,120_plus,very_high,15_30,Y,L,0,0.7660895,37.20836941646218
187.0,499.3339833,15.993055555555555,3,3,0,0,0,0,0,0,0,2,1,404.4166666666667,13.0,45.3107136,2,1,BAGGAGE,UPPER APEX,LANG_09,Round-Trip,microsoft,Organic Search,Email,Logged-Out,AREA_C,AREA_D,AREA_C_TO_AREA_D,CA,DA,120_plus,very_high,15_30,Y,L,0,0.82110804,37.204991379811474
194.0,434.2024023,14.21875,3,3,0,0,0,0,0,0,0,2,1,361.8333333333333,19.0,45.3107136,2,1,BAGGAGE,UPPER APEX,LANG_09,Round-Trip,google,Paid Search,Paid Search,Logged-Out,AREA_C,AREA_D,AREA_C_TO_AREA_D,CA,DA,120_plus,very_high,15_30,Y,V,0,0.82110804,37.204991379811474
168.0,503.976327,15.993055555555555,3,2,1,0,0,0,1,1,0,2,1,404.4166666666667,8.0,45.3107136,2,1,BAGGAGE,UPPER APEX,LANG_09,Round-Trip,google,Internal,Internal,Logged-In,AREA_C,AREA_D,AREA_C_TO_AREA_D,CA,DA,120_plus,very_high,15_30,Y,W,0,0.82110804,37.204991379811474
44.0,282.89215,14.9375,5,3,1,1,0,1,1,1,0,3,1,359.5,2.0,41.63076,2,0,BAGGAGE,UPPER APEX,LANG_09,Round-Trip,opera,Paid MetaSearches,Organic Search,Logged-In,AREA_B,AREA_B,AREA_B_TO_AREA_B,BE,BU,31_60,very_high,15_30,Y,O,1,0.8925082,37.15579503657103
142.0,474.252307,15.211805555555555,5,3,1,1,0,1,1,0,0,2,1,381.25,14.0,44.71452,3,1,BAGGAGE,UPPER APEX,LANG_09,Round-Trip,microsoft,Internal,Email,Logged-Out,AREA_C,AREA_B,AREA_C_TO_AREA_B,CA,BO,120_plus,very_high,15_30,Y,L,0,0.8304786,37.13445235418558
59.0,336.0972892,5.322916666666667,4,4,0,0,0,0,0,0,0,3,1,141.91666666666666,10.0,44.71452,2,0,BAGGAGE,UPPER APEX,LANG_09,Round-Trip,apple,Organic Search,Organic Search,Logged-Out,AREA_C,AREA_B,AREA_C_TO_AREA_B,CA,BU,31_60,very_high,6_8,Y,L,0,0.82995474,37.11102797219753
82.0,489.9100984,15.48263888888889,3,2,1,0,0,0,1,0,0,2,1,392.1666666666667,20.0,48.56922,3,1,BAGGAGE,LOWER VERTEX,LANG_02,Round-Trip,google,MetaSearches,Organic Search,Logged-Out,AREA_C,AREA_D,AREA_C_TO_AREA_D,CA,DA,61_120,very_high,15_30,Y,S,0,0.7639049,37.102266563508515
104.0,202.6869788,15.128472222222221,2,1,0,1,0,1,0,0,0,4,1,364.3333333333333,19.0,59.4146326,4,0,BAGGAGE,NORTH MERIDIAN,LANG_02,Round-Trip,google,Direct,Paid Search,Logged-Out,AREA_B,AREA_B,AREA_B_TO_AREA_B,BI,BI,61_120,very_high,15_30,Y,L,0,0.6241854,37.08574522423934
52.0,140.3436308,,3,2,0,1,0,1,0,1,0,1,0,4.0,17.0,43.7097282,1,1,BAGGAGE,OLD HORIZON,LANG_02,One-Way,google,MetaSearches,Paid Search,Logged-In,AREA_B,AREA_C,AREA_B_TO_AREA_C,BO,CA,31_60,very_high,unknown_or_oneway,Y,L,1,0.8481817,37.0737926442152
15.0,246.092614,20.770833333333332,2,2,0,0,0,0,0,0,0,4,1,502.0833333333333,22.0,55.97881,4,0,BAGGAGE,LOWER VERTEX,LANG_02,Round-Trip,apple,Paid Search,Paid Search,Logged-Out,AREA_D,AREA_C,AREA_D_TO_AREA_C,DA,CU,15_30,very_high,15_30,Y,W,0,0.66216904,37.06743483602584
10.0,237.6773756,23.239583333333332,2,1,0,1,0,1,0,0,0,2,1,572.25,22.0,47.19866,1,1,BAGGAGE,UPPER APEX,LANG_09,Round-Trip,apple,Direct,Direct,Logged-Out,AREA_C,AREA_B,AREA_C_TO_AREA_B,CA,BU,8_14,very_high,15_30,Y,L,0,0.7852307,37.0618366515696
100.0,160.513991,7.270833333333333,2,1,0,1,0,1,0,0,0,2,1,189.16666666666666,21.0,50.6558976,2,1,BAGGAGE,UPPER APEX,LANG_02,Round-Trip,microsoft,Direct,Paid Search,Logged-Out,AREA_C,AREA_B,AREA_C_TO_AREA_B,CA,BU,61_120,very_high,6_8,Y,U,1,0.7313314,37.04624891651917
20.0,237.6992189,12.21875,3,2,0,1,0,1,0,0,0,2,1,309.1666666666667,21.0,42.1858368,2,1,BAGGAGE,UPPER APEX,LANG_09,Round-Trip,google,Paid Search,Paid Search,Logged-Out,AREA_C,AREA_B,AREA_C_TO_AREA_B,CA,BU,15_30,very_high,9_14,Y,O,1,0.87815535,37.04571830904922
60.0,508.9780144,9.98263888888889,4,2,1,1,0,1,1,0,0,2,1,260.1666666666667,20.0,44.71452,3,1,BAGGAGE,UPPER APEX,LANG_09,Round-Trip,mozilla,Paid Search,Paid Search,Logged-Out,AREA_C,AREA_D,AREA_C_TO_AREA_D,CA,DA,31_60,very_high,9_14,Y,O,0,0.8279645,37.02203451003313
121.0,108.3701792,5.517361111111111,4,2,0,2,0,1,0,1,0,2,1,134.66666666666666,21.0,43.0904064,2,1,BAGGAGE,UPPER APEX,LANG_09,Round-Trip,google,Paid Search,Paid Search,Logged-In,AREA_C,AREA_C,AREA_C_TO_AREA_C,CA,CE,120_plus,very_high,6_8,Y,L,0,0.85913396,37.02043143744507
184.0,436.2201236,15.0,2,2,0,0,0,0,0,0,0,2,1,367.25,12.0,58.998325,4,1,BAGGAGE,UPPER APEX,LANG_09,Round-Trip,opera,Direct,Paid Search,Logged-Out,AREA_C,AREA_B,AREA_C_TO_AREA_B,CA,BU,120_plus,very_high,15_30,Y,Q,0,0.62738633,37.014742689830065
220.0,138.9893462,,2,2,0,0,0,0,0,0,0,3,1,242.66666666666666,12.0,51.4953656,2,0,BAGGAGE,LOWER VERTEX,LANG_02,Multi-City,google,MetaSearches,MetaSearches,Logged-Out,AREA_B,AREA_B,AREA_B_TO_AREA_B,BU,BE,120_plus,very_high,unknown_or_oneway,Y,O,0,0.7186345,37.00634559955606
152.0,326.0497995,15.333333333333334,3,3,0,0,0,0,0,0,0,4,1,369.4166666666667,10.0,48.3173796,3,0,BAGGAGE,CENTRAL AURORA,LANG_01,Round-Trip,apple,Direct,Direct,Logged-Out,AREA_B,AREA_B,AREA_B_TO_AREA_B,BO,BO,120_plus,very_high,15_30,Y,L,0,0.7656416,36.99379725957906
15.0,111.4869183,15.6875,6,6,0,0,0,0,0,1,0,4,1,379.3333333333333,7.0,42.9464976,2,0,BAGGAGE,CENTRAL APEX,LANG_02,Round-Trip,google,Organic Search,Organic Search,Logged-In,AREA_C,AREA_C,AREA_C_TO_AREA_C,CU,CE,15_30,very_high,15_30,Y,U,0,0.86137605,36.99308434095497
60.0,25.7952241,,1,1,0,0,0,0,0,1,0,2,1,8.0,20.0,117.2017252,3,0,BAGGAGE,NORTH HORIZON,LANG_04,One-Way,apple,Direct,Direct,Logged-In,AREA_C,AREA_B,AREA_C_TO_AREA_B,CE,BO,31_60,low,unknown_or_oneway,Y,S,0,0.31550363,36.97756939850551
229.0,419.0881236,,2,2,0,0,0,0,0,0,0,3,1,7.666666666666667,16.0,58.998325,4,1,BAGGAGE,UPPER APEX,LANG_09,Round-Trip,google,Paid Search,Paid Search,Logged-Out,AREA_C,AREA_B,AREA_C_TO_AREA_B,CA,BU,120_plus,very_high,unknown_or_oneway,Y,S,0,0.6266232,36.96971999029666
75.0,315.6768018,14.069444444444445,3,3,0,0,0,0,0,1,0,4,1,338.6666666666667,19.0,45.3107136,2,0,BAGGAGE,UPPER APEX,LANG_09,Round-Trip,opera,MetaSearches,MetaSearches,Logged-In,AREA_C,AREA_D,AREA_C_TO_AREA_D,CE,DA,61_120,very_high,15_30,Y,O,0,0.8155105,36.951363219758605
76.0,334.2316144,13.010416666666666,2,2,0,0,0,0,0,1,0,2,1,318.9166666666667,20.0,49.031784,1,1,BAGGAGE,UPPER APEX,LANG_02,Round-Trip,google,Direct,Organic Search,Logged-In,AREA_C,AREA_B,AREA_C_TO_AREA_B,CA,BU,61_120,very_high,9_14,Y,S,0,0.7528433,36.91325107021093
220.0,404.1627252,14.222222222222221,3,2,1,0,0,0,1,0,0,2,1,361.9166666666667,23.0,45.3107136,2,1,BAGGAGE,UPPER APEX,LANG_09,Round-Trip,apple,MetaSearches,MetaSearches,Logged-Out,AREA_C,AREA_D,AREA_C_TO_AREA_D,CA,DA,120_plus,very_high,15_30,Y,U,0,0.8146684,36.91320732060699
194.0,732.0713466999999,18.770833333333332,4,4,0,0,0,0,0,0,0,2,1,454.0,21.0,44.260522,2,1,BAGGAGE,LOWER VERTEX,LANG_02,Round-Trip,apple,Direct,Direct,Logged-Out,AREA_B,AREA_C,AREA_B_TO_AREA_C,BU,CA,120_plus,very_high,15_30,Y,V,0,0.8339752,36.91217750490928
102.0,162.3561093,8.39236111111111,6,4,0,2,0,1,0,0,0,4,1,203.91666666666666,22.0,40.448652,1,0,BAGGAGE,NORTH HORIZON,LANG_04,Round-Trip,google,MetaSearches,Paid Search,Logged-Out,AREA_C,AREA_B,AREA_C_TO_AREA_B,CE,BU,61_120,very_high,9_14,Y,U,1,0.9125303,36.91062066555834
54.0,23.2241392,8.9375,3,2,0,0,1,1,0,0,0,2,1,216.08333333333334,21.0,53.1229056,1,1,BAGGAGE,UPPER APEX,LANG_09,Round-Trip,google,Paid Search,Email,Logged-Out,AREA_C,AREA_B,AREA_C_TO_AREA_B,CA,BA,31_60,low,9_14,Y,O,0,0.6947764,36.90854195097199
48.0,411.9577852000001,14.319444444444445,4,2,0,2,0,1,0,0,0,2,1,359.8333333333333,20.0,42.1858368,2,1,BAGGAGE,UPPER APEX,LANG_09,Round-Trip,google,Paid Search,Organic Search,Logged-Out,AREA_C,AREA_B,AREA_C_TO_AREA_B,CA,BO,31_60,very_high,15_30,Y,W,1,0.87465245,36.89794531483497
132.0,1074.454795,11.0,5,3,0,2,0,1,0,0,0,2,1,271.25,10.0,44.71452,4,1,BAGGAGE,UPPER APEX,LANG_09,Round-Trip,google,Paid Search,Paid Search,Logged-Out,AREA_C,AREA_B,AREA_C_TO_AREA_B,CA,BU,120_plus,very_high,9_14,Y,H,0,0.82417434,36.852560212404725
189.0,471.9454832,9.229166666666666,4,2,1,1,0,1,1,1,0,2,1,236.16666666666666,8.0,44.71452,3,1,BAGGAGE,UPPER APEX,LANG_09,Round-Trip,microsoft,Organic Search,Paid Search,Logged-In,AREA_C,AREA_B,AREA_C_TO_AREA_B,CA,BU,120_plus,very_high,9_14,Y,L,0,0.82417434,36.852560212404725
122.0,736.3179412,13.010416666666666,4,2,1,1,0,1,1,1,0,2,1,318.9166666666667,11.0,44.71452,4,1,BAGGAGE,UPPER APEX,LANG_09,Round-Trip,google,Organic Search,Organic Search,Logged-In,AREA_C,AREA_B,AREA_C_TO_AREA_B,CA,BU,120_plus,very_high,9_14,Y,V,0,0.82417434,36.852560212404725
220.0,404.1627252,14.222222222222221,3,2,1,0,0,0,1,0,0,2,1,361.9166666666667,19.0,45.3107136,2,1,BAGGAGE,UPPER APEX,LANG_09,Round-Trip,apple,Direct,Direct,Logged-Out,AREA_C,AREA_D,AREA_C_TO_AREA_D,CA,DA,120_plus,very_high,15_30,Y,U,0,0.8131777,36.845662088600925
245.0,850.4830194,21.42013888888889,6,3,1,2,0,1,1,0,0,4,1,518.9166666666666,19.0,45.8760696,3,0,BAGGAGE,NEW HORIZON,LANG_02,Round-Trip,apple,Direct,Direct,Logged-Out,AREA_C,AREA_D,AREA_C_TO_AREA_D,CE,DA,120_plus,very_high,15_30,Y,V,0,0.8031542,36.84555662599168
117.0,791.3797609,13.36111111111111,4,2,0,2,0,1,0,1,0,4,1,325.5,19.0,45.8760696,3,0,BAGGAGE,NEW HORIZON,LANG_02,Round-Trip,google,Paid Search,Organic Search,Logged-In,AREA_C,AREA_D,AREA_C_TO_AREA_D,CE,DA,61_120,very_high,9_14,Y,Q,0,0.80200374,36.7927794537034
251.0,781.5853965,16.74652777777778,6,2,1,3,0,1,1,0,0,4,1,406.75,21.0,45.8760696,3,0,BAGGAGE,NEW HORIZON,LANG_02,Round-Trip,google,Paid Search,Paid Search,Logged-Out,AREA_C,AREA_D,AREA_C_TO_AREA_D,CE,DA,120_plus,very_high,15_30,Y,V,0,0.80200374,36.7927794537034
89.0,74.9233756,,2,2,0,0,0,0,0,0,0,2,1,7.666666666666667,11.0,51.884262,2,0,BAGGAGE,UPPER APEX,LANG_09,One-Way,google,Email,Email,Logged-Out,AREA_C,AREA_B,AREA_C_TO_AREA_B,CE,BU,61_120,high,unknown_or_oneway,Y,L,0,0.7090164,36.78679176200044
27.0,534.6944313,6.427083333333333,3,3,0,0,0,0,0,1,0,2,1,170.41666666666666,21.0,44.71452,1,1,BAGGAGE,UPPER APEX,LANG_09,Round-Trip,apple,Direct,Paid Search,Logged-In,AREA_C,AREA_B,AREA_C_TO_AREA_B,CA,BO,15_30,very_high,6_8,Y,S,0,0.82253945,36.77945663138866
83.0,154.7683465,20.96527777777778,3,3,0,0,0,0,0,0,0,4,1,506.6666666666667,12.0,44.1800016,1,0,BAGGAGE,LOWER VERTEX,LANG_02,Round-Trip,apple,Paid Search,Paid Search,Logged-Out,AREA_B,AREA_C,AREA_B_TO_AREA_C,BU,CU,61_120,very_high,15_30,Y,L,0,0.8322659,36.76950938945818
31.0,327.1852228,10.28125,4,4,0,0,0,0,0,1,0,2,1,260.25,19.0,42.1858368,2,1,BAGGAGE,UPPER APEX,LANG_09,Round-Trip,google,Organic Search,Paid Search,Logged-In,AREA_C,AREA_B,AREA_C_TO_AREA_B,CA,BU,31_60,very_high,9_14,Y,O,1,0.8715331,36.76635294676323
169.0,1112.0068541,15.822916666666666,5,5,0,0,0,0,0,1,0,4,1,383.0,12.0,46.2324152,3,0,BAGGAGE,GREAT MERIDIAN,LANG_03,Round-Trip,apple,Direct,Direct,Logged-In,AREA_C,AREA_B,AREA_C_TO_AREA_B,CO,BU,120_plus,very_high,15_30,Y,T,0,0.7946888,36.74038351982374
112.0,474.2034808,23.510416666666668,3,2,0,1,0,1,0,0,0,4,1,569.0833333333334,10.0,45.8760696,3,0,BAGGAGE,LOWER VERTEX,LANG_02,Round-Trip,google,Paid Search,Paid Search,Logged-Out,AREA_C,AREA_D,AREA_C_TO_AREA_D,CE,DA,61_120,very_high,15_30,Y,Q,0,0.80078495,36.7368658938386
1.0,118.5230307,,1,1,0,0,0,0,0,0,0,2,1,7.583333333333333,22.0,58.8629822,2,0,BAGGAGE,NORTH MERIDIAN,LANG_02,One-Way,google,MetaSearches,Organic Search,Logged-Out,AREA_C,AREA_B,AREA_C_TO_AREA_B,CI,BI,0_3,very_high,unknown_or_oneway,Y,K,0,0.62335837,36.69273257122752
325.0,226.001061,,3,2,0,1,0,1,0,0,0,4,1,379.5833333333333,22.0,45.3107136,3,1,BAGGAGE,UPPER APEX,LANG_09,Multi-City,google,Direct,Paid Search,Logged-Out,AREA_C,AREA_C,AREA_C_TO_AREA_C,CA,CA,120_plus,very_high,unknown_or_oneway,Y,U,0,0.80917656,36.664367553050994
146.0,627.3627041999999,10.958333333333334,6,5,0,1,0,1,0,0,0,2,1,268.9166666666667,5.0,44.71452,3,1,BAGGAGE,UPPER APEX,LANG_09,Round-Trip,google,Paid Search,Paid Search,Logged-Out,AREA_C,AREA_C,AREA_C_TO_AREA_C,CA,CA,120_plus,very_high,9_14,Y,O,0,0.81989145,36.66105276357651
73.0,226.2606108,26.21527777777778,3,2,1,0,0,0,1,1,0,2,1,645.25,14.0,43.870769,2,1,BAGGAGE,LOWER VERTEX,LANG_02,Round-Trip,google,Paid Search,Paid Search,Logged-In,AREA_C,AREA_B,AREA_C_TO_AREA_B,CA,BU,61_120,very_high,15_30,Y,O,1,0.83543867,36.65133684942812
45.0,264.4722519,13.569444444444445,3,2,0,0,1,1,0,0,0,4,1,329.5833333333333,21.0,48.3242324,3,0,BAGGAGE,GREAT MERIDIAN,LANG_02,Round-Trip,google,Paid Search,Paid Search,Logged-Out,AREA_B,AREA_C,AREA_B_TO_AREA_C,BA,CA,31_60,very_high,9_14,Y,W,0,0.7581879,36.63884780177693
58.0,233.9618731,,3,2,0,1,0,1,0,1,0,4,1,-482.0,20.0,45.3107136,3,0,BAGGAGE,UPPER APEX,LANG_09,Round-Trip,google,Internal,Internal,Logged-In,AREA_C,AREA_B,AREA_C_TO_AREA_B,CU,BO,31_60,very_high,unknown_or_oneway,Y,U,1,0.8084701,36.63235581234856
0.0,323.2041743,,2,2,0,0,0,0,0,0,0,2,1,9.333333333333334,20.0,51.6654007,2,0,BAGGAGE,LOWER VERTEX,LANG_02,One-Way,google,Organic Search,Paid Search,Logged-Out,AREA_C,AREA_C,AREA_C_TO_AREA_C,CU,CE,invalid_or_past,very_high,unknown_or_oneway,Y,B,0,0.70876396,36.618573841342936
33.0,253.7788858,4.583333333333333,2,2,0,0,0,0,0,0,0,2,1,114.0,19.0,58.899816,1,1,BAGGAGE,CENTRAL MERIDIAN,LANG_02,Round-Trip,microsoft,MetaSearches,MetaSearches,Logged-Out,AREA_C,AREA_B,AREA_C_TO_AREA_B,CA,BO,31_60,very_high,3_5,Y,L,0,0.6207492,36.562012221961496
111.0,150.307602,14.246527777777779,2,2,0,0,0,0,0,0,0,2,1,356.0833333333333,23.0,48.3242324,1,1,BAGGAGE,UPPER APEX,LANG_09,Round-Trip,google,Direct,Paid Search,Logged-Out,AREA_C,AREA_B,AREA_C_TO_AREA_B,CA,BU,61_120,very_high,15_30,Y,O,0,0.7564688,36.5557727843914
175.0,313.7790045,22.78472222222222,3,1,0,2,0,1,0,0,0,4,1,550.0,21.0,44.4553985,2,0,BAGGAGE,LOWER VERTEX,LANG_02,Round-Trip,apple,Paid Search,Paid Search,Logged-Out,AREA_B,AREA_B,AREA_B_TO_AREA_B,BU,BE,120_plus,very_high,15_30,Y,L,0,0.821786,36.532823508171944
34.0,220.6503091,35.763888888888886,3,2,0,1,0,1,0,0,0,3,1,862.0,22.0,42.9439278,2,0,BAGGAGE,NORTH MERIDIAN,LANG_02,Round-Trip,google,Email,Email,Logged-Out,AREA_B,AREA_C,AREA_B_TO_AREA_C,BI,CU,31_60,very_high,30_plus,Y,O,0,0.8505633,36.52652841782184
70.0,147.1960025,,2,2,0,0,0,0,0,0,0,2,1,286.0,14.0,51.4953656,2,0,BAGGAGE,LOWER VERTEX,LANG_02,Multi-City,google,Paid Search,Paid Search,Logged-Out,AREA_B,AREA_B,AREA_B_TO_AREA_B,BU,BE,61_120,very_high,unknown_or_oneway,Y,L,0,0.70908105,36.5143881020566
0.0,102.2189346,6.121527777777778,1,1,0,0,0,0,0,0,0,4,1,148.25,2.0,115.165587,1,0,BAGGAGE,UPPER HORIZON,LANG_05,Round-Trip,apple,Direct,Direct,Logged-Out,AREA_C,AREA_B,AREA_C_TO_AREA_B,CI,BU,invalid_or_past,very_high,6_8,Y,S,0,0.3170069,36.50828410985416
108.0,139.6292264,17.78472222222222,2,2,0,0,0,0,0,1,0,2,1,430.0,19.0,52.813673,2,1,BAGGAGE,LOWER VERTEX,LANG_02,Round-Trip,google,MetaSearches,MetaSearches,Logged-In,AREA_B,AREA_C,AREA_B_TO_AREA_C,BU,CA,61_120,very_high,15_30,Y,U,0,0.69106686,36.4977792260524
175.0,366.5224363,27.770833333333332,3,1,1,1,0,1,1,0,0,4,1,670.0,14.0,44.260522,2,0,BAGGAGE,LOWER VERTEX,LANG_02,Round-Trip,google,Paid Search,Paid Search,Logged-Out,AREA_B,AREA_B,AREA_B_TO_AREA_B,BU,BE,120_plus,very_high,15_30,Y,V,1,0.8241629,36.47788018685568
144.0,333.1938435,28.78125,2,2,0,0,0,0,0,0,0,2,1,694.0,9.0,51.4739506,2,0,BAGGAGE,LOWER VERTEX,LANG_02,Round-Trip,apple,Email,MetaSearches,Logged-Out,AREA_B,AREA_B,AREA_B_TO_AREA_B,BU,BE,120_plus,very_high,15_30,Y,L,0,0.70859176,36.474017208878294
10.0,271.8908362,13.340277777777779,2,2,0,0,0,0,0,1,0,5,1,321.0833333333333,12.0,47.695488,2,0,BAGGAGE,UPPER APEX,LANG_09,Round-Trip,apple,Direct,Direct,Logged-In,AREA_C,AREA_B,AREA_C_TO_AREA_B,CU,BU,8_14,very_high,9_14,Y,V,0,0.76426405,36.45194668947601
204.0,447.5443756,,3,1,2,0,0,0,1,0,0,2,1,24.166666666666668,19.0,45.7098892,2,0,BAGGAGE,GREAT ZENITH,LANG_02,One-Way,google,Paid Search,Paid Search,Logged-Out,AREA_C,AREA_B,AREA_C_TO_AREA_B,CI,BU,120_plus,very_high,unknown_or_oneway,Y,H,1,0.7972012,36.43997926356056
40.0,327.52101,6.28125,4,3,1,0,0,0,1,0,0,2,1,164.25,12.0,42.1858368,1,1,BAGGAGE,UPPER APEX,LANG_09,Round-Trip,opera,Affiliate,Affiliate,Logged-Out,AREA_C,AREA_B,AREA_C_TO_AREA_B,CA,BU,31_60,very_high,6_8,Y,O,0,0.8637148,36.43653219299698
47.0,252.7338338,61.00694444444444,3,2,0,1,0,1,0,0,0,4,1,1465.0833333333333,18.0,45.3107136,3,0,BAGGAGE,UPPER VERTEX,LANG_11,Round-Trip,google,Direct,Paid Search,Logged-Out,AREA_C,AREA_B,AREA_C_TO_AREA_B,CU,BI,31_60,very_high,30_plus,Y,O,0,0.8039551,36.4277782921875
112.0,399.9268382,14.590277777777779,4,4,0,0,0,0,0,0,0,2,1,353.3333333333333,20.0,43.2463076,2,1,BAGGAGE,LOWER VERTEX,LANG_02,Round-Trip,microsoft,Paid Search,Organic Search,Logged-Out,AREA_B,AREA_C,AREA_B_TO_AREA_C,BU,CA,61_120,very_high,15_30,Y,W,0,0.8421249,36.418791570424055
7.0,211.8046292,7.319444444444445,2,2,0,0,0,0,0,0,0,2,1,191.83333333333334,19.0,49.6828,1,1,BAGGAGE,UPPER APEX,LANG_09,Round-Trip,google,Direct,Direct,Logged-Out,AREA_C,AREA_B,AREA_C_TO_AREA_B,CA,BO,4_7,very_high,6_8,Y,U,0,0.73230064,36.38274619488716
136.0,147.1206217,10.784722222222221,1,1,0,0,0,0,0,0,0,4,1,262.0,18.0,115.1595908,3,0,BAGGAGE,LOWER VERTEX,LANG_02,Round-Trip,google,Paid Search,Paid Search,Logged-Out,AREA_B,AREA_B,AREA_B_TO_AREA_B,BU,BE,120_plus,very_high,9_14,Y,L,0,0.31583965,36.37196465051341
68.0,217.7040334,21.899305555555557,2,2,0,0,0,0,0,0,0,2,1,529.0833333333334,16.0,53.3978742,2,1,BAGGAGE,LOWER VERTEX,LANG_02,Round-Trip,apple,Paid Search,Organic Search,Logged-Out,AREA_B,AREA_C,AREA_B_TO_AREA_C,BU,CA,61_120,very_high,15_30,Y,S,0,0.68113565,36.371195989427086
74.0,184.661545,38.583333333333336,2,2,0,0,0,0,0,0,0,2,1,930.0,16.0,58.899816,4,1,BAGGAGE,UPPER APEX,LANG_09,Round-Trip,microsoft,Direct,Direct,Logged-Out,AREA_C,AREA_B,AREA_C_TO_AREA_B,CA,BO,61_120,very_high,30_plus,Y,O,0,0.61701024,36.34178935793781
194.0,842.1380222,12.493055555555555,3,3,0,0,0,0,0,1,0,4,1,301.5,16.0,48.6840044,3,0,BAGGAGE,UPPER MERIDIAN,LANG_01,Round-Trip,google,Paid Search,Paid Search,Logged-In,AREA_D,AREA_B,AREA_D_TO_AREA_B,DA,BU,120_plus,very_high,9_14,Y,Y,0,0.74622357,36.32915151250587
154.0,503.8915236,14.21875,4,4,0,0,0,0,0,0,0,2,1,355.6666666666667,17.0,45.3107136,3,1,BAGGAGE,UPPER APEX,LANG_09,Round-Trip,google,Paid Search,Paid Search,Logged-Out,AREA_C,AREA_B,AREA_C_TO_AREA_B,CA,BI,120_plus,very_high,15_30,Y,U,0,0.80104256,36.29580987088623
57.0,118.737609,5.239583333333333,3,3,0,0,0,0,0,1,0,2,1,140.25,15.0,44.71452,1,1,BAGGAGE,UPPER APEX,LANG_09,Round-Trip,microsoft,Direct,Organic Search,Logged-In,AREA_C,AREA_B,AREA_C_TO_AREA_B,CA,BU,31_60,very_high,6_8,Y,O,0,0.81133825,36.278600221660135
40.0,179.67441979999998,9.239583333333334,2,2,0,0,0,0,0,0,0,2,1,236.25,10.0,48.56922,1,1,BAGGAGE,UPPER APEX,LANG_09,Round-Trip,google,Direct,Direct,Logged-Out,AREA_C,AREA_B,AREA_C_TO_AREA_B,CA,BU,31_60,very_high,9_14,Y,L,0,0.7468753,36.2751500832653
98.0,564.1293488,18.49652777777778,3,2,0,1,0,1,0,0,0,2,1,451.1666666666667,21.0,45.3107136,3,1,BAGGAGE,UPPER APEX,LANG_02,Round-Trip,google,Direct,Organic Search,Logged-Out,AREA_C,AREA_B,AREA_C_TO_AREA_B,CA,BU,61_120,very_high,15_30,Y,V,0,0.8005452,36.27327498820495
1.0,78.6620063,,2,2,0,0,0,0,0,0,0,1,0,0.9166666666666666,21.0,51.0465072,1,0,BAGGAGE,UPPER VERTEX,LANG_02,One-Way,google,Paid MetaSearches,Paid MetaSearches,Logged-Out,AREA_B,AREA_C,AREA_B_TO_AREA_C,BE,CI,0_3,high,unknown_or_oneway,Y,K,0,0.71020484,36.25347646354866
124.0,181.7893652,9.243055555555555,2,2,0,0,0,0,0,0,0,4,1,223.16666666666666,19.0,57.152352,3,0,BAGGAGE,UPPER HORIZON,LANG_05,Round-Trip,google,Paid Search,Paid Search,Logged-Out,AREA_C,AREA_B,AREA_C_TO_AREA_B,CI,BO,120_plus,very_high,9_14,Y,L,0,0.6342575,36.2493076359272
265.0,158.6667331,8.13888888888889,2,2,0,0,0,0,0,0,0,4,1,197.41666666666666,10.0,48.6651592,1,0,BAGGAGE,LOWER ZENITH,LANG_02,Round-Trip,google,Paid Search,Organic Search,Logged-Out,AREA_C,AREA_B,AREA_C_TO_AREA_B,CE,BU,120_plus,very_high,9_14,Y,T,0,0.74486446,36.24894771354904
180.0,947.6240292,15.0,6,6,0,0,0,0,0,0,0,2,1,367.25,14.0,45.3107136,3,1,BAGGAGE,UPPER APEX,LANG_09,Round-Trip,mozilla,Paid Search,Paid Search,Logged-Out,AREA_C,AREA_B,AREA_C_TO_AREA_B,CA,BU,120_plus,very_high,15_30,Y,V,1,0.7999028,36.24416653116531
72.0,391.8019872,13.09375,4,2,0,2,0,1,0,0,0,4,1,316.4166666666667,20.0,43.4827292,3,0,BAGGAGE,EAST AURORA,LANG_02,Round-Trip,apple,Paid Search,Paid Search,Logged-Out,AREA_D,AREA_B,AREA_D_TO_AREA_B,DA,BO,61_120,very_high,9_14,Y,W,1,0.833498,36.242767870513156
167.0,121.6825998,22.604166666666668,4,4,0,0,0,0,0,0,0,4,1,544.5833333333334,19.0,50.4944285,5,0,BAGGAGE,LOWER ZENITH,LANG_02,Round-Trip,google,Paid Search,MetaSearches,Logged-Out,AREA_C,AREA_B,AREA_C_TO_AREA_B,CE,BA,120_plus,very_high,15_30,Y,O,0,0.71757156,36.23336565676394
37.0,258.2683264,6.239583333333333,3,2,0,1,0,1,0,0,0,2,1,164.25,20.0,42.1858368,2,1,BAGGAGE,UPPER APEX,LANG_09,Round-Trip,mozilla,Paid Search,Organic Search,Logged-Out,AREA_C,AREA_B,AREA_C_TO_AREA_B,CA,BU,31_60,very_high,6_8,Y,U,1,0.85883075,36.230493857838816
46.0,62.7249633,17.12152777777778,1,1,0,0,0,0,0,0,0,4,1,412.25,21.0,115.165587,2,0,BAGGAGE,UPPER MERIDIAN,LANG_01,Round-Trip,google,Direct,Organic Search,Logged-Out,AREA_C,AREA_B,AREA_C_TO_AREA_B,CI,BU,31_60,high,15_30,Y,O,0,0.31437635,36.205337372381685
210.0,282.9444026,14.78125,3,3,0,0,0,0,0,0,0,2,1,358.0,19.0,44.0789228,2,0,BAGGAGE,LOWER VERTEX,LANG_02,Round-Trip,google,Direct,Email,Logged-Out,AREA_B,AREA_B,AREA_B_TO_AREA_B,BU,BE,120_plus,very_high,15_30,Y,O,0,0.8204756,36.16567967552834
39.0,254.6551876,14.666666666666666,2,2,0,0,0,0,0,0,0,2,1,355.5,22.0,53.3978742,2,1,BAGGAGE,LOWER VERTEX,LANG_02,Round-Trip,google,Organic Search,Paid Search,Logged-Out,AREA_B,AREA_C,AREA_B_TO_AREA_C,BU,CA,31_60,very_high,15_30,Y,K,0,0.67726743,36.1646411450577
76.0,2482.0259112,15.9375,4,2,0,2,0,1,0,0,0,4,1,385.8333333333333,14.0,48.3156664,1,0,BAGGAGE,LOWER VERTEX,LANG_02,Round-Trip,apple,Paid MetaSearches,Paid MetaSearches,Logged-Out,AREA_B,AREA_B,AREA_B_TO_AREA_B,BO,BU,61_120,very_high,15_30,C,C,0,0.7484523,36.1619719230422
11.0,116.9224736,5.170138888888889,4,2,0,2,0,1,0,1,0,2,1,127.08333333333333,12.0,41.939136,2,1,BAGGAGE,UPPER APEX,LANG_09,Round-Trip,google,Direct,Direct,Logged-In,AREA_C,AREA_B,AREA_C_TO_AREA_B,CA,BO,8_14,very_high,6_8,Y,V,0,0.86203736,36.15310210614395
48.0,315.0356367,5.239583333333333,3,3,0,0,0,0,0,1,0,2,1,140.25,12.0,44.71452,1,1,BAGGAGE,UPPER APEX,LANG_09,Round-Trip,microsoft,Direct,Paid Search,Logged-In,AREA_C,AREA_B,AREA_C_TO_AREA_B,CA,BU,31_60,very_high,6_8,Y,L,0,0.80832267,36.14376010811806
68.0,139.505876,3.7222222222222223,5,5,0,0,0,0,0,1,0,4,1,90.25,13.0,50.779248,2,0,BAGGAGE,UPPER APEX,LANG_09,Round-Trip,google,Direct,Organic Search,Logged-In,AREA_C,AREA_C,AREA_C_TO_AREA_C,CE,CU,61_120,very_high,3_5,Y,L,0,0.7117222,36.140717854548456
37.0,179.915981,20.77777777777778,2,2,0,0,0,0,0,0,0,2,1,502.0,13.0,52.5404176,2,1,BAGGAGE,NORTH MERIDIAN,LANG_02,Round-Trip,google,MetaSearches,MetaSearches,Logged-Out,AREA_B,AREA_C,AREA_B_TO_AREA_C,BI,CA,31_60,very_high,15_30,Y,O,1,0.687405,36.11654524523372
66.0,267.08231209999997,7.71875,3,1,0,2,0,1,0,1,0,2,1,188.75,15.0,44.440408,2,1,BAGGAGE,LOWER VERTEX,LANG_02,Round-Trip,apple,Direct,Organic Search,Logged-In,AREA_B,AREA_C,AREA_B_TO_AREA_C,BU,CA,61_120,very_high,6_8,Y,S,0,0.8117421,36.07415131207609
4.0,131.2341181,8.78125,1,1,0,0,0,0,0,0,0,5,1,214.08333333333334,22.0,93.6229536,2,0,BAGGAGE,LOWER VERTEX,LANG_02,Round-Trip,apple,Paid Search,Paid Search,Logged-Out,AREA_B,AREA_B,AREA_B_TO_AREA_B,BU,BE,4_7,very_high,9_14,Y,W,0,0.3848553,36.03128991222124
108.0,199.6169244,,3,2,0,0,1,1,0,0,0,4,1,336.5833333333333,10.0,43.5632496,2,0,BAGGAGE,UPPER APEX,LANG_02,Multi-City,apple,Direct,Organic Search,Logged-Out,AREA_B,AREA_C,AREA_B_TO_AREA_C,BU,CU,61_120,very_high,unknown_or_oneway,Y,U,1,0.8255801,35.96495283613358
76.0,149.8411833,14.71875,3,1,0,2,0,1,0,0,0,2,1,356.75,10.0,44.0909152,2,1,BAGGAGE,LOWER VERTEX,LANG_02,Round-Trip,apple,Direct,Direct,Logged-Out,AREA_B,AREA_C,AREA_B_TO_AREA_C,BU,CA,61_120,very_high,15_30,Y,O,0,0.81550664,35.95643398125477
32.0,39.7201137,,2,2,0,0,0,0,0,0,0,1,0,3.9166666666666665,16.0,57.1557784,2,1,BAGGAGE,UPPER VERTEX,LANG_02,One-Way,google,Paid Search,MetaSearches,Logged-Out,AREA_C,AREA_B,AREA_C_TO_AREA_B,CA,BA,31_60,mid,unknown_or_oneway,Y,L,0,0.62875825,35.93716729945178
61.0,197.4600056,15.194444444444445,3,2,0,1,0,1,0,0,0,4,1,365.5833333333333,23.0,42.1858368,2,0,BAGGAGE,UPPER APEX,LANG_09,Round-Trip,google,Paid Search,MetaSearches,Logged-Out,AREA_B,AREA_B,AREA_B_TO_AREA_B,BE,BO,61_120,very_high,15_30,Y,O,1,0.8518036,35.93404768849983
48.0,234.9837969,9.184027777777779,3,3,0,0,0,0,0,1,0,4,1,221.33333333333334,19.0,44.406144,2,0,BAGGAGE,UPPER APEX,LANG_09,Round-Trip,google,Direct,Direct,Logged-In,AREA_B,AREA_B,AREA_B_TO_AREA_B,BE,BO,31_60,very_high,9_14,Y,O,0,0.8089746,35.923443631484986
51.0,324.5194836,,3,3,0,0,0,0,0,0,0,2,1,289.0833333333333,12.0,43.7482752,2,1,BAGGAGE,UPPER APEX,LANG_09,Multi-City,apple,MetaSearches,MetaSearches,Logged-Out,AREA_C,AREA_B,AREA_C_TO_AREA_B,CA,BO,31_60,very_high,unknown_or_oneway,Y,W,1,0.8209153,35.91362766287384
338.0,477.2581164,15.319444444444445,3,3,0,0,0,0,0,1,0,2,1,383.8333333333333,16.0,43.733713,2,1,BAGGAGE,UPPER APEX,LANG_09,Round-Trip,google,Organic Search,Organic Search,Logged-In,AREA_C,AREA_B,AREA_C_TO_AREA_B,CA,BO,120_plus,very_high,15_30,Y,S,0,0.82110804,35.91010350303
108.0,430.0354716,11.958333333333334,3,2,0,1,0,1,0,0,0,2,1,292.9166666666667,17.0,46.0559556,3,1,BAGGAGE,SOUTH HORIZON,LANG_02,Round-Trip,apple,MetaSearches,MetaSearches,Logged-Out,AREA_C,AREA_C,AREA_C_TO_AREA_C,CA,CA,61_120,very_high,9_14,Y,W,1,0.77955693,35.90323935875308
31.0,300.2601433,8.211805555555555,3,2,0,1,0,1,0,0,0,2,1,213.25,11.0,42.1858368,2,1,BAGGAGE,UPPER APEX,LANG_02,Round-Trip,google,Direct,Paid Search,Logged-Out,AREA_C,AREA_B,AREA_C_TO_AREA_B,CA,BO,31_60,very_high,9_14,Y,U,1,0.85106444,35.90286572349701
137.0,593.0794307,17.96527777777778,4,2,0,2,0,1,0,0,0,2,1,434.6666666666667,19.0,43.7362828,3,1,BAGGAGE,LOWER VERTEX,LANG_02,Round-Trip,apple,Paid Search,Paid Search,Logged-Out,AREA_B,AREA_C,AREA_B_TO_AREA_C,BU,CA,120_plus,very_high,15_30,Y,U,0,0.82075655,35.896840782095666
110.0,285.5728797,11.211805555555555,3,2,0,1,0,1,0,1,0,2,1,285.25,15.0,44.71452,3,1,BAGGAGE,UPPER APEX,LANG_09,Round-Trip,mozilla,Direct,Direct,Logged-In,AREA_C,AREA_B,AREA_C_TO_AREA_B,CA,BO,61_120,very_high,9_14,Y,U,0,0.8027155,35.893037399418354
164.0,490.0287375,11.302083333333334,3,3,0,0,0,0,0,0,0,2,1,287.5,13.0,43.746562,2,1,BAGGAGE,CENTRAL MERIDIAN,LANG_02,Round-Trip,google,Paid Search,Paid Search,Logged-Out,AREA_C,AREA_B,AREA_C_TO_AREA_B,CA,BO,120_plus,very_high,9_14,Y,S,0,0.82036805,35.88828182902956
91.0,268.8049347,23.90972222222222,2,2,0,0,0,0,0,1,1,2,1,577.0,6.0,52.706598,2,1,BAGGAGE,LOWER VERTEX,LANG_02,Round-Trip,google,Direct,Referrals,Logged-In,AREA_B,AREA_C,AREA_B_TO_AREA_C,BU,CA,61_120,very_high,15_30,Y,L,0,0.68015623,35.84872104063892
3.0,27.5551088,,1,1,0,0,0,0,0,0,0,1,0,2.3333333333333335,13.0,87.3732,2,0,BAGGAGE,UPPER APEX,LANG_09,One-Way,apple,MetaSearches,MetaSearches,Logged-Out,AREA_B,AREA_B,AREA_B_TO_AREA_B,BA,BE,0_3,low,unknown_or_oneway,Y,Q,0,0.4101568,35.83671093313694
133.0,167.96384120000002,,2,2,0,0,0,0,0,0,0,4,1,264.8333333333333,14.0,48.56922,2,0,BAGGAGE,UPPER APEX,LANG_09,Multi-City,apple,Direct,Direct,Logged-Out,AREA_B,AREA_B,AREA_B_TO_AREA_B,BE,BU,120_plus,very_high,unknown_or_oneway,Y,O,0,0.73770905,35.82995292251587
137.0,230.2228141,17.635416666666668,3,3,0,0,0,0,0,0,0,4,1,426.5,17.0,42.9439278,1,0,BAGGAGE,NORTH MERIDIAN,LANG_09,Round-Trip,google,Direct,Email,Logged-Out,AREA_B,AREA_C,AREA_B_TO_AREA_C,BI,CU,120_plus,very_high,15_30,Y,O,0,0.83429736,35.828005548185025
77.0,473.5490384,9.98263888888889,4,4,0,0,0,0,0,1,0,2,1,260.1666666666667,20.0,44.71452,3,1,BAGGAGE,UPPER APEX,LANG_09,Round-Trip,google,Internal,Paid Search,Logged-In,AREA_C,AREA_D,AREA_C_TO_AREA_D,CA,DA,61_120,very_high,9_14,Y,U,0,0.80104256,35.818233425216675
54.0,335.1922913,18.48263888888889,3,2,0,1,0,1,0,0,0,2,1,464.1666666666667,6.0,44.71452,3,1,BAGGAGE,UPPER APEX,LANG_09,Round-Trip,google,Direct,Direct,Logged-Out,AREA_C,AREA_D,AREA_C_TO_AREA_D,CA,DA,31_60,very_high,15_30,Y,U,0,0.8008546,35.80983007143259
125.0,223.683958,14.239583333333334,3,2,0,1,0,1,0,0,0,2,1,356.25,11.0,44.71452,3,1,BAGGAGE,UPPER APEX,LANG_09,Round-Trip,microsoft,Direct,Paid Search,Logged-Out,AREA_C,AREA_B,AREA_C_TO_AREA_B,CA,BU,120_plus,very_high,15_30,Y,O,0,0.8005452,35.79599505414963
65.0,228.4153881,22.77777777777778,2,2,0,0,0,0,0,0,0,2,1,550.0,14.0,52.5404176,2,1,BAGGAGE,NORTH MERIDIAN,LANG_02,Round-Trip,google,Organic Search,Organic Search,Logged-Out,AREA_B,AREA_C,AREA_B_TO_AREA_C,BI,CA,61_120,very_high,15_30,Y,O,0,0.68113565,35.787151727024074
132.0,1388.2676352,14.0,4,2,2,0,0,0,1,0,0,2,1,343.25,11.0,44.71452,4,1,BAGGAGE,UPPER APEX,LANG_09,Round-Trip,apple,Organic Search,Organic Search,Logged-Out,AREA_C,AREA_B,AREA_C_TO_AREA_B,CA,BU,120_plus,very_high,9_14,Y,E,0,0.7999028,35.767269603123665
234.0,514.7258004,9.42361111111111,4,3,1,0,0,0,1,0,0,2,1,240.83333333333334,18.0,44.71452,3,1,BAGGAGE,UPPER APEX,LANG_09,Round-Trip,google,Paid Search,Paid Search,Logged-Out,AREA_C,AREA_B,AREA_C_TO_AREA_B,CA,BU,120_plus,very_high,9_14,Y,O,0,0.7999028,35.767269603123665
39.0,16.1828872,,2,2,0,0,0,0,0,0,0,1,0,3.6666666666666665,15.0,70.92648,3,1,BAGGAGE,UPPER APEX,LANG_09,One-Way,google,Paid Search,Paid Search,Logged-Out,AREA_C,AREA_B,AREA_C_TO_AREA_B,CA,BA,31_60,very_low,unknown_or_oneway,Y,O,0,0.5041915,35.760529605531694
170.0,402.3128975,52.96527777777778,3,2,1,0,0,0,1,0,0,2,1,1274.6666666666667,13.0,44.0909152,2,1,BAGGAGE,LOWER VERTEX,LANG_02,Round-Trip,google,Paid Search,Paid Search,Logged-Out,AREA_B,AREA_C,AREA_B_TO_AREA_C,BU,CA,120_plus,very_high,30_plus,Y,U,0,0.81072176,35.745464151724626
161.0,411.1774226,8.770833333333334,3,3,0,0,0,0,0,1,0,2,1,214.0,20.0,44.0909152,2,1,BAGGAGE,LOWER VERTEX,LANG_02,Round-Trip,microsoft,Paid Search,Paid Search,Logged-In,AREA_B,AREA_C,AREA_B_TO_AREA_C,BU,CA,120_plus,very_high,9_14,Y,U,0,0.81072176,35.745464151724626
133.0,342.3791653,23.694444444444443,2,2,0,0,0,0,0,0,0,4,1,571.1666666666666,19.0,48.2505648,1,0,BAGGAGE,NEW APEX,LANG_02,Round-Trip,google,Paid Search,Paid Search,Logged-Out,AREA_B,AREA_B,AREA_B_TO_AREA_B,BE,BU,120_plus,very_high,15_30,Y,Q,1,0.7405388,35.73141419448252
199.0,341.8780543,18.78125,3,3,0,0,0,0,0,0,0,2,1,454.0,8.0,43.5349818,2,0,BAGGAGE,LOWER VERTEX,LANG_02,Round-Trip,google,Paid Search,Paid Search,Logged-Out,AREA_B,AREA_B,AREA_B_TO_AREA_B,BU,BE,120_plus,very_high,15_30,Y,U,0,0.8207409,35.73093921158341
11.0,448.7761664,115.21527777777777,4,1,2,1,0,1,1,0,0,2,1,2781.25,8.0,40.5617232,2,1,BAGGAGE,UPPER APEX,LANG_02,Round-Trip,apple,Paid Search,Paid Search,Logged-Out,AREA_C,AREA_B,AREA_C_TO_AREA_B,CA,BU,8_14,very_high,30_plus,Y,L,1,0.88080186,35.72684109812079
201.0,228.1121517,15.319444444444445,3,3,0,0,0,0,0,1,0,4,1,368.9166666666667,17.0,41.8830287,1,0,BAGGAGE,UPPER APEX,LANG_09,Round-Trip,apple,Direct,Direct,Logged-In,AREA_B,AREA_B,AREA_B_TO_AREA_B,BI,BU,120_plus,very_high,15_30,Y,L,0,0.8521828,35.691996902002
2.0,80.95383960000001,,2,2,0,0,0,0,0,0,0,2,1,9.5,14.0,48.3610662,1,0,BAGGAGE,NORTH HORIZON,LANG_04,One-Way,google,Direct,Email,Logged-Out,AREA_B,AREA_C,AREA_B_TO_AREA_C,BE,CE,0_3,high,unknown_or_oneway,Y,S,0,0.7378629,35.68383582792681
52.0,435.2333204,11.239583333333334,4,4,0,0,0,0,0,0,0,2,1,284.25,21.0,44.71452,3,1,BAGGAGE,UPPER APEX,LANG_09,Round-Trip,google,Direct,Direct,Logged-Out,AREA_C,AREA_B,AREA_C_TO_AREA_B,CA,BU,31_60,very_high,9_14,Y,O,0,0.79774797,35.670917542862895
74.0,201.078284,14.215277777777779,2,2,0,0,0,0,0,0,0,2,1,357.4166666666667,13.0,50.7681122,2,1,BAGGAGE,LOWER VERTEX,LANG_02,Round-Trip,google,MetaSearches,MetaSearches,Logged-Out,AREA_C,AREA_B,AREA_C_TO_AREA_B,CA,BO,61_120,very_high,15_30,Y,L,1,0.70249104,35.664144191962286
29.0,409.5370336,14.229166666666666,4,4,0,0,0,0,0,0,0,2,1,362.0833333333333,20.0,42.1858368,2,1,BAGGAGE,UPPER APEX,LANG_09,Round-Trip,google,Direct,Direct,Logged-Out,AREA_C,AREA_D,AREA_C_TO_AREA_D,CA,DA,15_30,very_high,15_30,Y,U,1,0.8452787,35.65878845869102
2.0,230.2930553,18.76388888888889,2,2,0,0,0,0,0,0,0,2,1,455.0,12.0,47.704054,1,1,BAGGAGE,NORTH MERIDIAN,LANG_09,Round-Trip,google,Paid Search,Paid Search,Logged-Out,AREA_B,AREA_C,AREA_B_TO_AREA_C,BI,CA,0_3,very_high,15_30,Y,O,0,0.74713457,35.64134769637894
33.0,133.8313293,12.760416666666666,3,3,0,0,0,0,0,0,0,2,1,310.0,19.0,44.0789228,2,1,BAGGAGE,LOWER VERTEX,LANG_02,Round-Trip,google,Paid Search,Paid Search,Logged-Out,AREA_B,AREA_C,AREA_B_TO_AREA_C,BU,CA,31_60,very_high,9_14,Y,O,0,0.8084559,35.63586451816971
51.0,351.96537589999997,15.225694444444445,3,2,1,0,0,0,1,1,0,2,1,386.0,17.0,43.7542714,2,1,BAGGAGE,CENTRAL MERIDIAN,LANG_02,Round-Trip,google,Paid Search,MetaSearches,Logged-In,AREA_C,AREA_D,AREA_C_TO_AREA_D,CA,DA,31_60,very_high,15_30,Y,U,1,0.8143466,35.63114265323201
201.0,272.11612199999996,15.777777777777779,3,1,0,2,0,1,0,1,0,2,1,381.9166666666667,7.0,43.5349818,2,0,BAGGAGE,LOWER VERTEX,LANG_09,Round-Trip,apple,Direct,Direct,Logged-In,AREA_B,AREA_B,AREA_B_TO_AREA_B,BU,BE,120_plus,very_high,15_30,Y,U,0,0.8176454,35.5961763436081
66.0,701.0774172,26.78125,3,2,0,1,0,1,0,0,0,4,1,646.9166666666666,17.0,44.7033842,3,0,BAGGAGE,GREAT MERIDIAN,LANG_03,Round-Trip,google,Direct,Paid Search,Logged-Out,AREA_C,AREA_B,AREA_C_TO_AREA_B,CI,BU,61_120,very_high,15_30,Y,K,1,0.7952315,35.54954021700729
87.0,195.2247079,6.760416666666667,4,2,1,1,0,1,1,1,0,2,1,166.75,10.0,41.193894,2,0,BAGGAGE,NEW HORIZON,LANG_02,Round-Trip,apple,Direct,Direct,Logged-In,AREA_C,AREA_B,AREA_C_TO_AREA_B,CE,BE,61_120,very_high,6_8,Y,L,0,0.8625203,35.53056888419187
101.0,215.3860738,14.40625,3,2,1,0,0,0,1,0,0,4,1,347.8333333333333,12.0,46.6470096,3,0,BAGGAGE,WEST APEX,LANG_02,Round-Trip,google,Paid Search,Paid Search,Logged-Out,AREA_B,AREA_C,AREA_B_TO_AREA_C,BE,CA,61_120,very_high,15_30,Y,O,0,0.761428,35.518339157734104
23.0,220.1629037,15.21875,2,1,0,1,0,1,0,0,0,2,1,381.1666666666667,12.0,49.6828,2,1,BAGGAGE,LOWER VERTEX,LANG_02,Round-Trip,samsung,Direct,Direct,Logged-Out,AREA_C,AREA_B,AREA_C_TO_AREA_B,CA,BU,15_30,very_high,15_30,Y,L,0,0.71482956,35.514734266996385
77.0,404.6616947,27.76388888888889,2,2,0,0,0,0,0,0,0,4,1,670.0,15.0,67.6808226,5,0,BAGGAGE,NORTH MERIDIAN,LANG_02,Round-Trip,google,Direct,Direct,Logged-Out,AREA_B,AREA_C,AREA_B_TO_AREA_C,BI,CU,61_120,very_high,15_30,Y,O,0,0.5245958,35.50507507765342
72.0,543.0231531,13.722222222222221,4,3,0,1,0,1,0,0,0,4,1,332.6666666666667,14.0,42.9225128,4,0,BAGGAGE,NORTH MERIDIAN,LANG_02,Round-Trip,google,Paid Search,Paid Search,Logged-Out,AREA_B,AREA_C,AREA_B_TO_AREA_C,BI,CE,61_120,very_high,9_14,Y,T,1,0.82681453,35.48895734501295
136.0,149.0004304,17.77777777777778,2,2,0,0,0,0,0,0,0,4,1,430.0,9.0,49.036067,1,0,BAGGAGE,NORTH MERIDIAN,LANG_02,Round-Trip,microsoft,Direct,Paid Search,Logged-Out,AREA_B,AREA_B,AREA_B_TO_AREA_B,BI,BE,120_plus,very_high,15_30,Y,O,0,0.72319824,35.462797107455195
9.0,136.1154532,,4,4,0,0,0,0,0,0,0,1,0,0.5833333333333334,13.0,44.406144,2,1,BAGGAGE,UPPER APEX,LANG_09,One-Way,google,Paid Search,Paid Search,Logged-Out,AREA_B,AREA_C,AREA_B_TO_AREA_C,BI,CA,8_14,very_high,unknown_or_oneway,Y,V,0,0.798257,35.447514993209836
209.0,362.0788238,13.770833333333334,3,2,1,0,0,0,1,1,0,2,1,334.0,17.0,43.9572856,2,1,BAGGAGE,LOWER VERTEX,LANG_09,Round-Trip,apple,Direct,Direct,Logged-In,AREA_B,AREA_C,AREA_B_TO_AREA_C,BU,CA,120_plus,very_high,9_14,Y,V,0,0.80630326,35.44290279918041
7.0,192.6484834,4.975694444444445,3,2,0,1,0,1,0,0,0,2,1,121.75,14.0,46.5189479,5,1,BAGGAGE,UPPER APEX,LANG_02,Round-Trip,google,Direct,Direct,Logged-Out,AREA_C,AREA_C,AREA_C_TO_AREA_C,CA,CE,4_7,very_high,3_5,Y,W,0,0.7615969,35.428687354177264
51.0,228.763596,90.76041666666667,3,3,0,0,0,0,0,0,0,2,1,2181.75,21.0,44.0789228,2,1,BAGGAGE,LOWER VERTEX,LANG_02,Round-Trip,apple,Direct,Direct,Logged-Out,AREA_B,AREA_C,AREA_B_TO_AREA_C,BU,CA,31_60,very_high,30_plus,Y,O,0,0.8036756,35.42515437361653
163.0,297.9910099,6.739583333333333,3,2,1,0,0,0,1,1,0,2,1,166.08333333333334,11.0,44.71452,2,1,BAGGAGE,LOWER VERTEX,LANG_02,Round-Trip,google,Paid Search,Paid Search,Logged-In,AREA_B,AREA_C,AREA_B_TO_AREA_C,BU,CA,120_plus,very_high,6_8,Y,U,0,0.79200953,35.41432607899904
152.0,412.5668278,23.77777777777778,4,2,0,1,1,1,0,0,0,4,1,574.0,14.0,43.2445944,4,0,BAGGAGE,NORTH MERIDIAN,LANG_02,Round-Trip,microsoft,MetaSearches,MetaSearches,Logged-Out,AREA_B,AREA_C,AREA_B_TO_AREA_C,BI,CO,120_plus,very_high,15_30,Y,O,0,0.81886137,35.411327613020035
51.0,228.7199094,,3,1,0,1,1,1,0,1,0,1,0,16.166666666666668,16.0,41.8911664,1,1,BAGGAGE,LOWER VERTEX,LANG_02,One-Way,apple,Organic Search,Organic Search,Logged-In,AREA_B,AREA_C,AREA_B_TO_AREA_C,BO,CA,31_60,very_high,unknown_or_oneway,Y,S,0,0.84474736,35.38745241311179
206.0,511.4625826999999,59.78125,4,2,2,0,0,0,1,0,0,4,1,1438.0,,44.4386948,4,0,BAGGAGE,LOWER VERTEX,LANG_02,Round-Trip,microsoft,Direct,Direct,Logged-Out,AREA_D,AREA_C,AREA_D_TO_AREA_C,DA,CU,120_plus,very_high,30_plus,Y,L,0,0.7950882,35.33268061277251
9.0,451.0324508,30.98263888888889,3,1,0,2,0,1,0,0,0,2,1,764.1666666666666,21.0,46.1587476,3,1,BAGGAGE,LOWER VERTEX,LANG_02,Round-Trip,google,Paid Search,MetaSearches,Logged-Out,AREA_C,AREA_D,AREA_C_TO_AREA_D,CA,DA,8_14,very_high,30_plus,Y,K,1,0.7648711,35.305492995513724
220.0,224.8365133,20.885416666666668,1,1,0,0,0,0,0,1,0,2,1,507.1666666666667,13.0,135.9321408,4,1,BAGGAGE,UPPER APEX,LANG_09,Round-Trip,google,Paid MetaSearches,Paid Search,Logged-In,AREA_C,AREA_C,AREA_C_TO_AREA_C,CA,CA,120_plus,very_high,15_30,Y,V,0,0.25957668,35.284813579817964
52.0,182.0352094,105.12152777777777,2,2,0,0,0,0,0,1,0,4,1,2524.25,8.0,48.4544356,2,0,BAGGAGE,LOWER VERTEX,LANG_02,Round-Trip,google,MetaSearches,MetaSearches,Logged-In,AREA_C,AREA_B,AREA_C_TO_AREA_B,CI,BU,31_60,very_high,30_plus,Y,L,0,0.7280191,35.27575548367324
3.0,153.61450630000002,,1,1,0,0,0,0,0,0,0,1,0,9.416666666666666,10.0,76.991208,1,1,BAGGAGE,UPPER APEX,LANG_02,One-Way,google,Direct,Display,Logged-Out,AREA_C,AREA_C,AREA_C_TO_AREA_C,CA,CE,0_3,very_high,unknown_or_oneway,P,R,1,0.45753166,35.2259152628696
97.0,894.3392262,21.78125,4,3,1,0,0,0,1,0,0,4,1,526.9166666666666,18.0,44.7033842,4,0,BAGGAGE,GREAT MERIDIAN,LANG_02,Round-Trip,google,MetaSearches,MetaSearches,Logged-Out,AREA_C,AREA_B,AREA_C_TO_AREA_B,CI,BU,61_120,very_high,15_30,Y,H,0,0.7878285,35.21860034447967
76.0,698.5243209,,3,3,0,0,0,0,0,0,0,2,1,451.5833333333333,21.0,44.71452,4,1,BAGGAGE,UPPER APEX,LANG_09,Multi-City,google,Direct,Paid Search,Logged-Out,AREA_C,AREA_B,AREA_C_TO_AREA_B,CA,BU,61_120,very_high,unknown_or_oneway,Y,H,0,0.7872417,35.2011346192646
174.0,177.7676282,10.1875,6,4,0,2,0,1,0,0,0,2,1,245.75,19.0,40.08888,2,0,BAGGAGE,UPPER APEX,LANG_09,Round-Trip,google,Direct,Paid MetaSearches,Logged-Out,AREA_B,AREA_B,AREA_B_TO_AREA_B,BE,BI,120_plus,very_high,9_14,Y,O,0,0.87729555,35.169796176180846
,127.2029585,3.326388888888889,5,1,3,1,0,1,1,0,0,2,1,80.5,21.0,40.0340576,4,1,BAGGAGE,UPPER VERTEX,LANG_10,Round-Trip,google,MetaSearches,MetaSearches,Logged-Out,AREA_C,AREA_C,AREA_C_TO_AREA_C,CA,CI,,very_high,3_5,Y,O,1,0.87825215,35.15999710550651
109.0,86.6690748,,7,7,0,0,0,0,0,0,0,2,1,6.75,14.0,42.992754,3,0,BAGGAGE,SOUTH VERTEX,LANG_02,One-Way,google,Paid Search,Paid Search,Logged-Out,AREA_B,AREA_C,AREA_B_TO_AREA_C,BA,CU,61_120,high,unknown_or_oneway,Y,L,0,0.8177849,35.15882526422238
92.0,94.1463362,3.90625,3,2,0,1,0,1,0,0,0,4,1,95.41666666666667,21.0,47.1609696,3,0,BAGGAGE,UPPER MERIDIAN,LANG_01,Round-Trip,apple,Paid Search,Paid Search,Logged-Out,AREA_B,AREA_C,AREA_B_TO_AREA_C,BI,CE,61_120,high,3_5,Y,S,0,0.74540615,35.154076818374634
0.0,145.0776307,6.763888888888889,1,1,0,0,0,0,0,0,0,5,1,166.0,16.0,87.5171088,3,0,BAGGAGE,LOWER VERTEX,LANG_02,Round-Trip,google,Paid Search,Organic Search,Logged-Out,AREA_D,AREA_C,AREA_D_TO_AREA_C,DA,CU,invalid_or_past,very_high,6_8,Y,Q,0,0.40133086,35.1233164054297
227.0,175.6860902,12.864583333333334,2,2,0,0,0,0,0,1,1,3,1,309.6666666666667,11.0,47.2654748,1,0,BAGGAGE,LOWER VERTEX,LANG_02,Round-Trip,google,Paid Search,Paid Search,Logged-In,AREA_B,AREA_B,AREA_B_TO_AREA_B,BE,BU,120_plus,very_high,9_14,Y,O,0,0.7427813,35.10790994129119
3.0,318.1078326,15.01736111111111,3,2,0,1,0,1,0,0,0,5,1,364.0833333333333,9.0,42.6895176,4,0,BAGGAGE,LOWER VERTEX,LANG_02,Round-Trip,apple,Paid Search,MetaSearches,Logged-Out,AREA_D,AREA_C,AREA_D_TO_AREA_C,DA,CU,0_3,very_high,15_30,Y,V,0,0.82237995,35.10700320890722
340.0,730.7791655999999,12.76388888888889,4,2,1,1,0,1,1,1,0,2,1,312.25,18.0,42.1858368,3,1,BAGGAGE,UPPER APEX,LANG_09,Round-Trip,apple,Direct,Direct,Logged-In,AREA_C,AREA_B,AREA_C_TO_AREA_B,CA,BA,120_plus,very_high,9_14,Y,S,1,0.8314984,35.07745514695587
3.0,174.2362947,33.763888888888886,2,1,0,1,0,1,0,0,0,2,1,813.6666666666666,19.0,47.704054,2,1,BAGGAGE,NORTH MERIDIAN,LANG_02,Round-Trip,microsoft,Paid Search,Paid Search,Logged-Out,AREA_B,AREA_C,AREA_B_TO_AREA_C,BI,CA,0_3,very_high,30_plus,Y,O,0,0.7344216,35.034888181906936
94.0,155.5941089,12.586805555555555,2,2,0,0,0,0,0,0,0,3,1,305.3333333333333,13.0,51.027662,2,0,BAGGAGE,LOWER VERTEX,LANG_09,Round-Trip,apple,Direct,Direct,Logged-Out,AREA_B,AREA_B,AREA_B_TO_AREA_B,BU,BE,61_120,very_high,9_14,Y,O,1,0.68650943,35.030971174696326
93.0,112.0749742,5.142361111111111,11,7,0,2,2,1,0,0,0,2,1,125.66666666666667,22.0,40.08888,1,0,BAGGAGE,UPPER APEX,LANG_09,Round-Trip,google,Direct,Direct,Logged-Out,AREA_B,AREA_B,AREA_B_TO_AREA_B,BE,BA,61_120,very_high,6_8,Y,O,1,0.87362516,35.02265417469979
128.0,185.9939863,23.18402777777778,3,2,0,0,1,1,0,0,0,4,1,558.9166666666666,20.0,46.0782272,3,0,BAGGAGE,NORTH HORIZON,LANG_04,Round-Trip,google,Paid Search,Paid Search,Logged-Out,AREA_C,AREA_C,AREA_C_TO_AREA_C,CU,CA,120_plus,very_high,15_30,Y,L,0,0.7594425,34.99376443913002
0.0,286.4290514,14.729166666666666,2,2,0,0,0,0,0,0,0,2,1,357.25,7.0,46.98451,1,1,BAGGAGE,LOWER VERTEX,LANG_02,Round-Trip,apple,Direct,Paid Search,Logged-Out,AREA_B,AREA_C,AREA_B_TO_AREA_C,BU,CA,invalid_or_past,very_high,15_30,Y,Q,0,0.74437886,34.97427621534765
43.0,336.9817287,14.6875,2,2,0,0,0,0,0,1,1,4,1,355.3333333333333,10.0,48.2334328,1,0,BAGGAGE,NEW APEX,LANG_02,Round-Trip,apple,Direct,Direct,Logged-In,AREA_C,AREA_B,AREA_C_TO_AREA_B,CU,BU,31_60,very_high,15_30,Y,K,0,0.7238042,34.911560076400235
64.0,208.33111619999997,63.763888888888886,2,2,0,0,0,0,0,1,0,4,1,1534.0,17.0,67.6808226,5,0,BAGGAGE,NORTH MERIDIAN,LANG_02,Round-Trip,microsoft,MetaSearches,MetaSearches,Logged-In,AREA_B,AREA_C,AREA_B_TO_AREA_C,BI,CU,61_120,very_high,30_plus,Y,O,0,0.51557386,34.89446290271309
112.0,334.4234928,16.97222222222222,3,1,1,1,0,1,1,1,0,2,1,410.5,20.0,43.04415,2,1,BAGGAGE,LOWER VERTEX,LANG_02,Round-Trip,samsung,Direct,Direct,Logged-In,AREA_B,AREA_C,AREA_B_TO_AREA_C,BU,CA,61_120,very_high,15_30,Y,L,0,0.8104913,34.88691010118723
25.0,209.25881399999997,7.847222222222222,2,2,0,0,0,0,0,0,0,4,1,191.33333333333334,13.0,46.5973268,2,0,BAGGAGE,LOWER VERTEX,LANG_02,Round-Trip,google,Paid Search,Paid Search,Logged-Out,AREA_B,AREA_B,AREA_B_TO_AREA_B,BU,BU,15_30,very_high,6_8,Y,U,0,0.7483086,34.86918033462989
34.0,98.1089678,17.427083333333332,1,1,0,0,0,0,0,0,0,6,1,419.0833333333333,15.0,134.2874688,5,0,BAGGAGE,SOUTH HORIZON,LANG_02,Round-Trip,google,Paid Search,Paid Search,Logged-Out,AREA_C,AREA_C,AREA_C_TO_AREA_C,CA,CI,31_60,high,15_30,Y,H,0,0.25955454,34.85492154092503
28.0,155.30500640000002,,2,2,0,0,0,0,0,0,0,1,0,5.0,17.0,52.42392,1,1,BAGGAGE,EAST ZENITH,LANG_02,One-Way,microsoft,Organic Search,Organic Search,Logged-Out,AREA_C,AREA_C,AREA_C_TO_AREA_C,CA,CA,15_30,very_high,unknown_or_oneway,Y,W,0,0.6643543,34.82805795089722
18.0,91.806105,,2,1,0,1,0,1,0,0,0,2,1,16.666666666666668,13.0,46.6709944,2,0,BAGGAGE,UPPER APEX,LANG_02,One-Way,apple,Direct,Direct,Logged-Out,AREA_C,AREA_C,AREA_C_TO_AREA_C,CE,CE,15_30,high,unknown_or_oneway,Y,U,0,0.7461178,34.82205829676614
188.0,352.5264489,15.215277777777779,3,3,0,0,0,0,0,0,0,2,1,379.6666666666667,18.0,45.3107136,3,1,BAGGAGE,UPPER APEX,LANG_09,Round-Trip,microsoft,Paid Search,Paid Search,Logged-Out,AREA_C,AREA_B,AREA_C_TO_AREA_B,CA,BI,120_plus,very_high,15_30,Y,O,0,0.76850563,34.82153863129234
180.0,305.4515676,18.0,2,1,0,1,0,1,0,0,0,2,1,439.25,12.0,44.71452,1,1,BAGGAGE,UPPER APEX,LANG_09,Round-Trip,microsoft,Direct,Organic Search,Logged-Out,AREA_C,AREA_B,AREA_C_TO_AREA_B,CA,BU,120_plus,very_high,15_30,Y,V,0,0.7779637,34.786273329484466
168.0,667.1098008,16.0,3,2,1,0,0,0,1,1,0,2,1,391.25,20.0,45.3107136,3,1,BAGGAGE,UPPER APEX,LANG_09,Round-Trip,other,Paid Search,Organic Search,Logged-In,AREA_C,AREA_B,AREA_C_TO_AREA_B,CA,BU,120_plus,very_high,15_30,Y,V,0,0.7672337,34.763907775403595
121.0,153.5618254,,1,1,0,0,0,0,0,0,0,2,1,24.166666666666668,21.0,64.9525516,3,0,BAGGAGE,NEW HORIZON,LANG_02,One-Way,google,MetaSearches,MetaSearches,Logged-Out,AREA_B,AREA_C,AREA_B_TO_AREA_C,BO,CE,120_plus,very_high,unknown_or_oneway,Y,Q,0,0.5351572,34.75982588576775
200.0,638.8163028,15.0,3,3,0,0,0,0,0,0,0,2,1,367.25,22.0,45.3107136,3,1,BAGGAGE,UPPER APEX,LANG_09,Round-Trip,apple,Direct,Direct,Logged-Out,AREA_C,AREA_B,AREA_C_TO_AREA_B,CA,BU,120_plus,very_high,15_30,Y,V,1,0.76693,34.75014486047745
27.0,327.52101,7.28125,4,4,0,0,0,0,0,0,0,2,1,188.25,20.0,42.1858368,3,1,BAGGAGE,UPPER APEX,LANG_09,Round-Trip,apple,Paid Search,Paid Search,Logged-Out,AREA_C,AREA_B,AREA_C_TO_AREA_B,CA,BU,15_30,very_high,6_8,Y,O,1,0.82358235,34.74351065940971
160.0,241.2562504,21.25,2,2,0,0,0,0,0,1,0,4,1,510.9166666666667,9.0,47.4076704,2,0,BAGGAGE,UPPER APEX,LANG_09,Round-Trip,google,Paid Search,Paid Search,Logged-In,AREA_B,AREA_B,AREA_B_TO_AREA_B,BE,BU,120_plus,very_high,15_30,Y,U,0,0.73286635,34.74348621805744
170.0,266.453996,22.37152777777778,3,3,0,0,0,0,0,0,0,4,1,538.1666666666666,22.0,41.8830287,2,0,BAGGAGE,CENTRAL MERIDIAN,LANG_02,Round-Trip,apple,MetaSearches,MetaSearches,Logged-Out,AREA_B,AREA_B,AREA_B_TO_AREA_B,BI,BU,120_plus,very_high,15_30,Y,V,0,0.82952017,34.74281691646691
129.0,263.8722036,13.36111111111111,2,2,0,0,0,0,0,0,0,2,1,335.8333333333333,22.0,50.0802624,2,1,BAGGAGE,UPPER APEX,LANG_09,Round-Trip,google,Organic Search,Organic Search,Logged-Out,AREA_C,AREA_B,AREA_C_TO_AREA_B,CA,BO,120_plus,very_high,9_14,Y,U,0,0.69369376,34.74036537866593
20.0,338.8302715,8.590277777777779,5,2,0,3,0,1,0,0,0,2,1,213.0,16.0,41.3712102,3,1,BAGGAGE,UPPER APEX,LANG_02,Round-Trip,samsung,Paid Search,Paid Search,Logged-Out,AREA_B,AREA_C,AREA_B_TO_AREA_C,BA,CA,15_30,very_high,9_14,Y,U,0,0.8396743,34.73834171639975
208.0,140.658003,10.239583333333334,2,2,0,0,0,0,0,0,0,4,1,247.83333333333334,18.0,48.6651592,2,0,BAGGAGE,LOWER ZENITH,LANG_02,Round-Trip,apple,Direct,Direct,Logged-Out,AREA_C,AREA_B,AREA_C_TO_AREA_B,CE,BU,120_plus,very_high,9_14,Y,L,0,0.7132604,34.71093151155834
48.0,185.8714925,20.20486111111111,2,2,0,0,0,0,0,0,0,5,1,485.8333333333333,8.0,47.2654748,1,0,BAGGAGE,LOWER VERTEX,LANG_02,Round-Trip,apple,Direct,Direct,Logged-Out,AREA_B,AREA_B,AREA_B_TO_AREA_B,BE,BU,31_60,very_high,15_30,Y,W,1,0.7339143,34.688808594102696
151.0,119.9758243,43.885416666666664,1,1,0,0,0,0,0,0,0,4,1,1055.3333333333333,13.0,92.4648304,2,0,BAGGAGE,LOWER VERTEX,LANG_02,Round-Trip,google,Paid Search,Paid Search,Logged-Out,AREA_C,AREA_B,AREA_C_TO_AREA_B,CE,BU,120_plus,very_high,30_plus,Y,Q,0,0.37514532,34.687748030756566
55.0,196.88351379999995,89.34722222222223,2,2,0,0,0,0,0,0,0,3,1,2159.0,15.0,55.50768,3,0,BAGGAGE,UPPER APEX,LANG_02,Round-Trip,microsoft,Direct,Direct,Logged-Out,AREA_C,AREA_B,AREA_C_TO_AREA_B,CU,BU,31_60,very_high,30_plus,Y,O,0,0.6248651,34.68481282931328
210.0,464.8442692,22.381944444444443,2,1,0,1,0,1,0,0,0,5,1,539.1666666666666,19.0,68.6633428,3,0,BAGGAGE,SOUTH MERIDIAN,LANG_01,Round-Trip,apple,Direct,Direct,Logged-Out,AREA_B,AREA_C,AREA_B_TO_AREA_C,BI,CA,120_plus,very_high,15_30,Y,Y,0,0.50486255,34.66555012610235
207.0,292.29162180000003,14.302083333333334,2,2,0,0,0,0,0,0,0,2,1,359.5,22.0,50.0734096,2,1,BAGGAGE,UPPER APEX,LANG_09,Round-Trip,apple,MetaSearches,Paid MetaSearches,Logged-Out,AREA_C,AREA_B,AREA_C_TO_AREA_B,CA,BO,120_plus,very_high,15_30,Y,V,0,0.6922418,34.66290658827686
96.0,209.5252166,14.67013888888889,2,2,0,0,0,0,0,1,0,2,1,356.1666666666667,20.0,55.50768,4,1,BAGGAGE,UPPER APEX,LANG_02,Round-Trip,google,Paid Search,Organic Search,Logged-In,AREA_C,AREA_C,AREA_C_TO_AREA_C,CA,CE,61_120,very_high,15_30,Y,U,0,0.624075,34.640955147199634
185.0,569.5653324,,3,2,1,0,0,0,1,1,0,2,1,422.75,21.0,44.71452,4,1,BAGGAGE,UPPER APEX,LANG_09,Multi-City,google,Direct,Organic Search,Logged-In,AREA_C,AREA_C,AREA_C_TO_AREA_C,CA,CA,120_plus,very_high,unknown_or_oneway,Y,V,0,0.774082,34.612705295283796
157.0,402.5733039,13.479166666666666,3,3,0,0,0,0,0,0,0,2,1,338.0833333333333,23.0,45.3107136,3,1,BAGGAGE,UPPER APEX,LANG_02,Round-Trip,mozilla,Paid Search,MetaSearches,Logged-Out,AREA_C,AREA_B,AREA_C_TO_AREA_B,CA,BI,120_plus,very_high,9_14,Y,O,0,0.76355654,34.59729170190697
0.0,58.4055578,,1,1,0,0,0,0,0,0,0,2,1,18.416666666666668,13.0,56.1064434,1,0,BAGGAGE,OLD ZENITH,LANG_02,One-Way,google,Paid Search,Paid Search,Logged-Out,AREA_B,AREA_C,AREA_B_TO_AREA_C,BU,CE,invalid_or_past,high,unknown_or_oneway,Y,T,0,0.61607,34.56549504335836
42.0,379.0853319,37.47222222222222,3,3,0,0,0,0,0,0,0,2,1,919.9166666666666,16.0,42.1858368,2,1,BAGGAGE,UPPER APEX,LANG_09,Round-Trip,google,Paid Search,Paid Search,Logged-Out,AREA_C,AREA_D,AREA_C_TO_AREA_D,CA,DA,31_60,very_high,30_plus,Y,O,0,0.81848526,34.528485601977536
152.0,267.8112787,16.319444444444443,3,1,1,1,0,1,1,0,0,2,1,407.8333333333333,9.0,44.71452,3,1,BAGGAGE,UPPER APEX,LANG_09,Round-Trip,google,Paid Search,Paid Search,Logged-Out,AREA_C,AREA_B,AREA_C_TO_AREA_B,CA,BO,120_plus,very_high,15_30,Y,O,0,0.77218556,34.52790684702873
6.0,143.3070385,5.847222222222222,2,2,0,0,0,0,0,1,0,3,1,141.58333333333334,8.0,52.08128,3,0,BAGGAGE,UPPER APEX,LANG_09,Round-Trip,google,Organic Search,Organic Search,Logged-In,AREA_B,AREA_B,AREA_B_TO_AREA_B,BE,BI,4_7,very_high,6_8,Y,S,1,0.66230536,34.49371064300537
2.0,150.0390579,,1,1,0,0,0,0,0,0,0,1,0,14.416666666666666,10.0,61.7368752,1,1,BAGGAGE,NORTH MERIDIAN,LANG_02,One-Way,google,Paid Search,Organic Search,Logged-Out,AREA_B,AREA_C,AREA_B_TO_AREA_C,BI,CA,0_3,very_high,unknown_or_oneway,Y,Q,0,0.5586345,34.48834961753883
111.0,175.55760020000002,7.361111111111111,2,2,0,0,0,0,0,0,0,2,1,191.83333333333334,16.0,48.2745496,1,1,BAGGAGE,UPPER APEX,LANG_09,Round-Trip,apple,Paid Search,Organic Search,Logged-Out,AREA_C,AREA_B,AREA_C_TO_AREA_B,CA,BO,61_120,very_high,6_8,Y,O,0,0.714027,34.469331226348636
27.0,155.4994546,,2,2,0,0,0,0,0,0,0,2,1,237.16666666666666,15.0,44.71452,2,0,BAGGAGE,UPPER APEX,LANG_09,Multi-City,google,Direct,Organic Search,Logged-Out,AREA_B,AREA_B,AREA_B_TO_AREA_B,BE,BU,15_30,very_high,unknown_or_oneway,Y,O,0,0.76986986,34.424361430642605
3.0,49.1058799,,1,1,0,0,0,0,0,1,0,3,1,30.916666666666668,13.0,56.1064434,1,0,BAGGAGE,GREAT APEX,LANG_10,One-Way,google,Organic Search,Organic Search,Logged-In,AREA_B,AREA_C,AREA_B_TO_AREA_C,BU,CE,0_3,mid,unknown_or_oneway,Y,T,0,0.6129093,34.388161904524615
17.0,656.5654830999999,,5,2,1,2,0,1,1,0,0,4,1,-284.5833333333333,23.0,45.0567317,5,0,BAGGAGE,LOWER VERTEX,LANG_02,Round-Trip,apple,Direct,Organic Search,Logged-Out,AREA_B,AREA_B,AREA_B_TO_AREA_B,BU,BE,15_30,very_high,unknown_or_oneway,Y,Q,0,0.76235163,34.34907294940797
122.0,219.06003120000003,6.010416666666667,2,2,0,0,0,0,0,0,0,2,1,150.91666666666666,23.0,49.6828,1,1,BAGGAGE,UPPER APEX,LANG_09,Round-Trip,apple,Organic Search,MetaSearches,Logged-Out,AREA_C,AREA_B,AREA_C_TO_AREA_B,CA,BU,120_plus,very_high,6_8,Y,W,0,0.69126487,34.343974173069
151.0,189.6349646,14.569444444444445,2,2,0,0,0,0,0,1,0,6,1,353.5833333333333,16.0,48.3242324,1,0,BAGGAGE,GREAT MERIDIAN,LANG_03,Round-Trip,google,Paid Search,Paid Search,Logged-In,AREA_B,AREA_C,AREA_B_TO_AREA_C,BA,CA,120_plus,very_high,15_30,Y,W,0,0.7104085,34.32994587710707
81.0,539.6014644,4.246527777777778,4,3,1,0,0,0,1,0,0,2,1,116.41666666666667,13.0,44.71452,2,1,BAGGAGE,UPPER APEX,LANG_09,Round-Trip,google,Direct,Direct,Logged-Out,AREA_C,AREA_B,AREA_C_TO_AREA_B,CA,BU,61_120,very_high,3_5,Y,V,1,0.76738435,34.31322287916899
247.0,577.215627,13.496527777777779,3,3,0,0,0,0,0,0,0,2,1,331.1666666666667,21.0,44.7033842,3,1,BAGGAGE,UPPER APEX,LANG_09,Round-Trip,mozilla,Paid Search,Paid Search,Logged-Out,AREA_C,AREA_B,AREA_C_TO_AREA_B,CA,BU,120_plus,very_high,9_14,Y,S,0,0.7672337,34.29794417489011
217.0,360.3514899000001,9.42361111111111,3,3,0,0,0,0,0,1,0,2,1,240.83333333333334,13.0,44.71452,3,1,BAGGAGE,UPPER APEX,LANG_09,Round-Trip,apple,Direct,Direct,Logged-In,AREA_C,AREA_B,AREA_C_TO_AREA_B,CA,BU,120_plus,very_high,9_14,Y,O,0,0.76693,34.29290611231327
81.0,331.9616244,17.01388888888889,2,2,0,0,0,0,0,0,0,2,1,414.25,21.0,56.638392,3,1,BAGGAGE,UPPER APEX,LANG_09,Round-Trip,apple,Direct,Direct,Logged-Out,AREA_C,AREA_C,AREA_C_TO_AREA_C,CA,CA,61_120,very_high,15_30,Y,L,0,0.60530734,34.28363443862343
70.0,197.8077852,5.28125,3,3,0,0,0,0,0,0,0,2,1,140.25,20.0,42.1858368,1,1,BAGGAGE,UPPER APEX,LANG_09,Round-Trip,google,Paid Search,Email,Logged-Out,AREA_C,AREA_B,AREA_C_TO_AREA_B,CA,BU,61_120,very_high,6_8,Y,O,0,0.8125843,34.27954786314926
15.0,71.324799,4.482638888888889,3,1,1,1,0,1,1,0,0,2,1,109.83333333333333,15.0,42.6535404,1,1,BAGGAGE,WEST APEX,LANG_02,Round-Trip,google,Paid Search,Paid Search,Logged-Out,AREA_B,AREA_C,AREA_B_TO_AREA_C,BE,CA,15_30,high,3_5,Y,U,0,0.8028719,34.24532829396021
100.0,320.4078036,7.229166666666667,4,2,0,2,0,1,0,0,0,2,1,188.08333333333334,9.0,38.2797408,2,1,BAGGAGE,UPPER APEX,LANG_09,Round-Trip,google,Paid Search,Organic Search,Logged-Out,AREA_C,AREA_B,AREA_C_TO_AREA_B,CA,BU,61_120,very_high,6_8,Y,O,0,0.89435023,34.23549501537952
218.0,317.0996144,,2,2,0,0,0,0,0,0,0,3,1,7.666666666666667,22.0,49.031784,1,1,BAGGAGE,UPPER APEX,LANG_02,Round-Trip,apple,Direct,Direct,Logged-Out,AREA_C,AREA_B,AREA_C_TO_AREA_B,CA,BU,120_plus,very_high,unknown_or_oneway,Y,W,0,0.6979385,34.22116986725092
13.0,70.08829689999999,25.350694444444443,1,1,0,0,0,0,0,0,0,3,1,624.5,16.0,78.6975552,2,0,BAGGAGE,LOWER VERTEX,LANG_02,Round-Trip,apple,Direct,Paid Search,Logged-Out,AREA_B,AREA_B,AREA_B_TO_AREA_B,BE,BU,8_14,high,15_30,Y,O,0,0.43482575,34.21972332175884
192.0,322.93605850000006,,3,1,2,0,0,0,1,0,0,3,1,670.0,9.0,43.5632496,2,0,BAGGAGE,LOWER VERTEX,LANG_02,Multi-City,apple,Direct,Direct,Logged-Out,AREA_B,AREA_C,AREA_B_TO_AREA_C,BU,CU,120_plus,very_high,unknown_or_oneway,Y,L,0,0.7851073,34.201825908123496
48.0,347.6952249,7.239583333333333,3,3,0,0,0,0,0,0,0,2,1,188.25,15.0,44.71452,3,1,BAGGAGE,UPPER APEX,LANG_09,Round-Trip,apple,Direct,Direct,Logged-Out,AREA_C,AREA_B,AREA_C_TO_AREA_B,CA,BU,31_60,very_high,6_8,Y,L,0,0.7648304,34.19902468603849
14.0,187.1593906,26.475694444444443,2,2,0,0,0,0,0,0,0,4,1,639.0,14.0,46.6692812,1,0,BAGGAGE,LOWER VERTEX,LANG_02,Round-Trip,apple,Direct,Direct,Logged-Out,AREA_D,AREA_C,AREA_D_TO_AREA_C,DA,CU,8_14,very_high,15_30,Y,W,1,0.7326908,34.1941534985527
4.0,67.9318064,,2,2,0,0,0,0,0,0,0,2,1,7.916666666666667,19.0,46.6320191,3,0,BAGGAGE,UPPER VERTEX,LANG_02,One-Way,apple,MetaSearches,MetaSearches,Logged-Out,AREA_C,AREA_B,AREA_C_TO_AREA_B,CI,BU,4_7,high,unknown_or_oneway,Y,S,1,0.7331256,34.187128242869
0.0,45.4332074,,1,1,0,0,0,0,0,0,0,1,0,3.8333333333333335,14.0,70.720896,2,1,BAGGAGE,UPPER APEX,LANG_09,One-Way,microsoft,MetaSearches,MetaSearches,Logged-Out,AREA_C,AREA_B,AREA_C_TO_AREA_B,CA,BA,invalid_or_past,mid,unknown_or_oneway,Y,T,0,0.4832634,34.176820876705165
61.0,200.2263953,,2,2,0,0,0,0,0,0,0,4,1,343.8333333333333,22.0,46.1056384,2,0,BAGGAGE,LOWER VERTEX,LANG_02,Multi-City,mozilla,MetaSearches,MetaSearches,Logged-Out,AREA_C,AREA_B,AREA_C_TO_AREA_B,CE,BU,61_120,very_high,unknown_or_oneway,Y,V,0,0.7410236,34.16536615214462
7.0,324.94307230000004,32.24652777777778,2,2,0,0,0,0,0,1,0,2,1,788.0833333333334,13.0,46.2726754,2,1,BAGGAGE,LOWER VERTEX,LANG_02,Round-Trip,apple,Direct,Direct,Logged-In,AREA_C,AREA_B,AREA_C_TO_AREA_B,CA,BU,4_7,very_high,30_plus,Y,H,1,0.73772436,34.13648002096768
165.0,180.1554007,21.85763888888889,2,2,0,0,0,0,0,1,0,4,1,527.1666666666666,18.0,55.1513344,4,0,BAGGAGE,NORTH HORIZON,LANG_04,Round-Trip,apple,Direct,Direct,Logged-In,AREA_C,AREA_C,AREA_C_TO_AREA_C,CU,CE,120_plus,very_high,15_30,Y,L,0,0.6187358,34.12410447347413
140.0,342.1663002,12.82986111111111,3,3,0,0,0,0,0,1,1,2,1,313.8333333333333,18.0,45.3107136,3,1,BAGGAGE,UPPER APEX,LANG_09,Round-Trip,apple,Direct,Direct,Logged-In,AREA_C,AREA_C,AREA_C_TO_AREA_C,CA,CA,120_plus,very_high,9_14,Y,O,0,0.75294846,34.11663216088142
7.0,60.1487388,6.215277777777778,4,2,0,2,0,1,0,1,0,2,1,149.5,9.0,40.08888,2,0,BAGGAGE,UPPER APEX,LANG_09,Round-Trip,samsung,Direct,Direct,Logged-In,AREA_B,AREA_B,AREA_B_TO_AREA_B,BE,BI,4_7,high,6_8,Y,U,0,0.8509814,34.114891800827984
20.0,190.81021979999997,,2,2,0,0,0,0,0,0,0,4,1,190.0,15.0,46.2923772,2,0,BAGGAGE,LOWER VERTEX,LANG_02,Multi-City,apple,Paid Search,Organic Search,Logged-Out,AREA_B,AREA_B,AREA_B_TO_AREA_B,BU,BE,15_30,very_high,unknown_or_oneway,Y,U,0,0.735669,34.05586762182126
1.0,240.27886979999997,13.78125,2,2,0,0,0,0,0,0,0,2,1,335.0833333333333,22.0,47.4487872,2,1,BAGGAGE,LOWER VERTEX,LANG_02,Round-Trip,samsung,Direct,Direct,Logged-Out,AREA_B,AREA_C,AREA_B_TO_AREA_C,BU,CA,0_3,very_high,9_14,Y,W,0,0.7177258,34.05521938743324
29.0,278.9796295,33.423611111111114,2,1,0,1,0,1,0,0,0,2,1,816.6666666666666,14.0,48.3345116,2,1,BAGGAGE,LOWER VERTEX,LANG_02,Round-Trip,apple,Direct,Direct,Logged-Out,AREA_C,AREA_B,AREA_C_TO_AREA_B,CA,BU,15_30,very_high,30_plus,Y,L,0,0.70398486,34.026764217824315
17.0,198.367145,7.173611111111111,2,2,0,0,0,0,0,0,0,4,1,173.25,23.0,45.3107136,1,0,BAGGAGE,UPPER APEX,LANG_09,Round-Trip,google,Paid Search,Organic Search,Logged-Out,AREA_B,AREA_B,AREA_B_TO_AREA_B,BE,BU,15_30,very_high,6_8,Y,L,0,0.75050396,34.00586986359902
136.0,624.7008197,14.57638888888889,3,3,0,0,0,0,0,0,0,2,1,353.3333333333333,17.0,57.6997194,2,1,BAGGAGE,LOWER VERTEX,LANG_02,Round-Trip,google,MetaSearches,MetaSearches,Logged-Out,AREA_B,AREA_C,AREA_B_TO_AREA_C,BU,CA,120_plus,very_high,15_30,P,R,0,0.5891367,33.99302341513846
99.0,149.3859004,17.944444444444443,2,2,0,0,0,0,0,0,0,3,1,431.6666666666667,20.0,46.6864132,2,0,BAGGAGE,UPPER APEX,LANG_09,Round-Trip,mozilla,Direct,Direct,Logged-Out,AREA_B,AREA_B,AREA_B_TO_AREA_B,BE,BU,61_120,very_high,15_30,Y,U,0,0.72799855,33.987641334033896
95.0,226.98957740000003,23.06597222222222,2,2,0,0,0,0,0,1,0,2,1,558.5833333333334,20.0,48.2300064,1,1,BAGGAGE,UPPER APEX,LANG_09,Round-Trip,google,Paid Search,Affiliate,Logged-In,AREA_C,AREA_C,AREA_C_TO_AREA_C,CA,CA,61_120,very_high,15_30,Y,W,0,0.7045289,33.979434696925736
160.0,520.5382597,24.552083333333332,5,4,0,1,0,1,0,0,0,4,1,590.5,13.0,41.8830287,3,0,BAGGAGE,CENTRAL MERIDIAN,LANG_02,Round-Trip,google,MetaSearches,MetaSearches,Logged-Out,AREA_B,AREA_B,AREA_B_TO_AREA_B,BI,BU,120_plus,very_high,15_30,Y,V,0,0.811231,33.97681197206274
19.0,386.6409722,14.76388888888889,2,2,0,0,0,0,0,0,0,4,1,359.0,23.0,47.6046884,2,0,BAGGAGE,NORTH MERIDIAN,LANG_02,Round-Trip,google,Paid Search,Paid Search,Logged-Out,AREA_B,AREA_C,AREA_B_TO_AREA_C,BI,CA,15_30,very_high,15_30,Y,W,0,0.713628,33.972038290767934
5.0,33.5281806,,1,1,0,0,0,0,0,0,0,3,1,12.75,23.0,60.039094,2,0,BAGGAGE,SOUTH ZENITH,LANG_07,One-Way,microsoft,MetaSearches,MetaSearches,Logged-Out,AREA_C,AREA_B,AREA_C_TO_AREA_B,CE,BE,4_7,low,unknown_or_oneway,Y,T,0,0.5652445,33.936767420442465
40.0,488.34937319999995,,2,2,0,0,0,0,0,1,0,2,1,33.166666666666664,12.0,49.1123044,2,0,BAGGAGE,SOUTH ZENITH,LANG_02,One-Way,google,Organic Search,Affiliate,Logged-In,AREA_B,AREA_B,AREA_B_TO_AREA_B,BE,BU,31_60,very_high,unknown_or_oneway,Y,E,1,0.69080746,33.92714634269681
2.0,252.6820095,6.763888888888889,2,2,0,0,0,0,0,0,0,2,1,166.0,16.0,47.704054,1,1,BAGGAGE,NORTH MERIDIAN,LANG_02,Round-Trip,microsoft,Paid Search,Paid Search,Logged-Out,AREA_B,AREA_C,AREA_B_TO_AREA_C,BI,CA,0_3,very_high,6_8,Y,O,0,0.7110319,33.919104809602736
89.0,129.192412,8.17361111111111,2,2,0,0,0,0,0,0,0,4,1,197.16666666666666,21.0,44.71452,1,0,BAGGAGE,UPPER APEX,LANG_09,Round-Trip,google,Affiliate,Affiliate,Logged-Out,AREA_B,AREA_B,AREA_B_TO_AREA_B,BE,BU,61_120,very_high,9_14,Y,O,0,0.7585281,33.91722049562931
29.0,281.8903563,7.229166666666667,2,2,0,0,0,0,0,0,0,4,1,174.75,14.0,48.4544356,2,0,BAGGAGE,UPPER HORIZON,LANG_05,Round-Trip,google,Direct,Direct,Logged-Out,AREA_C,AREA_B,AREA_C_TO_AREA_B,CI,BU,15_30,very_high,6_8,Y,K,0,0.6997559,33.90627753429613
0.0,49.567159,,1,1,0,0,0,0,0,1,0,2,1,15.0,20.0,56.1064434,1,0,BAGGAGE,OLD ZENITH,LANG_02,One-Way,google,Paid Search,Organic Search,Logged-In,AREA_B,AREA_C,AREA_B_TO_AREA_C,BU,CE,invalid_or_past,mid,unknown_or_oneway,Y,T,0,0.6040461,33.89087867627149
14.0,142.7296901,34.78819444444444,2,2,0,0,0,0,0,0,0,2,1,838.0,14.0,46.7600808,2,0,BAGGAGE,LOWER VERTEX,LANG_02,Round-Trip,google,Paid Search,Paid Search,Logged-Out,AREA_B,AREA_B,AREA_B_TO_AREA_B,BU,BE,8_14,very_high,30_plus,Y,U,1,0.724643,33.88436485799274
14.0,513.2957067,15.76388888888889,4,2,2,0,0,0,1,0,0,4,1,382.0,16.0,41.7275558,3,0,BAGGAGE,NORTH MERIDIAN,LANG_02,Round-Trip,apple,Direct,Direct,Logged-Out,AREA_B,AREA_C,AREA_B_TO_AREA_C,BI,CE,8_14,very_high,15_30,Y,W,0,0.8119374,33.88016282068695
173.0,146.12653740000002,,2,2,0,0,0,0,0,0,0,4,1,218.83333333333334,13.0,46.8268956,1,0,BAGGAGE,LOWER VERTEX,LANG_02,Multi-City,google,Organic Search,Organic Search,Logged-Out,AREA_D,AREA_C,AREA_D_TO_AREA_C,DA,CI,120_plus,very_high,unknown_or_oneway,Y,O,0,0.72349256,33.878910704246735
193.0,301.0465021,,3,3,0,0,0,0,0,0,0,1,0,20.583333333333332,18.0,43.5289856,1,1,BAGGAGE,LOWER VERTEX,LANG_02,One-Way,apple,Direct,Direct,Logged-Out,AREA_D,AREA_C,AREA_D_TO_AREA_C,DA,CA,120_plus,very_high,unknown_or_oneway,Y,V,0,0.77792054,33.86209216414032
23.0,147.78876970000002,8.760416666666666,3,3,0,0,0,0,0,0,0,2,1,214.0,8.0,41.2178788,2,1,BAGGAGE,LOWER VERTEX,LANG_02,Round-Trip,apple,Direct,Paid Search,Logged-Out,AREA_B,AREA_C,AREA_B_TO_AREA_C,BU,CA,15_30,very_high,9_14,Y,O,1,0.8213975,33.85626191529777
152.0,356.5109238,,2,2,0,0,0,0,0,0,0,3,1,-794.5,23.0,51.4953656,2,0,BAGGAGE,LOWER VERTEX,LANG_02,Multi-City,google,Direct,Organic Search,Logged-Out,AREA_B,AREA_B,AREA_B_TO_AREA_B,BU,BE,120_plus,very_high,unknown_or_oneway,Y,O,0,0.6573364,33.84977895393014
13.0,74.5379056,1.9027777777777777,2,2,0,0,0,0,0,0,0,2,1,47.25,23.0,110.6281768,3,1,BAGGAGE,UPPER MERIDIAN,LANG_01,Round-Trip,google,Paid Search,Paid Search,Logged-Out,AREA_B,AREA_C,AREA_B_TO_AREA_C,BI,CA,8_14,high,1_2,Y,L,0,0.30594268,33.845881381797625
158.0,172.96381540000002,19.42361111111111,2,2,0,0,0,0,0,0,0,2,1,480.8333333333333,14.0,44.71452,1,1,BAGGAGE,UPPER APEX,LANG_09,Round-Trip,apple,Direct,Email,Logged-Out,AREA_C,AREA_B,AREA_C_TO_AREA_B,CA,BU,120_plus,very_high,15_30,Y,O,1,0.7564688,33.82513807468414
298.0,594.1840164,12.76388888888889,4,4,0,0,0,0,0,1,0,2,1,312.25,21.0,42.1858368,3,1,BAGGAGE,UPPER APEX,LANG_09,Round-Trip,opera,Paid Search,Paid Search,Logged-In,AREA_C,AREA_B,AREA_C_TO_AREA_B,CA,BA,120_plus,very_high,9_14,Y,L,1,0.80104256,33.7926505694458
167.0,360.7039808,9.40625,8,6,0,2,0,1,0,0,0,2,1,227.41666666666666,22.0,40.6233984,4,1,BAGGAGE,UPPER APEX,LANG_09,Round-Trip,microsoft,Paid Search,Paid Search,Logged-Out,AREA_C,AREA_B,AREA_C_TO_AREA_B,CA,BA,120_plus,very_high,9_14,Y,Q,1,0.83163446,33.783818068109895
15.0,152.9977543,9.777777777777779,2,2,0,0,0,0,0,0,0,2,1,238.41666666666666,20.0,47.4676324,1,1,BAGGAGE,LOWER VERTEX,LANG_02,Round-Trip,apple,Direct,Direct,Logged-Out,AREA_B,AREA_C,AREA_B_TO_AREA_C,BU,CA,15_30,very_high,9_14,Y,O,0,0.7114336,33.77006810142696
187.0,172.99807940000002,7.229166666666667,2,2,0,0,0,0,0,0,0,2,1,188.16666666666666,21.0,44.71452,1,1,BAGGAGE,UPPER APEX,LANG_09,Round-Trip,apple,Affiliate,Affiliate,Logged-Out,AREA_C,AREA_B,AREA_C_TO_AREA_B,CA,BU,120_plus,very_high,6_8,Y,O,0,0.75469714,33.74592054074049
136.0,150.46179,10.333333333333334,2,2,0,0,0,0,0,0,0,2,1,262.4166666666667,19.0,44.71452,1,1,BAGGAGE,UPPER APEX,LANG_09,Round-Trip,apple,Paid Search,Paid Search,Logged-Out,AREA_C,AREA_B,AREA_C_TO_AREA_B,CA,BU,120_plus,very_high,9_14,Y,O,0,0.75469714,33.74592054074049
65.0,167.5612392,9.239583333333334,2,2,0,0,0,0,0,1,0,2,1,236.25,19.0,44.71452,1,1,BAGGAGE,UPPER APEX,LANG_09,Round-Trip,google,Organic Search,Paid Search,Logged-In,AREA_C,AREA_B,AREA_C_TO_AREA_B,CA,BU,61_120,very_high,9_14,Y,O,0,0.75469714,33.74592054074049
76.0,228.862105,4.583333333333333,2,2,0,0,0,0,0,1,0,2,1,114.0,18.0,58.899816,4,1,BAGGAGE,UPPER APEX,LANG_02,Round-Trip,google,MetaSearches,Organic Search,Logged-In,AREA_C,AREA_B,AREA_C_TO_AREA_B,CA,BO,61_120,very_high,3_5,Y,U,0,0.57287264,33.7420930110054
127.0,209.168871,6.302083333333333,2,2,0,0,0,0,0,0,0,2,1,167.5,21.0,50.0734096,1,1,BAGGAGE,NEW AURORA,LANG_09,Round-Trip,google,Paid Search,Paid Search,Logged-Out,AREA_C,AREA_B,AREA_C_TO_AREA_B,CA,BO,120_plus,very_high,6_8,Y,U,1,0.67375064,33.736991712995525
2.0,45.2087782,,1,1,0,0,0,0,0,0,0,2,1,19.333333333333332,14.0,53.3481914,2,0,BAGGAGE,LOWER VERTEX,LANG_02,One-Way,google,MetaSearches,MetaSearches,Logged-Out,AREA_B,AREA_B,AREA_B_TO_AREA_B,BU,BU,0_3,mid,unknown_or_oneway,Y,W,0,0.6323407,33.73423425332986
26.0,164.0872979,74.23958333333333,2,2,0,0,0,0,0,0,0,2,1,1796.25,21.0,44.71452,1,1,BAGGAGE,LOWER VERTEX,LANG_02,Round-Trip,google,Paid Search,Organic Search,Logged-Out,AREA_C,AREA_B,AREA_C_TO_AREA_B,CA,BU,15_30,very_high,30_plus,Y,O,0,0.75424165,33.72555313521624
31.0,472.1082372,13.753472222222221,2,2,0,0,0,0,0,1,0,4,1,333.8333333333333,13.0,46.5527836,1,0,BAGGAGE,LOWER VERTEX,LANG_02,Round-Trip,google,MetaSearches,MetaSearches,Logged-In,AREA_B,AREA_C,AREA_B_TO_AREA_C,BU,CU,31_60,very_high,9_14,Y,K,0,0.724431,33.724278565851805
3.0,43.7739732,0.08680555555555555,2,2,0,0,0,0,0,0,0,2,1,4.166666666666667,21.0,93.746304,3,0,BAGGAGE,UPPER APEX,LANG_09,Round-Trip,google,Organic Search,Organic Search,Logged-Out,AREA_B,AREA_B,AREA_B_TO_AREA_B,BE,BI,0_3,mid,1_2,Y,U,0,0.35966486,33.71725105876922
130.0,179.8059079,,2,2,0,0,0,0,0,0,0,4,1,361.8333333333333,19.0,46.1056384,2,0,BAGGAGE,LOWER MERIDIAN,LANG_02,Multi-City,google,Direct,Email,Logged-Out,AREA_C,AREA_B,AREA_C_TO_AREA_B,CE,BU,120_plus,very_high,unknown_or_oneway,Y,V,0,0.73112196,33.70884458967056
14.0,197.5795013,,2,2,0,0,0,0,0,1,0,2,1,933.0833333333334,17.0,45.3107136,2,1,BAGGAGE,UPPER VERTEX,LANG_11,Multi-City,google,Direct,Organic Search,Logged-In,AREA_C,AREA_B,AREA_C_TO_AREA_B,CA,BU,8_14,very_high,unknown_or_oneway,Y,O,0,0.7437498,33.699834057521436
23.0,57.5853633,13.385416666666666,2,2,0,0,0,0,0,0,1,4,1,322.9166666666667,22.0,47.1609696,1,0,BAGGAGE,UPPER MERIDIAN,LANG_01,Round-Trip,mozilla,Direct,Direct,Logged-Out,AREA_B,AREA_C,AREA_B_TO_AREA_C,BI,CE,15_30,high,9_14,Y,V,0,0.7143819,33.69094182400074
208.0,481.8696225,18.57638888888889,3,2,1,0,0,0,1,0,0,2,1,449.3333333333333,21.0,62.0118438,2,1,BAGGAGE,LOWER VERTEX,LANG_02,Round-Trip,microsoft,Paid Search,Paid Search,Logged-Out,AREA_B,AREA_C,AREA_B_TO_AREA_C,BU,CA,120_plus,very_high,15_30,P,R,0,0.5430271,33.674111887130465
49.0,566.5732286,6.722222222222222,4,4,0,0,0,0,0,0,0,4,1,166.0,21.0,40.1968116,1,0,BAGGAGE,NORTH MERIDIAN,LANG_02,Round-Trip,apple,Organic Search,Organic Search,Logged-Out,AREA_B,AREA_B,AREA_B_TO_AREA_B,BI,BI,31_60,very_high,6_8,Y,L,0,0.8375799,33.66804168089654
116.0,37.030818,14.680555555555555,5,3,1,1,0,1,1,0,0,2,1,353.4166666666667,15.0,40.47435,2,1,BAGGAGE,UPPER APEX,LANG_09,Round-Trip,apple,Direct,Paid Search,Logged-Out,AREA_C,AREA_C,AREA_C_TO_AREA_C,CE,CA,61_120,mid,15_30,Y,O,1,0.8312419,33.643975825533275
85.0,227.3253646,,2,2,0,0,0,0,0,1,0,4,1,683.8333333333334,19.0,45.3107136,2,0,BAGGAGE,UPPER APEX,LANG_09,Multi-City,google,Paid Search,Paid Search,Logged-In,AREA_C,AREA_B,AREA_C_TO_AREA_B,CE,BU,61_120,very_high,unknown_or_oneway,Y,W,1,0.7424645,33.64159553761024
133.0,230.6661046,,2,2,0,0,0,0,0,0,0,4,1,447.4166666666667,10.0,45.3107136,2,0,BAGGAGE,UPPER APEX,LANG_09,Multi-City,google,Affiliate,Paid Search,Logged-Out,AREA_C,AREA_B,AREA_C_TO_AREA_B,CE,BU,120_plus,very_high,unknown_or_oneway,Y,O,0,0.7424645,33.64159553761024
203.0,291.0786762,,2,2,0,0,0,0,0,0,0,4,1,492.1666666666667,18.0,45.3107136,2,0,BAGGAGE,UPPER APEX,LANG_09,Multi-City,google,Paid Search,Organic Search,Logged-Out,AREA_C,AREA_B,AREA_C_TO_AREA_B,CE,BU,120_plus,very_high,unknown_or_oneway,Y,U,0,0.7424645,33.64159553761024
158.0,847.9423438,10.770833333333334,4,3,0,0,1,1,0,0,0,2,1,262.0,8.0,57.6997194,1,1,BAGGAGE,LOWER VERTEX,LANG_02,Round-Trip,apple,Direct,Direct,Logged-Out,AREA_B,AREA_C,AREA_B_TO_AREA_C,BU,CA,120_plus,very_high,9_14,P,R,0,0.5829879,33.638238506050804
102.0,318.83637089999996,11.402777777777779,2,2,0,0,0,0,0,0,0,4,1,278.5,20.0,48.3619228,2,0,BAGGAGE,NEW HORIZON,LANG_02,Round-Trip,google,Direct,Paid Search,Logged-Out,AREA_C,AREA_B,AREA_C_TO_AREA_B,CE,BU,61_120,very_high,9_14,Y,T,0,0.6954554,33.63355902763927
152.0,187.1936546,,2,2,0,0,0,0,0,1,0,2,1,750.5,14.0,45.3107136,2,1,BAGGAGE,UPPER APEX,LANG_02,Multi-City,google,Paid Search,Paid Search,Logged-In,AREA_C,AREA_B,AREA_C_TO_AREA_B,CA,BU,120_plus,very_high,unknown_or_oneway,Y,O,0,0.74223065,33.63100057778778
105.0,262.2767861,,2,2,0,0,0,0,0,0,0,2,1,30.5,8.0,49.314462,1,0,BAGGAGE,NORTH MERIDIAN,LANG_02,One-Way,apple,Organic Search,Email,Logged-Out,AREA_B,AREA_B,AREA_B_TO_AREA_B,BI,BO,61_120,very_high,unknown_or_oneway,Y,V,0,0.68186045,33.62558109942913
59.0,149.3841872,,2,2,0,0,0,0,0,0,0,2,1,260.5833333333333,23.0,44.9535114,2,1,BAGGAGE,UPPER APEX,LANG_09,Multi-City,apple,Direct,MetaSearches,Logged-Out,AREA_C,AREA_B,AREA_C_TO_AREA_B,CA,BU,31_60,very_high,unknown_or_oneway,Y,O,0,0.7479905,33.6247989746247
10.0,151.1295097,50.21875,2,2,0,0,0,0,0,0,0,2,1,1221.1666666666667,21.0,44.71452,2,1,BAGGAGE,LOWER VERTEX,LANG_02,Round-Trip,apple,Internal,Internal,Logged-Out,AREA_C,AREA_B,AREA_C_TO_AREA_B,CA,BU,8_14,very_high,30_plus,Y,O,0,0.751387,33.59790904299259
137.0,191.0483546,,2,2,0,0,0,0,0,0,0,2,1,241.0,14.0,45.3107136,2,1,BAGGAGE,UPPER APEX,LANG_09,Multi-City,google,Direct,Paid Search,Logged-Out,AREA_C,AREA_B,AREA_C_TO_AREA_B,CA,BU,120_plus,very_high,unknown_or_oneway,Y,O,0,0.7413002,33.588842198274996
15.0,177.1932779,76.22222222222223,2,2,0,0,0,0,0,0,0,2,1,1843.5,10.0,51.9707786,3,1,BAGGAGE,LOWER VERTEX,LANG_02,Round-Trip,google,Email,Email,Logged-Out,AREA_C,AREA_B,AREA_C_TO_AREA_B,CA,BU,15_30,very_high,30_plus,Y,O,0,0.6456867,33.556839805099074
185.0,245.0694053,47.576388888888886,2,2,0,0,0,0,0,0,0,4,1,1145.3333333333333,12.0,47.2808936,1,0,BAGGAGE,LOWER VERTEX,LANG_02,Round-Trip,microsoft,Direct,Direct,Logged-Out,AREA_B,AREA_B,AREA_B_TO_AREA_B,BU,BE,120_plus,very_high,30_plus,Y,V,0,0.7096803,33.55431964472866
166.0,731.9077361,52.90277777777778,4,2,2,0,0,0,1,1,0,4,1,1273.0,12.0,41.7275558,4,0,BAGGAGE,NORTH MERIDIAN,LANG_02,Round-Trip,google,Direct,Organic Search,Logged-In,AREA_B,AREA_C,AREA_B_TO_AREA_C,BI,CE,120_plus,very_high,30_plus,Y,L,0,0.80331635,33.520428017949435
59.0,191.852702,,2,2,0,0,0,0,0,0,0,2,1,-142.91666666666666,20.0,48.3242324,1,1,BAGGAGE,UPPER APEX,LANG_09,Round-Trip,google,Organic Search,Organic Search,Logged-Out,AREA_C,AREA_B,AREA_C_TO_AREA_B,CA,BU,31_60,very_high,unknown_or_oneway,Y,L,0,0.69317806,33.49729755345435
114.0,529.2199007,13.402777777777779,3,1,1,1,0,1,1,0,0,4,1,326.5,10.0,45.8760696,3,0,BAGGAGE,NEW HORIZON,LANG_02,Round-Trip,google,Direct,Direct,Logged-Out,AREA_C,AREA_D,AREA_C_TO_AREA_D,CE,DA,61_120,very_high,9_14,Y,Q,0,0.7301397,33.49593844508443
126.0,159.7520453,7.579861111111111,5,5,0,0,0,0,0,0,0,4,1,184.0,20.0,41.7061408,4,0,BAGGAGE,LOWER ZENITH,LANG_02,Round-Trip,google,Paid Search,Paid Search,Logged-Out,AREA_C,AREA_C,AREA_C_TO_AREA_C,CE,CI,120_plus,very_high,6_8,Y,V,0,0.80282503,33.48273389178486
134.0,218.1623144,,2,2,0,0,0,0,0,0,0,4,1,419.75,12.0,46.0388236,2,0,BAGGAGE,UPPER MERIDIAN,LANG_01,Multi-City,google,Direct,Paid Search,Logged-Out,AREA_B,AREA_B,AREA_B_TO_AREA_B,BI,BU,120_plus,very_high,unknown_or_oneway,Y,S,0,0.7272552,33.48197502431302
18.0,272.67633839999996,,2,2,0,0,0,0,0,1,0,1,0,14.416666666666666,19.0,49.4630821,1,1,BAGGAGE,UPPER VERTEX,LANG_11,One-Way,google,Paid Search,Paid Search,Logged-In,AREA_B,AREA_C,AREA_B_TO_AREA_C,BI,CA,15_30,very_high,unknown_or_oneway,Y,T,0,0.6767683,33.47504612988501
8.0,340.1978334,,3,3,0,0,0,0,0,0,0,2,1,8.25,2.0,40.4936235,2,0,BAGGAGE,CENTRAL MERIDIAN,LANG_02,One-Way,google,MetaSearches,MetaSearches,Logged-Out,AREA_B,AREA_B,AREA_B_TO_AREA_B,BI,BU,8_14,very_high,unknown_or_oneway,Y,E,1,0.82662874,33.47319315819928
216.0,405.6317942,21.19097222222222,2,2,0,0,0,0,0,1,0,2,1,528.8333333333334,20.0,45.3107136,2,1,BAGGAGE,UPPER APEX,LANG_02,Round-Trip,google,Referrals,MetaSearches,Logged-In,AREA_C,AREA_B,AREA_C_TO_AREA_B,CA,BU,120_plus,very_high,15_30,Y,L,0,0.7385209,33.46290990626335
251.0,223.307054,9.42361111111111,2,2,0,0,0,0,0,0,0,2,1,240.83333333333334,21.0,45.3107136,2,1,BAGGAGE,UPPER APEX,LANG_09,Round-Trip,google,Direct,MetaSearches,Logged-Out,AREA_C,AREA_B,AREA_C_TO_AREA_B,CA,BU,120_plus,very_high,9_14,Y,L,0,0.7381727,33.447132247511675
139.0,170.40772099999998,7.239583333333333,2,2,0,0,0,0,0,0,0,5,1,175.0,8.0,48.3173796,1,0,BAGGAGE,WEST VERTEX,LANG_02,Round-Trip,google,Direct,Paid Search,Logged-Out,AREA_B,AREA_B,AREA_B_TO_AREA_B,BO,BO,120_plus,very_high,6_8,Y,W,0,0.69214386,33.442577499625756
19.0,234.4205824,65.01041666666667,2,2,0,0,0,0,0,0,0,4,1,1563.1666666666667,13.0,46.1399024,2,0,BAGGAGE,NORTH MERIDIAN,LANG_02,Round-Trip,apple,Paid Search,Paid Search,Logged-Out,AREA_C,AREA_B,AREA_C_TO_AREA_B,CU,BI,15_30,very_high,30_plus,Y,V,0,0.724643,33.43495692663078
17.0,66.2019027,9.347222222222221,4,2,0,1,1,1,0,0,0,4,1,227.16666666666666,20.0,40.0597556,4,0,BAGGAGE,NEW APEX,LANG_02,Round-Trip,apple,Direct,Direct,Logged-Out,AREA_C,AREA_B,AREA_C_TO_AREA_B,CU,BI,15_30,high,9_14,Y,L,0,0.8346141,33.434436789080834
0.0,98.8053836,,1,1,0,0,0,0,0,0,0,2,1,19.333333333333332,17.0,53.3481914,1,0,BAGGAGE,LOWER VERTEX,LANG_02,One-Way,apple,Paid Search,Paid Search,Logged-Out,AREA_B,AREA_B,AREA_B_TO_AREA_B,BU,BU,invalid_or_past,high,unknown_or_oneway,Y,Q,0,0.62661326,33.42868409174063
12.0,163.7408032,7.239583333333333,2,2,0,0,0,0,0,0,0,2,1,188.25,15.0,43.7482752,2,1,BAGGAGE,UPPER APEX,LANG_09,Round-Trip,apple,Direct,Email,Logged-Out,AREA_C,AREA_B,AREA_C_TO_AREA_B,CA,BU,8_14,very_high,6_8,Y,O,0,0.7639367,33.420912918589785
1.0,190.3733538,,2,2,0,0,0,0,0,0,0,2,1,10.583333333333334,21.0,44.0767813,1,0,BAGGAGE,OLD ZENITH,LANG_02,One-Way,google,Paid Search,Paid Search,Logged-Out,AREA_B,AREA_B,AREA_B_TO_AREA_B,BO,BU,0_3,very_high,unknown_or_oneway,Y,K,0,0.75790286,33.40591863513887
187.0,221.765174,,2,2,0,0,0,0,0,0,0,2,1,283.0833333333333,9.0,45.3107136,2,1,BAGGAGE,UPPER APEX,LANG_09,Multi-City,google,MetaSearches,Paid Search,Logged-Out,AREA_C,AREA_B,AREA_C_TO_AREA_B,CA,BU,120_plus,very_high,unknown_or_oneway,Y,O,1,0.7371464,33.40062839505615
11.0,317.5364804,8.01736111111111,2,2,0,0,0,0,0,0,0,2,1,196.08333333333334,18.0,46.8011976,2,1,BAGGAGE,LOWER VERTEX,LANG_02,Round-Trip,google,Direct,Paid Search,Logged-Out,AREA_D,AREA_C,AREA_D_TO_AREA_C,DA,CA,8_14,very_high,9_14,Y,O,0,0.71347,33.391249616140364
65.0,142.12664370000002,25.05902777777778,2,2,0,0,0,0,0,0,0,3,1,602.3333333333334,21.0,45.3552568,1,0,BAGGAGE,LOWER VERTEX,LANG_02,Round-Trip,apple,Direct,Direct,Logged-Out,AREA_C,AREA_B,AREA_C_TO_AREA_B,CU,BU,61_120,very_high,15_30,Y,O,0,0.7361946,33.39029561834412
201.0,156.2057213,63.72569444444444,2,2,0,0,0,0,0,0,0,2,1,1533.4166666666667,14.0,48.0115734,2,0,BAGGAGE,LOWER VERTEX,LANG_02,Round-Trip,google,Paid Search,Paid Search,Logged-Out,AREA_B,AREA_C,AREA_B_TO_AREA_C,BU,CU,120_plus,very_high,30_plus,Y,L,0,0.6952444,33.379776191982685
116.0,202.919974,15.04513888888889,2,2,0,0,0,0,0,0,0,4,1,362.0,19.0,45.3107136,2,0,BAGGAGE,UPPER APEX,LANG_09,Round-Trip,google,Paid Search,Paid Search,Logged-Out,AREA_B,AREA_B,AREA_B_TO_AREA_B,BE,BU,61_120,very_high,15_30,Y,O,0,0.7366823,33.37960051915054
23.0,313.17895619999996,,3,1,2,0,0,0,1,0,0,2,1,-290.0,14.0,42.1858368,2,1,BAGGAGE,UPPER APEX,LANG_09,Round-Trip,apple,Paid Search,Paid Search,Logged-Out,AREA_C,AREA_B,AREA_C_TO_AREA_B,CA,BU,15_30,very_high,unknown_or_oneway,Y,O,0,0.79108536,33.372597994525904
98.0,230.1615672,,2,2,0,0,0,0,0,1,1,4,1,360.8333333333333,12.0,45.3107136,2,0,BAGGAGE,UPPER APEX,LANG_09,Multi-City,mozilla,Paid Search,Paid Search,Logged-In,AREA_C,AREA_B,AREA_C_TO_AREA_B,CE,BU,61_120,very_high,unknown_or_oneway,Y,U,0,0.7364094,33.367236581840515
105.0,207.1879835,9.666666666666666,2,2,0,0,0,0,0,0,0,2,1,235.5,19.0,48.8827356,2,1,BAGGAGE,LOWER VERTEX,LANG_02,Round-Trip,microsoft,Paid Search,Paid Search,Logged-Out,AREA_B,AREA_C,AREA_B_TO_AREA_C,BU,CA,61_120,very_high,9_14,Y,W,0,0.68113565,33.29577410418606
24.0,230.001383,8.211805555555555,2,2,0,0,0,0,0,0,0,4,1,198.0,17.0,44.71452,2,0,BAGGAGE,NORTH ZENITH,LANG_09,Round-Trip,google,Paid Search,Organic Search,Logged-Out,AREA_C,AREA_B,AREA_C_TO_AREA_B,CE,BU,15_30,very_high,9_14,Y,S,0,0.7446027,33.29455143613815
3.0,151.6563187,5.763888888888889,2,2,0,0,0,0,0,0,0,4,1,142.0,19.0,47.6046884,2,0,BAGGAGE,NORTH MERIDIAN,LANG_02,Round-Trip,google,MetaSearches,MetaSearches,Logged-Out,AREA_B,AREA_C,AREA_B_TO_AREA_C,BI,CA,0_3,very_high,6_8,Y,O,0,0.6991403,33.28235661911459
44.0,372.8317236,7.229166666666667,4,3,1,0,0,0,1,1,0,2,1,188.08333333333334,19.0,38.2797408,2,1,BAGGAGE,UPPER APEX,LANG_09,Round-Trip,mozilla,Direct,Organic Search,Logged-In,AREA_C,AREA_B,AREA_C_TO_AREA_B,CA,BU,31_60,very_high,6_8,Y,L,1,0.8692903,33.27620706778507
25.0,51.47566380000001,10.947916666666666,3,3,0,0,0,0,0,0,0,4,1,263.5833333333333,10.0,40.6885,1,0,BAGGAGE,UPPER APEX,LANG_09,Round-Trip,samsung,Paid Search,Paid Search,Logged-Out,AREA_B,AREA_C,AREA_B_TO_AREA_C,BI,CI,15_30,mid,9_14,Y,L,0,0.81777626,33.27408946731686
135.0,464.7316263,11.885416666666666,3,3,0,0,0,0,0,1,0,2,1,291.1666666666667,10.0,44.71452,4,1,BAGGAGE,UPPER APEX,LANG_09,Round-Trip,google,MetaSearches,MetaSearches,Logged-In,AREA_C,AREA_C,AREA_C_TO_AREA_C,CA,CA,120_plus,very_high,9_14,Y,L,0,0.744014,33.26822998927116
64.0,136.8906762,5.722222222222222,4,4,0,0,0,0,0,0,0,4,1,138.16666666666666,22.0,40.6885,1,0,BAGGAGE,UPPER APEX,LANG_09,Round-Trip,google,Organic Search,Paid Search,Logged-Out,AREA_B,AREA_C,AREA_B_TO_AREA_C,BI,CI,61_120,very_high,6_8,Y,K,0,0.81756246,33.26539019030332
21.0,66.62334990000001,,1,1,0,0,0,0,0,0,0,2,1,5.666666666666667,8.0,54.9543164,1,0,BAGGAGE,CENTRAL VERTEX,LANG_02,One-Way,apple,MetaSearches,MetaSearches,Logged-Out,AREA_B,AREA_B,AREA_B_TO_AREA_B,BI,BI,15_30,high,unknown_or_oneway,Y,S,0,0.60511714,33.25379889154842
113.0,225.2035664,22.211805555555557,2,2,0,0,0,0,0,1,0,4,1,534.0,10.0,45.3192796,2,0,BAGGAGE,UPPER APEX,LANG_09,Round-Trip,microsoft,Paid Search,Paid Search,Logged-In,AREA_B,AREA_B,AREA_B_TO_AREA_B,BE,BU,61_120,very_high,15_30,Y,U,0,0.73286635,33.212974881695345
85.0,172.6717148,5.760416666666667,4,4,0,0,0,0,0,0,0,2,1,142.75,10.0,41.193894,2,0,BAGGAGE,NEW HORIZON,LANG_02,Round-Trip,apple,Direct,Direct,Logged-Out,AREA_C,AREA_B,AREA_C_TO_AREA_B,CE,BE,61_120,very_high,6_8,Y,L,1,0.8061735,33.20942584462273
101.0,232.2893616,,2,2,0,0,0,0,0,0,0,3,1,378.9166666666667,19.0,44.71452,2,0,BAGGAGE,UPPER APEX,LANG_09,Multi-City,microsoft,Organic Search,Paid Search,Logged-Out,AREA_B,AREA_B,AREA_B_TO_AREA_B,BE,BU,61_120,very_high,unknown_or_oneway,Y,U,0,0.7424645,33.198942964746955
125.0,163.9129798,10.229166666666666,2,2,0,0,0,0,0,0,0,2,1,260.1666666666667,10.0,45.3107136,2,1,BAGGAGE,UPPER APEX,LANG_09,Round-Trip,google,Paid Search,Organic Search,Logged-Out,AREA_C,AREA_B,AREA_C_TO_AREA_B,CA,BU,120_plus,very_high,9_14,Y,O,0,0.7326269,33.19584832022095
215.0,161.5479072,17.21527777777778,2,2,0,0,0,0,0,1,0,2,1,429.25,16.0,45.3107136,2,1,BAGGAGE,UPPER APEX,LANG_09,Round-Trip,google,Paid Search,Organic Search,Logged-In,AREA_C,AREA_B,AREA_C_TO_AREA_B,CA,BU,120_plus,very_high,15_30,Y,U,0,0.7326269,33.19584832022095
93.0,186.4407032,9.229166666666666,2,2,0,0,0,0,0,0,0,2,1,236.16666666666666,8.0,45.3107136,2,1,BAGGAGE,UPPER APEX,LANG_09,Round-Trip,google,Display,Paid Search,Logged-Out,AREA_C,AREA_B,AREA_C_TO_AREA_B,CA,BU,61_120,very_high,9_14,Y,O,1,0.7326269,33.19584832022095
204.0,203.4956092,7.423611111111111,2,2,0,0,0,0,0,0,0,2,1,192.83333333333334,20.0,45.3107136,2,1,BAGGAGE,UPPER APEX,LANG_09,Round-Trip,apple,Paid Search,Paid Search,Logged-Out,AREA_C,AREA_B,AREA_C_TO_AREA_B,CA,BU,120_plus,very_high,6_8,Y,W,1,0.7326269,33.19584832022095
30.0,546.3172084,12.211805555555555,4,2,1,1,0,1,1,1,0,2,1,309.25,21.0,38.0947152,2,1,BAGGAGE,UPPER APEX,LANG_09,Round-Trip,apple,Direct,Direct,Logged-In,AREA_C,AREA_B,AREA_C_TO_AREA_B,CA,BO,15_30,very_high,9_14,Y,Q,1,0.8711456,33.18604375986157
0.0,90.70965699999998,,1,1,0,0,0,0,0,0,0,2,1,21.333333333333332,3.0,55.503397,3,0,BAGGAGE,NORTH MERIDIAN,LANG_02,One-Way,google,Direct,Organic Search,Logged-Out,AREA_B,AREA_B,AREA_B_TO_AREA_B,BI,BI,invalid_or_past,high,unknown_or_oneway,Y,T,0,0.59771496,33.175210749639334
0.0,81.3457341,,2,2,0,0,0,0,0,0,0,2,1,3.0,14.0,45.6936138,1,0,BAGGAGE,CENTRAL MERIDIAN,LANG_02,One-Way,google,Paid Search,Paid Search,Logged-Out,AREA_C,AREA_B,AREA_C_TO_AREA_B,CI,BI,invalid_or_past,high,unknown_or_oneway,Y,S,0,0.72601604,33.17429675531903
59.0,193.2733731,34.763888888888886,2,2,0,0,0,0,0,0,0,2,1,838.0,20.0,47.695488,1,1,BAGGAGE,NORTH MERIDIAN,LANG_02,Round-Trip,apple,Direct,Direct,Logged-Out,AREA_B,AREA_C,AREA_B_TO_AREA_C,BI,CA,31_60,very_high,30_plus,Y,O,0,0.6954389,33.16929873282623
74.0,73.1981832,4.760416666666667,2,2,0,0,0,0,0,0,0,2,1,118.75,17.0,53.7319482,2,0,BAGGAGE,NEW HORIZON,LANG_02,Round-Trip,apple,Paid Search,Paid Search,Logged-Out,AREA_C,AREA_B,AREA_C_TO_AREA_B,CE,BE,61_120,high,3_5,Y,W,0,0.6172225,33.16456674914092
123.0,391.1912314,,2,2,0,0,0,0,0,1,1,3,1,332.1666666666667,19.0,45.3107136,2,1,BAGGAGE,UPPER APEX,LANG_09,Multi-City,google,Organic Search,Organic Search,Logged-In,AREA_C,AREA_B,AREA_C_TO_AREA_B,CA,BU,120_plus,very_high,unknown_or_oneway,Y,L,0,0.73175204,33.15620702012558
18.0,272.6703422,,2,2,0,0,0,0,0,1,0,1,0,14.416666666666666,21.0,49.4630821,1,1,BAGGAGE,UPPER VERTEX,LANG_10,One-Way,apple,Direct,Direct,Logged-In,AREA_B,AREA_C,AREA_B_TO_AREA_C,BI,CA,15_30,very_high,unknown_or_oneway,Y,T,0,0.6701406,33.147220705748644
251.0,345.184102,,2,2,0,0,0,0,0,1,1,2,1,414.5,14.0,45.3107136,2,1,BAGGAGE,UPPER APEX,LANG_09,Multi-City,mozilla,Direct,Paid Search,Logged-In,AREA_C,AREA_B,AREA_C_TO_AREA_B,CA,BU,120_plus,very_high,unknown_or_oneway,Y,W,0,0.7313982,33.14017549284897
118.0,163.8097595,12.902777777777779,2,2,0,0,0,0,0,0,0,4,1,313.0,10.0,47.6046884,2,0,BAGGAGE,NORTH MERIDIAN,LANG_02,Round-Trip,google,MetaSearches,MetaSearches,Logged-Out,AREA_B,AREA_C,AREA_B_TO_AREA_C,BI,CA,61_120,very_high,9_14,Y,O,0,0.6959976,33.13274867459159
187.0,187.4733345,21.42361111111111,2,2,0,0,0,0,0,0,0,2,1,528.8333333333334,13.0,44.71452,1,1,BAGGAGE,LOWER VERTEX,LANG_02,Round-Trip,apple,Paid Search,Paid Search,Logged-Out,AREA_C,AREA_B,AREA_C_TO_AREA_B,CA,BU,120_plus,very_high,15_30,Y,O,0,0.74089074,33.1285738718319
231.0,343.41094,20.006944444444443,2,2,0,0,0,0,0,1,0,2,1,483.5,20.0,47.4676324,1,1,BAGGAGE,LOWER VERTEX,LANG_02,Round-Trip,samsung,Direct,Direct,Logged-In,AREA_D,AREA_C,AREA_D_TO_AREA_C,DA,CA,120_plus,very_high,15_30,Y,O,1,0.6979132,33.12828862336447
42.0,65.1594205,,3,2,0,1,0,1,0,0,0,1,0,1.5833333333333333,23.0,41.7952272,2,1,BAGGAGE,UPPER APEX,LANG_09,One-Way,google,Direct,Direct,Logged-Out,AREA_B,AREA_C,AREA_B_TO_AREA_C,BA,CA,31_60,high,unknown_or_oneway,Y,V,0,0.79256374,33.125381434938525
125.0,216.4482578,11.11111111111111,2,2,0,0,0,0,0,0,0,5,1,268.0,18.0,48.3173796,2,0,BAGGAGE,WEST VERTEX,LANG_02,Round-Trip,apple,Direct,Direct,Logged-Out,AREA_B,AREA_B,AREA_B_TO_AREA_B,BO,BO,120_plus,very_high,9_14,Y,W,0,0.685426,33.11798807414675
82.0,338.5116163,10.618055555555555,4,2,0,2,0,1,0,1,0,4,1,261.4166666666667,22.0,36.4423338,1,0,BAGGAGE,WEST AURORA,LANG_02,Round-Trip,google,MetaSearches,MetaSearches,Logged-In,AREA_C,AREA_B,AREA_C_TO_AREA_B,CU,BU,61_120,very_high,9_14,Y,S,1,0.9081653,33.095662135403934
58.0,113.5586054,,1,1,0,0,0,0,0,0,0,2,1,-381.75,16.0,86.4429324,2,0,BAGGAGE,LOWER VERTEX,LANG_02,Round-Trip,google,Paid Search,Paid Search,Logged-Out,AREA_B,AREA_B,AREA_B_TO_AREA_B,BU,BE,31_60,very_high,unknown_or_oneway,Y,U,0,0.38259152,33.07233253534044
198.0,247.6747542,,2,2,0,0,0,0,0,1,0,2,1,366.3333333333333,22.0,45.3107136,2,1,BAGGAGE,UPPER APEX,LANG_09,Multi-City,samsung,Direct,Direct,Logged-In,AREA_C,AREA_B,AREA_C_TO_AREA_B,CA,BU,120_plus,very_high,unknown_or_oneway,Y,V,0,0.72982,33.06866559068756
200.0,308.2278082,,2,2,0,0,0,0,0,1,0,2,1,337.9166666666667,22.0,45.3107136,2,1,BAGGAGE,UPPER APEX,LANG_09,Multi-City,google,Direct,Direct,Logged-In,AREA_C,AREA_B,AREA_C_TO_AREA_B,CA,BU,120_plus,very_high,unknown_or_oneway,Y,U,0,0.72982,33.06866559068756
2.0,46.6966924,,1,1,0,0,0,0,0,0,0,2,1,3.3333333333333335,11.0,60.039094,3,0,BAGGAGE,LOWER ZENITH,LANG_02,One-Way,google,Paid Search,Organic Search,Logged-Out,AREA_C,AREA_B,AREA_C_TO_AREA_B,CE,BE,0_3,mid,unknown_or_oneway,Y,Q,0,0.5507237,33.06495030601859
6.0,70.09386479999999,9.729166666666666,3,2,1,0,0,0,1,1,0,2,1,234.66666666666666,21.0,40.47435,1,1,BAGGAGE,UPPER APEX,LANG_09,Round-Trip,apple,Direct,Direct,Logged-In,AREA_C,AREA_C,AREA_C_TO_AREA_C,CE,CA,4_7,high,9_14,Y,V,0,0.8162964,33.03906614228189
146.0,328.711684,14.190972222222221,2,2,0,0,0,0,0,0,0,2,1,360.8333333333333,11.0,45.3107136,2,1,BAGGAGE,UPPER APEX,LANG_09,Round-Trip,microsoft,Paid Search,Email,Logged-Out,AREA_C,AREA_B,AREA_C_TO_AREA_B,CA,BU,120_plus,very_high,15_30,Y,L,0,0.72877383,33.02126239547882
133.0,260.6094142,17.19097222222222,2,2,0,0,0,0,0,0,0,2,1,432.8333333333333,17.0,45.3107136,2,1,BAGGAGE,UPPER APEX,LANG_09,Round-Trip,google,Paid Search,Paid Search,Logged-Out,AREA_C,AREA_B,AREA_C_TO_AREA_B,CA,BU,120_plus,very_high,15_30,Y,O,0,0.72877383,33.02126239547882
158.0,222.3142546,31.229166666666668,2,2,0,0,0,0,0,0,0,2,1,764.0833333333334,19.0,45.3107136,2,1,BAGGAGE,UPPER APEX,LANG_09,Round-Trip,microsoft,Paid Search,Organic Search,Logged-Out,AREA_C,AREA_B,AREA_C_TO_AREA_B,CA,BU,120_plus,very_high,30_plus,Y,O,0,0.72877383,33.02126239547882
152.0,243.3060942,35.229166666666664,2,2,0,0,0,0,0,0,0,2,1,860.1666666666666,16.0,45.3107136,2,1,BAGGAGE,UPPER APEX,LANG_09,Round-Trip,google,Paid Search,Paid Search,Logged-Out,AREA_C,AREA_B,AREA_C_TO_AREA_B,CA,BU,120_plus,very_high,30_plus,Y,O,0,0.72877383,33.02126239547882
109.0,289.8965682,14.215277777777779,2,2,0,0,0,0,0,0,0,2,1,357.25,10.0,45.3107136,2,1,BAGGAGE,UPPER APEX,LANG_09,Round-Trip,microsoft,Paid Search,Paid Search,Logged-Out,AREA_C,AREA_B,AREA_C_TO_AREA_B,CA,BU,61_120,very_high,15_30,Y,U,0,0.72877383,33.02126239547882
132.0,195.7836394,17.22222222222222,2,2,0,0,0,0,0,0,0,3,1,428.0,9.0,45.3552568,2,0,BAGGAGE,UPPER APEX,LANG_09,Round-Trip,apple,Direct,Direct,Logged-Out,AREA_C,AREA_B,AREA_C_TO_AREA_B,CU,BU,120_plus,very_high,15_30,Y,O,0,0.72799855,33.01856139874549
57.0,171.2223476,5.621527777777778,2,2,0,0,0,0,0,0,0,3,1,138.91666666666666,13.0,53.3978742,2,1,BAGGAGE,LOWER VERTEX,LANG_02,Round-Trip,apple,MetaSearches,MetaSearches,Logged-Out,AREA_B,AREA_C,AREA_B_TO_AREA_C,BU,CA,31_60,very_high,6_8,Y,V,0,0.6183483,33.01848475958673
94.0,294.447684,10.190972222222221,2,2,0,0,0,0,0,1,0,2,1,264.8333333333333,22.0,45.3107136,2,1,BAGGAGE,UPPER APEX,LANG_09,Round-Trip,apple,Direct,Paid Search,Logged-In,AREA_C,AREA_B,AREA_C_TO_AREA_B,CA,BU,61_120,very_high,9_14,Y,U,0,0.7278126,32.9777077390789
155.0,261.0000238,31.65625,2,1,0,1,0,1,0,0,0,4,1,763.0,17.0,47.6046884,2,0,BAGGAGE,NORTH MERIDIAN,LANG_02,Round-Trip,microsoft,Direct,Paid Search,Logged-Out,AREA_B,AREA_C,AREA_B_TO_AREA_C,BI,CA,120_plus,very_high,30_plus,Y,O,0,0.6925234,32.967361611996054
165.0,269.79816239999997,13.229166666666666,2,2,0,0,0,0,0,0,0,2,1,332.0833333333333,17.0,45.3107136,2,1,BAGGAGE,UPPER APEX,LANG_09,Round-Trip,microsoft,MetaSearches,Paid Search,Logged-Out,AREA_C,AREA_B,AREA_C_TO_AREA_B,CA,BU,120_plus,very_high,9_14,Y,U,0,0.72742283,32.96004767222214
184.0,127.530608,19.586805555555557,1,1,0,0,0,0,0,0,0,3,1,473.3333333333333,13.0,93.6229536,2,0,BAGGAGE,LOWER VERTEX,LANG_02,Round-Trip,opera,Paid Search,Paid Search,Logged-Out,AREA_B,AREA_B,AREA_B_TO_AREA_B,BU,BE,120_plus,very_high,15_30,Y,U,0,0.35195422,32.950993769927216
94.0,148.007631,9.07986111111111,2,2,0,0,0,0,0,0,0,4,1,218.91666666666666,21.0,44.71452,2,0,BAGGAGE,UPPER APEX,LANG_09,Round-Trip,microsoft,Paid Search,Paid Search,Logged-Out,AREA_C,AREA_B,AREA_C_TO_AREA_B,CA,BU,61_120,very_high,9_14,Y,O,0,0.7366823,32.94039524916172
168.0,154.4090028,8.375,2,2,0,0,0,0,0,1,0,4,1,201.91666666666666,19.0,44.71452,2,0,BAGGAGE,UPPER APEX,LANG_09,Round-Trip,google,Paid Search,Paid Search,Logged-In,AREA_C,AREA_B,AREA_C_TO_AREA_B,CA,BU,120_plus,very_high,9_14,Y,O,0,0.7366823,32.94039524916172
64.0,146.69960279999998,9.0,2,2,0,0,0,0,0,0,0,4,1,217.0,15.0,44.71452,2,0,BAGGAGE,UPPER APEX,LANG_09,Round-Trip,google,Paid Search,Paid Search,Logged-Out,AREA_B,AREA_B,AREA_B_TO_AREA_B,BE,BU,61_120,very_high,9_14,Y,L,0,0.7366823,32.94039524916172
178.0,205.0477684,10.621527777777779,2,2,0,0,0,0,0,1,0,3,1,258.9166666666667,10.0,46.5527836,1,0,BAGGAGE,LOWER VERTEX,LANG_02,Round-Trip,apple,Direct,Direct,Logged-In,AREA_B,AREA_C,AREA_B_TO_AREA_C,BU,CU,120_plus,very_high,9_14,Y,L,0,0.7075735,32.93951479078214
33.0,688.5320819,0.19791666666666666,7,4,0,3,0,1,0,0,0,2,1,8.5,19.0,44.71452,1,0,BAGGAGE,UPPER APEX,LANG_09,Round-Trip,apple,Paid Search,Paid Search,Logged-Out,AREA_C,AREA_B,AREA_C_TO_AREA_B,CE,BU,31_60,very_high,1_2,Y,L,0,0.73633236,32.924747900583746
183.0,358.3003612,9.0,2,2,0,0,0,0,0,0,0,2,1,223.25,20.0,52.4650368,3,1,BAGGAGE,UPPER APEX,LANG_09,Round-Trip,apple,Direct,Paid Search,Logged-Out,AREA_C,AREA_B,AREA_C_TO_AREA_B,CA,BU,120_plus,very_high,9_14,Y,V,0,0.62738633,32.915846973019406
47.0,183.4511692,16.239583333333332,2,2,0,0,0,0,0,0,1,2,1,404.25,12.0,45.3107136,2,1,BAGGAGE,UPPER APEX,LANG_09,Round-Trip,apple,Direct,Organic Search,Logged-Out,AREA_C,AREA_B,AREA_C_TO_AREA_B,CA,BU,31_60,very_high,15_30,Y,H,0,0.72597396,32.894398351966096
0.0,98.2494502,,1,1,0,0,0,0,0,0,0,2,1,26.0,22.0,55.503397,3,0,BAGGAGE,NORTH MERIDIAN,LANG_02,One-Way,google,Organic Search,Organic Search,Logged-Out,AREA_B,AREA_B,AREA_B_TO_AREA_B,BI,BI,invalid_or_past,high,unknown_or_oneway,Y,T,0,0.5922256,32.87053321254903
170.0,246.4129824,9.979166666666666,2,2,0,0,0,0,0,0,0,3,1,242.66666666666666,13.0,47.1695356,2,0,BAGGAGE,LOWER VERTEX,LANG_02,Round-Trip,apple,Direct,Organic Search,Logged-Out,AREA_B,AREA_B,AREA_B_TO_AREA_B,BU,BE,120_plus,very_high,9_14,Y,L,0,0.696376,32.8477337341449
166.0,252.3946202,,2,2,0,0,0,0,0,0,0,4,1,537.0,20.0,44.71452,2,0,BAGGAGE,UPPER APEX,LANG_09,Multi-City,google,Direct,Direct,Logged-Out,AREA_C,AREA_B,AREA_C_TO_AREA_B,CE,BU,120_plus,very_high,unknown_or_oneway,Y,U,0,0.7339025,32.81609863944769
117.0,140.6554332,8.229166666666666,2,2,0,0,0,0,0,0,0,2,1,212.16666666666666,9.0,45.3107136,2,1,BAGGAGE,UPPER APEX,LANG_09,Round-Trip,apple,Direct,Direct,Logged-Out,AREA_C,AREA_B,AREA_C_TO_AREA_B,CA,BU,61_120,very_high,9_14,Y,O,0,0.7238595,32.79858999109383
188.0,450.4349723,17.552083333333332,4,3,0,0,1,1,0,0,0,2,1,424.5,22.0,55.55051,2,1,BAGGAGE,LOWER VERTEX,LANG_02,Round-Trip,apple,Paid Search,Paid Search,Logged-Out,AREA_D,AREA_C,AREA_D_TO_AREA_C,DA,CA,120_plus,very_high,15_30,P,R,0,0.5903629,32.79496053871274
194.0,252.0862442,8.375,2,2,0,0,0,0,0,1,0,4,1,201.91666666666666,11.0,44.71452,2,0,BAGGAGE,UPPER APEX,LANG_09,Round-Trip,apple,Paid Search,Paid Search,Logged-In,AREA_C,AREA_B,AREA_C_TO_AREA_B,CA,BU,120_plus,very_high,9_14,Y,W,0,0.73286635,32.769766922929286
232.0,409.36914,28.84722222222222,4,2,0,2,0,1,0,0,0,4,1,693.25,18.0,37.4985216,2,0,BAGGAGE,UPPER APEX,LANG_09,Round-Trip,google,Direct,Direct,Logged-Out,AREA_C,AREA_C,AREA_C_TO_AREA_C,CE,CO,120_plus,very_high,15_30,Y,T,0,0.87368184,32.7617774717926
199.0,163.8722913,49.229166666666664,2,1,0,1,0,1,0,1,0,2,1,1196.0833333333333,17.0,45.3107136,2,1,BAGGAGE,LOWER VERTEX,LANG_02,Round-Trip,mozilla,Paid Search,Paid Search,Logged-In,AREA_C,AREA_B,AREA_C_TO_AREA_B,CA,BU,120_plus,very_high,30_plus,Y,O,0,0.72297376,32.75845715832253
8.0,175.1999697,,2,2,0,0,0,0,0,0,0,1,0,3.25,15.0,46.5185196,1,1,BAGGAGE,UPPER APEX,LANG_09,Round-Trip,google,MetaSearches,MetaSearches,Logged-Out,AREA_C,AREA_D,AREA_C_TO_AREA_D,CA,DA,8_14,very_high,unknown_or_oneway,Y,O,0,0.70398504,32.74834166826703
0.0,318.08299120000004,8.23611111111111,2,2,0,0,0,0,0,0,0,2,1,212.08333333333334,8.0,45.3107136,2,1,BAGGAGE,UPPER APEX,LANG_02,Round-Trip,google,Direct,Direct,Logged-Out,AREA_C,AREA_B,AREA_C_TO_AREA_B,CA,BI,invalid_or_past,very_high,9_14,Y,T,0,0.7222909,32.72751490629959
77.0,116.775995,25.131944444444443,2,2,0,0,0,0,0,0,0,4,1,604.0833333333334,19.0,45.3107136,2,0,BAGGAGE,LOWER VERTEX,LANG_02,Round-Trip,google,Paid Search,Paid Search,Logged-Out,AREA_C,AREA_B,AREA_C_TO_AREA_B,CU,BU,61_120,very_high,15_30,Y,O,0,0.72223526,32.72499512615318
55.0,50.97369619999999,8.78125,1,1,0,0,0,0,0,0,0,4,1,215.08333333333334,11.0,97.5684532,2,0,BAGGAGE,LOWER VERTEX,LANG_02,Round-Trip,apple,MetaSearches,MetaSearches,Logged-Out,AREA_B,AREA_B,AREA_B_TO_AREA_B,BU,BE,31_60,mid,9_14,Y,O,0,0.3353542,32.71999144099307
139.0,253.0601984,5.142361111111111,8,8,0,0,0,0,0,1,0,2,1,126.0,20.0,40.6233984,1,1,BAGGAGE,UPPER APEX,LANG_09,Round-Trip,google,Direct,Direct,Logged-In,AREA_C,AREA_B,AREA_C_TO_AREA_B,CA,BA,120_plus,very_high,6_8,Y,L,1,0.80542475,32.71909049442673
4.0,89.9751225,,1,1,0,0,0,0,0,0,0,2,1,26.0,17.0,55.503397,3,0,BAGGAGE,NORTH MERIDIAN,LANG_02,One-Way,apple,Email,Email,Logged-Out,AREA_B,AREA_B,AREA_B_TO_AREA_B,BI,BI,4_7,high,unknown_or_oneway,Y,T,0,0.5889572,32.68912476108158
48.0,39.3556304,,2,2,0,0,0,0,0,1,0,2,1,3.9166666666666665,16.0,55.918848,3,0,BAGGAGE,NORTH HORIZON,LANG_04,One-Way,apple,Direct,Direct,Logged-In,AREA_B,AREA_C,AREA_B_TO_AREA_C,BE,CU,31_60,mid,unknown_or_oneway,Y,L,0,0.5845532,32.68754053916931
44.0,258.6726416,7.447916666666667,9,9,0,0,0,0,0,0,0,2,1,180.33333333333334,22.0,39.06096,1,1,BAGGAGE,UPPER APEX,LANG_09,Round-Trip,google,Paid MetaSearches,MetaSearches,Logged-Out,AREA_C,AREA_B,AREA_C_TO_AREA_B,CA,BA,31_60,very_high,6_8,Y,W,1,0.8358649,32.64968548456192
59.0,190.6341885,7.211805555555555,7,5,0,2,0,1,0,0,0,4,1,174.0,21.0,37.00512,2,0,BAGGAGE,UPPER APEX,LANG_09,Round-Trip,apple,Direct,Direct,Logged-Out,AREA_C,AREA_B,AREA_C_TO_AREA_B,CE,BU,31_60,very_high,6_8,Y,U,1,0.881761,32.62967215147018
55.0,12.3042024,,1,1,0,0,0,0,0,0,0,2,1,8.0,11.0,117.2017252,3,0,BAGGAGE,NORTH HORIZON,LANG_04,One-Way,apple,Paid Search,Paid Search,Logged-Out,AREA_C,AREA_B,AREA_C_TO_AREA_B,CE,BO,31_60,very_low,unknown_or_oneway,Y,U,0,0.2783317,32.62095506473787
178.0,225.6995378,10.42361111111111,2,2,0,0,0,0,0,1,0,2,1,264.8333333333333,13.0,45.3107136,2,1,BAGGAGE,UPPER APEX,LANG_09,Round-Trip,apple,Direct,Direct,Logged-In,AREA_C,AREA_B,AREA_C_TO_AREA_B,CA,BU,120_plus,very_high,9_14,Y,O,0,0.7199283,32.62046611137657
14.0,69.9336806,,1,1,0,0,0,0,0,0,0,2,1,5.666666666666667,14.0,54.9543164,2,0,BAGGAGE,NORTH MERIDIAN,LANG_02,One-Way,google,MetaSearches,MetaSearches,Logged-Out,AREA_B,AREA_B,AREA_B_TO_AREA_B,BI,BI,8_14,high,unknown_or_oneway,Y,S,0,0.59339786,32.60977351644335
229.0,388.802174,28.71527777777778,4,2,0,2,0,1,0,0,0,2,1,692.3333333333334,12.0,37.4501237,2,1,BAGGAGE,LOWER VERTEX,LANG_02,Round-Trip,google,Direct,Direct,Logged-Out,AREA_B,AREA_C,AREA_B_TO_AREA_C,BU,CA,120_plus,very_high,15_30,Y,O,0,0.8706431,32.60569101761686
46.0,166.6112698,12.21875,2,2,0,0,0,0,0,0,0,2,1,309.1666666666667,19.0,44.71452,2,1,BAGGAGE,UPPER APEX,LANG_09,Round-Trip,google,Paid Search,Paid Search,Logged-Out,AREA_C,AREA_B,AREA_C_TO_AREA_B,CA,BU,31_60,very_high,9_14,Y,O,1,0.72913486,32.602915175292495
96.0,243.051684,6.458333333333333,2,2,0,0,0,0,0,1,0,2,1,175.25,20.0,45.3107136,1,1,BAGGAGE,UPPER APEX,LANG_09,Round-Trip,google,Paid Search,Organic Search,Logged-In,AREA_C,AREA_B,AREA_C_TO_AREA_B,CA,BU,61_120,very_high,6_8,Y,U,0,0.7195342,32.60260889130363
41.0,455.115863,20.572916666666668,2,2,0,0,0,0,0,0,0,4,1,500.4166666666667,15.0,47.1181396,2,0,BAGGAGE,LOWER VERTEX,LANG_09,Round-Trip,google,Paid Search,Paid Search,Logged-Out,AREA_B,AREA_C,AREA_B_TO_AREA_C,BO,CE,31_60,very_high,15_30,Y,S,0,0.69189084,32.60060898739572
52.0,185.4256322,24.819444444444443,2,2,0,0,0,0,0,0,0,4,1,596.6666666666666,9.0,45.3107136,2,0,BAGGAGE,LOWER VERTEX,LANG_02,Round-Trip,apple,Paid Search,Paid Search,Logged-Out,AREA_B,AREA_B,AREA_B_TO_AREA_B,BE,BU,31_60,very_high,15_30,Y,O,0,0.7186596,32.56297839412422
31.0,138.2149798,19.77777777777778,2,2,0,0,0,0,0,0,0,4,1,478.3333333333333,20.0,45.3706756,1,0,BAGGAGE,NORTH MERIDIAN,LANG_02,Round-Trip,google,Paid Search,Paid Search,Logged-Out,AREA_B,AREA_B,AREA_B_TO_AREA_B,BI,BE,31_60,very_high,15_30,Y,O,0,0.7176905,32.562104101633096
125.0,252.5046933,26.260416666666668,2,2,0,0,0,0,0,0,0,4,1,631.1666666666666,9.0,45.3107136,2,0,BAGGAGE,LOWER VERTEX,LANG_09,Round-Trip,apple,Email,Email,Logged-Out,AREA_C,AREA_B,AREA_C_TO_AREA_B,CU,BU,120_plus,very_high,15_30,Y,O,0,0.71829,32.54623117366562
103.0,208.9795624,6.229166666666667,2,2,0,0,0,0,0,0,0,2,1,164.16666666666666,14.0,45.3107136,1,1,BAGGAGE,UPPER APEX,LANG_09,Round-Trip,google,Paid Search,Paid Search,Logged-Out,AREA_C,AREA_B,AREA_C_TO_AREA_B,CA,BU,61_120,very_high,6_8,Y,L,0,0.7178856,32.527909428206634
16.0,163.6487187,,5,2,1,2,0,1,1,1,0,1,0,2.1666666666666665,21.0,37.7353715,2,1,BAGGAGE,UPPER VERTEX,LANG_02,One-Way,google,MetaSearches,MetaSearches,Logged-In,AREA_B,AREA_C,AREA_B_TO_AREA_C,BI,CA,15_30,very_high,unknown_or_oneway,Y,V,0,0.86164147,32.51436084261939
90.0,384.9590381,7.770833333333333,4,2,0,2,0,1,0,0,0,4,1,190.0,11.0,37.0847838,2,0,BAGGAGE,LOWER VERTEX,LANG_02,Round-Trip,google,Paid Search,Paid Search,Logged-Out,AREA_B,AREA_C,AREA_B_TO_AREA_C,BU,CU,61_120,very_high,6_8,Y,L,0,0.8766596,32.51073069843689
87.0,67.87098780000001,9.197916666666666,3,2,0,1,0,1,0,0,0,2,1,222.41666666666666,16.0,40.6233984,4,1,BAGGAGE,UPPER APEX,LANG_09,Round-Trip,google,Email,Paid Search,Logged-Out,AREA_C,AREA_B,AREA_C_TO_AREA_B,CA,BA,61_120,high,9_14,Y,W,0,0.7996387,32.4840410216011
0.0,410.24886820000006,13.239583333333334,2,2,0,0,0,0,0,1,0,2,1,332.25,23.0,42.1858368,2,1,BAGGAGE,UPPER APEX,LANG_02,Round-Trip,apple,Paid Search,Organic Search,Logged-In,AREA_C,AREA_B,AREA_C_TO_AREA_B,CA,BU,invalid_or_past,very_high,9_14,Y,H,0,0.7699306,32.48016668617401
269.0,452.5263612,11.496527777777779,2,2,0,0,0,0,0,1,0,2,1,283.1666666666667,18.0,52.4650368,3,1,BAGGAGE,UPPER APEX,LANG_09,Round-Trip,microsoft,Paid Search,Paid Search,Logged-In,AREA_C,AREA_B,AREA_C_TO_AREA_B,CA,BU,120_plus,very_high,9_14,Y,V,0,0.6185206,32.450706957911684
36.0,146.7989684,3.423611111111111,3,3,0,0,0,0,0,1,0,4,1,84.25,22.0,50.4944285,4,0,BAGGAGE,LOWER ZENITH,LANG_02,Round-Trip,google,Paid Search,Organic Search,Logged-In,AREA_C,AREA_B,AREA_C_TO_AREA_B,CE,BA,31_60,very_high,3_5,Y,W,0,0.64241487,32.438371613400605
73.0,180.4590654,4.670138888888889,2,2,0,0,0,0,0,1,0,2,1,116.16666666666667,10.0,55.50768,4,1,BAGGAGE,UPPER APEX,LANG_09,Round-Trip,mozilla,Paid Search,Organic Search,Logged-In,AREA_C,AREA_C,AREA_C_TO_AREA_C,CA,CE,61_120,very_high,3_5,Y,O,0,0.5843692,32.43697758888245
249.0,401.0635464,17.49652777777778,2,2,0,0,0,0,0,0,0,2,1,427.1666666666667,18.0,52.4650368,3,1,BAGGAGE,UPPER APEX,LANG_09,Round-Trip,opera,Direct,Direct,Logged-Out,AREA_C,AREA_B,AREA_C_TO_AREA_B,CA,BU,120_plus,very_high,15_30,Y,V,0,0.6181194,32.429658044748685
270.0,452.4595464,11.496527777777779,2,2,0,0,0,0,0,0,0,2,1,283.1666666666667,21.0,52.4650368,3,1,BAGGAGE,UPPER APEX,LANG_09,Round-Trip,apple,Direct,Direct,Logged-Out,AREA_C,AREA_B,AREA_C_TO_AREA_B,CA,BU,120_plus,very_high,9_14,Y,V,0,0.6181194,32.429658044748685
194.0,208.42577050000003,12.284722222222221,2,2,0,0,0,0,0,1,0,2,1,310.9166666666667,12.0,45.2336196,2,1,BAGGAGE,SOUTH HORIZON,LANG_02,Round-Trip,google,MetaSearches,Organic Search,Logged-In,AREA_C,AREA_B,AREA_C_TO_AREA_B,CA,BU,120_plus,very_high,9_14,Y,V,1,0.7166588,32.4170702321389
40.0,216.150161,8.069444444444445,2,2,0,0,0,0,0,0,0,4,1,194.66666666666666,22.0,44.71452,2,0,BAGGAGE,UPPER APEX,LANG_09,Round-Trip,apple,Direct,Direct,Logged-Out,AREA_C,AREA_B,AREA_C_TO_AREA_B,CE,BU,31_60,very_high,9_14,Y,W,0,0.7247662,32.407572513620856
66.0,325.9337302,14.038194444444445,2,2,0,0,0,0,0,1,0,4,1,339.0,19.0,50.8888928,3,0,BAGGAGE,NEW AURORA,LANG_02,Round-Trip,microsoft,MetaSearches,MetaSearches,Logged-In,AREA_C,AREA_B,AREA_C_TO_AREA_B,CU,BU,61_120,very_high,15_30,Y,V,0,0.6367856,32.40531547903252
10.0,205.014361,7.760416666666667,2,1,0,1,0,1,0,0,0,4,1,190.0,11.0,43.9504328,2,0,BAGGAGE,LOWER VERTEX,LANG_02,Round-Trip,google,Paid Search,Paid Search,Logged-Out,AREA_B,AREA_B,AREA_B_TO_AREA_B,BU,BE,8_14,very_high,6_8,Y,V,0,0.73703986,32.39322101643357
10.0,144.482722,7.760416666666667,2,2,0,0,0,0,0,0,0,2,1,190.0,10.0,44.0789228,1,1,BAGGAGE,LOWER VERTEX,LANG_02,Round-Trip,microsoft,Paid Search,Paid Search,Logged-Out,AREA_B,AREA_C,AREA_B_TO_AREA_C,BU,CA,8_14,very_high,6_8,Y,O,0,0.73452705,32.377161195324256
210.0,690.3690606,16.39236111111111,3,3,0,0,0,0,0,1,0,2,1,400.6666666666667,14.0,42.1858368,3,1,BAGGAGE,UPPER APEX,LANG_09,Round-Trip,google,Paid Search,Paid Search,Logged-In,AREA_C,AREA_B,AREA_C_TO_AREA_B,CA,BU,120_plus,very_high,15_30,Y,S,0,0.7672337,32.36639689434128
76.0,260.6817969,25.100694444444443,2,2,0,0,0,0,0,0,0,2,1,616.8333333333334,10.0,45.3107136,2,1,BAGGAGE,LOWER VERTEX,LANG_02,Round-Trip,mozilla,Paid Search,Paid Search,Logged-Out,AREA_C,AREA_B,AREA_C_TO_AREA_B,CA,BU,61_120,very_high,15_30,Y,L,0,0.71406126,32.35462525483704
67.0,262.93122850000003,18.100694444444443,2,2,0,0,0,0,0,0,0,2,1,448.8333333333333,17.0,45.3107136,2,1,BAGGAGE,LOWER VERTEX,LANG_02,Round-Trip,apple,Organic Search,Organic Search,Logged-Out,AREA_C,AREA_B,AREA_C_TO_AREA_B,CA,BU,61_120,very_high,15_30,Y,L,0,0.71406126,32.35462525483704
4.0,95.09287919999998,,1,1,0,0,0,0,0,0,0,3,1,38.75,14.0,55.503397,3,0,BAGGAGE,NORTH MERIDIAN,LANG_02,One-Way,google,Organic Search,Organic Search,Logged-Out,AREA_B,AREA_B,AREA_B_TO_AREA_B,BI,BI,4_7,high,unknown_or_oneway,Y,T,0,0.58291036,32.35350506576067
23.0,88.09103080000001,,1,1,0,0,0,0,0,0,0,2,1,19.416666666666668,13.0,54.0060602,1,0,BAGGAGE,LOWER VERTEX,LANG_02,One-Way,apple,Direct,Paid Search,Logged-Out,AREA_B,AREA_B,AREA_B_TO_AREA_B,BU,BU,15_30,high,unknown_or_oneway,Y,S,0,0.59891224,32.34489043798542
26.0,163.1120588,,2,2,0,0,0,0,0,1,0,2,1,336.8333333333333,23.0,44.71452,1,1,BAGGAGE,UPPER APEX,LANG_09,Multi-City,apple,Direct,Direct,Logged-In,AREA_C,AREA_B,AREA_C_TO_AREA_B,CA,BO,15_30,very_high,unknown_or_oneway,Y,O,1,0.7232478,32.33967938507795
92.0,238.5005682,23.40972222222222,2,2,0,0,0,0,0,1,1,2,1,577.9166666666666,16.0,45.3107136,2,1,BAGGAGE,UPPER APEX,LANG_09,Round-Trip,google,Direct,Direct,Logged-In,AREA_C,AREA_B,AREA_C_TO_AREA_B,CA,BU,61_120,very_high,15_30,Y,U,0,0.71348447,32.3284903004139
1.0,25.2285832,,1,1,0,0,0,0,0,1,0,2,1,3.8333333333333335,19.0,90.0320864,2,0,BAGGAGE,UPPER APEX,LANG_09,One-Way,google,Paid Search,Referrals,Logged-In,AREA_C,AREA_C,AREA_C_TO_AREA_C,CI,CA,0_3,low,unknown_or_oneway,Y,S,0,0.35900846,32.32228080041647
77.0,149.3661986,11.253472222222221,2,2,0,0,0,0,0,1,0,2,1,285.25,21.0,47.4076704,2,1,BAGGAGE,UPPER APEX,LANG_09,Round-Trip,apple,Direct,Direct,Logged-In,AREA_C,AREA_B,AREA_C_TO_AREA_B,CA,BO,61_120,very_high,9_14,Y,O,0,0.6816379,32.314864098251725
274.0,212.6475236,,2,1,1,0,0,0,1,0,0,3,1,166.0,18.0,51.1724274,2,0,BAGGAGE,LOWER VERTEX,LANG_02,Multi-City,google,Paid Search,Paid Search,Logged-Out,AREA_B,AREA_C,AREA_B_TO_AREA_C,BU,CU,120_plus,very_high,unknown_or_oneway,Y,L,0,0.631392,32.30986138869524
38.0,83.23625030000001,56.329861111111114,1,1,0,0,0,0,0,1,0,4,1,1354.0,17.0,92.4648304,2,0,BAGGAGE,GREAT AURORA,LANG_10,Round-Trip,apple,MetaSearches,Organic Search,Logged-In,AREA_C,AREA_B,AREA_C_TO_AREA_B,CE,BU,31_60,high,30_plus,Y,T,0,0.34928036,32.29614900542145
0.0,30.7159628,,1,1,0,0,0,0,0,0,1,2,1,3.75,12.0,90.0320864,1,0,BAGGAGE,UPPER APEX,LANG_09,One-Way,google,Direct,Paid Search,Logged-Out,AREA_C,AREA_C,AREA_C_TO_AREA_C,CI,CA,invalid_or_past,low,unknown_or_oneway,Y,S,0,0.35869735,32.29427123822422
64.0,151.72227690000005,,2,2,0,0,0,0,0,1,1,3,1,813.25,16.0,46.9348272,2,1,BAGGAGE,LOWER VERTEX,LANG_02,Multi-City,google,Email,Email,Logged-In,AREA_B,AREA_C,AREA_B_TO_AREA_C,BU,CA,61_120,very_high,unknown_or_oneway,Y,O,0,0.68753314,32.269249128738785
261.0,535.6011424,16.57638888888889,2,2,0,0,0,0,0,0,0,4,1,399.5,19.0,46.0559556,2,0,BAGGAGE,SOUTH HORIZON,LANG_02,Round-Trip,apple,Direct,Organic Search,Logged-Out,AREA_C,AREA_B,AREA_C_TO_AREA_B,CA,BU,120_plus,very_high,15_30,Y,Y,0,0.70004576,32.24127664530494
266.0,161.3247629,30.78125,2,2,0,0,0,0,0,0,0,2,1,742.0,15.0,47.0324796,2,0,BAGGAGE,LOWER VERTEX,LANG_02,Round-Trip,microsoft,Direct,Direct,Logged-Out,AREA_B,AREA_B,AREA_B_TO_AREA_B,BU,BE,120_plus,very_high,30_plus,Y,U,0,0.685426,32.237284210883615
211.0,313.9760225,9.277777777777779,5,5,0,0,0,0,0,0,0,2,1,224.58333333333334,12.0,40.08888,4,1,BAGGAGE,UPPER APEX,LANG_09,Round-Trip,google,Organic Search,Organic Social,Logged-Out,AREA_C,AREA_C,AREA_C_TO_AREA_C,CA,CU,120_plus,very_high,9_14,Y,W,0,0.8040561,32.233708826794626
31.0,172.416448,14.32638888888889,2,2,0,0,0,0,0,0,0,4,1,344.75,21.0,44.71452,1,0,BAGGAGE,UPPER APEX,LANG_09,Round-Trip,google,Direct,Organic Search,Logged-Out,AREA_B,AREA_B,AREA_B_TO_AREA_B,BE,BO,31_60,very_high,15_30,Y,U,1,0.72064394,32.22324776014567
74.0,113.43996629999998,5.416666666666667,4,4,0,0,0,0,0,0,0,4,1,131.83333333333334,9.0,40.43152,3,0,BAGGAGE,SOUTH HORIZON,LANG_02,Round-Trip,google,Direct,Organic Search,Logged-Out,AREA_C,AREA_B,AREA_C_TO_AREA_B,CU,BI,61_120,very_high,6_8,Y,O,1,0.7969776,32.22301494889259
262.0,558.5408904000001,7.888888888888889,3,3,0,0,0,0,0,1,0,2,1,196.58333333333334,17.0,41.63076,3,1,BAGGAGE,UPPER APEX,LANG_09,Round-Trip,mozilla,Direct,Paid Search,Logged-In,AREA_C,AREA_B,AREA_C_TO_AREA_B,CA,BU,120_plus,very_high,6_8,Y,S,0,0.77390665,32.218321931912904
27.0,136.26578650000002,6.604166666666667,2,2,0,0,0,0,0,0,0,4,1,161.5,6.0,46.5973268,2,0,BAGGAGE,LOWER VERTEX,LANG_02,Round-Trip,apple,Email,Email,Logged-Out,AREA_B,AREA_B,AREA_B_TO_AREA_B,BU,BU,15_30,very_high,6_8,Y,O,0,0.69077873,32.18844233546371
9.0,265.6513618,8.590277777777779,3,3,0,0,0,0,0,0,0,2,1,213.0,14.0,41.3712102,3,1,BAGGAGE,NORTH VERTEX,LANG_02,Round-Trip,google,Paid Search,Paid Search,Logged-Out,AREA_B,AREA_C,AREA_B_TO_AREA_C,BA,CA,8_14,very_high,9_14,Y,Q,0,0.77800775,32.187121986353446
188.0,201.3412602,18.37152777777778,2,2,0,0,0,0,0,1,0,2,1,457.1666666666667,17.0,44.71452,1,1,BAGGAGE,UPPER APEX,LANG_09,Round-Trip,google,Direct,Organic Search,Logged-In,AREA_C,AREA_B,AREA_C_TO_AREA_B,CA,BO,120_plus,very_high,15_30,Y,O,1,0.71967906,32.180103614552024
82.0,155.1846541,24.62847222222222,1,1,0,0,0,0,0,0,0,3,1,593.1666666666666,21.0,115.992206,3,1,BAGGAGE,LOWER VERTEX,LANG_02,Round-Trip,apple,Direct,Direct,Logged-Out,AREA_B,AREA_C,AREA_B_TO_AREA_C,BU,CA,61_120,very_high,15_30,Y,S,0,0.277387,32.17472925347024
199.0,286.95671699999997,19.32986111111111,3,2,0,1,0,1,0,0,0,4,1,466.0,18.0,36.2239008,1,0,BAGGAGE,LOWER ZENITH,LANG_02,Round-Trip,google,Paid Search,Paid Search,Logged-Out,AREA_C,AREA_B,AREA_C_TO_AREA_B,CE,BO,120_plus,very_high,15_30,Y,V,0,0.88720906,32.13817289889565
65.0,149.3661986,7.361111111111111,2,2,0,0,0,0,0,0,0,2,1,191.83333333333334,20.0,47.4076704,2,1,BAGGAGE,UPPER APEX,LANG_09,Round-Trip,apple,Direct,Direct,Logged-Out,AREA_C,AREA_B,AREA_C_TO_AREA_B,CA,BO,61_120,very_high,6_8,Y,O,0,0.6776637,32.12645656796837
175.0,119.28155,10.225694444444445,2,1,0,1,0,1,0,0,0,2,1,248.0,10.0,49.6279776,4,1,BAGGAGE,UPPER APEX,LANG_09,Round-Trip,google,MetaSearches,MetaSearches,Logged-Out,AREA_C,AREA_B,AREA_C_TO_AREA_B,CA,BO,120_plus,very_high,9_14,Y,S,0,0.6468736,32.103028199831776
168.0,235.1915224,24.993055555555557,2,2,0,0,0,0,0,0,0,2,1,620.4166666666666,19.0,44.71452,1,1,BAGGAGE,UPPER APEX,LANG_09,Round-Trip,google,Paid Search,Paid Search,Logged-Out,AREA_C,AREA_D,AREA_C_TO_AREA_D,CA,DA,120_plus,very_high,15_30,Y,U,1,0.7177396,32.09338089689255
13.0,156.1333386,,1,1,0,0,0,0,0,0,0,2,1,12.25,10.0,53.1760148,1,0,BAGGAGE,NEW HORIZON,LANG_02,One-Way,google,Direct,Paid Search,Logged-Out,AREA_C,AREA_B,AREA_C_TO_AREA_B,CE,BO,8_14,very_high,unknown_or_oneway,Y,K,0,0.6030467,32.06762105573332
12.0,616.1746516000001,14.319444444444445,2,2,0,0,0,0,0,1,1,2,1,359.8333333333333,15.0,45.3107136,2,1,BAGGAGE,LOWER VERTEX,LANG_02,Round-Trip,apple,Direct,Direct,Logged-In,AREA_C,AREA_B,AREA_C_TO_AREA_B,CA,BO,8_14,very_high,15_30,Y,T,0,0.70770055,32.06641696081352
28.0,62.90913230000001,,2,2,0,0,0,0,0,0,0,2,1,4.75,19.0,45.6936138,1,0,BAGGAGE,NEW MERIDIAN,LANG_10,One-Way,google,Organic Search,Organic Search,Logged-Out,AREA_C,AREA_B,AREA_C_TO_AREA_B,CI,BI,15_30,high,unknown_or_oneway,Y,W,0,0.7014272,32.0507445588079
219.0,424.1163656,14.48611111111111,2,2,0,0,0,0,0,1,1,4,1,349.8333333333333,20.0,50.8888928,4,0,BAGGAGE,UPPER APEX,LANG_02,Round-Trip,apple,Direct,Referrals,Logged-In,AREA_C,AREA_B,AREA_C_TO_AREA_B,CU,BU,120_plus,very_high,15_30,Y,V,0,0.6296545,32.0424217108059
117.0,40.3835504,,4,3,0,1,0,1,0,1,0,1,0,1.75,14.0,39.677712,2,0,BAGGAGE,UPPER APEX,LANG_09,One-Way,microsoft,Internal,Paid Search,Logged-In,AREA_D,AREA_C,AREA_D_TO_AREA_C,DA,CE,61_120,mid,unknown_or_oneway,Y,O,0,0.8075243,32.04071753937721
180.0,93.981869,6.28125,2,2,0,0,0,0,0,0,0,2,1,164.25,9.0,44.71452,1,1,BAGGAGE,UPPER APEX,LANG_09,Round-Trip,google,MetaSearches,Paid Search,Logged-Out,AREA_C,AREA_B,AREA_C_TO_AREA_B,CA,BU,120_plus,high,6_8,Y,O,0,0.7165015,32.03801950621605
181.0,205.836697,8.260416666666666,2,2,0,0,0,0,0,1,0,4,1,199.16666666666666,22.0,45.3107136,1,0,BAGGAGE,UPPER APEX,LANG_09,Round-Trip,apple,Direct,Direct,Logged-In,AREA_C,AREA_D,AREA_C_TO_AREA_D,CU,DA,120_plus,very_high,9_14,Y,O,0,0.7069482,32.032328359518814
16.0,223.7940311,11.590277777777779,3,3,0,0,0,0,0,0,0,2,1,285.0,22.0,41.3712102,3,1,BAGGAGE,NORTH VERTEX,LANG_02,Round-Trip,microsoft,Paid Search,Paid Search,Logged-Out,AREA_B,AREA_C,AREA_B_TO_AREA_C,BA,CA,15_30,very_high,9_14,Y,L,0,0.7739816,32.02055427293844
99.0,155.584258,9.253472222222221,2,2,0,0,0,0,0,1,0,2,1,237.25,1.0,44.71452,1,1,BAGGAGE,UPPER APEX,LANG_09,Round-Trip,google,Direct,Organic Search,Logged-In,AREA_C,AREA_B,AREA_C_TO_AREA_B,CA,BO,61_120,very_high,9_14,Y,O,0,0.71598184,32.01478435293674
86.0,190.9524154,26.79513888888889,2,2,0,0,0,0,0,1,0,2,1,646.5833333333334,13.0,46.98451,2,1,BAGGAGE,LOWER VERTEX,LANG_02,Round-Trip,mozilla,Organic Search,Organic Search,Logged-In,AREA_B,AREA_C,AREA_B_TO_AREA_C,BU,CA,61_120,very_high,15_30,Y,V,0,0.68113565,32.002824967837334
27.0,39.2027273,,1,1,0,0,0,0,0,1,0,2,1,6.833333333333333,12.0,58.8835406,3,0,BAGGAGE,UPPER MERIDIAN,LANG_01,One-Way,apple,Direct,Paid Search,Logged-In,AREA_B,AREA_D,AREA_B_TO_AREA_D,BU,DA,15_30,mid,unknown_or_oneway,Y,W,1,0.54324687,31.98829884709728
15.0,273.71196779999997,8.319444444444445,2,2,0,0,0,0,0,0,0,2,1,215.83333333333334,21.0,44.71452,1,1,BAGGAGE,UPPER APEX,LANG_09,Round-Trip,microsoft,Direct,Direct,Logged-Out,AREA_C,AREA_B,AREA_C_TO_AREA_B,CA,BO,15_30,very_high,9_14,Y,S,0,0.71526784,31.982858005020617
84.0,284.9132977,16.666666666666668,2,2,0,0,0,0,0,1,1,2,1,403.5,5.0,46.98451,2,1,BAGGAGE,LOWER VERTEX,LANG_02,Round-Trip,apple,Direct,Paid Search,Logged-In,AREA_B,AREA_C,AREA_B_TO_AREA_C,BU,CA,61_120,very_high,15_30,Y,S,0,0.68015623,31.95680723352909
97.0,257.4220056,104.77083333333333,2,2,0,0,0,0,0,0,0,2,1,2518.0,19.0,46.98451,2,1,BAGGAGE,LOWER VERTEX,LANG_02,Round-Trip,apple,Direct,Paid Search,Logged-Out,AREA_B,AREA_C,AREA_B_TO_AREA_C,BU,CA,61_120,very_high,30_plus,Y,S,0,0.68007976,31.95321419840753
102.0,140.80019860000002,4.423611111111111,2,2,0,0,0,0,0,0,0,2,1,120.83333333333333,23.0,56.638392,2,1,BAGGAGE,UPPER APEX,LANG_09,Round-Trip,apple,Direct,Direct,Logged-Out,AREA_C,AREA_B,AREA_C_TO_AREA_B,CA,BU,61_120,very_high,3_5,Y,O,0,0.5640916,31.949242457729817
209.0,391.0961488,30.74652777777778,2,2,0,0,0,0,0,1,0,4,1,742.75,12.0,45.8760696,2,0,BAGGAGE,LOWER VERTEX,LANG_02,Round-Trip,google,Direct,Paid MetaSearches,Logged-In,AREA_C,AREA_D,AREA_C_TO_AREA_D,CE,DA,120_plus,very_high,30_plus,Y,Q,0,0.696376,31.94699502171693
71.0,223.15200940000005,7.4375,3,2,0,1,0,1,0,0,0,2,1,182.25,21.0,37.00512,1,1,BAGGAGE,UPPER APEX,LANG_09,Round-Trip,google,Direct,Direct,Logged-Out,AREA_C,AREA_C,AREA_C_TO_AREA_C,CA,CE,61_120,very_high,6_8,Y,U,1,0.86325,31.944670475234982
241.0,680.6063904,23.04513888888889,3,3,0,0,0,0,0,0,0,2,1,560.3333333333334,18.0,41.63076,3,1,BAGGAGE,UPPER APEX,LANG_09,Round-Trip,google,Paid Search,Paid Search,Logged-Out,AREA_C,AREA_B,AREA_C_TO_AREA_B,CA,BU,120_plus,very_high,15_30,Y,S,0,0.7672337,31.940523250994683
52.0,153.17035919999998,6.239583333333333,2,2,0,0,0,0,0,0,0,2,1,164.25,5.0,44.71452,1,1,BAGGAGE,UPPER APEX,LANG_09,Round-Trip,google,Paid Search,Organic Search,Logged-Out,AREA_C,AREA_B,AREA_C_TO_AREA_B,CA,BU,31_60,very_high,6_8,Y,U,0,0.71427613,31.93851452254057
40.0,179.6572878,14.319444444444445,2,2,0,0,0,0,0,0,0,2,1,359.8333333333333,20.0,44.71452,1,1,BAGGAGE,UPPER APEX,LANG_09,Round-Trip,google,Internal,Internal,Logged-Out,AREA_C,AREA_B,AREA_C_TO_AREA_B,CA,BO,31_60,very_high,15_30,Y,U,0,0.714129,31.931934160823822
9.0,194.47903759999997,15.71875,2,1,0,1,0,1,0,0,0,5,1,378.0833333333333,19.0,44.0789228,2,0,BAGGAGE,UPPER APEX,LANG_09,Round-Trip,google,Direct,Direct,Logged-Out,AREA_B,AREA_D,AREA_B_TO_AREA_D,BU,DA,8_14,very_high,15_30,Y,U,0,0.7243471,31.928440543224717
78.0,196.8115594,7.319444444444445,2,2,0,0,0,0,0,0,0,2,1,191.83333333333334,13.0,44.71452,1,1,BAGGAGE,UPPER APEX,LANG_09,Round-Trip,apple,Organic Search,Organic Search,Logged-Out,AREA_C,AREA_B,AREA_C_TO_AREA_B,CA,BO,61_120,very_high,6_8,Y,L,0,0.714027,31.927374015462398
204.0,223.9589266,6.229166666666667,2,2,0,0,0,0,0,0,0,2,1,164.16666666666666,16.0,44.71452,1,1,BAGGAGE,UPPER APEX,LANG_09,Round-Trip,google,Organic Search,Organic Search,Logged-Out,AREA_C,AREA_B,AREA_C_TO_AREA_B,CA,BU,120_plus,very_high,6_8,Y,O,0,0.713903,31.92183041385412
36.0,218.6420104,9.21875,2,2,0,0,0,0,0,0,0,2,1,237.16666666666666,14.0,44.71452,2,1,BAGGAGE,UPPER MERIDIAN,LANG_09,Round-Trip,google,Paid Search,Paid Search,Logged-Out,AREA_C,AREA_B,AREA_C_TO_AREA_B,CA,BU,31_60,very_high,9_14,Y,U,0,0.7135042,31.903997606949808
217.0,257.0348224,23.21527777777778,2,2,0,0,0,0,0,1,1,2,1,573.25,19.0,44.71452,2,1,BAGGAGE,UPPER APEX,LANG_09,Round-Trip,google,Direct,Direct,Logged-In,AREA_C,AREA_B,AREA_C_TO_AREA_B,CA,BU,120_plus,very_high,15_30,Y,O,0,0.71348447,31.903115428040028
110.0,287.183716,28.67013888888889,4,2,0,2,0,1,0,0,0,2,1,692.1666666666666,17.0,35.398995,1,1,BAGGAGE,UPPER APEX,LANG_09,Round-Trip,apple,Paid Search,Paid Search,Logged-Out,AREA_C,AREA_C,AREA_C_TO_AREA_C,CA,CE,61_120,very_high,15_30,Y,O,0,0.901145,31.899626690297126
183.0,278.3324682,26.22222222222222,2,2,0,0,0,0,0,0,0,2,1,649.9166666666666,22.0,45.3107136,2,1,BAGGAGE,UPPER APEX,LANG_09,Round-Trip,microsoft,Direct,MetaSearches,Logged-Out,AREA_C,AREA_D,AREA_C_TO_AREA_D,CA,DA,120_plus,very_high,15_30,Y,V,1,0.70381427,31.890326730024718
86.0,109.0456083,19.78125,1,1,0,0,0,0,0,1,0,2,1,478.0,11.0,86.4429324,2,0,BAGGAGE,LOWER VERTEX,LANG_02,Round-Trip,google,MetaSearches,MetaSearches,Logged-In,AREA_B,AREA_B,AREA_B_TO_AREA_B,BU,BE,61_120,very_high,15_30,Y,L,0,0.3686869,31.87037802204466
4.0,140.50467160000002,,1,1,0,0,0,0,0,1,0,1,0,14.416666666666666,9.0,61.7368752,1,1,BAGGAGE,NORTH MERIDIAN,LANG_02,One-Way,apple,Direct,Direct,Logged-In,AREA_B,AREA_C,AREA_B_TO_AREA_C,BI,CA,4_7,very_high,unknown_or_oneway,Y,T,0,0.51608086,31.861219419937132
149.0,236.1025165,10.472222222222221,2,2,0,0,0,0,0,0,0,4,1,253.5,10.0,50.8888928,3,0,BAGGAGE,NEW AURORA,LANG_02,Round-Trip,google,Paid Search,Organic Search,Logged-Out,AREA_C,AREA_B,AREA_C_TO_AREA_B,CU,BU,120_plus,very_high,9_14,Y,O,0,0.62605363,31.859176130566215
50.0,131.8667172,31.229166666666668,2,2,0,0,0,0,0,0,0,2,1,764.1666666666666,10.0,43.7482752,2,1,BAGGAGE,UPPER APEX,LANG_09,Round-Trip,mozilla,Direct,Organic Search,Logged-Out,AREA_C,AREA_B,AREA_C_TO_AREA_B,CA,BU,31_60,very_high,30_plus,Y,O,1,0.7281745,31.856378752894592
56.0,145.53719660000002,9.76388888888889,2,2,0,0,0,0,0,0,0,2,1,239.0,21.0,46.3446298,2,1,BAGGAGE,LOWER VERTEX,LANG_02,Round-Trip,google,MetaSearches,MetaSearches,Logged-Out,AREA_D,AREA_C,AREA_D_TO_AREA_C,DA,CA,31_60,very_high,9_14,Y,U,1,0.6872637,31.850983011501167
76.0,277.5281208,,3,2,0,1,0,1,0,1,0,2,1,356.1666666666667,20.0,36.4706016,2,1,BAGGAGE,UPPER APEX,LANG_09,One-Way,samsung,Direct,Direct,Logged-In,AREA_C,AREA_B,AREA_C_TO_AREA_B,CA,BU,61_120,very_high,unknown_or_oneway,Y,U,0,0.873324,31.850650832659724
60.0,139.2291942,5.329861111111111,3,3,0,0,0,0,0,1,0,4,1,130.0,11.0,41.7061408,2,0,BAGGAGE,LOWER ZENITH,LANG_02,Round-Trip,google,Paid Search,Paid Search,Logged-In,AREA_C,AREA_C,AREA_C_TO_AREA_C,CE,CI,31_60,very_high,6_8,Y,V,0,0.7634488,31.84050209600544
36.0,209.4781036,17.12152777777778,2,2,0,0,0,0,0,1,0,4,1,412.25,10.0,45.8949148,2,0,BAGGAGE,WEST HORIZON,LANG_02,Round-Trip,google,Organic Search,Organic Search,Logged-In,AREA_C,AREA_D,AREA_C_TO_AREA_D,CI,DA,31_60,very_high,15_30,Y,W,0,0.6936423,31.83465509770081
68.0,164.4697698,9.239583333333334,2,1,1,0,0,0,1,0,0,2,1,236.25,9.0,44.71452,1,1,BAGGAGE,UPPER APEX,LANG_09,Round-Trip,mozilla,Direct,Paid MetaSearches,Logged-Out,AREA_C,AREA_B,AREA_C_TO_AREA_B,CA,BU,61_120,very_high,9_14,Y,O,0,0.7116565,31.821379286634922
36.0,104.4319607,4.597222222222222,2,2,0,0,0,0,0,0,0,4,1,112.41666666666667,22.0,50.4944285,1,0,BAGGAGE,LOWER ZENITH,LANG_02,Round-Trip,google,Direct,Paid Search,Logged-Out,AREA_C,AREA_B,AREA_C_TO_AREA_B,CE,BA,31_60,very_high,3_5,Y,V,0,0.6300882,31.81594407388514
119.0,195.7455207,41.52430555555556,4,2,0,2,0,1,0,0,0,2,1,1000.0833333333334,10.0,35.386146,1,1,BAGGAGE,LOWER VERTEX,LANG_02,Round-Trip,google,Paid Search,Paid Search,Logged-Out,AREA_B,AREA_C,AREA_B_TO_AREA_C,BU,CA,61_120,very_high,30_plus,Y,O,0,0.898758,31.803581600542184
169.0,860.9827939,17.57638888888889,4,2,0,2,0,1,0,1,0,2,1,425.3333333333333,12.0,57.6997194,2,1,BAGGAGE,LOWER VERTEX,LANG_02,Round-Trip,google,Direct,Direct,Logged-In,AREA_B,AREA_C,AREA_B_TO_AREA_C,BU,CA,120_plus,very_high,15_30,P,R,0,0.5508429,31.783479678883193
9.0,208.937589,29.211805555555557,2,2,0,0,0,0,0,0,0,2,1,717.4166666666666,12.0,40.1419892,2,0,BAGGAGE,UPPER APEX,LANG_02,Round-Trip,google,MetaSearches,MetaSearches,Logged-Out,AREA_B,AREA_B,AREA_B_TO_AREA_B,BE,BU,8_14,very_high,15_30,Y,T,0,0.791732,31.7816979241945
46.0,258.3111564,168.21527777777777,2,2,0,0,0,0,0,0,0,2,1,4053.25,14.0,44.71452,2,1,BAGGAGE,LOWER VERTEX,LANG_02,Round-Trip,google,Paid Search,Email,Logged-Out,AREA_C,AREA_B,AREA_C_TO_AREA_B,CA,BU,31_60,very_high,30_plus,Y,L,0,0.7104226,31.766204459474086
230.0,276.1627004,3.9791666666666665,4,4,0,0,0,0,0,0,0,3,1,98.66666666666667,20.0,44.4553985,2,0,BAGGAGE,LOWER VERTEX,LANG_02,Round-Trip,google,Direct,Direct,Logged-Out,AREA_B,AREA_B,AREA_B_TO_AREA_B,BU,BE,120_plus,very_high,3_5,Y,O,0,0.7143153,31.755171103624523
103.0,487.602418,7.0,2,2,0,0,0,0,0,0,0,2,1,175.25,10.0,44.7033842,1,1,BAGGAGE,UPPER APEX,LANG_09,Round-Trip,apple,Direct,Direct,Logged-Out,AREA_C,AREA_B,AREA_C_TO_AREA_B,CA,BU,61_120,very_high,6_8,Y,T,0,0.7103384,31.754531020336405
27.0,51.48166,,1,1,0,0,0,0,0,0,0,2,1,20.0,19.0,55.6066173,1,0,BAGGAGE,EAST ZENITH,LANG_02,One-Way,google,Paid Search,Paid Search,Logged-Out,AREA_C,AREA_C,AREA_C_TO_AREA_C,CA,CE,15_30,mid,unknown_or_oneway,Y,L,0,0.5707913,31.739773605895028
26.0,150.9967367,5.378472222222222,9,3,6,0,0,0,1,0,0,4,1,131.83333333333334,23.0,38.3448424,1,0,BAGGAGE,NEW MERIDIAN,LANG_02,Round-Trip,apple,Direct,Direct,Logged-Out,AREA_C,AREA_D,AREA_C_TO_AREA_D,CI,DA,15_30,very_high,6_8,Y,U,1,0.82758087,31.733458002646397
65.0,576.2827896,17.010416666666668,3,3,0,0,0,0,0,1,0,2,1,414.9166666666667,19.0,42.1858368,4,1,BAGGAGE,UPPER APEX,LANG_09,Round-Trip,microsoft,Referrals,Paid Search,Logged-In,AREA_C,AREA_B,AREA_C_TO_AREA_B,CA,BU,61_120,very_high,15_30,Y,Y,1,0.7519678,31.722390372566984
22.0,1857.3979025,0.0798611111111111,3,1,0,2,0,1,0,1,0,2,1,5.5,9.0,59.61936,3,0,BAGGAGE,NORTH HORIZON,LANG_02,Round-Trip,mozilla,Paid Search,Paid Search,Logged-In,AREA_B,AREA_D,AREA_B_TO_AREA_D,BE,DA,15_30,very_high,1_2,Y,Y,0,0.5320624,31.72122044225693
199.0,244.2372184,21.770833333333332,2,2,0,0,0,0,0,0,0,4,1,526.0,13.0,43.9504328,1,0,BAGGAGE,LOWER VERTEX,LANG_02,Round-Trip,google,Paid Search,Paid Search,Logged-Out,AREA_B,AREA_B,AREA_B_TO_AREA_B,BU,BE,120_plus,very_high,15_30,Y,L,0,0.7212737,31.70029217288804
238.0,656.3748896000001,13.0,3,3,0,0,0,0,0,0,0,2,1,319.25,11.0,41.63076,3,1,BAGGAGE,GREAT MERIDIAN,LANG_09,Round-Trip,google,Direct,Direct,Logged-Out,AREA_C,AREA_B,AREA_C_TO_AREA_B,CA,BU,120_plus,very_high,9_14,Y,T,0,0.7612779,31.69257813300133
1.0,49.5637326,,1,1,0,0,0,0,0,0,0,2,1,13.416666666666666,16.0,56.1064434,1,0,BAGGAGE,OLD ZENITH,LANG_02,One-Way,apple,Direct,Direct,Logged-Out,AREA_B,AREA_C,AREA_B_TO_AREA_C,BU,CE,0_3,mid,unknown_or_oneway,Y,T,0,0.56483483,31.690873596206334
156.0,166.1898226,6.25,2,2,0,0,0,0,0,1,0,2,1,164.41666666666666,21.0,44.71452,1,1,BAGGAGE,UPPER APEX,LANG_09,Round-Trip,google,Direct,Direct,Logged-In,AREA_C,AREA_B,AREA_C_TO_AREA_B,CA,BU,120_plus,very_high,6_8,Y,U,0,0.70865756,31.687282761962415
27.0,329.9550389,65.69097222222223,2,2,0,0,0,0,0,0,0,4,1,1579.4166666666667,18.0,48.2334328,4,0,BAGGAGE,NEW APEX,LANG_02,Round-Trip,microsoft,Paid Search,Organic Search,Logged-Out,AREA_C,AREA_B,AREA_C_TO_AREA_B,CU,BU,15_30,very_high,30_plus,Y,V,0,0.65686595,31.682899870117286
7.0,210.3150018,,2,1,1,0,0,0,1,0,0,1,0,15.916666666666666,14.0,47.181528,2,1,BAGGAGE,UPPER APEX,LANG_09,One-Way,microsoft,Paid Search,Paid Search,Logged-Out,AREA_B,AREA_C,AREA_B_TO_AREA_C,BU,CA,4_7,very_high,unknown_or_oneway,Y,V,0,0.6712218,31.66926980638647
17.0,94.1549022,4.534722222222222,2,2,0,0,0,0,0,0,0,4,1,110.91666666666667,19.0,50.4944285,3,0,BAGGAGE,SOUTH MERIDIAN,LANG_02,Round-Trip,google,Direct,Organic Search,Logged-Out,AREA_C,AREA_B,AREA_C_TO_AREA_B,CE,BA,15_30,high,3_5,Y,V,0,0.6267311,31.64642860144886
10.0,58.2376642,,1,1,0,0,0,0,0,0,0,1,0,1.8333333333333333,21.0,78.1724594,3,1,BAGGAGE,UPPER APEX,LANG_09,One-Way,google,Paid Search,Organic Search,Logged-Out,AREA_C,AREA_C,AREA_C_TO_AREA_C,CA,CA,8_14,high,unknown_or_oneway,Y,E,0,0.40458074,31.627071637455632
185.0,72.7476116,7.739583333333333,2,2,0,0,0,0,0,0,0,2,1,190.0,19.0,45.3167098,2,0,BAGGAGE,LOWER VERTEX,LANG_02,Round-Trip,apple,Organic Search,Organic Search,Logged-Out,AREA_B,AREA_B,AREA_B_TO_AREA_B,BU,BE,120_plus,high,6_8,Y,O,0,0.69740206,31.603966768387377
116.0,358.9890676,25.052083333333332,2,2,0,0,0,0,0,1,0,4,1,602.25,15.0,45.3107136,2,0,BAGGAGE,UPPER APEX,LANG_09,Round-Trip,google,Direct,Paid Search,Logged-In,AREA_B,AREA_D,AREA_B_TO_AREA_D,BE,DA,61_120,very_high,15_30,Y,L,0,0.6974384,31.60143245083809
8.0,321.6117549,16.010416666666668,2,2,0,0,0,0,0,0,0,4,1,387.25,12.0,46.2512604,4,0,BAGGAGE,OLD AURORA,LANG_02,Round-Trip,google,Paid Search,Paid Search,Logged-Out,AREA_B,AREA_B,AREA_B_TO_AREA_B,BO,BI,8_14,very_high,15_30,Y,K,0,0.68317425,31.597670251418638
18.0,76.89741029999999,,2,2,0,0,0,0,0,0,0,2,1,7.0,16.0,44.560332,1,0,BAGGAGE,NEW AURORA,LANG_02,One-Way,google,Paid Search,Paid Search,Logged-Out,AREA_B,AREA_B,AREA_B_TO_AREA_B,BO,BE,15_30,high,unknown_or_oneway,Y,L,0,0.70881546,31.58505202099085
185.0,490.8669206,14.868055555555555,2,2,0,0,0,0,0,1,0,4,1,358.75,20.0,51.2640836,4,0,BAGGAGE,SOUTH HORIZON,LANG_02,Round-Trip,apple,Paid Search,Referrals,Logged-In,AREA_C,AREA_B,AREA_C_TO_AREA_B,CA,BU,120_plus,very_high,15_30,Y,H,0,0.6160273,31.580074780979324
72.0,209.31021,12.48263888888889,2,2,0,0,0,0,0,0,0,2,1,320.1666666666667,18.0,44.71452,1,1,BAGGAGE,UPPER APEX,LANG_09,Round-Trip,apple,Direct,Direct,Logged-Out,AREA_C,AREA_D,AREA_C_TO_AREA_D,CA,DA,61_120,very_high,9_14,Y,U,0,0.706059,31.571088339214324
72.0,328.9061322,10.23611111111111,2,2,0,0,0,0,0,1,0,2,1,266.25,11.0,44.71452,1,1,BAGGAGE,UPPER APEX,LANG_09,Round-Trip,apple,Direct,Direct,Logged-In,AREA_C,AREA_D,AREA_C_TO_AREA_D,CA,DA,61_120,very_high,9_14,Y,U,0,0.706059,31.571088339214324
21.0,90.4179847,,1,1,0,0,0,0,0,0,0,2,1,26.0,13.0,55.503397,3,0,BAGGAGE,NORTH MERIDIAN,LANG_02,One-Way,google,Paid Search,Paid Search,Logged-Out,AREA_B,AREA_B,AREA_B_TO_AREA_B,BI,BI,15_30,high,unknown_or_oneway,Y,T,1,0.5681819,31.5360240302366
263.0,141.27047199999998,,2,2,0,0,0,0,0,0,0,2,1,99.58333333333333,18.0,49.1311496,2,1,BAGGAGE,LOWER VERTEX,LANG_02,Multi-City,apple,Paid Search,Paid Search,Logged-Out,AREA_B,AREA_C,AREA_B_TO_AREA_C,BI,CA,120_plus,very_high,unknown_or_oneway,Y,U,0,0.6417486,31.5298468239038
139.0,484.784204,18.302083333333332,4,2,0,2,0,1,0,1,0,2,1,455.5,20.0,38.2934464,3,1,BAGGAGE,UPPER APEX,LANG_09,Round-Trip,opera,MetaSearches,MetaSearches,Logged-In,AREA_C,AREA_B,AREA_C_TO_AREA_B,CA,BO,120_plus,very_high,15_30,Y,O,0,0.8226576,31.502394142266848
72.0,259.35620839999996,14.319444444444445,2,2,0,0,0,0,0,0,0,2,1,359.8333333333333,18.0,43.866486,1,1,BAGGAGE,UPPER APEX,LANG_09,Round-Trip,mozilla,Paid Search,Paid Search,Logged-Out,AREA_C,AREA_B,AREA_C_TO_AREA_B,CA,BO,61_120,very_high,15_30,Y,S,0,0.7177396,31.48471332815838
174.0,207.455671,19.21875,2,2,0,0,0,0,0,1,1,2,1,481.8333333333333,13.0,45.3107136,2,1,BAGGAGE,UPPER APEX,LANG_09,Round-Trip,microsoft,Direct,Paid MetaSearches,Logged-In,AREA_C,AREA_D,AREA_C_TO_AREA_D,CA,DA,120_plus,very_high,15_30,Y,O,1,0.6944996,31.468273008052826
309.0,389.1311084,20.3125,2,2,0,0,0,0,0,0,0,3,1,503.75,20.0,43.866486,1,1,BAGGAGE,UPPER APEX,LANG_09,Round-Trip,google,Paid Search,Paid Search,Logged-Out,AREA_C,AREA_B,AREA_C_TO_AREA_B,CA,BO,120_plus,very_high,15_30,Y,S,0,0.7171202,31.45754192364693
3.0,300.3980559,,6,6,0,0,0,0,0,0,0,2,1,8.333333333333334,12.0,37.6282965,3,0,BAGGAGE,EAST VERTEX,LANG_02,One-Way,microsoft,Paid Search,Paid Search,Logged-Out,AREA_C,AREA_C,AREA_C_TO_AREA_C,CE,CU,0_3,very_high,unknown_or_oneway,Y,K,1,0.8359523,31.455460325137853
45.0,370.2644934,7.628472222222222,2,2,0,0,0,0,0,0,0,2,1,186.41666666666666,12.0,46.8268956,2,1,BAGGAGE,LOWER VERTEX,LANG_02,Round-Trip,apple,Paid Search,Paid Search,Logged-Out,AREA_B,AREA_C,AREA_B_TO_AREA_C,BU,CA,31_60,very_high,6_8,Y,W,0,0.6714246,31.44073092603693
101.0,148.94989099999998,25.322916666666668,2,2,0,0,0,0,0,0,0,2,1,624.0,8.0,45.3107136,2,1,BAGGAGE,UPPER APEX,LANG_09,Round-Trip,apple,Email,Email,Logged-Out,AREA_C,AREA_B,AREA_C_TO_AREA_B,CA,BO,61_120,very_high,15_30,Y,O,1,0.69369376,31.43175915212631
26.0,144.8137979,7.722222222222222,3,3,0,0,0,0,0,0,0,4,1,188.16666666666666,13.0,40.0597556,4,0,BAGGAGE,NEW APEX,LANG_02,Round-Trip,apple,Direct,Direct,Logged-Out,AREA_C,AREA_B,AREA_C_TO_AREA_B,CU,BI,15_30,very_high,6_8,Y,T,0,0.78425515,31.417069516072324
18.0,127.4543706,86.99652777777777,2,1,1,0,0,0,1,0,0,4,1,2088.8333333333335,22.0,44.71452,2,0,BAGGAGE,LOWER VERTEX,LANG_09,Round-Trip,google,Email,Paid Search,Logged-Out,AREA_C,AREA_B,AREA_C_TO_AREA_B,CE,BU,15_30,very_high,30_plus,Y,O,0,0.70213455,31.39560936157465
318.0,161.4241285,,2,2,0,0,0,0,0,0,0,2,1,25.416666666666668,19.0,45.7098892,2,0,BAGGAGE,GREAT ZENITH,LANG_02,One-Way,google,Direct,Direct,Logged-Out,AREA_C,AREA_B,AREA_C_TO_AREA_B,CI,BU,120_plus,very_high,unknown_or_oneway,Y,V,0,0.68674743,31.391149013908624
3.0,125.3449931,,1,1,0,0,0,0,0,0,0,3,1,-2401.9166666666665,20.0,78.6975552,2,0,BAGGAGE,UPPER APEX,LANG_09,Round-Trip,apple,Direct,Direct,Logged-Out,AREA_B,AREA_B,AREA_B_TO_AREA_B,BE,BU,0_3,very_high,unknown_or_oneway,Y,L,0,0.3988779,31.39071468117771
120.0,276.6192682,7.993055555555555,2,2,0,0,0,0,0,1,0,2,1,212.41666666666666,20.0,45.3107136,2,1,BAGGAGE,UPPER APEX,LANG_02,Round-Trip,mozilla,Paid Search,Organic Search,Logged-In,AREA_C,AREA_D,AREA_C_TO_AREA_D,CA,DA,61_120,very_high,6_8,Y,O,0,0.6926239,31.383283767509077
1.0,303.5332119,7.760416666666667,2,2,0,0,0,0,0,0,0,2,1,190.0,23.0,57.6997194,2,1,BAGGAGE,LOWER VERTEX,LANG_02,Round-Trip,apple,Paid Search,Paid Search,Logged-Out,AREA_B,AREA_C,AREA_B_TO_AREA_C,BU,CA,0_3,very_high,6_8,P,R,0,0.5438853,31.382028654717885
11.0,40.0529028,,1,1,0,0,0,0,0,0,0,2,1,9.083333333333334,11.0,59.7966762,1,0,BAGGAGE,UPPER MERIDIAN,LANG_01,One-Way,apple,Direct,Direct,Logged-Out,AREA_B,AREA_B,AREA_B_TO_AREA_B,BI,BU,8_14,mid,unknown_or_oneway,Y,L,0,0.5245909,31.368792751701772
152.0,316.8593381,7.138888888888889,4,2,1,1,0,1,1,0,0,4,1,173.41666666666666,15.0,36.2239008,2,0,BAGGAGE,LOWER ZENITH,LANG_02,Round-Trip,apple,Direct,Direct,Logged-Out,AREA_C,AREA_B,AREA_C_TO_AREA_B,CE,BO,120_plus,very_high,6_8,Y,W,0,0.8657763,31.36179482177811
136.0,500.3233563,14.875,2,2,0,0,0,0,0,0,0,4,1,359.0833333333333,12.0,50.8888928,4,0,BAGGAGE,NEW AURORA,LANG_02,Round-Trip,google,Paid Search,Paid Search,Logged-Out,AREA_C,AREA_B,AREA_C_TO_AREA_B,CU,BU,120_plus,very_high,15_30,Y,T,0,0.6160273,31.348947007125282
114.0,125.8850794,5.138888888888889,2,2,0,0,0,0,0,0,0,4,1,125.41666666666667,20.0,48.6651592,2,0,BAGGAGE,LOWER ZENITH,LANG_02,Round-Trip,apple,Direct,Paid Search,Logged-Out,AREA_C,AREA_B,AREA_C_TO_AREA_B,CE,BU,61_120,very_high,6_8,Y,L,0,0.64417636,31.34894530426092
85.0,165.2959605,13.76388888888889,2,2,0,0,0,0,0,0,0,4,1,335.0,20.0,42.9439278,1,0,BAGGAGE,NORTH MERIDIAN,LANG_02,Round-Trip,apple,Organic Search,MetaSearches,Logged-Out,AREA_B,AREA_C,AREA_B_TO_AREA_C,BI,CU,61_120,very_high,9_14,Y,U,0,0.72978354,31.339771436826037
102.0,175.03593080000002,6.215277777777778,2,2,0,0,0,0,0,1,0,2,1,165.25,22.0,45.3107136,2,1,BAGGAGE,UPPER APEX,LANG_09,Round-Trip,samsung,Direct,Direct,Logged-In,AREA_C,AREA_B,AREA_C_TO_AREA_B,CA,BU,61_120,very_high,6_8,Y,O,0,0.6916116,31.33741458636589
92.0,288.0021973,80.99305555555556,2,2,0,0,0,0,0,0,0,2,1,1964.4166666666667,20.0,45.3107136,2,1,BAGGAGE,LOWER VERTEX,LANG_02,Round-Trip,apple,Direct,Affiliate,Logged-Out,AREA_C,AREA_D,AREA_C_TO_AREA_D,CA,DA,61_120,very_high,30_plus,Y,U,0,0.6915889,31.336385608621217
74.0,139.4099368,0.9131944444444444,3,2,0,1,0,1,0,0,0,4,1,22.25,11.0,46.8200428,1,0,BAGGAGE,LOWER VERTEX,LANG_02,Round-Trip,mozilla,Paid Search,Paid Search,Logged-Out,AREA_B,AREA_B,AREA_B_TO_AREA_B,BU,BO,61_120,very_high,1_2,Y,V,1,0.6691852,31.331280697487713
34.0,104.1955391,,1,1,0,0,0,0,0,0,0,2,1,7.5,18.0,58.8629822,1,0,BAGGAGE,NORTH MERIDIAN,LANG_02,One-Way,microsoft,Paid Search,Paid Search,Logged-Out,AREA_C,AREA_B,AREA_C_TO_AREA_B,CI,BI,31_60,very_high,unknown_or_oneway,Y,K,0,0.5317001,31.29745203119775
2.0,384.31958620000006,6.690972222222222,7,6,1,0,0,0,1,0,0,4,1,163.25,14.0,38.2077864,3,0,BAGGAGE,NEW MERIDIAN,LANG_10,Round-Trip,apple,Organic Search,Organic Search,Logged-Out,AREA_C,AREA_C,AREA_C_TO_AREA_C,CI,CE,0_3,very_high,6_8,Y,T,1,0.8187555,31.28283554320593
1.0,160.9756984,5.760416666666667,2,2,0,0,0,0,0,0,0,4,1,142.0,19.0,43.9504328,1,0,BAGGAGE,LOWER VERTEX,LANG_02,Round-Trip,apple,Direct,Paid Search,Logged-Out,AREA_B,AREA_B,AREA_B_TO_AREA_B,BU,BE,0_3,very_high,6_8,Y,L,0,0.71176577,31.282413474243548
115.0,149.3661986,8.302083333333334,2,2,0,0,0,0,0,0,0,2,1,215.5,17.0,45.3107136,2,1,BAGGAGE,UPPER APEX,LANG_09,Round-Trip,apple,Paid Search,Paid Search,Logged-Out,AREA_C,AREA_B,AREA_C_TO_AREA_B,CA,BO,61_120,very_high,9_14,Y,O,1,0.6898015,31.255398848438645
20.0,172.1406228,8.194444444444445,2,1,1,0,0,0,1,0,0,4,1,197.58333333333334,11.0,44.71452,1,0,BAGGAGE,UPPER APEX,LANG_09,Round-Trip,mozilla,Paid Search,Paid Search,Logged-Out,AREA_B,AREA_B,AREA_B_TO_AREA_B,BE,BO,15_30,very_high,9_14,Y,U,0,0.6978504,31.20404594369173
73.0,77.8379571,5.597222222222222,2,2,0,0,0,0,0,0,0,4,1,136.41666666666666,10.0,50.4944285,3,0,BAGGAGE,LOWER ZENITH,LANG_02,Round-Trip,google,Paid Search,Paid Search,Logged-Out,AREA_C,AREA_B,AREA_C_TO_AREA_B,CE,BA,61_120,high,6_8,Y,T,0,0.6179377,31.202410205179987
130.0,158.5455242,20.65625,2,2,0,0,0,0,0,0,0,4,1,499.0,17.0,43.2531604,1,0,BAGGAGE,NORTH MERIDIAN,LANG_02,Round-Trip,apple,Internal,Internal,Logged-Out,AREA_B,AREA_B,AREA_B_TO_AREA_B,BI,BE,120_plus,very_high,15_30,Y,O,0,0.7212737,31.19736791490233
229.0,177.4553975,14.78125,2,2,0,0,0,0,0,0,0,2,1,358.0,12.0,44.7080955,2,0,BAGGAGE,LOWER VERTEX,LANG_02,Round-Trip,google,Paid Search,Organic Search,Logged-Out,AREA_B,AREA_B,AREA_B_TO_AREA_B,BU,BE,120_plus,very_high,15_30,Y,U,1,0.69740206,31.17951790180251
53.0,307.270986,,2,2,0,0,0,0,0,0,0,5,1,385.0833333333333,22.0,42.1858368,2,0,BAGGAGE,UPPER APEX,LANG_09,Multi-City,google,Paid Search,Organic Search,Logged-Out,AREA_C,AREA_B,AREA_C_TO_AREA_B,CA,BU,31_60,very_high,unknown_or_oneway,Y,U,0,0.7390551,31.177657712600325
6.0,135.8721788,2.763888888888889,2,2,0,0,0,0,0,0,0,2,1,67.91666666666667,14.0,71.4151703,1,1,BAGGAGE,EAST VERTEX,LANG_02,Round-Trip,google,Paid Search,Paid Search,Logged-Out,AREA_B,AREA_C,AREA_B_TO_AREA_C,BI,CA,4_7,very_high,3_5,Y,K,0,0.43653306,31.17508308215486
132.0,183.6734569,10.23611111111111,2,2,0,0,0,0,0,0,0,5,1,246.91666666666666,,48.3173796,3,0,BAGGAGE,CENTRAL AURORA,LANG_02,Round-Trip,google,MetaSearches,MetaSearches,Logged-Out,AREA_B,AREA_B,AREA_B_TO_AREA_B,BO,BO,120_plus,very_high,9_14,Y,W,0,0.6448875,31.159274473172022
38.0,238.3138294,9.645833333333334,3,2,0,1,0,1,0,0,0,3,1,232.0,14.0,36.1763595,2,1,BAGGAGE,UPPER VERTEX,LANG_10,Round-Trip,apple,Organic Search,Organic Search,Logged-Out,AREA_C,AREA_B,AREA_C_TO_AREA_B,CA,BU,31_60,very_high,9_14,Y,O,1,0.8609891,31.147450982183216
126.0,100.9742948,11.163194444444445,3,2,0,0,1,1,0,0,0,2,1,272.6666666666667,13.0,40.6233984,3,1,BAGGAGE,UPPER APEX,LANG_09,Round-Trip,apple,Direct,Direct,Logged-Out,AREA_C,AREA_B,AREA_C_TO_AREA_B,CA,BO,120_plus,high,9_14,Y,U,0,0.7660895,31.12115892780075
292.0,142.3986142,11.739583333333334,2,2,0,0,0,0,0,1,0,2,1,285.0833333333333,10.0,45.6670592,2,1,BAGGAGE,LOWER VERTEX,LANG_02,Round-Trip,microsoft,Paid Search,Referrals,Logged-In,AREA_B,AREA_C,AREA_B_TO_AREA_C,BU,CA,120_plus,very_high,9_14,Y,O,1,0.68113565,31.105462254974363
39.0,104.53261120000002,13.760416666666666,2,2,0,0,0,0,0,0,0,4,1,334.0,17.0,43.9504328,1,0,BAGGAGE,LOWER VERTEX,LANG_02,Round-Trip,samsung,Direct,Direct,Logged-Out,AREA_B,AREA_B,AREA_B_TO_AREA_B,BU,BE,31_60,very_high,9_14,Y,O,0,0.7072619,31.084467485872555
130.0,305.0892258,21.67013888888889,4,3,0,1,0,1,0,0,0,2,1,524.1666666666666,11.0,35.398995,2,1,BAGGAGE,UPPER APEX,LANG_09,Round-Trip,google,Paid Search,Paid Search,Logged-Out,AREA_C,AREA_C,AREA_C_TO_AREA_C,CA,CE,120_plus,very_high,15_30,Y,U,0,0.8776308,31.067247246384323
160.0,153.39907140000005,,5,3,1,1,0,1,1,0,0,2,1,9.333333333333334,23.0,35.5454736,2,0,BAGGAGE,WEST APEX,LANG_02,One-Way,google,Paid Search,Paid Search,Logged-Out,AREA_C,AREA_D,AREA_C_TO_AREA_D,CU,DA,120_plus,very_high,unknown_or_oneway,Y,U,0,0.873953,31.06507274920063
4.0,173.80414,5.503472222222222,2,2,0,0,0,0,0,0,0,2,1,135.41666666666666,14.0,47.1198528,1,1,BAGGAGE,UPPER APEX,LANG_09,Round-Trip,google,Direct,Direct,Logged-Out,AREA_C,AREA_C,AREA_C_TO_AREA_C,CA,CE,4_7,very_high,6_8,Y,T,0,0.65845907,31.026494328105926
136.0,221.01864710000004,3.1319444444444446,3,3,0,0,0,0,0,0,0,4,1,77.25,23.0,50.4944285,4,0,BAGGAGE,LOWER ZENITH,LANG_02,Round-Trip,apple,Direct,Paid Search,Logged-Out,AREA_C,AREA_B,AREA_C_TO_AREA_B,CE,BA,120_plus,very_high,3_5,Y,T,0,0.6144467,31.026134940987376
4.0,39.9085657,,1,1,0,0,0,0,0,0,0,2,1,3.1666666666666665,14.0,60.039094,3,0,BAGGAGE,LOWER ZENITH,LANG_02,One-Way,google,Paid Search,Paid Search,Logged-Out,AREA_C,AREA_B,AREA_C_TO_AREA_B,CE,BE,4_7,mid,unknown_or_oneway,Y,T,0,0.5166477,31.019059614750145
16.0,46.927117800000005,,1,1,0,0,0,0,0,0,0,2,1,7.666666666666667,16.0,51.884262,2,0,BAGGAGE,SOUTH HORIZON,LANG_02,One-Way,google,MetaSearches,MetaSearches,Logged-Out,AREA_C,AREA_B,AREA_C_TO_AREA_B,CE,BU,15_30,mid,unknown_or_oneway,Y,T,0,0.5978245,31.01768370984328
0.0,44.900402199999995,,1,1,0,0,0,0,0,0,0,2,1,4.75,18.0,51.7352136,1,0,BAGGAGE,UPPER HORIZON,LANG_02,One-Way,google,Direct,MetaSearches,Logged-Out,AREA_C,AREA_B,AREA_C_TO_AREA_B,CI,BE,invalid_or_past,mid,unknown_or_oneway,Y,Q,0,0.5988357,30.98089319799099
3.0,243.1818872,28.479166666666668,2,2,0,0,0,0,0,1,0,3,1,699.8333333333334,15.0,40.1419892,2,0,BAGGAGE,WEST VERTEX,LANG_02,Round-Trip,microsoft,Organic Search,Organic Search,Logged-In,AREA_B,AREA_B,AREA_B_TO_AREA_B,BE,BU,0_3,very_high,15_30,Y,V,1,0.77134,30.96312245332417
10.0,221.5099072,21.05902777777778,2,2,0,0,0,0,0,0,0,4,1,506.3333333333333,15.0,45.3107136,3,0,BAGGAGE,UPPER APEX,LANG_09,Round-Trip,microsoft,Direct,Paid Search,Logged-Out,AREA_C,AREA_B,AREA_C_TO_AREA_B,CU,BO,8_14,very_high,15_30,Y,L,0,0.68321157,30.956803550724793
4.0,256.7945461,,2,2,0,0,0,0,0,0,0,2,1,5.333333333333333,14.0,41.6410392,1,0,BAGGAGE,NEW MERIDIAN,LANG_02,One-Way,google,Referrals,Paid Search,Logged-Out,AREA_C,AREA_B,AREA_C_TO_AREA_B,CE,BU,4_7,very_high,unknown_or_oneway,Y,H,0,0.7428798,30.934287203695536
0.0,124.0245442,,1,1,0,0,0,0,0,0,0,2,1,28.583333333333332,23.0,49.314462,1,0,BAGGAGE,NORTH MERIDIAN,LANG_02,One-Way,apple,MetaSearches,MetaSearches,Logged-Out,AREA_B,AREA_B,AREA_B_TO_AREA_B,BI,BO,invalid_or_past,very_high,unknown_or_oneway,Y,V,0,0.6268764,30.91407308812988
126.0,252.7346904,14.67013888888889,3,2,0,1,0,1,0,0,0,2,1,356.1666666666667,12.0,35.398995,1,1,BAGGAGE,UPPER APEX,LANG_09,Round-Trip,apple,Direct,Direct,Logged-Out,AREA_C,AREA_C,AREA_C_TO_AREA_C,CA,CE,120_plus,very_high,15_30,Y,U,0,0.8732566,30.912406857664884
54.0,198.99074979999995,10.256944444444445,2,2,0,0,0,0,0,0,0,4,1,247.41666666666666,14.0,43.9195952,2,0,BAGGAGE,CENTRAL MERIDIAN,LANG_02,Round-Trip,google,Direct,MetaSearches,Logged-Out,AREA_B,AREA_B,AREA_B_TO_AREA_B,BI,BO,31_60,very_high,9_14,Y,L,0,0.7037639,30.909025700440694
135.0,170.5045168,12.034722222222221,2,2,0,0,0,0,0,0,0,2,1,303.4166666666667,22.0,42.1858368,2,1,BAGGAGE,UPPER APEX,LANG_09,Round-Trip,google,Paid Search,Paid Search,Logged-Out,AREA_C,AREA_B,AREA_C_TO_AREA_B,CA,BU,120_plus,very_high,9_14,Y,O,0,0.7326269,30.906479470550536
97.0,174.7018568,8.229166666666666,2,2,0,0,0,0,0,1,0,2,1,212.16666666666666,15.0,42.1858368,2,1,BAGGAGE,UPPER APEX,LANG_09,Round-Trip,microsoft,Paid Search,Organic Search,Logged-In,AREA_C,AREA_B,AREA_C_TO_AREA_B,CA,BU,61_120,very_high,9_14,Y,O,0,0.7326269,30.906479470550536
4.0,91.2296132,,2,2,0,0,0,0,0,1,0,2,1,4.25,14.0,43.8030976,3,0,BAGGAGE,LOWER ZENITH,LANG_02,One-Way,microsoft,Paid Search,Paid Search,Logged-In,AREA_C,AREA_B,AREA_C_TO_AREA_B,CE,BI,4_7,high,unknown_or_oneway,Y,T,0,0.70557666,30.906443225558473
136.0,175.9649135,,2,1,0,1,0,1,0,0,0,3,1,406.0,15.0,43.1178176,2,0,BAGGAGE,NORTH MERIDIAN,LANG_02,Multi-City,google,Email,Email,Logged-Out,AREA_B,AREA_B,AREA_B_TO_AREA_B,BI,BE,120_plus,very_high,unknown_or_oneway,Y,U,1,0.71633023,30.88659620868416
114.0,147.4846767,14.600694444444445,2,2,0,0,0,0,0,0,0,4,1,353.6666666666667,7.0,42.9439278,1,0,BAGGAGE,NORTH MERIDIAN,LANG_02,Round-Trip,google,Paid Search,Paid Search,Logged-Out,AREA_B,AREA_C,AREA_B_TO_AREA_C,BI,CU,61_120,very_high,15_30,Y,O,0,0.7192177,30.88603373913728
66.0,265.8483798,17.229166666666668,2,2,0,0,0,0,0,0,0,2,1,434.0833333333333,18.0,45.3107136,2,1,BAGGAGE,UPPER APEX,LANG_09,Round-Trip,apple,Direct,Direct,Logged-Out,AREA_C,AREA_D,AREA_C_TO_AREA_D,CA,DA,61_120,very_high,15_30,Y,O,0,0.6816379,30.88549890396652
216.0,283.50376239999997,17.447916666666668,2,2,0,0,0,0,0,1,0,2,1,439.3333333333333,14.0,45.2918684,2,1,BAGGAGE,UPPER APEX,LANG_09,Round-Trip,apple,Direct,Direct,Logged-In,AREA_C,AREA_D,AREA_C_TO_AREA_D,CA,DA,120_plus,very_high,15_30,Y,L,0,0.6816379,30.8726533017303
157.0,174.3592168,34.423611111111114,2,2,0,0,0,0,0,1,0,2,1,840.8333333333334,20.0,42.1858368,2,1,BAGGAGE,UPPER APEX,LANG_09,Round-Trip,google,Direct,Paid Search,Logged-In,AREA_C,AREA_B,AREA_C_TO_AREA_B,CA,BU,120_plus,very_high,30_plus,Y,O,0,0.7316743,30.866293181970974
232.0,33.022786599999996,,2,2,0,0,0,0,0,0,0,3,1,218.16666666666666,22.0,49.1311496,2,1,BAGGAGE,LOWER VERTEX,LANG_02,Multi-City,microsoft,Paid Search,Paid Search,Logged-Out,AREA_B,AREA_C,AREA_B_TO_AREA_C,BI,CA,120_plus,low,unknown_or_oneway,Y,O,0,0.62818736,30.863567081365346
2.0,133.3614842,,2,2,0,0,0,0,0,0,0,2,1,6.916666666666667,16.0,41.0409909,2,0,BAGGAGE,CENTRAL VERTEX,LANG_02,One-Way,apple,Paid Search,Paid Search,Logged-Out,AREA_B,AREA_B,AREA_B_TO_AREA_B,BI,BU,0_3,very_high,unknown_or_oneway,Y,T,1,0.7519722,30.861684155130384
15.0,177.9744971,70.22222222222223,1,1,0,0,0,0,0,1,0,3,1,1700.0,13.0,78.6975552,1,0,BAGGAGE,LOWER VERTEX,LANG_02,Round-Trip,google,Direct,Direct,Logged-In,AREA_C,AREA_B,AREA_C_TO_AREA_B,CU,BU,15_30,very_high,30_plus,Y,Y,0,0.39204636,30.853090227174565
56.0,43.6403436,,4,3,0,1,0,1,0,0,0,1,0,1.0833333333333333,17.0,37.621872,1,1,BAGGAGE,UPPER APEX,LANG_09,One-Way,apple,Paid Search,Paid Search,Logged-Out,AREA_C,AREA_C,AREA_C_TO_AREA_C,CE,CA,31_60,mid,unknown_or_oneway,Y,U,0,0.82007647,30.852811819267277
164.0,275.2268649,18.524305555555557,3,3,0,0,0,0,0,0,0,2,1,464.1666666666667,19.0,37.2621,1,1,BAGGAGE,UPPER APEX,LANG_09,Round-Trip,google,Direct,Direct,Logged-Out,AREA_C,AREA_D,AREA_C_TO_AREA_D,CA,DA,120_plus,very_high,15_30,Y,O,0,0.8275316,30.835564343905446
297.0,219.049752,18.07986111111111,2,2,0,0,0,0,0,0,0,4,1,434.9166666666667,20.0,44.907255,2,0,BAGGAGE,UPPER APEX,LANG_09,Round-Trip,google,Direct,Direct,Logged-Out,AREA_C,AREA_D,AREA_C_TO_AREA_D,CE,DA,120_plus,very_high,15_30,Y,U,0,0.68650943,30.829254051258264
113.0,254.6153557,53.25347222222222,3,1,0,1,1,1,0,0,0,4,1,1280.1666666666667,20.0,39.022413,3,0,BAGGAGE,CENTRAL APEX,LANG_02,Round-Trip,google,Direct,Organic Search,Logged-Out,AREA_C,AREA_B,AREA_C_TO_AREA_B,CU,BO,61_120,very_high,30_plus,Y,V,0,0.7899117,30.824260098239602
72.0,171.7894168,11.215277777777779,2,1,0,1,0,1,0,0,0,2,1,285.4166666666667,18.0,43.7482752,2,1,BAGGAGE,UPPER APEX,LANG_09,Round-Trip,google,Paid Search,Paid Search,Logged-Out,AREA_C,AREA_B,AREA_C_TO_AREA_B,CA,BO,61_120,very_high,9_14,Y,L,0,0.703635,30.782816629046632
18.0,134.37484199999997,155.02083333333334,1,1,0,0,0,0,0,0,0,2,1,3736.8333333333335,21.0,78.6975552,2,0,BAGGAGE,LOWER VERTEX,LANG_02,Round-Trip,google,Direct,Direct,Logged-Out,AREA_B,AREA_B,AREA_B_TO_AREA_B,BE,BU,15_30,very_high,30_plus,Y,L,0,0.3911058,30.77907035277729
99.0,123.0051902,6.857638888888889,3,3,0,0,0,0,0,1,1,2,1,167.08333333333334,22.0,40.6885,3,1,BAGGAGE,NORTH HORIZON,LANG_04,Round-Trip,apple,Organic Search,Email,Logged-In,AREA_C,AREA_C,AREA_C_TO_AREA_C,CE,CA,61_120,very_high,6_8,Y,S,0,0.75629807,30.772633825302123
12.0,79.6822169,,2,1,0,1,0,1,0,1,1,2,1,10.5,21.0,40.7510318,2,0,BAGGAGE,OLD HORIZON,LANG_02,One-Way,google,Paid Search,Paid Search,Logged-In,AREA_C,AREA_C,AREA_C_TO_AREA_C,CE,CA,8_14,high,unknown_or_oneway,Y,W,1,0.75499284,30.76673734059098
149.0,192.01288620000005,15.319444444444445,2,2,0,0,0,0,0,0,0,2,1,383.8333333333333,22.0,48.7850832,3,1,BAGGAGE,UPPER APEX,LANG_09,Round-Trip,google,Organic Search,Organic Search,Logged-Out,AREA_C,AREA_B,AREA_C_TO_AREA_B,CA,BO,120_plus,very_high,15_30,Y,O,0,0.63018566,30.743660035056784
120.0,142.7575296,17.770833333333332,2,1,0,1,0,1,0,0,0,2,1,430.0,8.0,44.0909152,2,1,BAGGAGE,LOWER VERTEX,LANG_02,Round-Trip,google,Paid Search,Paid Search,Logged-Out,AREA_B,AREA_C,AREA_B_TO_AREA_C,BU,CA,61_120,very_high,15_30,Y,O,0,0.69684327,30.72445737037468
71.0,248.0910618,17.229166666666668,2,1,1,0,0,0,1,0,0,2,1,428.1666666666667,19.0,45.3107136,2,1,BAGGAGE,UPPER APEX,LANG_09,Round-Trip,opera,Paid Search,Paid Search,Logged-Out,AREA_C,AREA_B,AREA_C_TO_AREA_B,CA,BU,61_120,very_high,15_30,Y,U,0,0.6779075,30.71647378021202
142.0,258.24862459999997,40.65625,2,2,0,0,0,0,0,1,0,4,1,979.0,12.0,43.2531604,1,0,BAGGAGE,NORTH MERIDIAN,LANG_02,Round-Trip,google,Direct,Direct,Logged-In,AREA_B,AREA_B,AREA_B_TO_AREA_B,BI,BE,120_plus,very_high,30_plus,Y,O,0,0.7096803,30.695916663180828
210.0,197.9992353,20.78125,2,2,0,0,0,0,0,0,0,2,1,502.0,14.0,44.0789228,2,0,BAGGAGE,LOWER VERTEX,LANG_02,Round-Trip,microsoft,Direct,Paid Search,Logged-Out,AREA_B,AREA_B,AREA_B_TO_AREA_B,BU,BE,120_plus,very_high,15_30,Y,U,0,0.696376,30.69550507557528
167.0,187.10756630000003,62.78472222222222,2,2,0,0,0,0,0,0,0,4,1,1510.0,15.0,44.1217528,2,0,BAGGAGE,LOWER VERTEX,LANG_02,Round-Trip,apple,Paid Search,Paid Search,Logged-Out,AREA_B,AREA_C,AREA_B_TO_AREA_C,BU,CU,120_plus,very_high,30_plus,Y,O,0,0.6952444,30.675400312166932
67.0,214.766752,13.715277777777779,2,2,0,0,0,0,0,0,0,4,1,330.0,20.0,48.2745496,3,0,BAGGAGE,UPPER APEX,LANG_09,Round-Trip,opera,Paid Search,Paid Search,Logged-Out,AREA_D,AREA_B,AREA_D_TO_AREA_B,DA,BO,61_120,very_high,9_14,Y,O,0,0.6354235,30.674782372957182
217.0,139.8515141,28.78125,2,1,0,1,0,1,0,1,0,2,1,694.0,19.0,44.0789228,2,0,BAGGAGE,LOWER VERTEX,LANG_02,Round-Trip,apple,Direct,Direct,Logged-In,AREA_B,AREA_B,AREA_B_TO_AREA_B,BU,BE,120_plus,very_high,15_30,Y,O,0,0.6958283,30.671362737441875
65.0,161.7868986,13.260416666666666,2,2,0,0,0,0,0,0,0,2,1,333.3333333333333,8.0,41.63076,2,0,BAGGAGE,UPPER APEX,LANG_09,Round-Trip,microsoft,Paid Search,Paid Search,Logged-Out,AREA_B,AREA_B,AREA_B_TO_AREA_B,BE,BU,61_120,very_high,9_14,Y,O,0,0.7366823,30.66864385266781
166.0,231.1894872,15.333333333333334,2,1,1,0,0,0,1,0,0,2,1,382.4166666666667,21.0,45.3107136,2,1,BAGGAGE,UPPER APEX,LANG_09,Round-Trip,google,Direct,Affiliate,Logged-Out,AREA_C,AREA_B,AREA_C_TO_AREA_B,CA,BU,120_plus,very_high,15_30,Y,U,0,0.67684597,30.66837379692421
83.0,687.991139,8.4375,5,3,0,2,0,1,0,1,0,2,1,206.25,19.0,37.00512,4,1,BAGGAGE,UPPER APEX,LANG_09,Round-Trip,mozilla,Direct,Referrals,Logged-In,AREA_C,AREA_C,AREA_C_TO_AREA_C,CA,CE,61_120,very_high,9_14,Y,K,0,0.8287363,30.667486423645016
70.0,114.9197428,,2,1,1,0,0,0,1,0,0,4,1,190.08333333333334,16.0,46.2923772,2,0,BAGGAGE,LOWER VERTEX,LANG_02,Multi-City,google,Paid Search,Affiliate,Logged-Out,AREA_B,AREA_B,AREA_B_TO_AREA_B,BU,BE,61_120,very_high,unknown_or_oneway,Y,O,0,0.6621882,30.65426465136008
188.0,467.690751,17.78472222222222,4,2,1,1,0,1,1,0,0,2,1,430.0,11.0,35.4067044,2,1,BAGGAGE,LOWER VERTEX,LANG_02,Round-Trip,apple,Direct,Direct,Logged-Out,AREA_B,AREA_C,AREA_B_TO_AREA_C,BU,CA,120_plus,very_high,15_30,Y,U,1,0.8656572,30.65006895859237
237.0,279.662768,28.96527777777778,3,1,0,2,0,1,0,0,0,2,1,698.6666666666666,9.0,35.386146,1,1,BAGGAGE,LOWER VERTEX,LANG_02,Round-Trip,google,Direct,Organic Search,Logged-Out,AREA_B,AREA_C,AREA_B_TO_AREA_C,BU,CA,120_plus,very_high,15_30,Y,W,1,0.8660466,30.646051695599912
68.0,218.9264016,8.256944444444445,2,2,0,0,0,0,0,0,0,4,1,199.5,22.0,48.3173796,3,0,BAGGAGE,CENTRAL AURORA,LANG_01,Round-Trip,microsoft,Paid Search,Paid Search,Logged-Out,AREA_B,AREA_B,AREA_B_TO_AREA_B,BO,BO,61_120,very_high,9_14,Y,S,0,0.6342575,30.64566016954601
207.0,126.4431543,96.00347222222223,2,2,0,0,0,0,0,0,0,4,1,2307.75,11.0,42.6047142,1,0,BAGGAGE,LOWER VERTEX,LANG_02,Round-Trip,google,Organic Search,Organic Search,Logged-Out,AREA_D,AREA_C,AREA_D_TO_AREA_C,DA,CE,120_plus,very_high,30_plus,Y,U,1,0.7192177,30.64206530795027
151.0,241.805331,7.302083333333333,2,2,0,0,0,0,0,1,1,2,1,191.5,20.0,45.3107136,2,1,BAGGAGE,UPPER APEX,LANG_02,Round-Trip,apple,Direct,Direct,Logged-In,AREA_C,AREA_B,AREA_C_TO_AREA_B,CA,BO,120_plus,very_high,6_8,Y,U,0,0.6761165,30.63532227556114
112.0,160.6561866,19.239583333333332,2,2,0,0,0,0,0,0,0,4,1,463.8333333333333,9.0,48.6651592,3,0,BAGGAGE,LOWER VERTEX,LANG_02,Round-Trip,google,Direct,Referrals,Logged-Out,AREA_C,AREA_B,AREA_C_TO_AREA_B,CE,BU,61_120,very_high,15_30,Y,W,0,0.62949425,30.634437883009383
125.0,149.6381691,15.371527777777779,2,2,0,0,0,0,0,0,0,4,1,370.1666666666667,20.0,41.8830287,2,0,BAGGAGE,CENTRAL MERIDIAN,LANG_02,Round-Trip,google,MetaSearches,MetaSearches,Logged-Out,AREA_B,AREA_B,AREA_B_TO_AREA_B,BI,BU,120_plus,very_high,15_30,Y,L,0,0.7313911,30.632873270944486
53.0,185.5661146,15.253472222222221,2,2,0,0,0,0,0,1,0,2,1,381.25,23.0,43.7482752,2,1,BAGGAGE,UPPER APEX,LANG_09,Round-Trip,google,Direct,MetaSearches,Logged-In,AREA_C,AREA_B,AREA_C_TO_AREA_B,CA,BO,31_60,very_high,15_30,Y,L,1,0.70009995,30.62816506435547
0.0,363.1388663,13.121527777777779,3,3,0,0,0,0,0,0,0,2,1,329.4166666666667,19.0,35.46324,2,1,BAGGAGE,UPPER APEX,LANG_09,Round-Trip,google,Paid Search,MetaSearches,Logged-Out,AREA_C,AREA_B,AREA_C_TO_AREA_B,CA,BU,invalid_or_past,very_high,9_14,Y,V,0,0.86209035,30.572516955270768
99.0,266.1764576,31.319444444444443,2,2,0,0,0,0,0,0,1,2,1,767.8333333333334,19.0,48.56922,3,1,BAGGAGE,UPPER APEX,LANG_02,Round-Trip,google,Organic Search,Paid Search,Logged-Out,AREA_C,AREA_B,AREA_C_TO_AREA_B,CA,BO,61_120,very_high,30_plus,Y,V,0,0.6290947,30.554639851019385
103.0,239.91652800000003,49.229166666666664,2,2,0,0,0,0,0,1,0,2,1,1202.0833333333333,8.0,48.56922,3,1,BAGGAGE,LOWER VERTEX,LANG_02,Round-Trip,google,Paid Search,Organic Social,Logged-In,AREA_C,AREA_D,AREA_C_TO_AREA_D,CA,DA,61_120,very_high,30_plus,Y,O,0,0.6290127,30.55065639829874
129.0,156.3706168,11.229166666666666,2,2,0,0,0,0,0,1,0,2,1,284.1666666666667,9.0,42.1858368,2,1,BAGGAGE,UPPER APEX,LANG_09,Round-Trip,apple,Direct,Direct,Logged-In,AREA_C,AREA_B,AREA_C_TO_AREA_B,CA,BU,120_plus,very_high,9_14,Y,O,0,0.7238595,30.536618267570113
52.0,161.86056620000002,54.020833333333336,2,2,0,0,0,0,0,0,0,2,1,1312.8333333333333,13.0,41.63076,2,0,BAGGAGE,UPPER APEX,LANG_09,Round-Trip,google,Paid Search,Paid Search,Logged-Out,AREA_B,AREA_B,AREA_B_TO_AREA_B,BE,BU,31_60,very_high,30_plus,Y,O,0,0.7332239,30.524668835792543
35.0,48.500692,,4,3,0,1,0,1,0,1,0,2,1,-80.83333333333333,12.0,37.758928,2,1,BAGGAGE,UPPER APEX,LANG_02,Round-Trip,microsoft,Direct,Direct,Logged-In,AREA_C,AREA_C,AREA_C_TO_AREA_C,CA,CA,31_60,mid,unknown_or_oneway,Y,L,0,0.80785555,30.503759413729664
43.0,453.4343572,10.78125,2,1,0,1,0,1,0,0,0,2,1,262.0833333333333,9.0,44.71452,2,1,BAGGAGE,LOWER VERTEX,LANG_02,Round-Trip,google,Paid Search,Paid Search,Logged-Out,AREA_B,AREA_C,AREA_B_TO_AREA_C,BU,CA,31_60,very_high,9_14,Y,U,0,0.6821627,30.502577785570622
1.0,149.1229242,,1,1,0,0,0,0,0,0,0,2,1,28.583333333333332,17.0,49.314462,1,0,BAGGAGE,NORTH MERIDIAN,LANG_02,One-Way,microsoft,Paid Search,Paid Search,Logged-Out,AREA_B,AREA_B,AREA_B_TO_AREA_B,BI,BO,0_3,very_high,unknown_or_oneway,Y,T,0,0.6183306,30.492640772467375
341.0,224.6467764,5.222222222222222,2,2,0,0,0,0,0,1,0,2,1,145.91666666666666,19.0,48.56922,1,1,BAGGAGE,UPPER APEX,LANG_09,Round-Trip,opera,Direct,Affiliate,Logged-In,AREA_C,AREA_D,AREA_C_TO_AREA_D,CA,DA,120_plus,very_high,6_8,Y,U,0,0.6275604,30.48011801967144
169.0,246.6699624,17.96527777777778,2,2,0,0,0,0,0,0,0,2,1,434.6666666666667,21.0,44.0789228,2,1,BAGGAGE,LOWER VERTEX,LANG_02,Round-Trip,google,Direct,MetaSearches,Logged-Out,AREA_B,AREA_C,AREA_B_TO_AREA_C,BU,CA,120_plus,very_high,15_30,Y,U,0,0.6914866,30.47998432909346
22.0,348.23402630000004,13.53125,2,2,0,0,0,0,0,0,0,4,1,326.8333333333333,19.0,39.4036,1,0,BAGGAGE,NORTH ZENITH,LANG_02,Round-Trip,mozilla,Paid Search,Organic Search,Logged-Out,AREA_C,AREA_B,AREA_C_TO_AREA_B,CE,BU,15_30,very_high,9_14,Y,K,0,0.77326703,30.469504771518704
45.0,150.898656,,2,2,0,0,0,0,0,0,0,2,1,22.833333333333332,16.0,45.0481657,1,0,BAGGAGE,NEW APEX,LANG_02,One-Way,mozilla,MetaSearches,MetaSearches,Logged-Out,AREA_C,AREA_C,AREA_C_TO_AREA_C,CU,CA,31_60,very_high,unknown_or_oneway,Y,S,0,0.6761862,30.460948159891093
27.0,101.3649044,5.777777777777778,2,2,0,0,0,0,0,1,0,2,1,142.41666666666666,15.0,47.4676324,1,1,BAGGAGE,LOWER VERTEX,LANG_02,Round-Trip,apple,Direct,Direct,Logged-In,AREA_B,AREA_C,AREA_B_TO_AREA_C,BU,CA,15_30,high,6_8,Y,O,1,0.64168966,30.459488808656836
23.0,36.5348466,,1,1,0,0,0,0,0,1,0,2,1,15.0,22.0,56.1064434,1,0,BAGGAGE,OLD ZENITH,LANG_02,One-Way,google,Paid Search,Paid Search,Logged-In,AREA_B,AREA_C,AREA_B_TO_AREA_C,BU,CE,15_30,mid,unknown_or_oneway,Y,V,0,0.5426839,30.448063485924305
46.0,600.7489988,23.319444444444443,4,2,0,2,0,1,0,0,0,2,1,575.8333333333334,23.0,36.5309919,3,1,BAGGAGE,UPPER APEX,LANG_09,Round-Trip,apple,Direct,Organic Search,Logged-Out,AREA_C,AREA_B,AREA_C_TO_AREA_B,CA,BO,31_60,very_high,15_30,Y,K,0,0.8332747,30.44035212348443
71.0,138.4899484,16.635416666666668,2,2,0,0,0,0,0,0,0,2,1,402.75,13.0,42.5276202,1,1,BAGGAGE,LOWER VERTEX,LANG_02,Round-Trip,apple,MetaSearches,MetaSearches,Logged-Out,AREA_B,AREA_C,AREA_B_TO_AREA_C,BU,CA,61_120,very_high,15_30,Y,U,1,0.7153681,30.422902522330105
5.0,49.248075500000006,,1,1,0,0,0,0,0,0,0,2,1,6.833333333333333,18.0,48.7246929,1,0,BAGGAGE,LOWER ZENITH,LANG_02,One-Way,google,MetaSearches,MetaSearches,Logged-Out,AREA_B,AREA_C,AREA_B_TO_AREA_C,BI,CE,4_7,mid,unknown_or_oneway,Y,T,0,0.62369716,30.389452665191637
90.0,103.1513437,7.784722222222222,2,2,0,0,0,0,0,0,0,4,1,190.0,20.0,44.4592532,2,0,BAGGAGE,LOWER VERTEX,LANG_02,Round-Trip,apple,Direct,Direct,Logged-Out,AREA_B,AREA_C,AREA_B_TO_AREA_C,BU,CU,61_120,very_high,6_8,Y,O,0,0.6832217,30.37552645454917
111.0,296.2653892,22.993055555555557,2,2,0,0,0,0,0,0,0,2,1,572.4166666666666,20.0,43.7542714,2,1,BAGGAGE,UPPER APEX,LANG_09,Round-Trip,google,Paid Search,Paid Search,Logged-Out,AREA_C,AREA_D,AREA_C_TO_AREA_D,CA,DA,61_120,very_high,15_30,Y,O,0,0.69369376,30.352064914765954
259.0,217.6175168,24.993055555555557,2,2,0,0,0,0,0,0,0,2,1,620.4166666666666,21.0,43.7482752,2,1,BAGGAGE,UPPER APEX,LANG_09,Round-Trip,google,Organic Search,Affiliate,Logged-Out,AREA_C,AREA_D,AREA_C_TO_AREA_D,CA,DA,120_plus,very_high,15_30,Y,O,0,0.69369376,30.34790538825989
73.0,232.6936768,11.322916666666666,2,2,0,0,0,0,0,1,0,2,1,288.0,20.0,43.7482752,2,1,BAGGAGE,UPPER APEX,LANG_09,Round-Trip,google,Display,Display,Logged-In,AREA_C,AREA_B,AREA_C_TO_AREA_B,CA,BO,61_120,very_high,9_14,Y,L,0,0.69369376,30.34790538825989
252.0,326.24124960000006,15.78125,2,2,0,0,0,0,0,0,0,2,1,382.0,19.0,43.5722439,2,0,BAGGAGE,LOWER VERTEX,LANG_02,Round-Trip,apple,Direct,Organic Search,Logged-Out,AREA_B,AREA_B,AREA_B_TO_AREA_B,BU,BE,120_plus,very_high,15_30,Y,U,0,0.696376,30.342666036899022
39.0,36.2821496,,1,1,0,0,0,0,0,0,0,2,1,18.583333333333332,19.0,61.9925703,3,0,BAGGAGE,UPPER APEX,LANG_02,One-Way,google,MetaSearches,MetaSearches,Logged-Out,AREA_B,AREA_C,AREA_B_TO_AREA_C,BE,CA,31_60,mid,unknown_or_oneway,Y,S,0,0.48921347,30.327600222652674
6.0,205.2405034,,4,4,0,0,0,0,0,0,0,2,1,8.75,19.0,36.2765817,3,0,BAGGAGE,NEW MERIDIAN,LANG_10,One-Way,google,Paid Search,Paid Search,Logged-Out,AREA_C,AREA_C,AREA_C_TO_AREA_C,CI,CU,4_7,very_high,unknown_or_oneway,Y,Q,1,0.8359523,30.32549125352969
171.0,204.5098236,14.229166666666666,2,1,1,0,0,0,1,0,0,2,1,356.1666666666667,10.0,45.3107136,2,1,BAGGAGE,LOWER VERTEX,LANG_02,Round-Trip,microsoft,Paid Search,Paid Search,Logged-Out,AREA_C,AREA_B,AREA_C_TO_AREA_B,CA,BU,120_plus,very_high,15_30,Y,O,0,0.6692509,30.324236106274796
41.0,486.4601419,5.875,3,2,0,1,0,1,0,1,0,2,1,146.0,14.0,49.031784,2,1,BAGGAGE,UPPER APEX,LANG_09,Round-Trip,apple,Direct,Organic Search,Logged-In,AREA_C,AREA_C,AREA_C_TO_AREA_C,CA,CA,31_60,very_high,6_8,P,R,0,0.6182293,30.312886950726988
209.0,129.1007558,49.78472222222222,2,2,0,0,0,0,0,0,0,2,1,1198.0,20.0,43.849354,2,1,BAGGAGE,LOWER VERTEX,LANG_02,Round-Trip,apple,MetaSearches,MetaSearches,Logged-Out,AREA_B,AREA_C,AREA_B_TO_AREA_C,BU,CA,120_plus,very_high,30_plus,Y,O,0,0.69106686,30.30283543235135
259.0,174.7875168,12.993055555555555,2,2,0,0,0,0,0,1,0,2,1,332.4166666666667,17.0,43.7482752,2,1,BAGGAGE,UPPER APEX,LANG_09,Round-Trip,google,Direct,Affiliate,Logged-In,AREA_C,AREA_D,AREA_C_TO_AREA_D,CA,DA,120_plus,very_high,9_14,Y,O,0,0.6926606,30.302707850477603
234.0,174.7875168,16.22222222222222,2,2,0,0,0,0,0,0,0,2,1,409.9166666666667,21.0,43.7482752,2,1,BAGGAGE,UPPER APEX,LANG_09,Round-Trip,google,Direct,Email,Logged-Out,AREA_C,AREA_D,AREA_C_TO_AREA_D,CA,DA,120_plus,very_high,15_30,Y,O,0,0.6926606,30.302707850477603
77.0,230.6678178,5.875,2,2,0,0,0,0,0,0,0,2,1,146.0,21.0,48.2968212,1,1,BAGGAGE,UPPER APEX,LANG_09,Round-Trip,google,Paid Search,Organic Search,Logged-Out,AREA_C,AREA_C,AREA_C_TO_AREA_C,CA,CA,61_120,very_high,6_8,Y,L,0,0.6269573,30.280044488947247
68.0,203.3799682,7.229166666666667,2,2,0,0,0,0,0,1,1,2,1,188.16666666666666,16.0,42.1858368,2,1,BAGGAGE,UPPER APEX,LANG_09,Round-Trip,apple,Direct,Direct,Logged-In,AREA_C,AREA_B,AREA_C_TO_AREA_B,CA,BU,61_120,very_high,6_8,Y,W,0,0.7174705,30.26709454797592
233.0,274.480338,14.409722222222221,2,1,1,0,0,0,1,1,0,2,1,361.9166666666667,20.0,44.71452,2,1,BAGGAGE,UPPER APEX,LANG_09,Round-Trip,apple,Direct,Referrals,Logged-In,AREA_C,AREA_B,AREA_C_TO_AREA_B,CA,BU,120_plus,very_high,15_30,Y,L,0,0.67684597,30.264842562754154
166.0,384.7710144,21.854166666666668,2,1,0,1,0,1,0,0,0,2,1,527.6666666666666,10.0,44.0703568,2,1,BAGGAGE,LOWER VERTEX,LANG_02,Round-Trip,mozilla,Organic Search,Organic Search,Logged-Out,AREA_B,AREA_C,AREA_B_TO_AREA_C,BU,CA,120_plus,very_high,15_30,Y,W,0,0.6859995,30.23224328809986
64.0,202.9131212,4.170138888888889,4,4,0,0,0,0,0,0,0,2,1,103.08333333333333,8.0,40.6233984,4,1,BAGGAGE,UPPER APEX,LANG_09,Round-Trip,google,Paid Search,Paid Search,Logged-Out,AREA_C,AREA_B,AREA_C_TO_AREA_B,CA,BU,61_120,very_high,3_5,Y,V,0,0.7440667,30.22651860939331
89.0,197.53452980000003,13.809027777777779,2,2,0,0,0,0,0,0,0,2,1,334.0,10.0,43.72943,2,1,BAGGAGE,LOWER VERTEX,LANG_02,Round-Trip,google,MetaSearches,MetaSearches,Logged-Out,AREA_B,AREA_C,AREA_B_TO_AREA_C,BU,CA,61_120,very_high,9_14,Y,U,0,0.6912072,30.22609557728529
150.0,249.9764384,19.229166666666668,4,2,0,2,0,1,0,0,0,2,1,475.9166666666667,20.0,33.9830352,2,1,BAGGAGE,UPPER APEX,LANG_09,Round-Trip,google,Direct,Paid Search,Logged-Out,AREA_C,AREA_B,AREA_C_TO_AREA_B,CA,BU,120_plus,very_high,15_30,Y,O,0,0.889273,30.220195248262886
57.0,140.6211692,,2,2,0,0,0,0,0,0,1,2,1,-170.0,3.0,45.3107136,2,1,BAGGAGE,UPPER APEX,LANG_09,Round-Trip,google,Direct,Direct,Logged-Out,AREA_C,AREA_B,AREA_C_TO_AREA_B,CA,BU,31_60,very_high,unknown_or_oneway,Y,O,0,0.66677177,30.21190468544998
197.0,1168.706493,9.458333333333334,2,2,0,0,0,0,0,0,0,2,1,247.25,13.0,67.07178,2,1,BAGGAGE,UPPER APEX,LANG_09,Round-Trip,google,Email,Paid Search,Logged-Out,AREA_C,AREA_B,AREA_C_TO_AREA_B,CA,BU,120_plus,very_high,9_14,C,F,0,0.45004165,30.185094655387402
1.0,175.4813628,,1,1,0,0,0,0,0,0,0,2,1,28.583333333333332,23.0,49.314462,1,0,BAGGAGE,NORTH MERIDIAN,LANG_02,One-Way,google,Paid MetaSearches,Organic Search,Logged-Out,AREA_B,AREA_B,AREA_B_TO_AREA_B,BI,BO,0_3,very_high,unknown_or_oneway,Y,Q,0,0.6117874,30.169965443320155
126.0,246.0677726,21.67013888888889,3,2,0,1,0,1,0,1,0,2,1,524.1666666666666,18.0,35.398995,2,1,BAGGAGE,UPPER APEX,LANG_02,Round-Trip,google,Paid Search,Paid Search,Logged-In,AREA_C,AREA_C,AREA_C_TO_AREA_C,CA,CE,120_plus,very_high,15_30,Y,U,0,0.8514142,30.139207137715815
196.0,816.2798379999999,17.92361111111111,6,4,0,2,0,1,0,1,0,2,1,450.4166666666667,12.0,33.9830352,2,1,BAGGAGE,UPPER APEX,LANG_09,Round-Trip,google,Paid Search,Paid Search,Logged-In,AREA_C,AREA_B,AREA_C_TO_AREA_B,CA,BU,120_plus,very_high,15_30,Y,W,1,0.8868189,30.136797412275698
15.0,113.37743449999998,,1,1,0,0,0,0,0,0,0,2,1,30.916666666666668,9.0,56.8405496,3,0,BAGGAGE,NORTH MERIDIAN,LANG_02,One-Way,google,Direct,Direct,Logged-Out,AREA_B,AREA_C,AREA_B_TO_AREA_C,BI,CU,15_30,very_high,unknown_or_oneway,Y,T,0,0.5299448,30.1223524101079
166.0,305.4430016,16.78472222222222,2,2,0,0,0,0,0,0,0,2,1,406.0,18.0,44.2228316,2,1,BAGGAGE,LOWER VERTEX,LANG_02,Round-Trip,apple,Paid Search,Paid Search,Logged-Out,AREA_B,AREA_C,AREA_B_TO_AREA_C,BU,CA,120_plus,very_high,15_30,Y,O,0,0.68113565,30.121747343474386
109.0,139.7110317,14.784722222222221,2,2,0,0,0,0,0,0,0,2,1,358.0,11.0,44.2228316,2,1,BAGGAGE,LOWER VERTEX,LANG_02,Round-Trip,google,Organic Search,Paid Search,Logged-Out,AREA_B,AREA_C,AREA_B_TO_AREA_C,BU,CA,61_120,very_high,15_30,Y,U,0,0.68113565,30.121747343474386
68.0,153.9554331,12.319444444444445,2,2,0,0,0,0,0,1,0,2,1,311.8333333333333,21.0,48.7850832,3,1,BAGGAGE,UPPER APEX,LANG_09,Round-Trip,other,Direct,Direct,Logged-In,AREA_C,AREA_B,AREA_C_TO_AREA_B,CA,BO,61_120,very_high,9_14,Y,O,0,0.61701024,30.100895688092997
59.0,202.0488118,27.739583333333332,2,1,0,1,0,1,0,0,0,2,1,668.9166666666666,21.0,44.080636,2,1,BAGGAGE,LOWER VERTEX,LANG_02,Round-Trip,microsoft,Paid Search,Paid Search,Logged-Out,AREA_B,AREA_C,AREA_B_TO_AREA_C,BU,CA,31_60,very_high,15_30,Y,L,0,0.68232775,30.07744106341362
37.0,222.0872556,111.78125,2,2,0,0,0,0,0,1,0,2,1,2686.0833333333335,9.0,44.71452,2,1,BAGGAGE,LOWER VERTEX,LANG_09,Round-Trip,google,Direct,Direct,Logged-In,AREA_B,AREA_C,AREA_B_TO_AREA_C,BU,CA,31_60,very_high,30_plus,Y,U,0,0.6716573,30.032834839868546
107.0,41.862042,6.118055555555555,4,2,0,2,0,1,0,1,1,2,1,150.5,18.0,37.758928,2,1,BAGGAGE,UPPER APEX,LANG_09,Round-Trip,apple,Direct,Organic Search,Logged-In,AREA_C,AREA_C,AREA_C_TO_AREA_C,CA,CA,61_120,mid,6_8,Y,U,0,0.7951995,30.025881173440933
211.0,129.355166,25.770833333333332,2,2,0,0,0,0,0,0,0,2,1,622.0,20.0,44.0789228,2,1,BAGGAGE,LOWER VERTEX,LANG_02,Round-Trip,apple,Email,Email,Logged-Out,AREA_B,AREA_C,AREA_B_TO_AREA_C,BU,CA,120_plus,very_high,15_30,Y,U,0,0.68113565,30.02372592880535
189.0,272.76413990000003,14.770833333333334,2,2,0,0,0,0,0,1,1,2,1,358.0,13.0,44.0686436,2,1,BAGGAGE,LOWER VERTEX,LANG_02,Round-Trip,google,Paid Search,Paid Search,Logged-In,AREA_B,AREA_C,AREA_B_TO_AREA_C,BU,CA,120_plus,very_high,15_30,Y,L,1,0.681212,30.020089196566797
16.0,356.225676,22.322916666666668,3,3,0,0,0,0,0,1,1,2,1,552.0,16.0,36.1416672,2,1,BAGGAGE,UPPER APEX,LANG_02,Round-Trip,apple,Direct,Email,Logged-In,AREA_C,AREA_B,AREA_C_TO_AREA_B,CA,BO,15_30,very_high,15_30,Y,O,0,0.8303905,30.01169756483288
197.0,310.25024080000003,20.979166666666668,3,2,0,1,0,1,0,0,0,2,1,506.6666666666667,20.0,35.4067044,2,1,BAGGAGE,LOWER VERTEX,LANG_02,Round-Trip,google,Paid Search,Paid Search,Logged-Out,AREA_B,AREA_C,AREA_B_TO_AREA_C,BU,CA,120_plus,very_high,15_30,Y,U,0,0.84748936,30.0068051452549
58.0,105.1279482,4.1875,6,6,0,0,0,0,0,1,0,2,1,101.75,20.0,40.08888,2,0,BAGGAGE,UPPER APEX,LANG_09,Round-Trip,microsoft,Paid Search,Paid Search,Logged-In,AREA_B,AREA_B,AREA_B_TO_AREA_B,BE,BI,31_60,very_high,3_5,Y,O,1,0.7483059,29.99874610133171
64.0,129.355166,83.71875,2,2,0,0,0,0,0,1,0,2,1,2012.75,11.0,44.0789228,2,1,BAGGAGE,LOWER VERTEX,LANG_02,Round-Trip,apple,Direct,Paid MetaSearches,Logged-In,AREA_B,AREA_C,AREA_B_TO_AREA_C,BU,CA,61_120,very_high,30_plus,Y,U,0,0.68007976,29.977183158097624
22.0,40.9150707,18.604166666666668,2,2,0,0,0,0,0,0,0,4,1,448.5833333333333,14.0,50.4944285,3,0,BAGGAGE,LOWER ZENITH,LANG_02,Round-Trip,google,Direct,Direct,Logged-Out,AREA_C,AREA_B,AREA_C_TO_AREA_B,CE,BA,15_30,mid,15_30,Y,U,0,0.5936278,29.974897031803547
149.0,231.4516068,13.770833333333334,2,2,0,0,0,0,0,0,0,2,1,334.0,8.0,44.0686436,2,1,BAGGAGE,LOWER VERTEX,LANG_02,Round-Trip,google,Direct,Email,Logged-Out,AREA_B,AREA_C,AREA_B_TO_AREA_C,BU,CA,120_plus,very_high,9_14,Y,L,0,0.68007976,29.970192482247473
71.0,148.10614,12.447916666666666,2,2,0,0,0,0,0,0,0,2,1,302.9166666666667,21.0,47.1198528,4,1,BAGGAGE,UPPER APEX,LANG_09,Round-Trip,apple,MetaSearches,MetaSearches,Logged-Out,AREA_C,AREA_C,AREA_C_TO_AREA_C,CA,CE,61_120,very_high,9_14,Y,W,0,0.63599586,29.96803153399658
6.0,385.0022964,90.6875,3,2,0,1,0,1,0,1,0,4,1,2182.0833333333335,,35.16343,2,0,BAGGAGE,LOWER VERTEX,LANG_02,Round-Trip,apple,Direct,Direct,Logged-In,AREA_C,AREA_D,AREA_C_TO_AREA_D,CU,DA,4_7,very_high,30_plus,Y,V,1,0.85193354,29.956905360245106
48.0,97.9453572,5.097222222222222,3,3,0,0,0,0,0,0,0,2,1,123.91666666666667,19.0,39.06096,1,1,BAGGAGE,UPPER APEX,LANG_09,Round-Trip,google,Direct,Direct,Logged-Out,AREA_C,AREA_B,AREA_C_TO_AREA_B,CA,BI,31_60,high,6_8,Y,W,0,0.7666381,29.94562016432762
108.0,140.5475016,12.590277777777779,2,2,0,0,0,0,0,1,0,2,1,305.3333333333333,15.0,44.4592532,2,1,BAGGAGE,LOWER VERTEX,LANG_02,Round-Trip,samsung,Direct,Direct,Logged-In,AREA_B,AREA_C,AREA_B_TO_AREA_C,BU,CA,61_120,very_high,9_14,Y,U,0,0.67312866,29.926797730897068
121.0,307.03670589999996,34.78472222222222,2,2,0,0,0,0,0,1,0,2,1,838.0,19.0,44.440408,2,1,BAGGAGE,LOWER VERTEX,LANG_02,Round-Trip,samsung,Direct,Direct,Logged-In,AREA_B,AREA_C,AREA_B_TO_AREA_C,BU,CA,120_plus,very_high,30_plus,Y,U,0,0.67312866,29.914112486588955
43.0,209.5620504,5.239583333333333,2,2,0,0,0,0,0,1,0,2,1,140.25,9.0,44.71452,1,1,BAGGAGE,UPPER APEX,LANG_09,Round-Trip,microsoft,Organic Search,Referrals,Logged-In,AREA_C,AREA_B,AREA_C_TO_AREA_B,CA,BU,31_60,very_high,6_8,Y,L,0,0.66890067,29.909572325069906
35.0,75.0925541,4.534722222222222,2,2,0,0,0,0,0,1,0,4,1,110.91666666666667,8.0,50.4944285,4,0,BAGGAGE,LOWER ZENITH,LANG_02,Round-Trip,microsoft,Organic Search,Paid Search,Logged-In,AREA_C,AREA_B,AREA_C_TO_AREA_B,CE,BA,31_60,high,3_5,Y,W,0,0.59210366,29.897935929843992
17.0,244.26548620000003,21.27777777777778,2,2,0,0,0,0,0,1,0,2,1,530.25,19.0,42.1858368,2,1,BAGGAGE,UPPER APEX,LANG_09,Round-Trip,google,Paid Search,Affiliate,Logged-In,AREA_C,AREA_D,AREA_C_TO_AREA_D,CA,DA,15_30,very_high,15_30,Y,W,1,0.7085702,29.89162607284355
23.0,102.2429194,7.78125,2,2,0,0,0,0,0,0,0,2,1,190.0,15.0,41.3001124,2,0,BAGGAGE,LOWER VERTEX,LANG_02,Round-Trip,apple,Direct,Organic Search,Logged-Out,AREA_B,AREA_B,AREA_B_TO_AREA_B,BU,BE,15_30,very_high,6_8,Y,O,0,0.7236727,29.887763355513886
285.0,177.7179454,9.38888888888889,2,2,0,0,0,0,0,0,0,4,1,227.41666666666666,9.0,48.1854632,3,0,BAGGAGE,LOWER ZENITH,LANG_02,Round-Trip,other,Direct,Direct,Logged-Out,AREA_C,AREA_B,AREA_C_TO_AREA_B,CE,BU,120_plus,very_high,9_14,Y,S,0,0.620248,29.886938127899885
186.0,481.4443206,16.979166666666668,2,2,0,0,0,0,0,0,0,3,1,410.6666666666667,14.0,43.849354,2,1,BAGGAGE,LOWER VERTEX,LANG_09,Round-Trip,apple,Internal,Internal,Logged-Out,AREA_B,AREA_C,AREA_B_TO_AREA_C,BU,CA,120_plus,very_high,15_30,Y,U,0,0.68156433,29.886155626190185
94.0,150.9170729,15.319444444444445,2,2,0,0,0,0,0,0,0,4,1,368.9166666666667,11.0,41.8830287,2,0,BAGGAGE,UPPER VERTEX,LANG_02,Round-Trip,apple,Direct,Direct,Logged-Out,AREA_B,AREA_B,AREA_B_TO_AREA_B,BI,BU,61_120,very_high,15_30,Y,L,0,0.7132604,29.87350631542437
85.0,210.98272149999997,13.569444444444445,2,2,0,0,0,0,0,1,0,4,1,329.5833333333333,13.0,48.3242324,3,0,BAGGAGE,GREAT MERIDIAN,LANG_02,Round-Trip,google,Paid Search,Email,Logged-In,AREA_B,AREA_C,AREA_B_TO_AREA_C,BA,CA,61_120,very_high,9_14,Y,S,0,0.6181651,29.87235278350613
72.0,332.0271543,10.565972222222221,2,2,0,0,0,0,0,0,0,4,1,257.5,16.0,48.3242324,3,0,BAGGAGE,GREAT MERIDIAN,LANG_03,Round-Trip,google,Paid Search,Paid Search,Logged-Out,AREA_B,AREA_C,AREA_B_TO_AREA_C,BA,CA,61_120,very_high,9_14,Y,T,0,0.6181651,29.87235278350613
60.0,100.7969786,13.875,1,1,0,0,0,0,0,0,0,4,1,335.1666666666667,10.0,102.02106,2,0,BAGGAGE,UPPER APEX,LANG_09,Round-Trip,microsoft,Paid Search,Paid Search,Logged-Out,AREA_C,AREA_B,AREA_C_TO_AREA_B,CU,BE,31_60,high,9_14,Y,Q,0,0.29271814,29.8634151557225
16.0,276.7982976,10.319444444444445,2,2,0,0,0,0,0,1,0,2,1,263.8333333333333,23.0,42.1858368,2,1,BAGGAGE,UPPER APEX,LANG_09,Round-Trip,google,Direct,Paid Search,Logged-In,AREA_C,AREA_B,AREA_C_TO_AREA_B,CA,BO,15_30,very_high,9_14,Y,U,0,0.70756614,29.849269795085906
201.0,224.83865479999997,8.586805555555555,2,2,0,0,0,0,0,1,0,3,1,209.33333333333334,14.0,43.5349818,2,0,BAGGAGE,LOWER VERTEX,LANG_02,Round-Trip,apple,Direct,Direct,Logged-In,AREA_B,AREA_B,AREA_B_TO_AREA_B,BU,BE,120_plus,very_high,9_14,Y,U,0,0.685426,29.840008295081375
138.0,354.77716539999994,41.770833333333336,2,2,0,0,0,0,0,0,0,2,1,1006.0,21.0,43.8287956,2,1,BAGGAGE,LOWER VERTEX,LANG_02,Round-Trip,microsoft,Paid Search,Paid Search,Logged-Out,AREA_B,AREA_C,AREA_B_TO_AREA_C,BU,CA,120_plus,very_high,30_plus,Y,W,0,0.6804717,29.824255853447173
211.0,255.87841240000003,6.642361111111111,2,2,0,0,0,0,0,0,0,2,1,165.33333333333334,20.0,44.71452,1,0,BAGGAGE,UPPER APEX,LANG_09,Round-Trip,microsoft,Paid Search,Paid Search,Logged-Out,AREA_B,AREA_C,AREA_B_TO_AREA_C,BE,CA,120_plus,very_high,6_8,Y,L,0,0.6669273,29.821333112547396
259.0,174.7875168,17.22222222222222,2,2,0,0,0,0,0,0,0,2,1,433.9166666666667,17.0,43.7482752,2,1,BAGGAGE,UPPER APEX,LANG_09,Round-Trip,apple,Direct,Direct,Logged-Out,AREA_C,AREA_D,AREA_C_TO_AREA_D,CA,DA,120_plus,very_high,15_30,Y,O,0,0.6816379,29.82048170038147
238.0,174.7875168,14.222222222222221,2,2,0,0,0,0,0,1,0,2,1,361.9166666666667,12.0,43.7482752,2,1,BAGGAGE,UPPER APEX,LANG_09,Round-Trip,apple,Direct,Direct,Logged-In,AREA_C,AREA_D,AREA_C_TO_AREA_D,CA,DA,120_plus,very_high,15_30,Y,O,0,0.6816379,29.82048170038147
69.0,202.8839968,17.322916666666668,2,2,0,0,0,0,0,1,0,2,1,432.0,20.0,43.7482752,2,1,BAGGAGE,UPPER APEX,LANG_09,Round-Trip,apple,Direct,Direct,Logged-In,AREA_C,AREA_B,AREA_C_TO_AREA_B,CA,BO,61_120,very_high,15_30,Y,U,0,0.6816379,29.82048170038147
241.0,290.5835614,23.197916666666668,2,2,0,0,0,0,0,1,0,4,1,560.5833333333334,20.0,48.3242324,3,0,BAGGAGE,LOWER VERTEX,LANG_02,Round-Trip,microsoft,Direct,Paid Search,Logged-In,AREA_B,AREA_C,AREA_B_TO_AREA_C,BA,CA,120_plus,very_high,15_30,Y,K,0,0.6170179,29.81691759230573
30.0,49.3547222,,2,2,0,0,0,0,0,1,1,2,1,3.5,21.0,51.0465072,1,0,BAGGAGE,UPPER APEX,LANG_09,One-Way,apple,Direct,Direct,Logged-In,AREA_B,AREA_C,AREA_B_TO_AREA_C,BE,CI,15_30,mid,unknown_or_oneway,Y,V,0,0.58409995,29.81626222183771
152.0,160.47587230000002,19.07986111111111,2,1,1,0,0,0,1,1,0,4,1,458.8333333333333,11.0,44.71452,2,0,BAGGAGE,LOWER VERTEX,LANG_02,Round-Trip,apple,Direct,Direct,Logged-In,AREA_B,AREA_B,AREA_B_TO_AREA_B,BE,BU,120_plus,very_high,15_30,Y,O,0,0.6667246,29.81227145607233
32.0,197.0548338,6.239583333333333,2,2,0,0,0,0,0,0,0,2,1,163.91666666666666,9.0,41.8564741,1,1,BAGGAGE,UPPER APEX,LANG_02,Round-Trip,apple,Direct,Direct,Logged-Out,AREA_C,AREA_B,AREA_C_TO_AREA_B,CA,BU,31_60,very_high,6_8,Y,W,0,0.71178293,29.792723869862414
188.0,221.1120165,34.78472222222222,2,2,0,0,0,0,0,0,0,2,1,838.0,13.0,43.72943,2,1,BAGGAGE,LOWER VERTEX,LANG_02,Round-Trip,google,Paid Search,Paid Search,Logged-Out,AREA_B,AREA_C,AREA_B_TO_AREA_C,BU,CA,120_plus,very_high,30_plus,Y,O,0,0.68113565,29.785673921751975
88.0,151.65503379999998,15.21875,2,1,1,0,0,0,1,0,0,2,1,381.1666666666667,23.0,44.71452,2,1,BAGGAGE,LOWER VERTEX,LANG_02,Round-Trip,google,Paid Search,Paid Search,Logged-Out,AREA_C,AREA_B,AREA_C_TO_AREA_B,CA,BU,61_120,very_high,15_30,Y,O,0,0.6660858,29.783705916631224
47.0,243.7652318,30.06597222222222,2,1,0,1,0,1,0,0,0,2,1,726.5833333333334,15.0,49.031784,4,1,BAGGAGE,UPPER APEX,LANG_02,Round-Trip,microsoft,Email,Email,Logged-Out,AREA_C,AREA_C,AREA_C_TO_AREA_C,CA,CA,31_60,very_high,30_plus,Y,L,0,0.6072902,29.776522320626736
129.0,322.8769531,27.177083333333332,2,2,0,0,0,0,0,0,0,4,1,657.0833333333334,22.0,48.3619228,3,0,BAGGAGE,LOWER VERTEX,LANG_02,Round-Trip,google,Direct,Direct,Logged-Out,AREA_C,AREA_B,AREA_C_TO_AREA_B,CE,BU,120_plus,very_high,15_30,Y,T,0,0.61562514,29.77281564197855
55.0,184.55447,20.239583333333332,2,2,0,0,0,0,0,0,0,2,1,500.25,15.0,48.56922,3,1,BAGGAGE,LOWER VERTEX,LANG_02,Round-Trip,google,Direct,Direct,Logged-Out,AREA_C,AREA_B,AREA_C_TO_AREA_B,CA,BU,31_60,very_high,15_30,Y,O,0,0.6125605,29.751586204361917
166.0,406.011268,21.993055555555557,4,2,1,1,0,1,1,0,0,2,1,548.4166666666666,14.0,33.9830352,2,1,BAGGAGE,UPPER APEX,LANG_09,Round-Trip,google,Direct,Affiliate,Logged-Out,AREA_C,AREA_D,AREA_C_TO_AREA_D,CA,DA,120_plus,very_high,15_30,Y,O,0,0.8753779,29.747997766341022
3.0,60.8944091,4.243055555555555,2,2,0,0,0,0,0,1,0,3,1,103.08333333333333,20.0,52.08128,3,0,BAGGAGE,UPPER APEX,LANG_09,Round-Trip,apple,Direct,Direct,Logged-In,AREA_B,AREA_B,AREA_B_TO_AREA_B,BE,BI,0_3,high,3_5,Y,U,0,0.57116055,29.746772783966065
44.0,130.1355286,7.072916666666667,2,2,0,0,0,0,0,0,0,4,1,171.83333333333334,15.0,43.3234016,1,0,BAGGAGE,LOWER ZENITH,LANG_02,Round-Trip,google,Paid Search,Paid Search,Logged-Out,AREA_C,AREA_D,AREA_C_TO_AREA_D,CE,DA,31_60,very_high,6_8,Y,O,0,0.68628633,29.73225829684486
14.0,370.7763119,19.239583333333332,2,2,0,0,0,0,0,0,0,2,1,476.25,20.0,39.06096,1,1,BAGGAGE,LOWER VERTEX,LANG_02,Round-Trip,apple,Paid Search,Paid Search,Logged-Out,AREA_C,AREA_B,AREA_C_TO_AREA_B,CA,BU,8_14,very_high,15_30,Y,K,0,0.76097715,29.72449797838211
160.0,362.21844959999993,16.868055555555557,2,2,0,0,0,0,0,0,0,4,1,407.3333333333333,21.0,48.2505648,4,0,BAGGAGE,NEW APEX,LANG_02,Round-Trip,google,Paid Search,Paid Search,Logged-Out,AREA_B,AREA_B,AREA_B_TO_AREA_B,BE,BU,120_plus,very_high,15_30,Y,V,0,0.6160273,29.723664944407368
225.0,200.0392282,10.409722222222221,2,2,0,0,0,0,0,0,0,2,1,265.9166666666667,21.0,40.5617232,2,1,BAGGAGE,UPPER APEX,LANG_09,Round-Trip,google,Paid Search,Paid Search,Logged-Out,AREA_C,AREA_B,AREA_C_TO_AREA_B,CA,BU,120_plus,very_high,9_14,Y,O,0,0.7326269,29.716610134208683
44.0,327.3265618,14.875,2,2,0,0,0,0,0,0,0,2,1,362.0,12.0,49.031784,4,1,BAGGAGE,UPPER APEX,LANG_09,Round-Trip,google,Direct,Affiliate,Logged-Out,AREA_C,AREA_C,AREA_C_TO_AREA_C,CA,CA,31_60,very_high,15_30,Y,S,0,0.60605156,29.715789389531135
30.0,287.7255155,18.211805555555557,1,1,0,0,0,0,0,0,0,2,1,453.25,10.0,89.42904,1,1,BAGGAGE,LOWER VERTEX,LANG_02,Round-Trip,apple,Direct,Email,Logged-Out,AREA_C,AREA_B,AREA_C_TO_AREA_B,CA,BO,15_30,very_high,15_30,Y,M,0,0.33227846,29.715343714106083
64.0,41.1030944,,1,1,0,0,0,0,0,0,0,1,0,1.8333333333333333,22.0,78.1724594,3,1,BAGGAGE,UPPER APEX,LANG_02,One-Way,google,Direct,Organic Search,Logged-Out,AREA_C,AREA_C,AREA_C_TO_AREA_C,CA,CA,61_120,mid,unknown_or_oneway,Y,H,0,0.38010904,29.7140586477868
178.0,263.1963462,,2,1,1,0,0,0,1,0,0,2,1,690.0833333333334,12.0,45.3107136,2,1,BAGGAGE,UPPER APEX,LANG_09,Multi-City,microsoft,Paid Search,Paid Search,Logged-Out,AREA_C,AREA_B,AREA_C_TO_AREA_B,CA,BO,120_plus,very_high,unknown_or_oneway,Y,T,0,0.65553063,29.702560701836013
22.0,278.313623,256.2673611111111,2,2,0,0,0,0,0,0,0,4,1,6151.333333333333,22.0,44.71452,3,0,BAGGAGE,UPPER APEX,LANG_09,Round-Trip,google,Paid Search,Organic Search,Logged-Out,AREA_C,AREA_B,AREA_C_TO_AREA_B,CU,BU,15_30,very_high,30_plus,Y,W,0,0.66389865,29.6859093217206
112.0,152.5094923,14.57638888888889,2,2,0,0,0,0,0,0,0,2,1,353.3333333333333,20.0,44.0789228,2,1,BAGGAGE,LOWER VERTEX,LANG_02,Round-Trip,apple,Direct,Direct,Logged-Out,AREA_B,AREA_C,AREA_B_TO_AREA_C,BU,CA,61_120,very_high,15_30,Y,O,0,0.67312866,29.670786436678767
207.0,161.3466062,10.590277777777779,2,2,0,0,0,0,0,1,0,2,1,257.3333333333333,8.0,44.0703568,2,1,BAGGAGE,LOWER VERTEX,LANG_02,Round-Trip,apple,Direct,Direct,Logged-In,AREA_B,AREA_C,AREA_B_TO_AREA_C,BU,CA,120_plus,very_high,9_14,Y,O,0,0.67312866,29.665020416538713
164.0,396.8357971,14.586805555555555,4,2,0,2,0,1,0,0,0,3,1,353.3333333333333,15.0,33.8832413,2,0,BAGGAGE,LOWER VERTEX,LANG_02,Round-Trip,microsoft,Paid Search,Paid Search,Logged-Out,AREA_B,AREA_B,AREA_B_TO_AREA_B,BU,BE,120_plus,very_high,15_30,Y,L,0,0.8750411,29.649229660507455
184.0,299.8108566,8.78125,5,2,0,2,1,1,0,0,0,2,1,214.0,20.0,33.8832413,2,0,BAGGAGE,LOWER VERTEX,LANG_02,Round-Trip,google,MetaSearches,MetaSearches,Logged-Out,AREA_B,AREA_B,AREA_B_TO_AREA_B,BU,BE,120_plus,very_high,9_14,Y,L,0,0.8746321,29.635371175178268
11.0,82.0588536,,1,1,0,0,0,0,0,0,0,1,0,0.5833333333333334,7.0,54.9543164,1,0,BAGGAGE,LOWER VERTEX,LANG_02,One-Way,google,Paid Search,Affiliate,Logged-Out,AREA_B,AREA_B,AREA_B_TO_AREA_B,BI,BI,8_14,high,unknown_or_oneway,Y,T,0,0.5391868,29.630640669653967
109.0,158.2975385,43.71527777777778,2,2,0,0,0,0,0,1,1,2,1,1052.3333333333333,8.0,44.2228316,2,1,BAGGAGE,LOWER VERTEX,LANG_02,Round-Trip,apple,Direct,Direct,Logged-In,AREA_B,AREA_C,AREA_B_TO_AREA_C,BU,CA,61_120,very_high,30_plus,Y,U,0,0.668647,29.56946329402363
8.0,148.5665625,,1,1,0,0,0,0,0,0,0,2,1,31.333333333333332,23.0,49.314462,1,0,BAGGAGE,NORTH MERIDIAN,LANG_02,One-Way,apple,Direct,Organic Search,Logged-Out,AREA_B,AREA_B,AREA_B_TO_AREA_B,BI,BO,8_14,very_high,unknown_or_oneway,Y,V,0,0.5995958,29.568743561695577
117.0,54.06730710000001,9.256944444444445,1,1,0,0,0,0,0,0,0,4,1,224.25,16.0,102.02106,3,0,BAGGAGE,CENTRAL APEX,LANG_02,Round-Trip,google,Paid Search,Paid Search,Logged-Out,AREA_C,AREA_B,AREA_C_TO_AREA_B,CU,BE,61_120,high,9_14,Y,T,0,0.28976935,29.562576393746138
131.0,212.8882282,21.21527777777778,2,2,0,0,0,0,0,0,0,2,1,525.25,10.0,40.5617232,2,1,BAGGAGE,UPPER APEX,LANG_09,Round-Trip,google,Paid MetaSearches,Paid MetaSearches,Logged-Out,AREA_C,AREA_B,AREA_C_TO_AREA_B,CA,BU,120_plus,very_high,15_30,Y,O,0,0.72877383,29.56032246201439
18.0,279.3698108,14.239583333333334,2,1,1,0,0,0,1,0,0,2,1,356.25,20.0,42.1858368,2,1,BAGGAGE,UPPER APEX,LANG_09,Round-Trip,apple,Direct,Direct,Logged-Out,AREA_C,AREA_B,AREA_C_TO_AREA_B,CA,BU,15_30,very_high,15_30,Y,W,0,0.7003337,29.54416378480911
39.0,488.7978033,16.67361111111111,4,4,0,0,0,0,0,0,0,4,1,405.75,14.0,35.16343,2,0,BAGGAGE,LOWER VERTEX,LANG_02,Round-Trip,apple,Direct,Paid Search,Logged-Out,AREA_C,AREA_D,AREA_C_TO_AREA_D,CU,DA,31_60,very_high,15_30,Y,L,0,0.84009624,29.540665162365435
1.0,163.3197843,,1,1,0,0,0,0,0,0,0,2,1,24.416666666666668,,45.7098892,2,0,BAGGAGE,GREAT ZENITH,LANG_02,One-Way,google,MetaSearches,MetaSearches,Logged-Out,AREA_C,AREA_B,AREA_C_TO_AREA_B,CI,BU,0_3,very_high,unknown_or_oneway,Y,H,0,0.6460182,29.52942066649916
102.0,113.9684885,43.02430555555556,1,1,0,0,0,0,0,0,0,2,1,1048.9166666666667,16.0,78.6975552,2,0,BAGGAGE,LOWER VERTEX,LANG_02,Round-Trip,google,Email,Email,Logged-Out,AREA_B,AREA_B,AREA_B_TO_AREA_B,BE,BU,61_120,very_high,30_plus,Y,U,0,0.37514532,29.52301922368698
51.0,245.6523216,14.503472222222221,2,2,0,0,0,0,0,0,0,4,1,350.25,21.0,39.4036,1,0,BAGGAGE,LOWER ZENITH,LANG_02,Round-Trip,mozilla,Paid Search,Paid Search,Logged-Out,AREA_C,AREA_B,AREA_C_TO_AREA_B,CE,BU,31_60,very_high,15_30,Y,L,0,0.7490193,29.514057865881917
60.0,343.2901594,15.4375,3,2,0,1,0,1,0,0,0,2,1,374.25,14.0,37.00512,4,1,BAGGAGE,UPPER APEX,LANG_09,Round-Trip,apple,Direct,Direct,Logged-Out,AREA_C,AREA_C,AREA_C_TO_AREA_C,CA,CE,31_60,very_high,15_30,Y,Q,0,0.7974971,29.511475651187894
46.0,75.72815130000001,38.21527777777778,1,1,0,0,0,0,0,0,0,2,1,933.5,14.0,78.6975552,2,0,BAGGAGE,UPPER APEX,LANG_02,Round-Trip,google,MetaSearches,MetaSearches,Logged-Out,AREA_B,AREA_B,AREA_B_TO_AREA_B,BE,BU,31_60,high,30_plus,Y,O,0,0.3749423,29.50704256385193
27.0,322.8294118,27.68402777777778,2,1,0,1,0,1,0,0,0,2,1,669.75,9.0,44.71452,4,0,BAGGAGE,UPPER APEX,LANG_02,Round-Trip,google,MetaSearches,MetaSearches,Logged-Out,AREA_B,AREA_C,AREA_B_TO_AREA_C,BE,CA,15_30,very_high,15_30,Y,L,0,0.6598672,29.505646322500706
175.0,527.1195175,21.78472222222222,5,2,2,1,0,1,1,0,0,4,1,526.0,20.0,33.8832413,2,0,BAGGAGE,LOWER VERTEX,LANG_09,Round-Trip,apple,Direct,Email,Logged-Out,AREA_B,AREA_B,AREA_B_TO_AREA_B,BU,BE,120_plus,very_high,15_30,Y,L,0,0.87056357,29.49751539696711
227.0,494.8004278,21.78125,4,2,0,2,0,1,0,0,0,2,1,526.0,14.0,33.8832413,2,0,BAGGAGE,LOWER VERTEX,LANG_02,Round-Trip,google,MetaSearches,MetaSearches,Logged-Out,AREA_B,AREA_B,AREA_B_TO_AREA_B,BU,BE,120_plus,very_high,15_30,Y,U,0,0.8700091,29.478729091147798
76.0,281.8094076,7.239583333333333,4,4,0,0,0,0,0,0,0,2,1,188.25,21.0,33.53589,1,1,BAGGAGE,UPPER APEX,LANG_09,Round-Trip,apple,Direct,MetaSearches,Logged-Out,AREA_C,AREA_B,AREA_C_TO_AREA_B,CA,BU,61_120,very_high,6_8,Y,O,0,0.87899613,29.477917653687
57.0,270.7802543,,3,3,0,0,0,0,0,0,0,1,0,0.16666666666666666,13.0,39.4036,4,0,BAGGAGE,LOWER ZENITH,LANG_02,Round-Trip,google,MetaSearches,MetaSearches,Logged-Out,AREA_C,AREA_B,AREA_C_TO_AREA_B,CE,BU,31_60,very_high,unknown_or_oneway,Y,O,0,0.747846,29.46782493510246
46.0,311.93560130000003,12.503472222222221,2,2,0,0,0,0,0,1,0,4,1,302.25,14.0,39.4036,1,0,BAGGAGE,LOWER ZENITH,LANG_02,Round-Trip,apple,MetaSearches,Organic Search,Logged-In,AREA_C,AREA_B,AREA_C_TO_AREA_B,CE,BU,31_60,very_high,9_14,Y,V,0,0.74773425,29.463421239638325
141.0,327.7707089,14.67013888888889,4,2,1,1,0,1,1,0,0,2,1,356.1666666666667,20.0,35.398995,4,1,BAGGAGE,UPPER APEX,LANG_09,Round-Trip,google,Direct,Direct,Logged-Out,AREA_C,AREA_C,AREA_C_TO_AREA_C,CA,CE,120_plus,very_high,15_30,Y,U,0,0.83227676,29.461760920081435
236.0,216.1026197,22.92013888888889,2,2,0,0,0,0,0,0,0,2,1,553.3333333333334,20.0,43.2445944,2,1,BAGGAGE,NORTH MERIDIAN,LANG_02,Round-Trip,mozilla,Paid Search,Organic Search,Logged-Out,AREA_B,AREA_C,AREA_B_TO_AREA_C,BI,CA,120_plus,very_high,15_30,Y,O,0,0.68113565,29.455435108045577
61.0,192.63263629999997,18.17361111111111,2,2,0,0,0,0,0,0,0,4,1,440.0833333333333,22.0,48.3242324,3,0,BAGGAGE,LOWER APEX,LANG_02,Round-Trip,other,Direct,Direct,Logged-Out,AREA_B,AREA_C,AREA_B_TO_AREA_C,BA,CA,61_120,very_high,15_30,Y,W,0,0.60948336,29.452815592697952
230.0,123.6849023,21.552083333333332,1,1,0,0,0,0,0,0,0,4,1,520.5,17.0,87.5171088,4,0,BAGGAGE,LOWER VERTEX,LANG_02,Round-Trip,google,Paid Search,Paid Search,Logged-Out,AREA_D,AREA_C,AREA_D_TO_AREA_C,DA,CU,120_plus,very_high,15_30,Y,U,0,0.3365372,29.452763809528115
112.0,255.3062036,,2,2,0,0,0,0,0,0,0,2,1,259.8333333333333,12.0,45.3107136,3,1,BAGGAGE,UPPER APEX,LANG_09,Multi-City,microsoft,Paid Search,Paid Search,Logged-Out,AREA_C,AREA_B,AREA_C_TO_AREA_B,CA,BO,61_120,very_high,unknown_or_oneway,Y,U,0,0.64959365,29.433551890192795
18.0,86.5470093,36.239583333333336,1,1,0,0,0,0,0,0,0,2,1,884.25,18.0,78.25041,1,1,BAGGAGE,UPPER VERTEX,LANG_11,Round-Trip,apple,MetaSearches,Paid Search,Logged-Out,AREA_C,AREA_B,AREA_C_TO_AREA_B,CA,BU,15_30,high,30_plus,Y,U,0,0.37603155,29.424622787095608
0.0,29.0764304,,2,2,0,0,0,0,0,0,0,1,0,3.6666666666666665,17.0,51.0066753,3,1,BAGGAGE,UPPER APEX,LANG_09,One-Way,microsoft,Direct,Paid Search,Logged-Out,AREA_C,AREA_B,AREA_C_TO_AREA_B,CA,BA,invalid_or_past,low,unknown_or_oneway,Y,L,0,0.5762144,29.3907794325028
80.0,427.3299005,16.239583333333332,5,4,1,0,0,0,1,1,0,2,1,404.25,23.0,33.53589,1,1,BAGGAGE,UPPER APEX,LANG_09,Round-Trip,google,Paid Search,Paid Search,Logged-In,AREA_C,AREA_B,AREA_C_TO_AREA_B,CA,BU,61_120,very_high,15_30,Y,U,1,0.8754712,29.3597050134784
148.0,46.7095414,,2,2,0,0,0,0,0,1,1,3,1,96.91666666666667,8.0,49.1311496,2,1,BAGGAGE,CENTRAL MERIDIAN,LANG_02,Multi-City,google,Direct,Paid Search,Logged-In,AREA_B,AREA_C,AREA_B_TO_AREA_C,BI,CA,120_plus,mid,unknown_or_oneway,Y,W,0,0.5969533,29.329000551105405
30.0,45.3419795,,1,1,0,0,0,0,0,0,0,2,1,19.333333333333332,11.0,53.3481914,1,0,BAGGAGE,LOWER VERTEX,LANG_02,One-Way,google,Paid Search,Paid Search,Logged-Out,AREA_B,AREA_B,AREA_B_TO_AREA_B,BU,BU,15_30,mid,unknown_or_oneway,Y,W,0,0.5492997,29.304146435785768
0.0,48.1858915,,1,1,0,0,0,0,0,1,0,2,1,3.3333333333333335,13.0,60.039094,2,0,BAGGAGE,LOWER ZENITH,LANG_02,One-Way,apple,Direct,Direct,Logged-In,AREA_C,AREA_B,AREA_C_TO_AREA_B,CE,BE,invalid_or_past,mid,unknown_or_oneway,Y,K,0,0.48790494,29.293370320083557
,111.8595393,,3,1,0,2,0,1,0,1,0,1,0,0.5833333333333334,18.0,32.2428523,2,1,BAGGAGE,CENTRAL VERTEX,LANG_02,One-Way,apple,Direct,Paid Search,Logged-In,AREA_B,AREA_C,AREA_B_TO_AREA_C,BI,CA,,very_high,unknown_or_oneway,Y,S,1,0.9084063,29.289610714964077
47.0,117.7323889,,1,1,0,0,0,0,0,1,0,2,1,10.083333333333334,14.0,59.7966762,1,0,BAGGAGE,UPPER MERIDIAN,LANG_01,One-Way,apple,Direct,Direct,Logged-In,AREA_B,AREA_B,AREA_B_TO_AREA_B,BI,BU,31_60,very_high,unknown_or_oneway,Y,Y,0,0.48931625,29.259485650913412
52.0,1044.4403876,6.753472222222222,6,5,1,0,0,0,1,0,0,4,1,165.83333333333334,13.0,35.1201717,1,0,BAGGAGE,LOWER VERTEX,LANG_02,Round-Trip,google,Paid Search,Paid Search,Logged-Out,AREA_B,AREA_B,AREA_B_TO_AREA_B,BU,BE,31_60,very_high,6_8,Y,V,0,0.8326499,29.242806983662838
14.0,467.51257820000006,16.760416666666668,2,2,0,0,0,0,0,0,0,2,1,406.0,13.0,57.6997194,2,1,BAGGAGE,LOWER VERTEX,LANG_02,Round-Trip,google,Paid Search,Paid MetaSearches,Logged-Out,AREA_B,AREA_C,AREA_B_TO_AREA_C,BU,CA,8_14,very_high,15_30,P,A,0,0.5067685,29.24040167286998
247.0,334.1335337,23.77777777777778,2,2,0,0,0,0,0,1,1,2,1,574.0,21.0,42.9225128,2,1,BAGGAGE,NORTH MERIDIAN,LANG_02,Round-Trip,google,Paid Search,Paid Search,Logged-In,AREA_B,AREA_C,AREA_B_TO_AREA_C,BI,CA,120_plus,very_high,15_30,Y,O,0,0.681212,29.239331132868813
210.0,551.3540164,14.67013888888889,4,2,0,2,0,1,0,1,0,2,1,356.1666666666667,18.0,35.398995,4,1,BAGGAGE,UPPER APEX,LANG_09,Round-Trip,google,Paid Search,Paid Search,Logged-In,AREA_C,AREA_C,AREA_C_TO_AREA_C,CA,CE,120_plus,very_high,15_30,Y,L,0,0.8259518,29.237864157088996
51.0,134.85325310000002,,2,2,0,0,0,0,0,0,0,2,1,5.416666666666667,11.0,41.0409909,1,0,BAGGAGE,CENTRAL VERTEX,LANG_02,One-Way,apple,MetaSearches,MetaSearches,Logged-Out,AREA_B,AREA_B,AREA_B_TO_AREA_B,BI,BU,31_60,very_high,unknown_or_oneway,Y,Q,0,0.71210074,29.225320164542268
145.0,152.8572719,17.79513888888889,2,1,0,1,0,1,0,0,0,2,1,430.5833333333333,23.0,47.181528,3,1,BAGGAGE,LOWER VERTEX,LANG_02,Round-Trip,apple,Paid Search,Paid Search,Logged-Out,AREA_B,AREA_C,AREA_B_TO_AREA_C,BU,CA,120_plus,very_high,15_30,Y,O,0,0.61919355,29.214498001911164
351.0,199.754837,9.26736111111111,5,3,1,1,0,1,1,0,0,2,1,229.08333333333334,9.0,35.2782144,4,1,BAGGAGE,UPPER APEX,LANG_09,Round-Trip,google,Direct,Direct,Logged-Out,AREA_C,AREA_B,AREA_C_TO_AREA_B,CA,BE,120_plus,very_high,9_14,Y,L,0,0.8275999,29.196246112694553
31.0,200.1381655,,8,8,0,0,0,0,0,1,0,1,0,0.8333333333333334,12.0,36.3943642,1,1,BAGGAGE,NEW APEX,LANG_02,One-Way,google,Paid Search,Paid Search,Logged-In,AREA_C,AREA_C,AREA_C_TO_AREA_C,CU,CA,31_60,very_high,unknown_or_oneway,Y,W,0,0.8020216,29.189067031282065
143.0,162.7861225,14.67013888888889,3,3,0,0,0,0,0,0,0,2,1,356.1666666666667,18.0,35.398995,1,1,BAGGAGE,UPPER APEX,LANG_09,Round-Trip,google,Direct,Direct,Logged-Out,AREA_C,AREA_C,AREA_C_TO_AREA_C,CA,CE,120_plus,very_high,15_30,Y,U,0,0.8245253,29.187366854834853
78.0,146.2653066,21.12152777777778,2,2,0,0,0,0,0,0,0,4,1,508.25,21.0,46.3471996,3,0,BAGGAGE,UPPER HORIZON,LANG_05,Round-Trip,apple,Direct,Email,Logged-Out,AREA_C,AREA_B,AREA_C_TO_AREA_B,CI,BU,61_120,very_high,15_30,Y,L,0,0.62949425,29.175295643492678
49.0,360.14719080000003,12.36111111111111,4,4,0,0,0,0,0,0,0,4,1,297.9166666666667,16.0,36.3703794,3,0,BAGGAGE,UPPER HORIZON,LANG_02,Round-Trip,apple,Paid Search,Paid Search,Logged-Out,AREA_C,AREA_B,AREA_C_TO_AREA_B,CI,BO,31_60,very_high,9_14,Y,L,0,0.80203426,29.170290285898375
149.0,114.7706944,3.7256944444444446,4,4,0,0,0,0,0,0,0,4,1,90.33333333333333,22.0,41.75925,3,0,BAGGAGE,UPPER APEX,LANG_09,Round-Trip,google,Paid Search,Paid Search,Logged-Out,AREA_C,AREA_C,AREA_C_TO_AREA_C,CU,CE,120_plus,very_high,3_5,Y,L,0,0.69853187,29.17016682833433
32.0,180.2222155,8.40625,2,2,0,0,0,0,0,0,0,4,1,203.91666666666666,17.0,46.6470096,3,0,BAGGAGE,WEST APEX,LANG_02,Round-Trip,google,MetaSearches,MetaSearches,Logged-Out,AREA_B,AREA_C,AREA_B_TO_AREA_C,BE,CA,31_60,very_high,9_14,Y,L,0,0.6248368,29.146768323839378
34.0,224.9577222,17.010416666666668,2,2,0,0,0,0,0,0,0,4,1,411.25,8.0,46.2512604,3,0,BAGGAGE,NORTH MERIDIAN,LANG_02,Round-Trip,apple,Paid Search,Paid Search,Logged-Out,AREA_B,AREA_B,AREA_B_TO_AREA_B,BO,BI,31_60,very_high,15_30,Y,W,0,0.63012934,29.14427606564083
28.0,213.4985557,,2,2,0,0,0,0,0,0,0,1,0,20.583333333333332,15.0,43.5289856,1,1,BAGGAGE,GREAT AURORA,LANG_10,One-Way,google,Direct,Email,Logged-Out,AREA_D,AREA_C,AREA_D_TO_AREA_C,DA,CA,15_30,very_high,unknown_or_oneway,Y,V,0,0.66890836,29.116902266571046
132.0,240.6613417,25.74652777777778,2,2,0,0,0,0,0,0,0,4,1,622.75,16.0,45.8760696,3,0,BAGGAGE,NEW HORIZON,LANG_02,Round-Trip,google,Paid Search,Organic Search,Logged-Out,AREA_C,AREA_D,AREA_C_TO_AREA_D,CE,DA,120_plus,very_high,15_30,Y,L,0,0.6342575,29.097241003443003
72.0,245.58465019999997,13.118055555555555,2,2,0,0,0,0,0,0,0,4,1,316.5,16.0,45.990854,3,0,BAGGAGE,CENTRAL HORIZON,LANG_02,Round-Trip,google,MetaSearches,Email,Logged-Out,AREA_D,AREA_B,AREA_D_TO_AREA_B,DA,BI,61_120,very_high,9_14,Y,V,0,0.632673,29.097172728548525
45.0,282.9632478,22.010416666666668,2,2,0,0,0,0,0,0,0,2,1,534.9166666666666,12.0,46.6864132,4,1,BAGGAGE,UPPER APEX,LANG_09,Round-Trip,google,Direct,Organic Search,Logged-Out,AREA_C,AREA_B,AREA_C_TO_AREA_B,CA,BU,31_60,very_high,15_30,Y,V,0,0.62322664,29.096216554075813
5.0,256.6005262,,2,2,0,0,0,0,0,0,0,3,1,433.25,19.0,38.135832,2,0,BAGGAGE,EAST ZENITH,LANG_08,Multi-City,google,Organic Search,Organic Search,Logged-Out,AREA_C,AREA_B,AREA_C_TO_AREA_B,CA,BE,4_7,very_high,unknown_or_oneway,Y,S,0,0.762804,29.090164116255284
3.0,32.2664088,,1,1,0,0,0,0,0,1,0,1,0,2.3333333333333335,9.0,87.3732,2,0,BAGGAGE,UPPER APEX,LANG_09,One-Way,apple,Direct,Direct,Logged-In,AREA_B,AREA_B,AREA_B_TO_AREA_B,BA,BE,0_3,low,unknown_or_oneway,Y,K,0,0.33277404,29.075533021116257
76.0,265.0855775,18.680555555555557,2,0,2,0,0,0,1,1,0,2,1,454.0,12.0,44.71452,1,1,BAGGAGE,UPPER VERTEX,LANG_10,Round-Trip,apple,Direct,Direct,Logged-In,AREA_B,AREA_C,AREA_B_TO_AREA_C,BO,CA,61_120,very_high,15_30,Y,O,0,0.649675,29.049906301245688
1.0,80.8236364,,2,2,0,0,0,0,0,0,0,1,0,0.5833333333333334,22.0,44.406144,1,1,BAGGAGE,UPPER APEX,LANG_09,One-Way,apple,Direct,Direct,Logged-Out,AREA_B,AREA_C,AREA_B_TO_AREA_C,BI,CA,0_3,high,unknown_or_oneway,Y,S,0,0.6532674,29.009085505554197
122.0,70.0852988,4.1875,4,4,0,0,0,0,0,0,0,2,1,101.75,22.0,40.08888,2,0,BAGGAGE,UPPER APEX,LANG_09,Round-Trip,google,MetaSearches,MetaSearches,Logged-Out,AREA_B,AREA_B,AREA_B_TO_AREA_B,BE,BI,120_plus,high,3_5,Y,O,0,0.7235369,29.005784305500985
115.0,287.7336532,15.034722222222221,2,2,0,0,0,0,0,0,0,4,1,362.9166666666667,22.0,46.6847,3,0,BAGGAGE,LOWER ZENITH,LANG_02,Round-Trip,apple,Direct,Direct,Logged-Out,AREA_C,AREA_B,AREA_C_TO_AREA_B,CE,BI,61_120,very_high,15_30,Y,T,0,0.62113994,28.997731924968956
240.0,358.1860051,28.770833333333332,3,3,0,0,0,0,0,0,0,2,1,694.0,21.0,35.386146,1,1,BAGGAGE,LOWER VERTEX,LANG_02,Round-Trip,google,MetaSearches,MetaSearches,Logged-Out,AREA_B,AREA_C,AREA_B_TO_AREA_C,BU,CA,120_plus,very_high,15_30,Y,W,0,0.8190212,28.982004644084927
1.0,121.6363434,,3,3,0,0,0,0,0,0,0,1,0,2.4166666666666665,11.0,35.5420472,1,0,BAGGAGE,NORTH HORIZON,LANG_04,One-Way,google,Direct,Email,Logged-Out,AREA_B,AREA_B,AREA_B_TO_AREA_B,BE,BA,0_3,very_high,unknown_or_oneway,Y,T,0,0.8154262,28.98191545161147
201.0,593.5017345,27.770833333333332,4,1,0,3,0,1,0,0,0,2,1,670.0,16.0,57.6997194,2,1,BAGGAGE,LOWER VERTEX,LANG_02,Round-Trip,apple,Direct,Direct,Logged-Out,AREA_B,AREA_C,AREA_B_TO_AREA_C,BU,CA,120_plus,very_high,15_30,P,R,0,0.50203097,28.967046022142814
48.0,407.638808,10.875,4,2,1,1,0,1,1,0,0,2,1,266.0,9.0,32.687856,1,1,BAGGAGE,UPPER APEX,LANG_09,Round-Trip,samsung,Direct,Direct,Logged-Out,AREA_C,AREA_C,AREA_C_TO_AREA_C,CA,CA,31_60,very_high,9_14,Y,L,0,0.8860448,28.962904841151236
2.0,31.2496246,,1,1,0,0,0,0,0,0,0,1,0,2.4166666666666665,17.0,71.2965312,2,0,BAGGAGE,UPPER APEX,LANG_09,One-Way,apple,MetaSearches,MetaSearches,Logged-Out,AREA_B,AREA_B,AREA_B_TO_AREA_B,BE,BA,0_3,low,unknown_or_oneway,Y,V,0,0.40611175,28.954358842557337
148.0,410.8540561,7.666666666666667,2,2,0,0,0,0,0,0,0,2,1,187.5,11.0,42.5276202,2,1,BAGGAGE,LOWER VERTEX,LANG_02,Round-Trip,apple,Paid Search,Paid Search,Logged-Out,AREA_B,AREA_C,AREA_B_TO_AREA_C,BU,CA,120_plus,very_high,6_8,Y,W,0,0.6804717,28.93884279318477
71.0,61.9801496,5.513888888888889,3,2,1,0,0,0,1,1,0,2,1,134.41666666666666,22.0,39.06096,2,1,BAGGAGE,UPPER APEX,LANG_09,Round-Trip,apple,Direct,Direct,Logged-In,AREA_C,AREA_C,AREA_C_TO_AREA_C,CA,CI,61_120,high,6_8,Y,O,0,0.74023056,28.914116306762697
221.0,232.5129342,,2,2,0,0,0,0,0,0,0,2,1,462.5,22.0,44.71452,3,1,BAGGAGE,UPPER APEX,LANG_09,Multi-City,opera,Paid Search,Paid Search,Logged-Out,AREA_C,AREA_B,AREA_C_TO_AREA_B,CA,BU,120_plus,very_high,unknown_or_oneway,Y,L,0,0.6465145,28.908584438130855
18.0,362.3906262,10.21875,3,2,0,1,0,1,0,0,0,2,1,261.1666666666667,10.0,33.2716289,2,1,BAGGAGE,UPPER APEX,LANG_09,Round-Trip,google,Paid Search,Paid Search,Logged-Out,AREA_C,AREA_B,AREA_C_TO_AREA_B,CA,BU,15_30,very_high,9_14,Y,L,0,0.8685063,28.89661972249211
4.0,83.68553700000001,,1,1,0,0,0,0,0,0,0,2,1,3.3333333333333335,15.0,51.7352136,1,0,BAGGAGE,UPPER HORIZON,LANG_05,One-Way,google,Paid Search,Paid Search,Logged-Out,AREA_C,AREA_B,AREA_C_TO_AREA_B,CI,BE,4_7,high,unknown_or_oneway,Y,E,0,0.55831325,28.884455272484495
150.0,329.4072432,7.246527777777778,2,2,0,0,0,0,0,0,0,6,1,178.66666666666666,14.0,48.3619228,3,0,BAGGAGE,NEW HORIZON,LANG_02,Round-Trip,google,MetaSearches,MetaSearches,Logged-Out,AREA_C,AREA_B,AREA_C_TO_AREA_B,CE,BU,120_plus,very_high,6_8,Y,Q,0,0.59712195,28.877965839803412
207.0,338.3694207,,3,1,1,1,0,1,1,0,0,3,1,1774.5833333333333,17.0,34.1509288,2,0,BAGGAGE,LOWER VERTEX,LANG_02,Multi-City,apple,Paid Search,Paid Search,Logged-Out,AREA_B,AREA_C,AREA_B_TO_AREA_C,BU,CU,120_plus,very_high,unknown_or_oneway,Y,O,1,0.84553605,28.875841550006918
74.0,671.313137,14.552083333333334,2,2,0,0,0,0,0,0,0,4,1,351.1666666666667,17.0,46.0559556,3,0,BAGGAGE,SOUTH HORIZON,LANG_02,Round-Trip,google,MetaSearches,MetaSearches,Logged-Out,AREA_C,AREA_B,AREA_C_TO_AREA_B,CA,BU,61_120,very_high,15_30,Y,E,0,0.62687546,28.8713483592993
128.0,108.0588051,51.03472222222222,1,1,0,0,0,0,0,0,0,2,1,1239.4166666666667,18.0,90.6214272,2,1,BAGGAGE,UPPER VERTEX,LANG_11,Round-Trip,google,Paid Search,Paid Search,Logged-Out,AREA_C,AREA_B,AREA_C_TO_AREA_B,CA,BU,120_plus,very_high,30_plus,Y,O,0,0.31847242,28.86042479005394
171.0,223.2710768,20.854166666666668,2,1,1,0,0,0,1,0,0,4,1,503.6666666666667,16.0,44.4592532,2,0,BAGGAGE,LOWER VERTEX,LANG_02,Round-Trip,google,MetaSearches,Paid Search,Logged-Out,AREA_B,AREA_C,AREA_B_TO_AREA_C,BU,CU,120_plus,very_high,15_30,Y,L,1,0.6491431,28.86041743636756
22.0,424.4859885,9.239583333333334,3,3,0,0,0,0,0,0,0,2,1,236.25,17.0,36.953724,3,1,BAGGAGE,UPPER APEX,LANG_02,Round-Trip,apple,Direct,Direct,Logged-Out,AREA_C,AREA_B,AREA_C_TO_AREA_B,CA,BU,15_30,very_high,9_14,Y,U,0,0.780593,28.845817465373756
180.0,553.7602058,18.57638888888889,3,2,0,1,0,1,0,1,0,2,1,449.3333333333333,,57.6997194,2,1,BAGGAGE,LOWER VERTEX,LANG_09,Round-Trip,apple,Direct,Direct,Logged-In,AREA_B,AREA_C,AREA_B_TO_AREA_C,BU,CA,120_plus,very_high,15_30,P,R,0,0.49977478,28.836864791324274
99.0,180.1395536,21.552083333333332,2,2,0,0,0,0,0,0,0,4,1,519.4166666666666,16.0,46.6470096,3,0,BAGGAGE,WEST APEX,LANG_02,Round-Trip,google,Organic Search,Organic Search,Logged-Out,AREA_B,AREA_C,AREA_B_TO_AREA_C,BE,CA,61_120,very_high,15_30,Y,L,0,0.6181651,28.835552224245927
5.0,70.19408700000001,6.263888888888889,2,1,0,1,0,1,0,0,0,4,1,152.25,20.0,40.43152,2,0,BAGGAGE,SOUTH VERTEX,LANG_02,Round-Trip,mozilla,Direct,Direct,Logged-Out,AREA_C,AREA_B,AREA_C_TO_AREA_B,CU,BI,4_7,high,6_8,Y,W,0,0.71266234,28.814021621036527
16.0,70.27889040000001,7.184027777777778,2,2,0,0,0,0,0,0,0,2,1,177.5,14.0,46.873152,4,1,BAGGAGE,UPPER APEX,LANG_09,Round-Trip,apple,Direct,Direct,Logged-Out,AREA_C,AREA_B,AREA_C_TO_AREA_B,CA,BO,15_30,high,6_8,Y,U,0,0.6146393,28.81008050097656
79.0,396.0995494,16.23263888888889,4,3,0,1,0,1,0,0,0,4,1,390.9166666666667,20.0,34.5419667,3,0,BAGGAGE,UPPER MERIDIAN,LANG_02,Round-Trip,google,Direct,MetaSearches,Logged-Out,AREA_B,AREA_B,AREA_B_TO_AREA_B,BU,BO,61_120,very_high,15_30,Y,S,1,0.8340295,28.80901906784315
187.0,258.61524940000004,9.57638888888889,2,2,0,0,0,0,0,0,0,2,1,233.33333333333334,17.0,46.9468196,3,1,BAGGAGE,LOWER VERTEX,LANG_02,Round-Trip,google,Paid Search,Organic Search,Logged-Out,AREA_B,AREA_C,AREA_B_TO_AREA_C,BU,CA,120_plus,very_high,9_14,Y,U,0,0.6128304,28.770438256116197
192.0,533.2990298999999,38.96527777777778,3,2,0,1,0,1,0,1,0,2,1,938.6666666666666,7.0,57.6997194,2,1,BAGGAGE,LOWER VERTEX,LANG_02,Round-Trip,apple,Direct,Direct,Logged-In,AREA_B,AREA_C,AREA_B_TO_AREA_C,BU,CA,120_plus,very_high,30_plus,P,R,0,0.4985174,28.76431375361917
218.0,464.7693167,15.770833333333334,3,2,0,1,0,1,0,0,0,2,1,382.0,11.0,57.6997194,2,1,BAGGAGE,LOWER VERTEX,LANG_02,Round-Trip,apple,Direct,Direct,Logged-Out,AREA_B,AREA_C,AREA_B_TO_AREA_C,BU,CA,120_plus,very_high,15_30,P,R,0,0.4985174,28.76431375361917
0.0,76.8580067,,1,1,0,0,0,0,0,0,0,1,0,1.0833333333333333,23.0,59.7285765,1,1,BAGGAGE,WEST AURORA,LANG_02,One-Way,google,MetaSearches,Paid Search,Logged-Out,AREA_C,AREA_C,AREA_C_TO_AREA_C,CU,CA,invalid_or_past,high,unknown_or_oneway,Y,Q,0,0.480937,28.72568264043188
6.0,164.7515912,,3,2,0,1,0,1,0,0,0,1,0,2.5,17.0,34.3826391,2,1,BAGGAGE,UPPER VERTEX,LANG_11,One-Way,google,Paid Search,Paid Search,Logged-Out,AREA_C,AREA_C,AREA_C_TO_AREA_C,CA,CE,4_7,very_high,unknown_or_oneway,Y,T,1,0.83492345,28.706871526081446
18.0,104.99174879999998,105.27083333333333,1,1,0,0,0,0,0,0,0,2,1,2541.1666666666665,19.0,78.25041,1,1,BAGGAGE,LOWER VERTEX,LANG_02,Round-Trip,google,Direct,Direct,Logged-Out,AREA_C,AREA_B,AREA_C_TO_AREA_B,CA,BU,15_30,very_high,30_plus,Y,L,0,0.36666337,28.691558765000405
299.0,50.0836888,2.71875,2,2,0,0,0,0,0,1,0,4,1,66.16666666666667,17.0,93.746304,2,0,BAGGAGE,UPPER APEX,LANG_09,Round-Trip,samsung,Direct,Direct,Logged-In,AREA_B,AREA_B,AREA_B_TO_AREA_B,BE,BI,120_plus,mid,3_5,Y,U,0,0.30603513,28.689662445659636
28.0,94.7853598,126.00347222222223,2,2,0,0,0,0,0,0,0,2,1,3027.75,19.0,46.3112224,3,1,BAGGAGE,LOWER VERTEX,LANG_02,Round-Trip,google,Paid MetaSearches,Paid MetaSearches,Logged-Out,AREA_D,AREA_C,AREA_D_TO_AREA_C,DA,CA,15_30,high,30_plus,Y,O,0,0.6193673,28.683656845390892
138.0,147.7279511,9.253472222222221,4,2,0,2,0,1,0,0,0,2,1,224.5,19.0,32.3897592,1,1,BAGGAGE,SOUTH MERIDIAN,LANG_02,Round-Trip,apple,MetaSearches,MetaSearches,Logged-Out,AREA_B,AREA_C,AREA_B_TO_AREA_C,BI,CA,120_plus,very_high,9_14,Y,V,1,0.8855208,28.681805991946508
6.0,443.0519369,12.402777777777779,2,1,1,0,0,0,1,0,0,4,1,302.4166666666667,10.0,45.8760696,3,0,BAGGAGE,NEW HORIZON,LANG_02,Round-Trip,apple,Paid Search,Paid Search,Logged-Out,AREA_C,AREA_D,AREA_C_TO_AREA_D,CE,DA,4_7,very_high,9_14,Y,V,0,0.62432104,28.64139564395442
7.0,181.0154271,60.00347222222222,1,1,0,0,0,0,0,0,0,4,1,1441.0833333333333,20.0,65.8485552,2,0,BAGGAGE,LOWER VERTEX,LANG_02,Round-Trip,google,Paid Search,Email,Logged-Out,AREA_B,AREA_B,AREA_B_TO_AREA_B,BE,BU,4_7,very_high,30_plus,Y,U,0,0.43491998,28.638852517942002
53.0,122.0068229,13.239583333333334,3,3,0,0,0,0,0,0,0,2,1,332.25,20.0,33.53589,1,1,BAGGAGE,UPPER APEX,LANG_09,Round-Trip,mozilla,Affiliate,Affiliate,Logged-Out,AREA_C,AREA_B,AREA_C_TO_AREA_B,CA,BU,31_60,very_high,9_14,Y,O,0,0.8534821,28.62228273439765
319.0,117.585482,12.274305555555555,4,4,0,0,0,0,0,0,0,2,1,296.4166666666667,15.0,33.458796,1,1,BAGGAGE,UPPER APEX,LANG_09,Round-Trip,microsoft,Paid Search,Paid Search,Logged-Out,AREA_C,AREA_C,AREA_C_TO_AREA_C,CA,CE,120_plus,very_high,9_14,Y,L,1,0.8553238,28.61810425387573
51.0,211.8260442,16.725694444444443,2,2,0,0,0,0,0,1,0,4,1,402.3333333333333,23.0,45.3107136,3,0,BAGGAGE,UPPER APEX,LANG_09,Round-Trip,opera,Affiliate,Affiliate,Logged-In,AREA_C,AREA_D,AREA_C_TO_AREA_D,CU,DA,31_60,very_high,15_30,Y,O,0,0.6313008,28.604690061389924
224.0,110.0289851,15.253472222222221,4,2,0,1,1,1,0,0,0,2,1,368.5,9.0,32.2407108,1,1,BAGGAGE,SOUTH MERIDIAN,LANG_04,Round-Trip,mozilla,Direct,Direct,Logged-Out,AREA_B,AREA_C,AREA_B_TO_AREA_C,BI,CA,120_plus,very_high,15_30,Y,W,1,0.8867175,28.5884024240691
17.0,293.1340879,11.23611111111111,2,2,0,0,0,0,0,0,0,2,1,284.0833333333333,21.0,45.3107136,3,1,BAGGAGE,NORTH MERIDIAN,LANG_02,Round-Trip,apple,Direct,Direct,Logged-Out,AREA_C,AREA_B,AREA_C_TO_AREA_B,CA,BI,15_30,very_high,9_14,Y,T,0,0.63062274,28.57396656841507
27.0,280.0041231,19.427083333333332,3,2,1,0,0,0,1,1,0,2,1,482.4166666666667,20.0,34.345377,1,1,BAGGAGE,UPPER APEX,LANG_09,Round-Trip,google,Direct,Direct,Logged-In,AREA_C,AREA_B,AREA_C_TO_AREA_B,CA,BO,15_30,very_high,15_30,Y,O,0,0.83138424,28.554205208957253
214.0,245.0929618,14.21875,2,2,0,0,0,0,0,0,0,2,1,355.6666666666667,14.0,45.3107136,3,1,BAGGAGE,UPPER APEX,LANG_09,Round-Trip,google,Organic Search,Paid Search,Logged-Out,AREA_C,AREA_B,AREA_C_TO_AREA_B,CA,BI,120_plus,very_high,15_30,Y,L,0,0.63018566,28.554162122741317
191.0,251.1020108,18.07986111111111,2,2,0,0,0,0,0,0,0,2,1,448.4166666666667,20.0,45.3107136,3,1,BAGGAGE,UPPER APEX,LANG_09,Round-Trip,mozilla,Paid Search,Paid Search,Logged-Out,AREA_C,AREA_B,AREA_C_TO_AREA_B,CA,BI,120_plus,very_high,15_30,Y,O,0,0.63018566,28.554162122741317
170.0,282.742245,21.22222222222222,2,2,0,0,0,0,0,0,0,2,1,523.9166666666666,19.0,45.3107136,3,1,BAGGAGE,UPPER APEX,LANG_09,Round-Trip,mozilla,Paid Search,Paid Search,Logged-Out,AREA_C,AREA_B,AREA_C_TO_AREA_B,CA,BI,120_plus,very_high,15_30,Y,O,0,0.63018566,28.554162122741317
48.0,348.0657044,46.232638888888886,4,2,0,2,0,1,0,1,0,4,1,1110.9166666666667,10.0,34.5419667,3,0,BAGGAGE,UPPER MERIDIAN,LANG_02,Round-Trip,google,Paid Search,Paid Search,Logged-In,AREA_B,AREA_B,AREA_B_TO_AREA_B,BU,BO,31_60,very_high,30_plus,Y,O,0,0.8259317,28.529306241118583
23.0,35.4897946,9.506944444444445,1,1,0,0,0,0,0,1,0,4,1,230.16666666666666,11.0,102.02106,2,0,BAGGAGE,UPPER APEX,LANG_02,Round-Trip,apple,Paid Search,Paid Search,Logged-In,AREA_C,AREA_B,AREA_C_TO_AREA_B,CU,BE,15_30,mid,9_14,Y,V,0,0.27952555,28.517492726452947
297.0,418.440534,16.350694444444443,2,2,0,0,0,0,0,0,0,2,1,399.0833333333333,21.0,45.3107136,3,1,BAGGAGE,UPPER APEX,LANG_09,Round-Trip,microsoft,MetaSearches,MetaSearches,Logged-Out,AREA_C,AREA_B,AREA_C_TO_AREA_B,CA,BU,120_plus,very_high,15_30,Y,V,0,0.62934077,28.51587928932724
17.0,163.1647397,10.729166666666666,2,2,0,0,0,0,0,1,0,2,1,262.25,13.0,40.9728912,2,1,BAGGAGE,LOWER VERTEX,LANG_02,Round-Trip,google,Direct,Organic Search,Logged-In,AREA_B,AREA_C,AREA_B_TO_AREA_C,BU,CA,15_30,very_high,9_14,Y,O,1,0.6957367,28.506344369308948
54.0,131.9489508,14.447916666666666,3,2,0,0,1,1,0,0,0,2,1,350.9166666666667,21.0,37.4985216,3,1,BAGGAGE,UPPER APEX,LANG_09,Round-Trip,google,Direct,Direct,Logged-Out,AREA_C,AREA_C,AREA_C_TO_AREA_C,CA,CE,31_60,very_high,15_30,Y,O,0,0.7601917,28.506064095153807
181.0,269.58187089999996,13.770833333333334,2,2,0,0,0,0,0,0,0,2,1,334.0,11.0,47.181528,3,1,BAGGAGE,LOWER VERTEX,LANG_02,Round-Trip,google,Direct,Direct,Logged-Out,AREA_B,AREA_C,AREA_B_TO_AREA_C,BU,CA,120_plus,very_high,9_14,Y,W,0,0.60410506,28.50259958309698
28.0,239.60258410000003,19.319444444444443,2,2,0,0,0,0,0,0,0,3,1,479.8333333333333,10.0,44.71452,3,1,BAGGAGE,UPPER VERTEX,LANG_11,Round-Trip,google,Organic Search,Organic Search,Logged-Out,AREA_C,AREA_B,AREA_C_TO_AREA_B,CA,BO,15_30,very_high,15_30,Y,U,0,0.6372514,28.494389446620943
336.0,264.4786764,21.010416666666668,2,2,0,0,0,0,0,0,0,2,1,510.9166666666667,9.0,45.3107136,3,1,BAGGAGE,UPPER APEX,LANG_09,Round-Trip,google,Paid Search,Paid Search,Logged-Out,AREA_C,AREA_B,AREA_C_TO_AREA_B,CA,BU,120_plus,very_high,15_30,Y,L,0,0.62852114,28.47874156500435
19.0,55.1106459,,2,2,0,0,0,0,0,1,0,1,0,4.833333333333333,10.0,43.7097282,1,1,BAGGAGE,UPPER APEX,LANG_09,One-Way,microsoft,Paid Search,Paid Search,Logged-In,AREA_B,AREA_C,AREA_B_TO_AREA_C,BO,CA,15_30,high,unknown_or_oneway,Y,U,0,0.65112334,28.46042443017622
108.0,180.2256419,22.552083333333332,2,2,0,0,0,0,0,1,0,4,1,543.4166666666666,20.0,46.6470096,4,0,BAGGAGE,WEST APEX,LANG_02,Round-Trip,apple,Direct,Direct,Logged-In,AREA_B,AREA_C,AREA_B_TO_AREA_C,BE,CA,61_120,very_high,15_30,Y,L,0,0.60948336,28.43057620299854
1.0,130.5989492,,1,1,0,0,0,0,0,0,0,2,1,28.583333333333332,23.0,49.314462,1,0,BAGGAGE,NORTH MERIDIAN,LANG_02,One-Way,google,Direct,Direct,Logged-Out,AREA_B,AREA_B,AREA_B_TO_AREA_B,BI,BO,0_3,very_high,unknown_or_oneway,Y,V,0,0.57648945,28.4292670037899
143.0,427.006534,16.39236111111111,2,2,0,0,0,0,0,0,0,2,1,400.6666666666667,12.0,45.3107136,3,1,BAGGAGE,UPPER APEX,LANG_09,Round-Trip,google,Direct,Paid Search,Logged-Out,AREA_C,AREA_B,AREA_C_TO_AREA_B,CA,BU,120_plus,very_high,15_30,Y,S,0,0.62738633,28.42732238578949
87.0,409.7670307,11.319444444444445,3,2,0,1,0,1,0,0,0,2,1,287.8333333333333,9.0,35.398995,3,1,BAGGAGE,UPPER APEX,LANG_09,Round-Trip,mozilla,Direct,Direct,Logged-Out,AREA_C,AREA_B,AREA_C_TO_AREA_B,CA,BO,61_120,very_high,9_14,Y,O,1,0.8027155,28.41532127453953
164.0,561.0113248,19.22222222222222,4,3,1,0,0,0,1,0,0,2,1,481.9166666666667,13.0,33.9830352,2,1,BAGGAGE,UPPER APEX,LANG_09,Round-Trip,mozilla,Direct,Direct,Logged-Out,AREA_C,AREA_D,AREA_C_TO_AREA_D,CA,DA,120_plus,very_high,15_30,Y,W,1,0.83588415,28.40588062316637
33.0,281.0110564,,2,2,0,0,0,0,0,1,0,1,0,4.666666666666667,14.0,44.71452,4,1,BAGGAGE,NORTH MERIDIAN,LANG_02,Round-Trip,microsoft,Paid Search,Paid Search,Logged-In,AREA_C,AREA_B,AREA_C_TO_AREA_B,CA,BI,31_60,very_high,unknown_or_oneway,Y,V,0,0.6351355,28.399777757442
148.0,67.9052518,,4,2,1,1,0,1,1,0,0,2,1,4.666666666666667,20.0,33.1983896,2,0,BAGGAGE,LOWER VERTEX,LANG_02,One-Way,apple,Paid Search,Paid Search,Logged-Out,AREA_B,AREA_C,AREA_B_TO_AREA_C,BI,CE,120_plus,high,unknown_or_oneway,Y,L,0,0.855415,28.39839999517126
4.0,62.5318,,2,1,0,1,0,1,0,0,0,1,0,2.4166666666666665,8.0,35.5420472,1,0,BAGGAGE,UPPER VERTEX,LANG_11,One-Way,google,MetaSearches,MetaSearches,Logged-Out,AREA_B,AREA_B,AREA_B_TO_AREA_B,BE,BA,4_7,high,unknown_or_oneway,Y,S,0,0.7986918,28.387141980036496
12.0,70.7076187,,1,1,0,0,0,0,0,1,1,1,0,3.9166666666666665,17.0,57.1557784,2,1,BAGGAGE,UPPER VERTEX,LANG_10,One-Way,google,MetaSearches,Organic Search,Logged-In,AREA_C,AREA_B,AREA_C_TO_AREA_B,CA,BA,8_14,high,unknown_or_oneway,Y,H,0,0.49649954,28.37781759372902
28.0,150.03349,5.166666666666667,5,4,0,1,0,1,0,1,0,2,1,126.41666666666667,15.0,33.458796,2,1,BAGGAGE,UPPER APEX,LANG_09,Round-Trip,google,Direct,Direct,Logged-In,AREA_C,AREA_B,AREA_C_TO_AREA_B,CA,BA,15_30,very_high,6_8,Y,O,0,0.84812284,28.377168924536704
107.0,529.8482167999999,,2,2,0,0,0,0,0,1,0,3,1,7.666666666666667,18.0,45.3107136,3,1,BAGGAGE,UPPER APEX,LANG_09,Round-Trip,apple,Direct,Direct,Logged-In,AREA_C,AREA_B,AREA_C_TO_AREA_B,CA,BU,61_120,very_high,unknown_or_oneway,Y,T,0,0.6262255,28.374722988006592
37.0,239.942226,7.239583333333333,2,2,0,0,0,0,0,0,0,2,1,188.25,21.0,44.71452,3,1,BAGGAGE,UPPER APEX,LANG_09,Round-Trip,apple,Direct,MetaSearches,Logged-Out,AREA_C,AREA_B,AREA_C_TO_AREA_B,CA,BU,31_60,very_high,6_8,Y,O,0,0.63450927,28.37177723893404
8.0,100.6796244,9.145833333333334,3,2,1,0,0,0,1,1,1,2,1,221.83333333333334,8.0,33.715776,1,0,BAGGAGE,UPPER APEX,LANG_09,Round-Trip,google,Paid Search,Affiliate,Logged-In,AREA_B,AREA_B,AREA_B_TO_AREA_B,BE,BA,8_14,high,9_14,Y,S,0,0.8414612,28.370516712890623
13.0,82.6837433,9.78125,1,1,0,0,0,0,0,0,0,3,1,238.08333333333334,11.0,78.828615,2,0,BAGGAGE,NEW MERIDIAN,LANG_02,Round-Trip,google,Organic Search,Organic Search,Logged-Out,AREA_B,AREA_B,AREA_B_TO_AREA_B,BU,BE,8_14,high,9_14,Y,L,0,0.3596905,28.35390294921845
56.0,180.11128580000002,45.22222222222222,2,2,0,0,0,0,0,0,0,2,1,1099.9166666666667,19.0,45.3107136,3,1,BAGGAGE,UPPER VERTEX,LANG_11,Round-Trip,google,Paid Search,Paid Search,Logged-Out,AREA_C,AREA_B,AREA_C_TO_AREA_B,CA,BI,31_60,very_high,30_plus,Y,O,0,0.62486035,28.3128681919796
11.0,61.8829255,3.8020833333333335,3,1,1,1,0,1,1,0,0,2,1,92.41666666666667,21.0,40.47435,3,1,BAGGAGE,UPPER MERIDIAN,LANG_01,Round-Trip,apple,Direct,Direct,Logged-Out,AREA_C,AREA_C,AREA_C_TO_AREA_C,CE,CA,8_14,high,3_5,Y,V,0,0.6992947,28.303497887152435
11.0,99.943805,,1,1,0,0,0,0,0,0,0,1,0,5.833333333333333,14.0,50.8383534,1,1,BAGGAGE,EAST ZENITH,LANG_08,One-Way,google,MetaSearches,MetaSearches,Logged-Out,AREA_C,AREA_C,AREA_C_TO_AREA_C,CA,CA,8_14,high,unknown_or_oneway,Y,S,0,0.55666554,28.29995943498094
18.0,353.2665513,22.680555555555557,3,2,0,1,0,1,0,0,0,4,1,550.9166666666666,18.0,32.413744,1,0,BAGGAGE,WEST AURORA,LANG_02,Round-Trip,apple,Direct,Direct,Logged-Out,AREA_C,AREA_D,AREA_C_TO_AREA_D,CU,DA,15_30,very_high,15_30,Y,T,0,0.87247753,28.280263349624637
3.0,105.7918132,,1,1,0,0,0,0,0,0,0,2,1,7.583333333333333,18.0,45.8092548,2,0,BAGGAGE,EAST AURORA,LANG_02,One-Way,apple,Paid Search,Paid Search,Logged-Out,AREA_D,AREA_B,AREA_D_TO_AREA_B,DA,BU,0_3,very_high,unknown_or_oneway,Y,Q,0,0.6171597,28.271627059803343
37.0,29.3595367,,1,1,0,0,0,0,0,0,0,2,1,4.25,9.0,72.121437,3,0,BAGGAGE,LOWER ZENITH,LANG_02,One-Way,google,Paid Search,MetaSearches,Logged-Out,AREA_C,AREA_B,AREA_C_TO_AREA_B,CE,BI,31_60,low,unknown_or_oneway,Y,W,0,0.39177492,28.255370399148614
174.0,216.9926271,9.552083333333334,2,2,0,0,0,0,0,0,0,4,1,232.5,1.0,45.6593498,4,0,BAGGAGE,LOWER VERTEX,LANG_02,Round-Trip,google,Direct,Direct,Logged-Out,AREA_D,AREA_C,AREA_D_TO_AREA_C,DA,CU,120_plus,very_high,9_14,Y,U,0,0.6187358,28.2510738809268
,404.9083955,37.197916666666664,5,2,0,3,0,1,0,1,0,4,1,893.6666666666666,17.0,29.80968,2,0,BAGGAGE,UPPER APEX,LANG_09,Round-Trip,mozilla,Internal,Internal,Logged-In,AREA_C,AREA_B,AREA_C_TO_AREA_B,CA,BU,,very_high,30_plus,Y,L,1,0.94769025,28.2503430465889
169.0,333.033231,,2,2,0,0,0,0,0,0,0,2,1,493.6666666666667,21.0,44.71452,4,1,BAGGAGE,UPPER APEX,LANG_09,Multi-City,apple,Affiliate,Affiliate,Logged-Out,AREA_C,AREA_C,AREA_C_TO_AREA_C,CA,CA,120_plus,very_high,unknown_or_oneway,Y,L,0,0.6312531,28.22618040611744
6.0,29.7017484,,1,1,0,0,0,0,0,1,0,1,0,2.0,,78.1724594,3,1,BAGGAGE,SOUTH HORIZON,LANG_02,One-Way,apple,Organic Search,Organic Search,Logged-In,AREA_C,AREA_C,AREA_C_TO_AREA_C,CA,CA,4_7,low,unknown_or_oneway,Y,T,0,0.3609963,28.219969069842826
55.0,736.7976372,15.552083333333334,2,2,0,0,0,0,0,1,0,4,1,375.1666666666667,20.0,46.0559556,3,0,BAGGAGE,SOUTH HORIZON,LANG_02,Round-Trip,microsoft,MetaSearches,MetaSearches,Logged-In,AREA_C,AREA_B,AREA_C_TO_AREA_B,CA,BU,31_60,very_high,15_30,Y,B,0,0.6126236,28.214964047644184
16.0,106.7079469,6.065972222222222,1,1,0,0,0,0,0,1,1,4,1,146.5,23.0,115.949376,2,0,BAGGAGE,UPPER APEX,LANG_09,Round-Trip,apple,Direct,Direct,Logged-In,AREA_B,AREA_B,AREA_B_TO_AREA_B,BE,BU,15_30,very_high,6_8,Y,O,1,0.24326551,28.206484041069032
139.0,410.2398739,16.77777777777778,2,2,0,0,0,0,0,0,0,2,1,406.0,19.0,46.8011976,3,1,BAGGAGE,LOWER VERTEX,LANG_02,Round-Trip,google,Paid Search,Paid Search,Logged-Out,AREA_D,AREA_C,AREA_D_TO_AREA_C,DA,CA,120_plus,very_high,15_30,Y,W,0,0.6026745,28.205887625999452
58.0,218.030398,66.67013888888889,3,2,0,1,0,1,0,1,0,2,1,1604.1666666666667,8.0,35.398995,4,1,BAGGAGE,UPPER APEX,LANG_02,Round-Trip,microsoft,Direct,Direct,Logged-In,AREA_C,AREA_C,AREA_C_TO_AREA_C,CA,CE,31_60,very_high,30_plus,Y,O,0,0.79668355,28.201796998819113
34.0,95.9443396,,1,1,0,0,0,0,0,0,0,1,0,14.916666666666666,20.0,59.2287504,2,1,BAGGAGE,LOWER VERTEX,LANG_02,One-Way,google,Direct,Paid Search,Logged-Out,AREA_B,AREA_C,AREA_B_TO_AREA_C,BU,CA,31_60,high,unknown_or_oneway,Y,V,0,0.47603387,28.19489105527754
56.0,187.4643402,4.204861111111111,3,3,0,0,0,0,0,1,1,2,1,104.91666666666667,20.0,40.6233984,4,1,BAGGAGE,UPPER APEX,LANG_09,Round-Trip,microsoft,Paid Search,Paid Search,Logged-In,AREA_C,AREA_B,AREA_C_TO_AREA_B,CA,BU,31_60,very_high,3_5,Y,U,0,0.6940143,28.193219844424437
145.0,255.8998274,12.958333333333334,2,2,0,0,0,0,0,0,0,2,1,316.9166666666667,23.0,39.31794,1,1,BAGGAGE,UPPER APEX,LANG_09,Round-Trip,apple,Paid Search,Paid Search,Logged-Out,AREA_C,AREA_C,AREA_C_TO_AREA_C,CA,CA,120_plus,very_high,9_14,Y,L,0,0.71672523,28.180159598157406
160.0,237.646538,14.302083333333334,2,2,0,0,0,0,0,1,0,2,1,359.5,21.0,44.71452,3,1,BAGGAGE,UPPER APEX,LANG_09,Round-Trip,google,Organic Search,Paid Search,Logged-In,AREA_C,AREA_B,AREA_C_TO_AREA_B,CA,BO,120_plus,very_high,15_30,Y,O,0,0.63018566,28.178449463231562
186.0,266.0059942,14.21875,2,2,0,0,0,0,0,0,0,2,1,361.8333333333333,11.0,44.71452,3,1,BAGGAGE,UPPER APEX,LANG_09,Round-Trip,google,Paid Search,Organic Search,Logged-Out,AREA_C,AREA_D,AREA_C_TO_AREA_D,CA,DA,120_plus,very_high,15_30,Y,O,0,0.63018566,28.178449463231562
137.0,227.071811,16.302083333333332,2,2,0,0,0,0,0,0,0,2,1,407.5,20.0,44.71452,3,1,BAGGAGE,UPPER APEX,LANG_09,Round-Trip,google,Paid Search,Paid Search,Logged-Out,AREA_C,AREA_B,AREA_C_TO_AREA_B,CA,BO,120_plus,very_high,15_30,Y,O,0,0.63018566,28.178449463231562
330.0,275.86546020000003,21.302083333333332,2,2,0,0,0,0,0,0,0,2,1,527.5,16.0,44.71452,3,1,BAGGAGE,UPPER APEX,LANG_09,Round-Trip,google,Paid Search,Paid Search,Logged-Out,AREA_C,AREA_B,AREA_C_TO_AREA_B,CA,BO,120_plus,very_high,15_30,Y,W,0,0.63018566,28.178449463231562
92.0,237.62854940000005,20.364583333333332,2,2,0,0,0,0,0,1,0,2,1,505.0,19.0,44.71452,3,1,BAGGAGE,UPPER APEX,LANG_09,Round-Trip,google,Paid Search,Paid Search,Logged-In,AREA_C,AREA_B,AREA_C_TO_AREA_B,CA,BO,61_120,very_high,15_30,Y,O,0,0.63018566,28.178449463231562
106.0,238.8826118,10.21875,2,1,0,1,0,1,0,0,0,2,1,259.6666666666667,21.0,45.3107136,3,1,BAGGAGE,UPPER APEX,LANG_09,Round-Trip,google,Paid Search,Paid Search,Logged-Out,AREA_C,AREA_B,AREA_C_TO_AREA_B,CA,BI,61_120,very_high,9_14,Y,L,0,0.6217413,28.171541744732664
187.0,139.5778304,7.180555555555555,2,2,0,0,0,0,0,0,1,2,1,177.41666666666666,20.0,46.873152,4,1,BAGGAGE,UPPER APEX,LANG_02,Round-Trip,apple,Direct,Direct,Logged-Out,AREA_C,AREA_B,AREA_C_TO_AREA_B,CA,BO,120_plus,very_high,6_8,Y,W,0,0.60075414,28.159240203575134
2.0,79.6008399,5.326388888888889,2,2,0,0,0,0,0,0,0,3,1,132.58333333333334,18.0,41.193894,2,0,BAGGAGE,NEW HORIZON,LANG_02,Round-Trip,google,Organic Search,Organic Search,Logged-Out,AREA_C,AREA_B,AREA_C_TO_AREA_B,CE,BE,0_3,high,6_8,Y,L,0,0.6835038,28.156183357307555
108.0,354.7274826,,2,2,0,0,0,0,0,0,0,2,1,470.75,15.0,45.3107136,3,1,BAGGAGE,UPPER APEX,LANG_09,Multi-City,google,Organic Search,Paid Search,Logged-Out,AREA_C,AREA_C,AREA_C_TO_AREA_C,CA,CA,61_120,very_high,unknown_or_oneway,Y,L,0,0.6212818,28.15072182495918
118.0,363.4091236,,2,2,0,0,0,0,0,0,0,2,1,278.75,21.0,45.3107136,3,1,BAGGAGE,UPPER APEX,LANG_09,Multi-City,google,Paid Search,Paid Search,Logged-Out,AREA_C,AREA_C,AREA_C_TO_AREA_C,CA,CA,61_120,very_high,unknown_or_oneway,Y,L,0,0.6212818,28.15072182495918
16.0,144.8536298,6.590277777777778,2,2,0,0,0,0,0,0,0,2,1,165.0,21.0,41.3712102,1,1,BAGGAGE,NORTH VERTEX,LANG_02,Round-Trip,apple,Paid Search,Paid Search,Logged-Out,AREA_B,AREA_C,AREA_B_TO_AREA_C,BA,CA,15_30,very_high,6_8,Y,L,0,0.6801667,28.139320399767207
63.0,138.2805097,,2,2,0,0,0,0,0,0,0,2,1,7.166666666666667,18.0,43.5002895,3,0,BAGGAGE,SOUTH HORIZON,LANG_02,One-Way,google,Paid Search,Paid Search,Logged-Out,AREA_C,AREA_C,AREA_C_TO_AREA_C,CE,CA,61_120,very_high,unknown_or_oneway,Y,W,0,0.64685374,28.138325170948953
79.0,117.7212531,,2,2,0,0,0,0,0,0,0,2,1,19.666666666666668,17.0,43.5002895,3,0,BAGGAGE,NEW VERTEX,LANG_02,One-Way,google,Internal,Internal,Logged-Out,AREA_C,AREA_C,AREA_C_TO_AREA_C,CE,CA,61_120,very_high,unknown_or_oneway,Y,W,0,0.64685374,28.138325170948953
11.0,88.43367079999999,54.892361111111114,1,1,0,0,0,0,0,0,0,4,1,1321.0833333333333,13.0,67.6808226,1,0,BAGGAGE,NORTH MERIDIAN,LANG_02,Round-Trip,google,Organic Search,Organic Search,Logged-Out,AREA_B,AREA_C,AREA_B_TO_AREA_C,BI,CU,8_14,high,30_plus,Y,O,0,0.4156387,28.130768120507955
64.0,192.1859194,11.319444444444445,2,2,0,0,0,0,0,0,0,2,1,287.8333333333333,13.0,44.71452,3,1,BAGGAGE,UPPER APEX,LANG_09,Round-Trip,google,Direct,Paid Search,Logged-Out,AREA_C,AREA_B,AREA_C_TO_AREA_B,CA,BO,61_120,very_high,9_14,Y,O,0,0.62905294,28.1278001339221
171.0,200.799889,18.21875,2,1,0,1,0,1,0,1,0,2,1,451.6666666666667,21.0,45.3107136,3,1,BAGGAGE,NORTH MERIDIAN,LANG_02,Round-Trip,google,Organic Search,Organic Search,Logged-In,AREA_C,AREA_B,AREA_C_TO_AREA_B,CA,BI,120_plus,very_high,15_30,Y,L,0,0.62055767,28.117910668476103
122.0,300.0228651,10.01388888888889,2,2,0,0,0,0,0,1,0,2,1,246.25,18.0,46.0559556,3,1,BAGGAGE,UPPER VERTEX,LANG_02,Round-Trip,google,Internal,Internal,Logged-In,AREA_C,AREA_C,AREA_C_TO_AREA_C,CA,CA,120_plus,very_high,9_14,Y,O,0,0.6102413,28.105245937474965
25.0,177.9530821,21.336805555555557,1,1,0,0,0,0,0,0,0,3,1,513.0,2.0,94.39732,4,0,BAGGAGE,UPPER APEX,LANG_09,Round-Trip,apple,Direct,Direct,Logged-Out,AREA_B,AREA_C,AREA_B_TO_AREA_C,BE,CA,15_30,very_high,15_30,Y,W,0,0.29765713,28.098035553727147
26.0,189.95105,,1,1,0,0,0,0,0,1,1,2,1,19.166666666666668,16.0,55.2584094,3,0,BAGGAGE,NORTH MERIDIAN,LANG_02,One-Way,samsung,Direct,Direct,Logged-In,AREA_B,AREA_B,AREA_B_TO_AREA_B,BI,BO,15_30,very_high,unknown_or_oneway,Y,M,0,0.508374,28.09193728050828
180.0,145.8387198,14.461805555555555,1,1,0,0,0,0,0,1,0,4,1,347.9166666666667,13.0,89.42904,2,0,BAGGAGE,UPPER APEX,LANG_02,Round-Trip,apple,Direct,Direct,Logged-In,AREA_B,AREA_B,AREA_B_TO_AREA_B,BE,BU,120_plus,very_high,15_30,Y,S,0,0.31408957,28.088728403356075
7.0,27.0891184,,1,1,0,0,0,0,0,0,0,1,0,3.0833333333333335,12.0,73.384922,1,1,BAGGAGE,NEW HORIZON,LANG_02,One-Way,apple,Paid Search,Organic Search,Logged-Out,AREA_C,AREA_C,AREA_C_TO_AREA_C,CE,CA,4_7,low,unknown_or_oneway,Y,V,0,0.38261732,28.078342520935955
63.0,160.00988189999998,30.524305555555557,2,2,0,0,0,0,0,0,0,2,1,736.0833333333334,17.0,41.2178788,2,1,BAGGAGE,LOWER VERTEX,LANG_02,Round-Trip,apple,Paid Search,Paid Search,Logged-Out,AREA_B,AREA_C,AREA_B_TO_AREA_C,BU,CA,61_120,very_high,30_plus,Y,O,0,0.68113565,28.074966851456644
72.0,73.7978032,8.274305555555555,3,2,0,0,1,1,0,0,0,4,1,200.5,21.0,35.3039124,2,0,BAGGAGE,UPPER MERIDIAN,LANG_01,Round-Trip,google,Paid Search,Paid Search,Logged-Out,AREA_C,AREA_C,AREA_C_TO_AREA_C,CU,CE,61_120,high,9_14,Y,S,0,0.7949079,28.06335983898883
87.0,260.4445187,21.23611111111111,2,2,0,0,0,0,0,0,0,2,1,524.0833333333334,16.0,44.71452,4,1,BAGGAGE,NORTH MERIDIAN,LANG_02,Round-Trip,google,MetaSearches,Referrals,Logged-Out,AREA_C,AREA_B,AREA_C_TO_AREA_B,CA,BI,61_120,very_high,15_30,Y,L,0,0.6274189,28.05473386560917
66.0,283.0060778,15.239583333333334,2,2,0,0,0,0,0,0,0,2,1,380.25,19.0,44.71452,3,1,BAGGAGE,UPPER APEX,LANG_09,Round-Trip,apple,Direct,Organic Search,Logged-Out,AREA_C,AREA_B,AREA_C_TO_AREA_B,CA,BU,61_120,very_high,15_30,Y,W,0,0.62738633,28.053278670186998
111.0,401.942418,21.88888888888889,2,2,0,0,0,0,0,1,0,2,1,532.5833333333334,18.0,44.7033842,3,1,BAGGAGE,UPPER APEX,LANG_09,Round-Trip,google,Direct,Paid Search,Logged-In,AREA_C,AREA_B,AREA_C_TO_AREA_B,CA,BU,61_120,very_high,15_30,Y,S,0,0.62738633,28.046292221476033
293.0,162.1141198,6.246527777777778,2,2,0,0,0,0,0,1,1,2,1,164.08333333333334,5.0,45.3107136,3,1,BAGGAGE,UPPER APEX,LANG_09,Round-Trip,google,Email,Email,Logged-In,AREA_C,AREA_B,AREA_C_TO_AREA_B,CA,BU,120_plus,very_high,6_8,Y,U,0,0.6187092,28.03415566108017
294.0,419.4239108,22.010416666666668,2,2,0,0,0,0,0,1,0,2,1,534.9166666666666,20.0,45.3107136,3,1,BAGGAGE,UPPER APEX,LANG_09,Round-Trip,google,Paid Search,Paid Search,Logged-In,AREA_C,AREA_B,AREA_C_TO_AREA_B,CA,BU,120_plus,very_high,15_30,Y,S,0,0.6185206,28.02561055456009
130.0,401.87389,14.39236111111111,2,2,0,0,0,0,0,0,0,2,1,352.6666666666667,22.0,45.3107136,3,1,BAGGAGE,UPPER APEX,LANG_09,Round-Trip,google,Paid Search,Paid Search,Logged-Out,AREA_C,AREA_B,AREA_C_TO_AREA_B,CA,BU,120_plus,very_high,15_30,Y,V,0,0.6185206,28.02561055456009
76.0,607.9255936,22.0,2,2,0,0,0,0,0,0,0,2,1,535.25,17.0,45.3107136,3,1,BAGGAGE,UPPER APEX,LANG_09,Round-Trip,google,Paid Search,Paid Search,Logged-Out,AREA_C,AREA_B,AREA_C_TO_AREA_B,CA,BU,61_120,very_high,15_30,Y,H,0,0.6185206,28.02561055456009
171.0,461.8718672,12.0,2,2,0,0,0,0,0,0,0,2,1,295.25,23.0,45.3107136,3,1,BAGGAGE,UPPER APEX,LANG_09,Round-Trip,microsoft,Paid Search,Organic Search,Logged-Out,AREA_C,AREA_B,AREA_C_TO_AREA_B,CA,BU,120_plus,very_high,9_14,Y,S,0,0.6185206,28.02561055456009
191.0,655.4510465,,5,3,2,0,0,0,1,1,0,1,0,2.5833333333333335,10.0,33.9830352,1,1,BAGGAGE,UPPER APEX,LANG_09,One-Way,google,Paid Search,Paid Search,Logged-In,AREA_C,AREA_B,AREA_C_TO_AREA_B,CA,BU,120_plus,very_high,unknown_or_oneway,Y,T,1,0.8243429,28.01367400761252
17.0,106.55161739999998,,2,2,0,0,0,0,0,0,0,1,0,11.083333333333334,13.0,40.7214791,1,1,BAGGAGE,UPPER APEX,LANG_02,One-Way,google,Paid Search,Paid Search,Logged-Out,AREA_C,AREA_B,AREA_C_TO_AREA_B,CA,BO,15_30,very_high,unknown_or_oneway,Y,U,0,0.6879268,28.013397983802125
8.0,96.020577,2.7465277777777777,2,2,0,0,0,0,0,0,0,4,1,70.66666666666667,14.0,64.0599744,3,0,BAGGAGE,NEW HORIZON,LANG_02,Round-Trip,google,MetaSearches,Organic Search,Logged-Out,AREA_C,AREA_B,AREA_C_TO_AREA_B,CE,BU,8_14,high,3_5,Y,W,0,0.43721613,28.008054279512216
253.0,487.9519108,12.54861111111111,2,2,0,0,0,0,0,1,0,2,1,308.4166666666667,22.0,45.3107136,3,1,BAGGAGE,UPPER APEX,LANG_09,Round-Trip,apple,Direct,Direct,Logged-In,AREA_C,AREA_B,AREA_C_TO_AREA_B,CA,BU,120_plus,very_high,9_14,Y,Q,0,0.6181194,28.0074319477375
87.0,521.2822168,20.88888888888889,2,2,0,0,0,0,0,1,0,2,1,508.5833333333333,2.0,45.3107136,3,1,BAGGAGE,UPPER APEX,LANG_02,Round-Trip,apple,Direct,Direct,Logged-In,AREA_C,AREA_B,AREA_C_TO_AREA_B,CA,BU,61_120,very_high,15_30,Y,K,0,0.6181194,28.0074319477375
66.0,223.4158422,,2,2,0,0,0,0,0,1,0,1,0,3.25,2.0,39.5132448,1,0,BAGGAGE,UPPER APEX,LANG_02,One-Way,google,Paid Search,Paid Search,Logged-In,AREA_B,AREA_B,AREA_B_TO_AREA_B,BE,BU,61_120,very_high,unknown_or_oneway,Y,Q,0,0.7076565,27.961804626433185
49.0,392.1052236,,2,2,0,0,0,0,0,1,0,2,1,305.9166666666667,14.0,45.3107136,3,1,BAGGAGE,UPPER APEX,LANG_09,Multi-City,google,Paid Search,Organic Search,Logged-In,AREA_C,AREA_C,AREA_C_TO_AREA_C,CA,CA,31_60,very_high,unknown_or_oneway,Y,L,0,0.6170956,27.961041525899507
4.0,50.5338321,,1,1,0,0,0,0,0,0,0,2,1,7.916666666666667,23.0,46.6512926,3,0,BAGGAGE,NORTH VERTEX,LANG_02,One-Way,google,MetaSearches,Organic Search,Logged-Out,AREA_B,AREA_B,AREA_B_TO_AREA_B,BA,BE,4_7,mid,unknown_or_oneway,Y,T,0,0.59918225,27.95262637756383
163.0,492.0537398999999,20.697916666666668,3,3,0,0,0,0,0,0,0,2,1,502.0,21.0,34.6177758,2,1,BAGGAGE,LOWER VERTEX,LANG_02,Round-Trip,apple,Paid Search,MetaSearches,Logged-Out,AREA_B,AREA_C,AREA_B_TO_AREA_C,BO,CA,120_plus,very_high,15_30,Y,U,0,0.80723184,27.944570975918015
35.0,217.5104418,49.31944444444444,2,2,0,0,0,0,0,0,0,2,1,1199.8333333333333,22.0,44.71452,3,1,BAGGAGE,LOWER VERTEX,LANG_02,Round-Trip,apple,Paid Search,Paid Search,Logged-Out,AREA_C,AREA_B,AREA_C_TO_AREA_B,CA,BO,31_60,very_high,30_plus,Y,U,0,0.62486035,27.940330452611448
136.0,402.8898176,14.89236111111111,2,2,0,0,0,0,0,1,1,2,1,364.6666666666667,17.0,44.71452,4,1,BAGGAGE,UPPER APEX,LANG_09,Round-Trip,apple,Direct,Partners,Logged-In,AREA_C,AREA_B,AREA_C_TO_AREA_B,CA,BU,120_plus,very_high,15_30,Y,S,0,0.62479025,27.937196185548306
206.0,224.189352,8.229166666666666,2,2,0,0,0,0,0,1,1,2,1,212.16666666666666,22.0,44.71452,3,1,BAGGAGE,UPPER APEX,LANG_09,Round-Trip,google,Direct,Paid Search,Logged-In,AREA_C,AREA_B,AREA_C_TO_AREA_B,CA,BU,120_plus,very_high,9_14,Y,O,0,0.62479025,27.937196185548306
140.0,132.9717312,23.229166666666668,1,1,0,0,0,0,0,0,0,2,1,571.9166666666666,20.0,90.6214272,2,1,BAGGAGE,UPPER APEX,LANG_09,Round-Trip,mozilla,Paid Search,Paid Search,Logged-Out,AREA_C,AREA_B,AREA_C_TO_AREA_B,CA,BU,120_plus,very_high,15_30,Y,U,0,0.30823067,27.932303068731308
56.0,106.1061854,,3,2,0,0,1,1,0,1,0,2,1,14.5,15.0,35.3458858,2,0,BAGGAGE,LOWER ZENITH,LANG_02,One-Way,apple,Direct,Direct,Logged-In,AREA_C,AREA_B,AREA_C_TO_AREA_B,CE,BO,31_60,very_high,unknown_or_oneway,Y,W,0,0.789885,27.91918445703338
59.0,217.6397884,69.23958333333333,2,2,0,0,0,0,0,0,0,2,1,1676.25,20.0,44.71452,3,1,BAGGAGE,UPPER APEX,LANG_09,Round-Trip,google,Paid Search,Paid Search,Logged-Out,AREA_C,AREA_B,AREA_C_TO_AREA_B,CA,BU,31_60,very_high,30_plus,Y,O,0,0.6243665,27.918249327936174
57.0,160.1041079,20.760416666666668,2,2,0,0,0,0,0,0,0,2,1,503.0,12.0,41.2178788,2,1,BAGGAGE,LOWER VERTEX,LANG_02,Round-Trip,apple,Paid Search,Paid Search,Logged-Out,AREA_B,AREA_C,AREA_B_TO_AREA_C,BU,CA,31_60,very_high,15_30,Y,O,0,0.67726743,27.915526936135628
37.0,205.1411378,13.128472222222221,2,2,0,0,0,0,0,0,0,5,1,317.1666666666667,22.0,38.8044083,1,0,BAGGAGE,LOWER ZENITH,LANG_02,Round-Trip,apple,Direct,Direct,Logged-Out,AREA_C,AREA_B,AREA_C_TO_AREA_B,CE,BO,31_60,very_high,9_14,Y,W,0,0.71939033,27.91551619711793
158.0,297.7044772,7.315972222222222,4,4,0,0,0,0,0,0,0,2,1,194.91666666666666,11.0,34.8109391,3,0,BAGGAGE,EAST ZENITH,LANG_08,Round-Trip,microsoft,MetaSearches,MetaSearches,Logged-Out,AREA_C,AREA_B,AREA_C_TO_AREA_B,CA,BE,120_plus,very_high,6_8,Y,O,0,0.80174106,27.90935933876844
33.0,365.2679456,,2,2,0,0,0,0,0,1,0,2,1,409.8333333333333,9.0,45.3107136,3,1,BAGGAGE,UPPER APEX,LANG_02,Multi-City,google,Organic Search,Paid Search,Logged-In,AREA_C,AREA_C,AREA_C_TO_AREA_C,CA,CA,31_60,very_high,unknown_or_oneway,Y,H,0,0.6159064,27.907159281847
40.0,242.6645008,15.51736111111111,2,2,0,0,0,0,0,0,0,4,1,376.0,23.0,44.4386948,4,0,BAGGAGE,LOWER VERTEX,LANG_02,Round-Trip,google,Paid Search,Paid Search,Logged-Out,AREA_D,AREA_C,AREA_D_TO_AREA_C,DA,CU,31_60,very_high,15_30,Y,U,0,0.627748,27.89630234069271
16.0,36.7815474,,2,1,0,1,0,1,0,1,0,2,1,5.75,6.0,38.007342,2,0,BAGGAGE,NEW APEX,LANG_02,One-Way,apple,Direct,Email,Logged-In,AREA_C,AREA_C,AREA_C_TO_AREA_C,CE,CU,15_30,mid,unknown_or_oneway,Y,V,0,0.73393834,27.895045357415917
32.0,304.19236559999996,10.246527777777779,4,2,1,1,0,1,1,1,0,2,1,260.4166666666667,10.0,31.6393776,2,1,BAGGAGE,UPPER APEX,LANG_09,Round-Trip,apple,Paid Search,Paid Search,Logged-In,AREA_C,AREA_B,AREA_C_TO_AREA_B,CA,BU,31_60,very_high,9_14,Y,O,1,0.8814694,27.889144092410373
19.0,20.7802594,,1,1,0,0,0,0,0,0,0,2,1,3.75,15.0,90.0320864,2,0,BAGGAGE,NORTH ZENITH,LANG_06,One-Way,google,Direct,Paid Search,Logged-Out,AREA_C,AREA_C,AREA_C_TO_AREA_C,CI,CA,15_30,very_low,unknown_or_oneway,Y,W,0,0.3097611,27.888438745895957
158.0,75.4060697,5.423611111111111,4,0,4,0,0,0,1,0,0,4,1,132.25,17.0,36.1887802,2,0,BAGGAGE,LOWER ZENITH,LANG_02,Round-Trip,google,Paid Search,Paid Search,Logged-Out,AREA_C,AREA_B,AREA_C_TO_AREA_B,CE,BE,120_plus,high,6_8,Y,O,0,0.7705999,27.887070463900812
149.0,293.4531714,13.958333333333334,2,2,0,0,0,0,0,0,0,2,1,340.9166666666667,10.0,46.0559556,3,1,BAGGAGE,UPPER APEX,LANG_09,Round-Trip,apple,Direct,Direct,Logged-Out,AREA_C,AREA_C,AREA_C_TO_AREA_C,CA,CA,120_plus,very_high,9_14,Y,L,0,0.60530734,27.878008004038524
32.0,153.76012830000002,20.12847222222222,2,2,0,0,0,0,0,0,0,4,1,484.0,9.0,39.472128,2,0,BAGGAGE,NORTH MERIDIAN,LANG_02,Round-Trip,google,Paid Search,Paid Search,Logged-Out,AREA_C,AREA_B,AREA_C_TO_AREA_B,CU,BI,31_60,very_high,15_30,Y,O,0,0.7061006,27.871292596069335
76.0,68.193926,5.145833333333333,4,2,1,1,0,1,1,0,0,2,1,126.0,17.0,33.458796,2,1,BAGGAGE,UPPER APEX,LANG_09,Round-Trip,apple,Direct,Direct,Logged-Out,AREA_C,AREA_B,AREA_C_TO_AREA_B,CA,BA,61_120,high,6_8,Y,L,1,0.83272576,27.86200143889904
0.0,471.5583,25.760416666666668,4,2,0,1,1,1,0,0,0,4,1,622.0,19.0,33.4836374,4,0,BAGGAGE,LOWER VERTEX,LANG_02,Round-Trip,apple,MetaSearches,MetaSearches,Logged-Out,AREA_B,AREA_D,AREA_B_TO_AREA_D,BU,DA,invalid_or_past,very_high,15_30,Y,S,0,0.83209485,27.861562178062737
20.0,61.18008519999999,,2,2,0,0,0,0,0,0,0,1,0,1.9166666666666667,21.0,42.967056,1,1,BAGGAGE,UPPER VERTEX,LANG_11,One-Way,apple,Direct,Direct,Logged-Out,AREA_C,AREA_B,AREA_C_TO_AREA_B,CA,BA,15_30,high,unknown_or_oneway,Y,W,0,0.64836913,27.858512866581915
50.0,112.9448515,18.49652777777778,2,2,0,0,0,0,0,0,0,4,1,454.5,21.0,52.76656,5,0,BAGGAGE,WEST ZENITH,LANG_10,Round-Trip,apple,Direct,Direct,Logged-Out,AREA_C,AREA_C,AREA_C_TO_AREA_C,CE,CU,31_60,very_high,15_30,Y,O,0,0.52791953,27.856497600746152
4.0,108.8961316,,1,1,0,0,0,0,0,0,0,2,1,265.1666666666667,10.0,67.9660704,2,1,BAGGAGE,UPPER APEX,LANG_09,Multi-City,apple,Paid Search,Paid Search,Logged-Out,AREA_C,AREA_B,AREA_C_TO_AREA_B,CA,BO,4_7,very_high,unknown_or_oneway,Y,L,0,0.4096482,27.842179067197897
246.0,60.9115411,,4,2,1,1,0,1,1,1,1,1,0,1.6666666666666667,11.0,33.53589,2,1,BAGGAGE,LOWER VERTEX,LANG_02,One-Way,microsoft,Direct,Direct,Logged-In,AREA_B,AREA_C,AREA_B_TO_AREA_C,BA,CA,120_plus,high,unknown_or_oneway,Y,L,0,0.8292924,27.811059260011913
20.0,31.9614592,,2,2,0,0,0,0,0,0,0,2,1,3.0,10.0,51.7352136,1,0,BAGGAGE,UPPER APEX,LANG_09,One-Way,google,Direct,Direct,Logged-Out,AREA_C,AREA_B,AREA_C_TO_AREA_B,CI,BE,15_30,low,unknown_or_oneway,Y,W,0,0.5375579,27.810672776380777
80.0,374.771066,13.319444444444445,4,3,0,1,0,1,0,1,0,2,1,335.8333333333333,17.0,31.05175,1,1,BAGGAGE,UPPER APEX,LANG_09,Round-Trip,google,Paid Search,Paid Search,Logged-In,AREA_C,AREA_B,AREA_C_TO_AREA_B,CA,BO,61_120,very_high,9_14,Y,U,1,0.89514196,27.795724331289527
53.0,410.855341,,4,2,0,1,1,1,0,0,0,2,1,30.5,12.0,32.7126974,2,0,BAGGAGE,NORTH MERIDIAN,LANG_02,One-Way,google,MetaSearches,MetaSearches,Logged-Out,AREA_B,AREA_B,AREA_B_TO_AREA_B,BI,BO,31_60,very_high,unknown_or_oneway,Y,S,0,0.84941494,27.78665405133207
26.0,807.7553831,,2,2,0,0,0,0,0,1,1,2,1,241.25,13.0,38.135832,1,0,BAGGAGE,UPPER APEX,LANG_02,Multi-City,google,Direct,Paid Search,Logged-In,AREA_C,AREA_B,AREA_C_TO_AREA_B,CA,BE,15_30,very_high,unknown_or_oneway,Y,Y,0,0.7285922,27.785470382819653
82.0,303.3451882,17.23263888888889,3,2,0,1,0,1,0,1,0,4,1,414.9166666666667,21.0,34.5419667,3,0,BAGGAGE,UPPER MERIDIAN,LANG_02,Round-Trip,google,Paid Search,Paid Search,Logged-In,AREA_B,AREA_B,AREA_B_TO_AREA_B,BU,BO,61_120,very_high,15_30,Y,V,0,0.8037622,27.76352706057408
164.0,485.6900585,,2,2,0,0,0,0,0,0,0,3,1,244.33333333333334,9.0,43.1178176,3,0,BAGGAGE,NORTH MERIDIAN,LANG_02,Multi-City,google,Paid Search,Paid Search,Logged-Out,AREA_B,AREA_B,AREA_B_TO_AREA_B,BI,BE,120_plus,very_high,unknown_or_oneway,Y,W,0,0.64386094,27.761878405321504
110.0,201.9280312,7.21875,2,2,0,0,0,0,0,0,0,2,1,187.66666666666666,22.0,45.3107136,3,1,BAGGAGE,UPPER APEX,LANG_09,Round-Trip,apple,Direct,Direct,Logged-Out,AREA_C,AREA_B,AREA_C_TO_AREA_B,CA,BI,61_120,very_high,6_8,Y,U,0,0.6126877,27.761317215731047
22.0,117.0166996,,1,1,0,0,0,0,0,0,0,2,1,6.083333333333333,5.0,47.1365565,1,0,BAGGAGE,LOWER VERTEX,LANG_02,One-Way,google,Paid Search,Paid Search,Logged-Out,AREA_C,AREA_B,AREA_C_TO_AREA_B,CO,BU,15_30,very_high,unknown_or_oneway,Y,K,0,0.5886693,27.74784372300553
61.0,344.32493220000003,21.23611111111111,2,2,0,0,0,0,0,0,0,2,1,530.25,20.0,44.71452,3,1,BAGGAGE,UPPER APEX,LANG_09,Round-Trip,google,Paid Search,Paid Search,Logged-Out,AREA_C,AREA_D,AREA_C_TO_AREA_D,CA,DA,61_120,very_high,15_30,Y,O,0,0.6202029,27.732074930462836
102.0,103.9895268,12.46875,4,2,0,2,0,1,0,0,0,2,1,301.5833333333333,16.0,31.3155828,1,1,BAGGAGE,NORTH HORIZON,LANG_04,Round-Trip,apple,Direct,Direct,Logged-Out,AREA_C,AREA_C,AREA_C_TO_AREA_C,CA,CU,61_120,very_high,9_14,Y,O,1,0.8843933,27.695290824264266
80.0,608.0527986999999,17.53125,2,2,0,0,0,0,0,0,0,2,1,428.0,7.0,45.3107136,3,1,BAGGAGE,CENTRAL AURORA,LANG_02,Round-Trip,apple,Email,Email,Logged-Out,AREA_C,AREA_B,AREA_C_TO_AREA_B,CA,BU,61_120,very_high,15_30,Y,E,0,0.6110946,27.68913213132248
30.0,394.0257208,8.729166666666666,4,2,0,2,0,1,0,0,0,4,1,210.41666666666666,12.0,32.2355712,2,0,BAGGAGE,UPPER APEX,LANG_09,Round-Trip,google,Direct,Direct,Logged-Out,AREA_C,AREA_C,AREA_C_TO_AREA_C,CA,CE,15_30,very_high,9_14,Y,W,0,0.8588672,27.686075680545045
34.0,151.55695310000002,,2,2,0,0,0,0,0,0,0,2,1,13.833333333333334,,41.5061247,2,0,BAGGAGE,WEST ZENITH,LANG_10,One-Way,apple,Direct,Organic Search,Logged-Out,AREA_B,AREA_C,AREA_B_TO_AREA_C,BI,CE,31_60,very_high,unknown_or_oneway,Y,T,0,0.6664366,27.661201147472244
344.0,368.62581759999995,16.010416666666668,2,2,0,0,0,0,0,0,0,2,1,390.9166666666667,19.0,44.71452,4,1,BAGGAGE,UPPER APEX,LANG_09,Round-Trip,google,Paid Search,Paid Search,Logged-Out,AREA_C,AREA_B,AREA_C_TO_AREA_B,CA,BU,120_plus,very_high,15_30,Y,S,0,0.6185206,27.656852520947456
147.0,471.7655972,19.0,2,2,0,0,0,0,0,0,0,2,1,463.25,16.0,44.71452,4,1,BAGGAGE,UPPER APEX,LANG_09,Round-Trip,google,Paid Search,Paid Search,Logged-Out,AREA_C,AREA_B,AREA_C_TO_AREA_B,CA,BU,120_plus,very_high,15_30,Y,S,0,0.6185206,27.656852520947456
132.0,402.9583456,28.36111111111111,2,2,0,0,0,0,0,0,0,2,1,687.9166666666666,20.0,44.71452,4,1,BAGGAGE,UPPER APEX,LANG_09,Round-Trip,google,Paid Search,Paid MetaSearches,Logged-Out,AREA_C,AREA_B,AREA_C_TO_AREA_B,CA,BU,120_plus,very_high,15_30,Y,S,0,0.6185206,27.656852520947456
169.0,420.0218176,20.39236111111111,2,2,0,0,0,0,0,0,0,2,1,496.6666666666667,21.0,44.71452,4,1,BAGGAGE,UPPER APEX,LANG_09,Round-Trip,opera,Paid Search,Paid Search,Logged-Out,AREA_C,AREA_B,AREA_C_TO_AREA_B,CA,BU,120_plus,very_high,15_30,Y,S,0,0.6185206,27.656852520947456
147.0,471.7655972,19.0,2,2,0,0,0,0,0,0,0,2,1,463.25,21.0,44.71452,4,1,BAGGAGE,UPPER APEX,LANG_09,Round-Trip,google,Paid Search,Paid Search,Logged-Out,AREA_C,AREA_B,AREA_C_TO_AREA_B,CA,BU,120_plus,very_high,15_30,Y,S,0,0.6185206,27.656852520947456
27.0,239.0397979,3.7118055555555554,2,2,0,0,0,0,0,0,0,2,1,93.83333333333333,16.0,53.3978742,1,1,BAGGAGE,LOWER VERTEX,LANG_02,Round-Trip,google,Paid Search,Paid Search,Logged-Out,AREA_B,AREA_C,AREA_B_TO_AREA_C,BU,CA,15_30,very_high,3_5,Y,L,0,0.517867,27.652998451556645
41.0,42.8060152,4.145833333333333,4,3,1,0,0,0,1,0,0,2,1,101.83333333333333,17.0,40.08888,2,0,BAGGAGE,UPPER APEX,LANG_09,Round-Trip,google,Paid Search,Paid Search,Logged-Out,AREA_B,AREA_B,AREA_B_TO_AREA_B,BE,BA,31_60,mid,3_5,Y,O,0,0.68974406,27.65106666247845
161.0,384.810418,19.0,2,2,0,0,0,0,0,1,0,2,1,463.25,19.0,44.7033842,3,1,BAGGAGE,UPPER APEX,LANG_09,Round-Trip,google,Paid Search,Paid Search,Logged-In,AREA_C,AREA_B,AREA_C_TO_AREA_B,CA,BU,120_plus,very_high,15_30,Y,V,0,0.6185206,27.64996479905527
107.0,384.810418,21.89236111111111,2,2,0,0,0,0,0,1,0,2,1,532.6666666666666,14.0,44.7033842,3,1,BAGGAGE,UPPER APEX,LANG_09,Round-Trip,google,Paid Search,Paid Search,Logged-In,AREA_C,AREA_B,AREA_C_TO_AREA_B,CA,BU,61_120,very_high,15_30,Y,S,0,0.6185206,27.64996479905527
276.0,419.074418,17.350694444444443,2,2,0,0,0,0,0,1,0,2,1,423.0833333333333,11.0,44.7033842,3,1,BAGGAGE,UPPER APEX,LANG_09,Round-Trip,google,Paid Search,Paid Search,Logged-In,AREA_C,AREA_B,AREA_C_TO_AREA_B,CA,BU,120_plus,very_high,15_30,Y,V,0,0.6185206,27.64996479905527
25.0,177.2510984,,2,1,1,0,0,0,1,1,0,2,1,-2109.8333333333335,13.0,46.3446298,2,1,BAGGAGE,UPPER APEX,LANG_09,Round-Trip,microsoft,Direct,Direct,Logged-In,AREA_D,AREA_C,AREA_D_TO_AREA_C,DA,CA,15_30,very_high,unknown_or_oneway,Y,O,0,0.5965526,27.647009885088302
64.0,70.5615684,9.069444444444445,2,2,0,0,0,0,0,1,0,4,1,218.66666666666666,16.0,37.00512,2,0,BAGGAGE,UPPER APEX,LANG_09,Round-Trip,google,Direct,Referrals,Logged-In,AREA_C,AREA_B,AREA_C_TO_AREA_B,CE,BU,61_120,high,9_14,Y,U,0,0.7471094,27.6468734866333
175.0,294.6412756,16.458333333333332,2,2,0,0,0,0,0,1,0,2,1,415.25,20.0,44.71452,3,1,BAGGAGE,UPPER APEX,LANG_09,Round-Trip,google,Direct,Direct,Logged-In,AREA_C,AREA_B,AREA_C_TO_AREA_B,CA,BU,120_plus,very_high,15_30,Y,U,0,0.6181194,27.638913106319905
18.0,72.0978805,,2,2,0,0,0,0,0,0,0,1,0,1.9166666666666667,21.0,42.967056,3,1,BAGGAGE,CENTRAL MERIDIAN,LANG_02,One-Way,google,Paid Search,Paid Search,Logged-Out,AREA_C,AREA_B,AREA_C_TO_AREA_B,CA,BA,15_30,high,unknown_or_oneway,Y,V,0,0.64323604,27.637958997831344
57.0,300.2875545,21.256944444444443,4,4,0,0,0,0,0,0,0,4,1,511.5,13.0,32.1636168,1,0,BAGGAGE,CENTRAL MERIDIAN,LANG_02,Round-Trip,google,Direct,Email,Logged-Out,AREA_B,AREA_B,AREA_B_TO_AREA_B,BO,BU,31_60,very_high,15_30,Y,L,0,0.8590643,27.630614340226508
1.0,67.8050296,,1,1,0,0,0,0,0,0,0,2,1,12.75,16.0,45.0494506,2,0,BAGGAGE,WEST MERIDIAN,LANG_02,One-Way,google,Paid Search,Paid Search,Logged-Out,AREA_C,AREA_B,AREA_C_TO_AREA_B,CE,BO,0_3,high,unknown_or_oneway,Y,S,0,0.61309296,27.61950096639668
61.0,309.1979077,23.65972222222222,3,2,0,0,1,1,0,0,0,4,1,572.6666666666666,19.0,33.8793866,2,0,BAGGAGE,NEW HORIZON,LANG_02,Round-Trip,google,Internal,Referrals,Logged-Out,AREA_C,AREA_B,AREA_C_TO_AREA_B,CE,BU,61_120,very_high,15_30,Y,T,0,0.81521744,27.61906665562042
73.0,140.0870791,28.743055555555557,2,2,0,0,0,0,0,0,0,5,1,696.5,11.0,36.4423338,1,0,BAGGAGE,WEST AURORA,LANG_02,Round-Trip,apple,Direct,Paid Search,Logged-Out,AREA_C,AREA_B,AREA_C_TO_AREA_B,CU,BU,61_120,very_high,15_30,Y,W,0,0.757738,27.61374091736133
18.0,289.5235189,10.21875,3,2,0,1,0,1,0,0,0,2,1,261.1666666666667,11.0,31.6393776,2,1,BAGGAGE,UPPER APEX,LANG_09,Round-Trip,google,MetaSearches,Paid Search,Logged-Out,AREA_C,AREA_B,AREA_C_TO_AREA_B,CA,BU,15_30,very_high,9_14,Y,U,1,0.8724461,27.603652219542216
169.0,350.546418,26.06597222222222,4,2,0,1,1,1,0,0,0,2,1,630.5833333333334,14.0,31.05175,1,1,BAGGAGE,UPPER APEX,LANG_09,Round-Trip,microsoft,Direct,Organic Search,Logged-Out,AREA_C,AREA_C,AREA_C_TO_AREA_C,CA,CA,120_plus,very_high,15_30,Y,O,0,0.8887484,27.597193358361718
26.0,262.19883550000003,22.12152777777778,3,2,0,1,0,1,0,0,0,4,1,532.25,18.0,33.9530542,3,0,BAGGAGE,UPPER HORIZON,LANG_05,Round-Trip,google,Paid Search,Paid Search,Logged-Out,AREA_C,AREA_B,AREA_C_TO_AREA_B,CI,BO,15_30,very_high,15_30,Y,L,1,0.81261915,27.590902033209524
121.0,164.655652,10.239583333333334,2,1,1,0,0,0,1,1,1,2,1,260.25,21.0,37.2621,1,1,BAGGAGE,UPPER APEX,LANG_09,Round-Trip,apple,Direct,Affiliate,Logged-In,AREA_C,AREA_B,AREA_C_TO_AREA_B,CA,BU,120_plus,very_high,9_14,Y,O,0,0.74045074,27.590749513757228
128.0,212.107009,20.322916666666668,2,2,0,0,0,0,0,1,0,2,1,504.0,19.0,44.71452,3,1,BAGGAGE,UPPER APEX,LANG_09,Round-Trip,apple,Direct,Direct,Logged-In,AREA_C,AREA_B,AREA_C_TO_AREA_B,CA,BO,120_plus,very_high,15_30,Y,O,0,0.61701024,27.589316528277397
71.0,81.7217815,,1,1,0,0,0,0,0,1,0,1,0,16.083333333333332,18.0,59.2287504,2,1,BAGGAGE,LOWER VERTEX,LANG_02,One-Way,google,Direct,Direct,Logged-In,AREA_B,AREA_C,AREA_B_TO_AREA_C,BU,CA,61_120,high,unknown_or_oneway,Y,V,0,0.46579912,27.588699995595217
87.0,270.749845,85.78472222222223,3,1,1,1,0,1,1,1,1,4,1,2062.0,23.0,33.0591921,2,0,BAGGAGE,LOWER VERTEX,LANG_09,Round-Trip,google,Direct,Organic Search,Logged-In,AREA_B,AREA_B,AREA_B_TO_AREA_B,BU,BE,61_120,very_high,30_plus,Y,O,1,0.83451855,27.58850911584531
123.0,351.5623456,15.010416666666666,2,2,0,0,0,0,0,0,0,2,1,366.9166666666667,10.0,44.71452,4,1,BAGGAGE,UPPER APEX,LANG_09,Round-Trip,google,MetaSearches,Referrals,Logged-Out,AREA_C,AREA_B,AREA_C_TO_AREA_B,CA,BU,120_plus,very_high,15_30,Y,V,0,0.6169091,27.584793695619105
174.0,143.9546281,9.722222222222221,2,2,0,0,0,0,0,0,0,4,1,238.91666666666666,15.0,36.3922227,1,0,BAGGAGE,WEST AURORA,LANG_02,Round-Trip,google,Direct,Paid Search,Logged-Out,AREA_C,AREA_B,AREA_C_TO_AREA_B,CU,BU,120_plus,very_high,9_14,Y,W,0,0.757738,27.57576983296047
190.0,244.5455944,39.263888888888886,3,2,0,1,0,1,0,0,0,4,1,944.3333333333334,21.0,34.3916334,3,0,BAGGAGE,UPPER MERIDIAN,LANG_02,Round-Trip,google,Direct,MetaSearches,Logged-Out,AREA_C,AREA_B,AREA_C_TO_AREA_B,CU,BO,120_plus,very_high,30_plus,Y,L,0,0.801396,27.56131786345718
109.0,363.1949736,6.829861111111111,2,2,0,0,0,0,0,1,1,2,1,169.83333333333334,9.0,42.1858368,1,1,BAGGAGE,UPPER APEX,LANG_09,Round-Trip,apple,Direct,Direct,Logged-In,AREA_C,AREA_C,AREA_C_TO_AREA_C,CA,CA,61_120,very_high,6_8,Y,W,0,0.6532624,27.558420014643858
74.0,204.4965463,,2,2,0,0,0,0,0,0,0,2,1,-578.4166666666666,22.0,44.71452,3,1,BAGGAGE,UPPER APEX,LANG_09,Multi-City,google,Direct,Direct,Logged-Out,AREA_C,AREA_B,AREA_C_TO_AREA_B,CA,BO,61_120,very_high,unknown_or_oneway,Y,L,0,0.6163155,27.558251037726404
52.0,277.0578474,,2,2,0,0,0,0,0,1,0,2,1,-169.91666666666666,10.0,44.71452,3,1,BAGGAGE,UPPER APEX,LANG_09,Round-Trip,google,Paid Search,Paid Search,Logged-In,AREA_C,AREA_D,AREA_C_TO_AREA_D,CA,DA,31_60,very_high,unknown_or_oneway,Y,O,0,0.6163124,27.558112447686195
91.0,744.539588,32.010416666666664,4,2,0,2,0,1,0,0,0,2,1,774.9166666666666,14.0,33.53589,4,1,BAGGAGE,UPPER APEX,LANG_02,Round-Trip,mozilla,Direct,Direct,Logged-Out,AREA_C,AREA_B,AREA_C_TO_AREA_B,CA,BU,61_120,very_high,30_plus,Y,S,0,0.82173944,27.557763307392598
70.0,546.1022018,155.57638888888889,2,2,0,0,0,0,0,0,0,2,1,3737.3333333333335,17.0,57.6997194,2,1,BAGGAGE,LOWER VERTEX,LANG_09,Round-Trip,google,Paid Search,Paid Search,Logged-Out,AREA_B,AREA_C,AREA_B_TO_AREA_C,BU,CA,61_120,very_high,30_plus,P,A,0,0.47739264,27.545421584543483
6.0,44.870849500000006,,1,1,0,0,0,0,0,0,0,2,1,11.0,19.0,46.6512926,3,0,BAGGAGE,WEST APEX,LANG_02,One-Way,samsung,Paid Search,MetaSearches,Logged-Out,AREA_B,AREA_B,AREA_B_TO_AREA_B,BA,BE,4_7,mid,unknown_or_oneway,Y,S,1,0.5904149,27.543617401872087
193.0,252.9132915,36.302083333333336,2,2,0,0,0,0,0,1,0,2,1,887.5,15.0,44.71452,3,1,BAGGAGE,UPPER VERTEX,LANG_11,Round-Trip,apple,Direct,Direct,Logged-In,AREA_C,AREA_B,AREA_C_TO_AREA_B,CA,BO,120_plus,very_high,30_plus,Y,O,0,0.615821,27.53614059592724
121.0,273.69740559999997,236.61805555555554,2,2,0,0,0,0,0,1,0,4,1,5685.416666666667,20.0,43.4643123,3,0,BAGGAGE,WEST AURORA,LANG_02,Round-Trip,mozilla,Direct,Referrals,Logged-In,AREA_C,AREA_D,AREA_C_TO_AREA_D,CU,DA,120_plus,very_high,30_plus,Y,S,1,0.63312995,27.518558061834778
147.0,204.7269717,7.274305555555555,9,3,3,3,0,1,1,1,0,2,1,176.41666666666666,20.0,33.4074,4,1,BAGGAGE,UPPER APEX,LANG_09,Round-Trip,other,Direct,Direct,Logged-In,AREA_C,AREA_C,AREA_C_TO_AREA_C,CA,CE,120_plus,very_high,6_8,Y,W,1,0.82357985,27.51366140781641
196.0,20.511287,3.7222222222222223,3,1,0,2,0,1,0,0,0,4,1,90.25,23.0,50.779248,2,0,BAGGAGE,UPPER APEX,LANG_02,Round-Trip,google,Organic Search,MetaSearches,Logged-Out,AREA_C,AREA_C,AREA_C_TO_AREA_C,CE,CU,120_plus,very_low,3_5,Y,O,0,0.54172134,27.508202473571778
66.0,312.5664872,10.010416666666666,2,1,0,1,0,1,0,0,0,2,1,246.91666666666666,16.0,44.71452,4,1,BAGGAGE,UPPER APEX,LANG_09,Round-Trip,google,Paid Search,Paid Search,Logged-Out,AREA_C,AREA_B,AREA_C_TO_AREA_B,CA,BU,61_120,very_high,9_14,Y,L,0,0.61469144,27.485632521851063
45.0,53.5567735,,1,1,0,0,0,0,0,0,0,2,1,9.25,5.0,51.6654007,3,0,BAGGAGE,NEW HORIZON,LANG_02,One-Way,google,MetaSearches,MetaSearches,Logged-Out,AREA_C,AREA_C,AREA_C_TO_AREA_C,CU,CE,31_60,mid,unknown_or_oneway,Y,S,0,0.53192186,27.481956221706724
157.0,139.57697380000002,65.55208333333333,1,1,0,0,0,0,0,0,0,4,1,1576.5,,79.479631,4,0,BAGGAGE,LOWER VERTEX,LANG_02,Round-Trip,apple,Organic Search,Organic Search,Logged-Out,AREA_D,AREA_C,AREA_D_TO_AREA_C,DA,CU,120_plus,very_high,30_plus,Y,W,0,0.34564713,27.471906065362184
148.0,302.2397459,50.770833333333336,2,1,1,0,0,0,1,0,0,2,1,1222.0,16.0,44.0909152,2,1,BAGGAGE,LOWER VERTEX,LANG_02,Round-Trip,google,Direct,Direct,Logged-Out,AREA_B,AREA_C,AREA_B_TO_AREA_C,BU,CA,120_plus,very_high,30_plus,Y,O,0,0.62307024,27.471737116398618
3.0,100.2072095,0.2222222222222222,4,4,0,0,0,0,0,0,0,5,1,7.833333333333333,,41.75925,3,0,BAGGAGE,UPPER VERTEX,LANG_11,Round-Trip,google,Organic Search,Organic Search,Logged-Out,AREA_C,AREA_C,AREA_C_TO_AREA_C,CU,CE,0_3,high,1_2,Y,L,0,0.6578084,27.469586389929056
77.0,170.63472,,1,1,0,0,0,0,0,1,0,2,1,216.75,19.0,78.6975552,3,0,BAGGAGE,SOUTH HORIZON,LANG_02,Multi-City,apple,Direct,Direct,Logged-In,AREA_B,AREA_C,AREA_B_TO_AREA_C,BE,CA,61_120,very_high,unknown_or_oneway,Y,Q,0,0.3488747,27.45558502844925
139.0,177.51321800000002,18.319444444444443,2,1,0,1,0,1,0,0,0,2,1,455.8333333333333,12.0,44.71452,3,1,BAGGAGE,UPPER APEX,LANG_09,Round-Trip,mozilla,Direct,Direct,Logged-Out,AREA_C,AREA_B,AREA_C_TO_AREA_B,CA,BO,120_plus,very_high,15_30,Y,O,0,0.6139382,27.451952476887705
20.0,80.9692584,,3,3,0,0,0,0,0,0,0,1,0,0.8333333333333334,11.0,36.3943642,1,1,BAGGAGE,UPPER APEX,LANG_09,One-Way,google,Direct,Direct,Logged-Out,AREA_C,AREA_C,AREA_C_TO_AREA_C,CU,CA,15_30,high,unknown_or_oneway,Y,V,0,0.75346994,27.42205955569849
48.0,50.991684799999994,8.73611111111111,2,2,0,0,0,0,0,0,0,4,1,210.58333333333334,14.0,41.75925,1,0,BAGGAGE,UPPER APEX,LANG_09,Round-Trip,google,Direct,Direct,Logged-Out,AREA_C,AREA_C,AREA_C_TO_AREA_C,CU,CE,31_60,mid,9_14,Y,U,0,0.65637594,27.409767165139318
101.0,116.3763911,13.253472222222221,1,1,0,0,0,0,0,0,0,4,1,320.5,20.0,92.1256168,3,0,BAGGAGE,SOUTH MERIDIAN,LANG_04,Round-Trip,apple,MetaSearches,MetaSearches,Logged-Out,AREA_B,AREA_C,AREA_B_TO_AREA_C,BI,CA,61_120,very_high,9_14,Y,L,0,0.2972962,27.388595449273705
8.0,32.833478,,1,1,0,0,0,0,0,0,0,2,1,3.3333333333333335,17.0,60.039094,3,0,BAGGAGE,GREAT MERIDIAN,LANG_02,One-Way,google,Organic Search,Email,Logged-Out,AREA_C,AREA_B,AREA_C_TO_AREA_B,CE,BE,8_14,low,unknown_or_oneway,Y,T,0,0.45602167,27.379127702638865
34.0,265.3601178,,2,2,0,0,0,0,0,1,0,1,0,16.166666666666668,16.0,41.8911664,1,1,BAGGAGE,LOWER VERTEX,LANG_02,One-Way,apple,Direct,Direct,Logged-In,AREA_B,AREA_C,AREA_B_TO_AREA_C,BO,CA,31_60,very_high,unknown_or_oneway,Y,S,1,0.6529737,27.353830402879623
,228.934916,16.78125,2,2,0,0,0,0,0,0,0,2,1,406.0,15.0,31.2736094,2,0,BAGGAGE,LOWER VERTEX,LANG_02,Round-Trip,google,Paid Search,Paid Search,Logged-Out,AREA_B,AREA_B,AREA_B_TO_AREA_B,BU,BE,,very_high,15_30,Y,O,1,0.8746334,27.352942438815965
17.0,82.7252884,,1,1,0,0,0,0,0,0,0,1,0,3.9166666666666665,10.0,57.1557784,2,1,BAGGAGE,UPPER APEX,LANG_02,One-Way,microsoft,Paid Search,Paid Search,Logged-Out,AREA_C,AREA_B,AREA_C_TO_AREA_B,CA,BA,15_30,high,unknown_or_oneway,Y,M,0,0.47839755,27.343184251948216
43.0,74.215824,4.347222222222222,6,4,0,2,0,1,0,0,0,4,1,105.16666666666667,18.0,35.2782144,4,0,BAGGAGE,UPPER APEX,LANG_09,Round-Trip,microsoft,Direct,Direct,Logged-Out,AREA_D,AREA_B,AREA_D_TO_AREA_B,DA,BA,31_60,high,3_5,Y,O,1,0.7745043,27.32312888784256
19.0,98.8692003,7.673611111111111,5,3,0,1,1,1,0,1,0,4,1,186.91666666666666,15.0,30.3955944,1,0,BAGGAGE,NEW MERIDIAN,LANG_02,Round-Trip,google,Paid Search,Organic Search,Logged-In,AREA_C,AREA_C,AREA_C_TO_AREA_C,CI,CE,15_30,high,6_8,Y,U,0,0.8970223,27.265526208865214
98.0,112.0265763,175.77777777777777,1,1,0,0,0,0,0,0,0,4,1,4222.0,8.0,84.9730068,4,0,BAGGAGE,NORTH MERIDIAN,LANG_02,Round-Trip,microsoft,Email,Email,Logged-Out,AREA_B,AREA_C,AREA_B_TO_AREA_C,BI,CU,61_120,very_high,30_plus,Y,L,0,0.3207297,27.25336720943273
11.0,51.217827199999995,6.131944444444445,2,2,0,0,0,0,0,1,0,4,1,148.08333333333334,16.0,41.75925,3,0,BAGGAGE,UPPER APEX,LANG_02,Round-Trip,google,MetaSearches,Organic Search,Logged-In,AREA_C,AREA_C,AREA_C_TO_AREA_C,CU,CE,8_14,mid,6_8,Y,U,0,0.6525497,27.249985393568874
4.0,65.2493635,,1,1,0,0,0,0,0,0,1,2,1,3.4166666666666665,15.0,51.0465072,1,0,BAGGAGE,UPPER MERIDIAN,LANG_02,One-Way,google,Paid Search,Organic Search,Logged-Out,AREA_B,AREA_C,AREA_B_TO_AREA_C,BE,CI,4_7,high,unknown_or_oneway,Y,B,0,0.53378314,27.24776478685999
57.0,130.0772798,10.222222222222221,2,2,0,0,0,0,0,1,0,2,1,259.8333333333333,9.0,34.7976618,1,1,BAGGAGE,UPPER APEX,LANG_02,Round-Trip,apple,Direct,Paid Search,Logged-In,AREA_C,AREA_B,AREA_C_TO_AREA_B,CA,BU,31_60,very_high,9_14,Y,O,0,0.7828464,27.241223962363566
15.0,180.065886,,5,5,0,0,0,0,0,1,0,1,0,1.9166666666666667,16.0,33.728625,3,1,BAGGAGE,UPPER APEX,LANG_02,One-Way,google,Paid Search,Paid Search,Logged-In,AREA_C,AREA_B,AREA_C_TO_AREA_B,CA,BA,15_30,very_high,unknown_or_oneway,Y,V,0,0.8070526,27.22077491569519
38.0,16.9461178,,3,2,0,1,0,1,0,0,0,1,0,1.0833333333333333,18.0,41.939136,2,1,BAGGAGE,UPPER APEX,LANG_09,One-Way,google,Paid Search,Paid Search,Logged-Out,AREA_C,AREA_C,AREA_C_TO_AREA_C,CA,CE,31_60,very_low,unknown_or_oneway,Y,O,0,0.64894176,27.216056531387327
160.0,93.55742370000002,15.784722222222221,1,1,0,0,0,0,0,0,0,4,1,382.0,20.0,93.6229536,2,0,BAGGAGE,UPPER APEX,LANG_09,Round-Trip,samsung,Paid Search,Paid Search,Logged-Out,AREA_B,AREA_B,AREA_B_TO_AREA_B,BU,BE,120_plus,high,15_30,Y,L,0,0.29067618,27.213962189579203
68.0,101.4582738,4.232638888888889,6,6,0,0,0,0,0,1,0,2,1,102.41666666666667,6.0,37.00512,2,0,BAGGAGE,UPPER APEX,LANG_09,Round-Trip,apple,Direct,Direct,Logged-In,AREA_C,AREA_B,AREA_C_TO_AREA_B,CE,BI,61_120,high,3_5,Y,O,1,0.73527795,27.209048801364897
71.0,51.2559459,,2,2,0,0,0,0,0,0,0,1,0,4.0,13.0,43.7097282,1,1,BAGGAGE,UPPER APEX,LANG_09,One-Way,google,Direct,Organic Search,Logged-Out,AREA_B,AREA_C,AREA_B_TO_AREA_C,BO,CA,61_120,mid,unknown_or_oneway,Y,O,0,0.6220626,27.190188196599948
61.0,45.3175664,4.197916666666667,4,4,0,0,0,0,0,0,0,2,1,102.33333333333333,15.0,39.06096,3,1,BAGGAGE,UPPER APEX,LANG_09,Round-Trip,google,Paid Search,Paid Search,Logged-Out,AREA_C,AREA_B,AREA_C_TO_AREA_B,CA,BA,61_120,mid,3_5,Y,O,0,0.69541293,27.163496791677478
6.0,212.9756014,,2,2,0,0,0,0,0,0,0,1,0,4.5,18.0,48.941841,1,1,BAGGAGE,WEST MERIDIAN,LANG_02,One-Way,apple,Paid Search,Paid Search,Logged-Out,AREA_C,AREA_B,AREA_C_TO_AREA_B,CA,BO,4_7,very_high,unknown_or_oneway,C,D,0,0.55480695,27.153273420426604
42.0,159.78845080000002,7.229166666666667,4,2,1,1,0,1,1,0,0,2,1,176.16666666666666,7.0,32.89344,4,1,BAGGAGE,UPPER APEX,LANG_09,Round-Trip,apple,Paid Search,Paid Search,Logged-Out,AREA_C,AREA_B,AREA_C_TO_AREA_B,CA,BO,31_60,very_high,6_8,Y,O,0,0.8253659,27.149123742370605
54.0,327.98785699999996,,3,3,0,0,0,0,0,0,0,4,1,479.8333333333333,9.0,33.53589,2,1,BAGGAGE,LOWER VERTEX,LANG_09,Multi-City,apple,Paid Search,Paid Search,Logged-Out,AREA_C,AREA_B,AREA_C_TO_AREA_B,CA,BO,31_60,very_high,unknown_or_oneway,Y,B,0,0.80933815,27.141875251978043
29.0,101.9675225,,1,1,0,0,0,0,0,0,0,1,0,16.083333333333332,22.0,59.2287504,2,1,BAGGAGE,LOWER VERTEX,LANG_09,One-Way,apple,Paid Search,Paid Search,Logged-Out,AREA_B,AREA_C,AREA_B_TO_AREA_C,BU,CA,15_30,high,unknown_or_oneway,Y,V,0,0.45790124,27.12091821598549
87.0,234.80733730000003,13.770833333333334,2,2,0,0,0,0,0,0,0,4,1,334.0,22.0,37.0847838,1,0,BAGGAGE,LOWER VERTEX,LANG_02,Round-Trip,microsoft,Organic Search,Organic Search,Logged-Out,AREA_B,AREA_C,AREA_B_TO_AREA_C,BU,CU,61_120,very_high,9_14,Y,V,0,0.73103917,27.110429437149023
341.0,546.450838,15.211805555555555,4,2,1,1,0,1,1,1,0,2,1,381.25,17.0,31.6393776,2,1,BAGGAGE,UPPER APEX,LANG_09,Round-Trip,google,Direct,Direct,Logged-In,AREA_C,AREA_B,AREA_C_TO_AREA_B,CA,BO,120_plus,very_high,15_30,Y,S,1,0.8563879,27.09558055866766
319.0,610.1596064,15.211805555555555,4,2,1,1,0,1,1,0,0,2,1,381.25,20.0,31.6393776,2,1,BAGGAGE,UPPER APEX,LANG_09,Round-Trip,google,Direct,Direct,Logged-Out,AREA_C,AREA_B,AREA_C_TO_AREA_B,CA,BO,120_plus,very_high,15_30,Y,T,1,0.8563879,27.09558055866766
38.0,830.362342,14.319444444444445,4,2,1,1,0,1,1,0,0,2,1,359.8333333333333,19.0,31.6496568,2,1,BAGGAGE,UPPER APEX,LANG_09,Round-Trip,apple,Organic Search,Organic Search,Logged-Out,AREA_C,AREA_B,AREA_C_TO_AREA_B,CA,BO,31_60,very_high,15_30,Y,V,0,0.8560749,27.09447770544691
138.0,762.8832487,10.770833333333334,4,2,0,2,0,1,0,0,0,4,1,262.0,17.0,44.1800016,2,0,BAGGAGE,LOWER VERTEX,LANG_02,Round-Trip,google,Paid Search,Paid Search,Logged-Out,AREA_B,AREA_C,AREA_B_TO_AREA_C,BU,CU,120_plus,very_high,9_14,P,R,0,0.61308116,27.085926506356714
17.0,224.09298450000003,11.875,1,1,0,0,0,0,0,0,0,2,1,290.0,20.0,98.063568,4,1,BAGGAGE,UPPER VERTEX,LANG_02,Round-Trip,google,Organic Search,Organic Search,Logged-Out,AREA_C,AREA_C,AREA_C_TO_AREA_C,CA,CA,15_30,very_high,9_14,Y,T,0,0.276135,27.07878311494303
22.0,50.3625121,,1,1,0,0,0,0,0,0,0,2,1,26.833333333333332,12.0,45.8092548,1,0,BAGGAGE,EAST AURORA,LANG_02,One-Way,google,Organic Search,Organic Search,Logged-Out,AREA_D,AREA_B,AREA_D_TO_AREA_B,DA,BU,15_30,mid,unknown_or_oneway,Y,S,0,0.5910798,27.076923860626245
223.0,761.6908615,20.64236111111111,5,4,1,0,0,0,1,0,0,2,1,501.3333333333333,11.0,34.43532,3,0,BAGGAGE,UPPER APEX,LANG_09,Round-Trip,mozilla,Paid Search,MetaSearches,Logged-Out,AREA_B,AREA_C,AREA_B_TO_AREA_C,BE,CA,120_plus,very_high,15_30,Y,V,0,0.78481555,27.025374600076674
73.0,113.64640690000002,12.78125,1,1,0,0,0,0,0,0,0,2,1,310.0,18.0,86.4429324,2,0,BAGGAGE,LOWER VERTEX,LANG_02,Round-Trip,google,Direct,Direct,Logged-Out,AREA_B,AREA_B,AREA_B_TO_AREA_B,BU,BE,61_120,very_high,9_14,Y,U,0,0.31262967,27.024625421807063
72.0,203.1366938,23.99652777777778,2,2,0,0,0,0,0,0,0,4,1,576.8333333333334,21.0,35.197694,2,0,BAGGAGE,UPPER APEX,LANG_02,Round-Trip,google,Paid Search,Paid Search,Logged-Out,AREA_C,AREA_B,AREA_C_TO_AREA_B,CE,BU,61_120,very_high,15_30,Y,O,0,0.76771706,27.02187027708113
49.0,190.0953871,9.934027777777779,3,2,0,1,0,1,0,1,0,4,1,239.33333333333334,19.0,32.2355712,2,0,BAGGAGE,UPPER APEX,LANG_09,Round-Trip,microsoft,Paid MetaSearches,Paid MetaSearches,Logged-In,AREA_C,AREA_C,AREA_C_TO_AREA_C,CA,CE,31_60,very_high,9_14,Y,O,0,0.83789754,27.01010578121338
6.0,367.0214058,10.222222222222221,2,2,0,0,0,0,0,0,0,3,1,263.6666666666667,10.0,34.8109391,1,0,BAGGAGE,EAST ZENITH,LANG_02,Round-Trip,google,Organic Search,Organic Search,Logged-Out,AREA_C,AREA_B,AREA_C_TO_AREA_B,CA,BE,4_7,very_high,9_14,Y,Q,0,0.7746078,26.96482417226399
184.0,478.2192216,13.64236111111111,4,4,0,0,0,0,0,1,0,2,1,333.3333333333333,10.0,34.43532,3,0,BAGGAGE,UPPER APEX,LANG_09,Round-Trip,google,Paid Search,Paid Search,Logged-In,AREA_B,AREA_C,AREA_B_TO_AREA_C,BE,CA,120_plus,very_high,9_14,Y,L,1,0.7824627,26.944354017062185
0.0,275.0748184,,2,2,0,0,0,0,0,0,0,1,0,2.4166666666666665,17.0,46.3326374,1,0,BAGGAGE,LOWER VERTEX,LANG_02,One-Way,apple,Organic Search,Organic Search,Logged-Out,AREA_B,AREA_B,AREA_B_TO_AREA_B,BE,BA,invalid_or_past,very_high,unknown_or_oneway,C,C,1,0.58153945,26.944256566830052
5.0,90.0089582,,2,2,0,0,0,0,0,0,0,1,0,1.9166666666666667,13.0,42.967056,3,1,BAGGAGE,UPPER APEX,LANG_09,One-Way,apple,Direct,Direct,Logged-Out,AREA_C,AREA_B,AREA_C_TO_AREA_B,CA,BA,4_7,high,unknown_or_oneway,Y,T,0,0.62673223,26.92883883142662
182.0,485.529446,20.270833333333332,4,2,0,2,0,1,0,1,0,2,1,501.1666666666667,21.0,29.80968,1,0,BAGGAGE,UPPER APEX,LANG_09,Round-Trip,mozilla,Paid Search,Paid Search,Logged-In,AREA_B,AREA_B,AREA_B_TO_AREA_B,BE,BU,120_plus,very_high,15_30,Y,S,1,0.9033587,26.9288337093544
244.0,549.6742238,13.67013888888889,4,2,1,1,0,1,1,1,1,2,1,333.4166666666667,9.0,33.201816,3,0,BAGGAGE,UPPER MERIDIAN,LANG_01,Round-Trip,google,Paid Search,Paid Search,Logged-In,AREA_B,AREA_C,AREA_B_TO_AREA_C,BE,CA,120_plus,very_high,9_14,Y,W,0,0.81073594,26.91790553545189
95.0,54.8849318,182.00347222222223,1,1,0,0,0,0,0,1,0,4,1,4371.75,8.0,70.7568732,1,0,BAGGAGE,LOWER VERTEX,LANG_02,Round-Trip,google,Paid Search,Paid Search,Logged-In,AREA_D,AREA_D,AREA_D_TO_AREA_D,DA,DA,61_120,high,30_plus,Y,O,0,0.3803895,26.915172437846447
84.0,91.9795665,27.006944444444443,1,1,0,0,0,0,0,0,0,4,1,651.5,11.0,70.7568732,1,0,BAGGAGE,LOWER VERTEX,LANG_02,Round-Trip,google,Paid Search,Paid Search,Logged-Out,AREA_D,AREA_D,AREA_D_TO_AREA_D,DA,DA,61_120,high,15_30,Y,O,0,0.3803895,26.915172437846447
0.0,85.325926,,2,2,0,0,0,0,0,0,0,1,0,3.0,13.0,39.8674489,1,1,BAGGAGE,UPPER APEX,LANG_09,One-Way,apple,Direct,Direct,Logged-Out,AREA_B,AREA_C,AREA_B_TO_AREA_C,BO,CA,invalid_or_past,high,unknown_or_oneway,Y,T,0,0.67485833,26.904880053003524
5.0,85.50281389999999,,1,1,0,0,0,0,0,0,0,2,1,10.583333333333334,22.0,44.0767813,1,0,BAGGAGE,OLD ZENITH,LANG_02,One-Way,google,Organic Search,Organic Search,Logged-Out,AREA_B,AREA_B,AREA_B_TO_AREA_B,BO,BU,4_7,high,unknown_or_oneway,Y,Q,0,0.6103833,26.90372999666045
3.0,43.823656,5.131944444444445,2,2,0,0,0,0,0,0,0,4,1,124.08333333333333,19.0,41.75925,3,0,BAGGAGE,NORTH HORIZON,LANG_02,Round-Trip,microsoft,Paid Search,Paid Search,Logged-Out,AREA_C,AREA_C,AREA_C_TO_AREA_C,CU,CE,0_3,mid,6_8,Y,L,0,0.6440161,26.893628783360125
41.0,205.429812,11.48263888888889,2,1,0,1,0,1,0,1,0,2,1,296.1666666666667,17.0,42.1858368,3,1,BAGGAGE,UPPER APEX,LANG_09,Round-Trip,microsoft,Paid Search,Paid Search,Logged-In,AREA_C,AREA_D,AREA_C_TO_AREA_D,CA,DA,31_60,very_high,9_14,Y,U,0,0.6374717,26.892276082992552
12.0,128.5062754,1.0694444444444444,2,1,0,1,0,1,0,1,1,6,1,29.0,14.0,45.3107136,2,0,BAGGAGE,UPPER APEX,LANG_02,Round-Trip,google,Direct,Direct,Logged-In,AREA_C,AREA_B,AREA_C_TO_AREA_B,CU,BU,8_14,very_high,1_2,Y,O,0,0.59340364,26.88754226384697
205.0,343.3321328,14.82986111111111,2,2,0,0,0,0,0,0,0,2,1,361.8333333333333,21.0,44.71452,4,1,BAGGAGE,UPPER APEX,LANG_09,Round-Trip,google,Paid Search,Paid Search,Logged-Out,AREA_C,AREA_C,AREA_C_TO_AREA_C,CA,CA,120_plus,very_high,15_30,Y,W,0,0.60126823,26.885420379259585
193.0,156.2421268,10.215277777777779,4,3,0,1,0,1,0,0,0,2,1,249.08333333333334,12.0,32.6056224,4,1,BAGGAGE,UPPER APEX,LANG_09,Round-Trip,google,Paid Search,Paid Search,Logged-Out,AREA_C,AREA_C,AREA_C_TO_AREA_C,CA,CI,120_plus,very_high,9_14,Y,V,0,0.8244251,26.880893549424364
46.0,165.0072863,21.67013888888889,3,2,0,0,1,1,0,1,0,2,1,524.1666666666666,21.0,35.398995,4,1,BAGGAGE,UPPER APEX,LANG_02,Round-Trip,samsung,Direct,Direct,Logged-In,AREA_C,AREA_C,AREA_C_TO_AREA_C,CA,CE,31_60,very_high,15_30,Y,U,0,0.7592736,26.87752196851462
23.0,76.3264864,28.13888888888889,2,2,0,0,0,0,0,0,0,2,1,677.6666666666666,15.0,40.6233984,3,1,BAGGAGE,UPPER APEX,LANG_09,Round-Trip,mozilla,MetaSearches,MetaSearches,Logged-Out,AREA_C,AREA_C,AREA_C_TO_AREA_C,CA,CU,15_30,high,15_30,Y,O,0,0.66141504,26.868926697699738
133.0,313.2106504,60.576388888888886,2,2,0,0,0,0,0,0,0,2,1,1457.3333333333333,22.0,43.7362828,3,1,BAGGAGE,UPPER APEX,LANG_09,Round-Trip,microsoft,Paid Search,Organic Search,Logged-Out,AREA_B,AREA_C,AREA_B_TO_AREA_C,BU,CA,120_plus,very_high,30_plus,Y,O,0,0.61402315,26.85509009100182
3.0,153.6907437,,1,1,0,0,0,0,0,0,0,2,1,5.333333333333333,20.0,41.6410392,1,0,BAGGAGE,LOWER ZENITH,LANG_02,One-Way,google,MetaSearches,MetaSearches,Logged-Out,AREA_C,AREA_B,AREA_C_TO_AREA_B,CE,BU,0_3,very_high,unknown_or_oneway,Y,M,0,0.64407295,26.819866953875973
62.0,220.2134431,22.239583333333332,2,1,0,1,0,1,0,0,0,2,1,548.25,22.0,44.71452,3,1,BAGGAGE,LOWER VERTEX,LANG_02,Round-Trip,google,Direct,Referrals,Logged-Out,AREA_C,AREA_B,AREA_C_TO_AREA_B,CA,BU,61_120,very_high,15_30,Y,O,0,0.5997986,26.819707378656865
55.0,83.1231791,4.288194444444445,2,2,0,0,0,0,0,0,0,4,1,106.41666666666667,11.0,50.4944285,3,0,BAGGAGE,UPPER MERIDIAN,LANG_01,Round-Trip,google,Paid Search,Paid Search,Logged-Out,AREA_C,AREA_B,AREA_C_TO_AREA_B,CE,BA,31_60,high,3_5,Y,S,0,0.5310714,26.81614807201326
84.0,387.7802502,22.82986111111111,3,2,0,1,0,1,0,1,0,2,1,553.8333333333334,10.0,33.9830352,3,1,BAGGAGE,UPPER APEX,LANG_02,Round-Trip,google,Direct,Direct,Logged-In,AREA_C,AREA_C,AREA_C_TO_AREA_C,CA,CA,61_120,very_high,15_30,Y,L,1,0.78910124,26.81605531788197
0.0,136.22038669999998,,1,1,0,0,0,0,0,0,0,2,1,8.083333333333334,20.0,51.6654007,2,0,BAGGAGE,NEW HORIZON,LANG_02,One-Way,google,Affiliate,MetaSearches,Logged-Out,AREA_C,AREA_C,AREA_C_TO_AREA_C,CU,CE,invalid_or_past,very_high,unknown_or_oneway,C,Z,0,0.5188891,26.808614777020246
18.0,606.1961182,6.586805555555555,2,2,0,0,0,0,0,0,0,2,1,161.41666666666666,20.0,57.6997194,1,1,BAGGAGE,LOWER VERTEX,LANG_02,Round-Trip,apple,Direct,Email,Logged-Out,AREA_B,AREA_C,AREA_B_TO_AREA_C,BU,CA,15_30,very_high,6_8,C,F,0,0.46453077,26.803294851460468
154.0,260.7601758,,3,2,1,0,0,0,1,1,1,2,1,-243.75,22.0,35.398995,4,1,BAGGAGE,UPPER APEX,LANG_09,Round-Trip,google,Direct,Affiliate,Logged-In,AREA_C,AREA_C,AREA_C_TO_AREA_C,CA,CE,120_plus,very_high,unknown_or_oneway,Y,U,0,0.75660694,26.783125160527824
126.0,48.447582800000006,8.875,1,1,0,0,0,0,0,1,1,4,1,215.16666666666666,12.0,102.02106,3,0,BAGGAGE,UPPER APEX,LANG_09,Round-Trip,google,Internal,Organic Search,Logged-In,AREA_C,AREA_B,AREA_C_TO_AREA_B,CU,BE,120_plus,mid,9_14,Y,U,0,0.26252332,26.78290771753371
43.0,417.5338229,5.510416666666667,5,3,1,1,0,1,1,0,0,2,1,137.0,10.0,32.5824942,2,1,BAGGAGE,NEW HORIZON,LANG_02,Round-Trip,google,Paid Search,Paid Search,Logged-Out,AREA_C,AREA_C,AREA_C_TO_AREA_C,CE,CA,31_60,very_high,6_8,Y,Q,1,0.82150245,26.766598718843507
27.0,252.2999659,7.479166666666667,4,2,0,2,0,1,0,0,0,2,1,182.08333333333334,14.0,32.4283062,3,1,BAGGAGE,NORTH HORIZON,LANG_04,Round-Trip,apple,Paid Search,Paid Search,Logged-Out,AREA_C,AREA_C,AREA_C_TO_AREA_C,CU,CA,15_30,very_high,6_8,Y,U,0,0.82346916,26.70371013118172
70.0,53.9006984,9.98611111111111,2,2,0,0,0,0,0,1,0,2,1,241.33333333333334,12.0,46.77036,4,1,BAGGAGE,UPPER APEX,LANG_09,Round-Trip,google,Direct,Direct,Logged-In,AREA_C,AREA_B,AREA_C_TO_AREA_B,CA,BA,61_120,mid,9_14,Y,W,0,0.5706431,26.6891844796586
165.0,159.2350872,4.715277777777778,6,3,0,3,0,1,0,0,0,2,1,115.08333333333333,17.0,32.4591438,3,1,BAGGAGE,UPPER APEX,LANG_09,Round-Trip,google,Direct,Paid Search,Logged-Out,AREA_C,AREA_B,AREA_C_TO_AREA_B,CA,BA,120_plus,very_high,3_5,Y,U,0,0.82191527,26.67866590457618
295.0,379.4973565,9.729166666666666,5,5,0,0,0,0,0,0,0,4,1,234.41666666666666,21.0,32.2355712,2,0,BAGGAGE,UPPER APEX,LANG_09,Round-Trip,microsoft,Organic Search,Paid Search,Logged-Out,AREA_C,AREA_C,AREA_C_TO_AREA_C,CA,CE,120_plus,very_high,9_14,Y,U,0,0.82754153,26.676273915536502
6.0,87.792934,2.9097222222222223,4,1,0,3,0,1,0,0,0,2,1,73.41666666666667,11.0,36.4843072,3,1,BAGGAGE,UPPER APEX,LANG_09,Round-Trip,google,Paid Search,Paid Search,Logged-Out,AREA_C,AREA_C,AREA_C_TO_AREA_C,CA,CA,4_7,high,3_5,Y,Q,0,0.73098075,26.669326382524876
208.0,427.3641645,9.25,3,3,0,0,0,0,0,0,0,2,1,236.41666666666666,12.0,42.1858368,1,1,BAGGAGE,UPPER APEX,LANG_09,Round-Trip,google,Paid Search,Email,Logged-Out,AREA_C,AREA_B,AREA_C_TO_AREA_B,CA,BU,120_plus,very_high,9_14,P,R,0,0.63204855,26.663496864721296
24.0,189.1462743,6.71875,2,2,0,0,0,0,0,0,0,4,1,166.0,15.0,37.0847838,1,0,BAGGAGE,LOWER VERTEX,LANG_02,Round-Trip,apple,Paid Search,Paid Search,Logged-Out,AREA_B,AREA_C,AREA_B_TO_AREA_C,BU,CU,15_30,very_high,6_8,Y,U,0,0.71896356,26.66260831033269
27.0,45.2391875,8.260416666666666,2,2,0,0,0,0,0,1,0,2,1,200.41666666666666,10.0,38.1769488,1,1,BAGGAGE,WEST APEX,LANG_02,Round-Trip,google,Paid Search,Paid Search,Logged-In,AREA_B,AREA_C,AREA_B_TO_AREA_C,BE,CA,15_30,mid,9_14,Y,U,0,0.69758654,26.631725483997343
29.0,227.2354216,105.36111111111111,2,2,0,0,0,0,0,0,0,2,1,2543.8333333333335,10.0,36.5309919,1,1,BAGGAGE,LOWER VERTEX,LANG_02,Round-Trip,google,Paid Search,Paid Search,Logged-Out,AREA_C,AREA_B,AREA_C_TO_AREA_B,CA,BO,15_30,very_high,30_plus,Y,L,0,0.7287101,26.620503306902126
0.0,185.7674156,,2,2,0,0,0,0,0,0,0,2,1,8.5,9.0,35.6701089,1,0,BAGGAGE,LOWER VERTEX,LANG_02,One-Way,apple,MetaSearches,MetaSearches,Logged-Out,AREA_B,AREA_B,AREA_B_TO_AREA_B,BU,BI,invalid_or_past,very_high,unknown_or_oneway,Y,T,1,0.7461936,26.616806536594268
19.0,86.58427139999999,17.13888888888889,1,1,0,0,0,0,0,1,0,4,1,412.3333333333333,14.0,67.07178,1,0,BAGGAGE,UPPER VERTEX,LANG_02,Round-Trip,apple,Email,MetaSearches,Logged-In,AREA_B,AREA_B,AREA_B_TO_AREA_B,BE,BU,15_30,high,15_30,Y,O,0,0.39676234,26.611556465336683
1.0,876.9515310999999,16.729166666666668,5,2,2,1,0,1,1,1,0,4,1,408.0833333333333,1.0,32.413744,3,0,BAGGAGE,LOWER VERTEX,LANG_02,Round-Trip,apple,Direct,Direct,Logged-In,AREA_C,AREA_D,AREA_C_TO_AREA_D,CU,DA,0_3,very_high,15_30,Y,H,0,0.8207071,26.60218927919388
297.0,284.2430082,18.76388888888889,2,2,0,0,0,0,0,0,0,2,1,456.25,18.0,42.1858368,3,1,BAGGAGE,UPPER APEX,LANG_09,Round-Trip,google,Paid Search,Paid Search,Logged-Out,AREA_C,AREA_B,AREA_C_TO_AREA_B,CA,BA,120_plus,very_high,15_30,Y,L,0,0.63018566,26.58490956255226
122.0,226.9450342,11.302083333333334,2,2,0,0,0,0,0,1,0,2,1,287.5,20.0,42.1858368,3,1,BAGGAGE,UPPER APEX,LANG_09,Round-Trip,microsoft,Paid Search,Paid Search,Logged-In,AREA_C,AREA_B,AREA_C_TO_AREA_B,CA,BO,120_plus,very_high,9_14,Y,O,0,0.63018566,26.58490956255226
108.0,212.796572,15.996527777777779,2,2,0,0,0,0,0,0,0,2,1,404.5,20.0,42.1858368,3,1,BAGGAGE,UPPER APEX,LANG_09,Round-Trip,google,Paid Search,Email,Logged-Out,AREA_C,AREA_D,AREA_C_TO_AREA_D,CA,DA,61_120,very_high,15_30,Y,O,0,0.63018566,26.58490956255226
229.0,122.60729949999998,13.777777777777779,1,1,0,0,0,0,0,0,0,4,1,334.0,11.0,84.9730068,4,0,BAGGAGE,NORTH MERIDIAN,LANG_02,Round-Trip,google,Paid Search,MetaSearches,Logged-Out,AREA_B,AREA_C,AREA_B_TO_AREA_C,BI,CU,120_plus,very_high,9_14,Y,O,0,0.31263545,26.565574350925502
23.0,44.7560651,,1,1,0,0,0,0,0,0,0,1,0,4.416666666666667,10.0,57.289408,3,1,BAGGAGE,WEST MERIDIAN,LANG_02,One-Way,google,Paid Search,Paid Search,Logged-Out,AREA_C,AREA_B,AREA_C_TO_AREA_B,CA,BO,15_30,mid,unknown_or_oneway,Y,Q,0,0.46362084,26.560563546176912
142.0,133.7675126,5.225694444444445,3,2,0,1,0,1,0,1,0,2,1,128.0,8.0,32.89344,2,1,BAGGAGE,UPPER APEX,LANG_09,Round-Trip,apple,Direct,Direct,Logged-In,AREA_C,AREA_B,AREA_C_TO_AREA_B,CA,BO,120_plus,very_high,6_8,Y,W,0,0.8074307,26.55917277694702
1.0,194.5034507,,1,1,0,0,0,0,0,0,0,3,1,94.0,19.0,51.1724274,2,0,BAGGAGE,LOWER VERTEX,LANG_02,Multi-City,google,Paid Search,Paid Search,Logged-Out,AREA_B,AREA_C,AREA_B_TO_AREA_C,BU,CU,0_3,very_high,unknown_or_oneway,Y,W,0,0.518942,26.555521742118284
326.0,443.9989082,26.76388888888889,2,2,0,0,0,0,0,0,0,2,1,648.25,16.0,42.1858368,3,1,BAGGAGE,UPPER APEX,LANG_02,Round-Trip,microsoft,Direct,Paid Search,Logged-Out,AREA_C,AREA_B,AREA_C_TO_AREA_B,CA,BA,120_plus,very_high,15_30,Y,T,0,0.62787855,26.487581901930998
14.0,200.2705102,7.409722222222222,2,2,0,0,0,0,0,1,0,2,1,193.91666666666666,21.0,33.9830352,2,1,BAGGAGE,UPPER APEX,LANG_09,Round-Trip,google,Paid Search,Paid Search,Logged-In,AREA_C,AREA_B,AREA_C_TO_AREA_B,CA,BU,8_14,very_high,6_8,Y,L,0,0.77914536,26.477724194558146
298.0,328.6996916,14.756944444444445,2,2,0,0,0,0,0,1,0,2,1,359.1666666666667,14.0,42.1858368,4,1,BAGGAGE,UPPER APEX,LANG_02,Round-Trip,google,Direct,Email,Logged-In,AREA_C,AREA_B,AREA_C_TO_AREA_B,CA,BU,120_plus,very_high,15_30,Y,V,0,0.62738633,26.466817393666076
0.0,199.617781,9.777777777777779,1,1,0,0,0,0,0,0,0,4,1,238.0,16.0,67.6808226,1,0,BAGGAGE,NORTH MERIDIAN,LANG_02,Round-Trip,google,Paid MetaSearches,Affiliate,Logged-Out,AREA_B,AREA_C,AREA_B_TO_AREA_C,BI,CU,invalid_or_past,very_high,9_14,Y,Q,0,0.39039958,26.422564394491125
146.0,153.07142190000002,6.284722222222222,5,3,0,1,1,1,0,0,0,2,1,152.91666666666666,18.0,31.4080956,2,1,BAGGAGE,UPPER MERIDIAN,LANG_01,Round-Trip,microsoft,Paid Search,Paid Search,Logged-Out,AREA_B,AREA_C,AREA_B_TO_AREA_C,BA,CA,120_plus,very_high,6_8,Y,U,1,0.8409585,26.41290421192975
4.0,125.66322,,2,2,0,0,0,0,0,0,0,2,1,9.5,,36.31984,1,0,BAGGAGE,EAST ZENITH,LANG_02,One-Way,microsoft,Referrals,Referrals,Logged-Out,AREA_C,AREA_B,AREA_C_TO_AREA_B,CA,BE,4_7,very_high,unknown_or_oneway,Y,W,0,0.727173,26.41080595075607
48.0,186.2565342,12.427083333333334,2,2,0,0,0,0,0,0,0,2,1,314.4166666666667,16.0,42.1858368,3,1,BAGGAGE,UPPER APEX,LANG_09,Round-Trip,opera,Paid Search,Affiliate,Logged-Out,AREA_C,AREA_B,AREA_C_TO_AREA_B,CA,BO,31_60,very_high,9_14,Y,O,1,0.6260387,26.40996518588333
0.0,113.705084,,3,3,0,0,0,0,0,1,0,3,1,18.416666666666668,12.0,33.1983896,2,0,BAGGAGE,CENTRAL VERTEX,LANG_02,One-Way,apple,Direct,Direct,Logged-In,AREA_B,AREA_C,AREA_B_TO_AREA_C,BI,CE,invalid_or_past,very_high,unknown_or_oneway,Y,T,0,0.7953052,26.402851630540322
11.0,214.2459392,8.680555555555555,3,1,0,2,0,1,0,0,0,2,1,214.0,21.0,30.6936912,1,1,BAGGAGE,LOWER VERTEX,LANG_02,Round-Trip,apple,Direct,Direct,Logged-Out,AREA_B,AREA_C,AREA_B_TO_AREA_C,BO,CA,8_14,very_high,9_14,Y,O,0,0.8597183,26.38792871759033
98.0,473.3190413,15.777777777777779,4,2,0,1,1,1,0,0,0,4,1,382.0,23.0,32.8574628,4,0,BAGGAGE,NORTH MERIDIAN,LANG_02,Round-Trip,apple,MetaSearches,MetaSearches,Logged-Out,AREA_B,AREA_C,AREA_B_TO_AREA_C,BI,CE,61_120,very_high,15_30,Y,V,0,0.80247915,26.367428750263738
102.0,132.2059308,4.215277777777778,2,2,0,0,0,0,0,0,0,2,1,117.25,13.0,45.3107136,2,1,BAGGAGE,UPPER APEX,LANG_02,Round-Trip,google,Paid Search,Paid Search,Logged-Out,AREA_C,AREA_B,AREA_C_TO_AREA_B,CA,BU,61_120,very_high,3_5,Y,O,0,0.5816842,26.356524930099106
97.0,343.530864,17.010416666666668,2,2,0,0,0,0,0,0,0,2,1,414.9166666666667,21.0,33.53589,1,1,BAGGAGE,UPPER APEX,LANG_09,Round-Trip,apple,Direct,MetaSearches,Logged-Out,AREA_C,AREA_B,AREA_C_TO_AREA_B,CA,BU,61_120,very_high,15_30,Y,T,0,0.7858807,26.355208200341465
9.0,608.6164415,15.239583333333334,5,2,0,3,0,1,0,0,0,2,1,380.25,4.0,29.80968,2,1,BAGGAGE,UPPER APEX,LANG_09,Round-Trip,google,Direct,Affiliate,Logged-Out,AREA_C,AREA_B,AREA_C_TO_AREA_B,CA,BU,8_14,very_high,15_30,Y,T,1,0.88409024,26.354447287716866
48.0,119.3654968,10.875,3,2,0,1,0,1,0,1,0,2,1,263.1666666666667,9.0,30.4598394,1,1,BAGGAGE,UPPER APEX,LANG_09,Round-Trip,apple,Direct,Direct,Logged-In,AREA_C,AREA_C,AREA_C_TO_AREA_C,CU,CA,31_60,very_high,9_14,Y,Q,0,0.8648513,26.34323157945882
21.0,41.532251,7.78125,2,2,0,0,0,0,0,0,0,2,1,190.25,15.0,37.758928,1,1,BAGGAGE,UPPER APEX,LANG_09,Round-Trip,mozilla,MetaSearches,MetaSearches,Logged-Out,AREA_C,AREA_C,AREA_C_TO_AREA_C,CA,CA,15_30,mid,6_8,Y,T,0,0.6976022,26.340711711749076
1.0,127.5113345,,3,2,1,0,0,0,1,0,0,2,1,6.166666666666667,19.0,33.1983896,3,0,BAGGAGE,CENTRAL VERTEX,LANG_02,One-Way,google,Direct,Direct,Logged-Out,AREA_B,AREA_C,AREA_B_TO_AREA_C,BI,CE,0_3,very_high,unknown_or_oneway,Y,T,1,0.79318064,26.332320059694336
15.0,196.61197160000003,173.43402777777777,2,1,0,1,0,1,0,0,0,2,1,4166.833333333333,20.0,32.8009272,1,1,BAGGAGE,UPPER APEX,LANG_02,Round-Trip,google,Direct,Paid Search,Logged-Out,AREA_C,AREA_B,AREA_C_TO_AREA_B,CA,BA,15_30,very_high,30_plus,Y,W,0,0.80259776,26.325950734501074
50.0,263.1423804,36.25694444444444,3,1,0,2,0,1,0,0,0,4,1,872.3333333333334,9.0,30.79477,1,0,BAGGAGE,CENTRAL APEX,LANG_02,Round-Trip,apple,Direct,Direct,Logged-Out,AREA_C,AREA_B,AREA_C_TO_AREA_B,CU,BO,31_60,very_high,30_plus,Y,L,0,0.85468876,26.31994389721513
22.0,152.7416309,70.24652777777777,1,1,0,0,0,0,0,0,0,2,1,1700.0833333333333,14.0,67.07178,1,1,BAGGAGE,LOWER VERTEX,LANG_02,Round-Trip,apple,Organic Search,Paid Search,Logged-Out,AREA_C,AREA_B,AREA_C_TO_AREA_B,CA,BU,15_30,very_high,30_plus,Y,H,0,0.39228198,26.31105061507881
48.0,171.7735697,23.71875,2,2,0,0,0,0,0,0,0,2,1,572.75,11.0,43.7362828,3,1,BAGGAGE,LOWER VERTEX,LANG_02,Round-Trip,apple,Direct,Direct,Logged-Out,AREA_B,AREA_C,AREA_B_TO_AREA_C,BU,CA,31_60,very_high,15_30,Y,L,0,0.6013013,26.298684249175405
32.0,296.8487338,8.809027777777779,2,2,0,0,0,0,0,0,0,5,1,212.83333333333334,19.0,41.8564741,3,1,BAGGAGE,UPPER APEX,LANG_09,Round-Trip,apple,Paid MetaSearches,Paid MetaSearches,Logged-Out,AREA_C,AREA_B,AREA_C_TO_AREA_B,CA,BU,31_60,very_high,9_14,Y,W,0,0.62788427,26.281021633178888
10.0,20.7074484,,1,1,0,0,0,0,0,0,0,2,1,3.75,11.0,90.0320864,2,0,BAGGAGE,UPPER APEX,LANG_09,One-Way,google,Organic Search,Paid Search,Logged-Out,AREA_C,AREA_C,AREA_C_TO_AREA_C,CI,CA,8_14,very_low,unknown_or_oneway,Y,W,0,0.2915631,26.25003363965206
17.0,50.4777248,,2,2,0,0,0,0,0,0,0,1,0,0.5833333333333334,16.0,44.406144,2,1,BAGGAGE,CENTRAL VERTEX,LANG_02,One-Way,google,Direct,Direct,Logged-Out,AREA_B,AREA_C,AREA_B_TO_AREA_C,BI,CA,15_30,mid,unknown_or_oneway,Y,W,0,0.59059846,26.226200439102172
238.0,117.7585152,,4,2,0,2,0,1,0,0,0,1,0,1.9166666666666667,15.0,30.9502429,1,1,BAGGAGE,UPPER APEX,LANG_09,One-Way,mozilla,Paid Search,Paid Search,Logged-Out,AREA_C,AREA_C,AREA_C_TO_AREA_C,CE,CA,120_plus,very_high,unknown_or_oneway,Y,S,0,0.8469927,26.2146289171266
71.0,458.6497663,13.875,3,3,0,0,0,0,0,1,0,2,1,338.0,10.0,32.687856,1,1,BAGGAGE,WEST APEX,LANG_02,Round-Trip,apple,Direct,Direct,Logged-In,AREA_C,AREA_C,AREA_C_TO_AREA_C,CA,CA,61_120,very_high,9_14,Y,V,0,0.80151516,26.199812196982382
18.0,106.9075347,7.114583333333333,3,2,1,0,0,0,1,0,0,2,1,172.58333333333334,10.0,32.4591438,1,1,BAGGAGE,UPPER VERTEX,LANG_10,Round-Trip,apple,Direct,Direct,Logged-Out,AREA_C,AREA_B,AREA_C_TO_AREA_B,CA,BA,15_30,very_high,6_8,Y,L,0,0.8064745,26.177471989040885
29.0,399.1554699,4.239583333333333,2,2,0,0,0,0,0,0,0,2,1,116.25,10.0,44.71452,1,1,BAGGAGE,UPPER VERTEX,LANG_10,Round-Trip,google,Paid MetaSearches,Organic Search,Logged-Out,AREA_C,AREA_B,AREA_C_TO_AREA_B,CA,BU,15_30,very_high,3_5,Y,T,0,0.58541536,26.1765669711113
35.0,201.1442422,14.67013888888889,2,2,0,0,0,0,0,0,0,2,1,356.1666666666667,15.0,42.1858368,3,1,BAGGAGE,UPPER APEX,LANG_09,Round-Trip,microsoft,Direct,Paid Search,Logged-Out,AREA_C,AREA_C,AREA_C_TO_AREA_C,CA,CE,31_60,very_high,15_30,Y,U,0,0.6199414,26.152747291361617
16.0,66.4824392,21.78125,1,1,0,0,0,0,0,0,0,4,1,526.0833333333334,11.0,66.1543614,2,0,BAGGAGE,LOWER VERTEX,LANG_02,Round-Trip,apple,Direct,Affiliate,Logged-Out,AREA_B,AREA_C,AREA_B_TO_AREA_C,BU,CU,15_30,high,15_30,Y,O,0,0.39511034,26.13827215420795
2.0,176.3465288,,1,1,0,0,0,0,0,1,0,2,1,285.5833333333333,13.0,66.1029654,1,1,BAGGAGE,UPPER APEX,LANG_09,Multi-City,google,Direct,Direct,Logged-In,AREA_D,AREA_C,AREA_D_TO_AREA_C,DA,CA,0_3,very_high,unknown_or_oneway,Y,S,0,0.39540884,26.137696802435
52.0,189.2940378,25.069444444444443,2,2,0,0,0,0,0,0,0,4,1,602.5,16.0,42.1858368,3,0,BAGGAGE,UPPER APEX,LANG_09,Round-Trip,google,Direct,Direct,Logged-Out,AREA_D,AREA_B,AREA_D_TO_AREA_B,DA,BO,31_60,very_high,15_30,Y,U,0,0.61956686,26.136946350463482
292.0,388.952079,,2,2,0,0,0,0,0,1,0,1,0,7.25,21.0,39.31794,1,1,BAGGAGE,UPPER MERIDIAN,LANG_02,One-Way,google,Paid Search,Paid Search,Logged-In,AREA_B,AREA_C,AREA_B_TO_AREA_C,BU,CA,120_plus,very_high,unknown_or_oneway,Y,K,0,0.6645654,26.12934190944314
127.0,373.4394813,,4,2,1,1,0,1,1,0,0,3,1,362.6666666666667,10.0,29.9158984,2,0,BAGGAGE,LOWER VERTEX,LANG_02,Multi-City,google,Paid Search,Paid Search,Logged-Out,AREA_B,AREA_B,AREA_B_TO_AREA_B,BU,BE,120_plus,very_high,unknown_or_oneway,Y,O,0,0.8730627,26.118454139459274
146.0,126.4808447,,1,1,0,0,0,0,0,0,0,2,1,690.3333333333334,17.0,79.2937488,3,1,BAGGAGE,UPPER APEX,LANG_09,Multi-City,google,Direct,Direct,Logged-Out,AREA_C,AREA_B,AREA_C_TO_AREA_B,CA,BU,120_plus,very_high,unknown_or_oneway,Y,U,0,0.3293369,26.114358326282932
,191.1815559,,2,2,0,0,0,0,0,1,1,1,0,3.25,11.0,29.8413742,1,0,BAGGAGE,UPPER VERTEX,LANG_02,One-Way,google,Direct,Email,Logged-In,AREA_B,AREA_B,AREA_B_TO_AREA_B,BE,BU,,very_high,unknown_or_oneway,Y,S,1,0.874842,26.10648713236717
231.0,477.3780404,9.88888888888889,2,2,0,0,0,0,0,0,0,2,1,244.58333333333334,20.0,42.1858368,3,1,BAGGAGE,UPPER APEX,LANG_09,Round-Trip,google,Organic Search,Organic Search,Logged-Out,AREA_C,AREA_B,AREA_C_TO_AREA_B,CA,BU,120_plus,very_high,9_14,Y,S,0,0.6185206,26.09280982665939
46.0,302.414064,8.010416666666666,2,2,0,0,0,0,0,0,0,2,1,198.91666666666666,23.0,33.53589,1,1,BAGGAGE,UPPER APEX,LANG_09,Round-Trip,samsung,Organic Search,Organic Search,Logged-Out,AREA_C,AREA_B,AREA_C_TO_AREA_B,CA,BU,31_60,very_high,9_14,Y,V,0,0.77784586,26.08575318207264
87.0,59.5174246,9.190972222222221,2,2,0,0,0,0,0,1,1,2,1,222.33333333333334,17.0,37.00512,2,0,BAGGAGE,UPPER APEX,LANG_09,Round-Trip,google,Paid Search,Paid Search,Logged-In,AREA_C,AREA_B,AREA_C_TO_AREA_B,CE,BI,61_120,high,9_14,Y,O,0,0.70486194,26.083500634403226
14.0,79.17339650000001,,2,2,0,0,0,0,0,0,0,1,0,4.75,15.0,37.4582614,2,1,BAGGAGE,NEW HORIZON,LANG_02,One-Way,google,MetaSearches,MetaSearches,Logged-Out,AREA_C,AREA_C,AREA_C_TO_AREA_C,CA,CE,8_14,high,unknown_or_oneway,Y,W,0,0.69623756,26.079848672066877
15.0,54.14268789999999,4.8125,2,2,0,0,0,0,0,0,0,4,1,116.41666666666667,10.0,41.75925,3,0,BAGGAGE,UPPER VERTEX,LANG_11,Round-Trip,apple,Paid Search,MetaSearches,Logged-Out,AREA_C,AREA_C,AREA_C_TO_AREA_C,CU,CE,15_30,high,3_5,Y,V,0,0.62440366,26.074628352150324
98.0,338.35871319999995,15.024305555555555,4,2,0,2,0,1,0,0,0,2,1,376.9166666666667,14.0,29.8799212,2,0,BAGGAGE,LOWER VERTEX,LANG_02,Round-Trip,google,Direct,Direct,Logged-Out,AREA_B,AREA_B,AREA_B_TO_AREA_B,BE,BU,61_120,very_high,15_30,Y,U,1,0.8716838,26.04584254951193
89.0,120.3891338,,2,2,0,0,0,0,0,0,0,4,1,607.4166666666666,16.0,35.0533569,1,0,BAGGAGE,UPPER HORIZON,LANG_05,Multi-City,apple,Direct,Direct,Logged-Out,AREA_C,AREA_B,AREA_C_TO_AREA_B,CI,BO,61_120,very_high,unknown_or_oneway,Y,L,0,0.7429459,26.04274812310288
111.0,482.9746365,37.21875,5,2,0,3,0,1,0,0,0,2,1,909.5833333333334,14.0,29.80968,2,0,BAGGAGE,UPPER APEX,LANG_09,Round-Trip,apple,Paid Search,Paid Search,Logged-Out,AREA_B,AREA_B,AREA_B_TO_AREA_B,BE,BU,61_120,very_high,30_plus,Y,U,1,0.87360233,26.041805924963953
18.0,97.0664856,4.197916666666667,2,2,0,0,0,0,0,0,0,2,1,104.25,10.0,47.7965668,3,1,BAGGAGE,UPPER APEX,LANG_09,Round-Trip,google,Paid MetaSearches,Paid MetaSearches,Logged-Out,AREA_C,AREA_B,AREA_C_TO_AREA_B,CA,BA,15_30,high,3_5,Y,L,0,0.5446805,26.03385676480708
141.0,488.506131,65.34722222222223,5,3,1,1,0,1,1,0,0,3,1,1583.0,21.0,29.80968,2,0,BAGGAGE,UPPER APEX,LANG_09,Round-Trip,google,Direct,Paid Search,Logged-Out,AREA_C,AREA_B,AREA_C_TO_AREA_B,CU,BU,120_plus,very_high,30_plus,Y,L,1,0.8733341,26.033810345721246
293.0,284.249861,15.76388888888889,2,2,0,0,0,0,0,1,0,2,1,384.25,12.0,42.1858368,3,1,BAGGAGE,UPPER APEX,LANG_09,Round-Trip,samsung,Direct,Direct,Logged-In,AREA_C,AREA_B,AREA_C_TO_AREA_B,CA,BA,120_plus,very_high,15_30,Y,L,0,0.61701024,26.02909311081619
288.0,284.2695628,10.76388888888889,2,2,0,0,0,0,0,0,0,2,1,264.25,16.0,42.1858368,3,1,BAGGAGE,UPPER APEX,LANG_09,Round-Trip,microsoft,Direct,Direct,Logged-Out,AREA_C,AREA_B,AREA_C_TO_AREA_B,CA,BA,120_plus,very_high,9_14,Y,L,0,0.61701024,26.02909311081619
0.0,76.8164616,,1,1,0,0,0,0,0,0,0,2,1,6.5,8.0,41.0409909,1,0,BAGGAGE,CENTRAL VERTEX,LANG_02,One-Way,apple,MetaSearches,MetaSearches,Logged-Out,AREA_B,AREA_B,AREA_B_TO_AREA_B,BI,BU,invalid_or_past,high,unknown_or_oneway,Y,T,0,0.6340816,26.023337261502242
3.0,70.23563209999999,13.447916666666666,1,1,0,0,0,0,0,0,0,4,1,326.9166666666667,1.0,84.4539072,3,1,BAGGAGE,UPPER APEX,LANG_09,Round-Trip,google,Paid Search,Organic Search,Logged-Out,AREA_C,AREA_C,AREA_C_TO_AREA_C,CA,CE,0_3,high,9_14,Y,U,0,0.3081352,26.023222554349136
98.0,41.6637391,,2,2,0,0,0,0,0,0,0,1,0,2.0,12.0,42.967056,3,1,BAGGAGE,WEST APEX,LANG_02,One-Way,opera,Paid Search,Paid Search,Logged-Out,AREA_C,AREA_B,AREA_C_TO_AREA_B,CA,BA,61_120,mid,unknown_or_oneway,Y,U,0,0.60555863,26.019071729953765
106.0,109.781856,34.21875,1,1,0,0,0,0,0,0,0,2,1,837.5833333333334,23.0,78.6975552,2,0,BAGGAGE,LOWER VERTEX,LANG_09,Round-Trip,apple,Direct,Direct,Logged-Out,AREA_B,AREA_B,AREA_B_TO_AREA_B,BE,BU,61_120,very_high,30_plus,Y,O,0,0.33052582,26.01157360930595
80.0,92.4498399,28.131944444444443,1,1,0,0,0,0,0,1,0,4,1,676.4166666666666,7.0,69.2329818,2,0,BAGGAGE,LOWER VERTEX,LANG_02,Round-Trip,mozilla,Affiliate,Affiliate,Logged-In,AREA_B,AREA_B,AREA_B_TO_AREA_B,BI,BU,61_120,high,15_30,Y,W,0,0.37514532,25.972428843565538
142.0,132.0551692,7.229166666666667,2,2,0,0,0,0,0,0,0,2,1,187.91666666666666,14.0,33.9830352,2,1,BAGGAGE,UPPER APEX,LANG_09,Round-Trip,apple,Email,Email,Logged-Out,AREA_C,AREA_B,AREA_C_TO_AREA_B,CA,BU,120_plus,very_high,6_8,Y,O,0,0.7639865,25.962581070623305
154.0,132.0551692,8.125,2,2,0,0,0,0,0,1,0,2,1,209.41666666666666,17.0,33.9830352,2,1,BAGGAGE,UPPER APEX,LANG_09,Round-Trip,mozilla,Paid Search,Organic Social,Logged-In,AREA_C,AREA_B,AREA_C_TO_AREA_B,CA,BU,120_plus,very_high,9_14,Y,O,0,0.7639865,25.962581070623305
39.0,47.665078699999995,,1,1,0,0,0,0,0,0,0,2,1,9.25,19.0,51.6654007,3,0,BAGGAGE,UPPER APEX,LANG_02,One-Way,google,Paid Search,Email,Logged-Out,AREA_C,AREA_C,AREA_C_TO_AREA_C,CU,CE,31_60,mid,unknown_or_oneway,Y,T,0,0.5023581,25.954531444175185
84.0,112.7234204,7.423611111111111,1,1,0,0,0,0,0,0,0,2,1,192.83333333333334,23.0,90.6214272,2,1,BAGGAGE,UPPER APEX,LANG_09,Round-Trip,google,Paid Search,Organic Search,Logged-Out,AREA_C,AREA_B,AREA_C_TO_AREA_B,CA,BU,61_120,very_high,6_8,Y,O,0,0.2861917,25.935100477981567
182.0,385.9291376,14.0,2,2,0,0,0,0,0,0,0,2,1,343.25,22.0,33.53589,1,1,BAGGAGE,UPPER APEX,LANG_09,Round-Trip,apple,Direct,Direct,Logged-Out,AREA_C,AREA_B,AREA_C_TO_AREA_B,CA,BU,120_plus,very_high,9_14,Y,S,0,0.7730802,25.925933546379806
22.0,95.3477177,,1,1,0,0,0,0,0,0,0,2,1,22.833333333333332,13.0,45.0481657,1,0,BAGGAGE,NEW APEX,LANG_02,One-Way,samsung,Direct,Organic Search,Logged-Out,AREA_C,AREA_C,AREA_C_TO_AREA_C,CU,CA,15_30,high,unknown_or_oneway,Y,T,1,0.5754054,25.920958654061298
333.0,263.5308485,6.270833333333333,3,2,0,1,0,1,0,0,0,2,1,165.16666666666666,19.0,29.449908,1,0,BAGGAGE,UPPER APEX,LANG_09,Round-Trip,mozilla,Direct,Paid Search,Logged-Out,AREA_B,AREA_B,AREA_B_TO_AREA_B,BE,BU,120_plus,very_high,6_8,Y,W,0,0.87995726,25.914660312686205
0.0,25.6812963,,1,1,0,0,0,0,0,0,0,1,0,2.4166666666666665,20.0,71.2965312,1,0,BAGGAGE,UPPER APEX,LANG_09,One-Way,google,MetaSearches,MetaSearches,Logged-Out,AREA_B,AREA_B,AREA_B_TO_AREA_B,BE,BA,invalid_or_past,low,unknown_or_oneway,Y,V,0,0.36330965,25.902717911504176
176.0,138.0946275,176.77083333333334,2,2,0,0,0,0,0,0,1,2,1,4246.25,11.0,35.386146,1,1,BAGGAGE,LOWER VERTEX,LANG_02,Round-Trip,google,Paid Search,Paid Search,Logged-Out,AREA_B,AREA_C,AREA_B_TO_AREA_C,BU,CA,120_plus,very_high,30_plus,Y,O,0,0.7319922,25.902382333367225
0.0,28.4052843,58.322916666666664,1,1,0,0,0,0,0,0,0,4,1,1400.6666666666667,20.0,93.746304,4,0,BAGGAGE,SOUTH MERIDIAN,LANG_02,Round-Trip,apple,Direct,Paid Search,Logged-Out,AREA_B,AREA_B,AREA_B_TO_AREA_B,BE,BI,invalid_or_past,low,30_plus,Y,L,0,0.27629933,25.902040761302946
124.0,246.6896642,7.881944444444445,3,2,0,1,0,1,0,0,0,4,1,191.0,14.0,32.9097154,4,0,BAGGAGE,SOUTH HORIZON,LANG_02,Round-Trip,apple,Direct,Direct,Logged-Out,AREA_C,AREA_C,AREA_C_TO_AREA_C,CA,CE,120_plus,very_high,6_8,Y,V,0,0.78672767,25.890983613499404
87.0,271.3850139,,3,2,0,1,0,1,0,0,0,1,0,4.0,11.0,29.80968,1,0,BAGGAGE,UPPER APEX,LANG_09,One-Way,microsoft,MetaSearches,MetaSearches,Logged-Out,AREA_C,AREA_B,AREA_C_TO_AREA_B,CU,BU,61_120,very_high,unknown_or_oneway,Y,T,1,0.8684574,25.888436500725746
6.0,27.7375646,,1,1,0,0,0,0,0,1,0,1,0,2.4166666666666665,23.0,71.2965312,2,0,BAGGAGE,UPPER APEX,LANG_09,One-Way,apple,Direct,MetaSearches,Logged-In,AREA_B,AREA_B,AREA_B_TO_AREA_B,BE,BA,4_7,low,unknown_or_oneway,Y,V,0,0.36296588,25.878208318035508
4.0,33.6768007,,1,1,0,0,0,0,0,0,0,2,1,3.0,11.0,51.7352136,1,0,BAGGAGE,UPPER HORIZON,LANG_05,One-Way,google,Paid Search,Paid Search,Logged-Out,AREA_C,AREA_B,AREA_C_TO_AREA_B,CI,BE,4_7,low,unknown_or_oneway,Y,S,0,0.50016767,25.876281132848597
50.0,24.8551056,,2,2,0,0,0,0,0,0,0,2,1,3.25,21.0,45.6936138,1,0,BAGGAGE,UPPER MERIDIAN,LANG_02,One-Way,google,Paid Search,Paid Search,Logged-Out,AREA_C,AREA_B,AREA_C_TO_AREA_B,CI,BI,31_60,low,unknown_or_oneway,Y,U,0,0.5661074,25.86749255358832
66.0,304.25147100000004,10.770833333333334,2,2,0,0,0,0,0,0,0,2,1,262.0,12.0,57.6997194,2,1,BAGGAGE,LOWER VERTEX,LANG_02,Round-Trip,apple,Direct,Direct,Logged-Out,AREA_B,AREA_C,AREA_B_TO_AREA_C,BU,CA,61_120,very_high,9_14,P,R,0,0.44796687,25.847562909856904
162.0,156.11535,13.118055555555555,7,4,0,3,0,1,0,1,0,2,1,316.6666666666667,11.0,31.35156,4,1,BAGGAGE,UPPER APEX,LANG_09,Round-Trip,google,Paid Search,Paid Search,Logged-In,AREA_C,AREA_C,AREA_C_TO_AREA_C,CA,CE,120_plus,very_high,9_14,Y,L,1,0.8244251,25.847013028292654
9.0,22.2236304,,2,2,0,0,0,0,0,0,0,1,0,3.6666666666666665,20.0,51.0066753,3,1,BAGGAGE,UPPER APEX,LANG_09,One-Way,google,Direct,Direct,Logged-Out,AREA_C,AREA_B,AREA_C_TO_AREA_B,CA,BA,8_14,low,unknown_or_oneway,Y,U,0,0.5067259,25.846403821062147
95.0,294.233534,16.34722222222222,3,2,0,1,0,1,0,0,0,3,1,407.0,23.0,29.80968,2,0,BAGGAGE,UPPER APEX,LANG_09,Round-Trip,google,Paid Search,Affiliate,Logged-Out,AREA_C,AREA_B,AREA_C_TO_AREA_B,CU,BU,61_120,very_high,15_30,Y,L,0,0.8670204,25.845601517529488
13.0,68.7545707,,3,3,0,0,0,0,0,1,0,1,0,0.3333333333333333,15.0,35.2366693,1,1,BAGGAGE,UPPER APEX,LANG_09,One-Way,microsoft,Paid Search,Organic Search,Logged-In,AREA_B,AREA_C,AREA_B_TO_AREA_C,BE,CA,8_14,high,unknown_or_oneway,Y,V,0,0.73292243,25.82574545783886
145.0,45.9642994,,1,1,0,0,0,0,0,0,0,2,1,5.416666666666667,12.0,49.918365,1,0,BAGGAGE,SOUTH MERIDIAN,LANG_01,One-Way,microsoft,Paid Search,Paid Search,Logged-Out,AREA_C,AREA_C,AREA_C_TO_AREA_C,CE,CI,120_plus,mid,unknown_or_oneway,Y,S,0,0.5173124,25.823389576293827
13.0,51.2495214,7.052083333333333,2,2,0,0,0,0,0,0,0,4,1,171.66666666666666,16.0,38.045889,3,0,BAGGAGE,NEW APEX,LANG_02,Round-Trip,google,MetaSearches,MetaSearches,Logged-Out,AREA_B,AREA_B,AREA_B_TO_AREA_B,BE,BI,8_14,mid,6_8,Y,S,0,0.6786598,25.820215294573188
0.0,37.3730297,,1,1,0,0,0,0,0,0,0,2,1,4.666666666666667,12.0,48.7246929,2,0,BAGGAGE,LOWER VERTEX,LANG_02,One-Way,google,Paid Search,Paid Search,Logged-Out,AREA_B,AREA_C,AREA_B_TO_AREA_C,BI,CE,invalid_or_past,mid,unknown_or_oneway,Y,T,0,0.5299016,25.819293883255398
78.0,542.8496916,23.76388888888889,3,2,0,1,0,1,0,1,0,4,1,574.0,16.0,32.9011494,3,0,BAGGAGE,NORTH MERIDIAN,LANG_02,Round-Trip,apple,Direct,Direct,Logged-In,AREA_B,AREA_B,AREA_B_TO_AREA_B,BI,BO,61_120,very_high,15_30,Y,U,0,0.7847192,25.818164581975793
12.0,146.1381015,,3,3,0,0,0,0,0,0,0,2,1,3.75,16.0,32.1225,1,0,BAGGAGE,UPPER APEX,LANG_02,One-Way,microsoft,MetaSearches,MetaSearches,Logged-Out,AREA_B,AREA_B,AREA_B_TO_AREA_B,BE,BI,8_14,very_high,unknown_or_oneway,Y,Q,1,0.8037298,25.81780961930752
82.0,193.03052700000003,8.552083333333334,4,2,0,2,0,1,0,0,0,4,1,207.41666666666666,11.0,31.2667566,4,0,BAGGAGE,WEST APEX,LANG_02,Round-Trip,apple,Organic Search,Organic Search,Logged-Out,AREA_B,AREA_B,AREA_B_TO_AREA_B,BE,BO,61_120,very_high,9_14,Y,T,1,0.82569987,25.816956729184806
70.0,251.66651020000003,17.21527777777778,2,2,0,0,0,0,0,0,0,2,1,429.25,13.0,33.9830352,2,1,BAGGAGE,UPPER APEX,LANG_02,Round-Trip,google,Direct,Affiliate,Logged-Out,AREA_C,AREA_B,AREA_C_TO_AREA_B,CA,BU,61_120,very_high,15_30,Y,L,0,0.7595515,25.811866214229585
6.0,83.06450199999999,7.263888888888889,2,2,0,0,0,0,0,0,0,4,1,176.25,20.0,35.3039124,2,0,BAGGAGE,UPPER MERIDIAN,LANG_01,Round-Trip,google,Paid Search,Paid Search,Logged-Out,AREA_C,AREA_C,AREA_C_TO_AREA_C,CU,CE,4_7,high,6_8,Y,S,0,0.73095816,25.80568298068006
27.0,62.647441,,1,1,0,0,0,0,0,1,0,2,1,7.0,18.0,44.560332,1,0,BAGGAGE,UPPER APEX,LANG_02,One-Way,google,Paid Search,Paid Search,Logged-In,AREA_B,AREA_B,AREA_B_TO_AREA_B,BO,BE,15_30,high,unknown_or_oneway,Y,V,0,0.5790536,25.802819804497005
69.0,55.8224805,,2,2,0,0,0,0,0,1,1,2,1,16.666666666666668,14.0,41.0371362,2,0,BAGGAGE,UPPER APEX,LANG_09,One-Way,apple,Direct,Affiliate,Logged-In,AREA_C,AREA_C,AREA_C_TO_AREA_C,CE,CE,61_120,high,unknown_or_oneway,Y,O,0,0.62864375,25.797739236992026
49.0,167.1504995,4.291666666666667,5,3,0,2,0,1,0,0,0,2,1,104.58333333333333,9.0,32.353782,2,1,BAGGAGE,LOWER MERIDIAN,LANG_02,Round-Trip,microsoft,Paid MetaSearches,Paid MetaSearches,Logged-Out,AREA_B,AREA_C,AREA_B_TO_AREA_C,BA,CA,31_60,very_high,3_5,Y,Q,1,0.79735726,25.797523004363182
3.0,53.5088039,,1,1,0,0,0,0,0,0,0,2,1,6.5,21.0,43.8030976,3,0,BAGGAGE,LOWER ZENITH,LANG_02,One-Way,google,Paid Search,Paid Search,Logged-Out,AREA_C,AREA_B,AREA_C_TO_AREA_B,CE,BI,0_3,mid,unknown_or_oneway,Y,Q,0,0.5887248,25.787969523674775
309.0,266.7499513,10.21875,3,2,0,1,0,1,0,0,0,2,1,261.5833333333333,21.0,29.80968,2,0,BAGGAGE,UPPER APEX,LANG_09,Round-Trip,apple,Paid Search,Paid Search,Logged-Out,AREA_B,AREA_B,AREA_B_TO_AREA_B,BE,BU,120_plus,very_high,9_14,Y,W,0,0.8650391,25.78653906206131
112.0,543.9101624,28.725694444444443,3,1,0,2,0,1,0,0,0,2,1,693.4166666666666,7.0,31.1134252,2,0,BAGGAGE,LOWER VERTEX,LANG_02,Round-Trip,google,Paid Search,Paid Search,Logged-Out,AREA_B,AREA_C,AREA_B_TO_AREA_C,BU,CU,61_120,very_high,15_30,Y,W,0,0.8287527,25.78533503229067
38.0,151.1445002,6.21875,2,2,0,0,0,0,0,1,0,2,1,165.16666666666666,15.0,36.1763595,2,1,BAGGAGE,UPPER APEX,LANG_09,Round-Trip,google,Paid Search,Referrals,Logged-In,AREA_C,AREA_B,AREA_C_TO_AREA_B,CA,BU,31_60,very_high,6_8,Y,O,0,0.7127051,25.783075037474422
84.0,288.4510557,15.006944444444445,3,2,1,0,0,0,1,1,0,4,1,362.0833333333333,16.0,33.53589,3,1,BAGGAGE,UPPER APEX,LANG_09,Round-Trip,google,Paid Search,Partners,Logged-In,AREA_C,AREA_B,AREA_C_TO_AREA_B,CA,BU,61_120,very_high,15_30,Y,U,0,0.76844573,25.77051147927046
46.0,719.8395270000001,14.229166666666666,5,4,1,0,0,0,1,1,1,2,1,362.0833333333333,23.0,31.248768,2,1,BAGGAGE,UPPER APEX,LANG_09,Round-Trip,google,Paid Search,Paid Search,Logged-In,AREA_C,AREA_D,AREA_C_TO_AREA_D,CA,DA,31_60,very_high,15_30,Y,U,0,0.8245388,25.765822510116575
131.0,34.045567,8.51388888888889,2,2,0,0,0,0,0,1,1,2,1,206.41666666666666,12.0,39.06096,1,1,BAGGAGE,UPPER APEX,LANG_02,Round-Trip,apple,Email,Email,Logged-In,AREA_C,AREA_C,AREA_C_TO_AREA_C,CA,CI,120_plus,low,9_14,Y,U,0,0.65925425,25.751104002771378
87.0,53.957234,3.0243055555555554,4,4,0,0,0,0,0,0,0,2,1,74.91666666666667,21.0,43.018452,1,1,BAGGAGE,NEW APEX,LANG_02,Round-Trip,samsung,Direct,Direct,Logged-Out,AREA_C,AREA_C,AREA_C_TO_AREA_C,CE,CA,61_120,mid,3_5,Y,O,0,0.5985971,25.750721014525656
8.0,19.5908703,,1,1,0,0,0,0,0,1,0,2,1,3.75,19.0,90.0320864,2,0,BAGGAGE,UPPER APEX,LANG_09,One-Way,microsoft,Internal,Internal,Logged-In,AREA_C,AREA_C,AREA_C_TO_AREA_C,CI,CA,8_14,very_low,unknown_or_oneway,Y,V,0,0.28588763,25.739059696247004
39.0,56.41182130000001,9.479166666666666,2,1,0,1,0,1,0,1,0,2,1,230.08333333333334,16.0,32.4283062,1,1,BAGGAGE,NORTH HORIZON,LANG_04,Round-Trip,google,Paid Search,Paid Search,Logged-In,AREA_C,AREA_C,AREA_C_TO_AREA_C,CU,CA,31_60,high,9_14,Y,L,0,0.7931593,25.720812841947737
22.0,27.4707337,,1,1,0,0,0,0,0,0,0,2,1,3.3333333333333335,20.0,60.039094,3,0,BAGGAGE,OLD HORIZON,LANG_02,One-Way,google,Paid Search,MetaSearches,Logged-Out,AREA_C,AREA_B,AREA_C_TO_AREA_B,CE,BE,15_30,low,unknown_or_oneway,Y,W,0,0.42824152,25.711232941230953
69.0,145.4618158,8.239583333333334,3,2,0,1,0,1,0,1,0,2,1,212.25,17.0,28.78176,1,1,BAGGAGE,UPPER APEX,LANG_09,Round-Trip,other,Direct,Direct,Logged-In,AREA_C,AREA_B,AREA_C_TO_AREA_B,CA,BU,61_120,very_high,9_14,Y,O,1,0.89295524,25.700823511676788
18.0,353.02755989999997,63.00694444444444,4,4,0,0,0,0,0,1,0,3,1,1513.0833333333333,20.0,29.80968,2,0,BAGGAGE,LOWER VERTEX,LANG_02,Round-Trip,google,Paid Search,Paid Search,Logged-In,AREA_B,AREA_B,AREA_B_TO_AREA_B,BE,BU,15_30,very_high,30_plus,Y,W,0,0.8618217,25.690629423851966
153.0,132.0551692,10.229166666666666,2,2,0,0,0,0,0,1,0,2,1,259.9166666666667,7.0,33.9830352,2,1,BAGGAGE,UPPER APEX,LANG_09,Round-Trip,google,Direct,Direct,Logged-In,AREA_C,AREA_B,AREA_C_TO_AREA_B,CA,BU,120_plus,very_high,9_14,Y,O,1,0.7559048,25.687939213492015
12.0,247.04087020000003,30.770833333333332,2,2,0,0,0,0,0,0,0,4,1,742.0833333333334,12.0,44.4386948,5,0,BAGGAGE,LOWER VERTEX,LANG_02,Round-Trip,google,Paid Search,Paid Search,Logged-Out,AREA_D,AREA_C,AREA_D_TO_AREA_C,DA,CU,8_14,very_high,30_plus,Y,W,0,0.57804704,25.68765586282587
182.0,114.4940126,9.875,4,3,1,0,0,0,1,1,0,2,1,239.25,9.0,31.1948022,2,1,BAGGAGE,NORTH ZENITH,LANG_06,Round-Trip,google,Email,Organic Search,Logged-In,AREA_C,AREA_C,AREA_C_TO_AREA_C,CI,CA,120_plus,very_high,9_14,Y,U,1,0.8232951,25.682528309090138
144.0,254.0474299,66.77083333333333,2,2,0,0,0,0,0,0,0,4,1,1608.0833333333333,14.0,35.16343,2,0,BAGGAGE,LOWER VERTEX,LANG_02,Round-Trip,google,Direct,MetaSearches,Logged-Out,AREA_C,AREA_D,AREA_C_TO_AREA_D,CU,DA,120_plus,very_high,30_plus,Y,L,0,0.7302919,25.679568211373685
83.0,138.6218648,2.517361111111111,4,4,0,0,0,0,0,0,0,2,1,62.5,14.0,48.128071,4,1,BAGGAGE,UPPER APEX,LANG_09,Round-Trip,samsung,Direct,Direct,Logged-Out,AREA_C,AREA_B,AREA_C_TO_AREA_B,CA,BI,61_120,very_high,3_5,Y,L,0,0.5334316,25.673033418076454
24.0,130.2147641,,2,2,0,0,0,0,0,1,0,2,1,10.25,23.0,34.9634139,1,0,BAGGAGE,EAST ZENITH,LANG_08,One-Way,google,MetaSearches,Referrals,Logged-In,AREA_C,AREA_B,AREA_C_TO_AREA_B,CA,BA,15_30,very_high,unknown_or_oneway,Y,L,1,0.7341495,25.668373379414767
1.0,154.37473880000002,4.875,3,1,1,1,0,1,1,1,0,2,1,119.25,16.0,31.1948022,2,1,BAGGAGE,UPPER APEX,LANG_09,Round-Trip,google,Paid Search,Paid Search,Logged-In,AREA_C,AREA_C,AREA_C_TO_AREA_C,CI,CA,0_3,very_high,3_5,Y,S,0,0.822704,25.664089084524072
52.0,62.7048332,7.163194444444445,5,3,0,2,0,1,0,1,0,2,1,174.91666666666666,10.0,29.29572,1,1,BAGGAGE,UPPER APEX,LANG_09,Round-Trip,google,Direct,Organic Search,Logged-In,AREA_C,AREA_C,AREA_C_TO_AREA_C,CA,CI,31_60,high,6_8,Y,O,0,0.8756237,25.652026828536986
26.0,90.7490606,,2,2,0,0,0,0,0,0,0,1,0,1.25,,34.6743114,1,0,BAGGAGE,CENTRAL AURORA,LANG_02,One-Way,apple,MetaSearches,MetaSearches,Logged-Out,AREA_B,AREA_B,AREA_B_TO_AREA_B,BO,BU,15_30,high,unknown_or_oneway,Y,L,0,0.7395619,25.643800154078363
6.0,39.356487,,1,1,0,0,0,0,0,1,0,2,1,4.833333333333333,11.0,51.0465072,1,0,BAGGAGE,UPPER HORIZON,LANG_02,One-Way,microsoft,Direct,Direct,Logged-In,AREA_B,AREA_C,AREA_B_TO_AREA_C,BE,CI,4_7,mid,unknown_or_oneway,Y,K,0,0.5022304,25.63710802611122
53.0,265.78756119999997,5.725694444444445,3,1,0,2,0,1,0,1,1,2,1,141.41666666666666,20.0,31.2050814,1,0,BAGGAGE,UPPER APEX,LANG_09,Round-Trip,apple,Direct,Direct,Logged-In,AREA_B,AREA_C,AREA_B_TO_AREA_C,BU,CU,31_60,very_high,6_8,Y,L,1,0.8214332,25.632889450363326
114.0,235.1221378,15.065972222222221,2,2,0,0,0,0,0,1,0,4,1,362.4166666666667,18.0,39.472128,3,0,BAGGAGE,UPPER APEX,LANG_09,Round-Trip,google,Paid Search,Paid Search,Logged-In,AREA_C,AREA_B,AREA_C_TO_AREA_B,CU,BI,61_120,very_high,15_30,Y,L,0,0.64905137,25.619438685607907
64.0,321.9132781,21.23611111111111,2,1,1,0,0,0,1,0,0,2,1,530.25,13.0,44.71452,3,1,BAGGAGE,LOWER VERTEX,LANG_02,Round-Trip,google,Direct,Paid Search,Logged-Out,AREA_C,AREA_D,AREA_C_TO_AREA_D,CA,DA,61_120,very_high,15_30,Y,V,0,0.57276785,25.61103965127468
172.0,119.8109288,17.42361111111111,1,1,0,0,0,0,0,0,0,2,1,432.8333333333333,21.0,113.276784,3,1,BAGGAGE,UPPER APEX,LANG_09,Round-Trip,google,Direct,Direct,Logged-Out,AREA_C,AREA_B,AREA_C_TO_AREA_B,CA,BU,120_plus,very_high,15_30,Y,O,0,0.22596438,25.596518524452925
3.0,46.3022281,,1,1,0,0,0,0,0,0,0,2,1,6.5,22.0,43.8030976,3,0,BAGGAGE,LOWER ZENITH,LANG_02,One-Way,google,Paid Search,Paid Search,Logged-Out,AREA_C,AREA_B,AREA_C_TO_AREA_B,CE,BI,0_3,mid,unknown_or_oneway,Y,Q,0,0.5843144,25.59478095151749
119.0,140.6554332,4.423611111111111,2,2,0,0,0,0,0,0,0,2,1,120.83333333333333,8.0,45.3107136,2,1,BAGGAGE,UPPER APEX,LANG_09,Round-Trip,apple,Direct,Direct,Logged-Out,AREA_C,AREA_B,AREA_C_TO_AREA_B,CA,BU,61_120,very_high,3_5,Y,O,0,0.5640916,25.559393966183855
13.0,44.58174700000001,,2,2,0,0,0,0,0,0,0,1,0,4.25,11.0,38.3606895,3,1,BAGGAGE,UPPER APEX,LANG_09,One-Way,apple,MetaSearches,MetaSearches,Logged-Out,AREA_C,AREA_C,AREA_C_TO_AREA_C,CA,CI,8_14,mid,unknown_or_oneway,Y,U,0,0.6657662,25.539249693764358
38.0,345.86038770000005,13.927083333333334,2,1,1,0,0,0,1,0,0,2,1,339.25,23.0,37.2621,1,1,BAGGAGE,UPPER VERTEX,LANG_11,Round-Trip,apple,Direct,Direct,Logged-Out,AREA_C,AREA_C,AREA_C_TO_AREA_C,CA,CA,31_60,very_high,9_14,Y,W,0,0.6853617,25.538015581852196
108.0,140.8447418,3.71875,2,2,0,0,0,0,0,1,1,3,1,92.75,12.0,58.4783688,3,1,BAGGAGE,UPPER APEX,LANG_09,Round-Trip,apple,Direct,Direct,Logged-In,AREA_B,AREA_C,AREA_B_TO_AREA_C,BU,CA,61_120,very_high,3_5,Y,O,0,0.4366296,25.533386390222024
217.0,350.84280160000003,8.034722222222221,4,4,0,0,0,0,0,0,0,2,1,207.41666666666666,17.0,29.80968,2,1,BAGGAGE,UPPER APEX,LANG_02,Round-Trip,google,Paid Search,Paid Search,Logged-Out,AREA_C,AREA_B,AREA_C_TO_AREA_B,CA,BU,120_plus,very_high,9_14,Y,L,1,0.8565355,25.533048994545936
106.0,268.9865339,6.642361111111111,3,2,0,1,0,1,0,0,0,2,1,165.33333333333334,8.0,29.80968,1,0,BAGGAGE,UPPER APEX,LANG_09,Round-Trip,google,MetaSearches,MetaSearches,Logged-Out,AREA_B,AREA_C,AREA_B_TO_AREA_C,BE,CA,61_120,very_high,6_8,Y,O,1,0.85650986,25.53228497252941
151.0,105.0923993,24.26388888888889,2,2,0,0,0,0,0,0,0,4,1,584.25,23.0,35.3039124,2,0,BAGGAGE,UPPER MERIDIAN,LANG_01,Round-Trip,microsoft,Paid Search,Paid Search,Logged-Out,AREA_C,AREA_C,AREA_C_TO_AREA_C,CU,CE,120_plus,very_high,15_30,Y,Q,0,0.72314006,25.529673363002228
4.0,116.0573076,,1,1,0,0,0,0,0,1,0,1,0,14.416666666666666,15.0,49.4630821,1,1,BAGGAGE,NORTH MERIDIAN,LANG_02,One-Way,apple,Direct,Direct,Logged-In,AREA_B,AREA_C,AREA_B_TO_AREA_C,BI,CA,4_7,very_high,unknown_or_oneway,Y,T,0,0.51608086,25.526949766554832
192.0,724.5062838,18.22222222222222,6,4,0,2,0,1,0,0,0,2,1,457.9166666666667,15.0,29.80968,2,1,BAGGAGE,UPPER APEX,LANG_09,Round-Trip,apple,Email,Email,Logged-Out,AREA_C,AREA_D,AREA_C_TO_AREA_D,CA,DA,120_plus,very_high,15_30,Y,S,1,0.85608137,25.519511590490342
69.0,199.63063,28.21527777777778,2,2,0,0,0,0,0,0,0,2,1,693.25,10.0,33.9830352,2,1,BAGGAGE,LOWER VERTEX,LANG_02,Round-Trip,google,Paid Search,Paid Search,Logged-Out,AREA_C,AREA_B,AREA_C_TO_AREA_B,CA,BU,61_120,very_high,15_30,Y,L,0,0.75053024,25.50529566381226
148.0,202.7726388,17.39236111111111,2,2,0,0,0,0,0,0,0,4,1,420.5,17.0,39.3449229,3,0,BAGGAGE,OLD AURORA,LANG_02,Round-Trip,google,Paid Search,Paid Search,Logged-Out,AREA_B,AREA_B,AREA_B_TO_AREA_B,BO,BI,120_plus,very_high,15_30,Y,L,0,0.6479048,25.491764925419872
9.0,113.4986434,,1,1,0,0,0,0,0,0,0,2,1,5.333333333333333,14.0,41.6410392,1,0,BAGGAGE,LOWER VERTEX,LANG_02,One-Way,google,Paid Search,Paid Search,Logged-Out,AREA_C,AREA_B,AREA_C_TO_AREA_B,CE,BU,8_14,very_high,unknown_or_oneway,Y,K,0,0.6121224,25.489413540520193
94.0,124.9745136,,1,1,0,0,0,0,0,0,0,4,1,645.5833333333334,11.0,62.5249472,1,0,BAGGAGE,LOWER VERTEX,LANG_09,Multi-City,google,Paid Search,Paid Search,Logged-Out,AREA_C,AREA_C,AREA_C_TO_AREA_C,CA,CU,61_120,very_high,unknown_or_oneway,Y,V,0,0.40761447,25.486073185206603
2.0,95.2864708,8.26388888888889,2,2,0,0,0,0,0,0,0,2,1,200.25,22.0,34.43532,2,1,BAGGAGE,SOUTH VERTEX,LANG_02,Round-Trip,google,Direct,Organic Search,Logged-Out,AREA_C,AREA_C,AREA_C_TO_AREA_C,CU,CA,0_3,high,9_14,Y,S,0,0.7400489,25.48382018251419
49.0,101.8116213,148.21527777777777,2,0,2,0,0,0,1,0,0,2,1,3561.0833333333335,13.0,36.6462046,1,1,BAGGAGE,GREAT MERIDIAN,LANG_09,Round-Trip,apple,Direct,Direct,Logged-Out,AREA_C,AREA_C,AREA_C_TO_AREA_C,CA,CI,31_60,high,30_plus,Y,Q,0,0.6945595,25.452970076070127
66.0,432.4951985,14.944444444444445,5,2,3,0,0,0,1,0,0,3,1,359.5833333333333,8.0,29.891057,2,0,BAGGAGE,UPPER APEX,LANG_09,Round-Trip,google,Paid Search,Organic Search,Logged-Out,AREA_B,AREA_B,AREA_B_TO_AREA_B,BE,BU,61_120,very_high,15_30,Y,L,0,0.8514435,25.450547061476946
135.0,129.2313873,27.22222222222222,1,1,0,0,0,0,0,0,0,2,1,669.6666666666666,20.0,74.5242,2,0,BAGGAGE,UPPER APEX,LANG_09,Round-Trip,mozilla,Paid Search,Paid Search,Logged-Out,AREA_B,AREA_B,AREA_B_TO_AREA_B,BE,BU,120_plus,very_high,15_30,Y,O,0,0.3413909,25.44188428841829
78.0,135.2776984,3.201388888888889,8,8,0,0,0,0,0,0,0,2,1,78.58333333333333,9.0,37.00512,1,0,BAGGAGE,UPPER APEX,LANG_09,Round-Trip,google,Direct,Direct,Logged-Out,AREA_C,AREA_B,AREA_C_TO_AREA_B,CE,BI,61_120,very_high,3_5,Y,O,0,0.6874847,25.440453141002653
31.0,60.6794025,17.274305555555557,2,2,0,0,0,0,0,0,0,4,1,416.5,16.0,35.3039124,2,0,BAGGAGE,UPPER MERIDIAN,LANG_09,Round-Trip,apple,Email,Email,Logged-Out,AREA_C,AREA_C,AREA_C_TO_AREA_C,CU,CE,31_60,high,15_30,Y,W,0,0.7205854,25.43948404401963
69.0,149.4407228,13.760416666666666,3,2,0,1,0,1,0,0,0,2,1,334.0,23.0,29.1102661,1,1,BAGGAGE,LOWER VERTEX,LANG_02,Round-Trip,google,Direct,Paid Search,Logged-Out,AREA_B,AREA_C,AREA_B_TO_AREA_C,BU,CA,61_120,very_high,9_14,Y,O,0,0.8737053,25.43379457682802
14.0,101.9109869,23.680555555555557,1,1,0,0,0,0,0,1,0,4,1,574.9166666666666,12.0,66.1993329,2,0,BAGGAGE,WEST AURORA,LANG_02,Round-Trip,google,Paid Search,Paid Search,Logged-In,AREA_C,AREA_B,AREA_C_TO_AREA_B,CU,BU,8_14,high,15_30,Y,V,0,0.38411576,25.42820677431999
0.0,136.54204,9.76388888888889,1,1,0,0,0,0,0,0,0,4,1,238.0,13.0,67.6808226,4,0,BAGGAGE,NORTH MERIDIAN,LANG_02,Round-Trip,google,MetaSearches,MetaSearches,Logged-Out,AREA_B,AREA_C,AREA_B_TO_AREA_C,BI,CU,invalid_or_past,very_high,9_14,Y,W,0,0.37564176,25.423743536987292
79.0,175.03593080000002,9.260416666666666,2,2,0,0,0,0,0,1,0,2,1,238.33333333333334,22.0,33.2716289,2,1,BAGGAGE,UPPER APEX,LANG_09,Round-Trip,google,Paid Search,Paid Search,Logged-In,AREA_C,AREA_B,AREA_C_TO_AREA_B,CA,BU,61_120,very_high,9_14,Y,O,0,0.7639865,25.419076241546055
38.0,60.022390300000005,,2,2,0,0,0,0,0,0,0,1,0,3.0,23.0,39.8674489,2,1,BAGGAGE,GREAT MERIDIAN,LANG_03,One-Way,microsoft,Paid Search,Paid Search,Logged-Out,AREA_B,AREA_C,AREA_B_TO_AREA_C,BO,CA,31_60,high,unknown_or_oneway,Y,L,0,0.6375027,25.415605131323815
42.0,532.1267728,7.197916666666667,4,4,0,0,0,0,0,0,0,2,1,178.58333333333334,17.0,33.6746592,4,1,BAGGAGE,UPPER APEX,LANG_09,Round-Trip,apple,Direct,Direct,Logged-Out,AREA_C,AREA_B,AREA_C_TO_AREA_B,CA,BI,31_60,very_high,6_8,Y,Y,1,0.7540046,25.390847861564254
190.0,315.6571,10.864583333333334,4,3,1,0,0,0,1,0,0,3,1,261.6666666666667,15.0,29.80968,2,0,BAGGAGE,UPPER APEX,LANG_09,Round-Trip,samsung,Direct,Direct,Logged-Out,AREA_B,AREA_B,AREA_B_TO_AREA_B,BE,BU,120_plus,very_high,9_14,Y,O,1,0.85149235,25.382714336829185
9.0,53.0946378,7.722222222222222,2,2,0,0,0,0,0,0,0,4,1,188.16666666666666,21.0,40.0597556,3,0,BAGGAGE,EAST AURORA,LANG_02,Round-Trip,google,Direct,Direct,Logged-Out,AREA_C,AREA_B,AREA_C_TO_AREA_B,CU,BI,8_14,mid,6_8,Y,V,0,0.6333619,25.37232195935395
35.0,112.5589532,,2,2,0,0,0,0,0,0,0,2,1,11.25,23.0,34.6743114,1,0,BAGGAGE,CENTRAL AURORA,LANG_02,One-Way,apple,MetaSearches,MetaSearches,Logged-Out,AREA_B,AREA_B,AREA_B_TO_AREA_B,BO,BU,31_60,very_high,unknown_or_oneway,Y,L,0,0.73098546,25.346417561338626
83.0,494.6428134,18.01388888888889,3,2,1,0,0,0,1,1,0,2,1,438.25,23.0,33.9830352,3,1,BAGGAGE,UPPER APEX,LANG_09,Round-Trip,opera,Affiliate,Affiliate,Logged-In,AREA_C,AREA_C,AREA_C_TO_AREA_C,CA,CA,61_120,very_high,15_30,Y,W,0,0.7453025,25.32764103575678
36.0,285.50349509999995,8.04861111111111,2,1,1,0,0,0,1,0,0,2,1,207.58333333333334,15.0,44.71452,4,1,BAGGAGE,NORTH MERIDIAN,LANG_09,Round-Trip,google,Paid Search,Paid Search,Logged-Out,AREA_C,AREA_B,AREA_C_TO_AREA_B,CA,BI,31_60,very_high,9_14,Y,S,0,0.56636435,25.324709963014126
166.0,296.91597690000003,12.715277777777779,5,3,0,2,0,1,0,0,0,4,1,307.3333333333333,17.0,31.274466,4,0,BAGGAGE,WEST APEX,LANG_02,Round-Trip,google,MetaSearches,MetaSearches,Logged-Out,AREA_B,AREA_B,AREA_B_TO_AREA_B,BE,BU,120_plus,very_high,9_14,Y,W,1,0.80950403,25.31680632986927
20.0,55.823765400000006,,3,3,0,0,0,0,0,1,0,2,1,2.8333333333333335,13.0,33.7980096,2,0,BAGGAGE,UPPER APEX,LANG_09,One-Way,google,Direct,Email,Logged-In,AREA_C,AREA_B,AREA_C_TO_AREA_B,CI,BE,15_30,high,unknown_or_oneway,Y,W,1,0.74881303,25.308390081452178
165.0,900.9054935,13.64236111111111,5,5,0,0,0,0,0,1,1,2,1,333.3333333333333,16.0,33.201816,3,0,BAGGAGE,UPPER APEX,LANG_09,Round-Trip,google,Paid Search,Paid Search,Logged-In,AREA_B,AREA_C,AREA_B_TO_AREA_C,BE,CA,120_plus,very_high,9_14,Y,V,0,0.7621019,25.30316668042946
45.0,132.8783618,7.760416666666667,3,1,0,2,0,1,0,0,0,2,1,190.0,14.0,29.2391844,1,1,BAGGAGE,LOWER VERTEX,LANG_02,Round-Trip,google,Paid Search,Paid Search,Logged-Out,AREA_C,AREA_C,AREA_C_TO_AREA_C,CA,CA,31_60,very_high,6_8,Y,O,0,0.8652012,25.297776705145527
12.0,27.5585352,,1,1,0,0,0,0,0,1,0,1,0,2.3333333333333335,23.0,87.3732,2,0,BAGGAGE,UPPER APEX,LANG_09,One-Way,apple,Direct,Direct,Logged-In,AREA_B,AREA_B,AREA_B_TO_AREA_B,BA,BE,8_14,low,unknown_or_oneway,Y,Q,0,0.2894052,25.286258150231838
70.0,249.9246141,10.284722222222221,2,2,0,0,0,0,0,0,0,4,1,248.91666666666666,20.0,38.529868,4,0,BAGGAGE,UPPER MERIDIAN,LANG_01,Round-Trip,apple,MetaSearches,MetaSearches,Logged-Out,AREA_B,AREA_C,AREA_B_TO_AREA_C,BA,CE,61_120,very_high,9_14,Y,E,0,0.65605307,25.277638043748855
149.0,207.06420479999997,10.604166666666666,4,2,2,0,0,0,1,1,0,4,1,255.41666666666666,8.0,30.4675488,2,0,BAGGAGE,UPPER APEX,LANG_09,Round-Trip,apple,Direct,Direct,Logged-In,AREA_C,AREA_B,AREA_C_TO_AREA_B,CE,BO,120_plus,very_high,9_14,Y,W,0,0.82962835,25.276742189233016
8.0,67.7711939,,2,2,0,0,0,0,0,1,0,1,0,0.5833333333333334,19.0,38.1975072,1,1,BAGGAGE,LOWER ZENITH,LANG_02,One-Way,samsung,Direct,Direct,Logged-In,AREA_B,AREA_C,AREA_B_TO_AREA_C,BI,CA,8_14,high,unknown_or_oneway,Y,V,1,0.6616357,25.272834295655247
39.0,173.56172220000002,18.67013888888889,2,2,0,0,0,0,0,1,0,2,1,452.1666666666667,19.0,35.398995,1,1,BAGGAGE,UPPER APEX,LANG_09,Round-Trip,apple,Direct,Direct,Logged-In,AREA_C,AREA_C,AREA_C_TO_AREA_C,CA,CE,31_60,very_high,15_30,Y,U,0,0.7137615,25.26644006933838
128.0,306.0066444,6.274305555555555,4,2,2,0,0,0,1,0,0,2,1,165.25,22.0,29.80968,1,0,BAGGAGE,UPPER APEX,LANG_09,Round-Trip,apple,MetaSearches,MetaSearches,Logged-Out,AREA_C,AREA_B,AREA_C_TO_AREA_B,CU,BU,120_plus,very_high,6_8,Y,U,0,0.84725267,25.256330880932808
21.0,41.0260004,5.868055555555555,2,2,0,0,0,0,0,0,0,4,1,143.25,22.0,43.9804138,3,0,BAGGAGE,LOWER ZENITH,LANG_02,Round-Trip,apple,Direct,Direct,Logged-Out,AREA_B,AREA_C,AREA_B_TO_AREA_C,BU,CU,15_30,mid,6_8,Y,U,0,0.57421225,25.254092500092113
288.0,62.1172056,17.395833333333332,2,2,0,0,0,0,0,1,1,2,1,420.5,22.0,50.1111,5,1,BAGGAGE,UPPER APEX,LANG_09,Round-Trip,microsoft,Paid Search,Paid Search,Logged-In,AREA_C,AREA_B,AREA_C_TO_AREA_B,CA,BO,120_plus,high,15_30,Y,L,0,0.50389665,25.250815600830318
130.0,85.59147200000001,10.125,4,2,1,1,0,1,1,0,0,2,1,245.16666666666666,21.0,30.4675488,4,1,BAGGAGE,UPPER APEX,LANG_09,Round-Trip,google,MetaSearches,MetaSearches,Logged-Out,AREA_C,AREA_D,AREA_C_TO_AREA_D,CA,DA,120_plus,high,9_14,Y,W,0,0.8287774,25.250815051249123
127.0,201.712168,,2,2,0,0,0,0,0,0,0,2,1,27.0,18.0,34.6087815,1,0,BAGGAGE,LOWER VERTEX,LANG_02,One-Way,google,Organic Search,Email,Logged-Out,AREA_C,AREA_B,AREA_C_TO_AREA_B,CE,BU,120_plus,very_high,unknown_or_oneway,Y,T,0,0.7289718,25.228825031068055
96.0,143.5905731,6.222222222222222,2,2,0,0,0,0,0,0,0,2,1,163.5,22.0,33.53589,1,1,BAGGAGE,UPPER APEX,LANG_09,Round-Trip,google,Direct,Organic Search,Logged-Out,AREA_C,AREA_B,AREA_C_TO_AREA_B,CA,BU,61_120,very_high,6_8,Y,O,0,0.7521777,25.22494912080288
10.0,111.6522421,,1,1,0,0,0,0,0,0,0,2,1,5.416666666666667,22.0,40.4936235,2,0,BAGGAGE,CENTRAL MERIDIAN,LANG_02,One-Way,google,MetaSearches,MetaSearches,Logged-Out,AREA_B,AREA_B,AREA_B_TO_AREA_B,BI,BU,8_14,very_high,unknown_or_oneway,Y,H,0,0.6225497,25.209293674403337
42.0,237.5283272,7.229166666666667,4,2,0,2,0,1,0,0,0,2,1,176.16666666666666,21.0,28.52478,1,1,BAGGAGE,UPPER APEX,LANG_09,Round-Trip,google,Paid Search,Paid Search,Logged-Out,AREA_C,AREA_B,AREA_C_TO_AREA_B,CA,BO,31_60,very_high,6_8,Y,T,1,0.883584,25.204039853954313
130.0,237.539463,13.597222222222221,5,4,1,0,0,0,1,1,0,4,1,327.25,19.0,30.4675488,2,0,BAGGAGE,UPPER APEX,LANG_09,Round-Trip,samsung,Direct,Direct,Logged-In,AREA_C,AREA_B,AREA_C_TO_AREA_B,CE,BO,120_plus,very_high,9_14,Y,S,1,0.8271118,25.200068539809607
1.0,212.6578028,,2,2,0,0,0,0,0,1,0,1,0,4.5,16.0,48.941841,1,1,BAGGAGE,UPPER VERTEX,LANG_10,One-Way,apple,Direct,Direct,Logged-In,AREA_C,AREA_B,AREA_C_TO_AREA_B,CA,BO,0_3,very_high,unknown_or_oneway,C,D,0,0.5144899,25.180082350637196
114.0,275.5699332,57.65625,2,2,0,0,0,0,0,1,0,2,1,1389.6666666666667,21.0,35.398995,1,1,BAGGAGE,UPPER APEX,LANG_09,Round-Trip,apple,Direct,Direct,Logged-In,AREA_C,AREA_C,AREA_C_TO_AREA_C,CA,CA,61_120,very_high,30_plus,Y,L,1,0.7113043,25.179457606403233
117.0,384.05661,8.302083333333334,4,4,0,0,0,0,0,0,0,2,1,215.5,21.0,32.1225,3,1,BAGGAGE,UPPER APEX,LANG_09,Round-Trip,google,Paid Search,MetaSearches,Logged-Out,AREA_C,AREA_B,AREA_C_TO_AREA_B,CA,BO,61_120,very_high,9_14,Y,O,0,0.78361017,25.171517529040578
24.0,174.53738959999998,119.78125,2,2,0,0,0,0,0,0,0,2,1,2877.9166666666665,9.0,35.4850833,2,1,BAGGAGE,LOWER VERTEX,LANG_02,Round-Trip,google,Paid Search,Paid Search,Logged-Out,AREA_B,AREA_C,AREA_B_TO_AREA_C,BU,CA,15_30,very_high,30_plus,Y,U,1,0.70914847,25.164192408909326
59.0,146.7762685,,2,2,0,0,0,0,0,0,0,3,1,24.25,11.0,34.6743114,1,0,BAGGAGE,LOWER VERTEX,LANG_02,One-Way,google,Paid Search,Paid Search,Logged-Out,AREA_B,AREA_B,AREA_B_TO_AREA_B,BO,BU,31_60,very_high,unknown_or_oneway,Y,S,0,0.7254499,25.154476420804382
78.0,175.03593080000002,10.260416666666666,2,2,0,0,0,0,0,1,0,2,1,262.3333333333333,19.0,33.2716289,2,1,BAGGAGE,UPPER APEX,LANG_09,Round-Trip,apple,Direct,Direct,Logged-In,AREA_C,AREA_B,AREA_C_TO_AREA_B,CA,BU,61_120,very_high,9_14,Y,O,0,0.7559048,25.150183781025664
9.0,67.0542197,,1,1,0,0,0,0,0,0,0,2,1,3.0,13.0,45.6936138,2,0,BAGGAGE,NEW MERIDIAN,LANG_02,One-Way,google,Paid Search,Paid Search,Logged-Out,AREA_C,AREA_B,AREA_C_TO_AREA_B,CI,BI,8_14,high,unknown_or_oneway,Y,E,0,0.5503938,25.149482640257407
23.0,101.6719955,,4,4,0,0,0,0,0,1,0,2,1,5.75,11.0,30.516375,1,0,BAGGAGE,UPPER APEX,LANG_09,One-Way,mozilla,Paid MetaSearches,MetaSearches,Logged-In,AREA_D,AREA_B,AREA_D_TO_AREA_B,DA,BO,15_30,high,unknown_or_oneway,Y,S,1,0.8239017,25.14249363382906
117.0,178.022895,24.77777777777778,5,2,0,1,2,1,0,0,0,3,1,597.9166666666666,8.0,29.0233212,2,0,BAGGAGE,LOWER VERTEX,LANG_02,Round-Trip,google,MetaSearches,Paid Search,Logged-Out,AREA_B,AREA_B,AREA_B_TO_AREA_B,BU,BE,61_120,very_high,15_30,Y,O,0,0.866078,25.136460533822394
11.0,43.0334425,,1,1,0,0,0,0,0,0,0,2,1,7.0,15.0,44.560332,1,0,BAGGAGE,UPPER APEX,LANG_09,One-Way,google,Paid Search,Paid Search,Logged-Out,AREA_B,AREA_B,AREA_B_TO_AREA_B,BO,BE,8_14,mid,unknown_or_oneway,Y,W,0,0.56404597,25.134075493584398
58.0,238.9258701,28.67361111111111,2,2,0,0,0,0,0,1,0,4,1,693.75,13.0,35.16343,2,0,BAGGAGE,LOWER VERTEX,LANG_09,Round-Trip,google,Direct,Direct,Logged-In,AREA_C,AREA_D,AREA_C_TO_AREA_D,CU,DA,31_60,very_high,15_30,Y,L,0,0.71471167,25.131713641343115
112.0,182.7354799,,7,5,0,2,0,1,0,1,0,2,1,245.08333333333334,15.0,30.4675488,4,1,BAGGAGE,UPPER APEX,LANG_02,Multi-City,apple,Organic Search,Organic Search,Logged-In,AREA_C,AREA_C,AREA_C_TO_AREA_C,CA,CA,61_120,very_high,unknown_or_oneway,Y,W,1,0.8246878,25.126215149914742
45.0,554.0822874,21.31597222222222,4,4,0,0,0,0,0,1,0,2,1,530.9166666666666,11.0,32.5816376,3,0,BAGGAGE,EAST ZENITH,LANG_08,Round-Trip,google,Organic Search,Organic Search,Logged-In,AREA_C,AREA_B,AREA_C_TO_AREA_B,CA,BE,31_60,very_high,15_30,Y,W,0,0.7707013,25.11071010181589
60.0,22.7101792,5.194444444444445,2,2,0,0,0,0,0,1,0,2,1,126.33333333333333,17.0,53.1229056,2,1,BAGGAGE,UPPER APEX,LANG_09,Round-Trip,mozilla,Organic Search,Organic Search,Logged-In,AREA_C,AREA_B,AREA_C_TO_AREA_B,CA,BA,31_60,low,6_8,Y,O,0,0.47262138,25.107021022428132
33.0,128.4330361,,2,2,0,0,0,0,0,0,0,2,1,7.416666666666667,22.0,36.31984,1,0,BAGGAGE,EAST ZENITH,LANG_08,One-Way,google,MetaSearches,MetaSearches,Logged-Out,AREA_C,AREA_B,AREA_C_TO_AREA_B,CA,BE,31_60,very_high,unknown_or_oneway,Y,W,0,0.6912752,25.107003911275864
4.0,161.9547922,,1,1,0,0,0,0,0,0,0,2,1,9.0,19.0,41.4988436,1,0,BAGGAGE,LOWER VERTEX,LANG_02,One-Way,google,Direct,Paid MetaSearches,Logged-Out,AREA_C,AREA_B,AREA_C_TO_AREA_B,CE,BO,4_7,very_high,unknown_or_oneway,Y,M,0,0.60497993,25.105967591996457
112.0,371.70272480000006,24.975694444444443,4,2,0,2,0,1,0,0,0,2,1,602.6666666666666,16.0,29.0233212,2,0,BAGGAGE,LOWER VERTEX,LANG_02,Round-Trip,google,MetaSearches,MetaSearches,Logged-Out,AREA_B,AREA_B,AREA_B_TO_AREA_B,BU,BE,61_120,very_high,15_30,Y,U,0,0.86454755,25.092041256008223
6.0,734.1417489,19.239583333333332,3,3,0,0,0,0,0,0,0,2,1,476.25,16.0,29.80968,2,1,BAGGAGE,UPPER APEX,LANG_09,Round-Trip,apple,Paid Search,Paid Search,Logged-Out,AREA_C,AREA_B,AREA_C_TO_AREA_B,CA,BU,4_7,very_high,15_30,Y,M,0,0.8415786,25.087188844041826
76.0,255.6946717,13.739583333333334,5,3,0,2,0,1,0,0,0,4,1,332.9166666666667,22.0,29.0233212,2,0,BAGGAGE,LOWER VERTEX,LANG_02,Round-Trip,google,MetaSearches,MetaSearches,Logged-Out,AREA_B,AREA_B,AREA_B_TO_AREA_B,BU,BE,61_120,very_high,9_14,Y,O,0,0.86423385,25.082936662047246
22.0,313.4693436,3.2395833333333335,3,3,0,0,0,0,0,0,0,2,1,92.25,13.0,35.5249152,2,1,BAGGAGE,UPPER APEX,LANG_09,Round-Trip,google,Paid Search,Organic Search,Logged-Out,AREA_C,AREA_B,AREA_C_TO_AREA_B,CA,BU,15_30,very_high,3_5,Y,L,0,0.7058815,25.076379590441896
11.0,28.9680705,,1,1,0,0,0,0,0,1,0,3,1,5.333333333333333,8.0,51.807168,2,0,BAGGAGE,CENTRAL APEX,LANG_02,One-Way,google,Organic Search,Organic Search,Logged-In,AREA_C,AREA_B,AREA_C_TO_AREA_B,CU,BE,8_14,low,unknown_or_oneway,Y,S,0,0.48386517,25.067684238103865
136.0,67.6812509,7.253472222222222,2,1,0,1,0,1,0,0,0,2,1,176.5,22.0,32.3897592,1,1,BAGGAGE,SOUTH MERIDIAN,LANG_02,Round-Trip,google,Direct,Paid Search,Logged-Out,AREA_B,AREA_C,AREA_B_TO_AREA_C,BI,CA,120_plus,high,6_8,Y,S,0,0.77389896,25.06640093231821
53.0,98.3192631,6.875,3,1,0,2,0,1,0,0,0,2,1,167.16666666666666,13.0,30.4598394,2,1,BAGGAGE,CENTRAL APEX,LANG_02,Round-Trip,google,Paid Search,Paid Search,Logged-Out,AREA_C,AREA_C,AREA_C_TO_AREA_C,CU,CA,31_60,high,6_8,Y,U,0,0.822732,25.060283728467752
26.0,27.933726000000004,,1,1,0,0,0,0,0,0,0,2,1,4.75,13.0,51.0465072,1,0,BAGGAGE,UPPER APEX,LANG_02,One-Way,google,MetaSearches,MetaSearches,Logged-Out,AREA_B,AREA_C,AREA_B_TO_AREA_C,BE,CI,15_30,low,unknown_or_oneway,Y,S,0,0.49085104,25.05623138510113
146.0,229.7478294,30.46527777777778,3,2,1,0,0,0,1,0,0,4,1,732.0833333333334,11.0,29.80968,2,0,BAGGAGE,UPPER APEX,LANG_09,Round-Trip,google,Organic Search,Organic Search,Logged-Out,AREA_B,AREA_B,AREA_B_TO_AREA_B,BE,BU,120_plus,very_high,30_plus,Y,O,1,0.8400494,25.041603381586075
83.0,233.6860479,14.006944444444445,3,2,1,0,0,0,1,0,0,4,1,337.0833333333333,21.0,29.80968,2,0,BAGGAGE,UPPER APEX,LANG_09,Round-Trip,google,Paid Search,Paid Search,Logged-Out,AREA_C,AREA_B,AREA_C_TO_AREA_B,CU,BU,61_120,very_high,15_30,Y,O,1,0.8400494,25.041603381586075
1.0,98.5993713,4.204861111111111,3,2,1,0,0,0,1,0,0,4,1,102.75,9.0,34.3445204,4,0,BAGGAGE,SOUTH HORIZON,LANG_02,Round-Trip,google,Paid Search,Paid Search,Logged-Out,AREA_C,AREA_C,AREA_C_TO_AREA_C,CA,CI,0_3,high,3_5,Y,S,0,0.7289441,25.035236295665573
170.0,104.5167641,21.541666666666668,2,1,0,0,1,1,0,0,0,2,1,519.5833333333334,12.0,43.789392,3,1,BAGGAGE,LOWER VERTEX,LANG_02,Round-Trip,google,Direct,MetaSearches,Logged-Out,AREA_B,AREA_C,AREA_B_TO_AREA_C,BU,CA,120_plus,very_high,15_30,Y,U,0,0.57155436,25.028018040816306
54.0,180.7117624,14.229166666666666,2,2,0,0,0,0,0,1,0,2,1,356.1666666666667,11.0,33.201816,2,1,BAGGAGE,UPPER APEX,LANG_09,Round-Trip,apple,Direct,Direct,Logged-In,AREA_C,AREA_B,AREA_C_TO_AREA_B,CA,BU,31_60,very_high,15_30,Y,U,1,0.7537378,25.02546398935032
19.0,117.6647175,,1,1,0,0,0,0,0,0,0,2,1,8.25,17.0,40.4936235,1,0,BAGGAGE,CENTRAL MERIDIAN,LANG_02,One-Way,google,MetaSearches,MetaSearches,Logged-Out,AREA_B,AREA_B,AREA_B_TO_AREA_B,BI,BU,15_30,very_high,unknown_or_oneway,Y,Q,0,0.61777085,25.015780235836655
24.0,156.36547720000002,80.22916666666667,2,2,0,0,0,0,0,0,0,2,1,1940.1666666666667,21.0,31.7164716,2,1,BAGGAGE,UPPER APEX,LANG_09,Round-Trip,microsoft,MetaSearches,MetaSearches,Logged-Out,AREA_C,AREA_B,AREA_C_TO_AREA_B,CA,BU,15_30,very_high,30_plus,Y,U,0,0.7882169,24.999458571582196
35.0,69.7255268,3.1979166666666665,1,1,0,0,0,0,0,0,0,2,1,80.25,10.0,171.32,4,1,BAGGAGE,UPPER APEX,LANG_09,Round-Trip,google,Organic Search,MetaSearches,Logged-Out,AREA_C,AREA_B,AREA_C_TO_AREA_B,CA,BA,31_60,high,3_5,Y,T,0,0.14591159,24.997573472857475
12.0,85.9923608,10.26736111111111,2,1,0,1,0,1,0,0,0,2,1,253.08333333333334,14.0,35.2782144,3,1,BAGGAGE,UPPER APEX,LANG_09,Round-Trip,google,Direct,Organic Search,Logged-Out,AREA_C,AREA_B,AREA_C_TO_AREA_B,CA,BE,8_14,high,9_14,Y,W,0,0.70858294,24.997540796977617
62.0,219.7076208,,4,2,0,2,0,1,0,0,0,2,1,467.25,22.0,30.06666,3,1,BAGGAGE,UPPER APEX,LANG_02,Multi-City,google,Direct,Direct,Logged-Out,AREA_C,AREA_B,AREA_C_TO_AREA_B,CA,BO,61_120,very_high,unknown_or_oneway,Y,Q,0,0.8309303,24.98329859149575
44.0,171.59882330000002,,2,2,0,0,0,0,0,0,0,2,1,9.166666666666666,21.0,34.3076866,1,0,BAGGAGE,UPPER MERIDIAN,LANG_02,One-Way,google,MetaSearches,MetaSearches,Logged-Out,AREA_B,AREA_B,AREA_B_TO_AREA_B,BU,BU,31_60,very_high,unknown_or_oneway,Y,S,0,0.72802025,24.976690602806197
95.0,331.7239179,63.02430555555556,3,3,0,0,0,0,0,0,0,2,1,1528.9166666666667,16.0,29.80968,2,0,BAGGAGE,UPPER APEX,LANG_02,Round-Trip,google,Organic Search,Paid Search,Logged-Out,AREA_B,AREA_B,AREA_B_TO_AREA_B,BE,BU,61_120,very_high,30_plus,Y,O,0,0.8376567,24.970277484354973
98.0,309.5264138,13.64236111111111,2,2,0,0,0,0,0,0,0,2,1,333.3333333333333,22.0,35.154864,2,0,BAGGAGE,UPPER APEX,LANG_09,Round-Trip,google,Direct,Direct,Logged-Out,AREA_B,AREA_C,AREA_B_TO_AREA_C,BE,CA,61_120,very_high,9_14,Y,L,0,0.7101635,24.965700349153522
7.0,93.352268,4.173611111111111,5,2,0,3,0,1,0,0,0,2,1,101.5,10.0,31.6942,3,1,BAGGAGE,UPPER APEX,LANG_09,Round-Trip,google,Direct,Direct,Logged-Out,AREA_C,AREA_C,AREA_C_TO_AREA_C,CA,CI,4_7,high,3_5,Y,L,1,0.7876935,24.965315344142912
37.0,178.1925018,,9,9,0,0,0,0,0,0,0,2,1,4.833333333333333,13.0,30.906128,1,0,BAGGAGE,UPPER HORIZON,LANG_05,One-Way,google,Direct,Paid Search,Logged-Out,AREA_B,AREA_C,AREA_B_TO_AREA_C,BE,CI,31_60,very_high,unknown_or_oneway,Y,V,0,0.80777186,24.965100547961235
140.0,381.5780379,22.024305555555557,3,3,0,0,0,0,0,0,0,2,1,544.9166666666666,11.0,29.80968,2,0,BAGGAGE,UPPER APEX,LANG_09,Round-Trip,opera,Paid Search,Paid Search,Logged-Out,AREA_B,AREA_B,AREA_B_TO_AREA_B,BE,BU,120_plus,very_high,15_30,Y,O,0,0.83724076,24.957879006142615
172.0,376.2328539,20.21875,3,3,0,0,0,0,0,0,0,2,1,501.5833333333333,12.0,29.80968,2,0,BAGGAGE,UPPER APEX,LANG_09,Round-Trip,google,Paid Search,Paid Search,Logged-Out,AREA_B,AREA_B,AREA_B_TO_AREA_B,BE,BU,120_plus,very_high,15_30,Y,S,1,0.83724076,24.957879006142615
24.0,294.96421380000004,13.46875,3,3,0,0,0,0,0,0,0,2,1,338.4166666666667,10.0,30.32364,2,1,BAGGAGE,UPPER APEX,LANG_09,Round-Trip,mozilla,Direct,Affiliate,Logged-Out,AREA_C,AREA_B,AREA_C_TO_AREA_B,CA,BO,15_30,very_high,9_14,Y,U,0,0.82277787,24.94961984849453
181.0,498.97763769999995,14.78125,4,2,0,2,0,1,0,0,0,2,1,358.0,16.0,29.1655168,2,0,BAGGAGE,LOWER VERTEX,LANG_02,Round-Trip,apple,MetaSearches,MetaSearches,Logged-Out,AREA_B,AREA_B,AREA_B_TO_AREA_B,BU,BE,120_plus,very_high,15_30,Y,L,0,0.85534734,24.946647078652955
8.0,88.06233470000001,,3,2,0,1,0,1,0,1,0,4,1,-3.0,10.0,30.0443884,2,0,BAGGAGE,OLD ZENITH,LANG_02,Round-Trip,apple,Direct,Direct,Logged-In,AREA_B,AREA_B,AREA_B_TO_AREA_B,BU,BI,8_14,high,unknown_or_oneway,Y,V,0,0.8297034,24.927930923932145
32.0,60.022390300000005,,2,2,0,0,0,0,0,0,0,1,0,3.0,22.0,39.8674489,2,1,BAGGAGE,GREAT MERIDIAN,LANG_09,One-Way,google,Organic Search,Paid Search,Logged-Out,AREA_B,AREA_C,AREA_B_TO_AREA_C,BO,CA,31_60,high,unknown_or_oneway,Y,L,0,0.62500906,24.917516757839728
217.0,266.4651318,6.979166666666667,4,2,0,2,0,1,0,0,0,3,1,170.66666666666666,18.0,29.0310306,2,0,BAGGAGE,LOWER VERTEX,LANG_02,Round-Trip,google,MetaSearches,MetaSearches,Logged-Out,AREA_B,AREA_B,AREA_B_TO_AREA_B,BU,BE,120_plus,very_high,6_8,Y,O,0,0.85814923,24.912956569436968
58.0,71.32394239999999,7.121527777777778,4,2,0,2,0,1,0,0,0,2,1,172.75,18.0,30.4675488,4,1,BAGGAGE,UPPER APEX,LANG_09,Round-Trip,google,Paid Search,Paid Search,Logged-Out,AREA_C,AREA_C,AREA_C_TO_AREA_C,CA,CA,31_60,high,6_8,Y,O,0,0.8172138,24.898500531072234
3.0,220.6674411,5.795138888888889,2,2,0,0,0,0,0,0,0,4,1,142.41666666666666,16.0,34.8965991,2,0,BAGGAGE,LOWER VERTEX,LANG_02,Round-Trip,google,Organic Search,Organic Search,Logged-Out,AREA_B,AREA_B,AREA_B_TO_AREA_B,BU,BE,0_3,very_high,6_8,Y,W,0,0.7133694,24.894166977899214
131.0,237.779311,10.302083333333334,2,1,1,0,0,0,1,0,0,2,1,263.5,18.0,44.71452,3,1,BAGGAGE,UPPER APEX,LANG_02,Round-Trip,apple,Direct,Direct,Logged-Out,AREA_C,AREA_B,AREA_C_TO_AREA_B,CA,BO,120_plus,very_high,9_14,Y,O,0,0.5566581,24.890699260947706
32.0,81.23865909999999,,1,1,0,0,0,0,0,1,0,1,0,15.916666666666666,19.0,59.2287504,2,1,BAGGAGE,UPPER APEX,LANG_09,One-Way,apple,Direct,Direct,Logged-In,AREA_B,AREA_C,AREA_B_TO_AREA_C,BU,CA,31_60,high,unknown_or_oneway,Y,V,0,0.42021325,24.888705835603382
114.0,200.5531882,6.274305555555555,6,5,1,0,0,0,1,0,0,2,1,152.66666666666666,13.0,32.353782,3,1,BAGGAGE,UPPER MERIDIAN,LANG_01,Round-Trip,google,Paid Search,Organic Search,Logged-Out,AREA_B,AREA_C,AREA_B_TO_AREA_C,BI,CA,61_120,very_high,6_8,Y,W,1,0.76918495,24.886042093367816
189.0,597.3791344,13.78125,4,2,1,1,0,1,1,0,0,2,1,334.0,21.0,29.0156118,2,0,BAGGAGE,LOWER VERTEX,LANG_02,Round-Trip,apple,Direct,MetaSearches,Logged-Out,AREA_B,AREA_B,AREA_B_TO_AREA_B,BU,BE,120_plus,very_high,9_14,Y,W,0,0.85766435,24.885655738401173
181.0,520.7258551000001,13.78125,6,4,0,1,1,1,0,0,0,2,1,334.0,9.0,29.1655168,2,0,BAGGAGE,LOWER VERTEX,LANG_02,Round-Trip,apple,MetaSearches,MetaSearches,Logged-Out,AREA_B,AREA_B,AREA_B_TO_AREA_B,BU,BE,120_plus,very_high,9_14,Y,L,0,0.85322577,24.884770459494018
88.0,308.410264,,2,2,0,0,0,0,0,1,0,2,1,357.0833333333333,22.0,32.3726272,2,1,BAGGAGE,UPPER APEX,LANG_02,Multi-City,google,MetaSearches,Organic Search,Logged-In,AREA_C,AREA_B,AREA_C_TO_AREA_B,CA,BU,61_120,very_high,unknown_or_oneway,Y,L,0,0.76814365,24.866828142767332
7.0,38.6163846,,1,1,0,0,0,0,0,1,0,2,1,10.833333333333334,12.0,49.477216,2,0,BAGGAGE,UPPER APEX,LANG_02,One-Way,apple,Direct,Direct,Logged-In,AREA_C,AREA_C,AREA_C_TO_AREA_C,CE,CE,4_7,mid,unknown_or_oneway,Y,W,0,0.5024346,24.859065790180207
83.0,66.77197,7.986111111111111,3,3,0,0,0,0,0,0,0,2,1,193.83333333333334,22.0,31.4235144,2,1,BAGGAGE,NEW AURORA,LANG_04,Round-Trip,apple,MetaSearches,MetaSearches,Logged-Out,AREA_C,AREA_C,AREA_C_TO_AREA_C,CU,CA,61_120,high,6_8,Y,U,0,0.79081935,24.85032313526015
1.0,382.8693624,11.48263888888889,2,1,1,0,0,0,1,0,0,2,1,296.1666666666667,22.0,33.9830352,2,1,BAGGAGE,UPPER APEX,LANG_09,Round-Trip,google,Paid Search,Paid Search,Logged-Out,AREA_C,AREA_D,AREA_C_TO_AREA_D,CA,DA,0_3,very_high,9_14,Y,Q,0,0.73081654,24.83536430898657
161.0,89.83249860000001,5.256944444444445,2,2,0,0,0,0,0,0,0,4,1,128.41666666666666,21.0,41.6684504,4,0,BAGGAGE,NORTH ZENITH,LANG_06,Round-Trip,google,Paid Search,Paid Search,Logged-Out,AREA_C,AREA_C,AREA_C_TO_AREA_C,CI,CI,120_plus,high,6_8,Y,T,0,0.59589,24.829812307220696
16.0,283.57743,,2,2,0,0,0,0,0,0,0,4,1,266.5,18.0,33.304608,2,0,BAGGAGE,UPPER APEX,LANG_02,Multi-City,google,Direct,Direct,Logged-Out,AREA_C,AREA_C,AREA_C_TO_AREA_C,CE,CA,15_30,very_high,unknown_or_oneway,Y,L,0,0.7453077,24.8221802531662
155.0,274.878657,7.180555555555555,5,4,0,1,0,1,0,0,1,2,1,177.41666666666666,22.0,30.4675488,3,1,BAGGAGE,UPPER APEX,LANG_09,Round-Trip,google,Direct,Direct,Logged-Out,AREA_C,AREA_B,AREA_C_TO_AREA_B,CA,BO,120_plus,very_high,6_8,Y,S,1,0.8143798,24.812156642119216
0.0,63.961893700000005,,1,1,0,0,0,0,0,0,0,2,1,19.25,10.0,40.2396416,1,0,BAGGAGE,WEST VERTEX,LANG_02,One-Way,apple,Direct,Email,Logged-Out,AREA_B,AREA_C,AREA_B_TO_AREA_C,BO,CE,invalid_or_past,high,unknown_or_oneway,Y,W,0,0.6165226,24.808648872242735
47.0,216.63157020000003,,2,2,0,0,0,0,0,1,0,2,1,307.0833333333333,20.0,32.3726272,2,1,BAGGAGE,UPPER APEX,LANG_09,Multi-City,google,Organic Search,Paid Search,Logged-In,AREA_C,AREA_B,AREA_C_TO_AREA_B,CA,BU,31_60,very_high,unknown_or_oneway,Y,U,0,0.76619136,24.803627369092556
4.0,28.154728799999997,,1,1,0,0,0,0,0,1,0,3,1,15.333333333333334,14.0,51.7352136,1,0,BAGGAGE,UPPER HORIZON,LANG_05,One-Way,google,Direct,Email,Logged-In,AREA_C,AREA_B,AREA_C_TO_AREA_B,CI,BE,4_7,low,unknown_or_oneway,Y,S,0,0.4794209,24.802942683645057
5.0,28.080632900000005,,1,1,0,0,0,0,0,1,0,2,1,7.666666666666667,10.0,51.7352136,1,0,BAGGAGE,UPPER HORIZON,LANG_05,One-Way,google,Direct,Email,Logged-In,AREA_C,AREA_B,AREA_C_TO_AREA_B,CI,BE,4_7,low,unknown_or_oneway,Y,S,0,0.4794209,24.802942683645057
97.0,61.2486132,13.121527777777779,3,3,0,0,0,0,0,1,0,2,1,317.1666666666667,12.0,39.06096,5,1,BAGGAGE,UPPER APEX,LANG_09,Round-Trip,microsoft,Paid Search,Paid Search,Logged-In,AREA_C,AREA_C,AREA_C_TO_AREA_C,CA,CI,61_120,high,9_14,Y,O,0,0.6343046,24.776545947217944
20.0,261.8245013,24.875,2,2,0,0,0,0,0,0,0,4,1,599.8333333333334,14.0,44.4386948,5,0,BAGGAGE,LOWER VERTEX,LANG_02,Round-Trip,google,Paid Search,Paid Search,Logged-Out,AREA_D,AREA_C,AREA_D_TO_AREA_C,DA,CU,15_30,very_high,15_30,Y,W,0,0.5571349,24.758348953115963
59.0,95.776446,6.854166666666667,5,2,1,2,0,1,1,0,0,2,1,166.91666666666666,19.0,28.7397866,2,0,BAGGAGE,NORTH HORIZON,LANG_04,Round-Trip,google,Paid Search,Organic Search,Logged-Out,AREA_B,AREA_B,AREA_B_TO_AREA_B,BA,BE,31_60,high,6_8,Y,L,0,0.8613963,24.756346205416392
147.0,145.63913200000002,34.78472222222222,1,1,0,0,0,0,0,0,0,3,1,838.0,10.0,65.4262514,2,0,BAGGAGE,LOWER VERTEX,LANG_02,Round-Trip,google,MetaSearches,MetaSearches,Logged-Out,AREA_B,AREA_B,AREA_B_TO_AREA_B,BU,BE,120_plus,very_high,30_plus,Y,L,0,0.37817103,24.742312665508376
198.0,295.5736847,20.78125,2,2,0,0,0,0,0,0,0,2,1,502.0,11.0,33.8832413,2,0,BAGGAGE,LOWER VERTEX,LANG_02,Round-Trip,apple,MetaSearches,MetaSearches,Logged-Out,AREA_B,AREA_B,AREA_B_TO_AREA_B,BU,BE,120_plus,very_high,15_30,Y,L,0,0.7300338,24.735911907655925
14.0,78.2255686,8.26388888888889,2,2,0,0,0,0,0,1,0,2,1,200.25,16.0,34.43532,2,1,BAGGAGE,SOUTH VERTEX,LANG_02,Round-Trip,samsung,Direct,Direct,Logged-In,AREA_C,AREA_C,AREA_C_TO_AREA_C,CU,CA,8_14,high,9_14,Y,L,0,0.7178016,24.717726790180205
169.0,511.2964022999999,17.21875,3,2,1,0,0,0,1,0,0,2,1,429.5833333333333,21.0,29.80968,2,0,BAGGAGE,UPPER APEX,LANG_09,Round-Trip,microsoft,Paid Search,Paid Search,Logged-Out,AREA_B,AREA_B,AREA_B_TO_AREA_B,BE,BU,120_plus,very_high,15_30,Y,T,0,0.8291084,24.715456597094537
20.0,63.0731712,,1,1,0,0,0,0,0,0,0,2,1,5.5,22.0,41.0409909,1,0,BAGGAGE,LOWER VERTEX,LANG_02,One-Way,google,MetaSearches,Paid Search,Logged-Out,AREA_B,AREA_B,AREA_B_TO_AREA_B,BI,BU,15_30,high,unknown_or_oneway,Y,S,0,0.6021709,24.713689795492044
32.0,420.7940425,24.322916666666668,5,2,0,3,0,1,0,0,0,2,1,600.0,11.0,28.78176,2,1,BAGGAGE,UPPER APEX,LANG_09,Round-Trip,google,Paid Search,Organic Search,Logged-Out,AREA_C,AREA_B,AREA_C_TO_AREA_B,CA,BO,31_60,very_high,15_30,Y,U,1,0.8581661,24.699530689888
95.0,140.7509441,52.78472222222222,3,1,0,1,1,1,0,0,0,4,1,1270.0,12.0,29.2391844,2,0,BAGGAGE,LOWER VERTEX,LANG_02,Round-Trip,google,Paid Search,Paid Search,Logged-Out,AREA_B,AREA_C,AREA_B_TO_AREA_C,BU,CO,61_120,very_high,30_plus,Y,O,0,0.8445703,24.69454612999005
3.0,118.2232207,,1,1,0,0,0,0,0,0,0,1,0,16.416666666666668,10.0,41.8911664,1,1,BAGGAGE,LOWER VERTEX,LANG_02,One-Way,apple,MetaSearches,MetaSearches,Logged-Out,AREA_B,AREA_C,AREA_B_TO_AREA_C,BO,CA,0_3,very_high,unknown_or_oneway,Y,S,0,0.5893695,24.689374783557987
113.0,486.000576,9.21875,3,3,0,0,0,0,0,0,0,2,1,237.58333333333334,15.0,29.8585062,2,0,BAGGAGE,UPPER APEX,LANG_09,Round-Trip,google,Paid Search,Paid Search,Logged-Out,AREA_B,AREA_B,AREA_B_TO_AREA_B,BE,BU,61_120,very_high,9_14,Y,V,0,0.8265858,24.680618107731092
196.0,316.28670100000005,21.90972222222222,3,2,0,1,0,1,0,0,0,3,1,529.0,19.0,29.0156118,2,0,BAGGAGE,LOWER VERTEX,LANG_02,Round-Trip,microsoft,Paid Search,Paid Search,Logged-Out,AREA_B,AREA_B,AREA_B_TO_AREA_B,BU,BE,120_plus,very_high,15_30,Y,U,0,0.850383,24.67438253591634
241.0,111.9773218,18.5,1,1,0,0,0,0,0,0,0,3,1,458.1666666666667,17.0,84.3716736,1,1,BAGGAGE,NORTH ZENITH,LANG_02,Round-Trip,apple,Direct,Direct,Logged-Out,AREA_C,AREA_B,AREA_C_TO_AREA_B,CA,BU,120_plus,very_high,15_30,Y,U,0,0.29238153,24.668718597317504
99.0,170.58889190000002,18.697916666666668,2,2,0,0,0,0,0,0,0,2,1,454.0,15.0,34.6177758,2,1,BAGGAGE,LOWER VERTEX,LANG_02,Round-Trip,google,Paid Search,Paid Search,Logged-Out,AREA_B,AREA_C,AREA_B_TO_AREA_C,BO,CA,61_120,very_high,15_30,Y,O,0,0.7120237,24.648675960734188
48.0,527.4013389,8.760416666666666,4,2,0,2,0,1,0,0,0,2,1,214.0,9.0,29.1102661,2,1,BAGGAGE,LOWER VERTEX,LANG_02,Round-Trip,apple,Direct,Direct,Logged-Out,AREA_B,AREA_C,AREA_B_TO_AREA_C,BU,CA,31_60,very_high,9_14,Y,Q,1,0.8466792,24.647057123733283
119.0,453.8857854,20.270833333333332,3,3,0,0,0,0,0,0,0,2,1,501.1666666666667,16.0,29.80968,2,0,BAGGAGE,UPPER APEX,LANG_09,Round-Trip,apple,Organic Search,Organic Search,Logged-Out,AREA_B,AREA_B,AREA_B_TO_AREA_B,BE,BU,61_120,very_high,15_30,Y,W,0,0.8265858,24.640259062714577
31.0,110.7116953,,2,2,0,0,0,0,0,0,0,1,0,4.25,20.0,38.3606895,3,1,BAGGAGE,NORTH VERTEX,LANG_02,One-Way,apple,Paid Search,Paid Search,Logged-Out,AREA_C,AREA_C,AREA_C_TO_AREA_C,CA,CI,31_60,very_high,unknown_or_oneway,Y,K,0,0.64226145,24.637591889502435
18.0,511.93842399999994,,2,2,0,0,0,0,0,1,0,1,0,6.666666666666667,1.0,39.31794,1,1,BAGGAGE,UPPER APEX,LANG_09,One-Way,apple,Direct,Direct,Logged-In,AREA_B,AREA_C,AREA_B_TO_AREA_C,BU,CA,15_30,very_high,unknown_or_oneway,Y,B,1,0.6264873,24.632190650178195
204.0,362.3148171,10.586805555555555,2,2,0,0,0,0,0,0,0,3,1,257.3333333333333,18.0,33.8832413,2,0,BAGGAGE,LOWER VERTEX,LANG_02,Round-Trip,apple,Paid Search,Paid Search,Logged-Out,AREA_B,AREA_B,AREA_B_TO_AREA_B,BU,BE,120_plus,very_high,9_14,Y,U,0,0.7267388,24.624266479576242
128.0,330.287828,5.423611111111111,4,2,2,0,0,0,1,0,0,2,1,144.83333333333334,18.0,29.80968,1,1,BAGGAGE,UPPER APEX,LANG_09,Round-Trip,mozilla,Paid Search,Paid Search,Logged-Out,AREA_C,AREA_B,AREA_C_TO_AREA_B,CA,BU,120_plus,very_high,6_8,Y,O,1,0.8259196,24.620399820671082
24.0,256.63307699999996,5.736111111111111,6,6,0,0,0,0,0,0,0,2,1,142.41666666666666,22.0,31.557144,3,1,BAGGAGE,NEW HORIZON,LANG_02,Round-Trip,google,Paid Search,Organic Search,Logged-Out,AREA_C,AREA_C,AREA_C_TO_AREA_C,CE,CA,15_30,very_high,6_8,Y,W,1,0.78001523,24.61505294094658
204.0,306.3351505,10.586805555555555,2,2,0,0,0,0,0,0,0,3,1,257.3333333333333,18.0,33.8832413,2,0,BAGGAGE,LOWER VERTEX,LANG_02,Round-Trip,apple,Direct,Organic Search,Logged-Out,AREA_B,AREA_B,AREA_B_TO_AREA_B,BU,BE,120_plus,very_high,9_14,Y,U,0,0.7263808,24.612136770615724
240.0,357.0338781,16.864583333333332,3,3,0,0,0,0,0,1,1,3,1,405.6666666666667,20.0,29.449908,2,0,BAGGAGE,UPPER APEX,LANG_09,Round-Trip,microsoft,Email,Organic Search,Logged-In,AREA_B,AREA_B,AREA_B_TO_AREA_B,BE,BU,120_plus,very_high,15_30,Y,U,0,0.835724,24.611994800375463
22.0,72.8259905,,2,2,0,0,0,0,0,0,0,1,0,4.833333333333333,19.0,37.4582614,3,1,BAGGAGE,NEW HORIZON,LANG_02,One-Way,apple,Direct,Direct,Logged-Out,AREA_C,AREA_C,AREA_C_TO_AREA_C,CA,CE,15_30,high,unknown_or_oneway,Y,L,0,0.65690273,24.60643419212929
252.0,223.135734,22.22222222222222,2,2,0,0,0,0,0,1,0,2,1,553.9166666666666,13.0,33.9830352,2,1,BAGGAGE,UPPER APEX,LANG_09,Round-Trip,google,Paid Search,Organic Search,Logged-In,AREA_C,AREA_D,AREA_C_TO_AREA_D,CA,DA,120_plus,very_high,15_30,Y,O,0,0.72385836,24.598904007932283
131.0,358.469968,18.586805555555557,3,2,0,1,0,1,0,0,0,3,1,449.3333333333333,7.0,28.9676422,2,0,BAGGAGE,UPPER APEX,LANG_09,Round-Trip,microsoft,Organic Search,Paid Search,Logged-Out,AREA_B,AREA_B,AREA_B_TO_AREA_B,BU,BE,120_plus,very_high,15_30,Y,W,0,0.8491068,24.596621642777063
152.0,713.5375208,27.78125,4,1,2,1,0,1,1,0,0,2,1,670.0,13.0,28.9676422,2,0,BAGGAGE,LOWER VERTEX,LANG_02,Round-Trip,google,MetaSearches,Paid Search,Logged-Out,AREA_B,AREA_B,AREA_B_TO_AREA_B,BU,BE,120_plus,very_high,15_30,Y,U,0,0.8490669,24.595466543347467
131.0,299.6506724,5.996527777777778,4,4,0,0,0,0,0,0,0,4,1,144.83333333333334,15.0,29.80968,1,0,BAGGAGE,UPPER APEX,LANG_02,Round-Trip,apple,Direct,Direct,Logged-Out,AREA_B,AREA_B,AREA_B_TO_AREA_B,BE,BU,120_plus,very_high,6_8,Y,O,1,0.82456946,24.580151851558686
30.0,129.2420948,8.041666666666666,2,2,0,0,0,0,0,0,0,2,1,198.08333333333334,11.0,33.458796,1,1,BAGGAGE,SOUTH MERIDIAN,LANG_02,Round-Trip,microsoft,Direct,Direct,Logged-Out,AREA_C,AREA_B,AREA_C_TO_AREA_B,CA,BO,15_30,very_high,9_14,Y,K,0,0.73449063,24.57517225382137
180.0,247.2742937,18.78472222222222,2,2,0,0,0,0,0,0,0,2,1,454.0,18.0,35.4067044,2,1,BAGGAGE,LOWER VERTEX,LANG_02,Round-Trip,google,Paid Search,Referrals,Logged-Out,AREA_B,AREA_C,AREA_B_TO_AREA_C,BU,CA,120_plus,very_high,15_30,Y,L,0,0.69387805,24.567935169536163
6.0,36.2179046,,1,1,0,0,0,0,0,0,0,2,1,3.25,13.0,45.6936138,1,0,BAGGAGE,NEW MERIDIAN,LANG_02,One-Way,microsoft,Direct,MetaSearches,Logged-Out,AREA_C,AREA_B,AREA_C_TO_AREA_B,CI,BI,4_7,mid,unknown_or_oneway,Y,V,0,0.53764504,24.566944908009805
26.0,119.958264,255.40277777777777,1,1,0,0,0,0,0,0,0,2,1,6145.75,14.0,70.0681668,2,1,BAGGAGE,UPPER VERTEX,LANG_11,Round-Trip,google,Paid Search,Paid Search,Logged-Out,AREA_C,AREA_B,AREA_C_TO_AREA_B,CA,BU,15_30,very_high,30_plus,Y,L,0,0.35053697,24.561483043584502
9.0,292.6299788,7.319444444444445,2,2,0,0,0,0,0,1,0,2,1,191.83333333333334,16.0,36.3896529,3,1,BAGGAGE,UPPER APEX,LANG_09,Round-Trip,google,Paid Search,Email,Logged-In,AREA_C,AREA_B,AREA_C_TO_AREA_B,CA,BO,8_14,very_high,6_8,Y,W,0,0.67487127,24.558331117855722
14.0,106.9413704,3.513888888888889,2,2,0,0,0,0,0,0,0,2,1,86.41666666666667,14.0,50.573664,4,1,BAGGAGE,UPPER APEX,LANG_09,Round-Trip,mozilla,MetaSearches,MetaSearches,Logged-Out,AREA_C,AREA_C,AREA_C_TO_AREA_C,CA,CI,8_14,very_high,3_5,Y,V,0,0.48496357,24.526384442404748
39.0,406.4772584,9.777777777777779,2,2,0,0,0,0,0,0,0,4,1,239.33333333333334,17.0,32.8574628,1,0,BAGGAGE,NORTH MERIDIAN,LANG_02,Round-Trip,google,MetaSearches,MetaSearches,Logged-Out,AREA_B,AREA_C,AREA_B_TO_AREA_C,BI,CE,31_60,very_high,9_14,Y,E,0,0.7462961,24.52139659880512
53.0,577.279872,23.46527777777778,3,3,0,0,0,0,0,1,1,4,1,564.0833333333334,20.0,29.80968,2,0,BAGGAGE,UPPER APEX,LANG_09,Round-Trip,google,Paid Search,Paid Search,Logged-In,AREA_C,AREA_B,AREA_C_TO_AREA_B,CE,BU,31_60,very_high,15_30,Y,S,0,0.8224123,24.515847849698066
210.0,382.9922845,53.770833333333336,4,1,0,3,0,1,0,0,0,2,1,1294.0,8.0,27.8669112,1,1,BAGGAGE,LOWER VERTEX,LANG_02,Round-Trip,google,Direct,Direct,Logged-Out,AREA_B,AREA_C,AREA_B_TO_AREA_C,BU,CA,120_plus,very_high,30_plus,Y,U,0,0.87928486,24.50295307699814
102.0,341.9208843,14.315972222222221,3,3,0,0,0,0,0,1,0,2,1,362.9166666666667,19.0,32.5816376,3,0,BAGGAGE,EAST ZENITH,LANG_08,Round-Trip,google,Paid Search,Organic Search,Logged-In,AREA_C,AREA_B,AREA_C_TO_AREA_B,CA,BE,61_120,very_high,15_30,Y,Q,0,0.751655,24.490150242226886
,122.9396603,,2,2,0,0,0,0,0,0,0,2,1,19.916666666666668,2.0,28.5744628,3,0,BAGGAGE,NORTH HORIZON,LANG_04,One-Way,google,Paid Search,MetaSearches,Logged-Out,AREA_C,AREA_B,AREA_C_TO_AREA_B,CE,BA,,very_high,unknown_or_oneway,Y,S,1,0.85671204,24.48008641116979
166.0,644.2758429,15.010416666666666,5,5,0,0,0,0,0,0,0,4,1,363.1666666666667,9.0,31.634238,3,0,BAGGAGE,NORTH ZENITH,LANG_02,Round-Trip,apple,Affiliate,Affiliate,Logged-Out,AREA_C,AREA_B,AREA_C_TO_AREA_B,CU,BI,120_plus,very_high,15_30,Y,Q,0,0.7738237,24.479322415498853
74.0,252.00615210000004,34.27430555555556,2,1,0,1,0,1,0,1,0,2,1,837.25,20.0,29.80968,1,0,BAGGAGE,LOWER VERTEX,LANG_02,Round-Trip,apple,Direct,Direct,Logged-In,AREA_C,AREA_B,AREA_C_TO_AREA_B,CU,BU,61_120,very_high,30_plus,Y,O,0,0.820711,24.465132778959273
177.0,166.26606,8.315972222222221,5,4,0,1,0,1,0,0,0,2,1,200.83333333333334,18.0,29.604096,3,1,BAGGAGE,UPPER APEX,LANG_09,Round-Trip,apple,Paid Search,Paid Search,Logged-Out,AREA_C,AREA_B,AREA_C_TO_AREA_B,CA,BO,120_plus,very_high,9_14,Y,O,0,0.8263801,24.464235043899535
23.0,87.0254204,,4,4,0,0,0,0,0,0,0,2,1,-56.416666666666664,14.0,30.8795734,1,1,BAGGAGE,OLD AURORA,LANG_02,Round-Trip,mozilla,Paid Search,Paid Search,Logged-Out,AREA_B,AREA_C,AREA_B_TO_AREA_C,BO,CA,15_30,high,unknown_or_oneway,Y,O,0,0.7921916,24.46253941997993
23.0,82.2477339,5.541666666666667,3,3,0,0,0,0,0,0,0,2,1,134.66666666666666,10.0,32.76495,3,1,BAGGAGE,UPPER APEX,LANG_02,Round-Trip,apple,Direct,Direct,Logged-Out,AREA_C,AREA_C,AREA_C_TO_AREA_C,CA,CE,15_30,high,6_8,Y,L,0,0.7463234,24.453249104234576
146.0,374.2177024,6.586805555555555,4,2,1,1,0,1,1,1,0,3,1,161.33333333333334,7.0,29.0233212,2,0,BAGGAGE,LOWER VERTEX,LANG_02,Round-Trip,apple,Direct,Organic Search,Logged-In,AREA_B,AREA_B,AREA_B_TO_AREA_B,BU,BE,120_plus,very_high,6_8,Y,O,0,0.8423778,24.44860093489795
159.0,140.77021760000002,21.0,1,1,0,0,0,0,0,0,0,2,1,511.25,15.0,90.6214272,3,1,BAGGAGE,UPPER APEX,LANG_09,Round-Trip,google,Paid Search,Paid Search,Logged-Out,AREA_C,AREA_B,AREA_C_TO_AREA_B,CA,BU,120_plus,very_high,15_30,Y,W,0,0.26974073,24.444289974061203
14.0,186.1854364,,1,1,0,0,0,0,0,0,0,2,1,5.333333333333333,9.0,41.6410392,1,0,BAGGAGE,LOWER ZENITH,LANG_02,One-Way,google,MetaSearches,Paid Search,Logged-Out,AREA_C,AREA_B,AREA_C_TO_AREA_B,CE,BU,8_14,very_high,unknown_or_oneway,Y,B,0,0.58699447,24.443059700716354
6.0,31.226068100000003,9.430555555555555,3,2,0,0,1,1,0,0,0,2,1,228.25,17.0,33.176118,1,1,BAGGAGE,UPPER MERIDIAN,LANG_01,Round-Trip,apple,MetaSearches,MetaSearches,Logged-Out,AREA_C,AREA_C,AREA_C_TO_AREA_C,CU,CA,4_7,low,9_14,Y,O,0,0.7362586,24.426203054169417
33.0,45.5595559,7.725694444444445,2,2,0,0,0,0,0,0,0,4,1,188.25,16.0,40.0597556,4,0,BAGGAGE,NEW APEX,LANG_02,Round-Trip,apple,Paid Search,Paid Search,Logged-Out,AREA_C,AREA_B,AREA_C_TO_AREA_B,CU,BI,31_60,mid,6_8,Y,O,0,0.60947245,24.415317535916305
45.0,163.3913104,7.739583333333333,2,1,0,1,0,1,0,1,0,4,1,186.66666666666666,12.0,32.2355712,2,0,BAGGAGE,UPPER APEX,LANG_09,Round-Trip,mozilla,Email,Paid Search,Logged-In,AREA_C,AREA_C,AREA_C_TO_AREA_C,CA,CE,31_60,very_high,6_8,Y,T,0,0.75732946,24.412947857299805
18.0,167.09910349999998,15.833333333333334,2,2,0,0,0,0,0,0,0,4,1,383.25,10.0,30.4358546,2,0,BAGGAGE,OLD AURORA,LANG_02,Round-Trip,google,MetaSearches,MetaSearches,Logged-Out,AREA_B,AREA_B,AREA_B_TO_AREA_B,BO,BU,15_30,very_high,15_30,Y,L,1,0.8020593,24.411360016034912
183.0,140.9089868,14.979166666666666,1,1,0,0,0,0,0,0,0,3,1,362.6666666666667,7.0,76.6031682,2,0,BAGGAGE,LOWER VERTEX,LANG_02,Round-Trip,apple,Direct,Direct,Logged-Out,AREA_B,AREA_B,AREA_B_TO_AREA_B,BU,BE,120_plus,very_high,15_30,Y,L,0,0.31859916,24.40570538549527
8.0,53.0389588,,1,1,0,0,0,0,0,1,0,2,1,14.916666666666666,20.0,41.0371362,2,0,BAGGAGE,OLD HORIZON,LANG_02,One-Way,google,Paid Search,MetaSearches,Logged-In,AREA_C,AREA_C,AREA_C_TO_AREA_C,CE,CE,8_14,mid,unknown_or_oneway,Y,U,1,0.5947177,24.40551049248537
25.0,72.1479916,160.13541666666666,2,1,0,1,0,1,0,0,0,2,1,3843.5833333333335,22.0,30.06666,2,1,BAGGAGE,UPPER APEX,LANG_02,Round-Trip,google,Direct,Paid Search,Logged-Out,AREA_C,AREA_B,AREA_C_TO_AREA_B,CA,BU,15_30,high,30_plus,Y,U,0,0.81165045,24.40361826927066
59.0,106.0205254,24.427083333333332,1,1,0,0,0,0,0,0,0,2,1,602.4166666666666,15.0,83.26152,3,1,BAGGAGE,WEST VERTEX,LANG_02,Round-Trip,google,Paid Search,Organic Search,Logged-Out,AREA_C,AREA_B,AREA_C_TO_AREA_B,CA,BO,31_60,very_high,15_30,Y,O,0,0.2930373,24.398730626821518
111.0,58.0753385,15.385416666666666,3,2,0,1,0,1,0,0,1,2,1,371.75,19.0,28.52478,1,1,BAGGAGE,UPPER APEX,LANG_09,Round-Trip,google,Direct,Direct,Logged-Out,AREA_C,AREA_C,AREA_C_TO_AREA_C,CE,CA,61_120,high,15_30,Y,O,1,0.8553411,24.398416042134762
134.0,487.7488966,15.78125,3,2,0,1,0,1,0,0,0,2,1,382.0,15.0,29.1004152,2,0,BAGGAGE,LOWER VERTEX,LANG_02,Round-Trip,microsoft,Direct,Email,Logged-Out,AREA_B,AREA_B,AREA_B_TO_AREA_B,BU,BE,120_plus,very_high,15_30,Y,W,0,0.83815473,24.39065073741231
0.0,41.4543004,,1,1,0,0,0,0,0,0,0,2,1,3.1666666666666665,13.0,45.6936138,1,0,BAGGAGE,NEW MERIDIAN,LANG_02,One-Way,google,Direct,Paid Search,Logged-Out,AREA_C,AREA_B,AREA_C_TO_AREA_B,CI,BI,invalid_or_past,mid,unknown_or_oneway,Y,Q,0,0.5335558,24.38009292563306
183.0,606.6179936999999,7.0,3,3,0,0,0,0,0,1,0,4,1,187.58333333333334,,29.835378,1,0,BAGGAGE,SOUTH ZENITH,LANG_07,Round-Trip,google,Direct,MetaSearches,Logged-In,AREA_B,AREA_B,AREA_B_TO_AREA_B,BU,BE,120_plus,very_high,6_8,Y,Q,0,0.81635916,24.35638419189763
102.0,175.76618229999997,13.770833333333334,3,2,0,1,0,1,0,0,0,3,1,334.0,16.0,29.017325,2,0,BAGGAGE,LOWER VERTEX,LANG_02,Round-Trip,apple,Direct,Direct,Logged-Out,AREA_B,AREA_C,AREA_B_TO_AREA_C,BU,CU,61_120,very_high,9_14,Y,W,0,0.83920133,24.35137776608169
156.0,102.7603058,15.395833333333334,3,2,0,1,0,1,0,0,0,2,1,372.5,20.0,30.4675488,4,1,BAGGAGE,UPPER APEX,LANG_02,Round-Trip,google,Direct,Direct,Logged-Out,AREA_C,AREA_B,AREA_C_TO_AREA_B,CA,BO,120_plus,very_high,15_30,Y,L,0,0.7989511,24.342081304564477
23.0,31.6205324,4.666666666666667,2,2,0,0,0,0,0,0,0,4,1,114.41666666666667,12.0,43.9804138,3,0,BAGGAGE,OLD ZENITH,LANG_02,Round-Trip,google,Paid Search,Paid Search,Logged-Out,AREA_B,AREA_C,AREA_B_TO_AREA_C,BU,CU,15_30,low,3_5,Y,U,0,0.5525805,24.302717983801102
3.0,119.88202660000002,,1,1,0,0,0,0,0,0,0,2,1,8.5,15.0,41.3322349,1,0,BAGGAGE,OLD MERIDIAN,LANG_02,One-Way,apple,Direct,Direct,Logged-Out,AREA_B,AREA_B,AREA_B_TO_AREA_B,BU,BI,0_3,very_high,unknown_or_oneway,Y,H,0,0.5877248,24.291979691783872
231.0,123.791549,17.59027777777778,2,2,0,0,0,0,0,0,0,2,1,425.3333333333333,20.0,35.4067044,2,1,BAGGAGE,LOWER VERTEX,LANG_02,Round-Trip,apple,Direct,Direct,Logged-Out,AREA_B,AREA_C,AREA_B_TO_AREA_C,BU,CA,120_plus,very_high,15_30,Y,O,0,0.6860435,24.290539441916945
80.0,140.6211692,3.28125,2,2,0,0,0,0,0,1,1,2,1,92.25,10.0,45.3107136,1,1,BAGGAGE,UPPER APEX,LANG_02,Round-Trip,apple,Direct,Paid Search,Logged-In,AREA_C,AREA_B,AREA_C_TO_AREA_B,CA,BU,61_120,very_high,3_5,Y,O,0,0.5360506,24.288836013474654
4.0,711.2919439000001,60.270833333333336,1,1,0,0,0,0,0,0,0,2,1,1466.0833333333333,16.0,98.063568,1,1,BAGGAGE,UPPER APEX,LANG_09,Round-Trip,apple,Email,Email,Logged-Out,AREA_C,AREA_D,AREA_C_TO_AREA_D,CA,DA,4_7,very_high,30_plus,C,Z,0,0.2476828,24.28865860290599
29.0,79.4959064,6.600694444444445,4,3,1,0,0,0,1,0,0,4,1,159.33333333333334,21.0,30.4675488,2,0,BAGGAGE,UPPER APEX,LANG_09,Round-Trip,opera,MetaSearches,Affiliate,Logged-Out,AREA_B,AREA_B,AREA_B_TO_AREA_B,BE,BO,15_30,high,6_8,Y,O,0,0.79702604,24.283429712810896
40.0,282.03940470000003,17.125,3,2,0,1,0,1,0,1,0,2,1,430.3333333333333,11.0,31.086014,3,1,BAGGAGE,EAST ZENITH,LANG_08,Round-Trip,samsung,Direct,Direct,Logged-In,AREA_C,AREA_C,AREA_C_TO_AREA_C,CA,CA,31_60,very_high,15_30,Y,W,0,0.7809784,24.27750490516436
147.0,112.33195419999998,8.979166666666666,2,2,0,0,0,0,0,1,0,4,1,218.66666666666666,22.0,33.8832413,2,0,BAGGAGE,LOWER VERTEX,LANG_02,Round-Trip,apple,Direct,Direct,Logged-In,AREA_B,AREA_B,AREA_B_TO_AREA_B,BU,BE,120_plus,very_high,9_14,Y,O,0,0.7160716,24.262827003414298
132.0,286.1862053,19.78125,3,1,0,2,0,1,0,0,0,2,1,478.0,21.0,28.9676422,2,0,BAGGAGE,LOWER VERTEX,LANG_02,Round-Trip,google,Direct,MetaSearches,Logged-Out,AREA_B,AREA_B,AREA_B_TO_AREA_B,BU,BE,120_plus,very_high,15_30,Y,W,0,0.8373102,24.254902138279366
10.0,24.2841817,,1,1,0,0,0,0,0,0,0,1,0,1.0,6.0,61.9925703,3,0,BAGGAGE,UPPER APEX,LANG_02,One-Way,apple,MetaSearches,MetaSearches,Logged-Out,AREA_B,AREA_C,AREA_B_TO_AREA_C,BE,CA,8_14,low,unknown_or_oneway,Y,W,0,0.39119047,24.25090266659952
178.0,342.3556088,,3,2,0,1,0,1,0,1,0,1,0,4.0,14.0,28.2288247,1,0,BAGGAGE,LOWER VERTEX,LANG_02,One-Way,microsoft,Direct,Paid Search,Logged-In,AREA_B,AREA_B,AREA_B_TO_AREA_B,BE,BU,120_plus,very_high,unknown_or_oneway,Y,Q,0,0.8590656,24.250412010527032
4.0,66.3903547,4.145833333333333,2,2,0,0,0,0,0,0,0,2,1,101.83333333333333,9.0,40.08888,2,0,BAGGAGE,UPPER VERTEX,LANG_02,Round-Trip,apple,Paid Search,Paid Search,Logged-Out,AREA_B,AREA_B,AREA_B_TO_AREA_B,BE,BA,4_7,high,3_5,Y,U,0,0.6049088,24.250117254953388
121.0,274.45464,20.586805555555557,4,2,0,2,0,1,0,0,0,2,1,497.3333333333333,7.0,28.0896272,2,0,BAGGAGE,LOWER VERTEX,LANG_02,Round-Trip,google,Direct,Direct,Logged-Out,AREA_B,AREA_B,AREA_B_TO_AREA_B,BU,BE,120_plus,very_high,15_30,Y,U,0,0.8629556,24.24010025766983
3.0,156.3217906,22.427083333333332,1,1,0,0,0,0,0,0,0,2,1,554.4166666666666,8.0,63.4329432,2,1,BAGGAGE,LOWER VERTEX,LANG_02,Round-Trip,apple,Direct,Paid Search,Logged-Out,AREA_C,AREA_B,AREA_C_TO_AREA_B,CA,BO,0_3,very_high,15_30,Y,Q,0,0.38213375,24.239868592245553
14.0,64.1713324,10.114583333333334,2,2,0,0,0,0,0,0,0,2,1,244.58333333333334,9.0,32.4591438,1,1,BAGGAGE,NEW ZENITH,LANG_02,Round-Trip,microsoft,Direct,Direct,Logged-Out,AREA_C,AREA_B,AREA_C_TO_AREA_B,CA,BA,8_14,high,9_14,Y,L,0,0.7466016,24.234048097601224
14.0,247.7814009,13.524305555555555,3,2,0,0,1,1,0,0,0,4,1,326.3333333333333,15.0,31.8252598,3,0,BAGGAGE,EAST ZENITH,LANG_08,Round-Trip,samsung,Direct,Direct,Logged-Out,AREA_B,AREA_C,AREA_B_TO_AREA_C,BA,CA,8_14,very_high,9_14,Y,W,0,0.76140034,24.231763695564535
10.0,116.4791831,,1,1,0,0,0,0,0,1,1,2,1,13.833333333333334,12.0,41.5061247,2,0,BAGGAGE,SOUTH MERIDIAN,LANG_02,One-Way,google,Organic Search,Organic Search,Logged-In,AREA_B,AREA_C,AREA_B_TO_AREA_C,BI,CE,8_14,very_high,unknown_or_oneway,Y,H,1,0.5837825,24.23054899646947
176.0,425.1173026999999,20.78125,3,2,0,1,0,1,0,0,0,2,1,502.0,12.0,29.0541588,2,0,BAGGAGE,LOWER VERTEX,LANG_02,Round-Trip,google,Direct,Direct,Logged-Out,AREA_B,AREA_B,AREA_B_TO_AREA_B,BU,BE,120_plus,very_high,15_30,Y,W,0,0.8339765,24.230485875277232
132.0,63.4427941,,1,1,0,0,0,0,0,0,0,3,1,424.5,21.0,66.1029654,2,1,BAGGAGE,LOWER VERTEX,LANG_02,Multi-City,google,Paid Search,Paid Search,Logged-Out,AREA_D,AREA_C,AREA_D_TO_AREA_C,DA,CA,120_plus,high,unknown_or_oneway,Y,O,0,0.36640006,24.22013068955029
83.0,519.6533919,7.829861111111111,3,2,0,1,0,1,0,0,0,2,1,193.83333333333334,19.0,31.248768,3,1,BAGGAGE,UPPER APEX,LANG_09,Round-Trip,apple,Direct,Direct,Logged-Out,AREA_C,AREA_C,AREA_C_TO_AREA_C,CA,CA,61_120,very_high,6_8,Y,L,0,0.77504355,24.219155994895935
47.0,61.1929342,,1,1,0,0,0,0,0,0,0,2,1,9.75,,44.0767813,1,0,BAGGAGE,OLD ZENITH,LANG_02,One-Way,mozilla,Organic Search,Organic Search,Logged-Out,AREA_B,AREA_B,AREA_B_TO_AREA_B,BO,BU,31_60,high,unknown_or_oneway,Y,V,0,0.549349,24.213536170731253
88.0,151.5372513,7.430555555555555,2,2,0,0,0,0,0,0,0,2,1,182.75,10.0,32.8009272,1,1,BAGGAGE,UPPER APEX,LANG_09,Round-Trip,google,MetaSearches,MetaSearches,Logged-Out,AREA_C,AREA_B,AREA_C_TO_AREA_B,CA,BA,61_120,very_high,6_8,Y,U,0,0.73724264,24.18224213270001
133.0,347.7766019,27.78125,3,1,0,2,0,1,0,0,0,2,1,670.0,19.0,28.9676422,2,0,BAGGAGE,LOWER VERTEX,LANG_02,Round-Trip,apple,Direct,Organic Search,Logged-Out,AREA_B,AREA_B,AREA_B_TO_AREA_B,BU,BE,120_plus,very_high,15_30,Y,L,0,0.8347095,24.179566864270235
15.0,187.7718596,,2,1,0,1,0,1,0,0,0,1,0,15.916666666666666,14.0,32.7311143,2,1,BAGGAGE,LOWER VERTEX,LANG_02,One-Way,apple,Direct,Direct,Logged-Out,AREA_B,AREA_C,AREA_B_TO_AREA_C,BU,CA,15_30,very_high,unknown_or_oneway,Y,V,0,0.7384939,24.1717288848382
152.0,188.126492,,2,2,0,0,0,0,0,0,0,3,1,413.6666666666667,20.0,33.304608,2,0,BAGGAGE,UPPER APEX,LANG_09,Multi-City,apple,Direct,Affiliate,Logged-Out,AREA_C,AREA_C,AREA_C_TO_AREA_C,CE,CA,120_plus,very_high,unknown_or_oneway,Y,O,0,0.7257203,24.16982965517807
153.0,541.641029,20.180555555555557,5,2,0,3,0,1,0,1,1,4,1,485.3333333333333,23.0,29.80968,3,0,BAGGAGE,UPPER APEX,LANG_09,Round-Trip,mozilla,Paid Search,Organic Search,Logged-In,AREA_B,AREA_B,AREA_B_TO_AREA_B,BE,BI,120_plus,very_high,15_30,Y,L,1,0.8108013,24.169728108258248
110.0,144.6951588,12.197916666666666,6,6,0,0,0,0,0,1,1,2,1,294.4166666666667,18.0,30.4675488,4,1,BAGGAGE,UPPER APEX,LANG_09,Round-Trip,google,Organic Search,Organic Search,Logged-In,AREA_C,AREA_B,AREA_C_TO_AREA_B,CA,BA,61_120,very_high,9_14,Y,W,1,0.79300255,24.160843763709067
36.0,139.266028,,2,1,0,1,0,1,0,0,0,3,1,-241.5,5.0,32.89344,2,0,BAGGAGE,UPPER APEX,LANG_02,Round-Trip,microsoft,Paid Search,Paid Search,Logged-Out,AREA_C,AREA_C,AREA_C_TO_AREA_C,CA,CE,31_60,very_high,unknown_or_oneway,Y,T,0,0.73442304,24.15770024505615
14.0,73.2153152,,1,1,0,0,0,0,0,0,0,1,0,5.0,1.0,52.42392,1,1,BAGGAGE,UPPER APEX,LANG_09,One-Way,apple,Direct,Direct,Logged-Out,AREA_C,AREA_C,AREA_C_TO_AREA_C,CA,CA,8_14,high,unknown_or_oneway,Y,V,0,0.4607859,24.15620292732954
122.0,141.1758177,18.51736111111111,3,2,0,1,0,1,0,0,0,2,1,446.75,10.0,30.4675488,4,1,BAGGAGE,UPPER VERTEX,LANG_10,Round-Trip,apple,Direct,Direct,Logged-Out,AREA_C,AREA_C,AREA_C_TO_AREA_C,CA,CU,120_plus,very_high,15_30,Y,L,0,0.7926495,24.150087551740263
90.0,64.2779791,11.538194444444445,2,2,0,0,0,0,0,1,0,2,1,278.8333333333333,18.0,33.176118,1,1,BAGGAGE,UPPER MERIDIAN,LANG_01,Round-Trip,apple,Direct,Direct,Logged-In,AREA_C,AREA_C,AREA_C_TO_AREA_C,CU,CA,61_120,high,9_14,Y,W,0,0.72782546,24.14642343785942
0.0,182.27462910000003,160.93055555555554,2,1,0,1,0,1,0,0,0,4,1,3863.25,10.0,29.822529,2,0,BAGGAGE,LOWER VERTEX,LANG_02,Round-Trip,google,Email,Paid Search,Logged-Out,AREA_B,AREA_B,AREA_B_TO_AREA_B,BE,BU,invalid_or_past,very_high,30_plus,Y,L,0,0.8096116,24.144665972014725
26.0,149.9225603,22.87152777777778,2,1,0,1,0,1,0,1,0,2,1,551.25,19.0,32.2407108,2,1,BAGGAGE,UPPER VERTEX,LANG_11,Round-Trip,apple,Direct,Direct,Logged-In,AREA_B,AREA_C,AREA_B_TO_AREA_C,BI,CA,15_30,very_high,15_30,Y,K,0,0.74880946,24.14214914180818
16.0,62.0512474,,2,2,0,0,0,0,0,1,0,1,0,6.75,19.0,35.154864,3,1,BAGGAGE,GREAT APEX,LANG_10,One-Way,google,Direct,Paid Search,Logged-In,AREA_C,AREA_C,AREA_C_TO_AREA_C,CA,CE,15_30,high,unknown_or_oneway,Y,V,1,0.68671054,24.141215517319683
4.0,45.5394258,,1,1,0,0,0,0,0,0,0,2,1,4.583333333333333,11.0,44.8134573,3,0,BAGGAGE,NORTH ZENITH,LANG_06,One-Way,google,Paid Search,Paid Search,Logged-Out,AREA_B,AREA_C,AREA_B_TO_AREA_C,BE,CU,4_7,mid,unknown_or_oneway,Y,H,0,0.5386554,24.139010779691187
26.0,184.661545,0.9444444444444444,2,2,0,0,0,0,0,1,0,6,1,25.416666666666668,17.0,45.3107136,2,0,BAGGAGE,UPPER APEX,LANG_09,Round-Trip,apple,Paid Search,Email,Logged-In,AREA_C,AREA_B,AREA_C_TO_AREA_B,CE,BU,15_30,very_high,1_2,Y,O,0,0.53250724,24.12828307655754
50.0,62.8688721,5.263888888888889,2,2,0,0,0,0,0,0,0,4,1,128.25,17.0,40.43152,4,0,BAGGAGE,SOUTH VERTEX,LANG_02,Round-Trip,microsoft,Paid Search,Organic Search,Logged-Out,AREA_C,AREA_B,AREA_C_TO_AREA_B,CU,BI,31_60,high,6_8,Y,O,0,0.5966962,24.12533426281929
39.0,56.741184,,2,2,0,0,0,0,0,0,0,1,0,3.9166666666666665,16.0,39.472128,2,1,BAGGAGE,UPPER APEX,LANG_09,One-Way,apple,Direct,Paid Search,Logged-Out,AREA_C,AREA_C,AREA_C_TO_AREA_C,CI,CA,31_60,high,unknown_or_oneway,Y,U,0,0.6108082,24.10989920452881
202.0,485.77657509999995,,5,2,0,3,0,1,0,0,0,2,1,7.083333333333333,16.0,28.2288247,2,0,BAGGAGE,LOWER VERTEX,LANG_02,One-Way,google,Paid Search,Paid Search,Logged-Out,AREA_B,AREA_B,AREA_B_TO_AREA_B,BE,BU,120_plus,very_high,unknown_or_oneway,Y,T,0,0.85373694,24.09999033578791
13.0,28.3012074,,1,1,0,0,0,0,0,0,0,1,0,3.8333333333333335,14.0,70.720896,3,1,BAGGAGE,UPPER APEX,LANG_09,One-Way,google,Organic Search,Organic Search,Logged-Out,AREA_C,AREA_B,AREA_C_TO_AREA_B,CA,BA,8_14,low,unknown_or_oneway,Y,L,0,0.3407577,24.098689708774565
