DTD,FARE_YQ_TICKET,stay_length_days,pax_total,ADULTS,TEENAGERS,CHILDREN,INFANTS,has_child_or_infant,has_teenager,is_logged_in,has_loyalty,segment_count,has_connection,travel_span_hours,HOUR_OF_THE_DAY_PL_TIME,emd_price,display_position,is_hub_caj_route,product,MARKET,LANGUAGE,FLIGHT_TYPE,BROWSER_TYPE,FIRST_TOUCH_CHANNEL,LAST_TOUCH_CHANNEL,LOGIN_STATUS,origin_area,destination_area,route_direction,origin_prefix,destination_prefix,dtd_bucket,fare_bucket,stay_bucket,first_booking_class,first_rbd,actual_sold,predicted_probability,expected_revenue
64.0,104.27734440000002,,1,1,0,0,0,0,0,0,0,6,1,380.0833333333333,9.0,170.4634,4,1,PET,UPPER APEX,LANG_02,Multi-City,google,Direct,Direct,Logged-Out,AREA_C,AREA_B,AREA_C_TO_AREA_B,CA,BI,61_120,very_high,unknown_or_oneway,Y,O,0,0.59244686,100.99050669733286
,490.4283414,,2,2,0,0,0,0,0,1,0,1,0,19.333333333333332,11.0,118.0129254,3,0,PET,EAST ZENITH,LANG_08,One-Way,google,Paid Search,Paid Search,Logged-In,AREA_B,AREA_C,AREA_B_TO_AREA_C,BE,CA,,very_high,unknown_or_oneway,P,A,1,0.7697902,90.84519020997134
143.0,109.0503196,,1,1,0,0,0,0,0,1,0,3,1,883.5833333333334,12.0,170.4634,4,1,PET,UPPER VERTEX,LANG_11,Multi-City,google,Direct,Organic Search,Logged-In,AREA_C,AREA_B,AREA_C_TO_AREA_B,CA,BI,120_plus,very_high,unknown_or_oneway,Y,O,0,0.4907691,83.65816740111113
31.0,646.0335861,,2,1,1,0,0,0,1,0,0,2,1,11.5,17.0,107.7337254,4,0,PET,NEW HORIZON,LANG_02,One-Way,google,Direct,Organic Search,Logged-Out,AREA_C,AREA_C,AREA_C_TO_AREA_C,CA,CE,31_60,very_high,unknown_or_oneway,C,F,0,0.77129525,83.09451060787735
23.0,133.0479686,20.73263888888889,2,2,0,0,0,0,0,0,0,2,1,502.6666666666667,20.0,111.2020988,2,1,PET,GREAT MERIDIAN,LANG_02,Round-Trip,mozilla,Direct,Organic Search,Logged-Out,AREA_B,AREA_C,AREA_B_TO_AREA_C,BE,CA,15_30,very_high,15_30,Y,W,1,0.7106021,79.02044545031727
67.0,88.1205835,,1,1,0,0,0,0,0,0,0,2,1,14.333333333333334,22.0,107.7337254,5,0,PET,NEW HORIZON,LANG_02,One-Way,apple,Direct,Paid Search,Logged-Out,AREA_C,AREA_C,AREA_C_TO_AREA_C,CA,CE,61_120,high,unknown_or_oneway,Y,S,0,0.7294289,78.58409145045069
15.0,94.2349943,,2,1,0,0,1,1,0,0,0,1,0,15.916666666666666,10.0,114.3561,3,1,PET,LOWER VERTEX,LANG_02,One-Way,mozilla,Direct,Affiliate,Logged-Out,AREA_B,AREA_C,AREA_B_TO_AREA_C,BU,CA,15_30,high,unknown_or_oneway,Y,V,0,0.6842569,78.2489517717719
16.0,125.4529247,,1,1,0,0,0,0,0,0,0,2,1,14.333333333333334,13.0,107.7337254,5,0,PET,NEW HORIZON,LANG_02,One-Way,google,Paid Search,Paid Search,Logged-Out,AREA_C,AREA_C,AREA_C_TO_AREA_C,CA,CE,15_30,very_high,unknown_or_oneway,Y,Q,0,0.6808052,73.3456811462883
8.0,132.7892754,,1,1,0,0,0,0,0,0,0,2,1,16.5,1.0,107.7337254,5,0,PET,EAST ZENITH,LANG_02,One-Way,google,Direct,Direct,Logged-Out,AREA_C,AREA_C,AREA_C_TO_AREA_C,CA,CE,8_14,very_high,unknown_or_oneway,Y,K,0,0.6792964,73.18312905631248
144.0,176.6129314,,2,2,0,0,0,0,0,1,0,2,1,11.666666666666666,11.0,107.7337254,5,0,PET,NEW HORIZON,LANG_02,One-Way,apple,Direct,Direct,Logged-In,AREA_C,AREA_C,AREA_C_TO_AREA_C,CA,CE,120_plus,very_high,unknown_or_oneway,Y,S,0,0.65983504,71.0864870699914
40.0,108.2648174,,1,1,0,0,0,0,0,0,0,1,0,15.916666666666666,20.0,114.3561,3,1,PET,LOWER VERTEX,LANG_09,One-Way,google,Paid Search,Paid Search,Logged-Out,AREA_B,AREA_C,AREA_B_TO_AREA_C,BU,CA,31_60,very_high,unknown_or_oneway,Y,V,0,0.6153638,70.37060158283114
3.0,104.7000765,,1,1,0,0,0,0,0,1,1,1,0,16.166666666666668,15.0,114.3561,3,1,PET,UPPER APEX,LANG_09,One-Way,google,Direct,Push Notifications,Logged-In,AREA_B,AREA_C,AREA_B_TO_AREA_C,BU,CA,0_3,very_high,unknown_or_oneway,Y,S,1,0.60847455,69.58277678816914
14.0,371.2680003,,3,1,0,2,0,1,0,1,0,1,0,14.916666666666666,15.0,114.3561,2,1,PET,LOWER VERTEX,LANG_02,One-Way,microsoft,MetaSearches,Organic Search,Logged-In,AREA_B,AREA_C,AREA_B_TO_AREA_C,BU,CA,8_14,very_high,unknown_or_oneway,Y,K,0,0.5853063,66.93334426528216
17.0,81.3324568,,1,1,0,0,0,0,0,0,0,1,0,16.166666666666668,14.0,100.6359378,3,1,PET,LOWER VERTEX,LANG_02,One-Way,apple,Paid Search,Paid Search,Logged-Out,AREA_B,AREA_C,AREA_B_TO_AREA_C,BU,CA,15_30,high,unknown_or_oneway,Y,U,0,0.6631016,66.73185273343695
10.0,241.3504764,,4,2,0,2,0,1,0,0,0,1,0,16.166666666666668,15.0,100.6359378,3,1,PET,LOWER VERTEX,LANG_02,One-Way,microsoft,Paid Search,Paid Search,Logged-Out,AREA_B,AREA_C,AREA_B_TO_AREA_C,BU,CA,8_14,very_high,unknown_or_oneway,Y,U,0,0.66179246,66.60010454960006
38.0,202.1426095,,2,2,0,0,0,0,0,0,0,2,1,16.5,13.0,107.7337254,5,0,PET,NEW HORIZON,LANG_02,One-Way,google,MetaSearches,MetaSearches,Logged-Out,AREA_C,AREA_C,AREA_C_TO_AREA_C,CA,CE,31_60,very_high,unknown_or_oneway,Y,T,0,0.6014542,64.7969014468411
19.0,81.4699411,,1,1,0,0,0,0,0,0,0,1,0,16.166666666666668,13.0,100.6359378,2,1,PET,UPPER APEX,LANG_09,One-Way,mozilla,Direct,Direct,Logged-Out,AREA_B,AREA_C,AREA_B_TO_AREA_C,BU,CA,15_30,high,unknown_or_oneway,C,I,0,0.64254266,64.66288318939272
36.0,104.655105,,1,1,0,0,0,0,0,0,0,2,1,16.5,20.0,107.7337254,5,0,PET,EAST ZENITH,LANG_02,One-Way,apple,MetaSearches,MetaSearches,Logged-Out,AREA_C,AREA_C,AREA_C_TO_AREA_C,CA,CE,31_60,very_high,unknown_or_oneway,Y,T,0,0.59230715,63.811455889763295
1.0,164.9130603,,2,2,0,0,0,0,0,0,0,1,0,16.166666666666668,23.0,100.6359378,3,1,PET,LOWER VERTEX,LANG_02,One-Way,apple,MetaSearches,MetaSearches,Logged-Out,AREA_B,AREA_C,AREA_B_TO_AREA_C,BU,CA,0_3,very_high,unknown_or_oneway,Y,W,0,0.6226233,62.658282146566556
8.0,116.2658897,,1,1,0,0,0,0,0,0,0,1,0,20.833333333333332,23.0,106.0830572,5,1,PET,SOUTH ZENITH,LANG_02,One-Way,google,Paid Search,Paid Search,Logged-Out,AREA_C,AREA_B,AREA_C_TO_AREA_B,CA,BU,8_14,very_high,unknown_or_oneway,Y,S,0,0.58921206,62.50541666122279
85.0,141.1359858,,1,1,0,0,0,0,0,1,1,1,0,20.833333333333332,20.0,106.0830572,4,1,PET,UPPER AURORA,LANG_02,One-Way,apple,Direct,Direct,Logged-In,AREA_C,AREA_B,AREA_C_TO_AREA_B,CA,BU,61_120,very_high,unknown_or_oneway,Y,Q,0,0.58431405,61.985820607538436
115.0,88.3064657,,1,1,0,0,0,0,0,0,0,2,1,19.666666666666668,13.0,107.7337254,5,0,PET,NEW HORIZON,LANG_02,One-Way,google,Paid Search,MetaSearches,Logged-Out,AREA_C,AREA_C,AREA_C_TO_AREA_C,CA,CE,61_120,high,unknown_or_oneway,Y,S,0,0.5741705,61.857523773380684
15.0,80.9692584,,1,1,0,0,0,0,0,1,0,1,0,16.166666666666668,19.0,100.6359378,3,1,PET,LOWER VERTEX,LANG_02,One-Way,google,Direct,Paid Search,Logged-In,AREA_B,AREA_C,AREA_B_TO_AREA_C,BU,CA,15_30,high,unknown_or_oneway,Y,U,0,0.6123793,61.62736640429234
213.0,179.590473,,2,2,0,0,0,0,0,0,0,2,1,19.666666666666668,20.0,107.7337254,4,0,PET,NEW HORIZON,LANG_02,One-Way,google,Paid Search,Organic Search,Logged-Out,AREA_C,AREA_C,AREA_C_TO_AREA_C,CA,CE,120_plus,very_high,unknown_or_oneway,Y,S,0,0.56429577,60.79368539357929
41.0,107.8052515,,1,1,0,0,0,0,0,1,0,1,0,16.166666666666668,19.0,100.6359378,3,1,PET,LOWER VERTEX,LANG_02,One-Way,google,Paid Search,Referrals,Logged-In,AREA_B,AREA_C,AREA_B_TO_AREA_C,BU,CA,31_60,very_high,unknown_or_oneway,Y,V,0,0.60135937,60.5183638901556
10.0,80.9692584,,1,1,0,0,0,0,0,0,0,1,0,16.166666666666668,22.0,100.6359378,3,1,PET,LOWER VERTEX,LANG_02,One-Way,google,Direct,Direct,Logged-Out,AREA_B,AREA_C,AREA_B_TO_AREA_C,BU,CA,8_14,high,unknown_or_oneway,Y,U,0,0.59918445,60.2994893918846
15.0,80.7855177,,1,1,0,0,0,0,0,0,0,1,0,16.166666666666668,20.0,100.6359378,3,1,PET,LOWER VERTEX,LANG_02,One-Way,google,Paid Search,Paid Search,Logged-Out,AREA_B,AREA_C,AREA_B_TO_AREA_C,BU,CA,15_30,high,unknown_or_oneway,Y,U,0,0.59909517,60.29050383463694
19.0,100.1553852,,1,1,0,0,0,0,0,1,0,1,0,16.166666666666668,11.0,94.2362792,3,1,PET,UPPER APEX,LANG_09,One-Way,mozilla,Organic Search,Organic Search,Logged-In,AREA_B,AREA_C,AREA_B_TO_AREA_C,BU,CA,15_30,high,unknown_or_oneway,Y,V,0,0.6276662,59.14892494613452
21.0,114.4571788,,1,1,0,0,0,0,0,0,0,2,1,16.166666666666668,22.0,107.7337254,5,0,PET,EAST ZENITH,LANG_02,One-Way,google,MetaSearches,MetaSearches,Logged-Out,AREA_C,AREA_C,AREA_C_TO_AREA_C,CA,CE,15_30,very_high,unknown_or_oneway,Y,H,0,0.53659666,57.80955677143271
70.0,104.5835789,14.854166666666666,4,2,0,2,0,1,0,1,0,2,1,358.9166666666667,18.0,84.2920098,4,0,PET,NORTH HORIZON,LANG_09,Round-Trip,apple,Direct,Direct,Logged-In,AREA_B,AREA_B,AREA_B_TO_AREA_B,BA,BE,61_120,very_high,15_30,Y,W,0,0.67784774,57.13714859876039
7.0,1260.7164688,,2,2,0,0,0,0,0,0,0,1,0,16.166666666666668,10.0,72.811,3,1,PET,UPPER APEX,LANG_09,One-Way,apple,Paid Search,Paid Search,Logged-Out,AREA_B,AREA_C,AREA_B_TO_AREA_C,BO,CA,4_7,very_high,unknown_or_oneway,C,Z,0,0.7834845,57.04629127854109
2.0,126.6431704,,1,1,0,0,0,0,0,0,0,1,0,20.833333333333332,10.0,106.0830572,5,1,PET,UPPER APEX,LANG_09,One-Way,google,Direct,MetaSearches,Logged-Out,AREA_C,AREA_B,AREA_C_TO_AREA_B,CA,BU,0_3,very_high,unknown_or_oneway,Y,S,0,0.5369521,56.9615180404597
1.0,95.5417376,,1,1,0,0,0,0,0,1,0,1,0,16.166666666666668,14.0,94.2362792,3,1,PET,LOWER VERTEX,LANG_02,One-Way,google,Paid Search,Organic Search,Logged-In,AREA_B,AREA_C,AREA_B_TO_AREA_C,BU,CA,0_3,high,unknown_or_oneway,Y,W,0,0.6023821,56.76624997243667
12.0,66.133803,,1,1,0,0,0,0,0,0,0,1,0,16.166666666666668,16.0,94.2362792,3,1,PET,LOWER VERTEX,LANG_02,One-Way,google,Direct,Paid Search,Logged-Out,AREA_B,AREA_C,AREA_B_TO_AREA_C,BU,CA,8_14,high,unknown_or_oneway,Y,U,0,0.59918445,56.46491345113768
30.0,126.2178685,,1,1,0,0,0,0,0,0,0,1,0,20.833333333333332,7.0,106.0830572,5,1,PET,UPPER APEX,LANG_02,One-Way,google,Direct,MetaSearches,Logged-Out,AREA_C,AREA_B,AREA_C_TO_AREA_B,CA,BU,15_30,very_high,unknown_or_oneway,Y,S,0,0.53112274,56.343124440820766
39.0,186.9812178,,2,2,0,0,0,0,0,1,0,1,0,20.583333333333332,20.0,74.7991686,3,1,PET,LOWER VERTEX,LANG_02,One-Way,apple,Direct,Direct,Logged-In,AREA_D,AREA_C,AREA_D_TO_AREA_C,DA,CA,31_60,very_high,unknown_or_oneway,Y,V,0,0.7342762,54.92324745011008
16.0,194.0237547,20.22222222222222,2,2,0,0,0,0,0,1,0,2,1,499.9166666666667,9.0,90.2783589,2,1,PET,NORTH MERIDIAN,LANG_02,Round-Trip,google,Direct,Direct,Logged-In,AREA_C,AREA_B,AREA_C_TO_AREA_B,CA,BI,15_30,very_high,15_30,Y,L,0,0.6057966,54.69032066755664
20.0,164.3091573,20.680555555555557,1,1,0,0,0,0,0,1,0,2,1,502.0,12.0,87.6635874,2,1,PET,UPPER APEX,LANG_09,Round-Trip,apple,Direct,Direct,Logged-In,AREA_B,AREA_C,AREA_B_TO_AREA_C,BO,CA,15_30,very_high,15_30,Y,H,0,0.62344414,54.653349852175815
210.0,173.5651486,26.78472222222222,2,2,0,0,0,0,0,0,0,2,1,646.0,13.0,100.7353034,3,1,PET,LOWER VERTEX,LANG_02,Round-Trip,apple,Direct,Direct,Logged-Out,AREA_B,AREA_C,AREA_B_TO_AREA_C,BU,CA,120_plus,very_high,15_30,Y,O,0,0.5407529,54.47290620948763
71.0,230.502494,,2,2,0,0,0,0,0,1,0,3,1,390.5833333333333,17.0,76.2374,2,1,PET,UPPER APEX,LANG_02,Multi-City,apple,Direct,Direct,Logged-In,AREA_C,AREA_C,AREA_C_TO_AREA_C,CA,CA,61_120,very_high,unknown_or_oneway,Y,W,0,0.71375865,54.41510350848436
18.0,604.1188632000001,,4,3,1,0,0,0,1,0,0,1,0,20.833333333333332,20.0,106.0830572,5,1,PET,UPPER APEX,LANG_09,One-Way,opera,Direct,Paid Search,Logged-Out,AREA_C,AREA_B,AREA_C_TO_AREA_B,CA,BU,15_30,very_high,unknown_or_oneway,Y,Q,0,0.5083371,53.925951585299565
1.0,131.7540743,,1,1,0,0,0,0,0,0,0,1,0,20.583333333333332,12.0,74.7991686,4,1,PET,UPPER APEX,LANG_09,One-Way,apple,Direct,Organic Search,Logged-Out,AREA_D,AREA_C,AREA_D_TO_AREA_C,DA,CA,0_3,very_high,unknown_or_oneway,C,I,0,0.720257,53.87462359903575
1.0,131.7540743,,1,1,0,0,0,0,0,0,0,1,0,20.583333333333332,12.0,74.7991686,4,1,PET,UPPER APEX,LANG_09,One-Way,apple,Direct,Organic Search,Logged-Out,AREA_D,AREA_C,AREA_D_TO_AREA_C,DA,CA,0_3,very_high,unknown_or_oneway,C,I,0,0.720257,53.87462359903575
10.0,117.7405266,53.78125,1,1,0,0,0,0,0,0,0,2,1,1294.0833333333333,7.0,100.7353034,3,1,PET,LOWER VERTEX,LANG_02,Round-Trip,apple,Direct,Direct,Logged-Out,AREA_B,AREA_C,AREA_B_TO_AREA_C,BU,CA,8_14,very_high,30_plus,Y,V,0,0.5333759,53.729785013140095
24.0,198.5731573,31.78125,2,1,0,1,0,1,0,0,0,2,1,766.0833333333334,13.0,100.7353034,3,1,PET,LOWER VERTEX,LANG_02,Round-Trip,google,Organic Search,Organic Search,Logged-Out,AREA_B,AREA_C,AREA_B_TO_AREA_C,BU,CA,15_30,very_high,30_plus,Y,O,0,0.53309053,53.701036463161415
71.0,233.1969293,22.739583333333332,2,2,0,0,0,0,0,0,0,2,1,548.9166666666666,14.0,100.7353034,3,1,PET,LOWER VERTEX,LANG_02,Round-Trip,google,Paid Search,Paid Search,Logged-Out,AREA_B,AREA_C,AREA_B_TO_AREA_C,BU,CA,61_120,very_high,15_30,Y,O,0,0.5326786,53.65954080131874
86.0,212.7734438,,1,1,0,0,0,0,0,0,0,1,0,19.583333333333332,15.0,106.0830572,5,1,PET,UPPER APEX,LANG_09,One-Way,google,Direct,Direct,Logged-Out,AREA_C,AREA_B,AREA_C_TO_AREA_B,CA,BU,61_120,very_high,unknown_or_oneway,Y,E,0,0.5046599,53.535864097134684
6.0,86.7320349,,1,1,0,0,0,0,0,0,0,1,0,16.166666666666668,10.0,94.2362792,3,1,PET,LOWER VERTEX,LANG_02,One-Way,google,MetaSearches,Organic Search,Logged-Out,AREA_B,AREA_C,AREA_B_TO_AREA_C,BU,CA,4_7,high,unknown_or_oneway,Y,L,0,0.56732094,53.462214769126604
9.0,249.1168403,37.22222222222222,2,2,0,0,0,0,0,1,0,2,1,907.9166666666666,10.0,90.2783589,5,1,PET,NORTH MERIDIAN,LANG_02,Round-Trip,google,Paid MetaSearches,Paid MetaSearches,Logged-In,AREA_C,AREA_B,AREA_C_TO_AREA_B,CA,BI,8_14,very_high,30_plus,Y,U,0,0.59134173,53.385361288506104
66.0,125.1295582,17.572916666666668,1,1,0,0,0,0,0,1,0,2,1,428.4166666666667,15.0,87.6635874,1,1,PET,LOWER VERTEX,LANG_02,Round-Trip,apple,Direct,Direct,Logged-In,AREA_B,AREA_C,AREA_B_TO_AREA_C,BO,CA,61_120,very_high,15_30,Y,L,0,0.6086398,53.35554626044389
23.0,565.8472601,,1,1,0,0,0,0,0,0,0,1,0,16.166666666666668,14.0,72.811,3,1,PET,UPPER APEX,LANG_02,One-Way,google,Organic Search,Organic Search,Logged-Out,AREA_B,AREA_C,AREA_B_TO_AREA_C,BO,CA,15_30,very_high,unknown_or_oneway,C,Z,0,0.729837,53.14016183394194
0.0,124.4481329,,2,1,0,0,1,1,0,0,0,1,0,16.166666666666668,23.0,114.3561,3,1,PET,LOWER VERTEX,LANG_02,One-Way,google,Paid Search,Paid Search,Logged-Out,AREA_B,AREA_C,AREA_B_TO_AREA_C,BU,CA,invalid_or_past,very_high,unknown_or_oneway,Y,T,0,0.46461412,53.131459123322365
73.0,73.684732,10.854166666666666,2,2,0,0,0,0,0,0,0,2,1,262.9166666666667,17.0,84.2920098,2,0,PET,NEW AURORA,LANG_04,Round-Trip,apple,Paid Search,Paid Search,Logged-Out,AREA_B,AREA_B,AREA_B_TO_AREA_B,BA,BE,61_120,high,9_14,Y,O,0,0.62911874,53.02968304453122
34.0,90.9289466,32.78125,1,1,0,0,0,0,0,1,1,2,1,790.0833333333334,18.0,100.7353034,3,1,PET,LOWER VERTEX,LANG_09,Round-Trip,apple,Direct,Paid Search,Logged-In,AREA_B,AREA_C,AREA_B_TO_AREA_C,BU,CA,31_60,high,30_plus,Y,O,0,0.5240489,52.79022740052216
14.0,188.0014284,45.09722222222222,2,2,0,0,0,0,0,0,0,2,1,1096.75,22.0,90.2783589,5,1,PET,NORTH MERIDIAN,LANG_02,Round-Trip,google,Paid Search,Paid Search,Logged-Out,AREA_C,AREA_B,AREA_C_TO_AREA_B,CA,BI,8_14,very_high,30_plus,Y,U,0,0.5828959,52.62288300251323
83.0,206.50398839999997,31.739583333333332,2,2,0,0,0,0,0,0,0,2,1,764.9166666666666,19.0,100.7353034,3,1,PET,LOWER VERTEX,LANG_02,Round-Trip,google,Paid Search,Paid Search,Logged-Out,AREA_B,AREA_C,AREA_B_TO_AREA_C,BU,CA,61_120,very_high,30_plus,Y,O,0,0.52106714,52.48985669015589
41.0,71.71540859999999,20.680555555555557,1,1,0,0,0,0,0,0,0,2,1,502.0,15.0,87.6635874,2,1,PET,LOWER VERTEX,LANG_02,Round-Trip,apple,Direct,Email,Logged-Out,AREA_B,AREA_C,AREA_B_TO_AREA_C,BO,CA,31_60,high,15_30,Y,O,0,0.5968519,52.32217741349555
0.0,254.21489520000003,,1,1,0,0,0,0,0,1,0,1,0,20.833333333333332,13.0,106.0830572,5,1,PET,UPPER VERTEX,LANG_11,One-Way,apple,Direct,Direct,Logged-In,AREA_C,AREA_B,AREA_C_TO_AREA_B,CA,BU,invalid_or_past,very_high,unknown_or_oneway,Y,M,0,0.48925352,51.90150924989261
23.0,138.1657253,,1,1,0,0,0,0,0,0,0,1,0,20.833333333333332,19.0,106.0830572,5,1,PET,UPPER APEX,LANG_02,One-Way,apple,MetaSearches,MetaSearches,Logged-Out,AREA_C,AREA_B,AREA_C_TO_AREA_B,CA,BU,15_30,very_high,unknown_or_oneway,Y,T,0,0.48888025,51.861911193474015
48.0,297.38582199999996,,2,2,0,0,0,0,0,0,0,2,1,497.9166666666667,15.0,76.2374,4,1,PET,UPPER APEX,LANG_09,Multi-City,google,Direct,Direct,Logged-Out,AREA_C,AREA_C,AREA_C_TO_AREA_C,CA,CA,31_60,very_high,unknown_or_oneway,Y,V,0,0.67640585,51.567423125612734
21.0,100.2671715,,1,1,0,0,0,0,0,1,0,1,0,20.583333333333332,20.0,71.2879652,3,1,PET,UPPER APEX,LANG_02,One-Way,apple,Direct,Direct,Logged-In,AREA_D,AREA_C,AREA_D_TO_AREA_C,DA,CA,15_30,high,unknown_or_oneway,Y,V,0,0.7203069,51.34921131866627
23.0,100.6787678,,1,1,0,0,0,0,0,0,0,1,0,20.583333333333332,,74.7991686,3,1,PET,LOWER VERTEX,LANG_02,One-Way,apple,Paid Search,Paid Search,Logged-Out,AREA_D,AREA_C,AREA_D_TO_AREA_C,DA,CA,15_30,high,unknown_or_oneway,Y,V,0,0.68647724,51.34792710656179
119.0,102.5581482,20.697916666666668,1,1,0,0,0,0,0,0,0,2,1,502.0,9.0,87.6635874,1,1,PET,UPPER APEX,LANG_02,Round-Trip,apple,Direct,Direct,Logged-Out,AREA_B,AREA_C,AREA_B_TO_AREA_C,BO,CA,61_120,very_high,15_30,Y,O,0,0.58488446,51.273070393703236
42.0,245.3512267,22.22222222222222,2,2,0,0,0,0,0,0,0,2,1,547.9166666666666,13.0,90.2783589,2,1,PET,NORTH MERIDIAN,LANG_02,Round-Trip,google,Direct,Paid Search,Logged-Out,AREA_C,AREA_B,AREA_C_TO_AREA_B,CA,BI,31_60,very_high,15_30,Y,W,0,0.56741196,51.225020494218334
39.0,234.8081939,9.229166666666666,2,2,0,0,0,0,0,0,0,2,1,231.58333333333334,11.0,97.8185804,1,1,PET,NEW VERTEX,LANG_02,Round-Trip,google,Direct,Organic Search,Logged-Out,AREA_C,AREA_C,AREA_C_TO_AREA_C,CE,CA,31_60,very_high,9_14,Y,S,1,0.5214562,51.00810346433957
0.0,114.3312586,39.68055555555556,1,1,0,0,0,0,0,0,0,2,1,958.0,13.0,87.6635874,1,1,PET,LOWER VERTEX,LANG_02,Round-Trip,apple,Paid Search,Organic Search,Logged-Out,AREA_B,AREA_C,AREA_B_TO_AREA_C,BO,CA,invalid_or_past,very_high,30_plus,Y,S,0,0.58062464,50.8996388741768
131.0,159.3323113,41.78472222222222,2,2,0,0,0,0,0,0,0,2,1,1006.0,21.0,100.7353034,3,1,PET,LOWER VERTEX,LANG_02,Round-Trip,apple,Direct,Direct,Logged-Out,AREA_B,AREA_C,AREA_B_TO_AREA_C,BU,CA,120_plus,very_high,30_plus,Y,O,0,0.50481284,50.85247425985358
49.0,172.4798364,,1,1,0,0,0,0,0,1,0,2,1,217.83333333333334,20.0,76.2374,2,1,PET,UPPER APEX,LANG_09,Multi-City,apple,Direct,Direct,Logged-In,AREA_C,AREA_C,AREA_C_TO_AREA_C,CA,CA,31_60,very_high,unknown_or_oneway,Y,W,0,0.66625136,50.79327153731584
103.0,117.9221258,22.24652777777778,1,1,0,0,0,0,0,1,0,2,1,542.8333333333334,12.0,97.8185804,1,1,PET,UPPER APEX,LANG_09,Round-Trip,apple,Direct,Direct,Logged-In,AREA_C,AREA_C,AREA_C_TO_AREA_C,CE,CA,61_120,very_high,15_30,Y,S,0,0.5177208,50.64271551111255
61.0,90.3006305,17.819444444444443,1,1,0,0,0,0,0,0,0,2,1,436.6666666666667,14.0,97.8185804,1,1,PET,UPPER VERTEX,LANG_11,Round-Trip,google,Direct,MetaSearches,Logged-Out,AREA_C,AREA_C,AREA_C_TO_AREA_C,CE,CA,61_120,high,15_30,Y,L,0,0.5163172,50.50541443864381
2.0,135.7158493,8.819444444444445,1,1,0,0,0,0,0,1,0,2,1,221.75,22.0,97.8185804,1,1,PET,UPPER VERTEX,LANG_11,Round-Trip,apple,Paid Search,Paid Search,Logged-In,AREA_C,AREA_C,AREA_C_TO_AREA_C,CE,CA,0_3,very_high,9_14,Y,T,0,0.5155496,50.43033000995248
11.0,758.2700294,,1,1,0,0,0,0,0,0,0,1,0,16.166666666666668,16.0,72.811,3,1,PET,UPPER APEX,LANG_09,One-Way,microsoft,Paid Search,Paid Search,Logged-Out,AREA_B,AREA_C,AREA_B_TO_AREA_C,BO,CA,8_14,very_high,unknown_or_oneway,C,D,0,0.6925198,50.423057990908625
4.0,100.003767,18.78125,1,1,0,0,0,0,0,0,0,2,1,454.0833333333333,8.0,100.7353034,3,1,PET,LOWER VERTEX,LANG_02,Round-Trip,apple,Direct,Direct,Logged-Out,AREA_B,AREA_C,AREA_B_TO_AREA_C,BU,CA,4_7,high,15_30,Y,W,0,0.49898094,50.26499632009491
92.0,144.9320087,13.784722222222221,2,2,0,0,0,0,0,1,0,2,1,334.0,,100.7353034,3,1,PET,LOWER VERTEX,LANG_02,Round-Trip,google,Direct,Paid Search,Logged-In,AREA_B,AREA_C,AREA_B_TO_AREA_C,BU,CA,61_120,very_high,9_14,Y,O,0,0.49829495,50.1958929237489
30.0,97.6455472,44.68055555555556,1,1,0,0,0,0,0,0,0,2,1,1078.0,11.0,87.6635874,2,1,PET,LOWER VERTEX,LANG_02,Round-Trip,google,Paid Search,Paid Search,Logged-Out,AREA_B,AREA_C,AREA_B_TO_AREA_C,BO,CA,15_30,high,30_plus,Y,O,0,0.5722828,50.1683624784153
21.0,172.3534879,,2,2,0,0,0,0,0,0,0,1,0,20.583333333333332,17.0,71.2879652,4,1,PET,LOWER VERTEX,LANG_02,One-Way,google,Direct,Direct,Logged-Out,AREA_D,AREA_C,AREA_D_TO_AREA_C,DA,CA,15_30,very_high,unknown_or_oneway,Y,V,0,0.70306313,50.11993997184148
0.0,140.78906279999998,,1,1,0,0,0,0,0,0,0,1,0,20.833333333333332,19.0,106.0830572,5,1,PET,UPPER APEX,LANG_02,One-Way,apple,Paid Search,Paid Search,Logged-Out,AREA_C,AREA_B,AREA_C_TO_AREA_B,CA,BU,invalid_or_past,very_high,unknown_or_oneway,Y,Q,0,0.4724489,50.118822138295435
230.0,191.11645429999996,29.59027777777778,2,2,0,0,0,0,0,0,0,2,1,713.3333333333334,20.0,100.7353034,3,1,PET,LOWER VERTEX,LANG_02,Round-Trip,apple,Direct,Direct,Logged-Out,AREA_B,AREA_C,AREA_B_TO_AREA_C,BU,CA,120_plus,very_high,15_30,Y,O,0,0.4968217,50.04748483899051
58.0,110.7549536,9.680555555555555,1,1,0,0,0,0,0,0,0,2,1,238.0,7.0,87.6635874,1,1,PET,LOWER VERTEX,LANG_09,Round-Trip,apple,Direct,Direct,Logged-Out,AREA_B,AREA_C,AREA_B_TO_AREA_C,BO,CA,31_60,very_high,9_14,Y,O,0,0.5683245,49.82136502808465
37.0,117.4287242,55.78125,1,1,0,0,0,0,0,0,0,2,1,1341.9166666666667,10.0,100.7353034,3,1,PET,LOWER VERTEX,LANG_02,Round-Trip,google,Organic Search,Organic Search,Logged-Out,AREA_B,AREA_C,AREA_B_TO_AREA_C,BU,CA,31_60,very_high,30_plus,Y,O,0,0.49202478,49.56426542509439
103.0,97.635268,21.697916666666668,1,1,0,0,0,0,0,0,0,2,1,526.0,21.0,87.6635874,1,1,PET,LOWER VERTEX,LANG_02,Round-Trip,apple,Direct,Direct,Logged-Out,AREA_B,AREA_C,AREA_B_TO_AREA_C,BO,CA,61_120,high,15_30,Y,O,0,0.5613999,49.214327189996226
6.0,130.113257,,1,1,0,0,0,0,0,1,0,2,1,-369.6666666666667,16.0,97.8185804,1,1,PET,NEW VERTEX,LANG_09,Round-Trip,apple,Organic Search,Organic Search,Logged-In,AREA_C,AREA_C,AREA_C_TO_AREA_C,CE,CA,4_7,very_high,unknown_or_oneway,Y,L,0,0.5012449,49.031064806122636
153.0,653.8804704,23.697916666666668,4,2,0,2,0,1,0,1,0,2,1,574.0,10.0,87.6635874,1,1,PET,LOWER VERTEX,LANG_02,Round-Trip,google,Direct,Direct,Logged-In,AREA_B,AREA_C,AREA_B_TO_AREA_C,BO,CA,120_plus,very_high,15_30,Y,O,0,0.55899596,49.00359138356509
3.0,235.5825603,27.680555555555557,1,1,0,0,0,0,0,0,0,2,1,670.0,13.0,87.6635874,2,1,PET,LOWER VERTEX,LANG_02,Round-Trip,google,Direct,Paid Search,Logged-Out,AREA_B,AREA_C,AREA_B_TO_AREA_C,BO,CA,0_3,very_high,15_30,Y,K,0,0.55852664,48.96244849745171
2.0,190.4594421,,1,1,0,0,0,0,0,0,0,2,1,429.75,15.0,76.2374,3,1,PET,UPPER APEX,LANG_02,Multi-City,google,Direct,Organic Search,Logged-Out,AREA_C,AREA_C,AREA_C_TO_AREA_C,CA,CA,0_3,very_high,unknown_or_oneway,Y,K,0,0.6413694,48.896335679185384
141.0,145.54790409999998,141.69791666666666,2,2,0,0,0,0,0,0,0,2,1,3406.0,16.0,87.6635874,2,1,PET,LOWER VERTEX,LANG_02,Round-Trip,google,Paid Search,Paid Search,Logged-Out,AREA_B,AREA_C,AREA_B_TO_AREA_C,BO,CA,120_plus,very_high,30_plus,Y,O,0,0.5572443,48.85003447003956
79.0,681.8655924,,4,2,1,1,0,1,1,0,0,2,1,401.8333333333333,11.0,76.2374,2,1,PET,UPPER APEX,LANG_09,Multi-City,google,Paid Search,Paid Search,Logged-Out,AREA_C,AREA_C,AREA_C_TO_AREA_C,CA,CA,61_120,very_high,unknown_or_oneway,Y,W,0,0.6388012,48.70054390695095
12.0,105.8312168,22.680555555555557,1,1,0,0,0,0,0,0,0,2,1,550.0,22.0,87.6635874,1,1,PET,LOWER VERTEX,LANG_02,Round-Trip,google,Direct,Direct,Logged-Out,AREA_B,AREA_C,AREA_B_TO_AREA_C,BO,CA,8_14,very_high,15_30,Y,O,0,0.5554354,48.69146140580678
49.0,144.3906375,131.27777777777777,1,1,0,0,0,0,0,0,0,2,1,3164.0833333333335,8.0,91.3345467,3,1,PET,NORTH MERIDIAN,LANG_02,Round-Trip,apple,Direct,Direct,Logged-Out,AREA_C,AREA_B,AREA_C_TO_AREA_B,CA,BI,31_60,very_high,30_plus,Y,L,0,0.5310426,48.50253294239803
34.0,286.9879829,135.22222222222223,2,2,0,0,0,0,0,0,0,2,1,3259.9166666666665,8.0,82.2224642,5,1,PET,NORTH MERIDIAN,LANG_02,Round-Trip,google,Direct,Email,Logged-Out,AREA_C,AREA_B,AREA_C_TO_AREA_B,CA,BI,31_60,very_high,30_plus,Y,L,0,0.5845827,48.065829006458166
30.0,158.6564539,,1,1,0,0,0,0,0,0,0,4,1,369.0,9.0,76.2374,3,1,PET,UPPER APEX,LANG_02,Multi-City,google,Direct,Direct,Logged-Out,AREA_C,AREA_C,AREA_C_TO_AREA_C,CA,CA,15_30,very_high,unknown_or_oneway,Y,W,0,0.6297243,48.00854515942335
40.0,214.6720977,121.27777777777777,2,2,0,0,0,0,0,0,0,2,1,2924.0833333333335,,82.2224642,4,1,PET,NORTH MERIDIAN,LANG_02,Round-Trip,google,Paid Search,Paid Search,Logged-Out,AREA_C,AREA_B,AREA_C_TO_AREA_B,CA,BI,31_60,very_high,30_plus,Y,L,0,0.5820768,47.859787858755446
104.0,124.6798432,90.69791666666667,1,1,0,0,0,0,0,0,0,2,1,2182.0,21.0,87.6635874,1,1,PET,LOWER VERTEX,LANG_02,Round-Trip,apple,Paid Search,Paid Search,Logged-Out,AREA_B,AREA_C,AREA_B_TO_AREA_C,BO,CA,61_120,very_high,30_plus,Y,O,0,0.5441745,47.704288171777975
29.0,130.2978543,32.236111111111114,1,1,0,0,0,0,0,0,0,2,1,788.0833333333334,15.0,91.3345467,3,1,PET,LOWER VERTEX,LANG_02,Round-Trip,apple,Direct,Direct,Logged-Out,AREA_C,AREA_B,AREA_C_TO_AREA_B,CA,BI,15_30,very_high,30_plus,Y,W,0,0.5217161,47.65070513072519
2.0,204.2678341,20.680555555555557,1,1,0,0,0,0,0,0,0,2,1,502.0,13.0,87.6635874,4,1,PET,LOWER VERTEX,LANG_02,Round-Trip,mozilla,Direct,Direct,Logged-Out,AREA_B,AREA_C,AREA_B_TO_AREA_C,BO,CA,0_3,very_high,15_30,Y,V,0,0.54236925,47.54603384212138
79.0,309.6947357,10.854166666666666,3,1,2,0,0,0,1,0,0,2,1,262.9166666666667,12.0,84.2920098,2,0,PET,NORTH HORIZON,LANG_02,Round-Trip,mozilla,Paid Search,Paid Search,Logged-Out,AREA_B,AREA_B,AREA_B_TO_AREA_B,BA,BE,61_120,very_high,9_14,C,Z,1,0.56291986,47.449645944204
14.0,147.61873459999998,28.35763888888889,1,1,0,0,0,0,0,0,0,2,1,695.0,16.0,91.3345467,5,1,PET,UPPER VERTEX,LANG_11,Round-Trip,apple,Direct,Direct,Logged-Out,AREA_C,AREA_B,AREA_C_TO_AREA_B,CA,BI,8_14,very_high,15_30,Y,S,0,0.519309,47.43085067641767
36.0,154.5533399,175.22222222222223,1,1,0,0,0,0,0,0,0,2,1,4219.916666666667,17.0,91.3345467,3,1,PET,NORTH MERIDIAN,LANG_02,Round-Trip,apple,Direct,Organic Search,Logged-Out,AREA_C,AREA_B,AREA_C_TO_AREA_B,CA,BI,31_60,very_high,30_plus,Y,W,0,0.51872593,47.37759782828009
121.0,122.849289,20.59027777777778,1,1,0,0,0,0,0,1,0,2,1,497.3333333333333,12.0,100.7353034,3,1,PET,LOWER VERTEX,LANG_02,Round-Trip,apple,Direct,Direct,Logged-In,AREA_B,AREA_C,AREA_B_TO_AREA_C,BU,CA,120_plus,very_high,15_30,Y,W,0,0.4680778,47.15196006599632
30.0,105.383215,,1,1,0,0,0,0,0,0,0,1,0,20.583333333333332,13.0,74.7991686,1,1,PET,UPPER APEX,LANG_09,One-Way,mozilla,Direct,Email,Logged-Out,AREA_D,AREA_C,AREA_D_TO_AREA_C,DA,CA,15_30,very_high,unknown_or_oneway,Y,V,0,0.63030386,47.1462046717309
12.0,130.421633,24.20486111111111,1,1,0,0,0,0,0,0,0,2,1,594.4166666666666,1.0,91.3345467,4,1,PET,LOWER VERTEX,LANG_02,Round-Trip,apple,Direct,Direct,Logged-Out,AREA_C,AREA_B,AREA_C_TO_AREA_B,CA,BI,8_14,very_high,15_30,Y,S,0,0.5147659,47.01591180041619
42.0,90.1704273,,1,1,0,0,0,0,0,0,0,1,0,20.583333333333332,23.0,74.9525,4,1,PET,LOWER VERTEX,LANG_02,One-Way,google,Organic Search,Paid Search,Logged-Out,AREA_D,AREA_C,AREA_D_TO_AREA_C,DA,CA,31_60,high,unknown_or_oneway,Y,V,0,0.6244731,46.805819648504254
112.0,303.1515966,,2,2,0,0,0,0,0,0,0,2,1,454.75,20.0,76.2374,2,1,PET,UPPER APEX,LANG_09,Multi-City,apple,Direct,Direct,Logged-Out,AREA_C,AREA_C,AREA_C_TO_AREA_C,CA,CA,61_120,very_high,unknown_or_oneway,Y,L,0,0.61377406,46.79253861355781
48.0,133.3537748,110.23611111111111,1,1,0,0,0,0,0,0,0,2,1,2660.0833333333335,16.0,91.3345467,3,1,PET,NORTH MERIDIAN,LANG_02,Round-Trip,apple,Direct,Paid Search,Logged-Out,AREA_C,AREA_B,AREA_C_TO_AREA_B,CA,BI,31_60,very_high,30_plus,Y,O,0,0.51126236,46.69591564282807
58.0,520.9601352,18.010416666666668,4,2,0,2,0,1,0,0,0,2,1,438.9166666666667,9.0,126.4547184,4,1,PET,UPPER APEX,LANG_02,Round-Trip,apple,Direct,Direct,Logged-Out,AREA_C,AREA_B,AREA_C_TO_AREA_B,CA,BU,31_60,very_high,15_30,Y,L,0,0.36879662,46.63607232339091
34.0,111.1361406,35.076388888888886,1,1,0,0,0,0,0,0,0,2,1,856.25,12.0,90.2783589,2,1,PET,NORTH MERIDIAN,LANG_02,Round-Trip,apple,Direct,Direct,Logged-Out,AREA_C,AREA_B,AREA_C_TO_AREA_B,CA,BI,31_60,very_high,30_plus,Y,W,0,0.5164899,46.62786263685767
8.0,128.794093,,1,1,0,0,0,0,0,0,0,1,0,15.916666666666666,15.0,100.7353034,3,1,PET,LOWER VERTEX,LANG_02,Round-Trip,apple,Paid Search,Organic Search,Logged-Out,AREA_B,AREA_C,AREA_B_TO_AREA_C,BU,CA,8_14,very_high,unknown_or_oneway,Y,W,0,0.46263465,46.60364211850185
72.0,33.5735804,17.854166666666668,1,1,0,0,0,0,0,0,0,2,1,430.9166666666667,19.0,84.2920098,4,0,PET,UPPER APEX,LANG_09,Round-Trip,google,Organic Search,Organic Search,Logged-Out,AREA_B,AREA_B,AREA_B_TO_AREA_B,BA,BE,61_120,low,15_30,Y,S,0,0.55214196,46.541155877194946
27.0,116.0397473,,1,1,0,0,0,0,0,1,0,2,1,242.33333333333334,18.0,76.2374,2,1,PET,UPPER APEX,LANG_09,Multi-City,google,Paid Search,Organic Search,Logged-In,AREA_C,AREA_C,AREA_C_TO_AREA_C,CA,CA,15_30,very_high,unknown_or_oneway,Y,O,0,0.6075826,46.32051989930868
30.0,236.275978,,1,1,0,0,0,0,0,1,0,2,1,426.25,22.0,76.2374,2,1,PET,UPPER APEX,LANG_09,Multi-City,opera,Referrals,Paid Search,Logged-In,AREA_C,AREA_C,AREA_C_TO_AREA_C,CA,CA,15_30,very_high,unknown_or_oneway,Y,Q,0,0.6071685,46.288947470653056
57.0,241.28494649999996,,1,1,0,0,0,0,0,1,0,4,1,341.5833333333333,15.0,76.2374,2,1,PET,UPPER VERTEX,LANG_02,Multi-City,google,Direct,Direct,Logged-In,AREA_C,AREA_C,AREA_C_TO_AREA_C,CA,CA,31_60,very_high,unknown_or_oneway,Y,T,0,0.6064197,46.23185990283489
33.0,180.20636839999997,14.465277777777779,1,1,0,0,0,0,0,1,0,4,1,348.0833333333333,22.0,76.2374,2,0,PET,SOUTH HORIZON,LANG_02,Round-Trip,apple,Direct,Direct,Logged-In,AREA_B,AREA_C,AREA_B_TO_AREA_C,BE,CA,31_60,very_high,15_30,Y,S,0,0.6062077,46.215701072049136
133.0,229.6000659,21.697916666666668,2,2,0,0,0,0,0,1,0,2,1,526.0,9.0,87.6635874,1,1,PET,LOWER VERTEX,LANG_02,Round-Trip,mozilla,Direct,Affiliate,Logged-In,AREA_B,AREA_C,AREA_B_TO_AREA_C,BO,CA,120_plus,very_high,15_30,Y,U,0,0.5268933,46.18935840662016
95.0,357.10026459999995,,2,2,0,0,0,0,0,0,0,2,1,426.9166666666667,18.0,76.2374,2,1,PET,UPPER APEX,LANG_09,Multi-City,google,Direct,MetaSearches,Logged-Out,AREA_C,AREA_C,AREA_C_TO_AREA_C,CA,CA,61_120,very_high,unknown_or_oneway,P,R,0,0.60427904,46.068662982463835
208.0,72.4764977,28.78472222222222,1,1,0,0,0,0,0,0,0,2,1,694.0,21.0,100.7353034,3,1,PET,LOWER VERTEX,LANG_02,Round-Trip,apple,Direct,Direct,Logged-Out,AREA_B,AREA_C,AREA_B_TO_AREA_C,BU,CA,120_plus,high,15_30,Y,O,0,0.45636052,45.97161533443097
186.0,481.4443206,16.979166666666668,2,2,0,0,0,0,0,0,0,3,1,410.6666666666667,14.0,100.7353034,3,1,PET,LOWER VERTEX,LANG_09,Round-Trip,apple,Internal,Internal,Logged-Out,AREA_B,AREA_C,AREA_B_TO_AREA_C,BU,CA,120_plus,very_high,15_30,Y,U,0,0.45537013,45.87184801896609
12.0,142.08210050000002,242.34375,1,1,0,0,0,0,0,0,0,2,1,5830.833333333333,21.0,91.3345467,3,1,PET,NORTH MERIDIAN,LANG_02,Round-Trip,google,Organic Search,Paid Search,Logged-Out,AREA_C,AREA_B,AREA_C_TO_AREA_B,CA,BI,8_14,very_high,30_plus,Y,W,0,0.50123316,45.77990350488841
1.0,188.2845347,12.78125,1,1,0,0,0,0,0,0,0,2,1,310.0833333333333,22.0,100.7353034,3,1,PET,LOWER VERTEX,LANG_02,Round-Trip,apple,Direct,Organic Search,Logged-Out,AREA_B,AREA_C,AREA_B_TO_AREA_C,BU,CA,0_3,very_high,9_14,Y,W,0,0.4537473,45.70837216349519
51.0,212.6440972,14.461805555555555,2,2,0,0,0,0,0,1,0,4,1,348.0,22.0,76.2374,2,0,PET,UPPER APEX,LANG_09,Round-Trip,google,Paid Search,Referrals,Logged-In,AREA_B,AREA_C,AREA_B_TO_AREA_C,BE,CA,31_60,very_high,15_30,Y,U,0,0.5986032,45.63595076042413
6.0,95.7006369,,1,1,0,0,0,0,0,0,0,1,0,20.583333333333332,14.0,74.7991686,4,1,PET,LOWER VERTEX,LANG_02,One-Way,samsung,Paid Search,Paid Search,Logged-Out,AREA_D,AREA_C,AREA_D_TO_AREA_C,DA,CA,4_7,high,unknown_or_oneway,Y,S,0,0.60812414,45.48717984756339
0.0,114.9141749,,1,1,0,0,0,0,0,0,0,1,0,16.166666666666668,13.0,100.6359378,2,1,PET,LOWER VERTEX,LANG_02,One-Way,apple,MetaSearches,MetaSearches,Logged-Out,AREA_B,AREA_C,AREA_B_TO_AREA_C,BU,CA,invalid_or_past,very_high,unknown_or_oneway,Y,T,0,0.45191085,45.4784725324909
259.0,138.21026849999998,,1,1,0,0,0,0,0,1,0,1,0,19.583333333333332,16.0,106.0830572,5,1,PET,UPPER APEX,LANG_09,One-Way,apple,Direct,Direct,Logged-In,AREA_C,AREA_B,AREA_C_TO_AREA_B,CA,BU,120_plus,very_high,unknown_or_oneway,Y,T,0,0.4286803,45.475716861006404
43.0,279.46660660000003,13.65625,2,2,0,0,0,0,0,0,0,2,1,333.6666666666667,23.0,76.2374,1,0,PET,UPPER APEX,LANG_09,Round-Trip,apple,Paid Search,Paid Search,Logged-Out,AREA_B,AREA_C,AREA_B_TO_AREA_C,BE,CA,31_60,very_high,9_14,Y,W,0,0.5964281,45.47012734843492
0.0,99.9853501,126.78125,1,1,0,0,0,0,0,0,0,2,1,3045.9166666666665,16.0,100.7353034,2,1,PET,UPPER VERTEX,LANG_10,Round-Trip,google,Email,Email,Logged-Out,AREA_B,AREA_C,AREA_B_TO_AREA_C,BU,CA,invalid_or_past,high,30_plus,Y,W,0,0.45126727,45.458545582978665
31.0,30.1514634,,1,1,0,0,0,0,0,0,0,2,1,6.666666666666667,17.0,61.7068942,5,0,PET,NEW MERIDIAN,LANG_10,One-Way,microsoft,Direct,Direct,Logged-Out,AREA_C,AREA_C,AREA_C_TO_AREA_C,CE,CI,31_60,low,unknown_or_oneway,Y,V,0,0.7353845,45.378295010674655
86.0,198.8142902,,1,1,0,0,0,0,0,0,1,2,1,449.8333333333333,14.0,76.2374,1,1,PET,UPPER APEX,LANG_09,Multi-City,google,Email,Affiliate,Logged-Out,AREA_C,AREA_C,AREA_C_TO_AREA_C,CA,CA,61_120,very_high,unknown_or_oneway,Y,W,0,0.59314704,45.219988102579116
162.0,326.47510139999997,41.642361111111114,2,1,0,1,0,1,0,1,0,2,1,1005.3333333333334,2.0,76.2374,2,0,PET,UPPER APEX,LANG_02,Round-Trip,samsung,Direct,Direct,Logged-In,AREA_B,AREA_C,AREA_B_TO_AREA_C,BE,CA,120_plus,very_high,30_plus,Y,V,0,0.5929662,45.20620129363537
69.0,300.5004196,18.010416666666668,2,2,0,0,0,0,0,0,0,2,1,438.9166666666667,17.0,126.4547184,3,1,PET,UPPER APEX,LANG_09,Round-Trip,apple,Paid Search,Paid Search,Logged-Out,AREA_C,AREA_B,AREA_C_TO_AREA_B,CA,BU,61_120,very_high,15_30,Y,L,0,0.35695723,45.13892562007442
13.0,126.5318124,8.222222222222221,1,1,0,0,0,0,0,0,0,2,1,211.83333333333334,11.0,91.3345467,4,1,PET,NEW MERIDIAN,LANG_02,Round-Trip,apple,Organic Search,Organic Search,Logged-Out,AREA_C,AREA_B,AREA_C_TO_AREA_B,CA,BI,8_14,very_high,9_14,Y,S,0,0.49398404,45.117808699072356
14.0,131.1330393,80.95833333333333,1,1,0,0,0,0,0,0,0,2,1,1957.5,21.0,90.2783589,2,1,PET,NORTH MERIDIAN,LANG_02,Round-Trip,google,Paid Search,Paid Search,Logged-Out,AREA_C,AREA_B,AREA_C_TO_AREA_B,CA,BI,8_14,very_high,30_plus,Y,L,0,0.49773684,44.93486520929084
2.0,394.1794805,,1,1,0,0,0,0,0,0,0,2,1,257.9166666666667,18.0,76.2374,3,1,PET,UPPER MERIDIAN,LANG_02,Multi-City,google,Direct,Direct,Logged-Out,AREA_C,AREA_C,AREA_C_TO_AREA_C,CA,CA,0_3,very_high,unknown_or_oneway,Y,Y,0,0.58854985,44.869510515165324
4.0,153.39692989999998,,1,1,0,0,0,0,0,0,0,1,0,20.833333333333332,19.0,76.2374,5,1,PET,SOUTH ZENITH,LANG_07,One-Way,google,Paid Search,Paid Search,Logged-Out,AREA_C,AREA_B,AREA_C_TO_AREA_B,CA,BU,4_7,very_high,unknown_or_oneway,Y,T,0,0.5881467,44.83877420148849
59.0,131.5107999,193.09722222222223,1,1,0,0,0,0,0,0,0,2,1,4648.75,14.0,91.3345467,3,1,PET,UPPER APEX,LANG_02,Round-Trip,apple,Direct,Direct,Logged-Out,AREA_C,AREA_B,AREA_C_TO_AREA_B,CA,BI,31_60,very_high,30_plus,Y,L,0,0.4897669,44.73263741391286
10.0,106.107042,21.27777777777778,1,1,0,0,0,0,0,0,0,2,1,524.0833333333334,13.0,90.2783589,5,1,PET,UPPER APEX,LANG_09,Round-Trip,apple,Direct,Paid Search,Logged-Out,AREA_C,AREA_B,AREA_C_TO_AREA_B,CA,BI,8_14,very_high,15_30,Y,U,0,0.49492002,44.680566771214124
46.0,279.6807566,17.00347222222222,2,2,0,0,0,0,0,0,0,3,1,409.0833333333333,15.0,76.2374,2,0,PET,UPPER APEX,LANG_09,Round-Trip,google,Direct,Direct,Logged-Out,AREA_B,AREA_C,AREA_B_TO_AREA_C,BE,CA,31_60,very_high,15_30,Y,W,0,0.58412105,44.531870019137855
3.0,169.5789605,40.39930555555556,1,1,0,0,0,0,0,1,0,2,1,983.0,,91.3345467,3,1,PET,UPPER VERTEX,LANG_11,Round-Trip,google,Paid Search,Organic Search,Logged-In,AREA_C,AREA_B,AREA_C_TO_AREA_B,CA,BI,0_3,very_high,30_plus,Y,Q,0,0.48667073,44.449850744877224
108.0,354.7274826,,2,2,0,0,0,0,0,0,0,2,1,470.75,15.0,76.2374,2,1,PET,UPPER APEX,LANG_09,Multi-City,google,Organic Search,Paid Search,Logged-Out,AREA_C,AREA_C,AREA_C_TO_AREA_C,CA,CA,61_120,very_high,unknown_or_oneway,Y,L,0,0.58186513,44.35988480328321
46.0,107.7007463,129.27777777777777,1,1,0,0,0,0,0,0,0,2,1,3116.0833333333335,9.0,91.3345467,4,1,PET,NORTH MERIDIAN,LANG_02,Round-Trip,google,Direct,Direct,Logged-Out,AREA_C,AREA_B,AREA_C_TO_AREA_B,CA,BI,31_60,very_high,30_plus,Y,L,0,0.4848902,44.28722595383348
25.0,118.4018218,335.21875,1,1,0,0,0,0,0,0,0,2,1,8059.666666666667,21.0,91.3345467,4,1,PET,UPPER VERTEX,LANG_11,Round-Trip,google,Direct,MetaSearches,Logged-Out,AREA_C,AREA_B,AREA_C_TO_AREA_B,CA,BI,15_30,very_high,30_plus,Y,W,0,0.48464802,44.265107131304035
67.0,176.0946884,41.010416666666664,1,1,0,0,0,0,0,1,1,2,1,990.9166666666666,21.0,126.4547184,3,1,PET,UPPER APEX,LANG_09,Round-Trip,apple,Direct,Direct,Logged-In,AREA_C,AREA_B,AREA_C_TO_AREA_B,CA,BU,61_120,very_high,30_plus,Y,O,0,0.3494784,44.19319187399154
19.0,140.29351970000002,48.357638888888886,1,1,0,0,0,0,0,0,0,2,1,1175.0,10.0,91.3345467,3,1,PET,UPPER APEX,LANG_09,Round-Trip,mozilla,Paid Search,Email,Logged-Out,AREA_C,AREA_B,AREA_C_TO_AREA_B,CA,BI,15_30,very_high,30_plus,Y,V,0,0.48303288,44.11758933817297
0.0,100.0204707,65.78125,1,1,0,0,0,0,0,0,0,2,1,1582.0833333333333,22.0,100.7353034,2,1,PET,LOWER VERTEX,LANG_02,Round-Trip,apple,Paid Search,Paid Search,Logged-Out,AREA_B,AREA_C,AREA_B_TO_AREA_C,BU,CA,invalid_or_past,high,30_plus,Y,W,0,0.4374875,44.07043733833114
40.0,662.2348902,,2,1,1,0,0,0,1,1,0,1,0,20.833333333333332,22.0,76.2374,5,1,PET,UPPER APEX,LANG_09,One-Way,apple,Direct,MetaSearches,Logged-In,AREA_C,AREA_B,AREA_C_TO_AREA_B,CA,BU,31_60,very_high,unknown_or_oneway,Y,Y,0,0.57779783,44.0498042928338
91.0,374.29993600000006,,2,1,1,0,0,0,1,0,0,2,1,257.8333333333333,18.0,76.2374,2,1,PET,UPPER APEX,LANG_09,Multi-City,google,Direct,Direct,Logged-Out,AREA_C,AREA_C,AREA_C_TO_AREA_C,CA,CA,61_120,very_high,unknown_or_oneway,Y,W,0,0.57742196,44.02114917839765
65.0,74.56831489999999,5.746527777777778,1,1,0,0,0,0,0,0,0,2,1,144.58333333333334,14.0,87.6635874,5,1,PET,LOWER VERTEX,LANG_02,Round-Trip,apple,Direct,Direct,Logged-Out,AREA_B,AREA_C,AREA_B_TO_AREA_C,BO,CA,61_120,high,6_8,Y,O,0,0.5018016,43.9897292950804
97.0,331.9149397,22.069444444444443,2,2,0,0,0,0,0,0,0,3,1,531.3333333333334,12.0,91.3345467,4,1,PET,GREAT ZENITH,LANG_02,Round-Trip,apple,Email,Email,Logged-Out,AREA_C,AREA_B,AREA_C_TO_AREA_B,CA,BI,61_120,very_high,15_30,Y,L,0,0.48106736,43.93806920730148
26.0,226.8542346,8.319444444444445,2,2,0,0,0,0,0,0,0,4,1,200.66666666666666,10.0,76.2374,2,0,PET,UPPER APEX,LANG_09,Round-Trip,google,Paid Search,Organic Search,Logged-Out,AREA_B,AREA_C,AREA_B_TO_AREA_C,BE,CA,15_30,very_high,9_14,Y,L,0,0.5757208,43.8914559305191
6.0,129.8438563,29.34375,1,1,0,0,0,0,0,1,0,2,1,718.9166666666666,11.0,91.3345467,4,1,PET,LOWER VERTEX,LANG_02,Round-Trip,google,Direct,Direct,Logged-In,AREA_C,AREA_B,AREA_C_TO_AREA_B,CA,BI,4_7,very_high,15_30,Y,S,0,0.480253,43.863691059920605
95.0,72.2679156,9.784722222222221,1,1,0,0,0,0,0,1,0,2,1,238.0,17.0,100.7353034,3,1,PET,UPPER MERIDIAN,LANG_01,Round-Trip,apple,Direct,Direct,Logged-In,AREA_B,AREA_C,AREA_B_TO_AREA_C,BU,CA,61_120,high,9_14,Y,O,0,0.4351344,43.83339689757643
41.0,57.2842684,9.208333333333334,2,2,0,0,0,0,0,0,0,4,1,223.25,22.0,58.42012,4,0,PET,UPPER APEX,LANG_02,Round-Trip,google,Direct,Email,Logged-Out,AREA_C,AREA_C,AREA_C_TO_AREA_C,CE,CI,31_60,high,9_14,Y,O,0,0.74588895,43.57492187457085
27.0,97.2086812,8.680555555555555,1,1,0,0,0,0,0,0,0,2,1,214.0,21.0,87.6635874,1,1,PET,LOWER VERTEX,LANG_02,Round-Trip,google,Paid Search,Paid Search,Logged-Out,AREA_B,AREA_C,AREA_B_TO_AREA_C,BO,CA,15_30,high,9_14,Y,O,0,0.49595872,43.47752021856535
2.0,437.3594016,6.524305555555555,3,3,0,0,0,0,0,1,0,2,1,166.66666666666666,10.0,97.8185804,5,1,PET,NEW VERTEX,LANG_10,Round-Trip,google,Paid Search,Paid Search,Logged-In,AREA_C,AREA_C,AREA_C_TO_AREA_C,CE,CA,0_3,very_high,6_8,Y,S,0,0.4442591,43.45679518755391
92.0,155.0099077,23.46875,1,1,0,0,0,0,0,0,0,4,1,564.1666666666666,8.0,76.2374,2,0,PET,UPPER APEX,LANG_09,Round-Trip,apple,Paid Search,Paid Search,Logged-Out,AREA_B,AREA_C,AREA_B_TO_AREA_C,BE,CA,61_120,very_high,15_30,Y,L,0,0.5697071,43.43298773185014
63.0,181.0676797,42.329861111111114,2,2,0,0,0,0,0,1,0,2,1,1030.3333333333333,20.0,82.2224642,4,1,PET,NORTH MERIDIAN,LANG_02,Round-Trip,samsung,Direct,Direct,Logged-In,AREA_C,AREA_B,AREA_C_TO_AREA_B,CA,BI,61_120,very_high,30_plus,Y,U,0,0.5279301,43.40771217613503
131.0,282.883584,26.354166666666668,2,2,0,0,0,0,0,0,0,2,1,646.9166666666666,8.0,90.2783589,2,1,PET,UPPER APEX,LANG_02,Round-Trip,microsoft,Paid Search,Paid Search,Logged-Out,AREA_C,AREA_B,AREA_C_TO_AREA_B,CA,BI,120_plus,very_high,15_30,Y,O,0,0.48052,43.38055792091568
70.0,241.2074242,67.23611111111111,2,2,0,0,0,0,0,0,0,2,1,1628.0833333333333,13.0,82.2224642,3,1,PET,UPPER VERTEX,LANG_11,Round-Trip,google,Paid Search,Paid Search,Logged-Out,AREA_C,AREA_B,AREA_C_TO_AREA_B,CA,BI,61_120,very_high,30_plus,Y,L,0,0.52677584,43.312807394600775
132.0,225.9179708,,2,2,0,0,0,0,0,1,0,2,1,425.8333333333333,23.0,76.2374,2,1,PET,UPPER APEX,LANG_09,Multi-City,apple,Direct,Organic Search,Logged-In,AREA_C,AREA_C,AREA_C_TO_AREA_C,CA,CA,120_plus,very_high,unknown_or_oneway,Y,O,0,0.5677417,43.28315047472715
62.0,197.2351481,22.32638888888889,1,1,0,0,0,0,0,1,0,4,1,536.75,7.0,76.2374,2,0,PET,EAST ZENITH,LANG_08,Round-Trip,microsoft,Paid Search,Paid Search,Logged-In,AREA_B,AREA_C,AREA_B_TO_AREA_C,BE,CA,61_120,very_high,15_30,Y,W,0,0.567401,43.257176381146905
2.0,230.73848730000003,,1,1,0,0,0,0,0,1,0,2,1,-1995.4166666666667,8.0,126.4547184,3,1,PET,SOUTH ZENITH,LANG_07,Round-Trip,google,Direct,Paid Search,Logged-In,AREA_C,AREA_B,AREA_C_TO_AREA_B,CA,BU,0_3,very_high,unknown_or_oneway,Y,L,0,0.34184194,43.227525768284224
160.0,219.5996892,35.22222222222222,2,2,0,0,0,0,0,1,0,2,1,859.9166666666666,14.0,90.2783589,2,1,PET,UPPER VERTEX,LANG_10,Round-Trip,opera,Organic Search,Organic Search,Logged-In,AREA_C,AREA_B,AREA_C_TO_AREA_B,CA,BI,120_plus,very_high,30_plus,Y,L,0,0.4786057,43.207736038382166
27.0,255.7310772,26.010416666666668,1,1,0,0,0,0,0,0,0,2,1,630.9166666666666,4.0,126.4547184,3,1,PET,SOUTH ZENITH,LANG_07,Round-Trip,google,Paid Search,Paid Search,Logged-Out,AREA_C,AREA_B,AREA_C_TO_AREA_B,CA,BU,15_30,very_high,15_30,Y,K,0,0.3414481,43.177723134055285
36.0,268.9865339,6.684027777777778,3,2,0,1,0,1,0,0,0,2,1,165.75,13.0,76.2374,5,0,PET,UPPER APEX,LANG_09,Round-Trip,apple,Direct,Direct,Logged-Out,AREA_B,AREA_C,AREA_B_TO_AREA_C,BE,CA,31_60,very_high,6_8,Y,O,0,0.56591856,43.1441599918127
101.0,213.4835652,18.97222222222222,2,2,0,0,0,0,0,0,0,3,1,461.25,14.0,76.2374,4,0,PET,UPPER APEX,LANG_09,Round-Trip,apple,Direct,Direct,Logged-Out,AREA_B,AREA_C,AREA_B_TO_AREA_C,BE,CA,61_120,very_high,15_30,Y,U,0,0.5657103,43.128282895421975
55.0,223.8599893,14.78125,1,1,0,0,0,0,0,1,1,2,1,359.0833333333333,13.0,100.7353034,3,1,PET,LOWER VERTEX,LANG_02,Round-Trip,google,Direct,MetaSearches,Logged-In,AREA_B,AREA_C,AREA_B_TO_AREA_C,BU,CA,31_60,very_high,15_30,P,R,0,0.42788157,43.10277963926787
117.0,294.1924172,6.46875,2,2,0,0,0,0,0,1,0,4,1,156.16666666666666,20.0,76.2374,5,0,PET,UPPER APEX,LANG_09,Round-Trip,apple,Direct,Direct,Logged-In,AREA_B,AREA_C,AREA_B_TO_AREA_C,BE,CA,61_120,very_high,6_8,Y,L,0,0.565063,43.07893393526077
82.0,154.6616998,,1,1,0,0,0,0,0,1,0,2,1,193.83333333333334,21.0,76.2374,2,1,PET,UPPER APEX,LANG_09,Multi-City,google,Paid Search,Organic Search,Logged-In,AREA_C,AREA_C,AREA_C_TO_AREA_C,CA,CA,61_120,very_high,unknown_or_oneway,Y,L,0,0.5645464,43.039550193297856
72.0,368.7937112,11.010416666666666,2,2,0,0,0,0,0,1,0,2,1,270.9166666666667,17.0,126.4547184,3,1,PET,UPPER APEX,LANG_09,Round-Trip,apple,Direct,Organic Search,Logged-In,AREA_C,AREA_B,AREA_C_TO_AREA_B,CA,BU,61_120,very_high,9_14,Y,V,0,0.34031147,43.033990809661965
4.0,220.5783547,,1,1,0,0,0,0,0,1,0,1,0,0.8333333333333334,13.0,75.5915236,5,0,PET,NORTH MERIDIAN,LANG_02,Round-Trip,apple,Direct,Direct,Logged-In,AREA_C,AREA_B,AREA_C_TO_AREA_B,CI,BI,4_7,very_high,unknown_or_oneway,Y,V,1,0.5691512,43.02300808313744
58.0,249.039318,15.097222222222221,2,2,0,0,0,0,0,0,0,2,1,376.75,7.0,90.2783589,2,1,PET,UPPER APEX,LANG_09,Round-Trip,opera,Direct,Direct,Logged-Out,AREA_C,AREA_B,AREA_C_TO_AREA_B,CA,BI,31_60,very_high,15_30,Y,L,0,0.47590587,42.96400052197975
82.0,154.6616998,,1,1,0,0,0,0,0,1,0,2,1,193.83333333333334,21.0,76.2374,2,1,PET,UPPER APEX,LANG_09,Multi-City,google,Direct,Direct,Logged-In,AREA_C,AREA_C,AREA_C_TO_AREA_C,CA,CA,61_120,very_high,unknown_or_oneway,Y,L,0,0.56302494,42.92355741640329
24.0,27.7487004,,1,1,0,0,0,0,0,1,1,1,0,2.3333333333333335,19.0,76.6579906,2,0,PET,UPPER APEX,LANG_09,Round-Trip,apple,Direct,Direct,Logged-In,AREA_B,AREA_B,AREA_B_TO_AREA_B,BA,BE,15_30,low,unknown_or_oneway,Y,O,0,0.5596334,42.90036993995631
63.0,142.1921736,13.010416666666666,1,1,0,0,0,0,0,1,1,2,1,318.9166666666667,19.0,126.4547184,4,1,PET,UPPER APEX,LANG_02,Round-Trip,apple,Direct,Direct,Logged-In,AREA_C,AREA_B,AREA_C_TO_AREA_B,CA,BU,61_120,very_high,9_14,Y,L,0,0.33912978,42.88456029510942
90.0,329.46206559999996,,2,2,0,0,0,0,0,1,0,2,1,-171.41666666666666,12.0,126.4547184,4,1,PET,UPPER APEX,LANG_02,Round-Trip,google,Email,Email,Logged-In,AREA_C,AREA_B,AREA_C_TO_AREA_B,CA,BU,61_120,very_high,unknown_or_oneway,Y,S,0,0.33912933,42.88450376544514
26.0,152.1874107,,1,1,0,0,0,0,0,0,0,1,0,3.3333333333333335,20.0,91.3345467,4,1,PET,NORTH MERIDIAN,LANG_02,Round-Trip,google,Paid Search,Paid Search,Logged-Out,AREA_C,AREA_B,AREA_C_TO_AREA_B,CA,BI,15_30,very_high,unknown_or_oneway,Y,W,0,0.46913466,42.84820138221219
102.0,255.5888816,14.989583333333334,2,2,0,0,0,0,0,1,0,3,1,360.75,22.0,76.2374,2,0,PET,UPPER APEX,LANG_09,Round-Trip,apple,Direct,Direct,Logged-In,AREA_B,AREA_C,AREA_B_TO_AREA_C,BE,CA,61_120,very_high,15_30,Y,L,0,0.5612884,42.7911695153594
51.0,248.3681719,53.236111111111114,2,2,0,0,0,0,0,0,0,2,1,1292.0833333333333,11.0,82.2224642,3,1,PET,NORTH MERIDIAN,LANG_02,Round-Trip,google,MetaSearches,MetaSearches,Logged-Out,AREA_C,AREA_B,AREA_C_TO_AREA_B,CA,BI,31_60,very_high,30_plus,Y,L,0,0.52015877,42.76873565554543
16.0,105.0521391,132.73958333333334,1,1,0,0,0,0,0,0,0,2,1,3190.0833333333335,1.0,80.9649754,4,1,PET,LOWER VERTEX,LANG_02,Round-Trip,apple,Direct,Direct,Logged-Out,AREA_B,AREA_C,AREA_B_TO_AREA_C,BU,CA,15_30,very_high,30_plus,Y,U,0,0.528162,42.76262354476662
34.0,140.17830700000002,17.319444444444443,1,1,0,0,0,0,0,1,0,4,1,416.6666666666667,20.0,76.2374,2,0,PET,UPPER APEX,LANG_09,Round-Trip,google,Organic Search,Email,Logged-In,AREA_B,AREA_C,AREA_B_TO_AREA_C,BE,CA,31_60,very_high,15_30,Y,W,0,0.5606709,42.74409260677099
59.0,300.7162828,26.010416666666668,2,2,0,0,0,0,0,1,1,2,1,630.9166666666666,12.0,126.4547184,3,1,PET,UPPER APEX,LANG_09,Round-Trip,google,Direct,Direct,Logged-In,AREA_C,AREA_B,AREA_C_TO_AREA_B,CA,BU,31_60,very_high,15_30,Y,L,0,0.33724445,42.64615208898325
42.0,329.27832490000003,16.84722222222222,2,2,0,0,0,0,0,0,0,2,1,410.25,21.0,71.9544,2,1,PET,EAST ZENITH,LANG_08,Round-Trip,apple,Direct,Direct,Logged-Out,AREA_C,AREA_C,AREA_C_TO_AREA_C,CA,CA,31_60,very_high,15_30,Y,S,0,0.5926657,42.64490285110474
80.0,222.0598444,11.833333333333334,2,2,0,0,0,0,0,0,0,3,1,289.9166666666667,9.0,76.2374,2,0,PET,UPPER APEX,LANG_09,Round-Trip,apple,Direct,Direct,Logged-Out,AREA_B,AREA_C,AREA_B_TO_AREA_C,BE,CA,61_120,very_high,9_14,Y,O,0,0.5583558,42.56759509649277
155.0,521.2869281,20.697916666666668,3,2,0,1,0,1,0,1,0,2,1,502.0,11.0,87.6635874,1,1,PET,LOWER VERTEX,LANG_02,Round-Trip,microsoft,Organic Search,Organic Search,Logged-In,AREA_B,AREA_C,AREA_B_TO_AREA_C,BO,CA,120_plus,very_high,15_30,Y,U,0,0.4855061,42.56120533843337
20.0,159.15670830000002,149.22222222222223,1,1,0,0,0,0,0,0,0,2,1,3595.9166666666665,12.0,82.2224642,4,1,PET,NEW AURORA,LANG_02,Round-Trip,google,Direct,Organic Search,Logged-Out,AREA_C,AREA_B,AREA_C_TO_AREA_B,CA,BI,15_30,very_high,30_plus,Y,Q,0,0.5174869,42.54904566629492
2.0,216.0323785,342.68402777777777,1,1,0,0,0,0,0,1,1,2,1,8229.75,14.0,76.2374,2,0,PET,UPPER APEX,LANG_02,Round-Trip,google,Direct,Direct,Logged-In,AREA_B,AREA_C,AREA_B_TO_AREA_C,BE,CA,0_3,very_high,30_plus,Y,K,0,0.5577751,42.52332189954519
219.0,384.94790230000007,18.78472222222222,4,2,0,2,0,1,0,1,0,2,1,454.0,13.0,100.7353034,3,1,PET,LOWER VERTEX,LANG_02,Round-Trip,google,Direct,Direct,Logged-In,AREA_B,AREA_C,AREA_B_TO_AREA_C,BU,CA,120_plus,very_high,15_30,Y,O,0,0.42203683,42.51400777458848
58.0,706.5048348,30.01388888888889,4,4,0,0,0,0,0,1,1,2,1,726.25,12.0,71.9544,2,1,PET,UPPER APEX,LANG_09,Round-Trip,apple,Direct,Direct,Logged-In,AREA_C,AREA_C,AREA_C_TO_AREA_C,CA,CA,31_60,very_high,30_plus,Y,W,0,0.5905722,42.49426675086022
73.0,437.6018194,7.045138888888889,2,2,0,0,0,0,0,0,0,4,1,170.08333333333334,10.0,76.2374,5,0,PET,UPPER APEX,LANG_09,Round-Trip,google,Direct,Email,Logged-Out,AREA_B,AREA_C,AREA_B_TO_AREA_C,BE,CA,61_120,very_high,6_8,Y,W,0,0.55663323,42.436270515584944
166.0,109.9900098,25.21875,1,1,0,0,0,0,0,1,0,2,1,619.6666666666666,13.0,90.2783589,2,1,PET,NORTH MERIDIAN,LANG_02,Round-Trip,apple,Direct,Direct,Logged-In,AREA_C,AREA_B,AREA_C_TO_AREA_B,CA,BI,120_plus,very_high,15_30,Y,L,0,0.46889445,42.331021610930094
24.0,96.7645341,77.42361111111111,1,1,0,0,0,0,0,0,0,2,1,1872.5833333333333,14.0,82.2224642,5,1,PET,NORTH MERIDIAN,LANG_02,Round-Trip,apple,Paid Search,Paid Search,Logged-Out,AREA_C,AREA_B,AREA_C_TO_AREA_B,CA,BI,15_30,high,30_plus,Y,L,0,0.51457274,42.30943866015027
72.0,197.0642564,27.64236111111111,1,1,0,0,0,0,0,0,0,2,1,669.3333333333334,11.0,76.2374,2,0,PET,UPPER APEX,LANG_09,Round-Trip,google,Direct,Organic Search,Logged-Out,AREA_B,AREA_C,AREA_B_TO_AREA_C,BE,CA,61_120,very_high,15_30,Y,V,0,0.55369985,42.21263702337742
24.0,105.3181134,6.680555555555555,1,1,0,0,0,0,0,1,0,2,1,166.0,20.0,87.6635874,5,1,PET,LOWER VERTEX,LANG_02,Round-Trip,google,Direct,Direct,Logged-In,AREA_B,AREA_C,AREA_B_TO_AREA_C,BO,CA,15_30,very_high,6_8,C,I,0,0.48134747,42.196646135470374
164.0,293.3820736,27.64236111111111,2,2,0,0,0,0,0,1,1,2,1,669.3333333333334,17.0,76.2374,2,0,PET,UPPER APEX,LANG_02,Round-Trip,microsoft,Paid Search,Email,Logged-In,AREA_B,AREA_C,AREA_B_TO_AREA_C,BE,CA,120_plus,very_high,15_30,Y,L,0,0.5529265,42.15367728506326
99.0,137.2748613,34.642361111111114,2,1,0,0,1,1,0,1,0,2,1,837.3333333333334,19.0,76.2374,2,0,PET,UPPER APEX,LANG_09,Round-Trip,google,Affiliate,Affiliate,Logged-In,AREA_B,AREA_C,AREA_B_TO_AREA_C,BE,CA,61_120,very_high,30_plus,Y,O,0,0.5527373,42.13925430167913
90.0,254.423049,,2,2,0,0,0,0,0,0,0,1,0,19.583333333333332,11.0,76.2374,5,1,PET,UPPER APEX,LANG_09,One-Way,apple,Paid MetaSearches,Paid Search,Logged-Out,AREA_C,AREA_B,AREA_C_TO_AREA_B,CA,BU,61_120,very_high,unknown_or_oneway,Y,T,0,0.55242205,42.115220540142055
231.0,174.6234779,20.854166666666668,2,2,0,0,0,0,0,0,0,2,1,503.6666666666667,12.0,100.7353034,3,1,PET,LOWER VERTEX,LANG_02,Round-Trip,google,Paid Search,Paid Search,Logged-Out,AREA_B,AREA_C,AREA_B_TO_AREA_C,BU,CA,120_plus,very_high,15_30,Y,O,0,0.4177315,42.08030875876028
29.0,413.4791067999999,6.684027777777778,2,2,0,0,0,0,0,1,0,2,1,165.75,10.0,76.2374,5,0,PET,UPPER APEX,LANG_02,Round-Trip,samsung,Direct,Direct,Logged-In,AREA_B,AREA_C,AREA_B_TO_AREA_C,BE,CA,15_30,very_high,6_8,Y,O,0,0.5515437,42.04825863618851
1.0,64.0634008,,4,4,0,0,0,0,0,1,0,1,0,3.0833333333333335,14.0,51.396,5,1,PET,UPPER APEX,LANG_09,One-Way,apple,Organic Search,Organic Search,Logged-In,AREA_C,AREA_C,AREA_C_TO_AREA_C,CA,CI,0_3,high,unknown_or_oneway,C,I,0,0.81739926,42.01105254077911
35.0,167.242584,90.01041666666667,1,1,0,0,0,0,0,0,0,2,1,2166.9166666666665,13.0,126.4547184,3,1,PET,UPPER APEX,LANG_02,Round-Trip,google,Paid Search,Organic Search,Logged-Out,AREA_C,AREA_B,AREA_C_TO_AREA_B,CA,BU,31_60,very_high,30_plus,Y,L,0,0.33193383,41.97459852058168
132.0,529.3736604,,1,1,0,0,0,0,0,1,0,1,0,16.25,21.0,72.811,3,1,PET,LOWER VERTEX,LANG_02,One-Way,google,Paid Search,Paid Search,Logged-In,AREA_B,AREA_C,AREA_B_TO_AREA_C,BO,CA,120_plus,very_high,unknown_or_oneway,C,Z,0,0.575324,41.88991568595171
22.0,61.576691,24.010416666666668,2,2,0,0,0,0,0,1,1,4,1,579.1666666666666,12.0,57.6560328,4,0,PET,UPPER APEX,LANG_02,Round-Trip,google,Paid Search,Paid Search,Logged-In,AREA_C,AREA_B,AREA_C_TO_AREA_B,CU,BE,15_30,high,15_30,Y,S,0,0.7263412,41.87795135666384
24.0,88.9480591,36.78125,1,1,0,0,0,0,0,0,0,2,1,886.0833333333334,15.0,80.9649754,3,1,PET,LOWER VERTEX,LANG_02,Round-Trip,apple,Direct,Direct,Logged-Out,AREA_B,AREA_C,AREA_B_TO_AREA_C,BU,CA,15_30,high,30_plus,Y,U,0,0.5171904,41.874307752873364
73.0,315.6845112,15.010416666666666,2,2,0,0,0,0,0,0,0,2,1,366.9166666666667,13.0,126.4547184,4,1,PET,UPPER APEX,LANG_02,Round-Trip,google,Paid Search,Paid Search,Logged-Out,AREA_C,AREA_B,AREA_C_TO_AREA_B,CA,BU,61_120,very_high,15_30,Y,V,0,0.3311302,41.872977027431205
44.0,130.0151763,157.84722222222223,1,1,0,0,0,0,0,0,0,4,1,3791.1666666666665,8.0,65.4583739,3,0,PET,NORTH MERIDIAN,LANG_02,Round-Trip,apple,Direct,Direct,Logged-Out,AREA_C,AREA_B,AREA_C_TO_AREA_B,CI,BI,31_60,very_high,30_plus,Y,L,0,0.63944626,41.857112280789565
330.0,111.4475147,,1,1,0,0,0,0,0,0,0,2,1,10.916666666666666,21.0,107.7337254,5,0,PET,NEW HORIZON,LANG_02,One-Way,google,MetaSearches,MetaSearches,Logged-Out,AREA_C,AREA_C,AREA_C_TO_AREA_C,CA,CE,120_plus,very_high,unknown_or_oneway,Y,S,0,0.3885057,41.855166103906484
190.0,141.4233751,,1,1,0,0,0,0,0,0,0,1,0,19.583333333333332,3.0,106.0830572,5,1,PET,SOUTH ZENITH,LANG_02,One-Way,microsoft,Organic Search,Paid Search,Logged-Out,AREA_C,AREA_B,AREA_C_TO_AREA_B,CA,BU,120_plus,very_high,unknown_or_oneway,Y,S,0,0.3934489,41.738261024170185
1.0,283.1778261,13.0,1,1,0,0,0,0,0,1,0,3,1,317.3333333333333,23.0,76.2374,3,0,PET,UPPER APEX,LANG_02,Round-Trip,apple,Direct,Direct,Logged-In,AREA_B,AREA_C,AREA_B_TO_AREA_C,BE,CA,0_3,very_high,9_14,Y,B,0,0.54720247,41.717293427681916
18.0,42.6308405,7.854166666666667,1,1,0,0,0,0,0,1,0,2,1,190.91666666666666,16.0,76.6579906,3,0,PET,NORTH HORIZON,LANG_09,Round-Trip,apple,Direct,Paid Search,Logged-In,AREA_B,AREA_B,AREA_B_TO_AREA_B,BA,BE,15_30,mid,6_8,Y,S,0,0.5438951,41.693907409463385
206.0,707.1404319999999,15.590277777777779,4,2,2,0,0,0,1,1,0,2,1,377.3333333333333,9.0,100.7353034,3,1,PET,LOWER VERTEX,LANG_02,Round-Trip,microsoft,Direct,Paid Search,Logged-In,AREA_B,AREA_C,AREA_B_TO_AREA_C,BU,CA,120_plus,very_high,15_30,Y,O,0,0.41387326,41.691647937040294
15.0,80.18975239999999,10.78125,1,1,0,0,0,0,0,0,0,2,1,262.0833333333333,10.0,100.7353034,3,1,PET,LOWER VERTEX,LANG_02,Round-Trip,opera,Paid Search,Organic Search,Logged-Out,AREA_B,AREA_C,AREA_B_TO_AREA_C,BU,CA,15_30,high,9_14,Y,U,0,0.4130537,41.6090889223772
300.0,145.1650039,12.739583333333334,2,2,0,0,0,0,0,1,0,2,1,309.0833333333333,14.0,100.7353034,3,1,PET,LOWER VERTEX,LANG_02,Round-Trip,google,Direct,Paid Search,Logged-In,AREA_B,AREA_C,AREA_B_TO_AREA_C,BU,CA,120_plus,very_high,9_14,Y,O,0,0.41294897,41.59853938137625
7.0,99.8590016,14.78125,1,1,0,0,0,0,0,0,0,2,1,358.0833333333333,17.0,100.7353034,3,1,PET,LOWER VERTEX,LANG_02,Round-Trip,microsoft,Paid Search,MetaSearches,Logged-Out,AREA_B,AREA_C,AREA_B_TO_AREA_C,BU,CA,4_7,high,15_30,Y,L,0,0.41285113,41.58868333609846
194.0,141.83282989999998,13.697916666666666,1,1,0,0,0,0,0,0,0,2,1,334.0,20.0,87.6635874,1,1,PET,LOWER VERTEX,LANG_02,Round-Trip,apple,Email,Email,Logged-Out,AREA_B,AREA_C,AREA_B_TO_AREA_C,BO,CA,120_plus,very_high,9_14,Y,U,0,0.47350046,41.50874899301257
66.0,109.383537,70.23611111111111,1,1,0,0,0,0,0,0,0,2,1,1700.0833333333333,11.0,91.3345467,3,1,PET,NORTH MERIDIAN,LANG_02,Round-Trip,google,Organic Search,Email,Logged-Out,AREA_C,AREA_B,AREA_C_TO_AREA_B,CA,BI,61_120,very_high,30_plus,Y,O,0,0.4542567,41.48933100293947
7.0,237.8534069,13.684027777777779,1,1,0,0,0,0,0,0,0,2,1,333.75,21.0,76.2374,1,0,PET,UPPER APEX,LANG_02,Round-Trip,apple,Direct,Direct,Logged-Out,AREA_B,AREA_C,AREA_B_TO_AREA_C,BE,CA,4_7,very_high,9_14,Y,M,0,0.54405254,41.47715120874643
47.0,2480.0548746,8.010416666666666,3,3,0,0,0,0,0,0,0,2,1,198.91666666666666,7.0,126.4547184,2,1,PET,UPPER APEX,LANG_02,Round-Trip,apple,Direct,Direct,Logged-Out,AREA_C,AREA_B,AREA_C_TO_AREA_B,CA,BU,31_60,very_high,9_14,P,A,0,0.3279741,41.473873828984026
218.0,210.2263437,16.71527777777778,2,2,0,0,0,0,0,1,0,2,1,404.3333333333333,10.0,100.7353034,3,1,PET,LOWER VERTEX,LANG_02,Round-Trip,google,Paid Search,Paid Search,Logged-In,AREA_B,AREA_C,AREA_B_TO_AREA_C,BU,CA,120_plus,very_high,15_30,Y,O,0,0.41136944,41.43942564402554
12.0,85.3897427,13.78125,1,1,0,0,0,0,0,0,0,2,1,334.0833333333333,2.0,100.7353034,3,1,PET,LOWER VERTEX,LANG_02,Round-Trip,google,Paid Search,Paid Search,Logged-Out,AREA_B,AREA_C,AREA_B_TO_AREA_C,BU,CA,8_14,high,9_14,Y,U,0,0.41075307,41.377335260706914
54.0,217.670626,129.09722222222223,2,2,0,0,0,0,0,0,0,2,1,3112.75,20.0,82.2224642,3,1,PET,UPPER APEX,LANG_09,Round-Trip,google,Organic Search,Paid MetaSearches,Logged-Out,AREA_C,AREA_B,AREA_C_TO_AREA_B,CA,BI,31_60,very_high,30_plus,Y,L,0,0.50287664,41.347756477299576
92.0,375.5916888,14.989583333333334,4,4,0,0,0,0,0,0,0,3,1,360.75,15.0,76.2374,2,0,PET,UPPER APEX,LANG_09,Round-Trip,apple,Direct,Organic Search,Logged-Out,AREA_B,AREA_C,AREA_B_TO_AREA_C,BE,CA,61_120,very_high,15_30,Y,O,0,0.54227257,41.341450656509394
38.0,46.07651400000001,6.430555555555555,2,2,0,0,0,0,0,1,0,4,1,155.58333333333334,22.0,57.6046368,5,0,PET,CENTRAL MERIDIAN,LANG_02,Round-Trip,google,Paid Search,Paid Search,Logged-In,AREA_B,AREA_C,AREA_B_TO_AREA_C,BI,CI,31_60,mid,6_8,Y,V,0,0.7162807,41.26108949985581
4.0,156.9745198,,1,1,0,0,0,0,0,0,0,1,0,20.833333333333332,12.0,76.2374,2,1,PET,UPPER APEX,LANG_02,One-Way,google,MetaSearches,Organic Search,Logged-Out,AREA_C,AREA_B,AREA_C_TO_AREA_B,CA,BU,4_7,very_high,unknown_or_oneway,Y,K,1,0.540692,41.220950129294394
151.0,607.6870305,24.98611111111111,3,2,0,1,0,1,0,0,0,2,1,617.75,22.0,77.7827064,1,1,PET,EAST ZENITH,LANG_02,Round-Trip,google,Paid Search,Paid Search,Logged-Out,AREA_C,AREA_C,AREA_C_TO_AREA_C,CA,CA,120_plus,very_high,15_30,P,R,0,0.5298821,41.215661742082496
117.0,653.7365616000001,,4,4,0,0,0,0,0,0,0,2,1,354.25,15.0,76.2374,4,1,PET,UPPER APEX,LANG_09,Multi-City,google,Direct,Direct,Logged-Out,AREA_C,AREA_C,AREA_C_TO_AREA_C,CA,CA,61_120,very_high,unknown_or_oneway,Y,V,0,0.5402617,41.18814624868631
14.0,266.3353569,20.68402777777778,1,1,0,0,0,0,0,1,0,2,1,501.75,14.0,76.2374,1,0,PET,UPPER APEX,LANG_02,Round-Trip,google,Direct,Direct,Logged-In,AREA_B,AREA_C,AREA_B_TO_AREA_C,BE,CA,8_14,very_high,15_30,Y,B,0,0.5399447,41.163980708158014
6.0,172.4579931,20.27777777777778,1,1,0,0,0,0,0,1,0,2,1,500.0833333333333,9.0,90.2783589,5,1,PET,UPPER APEX,LANG_09,Round-Trip,microsoft,Paid Search,Paid Search,Logged-In,AREA_C,AREA_B,AREA_C_TO_AREA_B,CA,BI,4_7,very_high,15_30,Y,S,0,0.45564863,41.13521062884408
45.0,554.288728,24.010416666666668,4,3,0,1,0,1,0,0,0,2,1,582.9166666666666,14.0,126.4547184,4,1,PET,UPPER APEX,LANG_09,Round-Trip,google,Direct,Email,Logged-Out,AREA_C,AREA_B,AREA_C_TO_AREA_B,CA,BU,31_60,very_high,15_30,Y,V,0,0.32509345,41.10960044102068
35.0,150.5962762,29.010416666666668,1,1,0,0,0,0,0,0,0,2,1,702.9166666666666,16.0,126.4547184,3,1,PET,UPPER MERIDIAN,LANG_09,Round-Trip,google,Organic Search,Paid Search,Logged-Out,AREA_C,AREA_B,AREA_C_TO_AREA_B,CA,BU,31_60,very_high,15_30,Y,L,0,0.32504043,41.10289602283731
18.0,79.8475407,8.465277777777779,4,2,1,1,0,1,1,1,0,4,1,204.08333333333334,9.0,57.8736092,3,0,PET,GREAT MERIDIAN,LANG_02,Round-Trip,google,Direct,Paid Search,Logged-In,AREA_B,AREA_B,AREA_B_TO_AREA_B,BE,BA,15_30,high,9_14,Y,W,1,0.70972437,41.074310636081144
130.0,102.8798015,110.59027777777777,1,1,0,0,0,0,0,0,0,2,1,2657.3333333333335,19.0,100.7353034,3,1,PET,UPPER APEX,LANG_09,Round-Trip,google,Direct,Direct,Logged-Out,AREA_B,AREA_C,AREA_B_TO_AREA_C,BU,CA,120_plus,very_high,30_plus,Y,O,0,0.40761197,41.06091507789014
95.0,249.553278,26.23611111111111,4,2,0,1,1,1,0,1,1,2,1,644.0833333333334,20.0,91.3345467,3,1,PET,UPPER APEX,LANG_09,Round-Trip,apple,Direct,Direct,Logged-In,AREA_C,AREA_B,AREA_C_TO_AREA_B,CA,BI,61_120,very_high,15_30,Y,O,0,0.44911712,41.01990894311455
30.0,145.9959059,20.65625,1,1,0,0,0,0,0,0,0,2,1,501.6666666666667,16.0,76.2374,2,0,PET,EAST ZENITH,LANG_02,Round-Trip,microsoft,Direct,Email,Logged-Out,AREA_B,AREA_C,AREA_B_TO_AREA_C,BE,CA,15_30,very_high,15_30,Y,W,0,0.53793216,41.01054906544685
88.0,216.9240991,14.78125,2,2,0,0,0,0,0,0,1,2,1,358.0833333333333,15.0,80.9649754,4,1,PET,LOWER VERTEX,LANG_02,Round-Trip,apple,Direct,Direct,Logged-Out,AREA_B,AREA_C,AREA_B_TO_AREA_C,BU,CA,61_120,very_high,15_30,Y,U,0,0.5062338,40.98720808490679
54.0,342.8978366,6.642361111111111,2,2,0,0,0,0,0,1,1,2,1,165.33333333333334,14.0,76.2374,5,0,PET,UPPER APEX,LANG_02,Round-Trip,mozilla,Direct,Organic Search,Logged-In,AREA_B,AREA_C,AREA_B_TO_AREA_C,BE,CA,31_60,very_high,6_8,Y,V,0,0.5365741,40.90701621937752
266.0,327.23833199999996,18.26736111111111,2,2,0,0,0,0,0,1,0,3,1,439.4166666666667,12.0,76.2374,2,0,PET,UPPER APEX,LANG_09,Round-Trip,apple,Paid Search,Paid Search,Logged-In,AREA_B,AREA_C,AREA_B_TO_AREA_C,BE,CA,120_plus,very_high,15_30,Y,V,0,0.5363968,40.89349751251935
52.0,39.6610083,2.8541666666666665,2,2,0,0,0,0,0,1,0,2,1,70.91666666666667,14.0,84.2920098,2,0,PET,NORTH HORIZON,LANG_04,Round-Trip,google,Direct,Direct,Logged-In,AREA_B,AREA_B,AREA_B_TO_AREA_B,BA,BE,31_60,mid,3_5,Y,O,0,0.48466706,40.85356080385251
31.0,262.29862940000004,8.23611111111111,2,2,0,0,0,0,0,1,0,2,1,212.08333333333334,14.0,82.2224642,3,1,PET,UPPER VERTEX,LANG_10,Round-Trip,google,Organic Search,Organic Search,Logged-In,AREA_C,AREA_B,AREA_C_TO_AREA_B,CA,BI,31_60,very_high,9_14,Y,W,0,0.49685913,40.85298229556171
46.0,279.213053,13.65625,2,2,0,0,0,0,0,0,0,2,1,333.6666666666667,14.0,76.2374,2,0,PET,UPPER APEX,LANG_09,Round-Trip,google,Direct,Direct,Logged-Out,AREA_B,AREA_C,AREA_B_TO_AREA_C,BE,CA,31_60,very_high,9_14,Y,W,0,0.5357651,40.845339107382294
69.0,103.6820074,15.78125,1,1,0,0,0,0,0,0,0,2,1,382.0833333333333,17.0,80.9649754,3,1,PET,UPPER APEX,LANG_09,Round-Trip,apple,Direct,Direct,Logged-Out,AREA_B,AREA_C,AREA_B_TO_AREA_C,BU,CA,61_120,very_high,15_30,Y,U,0,0.50407183,40.8121634536814
5.0,117.9491087,6.236111111111111,1,1,0,0,0,0,0,0,0,2,1,164.08333333333334,21.0,90.2783589,5,1,PET,UPPER VERTEX,LANG_02,Round-Trip,apple,Direct,Direct,Logged-Out,AREA_C,AREA_B,AREA_C_TO_AREA_B,CA,BI,4_7,very_high,6_8,Y,W,0,0.45202258,40.807856915112225
188.0,212.8663849,,2,2,0,0,0,0,0,0,0,1,0,20.583333333333332,18.0,74.7991686,4,1,PET,LOWER VERTEX,LANG_02,One-Way,apple,Direct,Direct,Logged-Out,AREA_D,AREA_C,AREA_D_TO_AREA_C,DA,CA,120_plus,very_high,unknown_or_oneway,Y,V,0,0.5455336,40.80545953407294
111.0,159.323317,,1,1,0,0,0,0,0,1,0,2,1,377.8333333333333,14.0,76.2374,2,1,PET,UPPER APEX,LANG_09,Multi-City,google,Direct,Organic Search,Logged-In,AREA_C,AREA_C,AREA_C_TO_AREA_C,CA,CA,61_120,very_high,unknown_or_oneway,Y,O,0,0.53482175,40.77341958689689
36.0,36.2303253,,1,1,0,0,0,0,0,1,0,1,0,6.666666666666667,18.0,56.19296,3,1,PET,GREAT MERIDIAN,LANG_02,One-Way,google,Paid Search,Paid Search,Logged-In,AREA_B,AREA_C,AREA_B_TO_AREA_C,BE,CA,31_60,mid,unknown_or_oneway,Y,L,0,0.72549224,40.767556366348266
92.0,187.7958444,14.989583333333334,2,2,0,0,0,0,0,0,0,3,1,360.75,11.0,76.2374,2,0,PET,UPPER APEX,LANG_09,Round-Trip,google,Direct,Direct,Logged-Out,AREA_B,AREA_C,AREA_B_TO_AREA_C,BE,CA,61_120,very_high,15_30,Y,O,0,0.534593,40.755979319024085
60.0,309.3071242,16.03125,2,2,0,0,0,0,0,1,0,2,1,390.6666666666667,16.0,71.9544,2,1,PET,UPPER APEX,LANG_09,Round-Trip,google,Direct,Paid Search,Logged-In,AREA_C,AREA_C,AREA_C_TO_AREA_C,CA,CA,31_60,very_high,15_30,Y,V,0,0.5651701,40.66647611060143
71.0,287.31306259999997,13.64236111111111,2,2,0,0,0,0,0,0,0,2,1,333.3333333333333,,76.2374,2,0,PET,UPPER APEX,LANG_09,Round-Trip,google,Paid Search,Paid Search,Logged-Out,AREA_B,AREA_C,AREA_B_TO_AREA_C,BE,CA,61_120,very_high,9_14,Y,W,0,0.53319985,40.64976999620199
119.0,255.1622948,13.64236111111111,2,2,0,0,0,0,0,0,0,2,1,333.3333333333333,10.0,76.2374,2,0,PET,UPPER APEX,LANG_09,Round-Trip,apple,Direct,Direct,Logged-Out,AREA_B,AREA_C,AREA_B_TO_AREA_C,BE,CA,61_120,very_high,9_14,Y,L,0,0.53266436,40.608945773541926
88.0,198.0056598,21.23611111111111,2,2,0,0,0,0,0,0,0,2,1,524.0833333333334,20.0,91.3345467,3,1,PET,UPPER APEX,LANG_09,Round-Trip,google,Paid Search,Paid Search,Logged-Out,AREA_C,AREA_B,AREA_C_TO_AREA_B,CA,BI,61_120,very_high,15_30,Y,O,0,0.4444232,40.59119139622407
48.0,73.2397283,14.23611111111111,1,1,0,0,0,0,0,0,0,2,1,356.0833333333333,14.0,91.3345467,4,1,PET,UPPER APEX,LANG_02,Round-Trip,google,Organic Search,Organic Search,Logged-Out,AREA_C,AREA_B,AREA_C_TO_AREA_B,CA,BI,31_60,high,15_30,Y,O,0,0.44409052,40.56080591555755
89.0,73.1827644,44.236111111111114,1,1,0,0,0,0,0,1,0,2,1,1076.0833333333333,9.0,91.3345467,4,1,PET,NORTH MERIDIAN,LANG_02,Round-Trip,google,Paid Search,Paid Search,Logged-In,AREA_C,AREA_B,AREA_C_TO_AREA_B,CA,BI,61_120,high,30_plus,Y,O,0,0.44319206,40.47874633608486
50.0,84.0817145,33.78125,1,1,0,0,0,0,0,0,0,2,1,814.0833333333334,5.0,80.9649754,3,1,PET,LOWER VERTEX,LANG_09,Round-Trip,google,Paid Search,Paid Search,Logged-Out,AREA_B,AREA_C,AREA_B_TO_AREA_C,BU,CA,31_60,high,30_plus,Y,U,0,0.499898,40.47422819166458
38.0,167.5025621,83.65625,1,1,0,0,0,0,0,1,0,2,1,2013.6666666666667,18.0,76.2374,2,0,PET,UPPER APEX,LANG_09,Round-Trip,google,Internal,Paid Search,Logged-In,AREA_B,AREA_C,AREA_B_TO_AREA_C,BE,CA,31_60,very_high,30_plus,Y,W,0,0.5308274,40.468901058697696
84.0,387.7802502,22.82986111111111,3,2,0,1,0,1,0,1,0,2,1,553.8333333333334,10.0,71.9544,2,1,PET,UPPER APEX,LANG_02,Round-Trip,google,Direct,Direct,Logged-In,AREA_C,AREA_C,AREA_C_TO_AREA_C,CA,CA,61_120,very_high,15_30,Y,L,0,0.56218773,40.45188089060784
71.0,126.1039407,,1,1,0,0,0,0,0,1,0,1,0,19.583333333333332,23.0,76.2374,5,1,PET,UPPER APEX,LANG_09,One-Way,google,Paid Search,Paid Search,Logged-In,AREA_C,AREA_B,AREA_C_TO_AREA_B,CA,BU,61_120,very_high,unknown_or_oneway,Y,S,0,0.530416,40.43753765878677
44.0,87.40789230000001,119.27083333333333,1,1,0,0,0,0,0,1,0,2,1,2880.5833333333335,7.0,77.7827064,1,1,PET,EAST ZENITH,LANG_08,Round-Trip,samsung,Direct,Direct,Logged-In,AREA_C,AREA_C,AREA_C_TO_AREA_C,CA,CA,31_60,high,30_plus,Y,O,0,0.5197479,40.427399309850166
191.0,550.6687364,,4,2,0,2,0,1,0,0,0,1,0,19.583333333333332,21.0,106.0830572,4,1,PET,UPPER APEX,LANG_09,One-Way,apple,Paid Search,Paid Search,Logged-Out,AREA_C,AREA_B,AREA_C_TO_AREA_B,CA,BU,120_plus,very_high,unknown_or_oneway,Y,Q,0,0.38106653,40.42470259902302
58.0,265.7652896,13.684027777777779,2,1,1,0,0,0,1,0,0,2,1,333.75,19.0,76.2374,3,0,PET,UPPER APEX,LANG_02,Round-Trip,samsung,Direct,Direct,Logged-Out,AREA_B,AREA_C,AREA_B_TO_AREA_C,BE,CA,31_60,very_high,9_14,Y,L,0,0.5284819,40.290086055815216
198.0,174.17847419999998,18.46875,1,1,0,0,0,0,0,0,0,4,1,444.1666666666667,17.0,76.2374,2,0,PET,UPPER APEX,LANG_09,Round-Trip,apple,Direct,Paid Search,Logged-Out,AREA_B,AREA_C,AREA_B_TO_AREA_C,BE,CA,120_plus,very_high,15_30,Y,L,0,0.5283553,40.280434380733965
24.0,24.4250924,7.854166666666667,1,1,0,0,0,0,0,0,0,2,1,190.91666666666666,23.0,76.6579906,2,0,PET,NORTH HORIZON,LANG_04,Round-Trip,apple,Direct,Organic Search,Logged-Out,AREA_B,AREA_B,AREA_B_TO_AREA_B,BA,BE,15_30,low,6_8,Y,O,0,0.5254275,40.27821791023115
127.0,221.52618259999997,13.64236111111111,2,2,0,0,0,0,0,1,0,2,1,333.3333333333333,20.0,76.2374,2,0,PET,UPPER APEX,LANG_09,Round-Trip,apple,Paid Search,Paid Search,Logged-In,AREA_B,AREA_C,AREA_B_TO_AREA_C,BE,CA,120_plus,very_high,9_14,Y,O,0,0.5281469,40.26454819613695
30.0,349.61872020000004,11.010416666666666,1,1,0,0,0,0,0,1,0,2,1,270.9166666666667,16.0,126.4547184,3,1,PET,UPPER APEX,LANG_09,Round-Trip,apple,Direct,Direct,Logged-In,AREA_C,AREA_B,AREA_C_TO_AREA_B,CA,BU,15_30,very_high,9_14,Y,K,0,0.31797764,40.20977255097585
23.0,68.9537302,,2,2,0,0,0,0,0,1,0,1,0,6.0,14.0,51.396,4,1,PET,UPPER APEX,LANG_09,One-Way,apple,Direct,Direct,Logged-In,AREA_B,AREA_C,AREA_B_TO_AREA_C,BI,CA,15_30,high,unknown_or_oneway,Y,W,1,0.7816896,40.17571787238121
191.0,950.3424493,14.784722222222221,5,2,2,1,0,1,1,1,0,2,1,358.0,8.0,100.7353034,3,1,PET,LOWER VERTEX,LANG_02,Round-Trip,microsoft,Paid Search,Paid Search,Logged-In,AREA_B,AREA_C,AREA_B_TO_AREA_C,BU,CA,120_plus,very_high,15_30,Y,L,0,0.39843756,40.13672845272948
39.0,279.3261242,12.875,2,2,0,0,0,0,0,0,0,2,1,314.0,18.0,71.9544,2,1,PET,UPPER APEX,LANG_09,Round-Trip,apple,Paid Search,Paid Search,Logged-Out,AREA_C,AREA_C,AREA_C_TO_AREA_C,CA,CA,31_60,very_high,9_14,Y,L,0,0.5573288,40.1022608622551
215.0,441.200396,19.979166666666668,5,2,0,3,0,1,0,0,0,2,1,482.6666666666667,15.0,100.7353034,3,1,PET,LOWER VERTEX,LANG_02,Round-Trip,google,Paid Search,Paid Search,Logged-Out,AREA_B,AREA_C,AREA_B_TO_AREA_C,BU,CA,120_plus,very_high,15_30,Y,O,0,0.3979475,40.08736116410693
14.0,159.55374239999998,42.84722222222222,1,1,0,0,0,0,0,1,0,2,1,1034.25,17.0,71.9544,2,1,PET,UPPER APEX,LANG_09,Round-Trip,apple,Direct,Paid Search,Logged-In,AREA_C,AREA_C,AREA_C_TO_AREA_C,CA,CA,8_14,very_high,30_plus,Y,V,0,0.55686855,40.06914262161255
219.0,335.1824404,,2,2,0,0,0,0,0,1,1,3,1,19.583333333333332,12.0,126.4547184,4,1,PET,UPPER APEX,LANG_02,Round-Trip,apple,Direct,Direct,Logged-In,AREA_C,AREA_B,AREA_C_TO_AREA_B,CA,BU,120_plus,very_high,unknown_or_oneway,Y,V,0,0.31642455,40.013377191341114
7.0,152.0546377,4.461805555555555,1,1,0,0,0,0,0,0,0,4,1,108.0,19.0,76.2374,2,0,PET,UPPER APEX,LANG_09,Round-Trip,apple,Direct,Direct,Logged-Out,AREA_B,AREA_C,AREA_B_TO_AREA_C,BE,CA,4_7,very_high,3_5,Y,Q,0,0.52481496,40.0105282861948
57.0,436.60730679999995,19.975694444444443,2,2,0,0,0,0,0,1,0,2,1,485.3333333333333,19.0,71.9544,2,1,PET,UPPER APEX,LANG_09,Round-Trip,google,Direct,Paid Search,Logged-In,AREA_C,AREA_C,AREA_C_TO_AREA_C,CA,CA,31_60,very_high,15_30,Y,T,0,0.55585414,39.996151254415516
91.0,329.5485822,17.958333333333332,2,2,0,0,0,0,0,1,0,2,1,436.9166666666667,22.0,71.9544,2,1,PET,UPPER APEX,LANG_09,Round-Trip,apple,Paid Search,Paid Search,Logged-In,AREA_C,AREA_C,AREA_C_TO_AREA_C,CA,CA,61_120,very_high,15_30,Y,W,0,0.5557242,39.9868016345501
25.0,349.8894058,,1,1,0,0,0,0,0,0,0,1,0,20.833333333333332,13.0,76.2374,2,1,PET,UPPER APEX,LANG_09,One-Way,mozilla,Paid Search,Paid Search,Logged-Out,AREA_C,AREA_B,AREA_C_TO_AREA_B,CA,BU,15_30,very_high,unknown_or_oneway,P,P,0,0.524121,39.957621293270584
49.0,107.0073286,59.78125,1,1,0,0,0,0,0,0,0,2,1,1438.0833333333333,10.0,80.9649754,3,1,PET,LOWER VERTEX,LANG_02,Round-Trip,microsoft,Direct,Paid Search,Logged-Out,AREA_B,AREA_C,AREA_B_TO_AREA_C,BU,CA,31_60,very_high,30_plus,Y,U,0,0.4925648,39.88049670451262
16.0,144.2587211,215.99652777777777,1,1,0,0,0,0,0,1,1,4,1,5186.75,9.0,65.4583739,5,0,PET,NORTH MERIDIAN,LANG_02,Round-Trip,google,Paid Search,Paid Search,Logged-In,AREA_C,AREA_B,AREA_C_TO_AREA_B,CI,BI,15_30,very_high,30_plus,Y,Q,0,0.6086437,39.840827581205566
232.0,288.9410309,13.697916666666666,3,3,0,0,0,0,0,0,1,2,1,334.0,12.0,87.6635874,1,1,PET,LOWER VERTEX,LANG_02,Round-Trip,apple,Email,Email,Logged-Out,AREA_B,AREA_C,AREA_B_TO_AREA_C,BO,CA,120_plus,very_high,9_14,Y,U,0,0.4543953,39.833921586325836
7.0,207.656972,,1,1,0,0,0,0,0,0,0,3,1,-409.6666666666667,14.0,76.2374,2,0,PET,UPPER APEX,LANG_02,Round-Trip,apple,Direct,Direct,Logged-Out,AREA_B,AREA_C,AREA_B_TO_AREA_C,BE,CA,4_7,very_high,unknown_or_oneway,Y,V,0,0.52208936,39.80273553755283
39.0,285.6820962,18.458333333333332,2,2,0,0,0,0,0,0,0,2,1,450.25,18.0,71.9544,2,1,PET,UPPER APEX,LANG_09,Round-Trip,google,Direct,Direct,Logged-Out,AREA_C,AREA_C,AREA_C_TO_AREA_C,CA,CA,31_60,very_high,15_30,Y,W,0,0.55295414,39.78748317875863
95.0,276.02949909999995,,2,2,0,0,0,0,0,0,0,1,0,19.583333333333332,12.0,76.2374,5,1,PET,SOUTH ZENITH,LANG_07,One-Way,microsoft,Paid Search,Paid Search,Logged-Out,AREA_C,AREA_B,AREA_C_TO_AREA_B,CA,BU,61_120,very_high,unknown_or_oneway,Y,T,0,0.5216973,39.77284442706108
68.0,150.0566182,18.010416666666668,1,1,0,0,0,0,0,1,0,2,1,438.9166666666667,10.0,126.4547184,3,1,PET,UPPER APEX,LANG_02,Round-Trip,google,Direct,Email,Logged-In,AREA_C,AREA_B,AREA_C_TO_AREA_B,CA,BU,61_120,very_high,15_30,Y,L,0,0.31437358,39.7540228602778
28.0,166.9008006,,2,2,0,0,0,0,0,1,0,1,0,16.416666666666668,20.0,51.90996,4,1,PET,UPPER APEX,LANG_09,One-Way,apple,Direct,Direct,Logged-In,AREA_B,AREA_C,AREA_B_TO_AREA_C,BO,CA,15_30,very_high,unknown_or_oneway,Y,L,0,0.7646376,39.692306683087345
27.0,124.5689135,,1,1,0,0,0,0,0,0,0,2,1,6.0,9.0,52.9220329,4,0,PET,NORTH MERIDIAN,LANG_02,One-Way,google,Paid Search,Paid Search,Logged-Out,AREA_C,AREA_B,AREA_C_TO_AREA_B,CI,BI,15_30,very_high,unknown_or_oneway,Y,T,0,0.7497815,39.679960648369395
81.0,331.9616244,17.01388888888889,2,2,0,0,0,0,0,0,0,2,1,414.25,21.0,71.9544,2,1,PET,UPPER APEX,LANG_09,Round-Trip,apple,Direct,Direct,Logged-Out,AREA_C,AREA_C,AREA_C_TO_AREA_C,CA,CA,61_120,very_high,15_30,Y,L,0,0.5514272,39.677612278890614
65.0,202.5576322,15.32986111111111,2,2,0,0,0,0,0,0,0,2,1,382.3333333333333,18.0,82.2224642,4,1,PET,UPPER APEX,LANG_09,Round-Trip,microsoft,Paid Search,Paid Search,Logged-Out,AREA_C,AREA_B,AREA_C_TO_AREA_B,CA,BI,61_120,very_high,15_30,Y,U,0,0.48255807,39.67711376764657
5.0,25.5806458,,1,1,0,0,0,0,0,0,0,1,0,2.6666666666666665,9.0,52.869352,4,1,PET,UPPER APEX,LANG_09,One-Way,apple,Direct,Direct,Logged-Out,AREA_B,AREA_C,AREA_B_TO_AREA_C,BO,CA,4_7,low,unknown_or_oneway,Y,T,0,0.74960375,39.63106443053055
75.0,55.50254040000001,14.854166666666666,1,1,0,0,0,0,0,0,0,2,1,358.9166666666667,22.0,84.2920098,3,0,PET,UPPER APEX,LANG_09,Round-Trip,google,Paid Search,Paid Search,Logged-Out,AREA_B,AREA_B,AREA_B_TO_AREA_B,BA,BE,61_120,high,15_30,Y,K,0,0.46969196,39.591279464197775
101.0,685.4290483999999,13.64236111111111,4,3,1,0,0,0,1,1,0,2,1,333.3333333333333,21.0,76.2374,2,0,PET,UPPER APEX,LANG_09,Round-Trip,apple,Paid Search,Paid Search,Logged-In,AREA_B,AREA_C,AREA_B_TO_AREA_C,BE,CA,61_120,very_high,9_14,Y,W,0,0.51900333,39.56746459718942
25.0,14.3373425,26.430555555555557,1,1,0,0,0,0,0,0,0,4,1,635.5833333333334,21.0,57.6046368,3,0,PET,CENTRAL MERIDIAN,LANG_02,Round-Trip,apple,Direct,Direct,Logged-Out,AREA_B,AREA_C,AREA_B_TO_AREA_C,BI,CI,15_30,very_low,15_30,Y,O,0,0.68522555,39.47216872415028
12.0,184.3471728,,1,1,0,0,0,0,0,0,0,1,0,20.833333333333332,21.0,126.4547184,3,1,PET,UPPER APEX,LANG_02,Round-Trip,google,MetaSearches,Organic Search,Logged-Out,AREA_C,AREA_B,AREA_C_TO_AREA_B,CA,BU,8_14,very_high,unknown_or_oneway,Y,L,0,0.311859,39.43604349871388
223.0,321.3269354,46.12152777777778,2,2,0,0,0,0,0,1,0,3,1,1107.9166666666667,18.0,71.9544,2,1,PET,UPPER APEX,LANG_09,Round-Trip,apple,Paid Search,Paid Search,Logged-In,AREA_C,AREA_C,AREA_C_TO_AREA_C,CA,CA,120_plus,very_high,30_plus,Y,W,0,0.5479986,39.430910978937156
141.0,187.43350259999997,13.64236111111111,2,2,0,0,0,0,0,0,0,2,1,333.3333333333333,10.0,76.2374,2,0,PET,UPPER APEX,LANG_09,Round-Trip,apple,Direct,Affiliate,Logged-Out,AREA_B,AREA_C,AREA_B_TO_AREA_C,BE,CA,120_plus,very_high,9_14,Y,O,0,0.5169293,39.409347984135145
134.0,187.43350259999997,13.64236111111111,2,2,0,0,0,0,0,0,0,2,1,333.3333333333333,15.0,76.2374,2,0,PET,UPPER APEX,LANG_09,Round-Trip,apple,Direct,Direct,Logged-Out,AREA_B,AREA_C,AREA_B_TO_AREA_C,BE,CA,120_plus,very_high,9_14,Y,O,0,0.5169293,39.409347984135145
51.0,92.564196,,2,2,0,0,0,0,0,1,1,1,0,12.333333333333334,13.0,51.396,5,1,PET,UPPER APEX,LANG_02,One-Way,apple,Direct,Paid Search,Logged-In,AREA_C,AREA_C,AREA_C_TO_AREA_C,CA,CE,31_60,high,unknown_or_oneway,Y,O,0,0.7665406,39.397120006799696
52.0,162.6006686,,2,2,0,0,0,0,0,1,0,1,0,10.083333333333334,15.0,52.9730006,5,1,PET,UPPER APEX,LANG_09,One-Way,apple,Direct,Direct,Logged-In,AREA_C,AREA_C,AREA_C_TO_AREA_C,CA,CE,31_60,very_high,unknown_or_oneway,Y,Q,0,0.74265164,39.34048584382392
235.0,464.2703472,44.0,2,1,0,1,0,1,0,0,0,2,1,1063.25,13.0,126.4547184,3,1,PET,UPPER APEX,LANG_09,Round-Trip,mozilla,Paid Search,Paid Search,Logged-Out,AREA_C,AREA_B,AREA_C_TO_AREA_B,CA,BU,120_plus,very_high,30_plus,Y,V,0,0.31099188,39.326391024591636
174.0,151.0498459,20.27777777777778,2,2,0,0,0,0,0,0,0,2,1,500.0833333333333,9.0,91.3345467,3,1,PET,NORTH MERIDIAN,LANG_02,Round-Trip,google,Organic Search,Organic Search,Logged-Out,AREA_C,AREA_B,AREA_C_TO_AREA_B,CA,BI,120_plus,very_high,15_30,Y,O,0,0.42986152,39.26120668575303
32.0,150.3050322,11.010416666666666,1,1,0,0,0,0,0,1,0,2,1,270.9166666666667,16.0,126.4547184,4,1,PET,UPPER APEX,LANG_09,Round-Trip,apple,Direct,MetaSearches,Logged-In,AREA_C,AREA_B,AREA_C_TO_AREA_B,CA,BU,31_60,very_high,9_14,Y,L,0,0.31031805,39.24118197730322
76.0,321.19587559999997,32.013888888888886,2,2,0,0,0,0,0,1,0,2,1,774.25,22.0,71.9544,2,1,PET,UPPER APEX,LANG_09,Round-Trip,samsung,Direct,Direct,Logged-In,AREA_C,AREA_C,AREA_C_TO_AREA_C,CA,CA,61_120,very_high,30_plus,Y,L,0,0.54530305,39.23695354371071
15.0,346.4381644,21.010416666666668,3,2,0,0,1,1,0,0,0,2,1,510.9166666666667,8.0,126.4547184,4,1,PET,UPPER APEX,LANG_09,Round-Trip,google,Paid Search,Paid Search,Logged-Out,AREA_C,AREA_B,AREA_C_TO_AREA_B,CA,BU,15_30,very_high,15_30,Y,W,0,0.31019413,39.22551195436535
139.0,210.0764387,24.07986111111111,2,2,0,0,0,0,0,1,0,2,1,592.4166666666666,19.0,90.2783589,2,1,PET,UPPER VERTEX,LANG_02,Round-Trip,google,Direct,Direct,Logged-In,AREA_C,AREA_B,AREA_C_TO_AREA_B,CA,BI,120_plus,very_high,15_30,Y,O,0,0.43422064,39.200726946851326
34.0,143.93706780000002,161.22222222222223,1,1,0,0,0,0,0,1,0,2,1,3883.9166666666665,10.0,82.2224642,5,1,PET,LOWER VERTEX,LANG_02,Round-Trip,google,Organic Search,Organic Search,Logged-In,AREA_C,AREA_B,AREA_C_TO_AREA_B,CA,BI,31_60,very_high,30_plus,Y,L,0,0.47629097,39.161817315179306
38.0,89.853057,,2,2,0,0,0,0,0,1,0,1,0,12.333333333333334,21.0,51.396,5,1,PET,UPPER APEX,LANG_09,One-Way,apple,Direct,Direct,Logged-In,AREA_C,AREA_C,AREA_C_TO_AREA_C,CA,CE,31_60,high,unknown_or_oneway,Y,U,0,0.7613931,39.132558237075806
77.0,328.090649,,2,2,0,0,0,0,0,0,0,1,0,19.583333333333332,19.0,76.2374,5,1,PET,UPPER APEX,LANG_09,One-Way,google,Direct,Direct,Logged-Out,AREA_C,AREA_B,AREA_C_TO_AREA_B,CA,BU,61_120,very_high,unknown_or_oneway,Y,Q,0,0.5132443,39.128408807158465
100.0,363.3543011999999,22.53125,2,1,0,1,0,1,0,0,0,2,1,548.0,20.0,126.4547184,3,1,PET,UPPER APEX,LANG_09,Round-Trip,apple,Direct,Direct,Logged-Out,AREA_C,AREA_B,AREA_C_TO_AREA_B,CA,BU,61_120,very_high,15_30,Y,Q,0,0.3093979,39.12482508499761
26.0,245.0000207,6.684027777777778,1,1,0,0,0,0,0,1,0,2,1,165.75,8.0,76.2374,4,0,PET,EAST ZENITH,LANG_08,Round-Trip,apple,Direct,Direct,Logged-In,AREA_B,AREA_C,AREA_B_TO_AREA_C,BE,CA,15_30,very_high,6_8,Y,E,0,0.5131418,39.12059749385118
110.0,360.6294566,15.135416666666666,2,2,0,0,0,0,0,0,0,3,1,364.1666666666667,15.0,76.2374,2,0,PET,UPPER APEX,LANG_09,Round-Trip,google,Paid Search,Paid Search,Logged-Out,AREA_B,AREA_C,AREA_B_TO_AREA_C,BE,CA,61_120,very_high,15_30,Y,V,0,0.51251376,39.072716279006
193.0,301.0465021,,3,3,0,0,0,0,0,0,0,1,0,20.583333333333332,18.0,74.7991686,4,1,PET,LOWER VERTEX,LANG_02,One-Way,apple,Direct,Direct,Logged-Out,AREA_D,AREA_C,AREA_D_TO_AREA_C,DA,CA,120_plus,very_high,unknown_or_oneway,Y,V,0,0.52236056,39.07213584263692
162.0,343.1633826,17.833333333333332,2,2,0,0,0,0,0,1,0,3,1,433.9166666666667,23.0,76.2374,2,0,PET,UPPER APEX,LANG_09,Round-Trip,apple,Direct,Paid Search,Logged-In,AREA_B,AREA_C,AREA_B_TO_AREA_C,BE,CA,120_plus,very_high,15_30,Y,S,0,0.51209944,39.04113021804094
27.0,142.0191404,,1,1,0,0,0,0,0,1,0,1,0,16.416666666666668,11.0,51.90996,4,1,PET,LOWER VERTEX,LANG_02,One-Way,apple,Direct,Direct,Logged-In,AREA_B,AREA_C,AREA_B_TO_AREA_C,BO,CA,15_30,very_high,unknown_or_oneway,Y,S,0,0.7519686,39.03466110005379
66.0,94.2379924,13.14236111111111,1,1,0,0,0,0,0,0,0,2,1,333.5,9.0,77.7827064,1,1,PET,EAST ZENITH,LANG_08,Round-Trip,apple,Direct,Direct,Logged-Out,AREA_C,AREA_C,AREA_C_TO_AREA_C,CA,CA,61_120,high,9_14,Y,O,0,0.50177455,39.02938246152591
66.0,99.9750709,,1,1,0,0,0,0,0,0,0,1,0,15.916666666666666,14.0,80.9649754,3,1,PET,LOWER VERTEX,LANG_02,Round-Trip,apple,Organic Search,Organic Search,Logged-Out,AREA_B,AREA_C,AREA_B_TO_AREA_C,BU,CA,61_120,high,unknown_or_oneway,Y,U,0,0.4818147,39.0101163275937
2.0,37.0034068,0.9895833333333334,1,1,0,0,0,0,0,1,0,3,1,26.25,22.0,76.6579906,5,0,PET,NORTH HORIZON,LANG_02,Round-Trip,apple,Direct,MetaSearches,Logged-In,AREA_B,AREA_B,AREA_B_TO_AREA_B,BA,BE,0_3,mid,1_2,Y,K,0,0.50880647,39.004081368819094
136.0,218.93839399999996,79.36111111111111,1,1,0,0,0,0,0,1,0,2,1,1911.9166666666667,9.0,126.4547184,3,1,PET,CENTRAL MERIDIAN,LANG_09,Round-Trip,other,Direct,Referrals,Logged-In,AREA_C,AREA_B,AREA_C_TO_AREA_B,CA,BU,120_plus,very_high,30_plus,Y,S,0,0.3083236,38.988972995804644
32.0,118.6720791,115.00347222222223,1,1,0,0,0,0,0,0,0,4,1,2762.8333333333335,14.0,65.4583739,3,0,PET,NORTH MERIDIAN,LANG_02,Round-Trip,google,Paid Search,Paid Search,Logged-Out,AREA_C,AREA_B,AREA_C_TO_AREA_B,CI,BI,31_60,very_high,30_plus,Y,W,0,0.5950158,38.94876827340693
31.0,116.6522163,14.399305555555555,1,1,0,0,0,0,0,0,0,2,1,359.0,19.0,91.3345467,4,1,PET,UPPER APEX,LANG_09,Round-Trip,mozilla,Paid Search,Paid Search,Logged-Out,AREA_C,AREA_B,AREA_C_TO_AREA_B,CA,BI,31_60,very_high,15_30,Y,V,0,0.42631757,38.93752224308893
13.0,124.1988623,,1,1,0,0,0,0,0,0,0,2,1,6.0,12.0,52.9220329,4,0,PET,NORTH MERIDIAN,LANG_02,One-Way,google,Organic Search,Organic Search,Logged-Out,AREA_C,AREA_B,AREA_C_TO_AREA_B,CI,BI,8_14,very_high,unknown_or_oneway,Y,T,0,0.73477316,38.885689296069096
249.0,164.79185139999998,,1,1,0,0,0,0,0,0,0,1,0,19.583333333333332,11.0,106.0830572,5,1,PET,UPPER APEX,LANG_09,One-Way,google,Paid Search,Paid Search,Logged-Out,AREA_C,AREA_B,AREA_C_TO_AREA_B,CA,BU,120_plus,very_high,unknown_or_oneway,Y,Q,0,0.3664487,38.873998448370145
9.0,123.4420562,,1,1,0,0,0,0,0,1,0,2,1,30.5,17.0,51.3236173,5,0,PET,NORTH MERIDIAN,LANG_02,One-Way,apple,Direct,Direct,Logged-In,AREA_B,AREA_B,AREA_B_TO_AREA_B,BI,BO,8_14,very_high,unknown_or_oneway,Y,V,0,0.757226,38.86357693553515
22.0,278.9128147,,2,2,0,0,0,0,0,0,0,2,1,30.5,10.0,51.3236173,5,0,PET,NORTH MERIDIAN,LANG_02,One-Way,apple,Paid Search,Paid Search,Logged-Out,AREA_B,AREA_B,AREA_B_TO_AREA_B,BI,BO,15_30,very_high,unknown_or_oneway,Y,V,0,0.7567085,38.83701760379628
33.0,412.37237959999993,17.010416666666668,2,2,0,0,0,0,0,1,0,2,1,414.9166666666667,22.0,126.4547184,3,1,PET,UPPER APEX,LANG_09,Round-Trip,microsoft,Paid Search,Paid Search,Logged-In,AREA_C,AREA_B,AREA_C_TO_AREA_B,CA,BU,31_60,very_high,15_30,Y,H,0,0.30705097,38.82804434753795
80.0,255.2959244,11.833333333333334,2,2,0,0,0,0,0,1,0,3,1,289.9166666666667,23.0,76.2374,2,0,PET,UPPER APEX,LANG_09,Round-Trip,google,Email,Email,Logged-In,AREA_B,AREA_C,AREA_B_TO_AREA_C,BE,CA,61_120,very_high,9_14,Y,O,0,0.50900775,38.805427587878704
86.0,118.1062948,15.114583333333334,1,1,0,0,0,0,0,1,1,2,1,380.8333333333333,11.0,77.7827064,1,1,PET,UPPER APEX,LANG_09,Round-Trip,apple,Direct,Direct,Logged-In,AREA_C,AREA_C,AREA_C_TO_AREA_C,CA,CA,61_120,very_high,15_30,Y,W,0,0.49836713,38.76434421103377
4.0,973.2410805,56.236111111111114,5,5,0,0,0,0,0,1,0,2,1,1364.0833333333333,10.0,82.2224642,3,1,PET,UPPER APEX,LANG_09,Round-Trip,microsoft,Paid Search,Organic Search,Logged-In,AREA_C,AREA_B,AREA_C_TO_AREA_B,CA,BI,4_7,very_high,30_plus,Y,Q,0,0.47142076,38.76137696702585
60.0,590.4149764,17.010416666666668,3,2,0,1,0,1,0,0,0,2,1,414.9166666666667,23.0,126.4547184,3,1,PET,UPPER APEX,LANG_09,Round-Trip,google,Paid Search,Paid Search,Logged-Out,AREA_C,AREA_B,AREA_C_TO_AREA_B,CA,BU,31_60,very_high,15_30,Y,W,0,0.30651635,38.76043863770571
49.0,176.5915164,19.958333333333332,1,1,0,0,0,0,0,1,0,2,1,484.9166666666667,20.0,71.9544,2,1,PET,UPPER APEX,LANG_09,Round-Trip,apple,Direct,Direct,Logged-In,AREA_C,AREA_C,AREA_C_TO_AREA_C,CA,CA,31_60,very_high,15_30,Y,W,0,0.53851855,38.74877901105881
36.0,93.71675129999998,6.684027777777778,1,1,0,0,0,0,0,1,0,2,1,165.75,21.0,76.2374,5,0,PET,UPPER APEX,LANG_09,Round-Trip,apple,Direct,Direct,Logged-In,AREA_B,AREA_C,AREA_B_TO_AREA_C,BE,CA,31_60,high,6_8,Y,O,0,0.50812227,38.737920391547675
90.0,109.3655484,49.236111111111114,1,1,0,0,0,0,0,0,0,2,1,1197.4166666666667,16.0,91.3345467,3,1,PET,NORTH MERIDIAN,LANG_02,Round-Trip,apple,Direct,Paid Search,Logged-Out,AREA_C,AREA_B,AREA_C_TO_AREA_B,CA,BI,61_120,very_high,30_plus,Y,O,0,0.4241298,38.737704295382336
9.0,53.6638485,,1,1,0,0,0,0,0,0,0,1,0,4.916666666666667,21.0,57.3922,5,1,PET,WEST APEX,LANG_09,One-Way,apple,Organic Search,Organic Search,Logged-Out,AREA_C,AREA_B,AREA_C_TO_AREA_B,CA,BU,8_14,mid,unknown_or_oneway,Y,S,0,0.67461777,38.7177978263855
70.0,17.719627600000003,,1,1,0,0,0,0,0,1,0,1,0,2.3333333333333335,20.0,84.2920098,4,0,PET,UPPER APEX,LANG_09,Round-Trip,google,Direct,Direct,Logged-In,AREA_B,AREA_B,AREA_B_TO_AREA_B,BA,BE,61_120,very_low,unknown_or_oneway,Y,W,0,0.45928827,38.71433129529174
82.0,337.11578660000004,6.642361111111111,3,2,0,0,1,1,0,1,0,2,1,165.33333333333334,16.0,76.2374,5,0,PET,UPPER APEX,LANG_02,Round-Trip,mozilla,Paid Search,Organic Search,Logged-In,AREA_B,AREA_C,AREA_B_TO_AREA_C,BE,CA,61_120,very_high,6_8,Y,S,0,0.5078072,38.71390026232004
18.0,130.8186671,,1,1,0,0,0,0,0,0,0,2,1,30.5,10.0,51.3236173,5,0,PET,NORTH MERIDIAN,LANG_02,One-Way,apple,Paid Search,Paid Search,Logged-Out,AREA_B,AREA_B,AREA_B_TO_AREA_B,BI,BO,15_30,very_high,unknown_or_oneway,Y,V,0,0.75338864,38.666630405087304
20.0,131.04609440000002,,1,1,0,0,0,0,0,0,1,2,1,30.5,20.0,51.3236173,5,0,PET,NORTH MERIDIAN,LANG_02,One-Way,apple,Paid Search,Paid Search,Logged-Out,AREA_B,AREA_B,AREA_B_TO_AREA_B,BI,BO,15_30,very_high,unknown_or_oneway,Y,V,0,0.75338864,38.666630405087304
80.0,230.990756,,2,2,0,0,0,0,0,0,0,1,0,19.583333333333332,18.0,76.2374,5,1,PET,UPPER APEX,LANG_09,One-Way,mozilla,Organic Search,Organic Search,Logged-Out,AREA_C,AREA_B,AREA_C_TO_AREA_B,CA,BU,61_120,very_high,unknown_or_oneway,Y,S,0,0.5071523,38.66397420105934
1.0,279.8122447,,1,1,0,0,0,0,0,1,0,1,0,19.333333333333332,10.0,76.2374,2,0,PET,UPPER APEX,LANG_02,Round-Trip,google,Organic Search,Organic Search,Logged-In,AREA_B,AREA_C,AREA_B_TO_AREA_C,BE,CA,0_3,very_high,unknown_or_oneway,Y,E,0,0.50712895,38.66219291262626
26.0,207.4749445,,2,1,0,1,0,1,0,0,0,1,0,16.166666666666668,12.0,51.90996,4,1,PET,LOWER VERTEX,LANG_02,One-Way,apple,Organic Search,Organic Search,Logged-Out,AREA_B,AREA_C,AREA_B_TO_AREA_C,BO,CA,15_30,very_high,unknown_or_oneway,Y,S,0,0.74471253,38.65799772512197
16.0,104.0987433,,1,1,0,0,0,0,0,0,0,1,0,15.916666666666666,14.0,80.9649754,3,1,PET,LOWER VERTEX,LANG_02,Round-Trip,apple,Paid Search,Paid Search,Logged-Out,AREA_B,AREA_C,AREA_B_TO_AREA_C,BU,CA,15_30,very_high,unknown_or_oneway,Y,U,0,0.47739547,38.652312882219064
47.0,187.8343914,6.684027777777778,2,2,0,0,0,0,0,0,0,2,1,165.75,17.0,76.2374,5,0,PET,UPPER APEX,LANG_09,Round-Trip,google,Paid Search,Paid Search,Logged-Out,AREA_B,AREA_C,AREA_B_TO_AREA_C,BE,CA,31_60,very_high,6_8,Y,O,0,0.50687087,38.64251694600582
25.0,148.8196878,13.875,1,1,0,0,0,0,0,1,0,2,1,338.0,19.0,71.9544,2,1,PET,UPPER APEX,LANG_02,Round-Trip,apple,Direct,Direct,Logged-In,AREA_C,AREA_C,AREA_C_TO_AREA_C,CA,CA,15_30,very_high,9_14,Y,W,0,0.5362727,38.58718069596291
75.0,113.9894752,78.23611111111111,1,1,0,0,0,0,0,1,0,2,1,1892.0833333333333,13.0,91.3345467,3,1,PET,NORTH MERIDIAN,LANG_02,Round-Trip,google,Paid Search,Paid Search,Logged-In,AREA_C,AREA_B,AREA_C_TO_AREA_B,CA,BI,61_120,very_high,30_plus,Y,O,0,0.4224041,38.58008795049343
89.0,109.460631,44.236111111111114,1,1,0,0,0,0,0,1,0,2,1,1076.0833333333333,9.0,91.3345467,3,1,PET,NORTH MERIDIAN,LANG_02,Round-Trip,google,Paid Search,Paid Search,Logged-In,AREA_C,AREA_B,AREA_C_TO_AREA_B,CA,BI,61_120,very_high,30_plus,Y,O,0,0.4224041,38.58008795049343
80.0,407.3248641,16.385416666666668,3,3,0,0,0,0,0,1,0,3,1,394.1666666666667,21.0,71.9544,2,1,PET,UPPER APEX,LANG_09,Round-Trip,apple,Organic Search,Paid Search,Logged-In,AREA_C,AREA_C,AREA_C_TO_AREA_C,CA,CA,61_120,very_high,15_30,Y,W,0,0.53610545,38.575146276998524
86.0,190.43545729999997,20.64236111111111,1,1,0,0,0,0,0,0,0,2,1,501.3333333333333,20.0,76.2374,2,0,PET,UPPER APEX,LANG_09,Round-Trip,samsung,Direct,Direct,Logged-Out,AREA_B,AREA_C,AREA_B_TO_AREA_C,BE,CA,61_120,very_high,15_30,Y,V,0,0.50596195,38.57322391713857
13.0,73.04185369999999,10.850694444444445,2,2,0,0,0,0,0,0,0,4,1,263.25,11.0,57.6560328,4,0,PET,NEW APEX,LANG_02,Round-Trip,google,Organic Search,Paid Search,Logged-Out,AREA_C,AREA_B,AREA_C_TO_AREA_B,CU,BE,8_14,high,9_14,Y,W,0,0.6677685,38.50088129306488
132.0,447.4784174,30.82986111111111,2,1,1,0,0,0,1,1,1,2,1,745.8333333333334,15.0,71.9544,2,1,PET,UPPER APEX,LANG_02,Round-Trip,microsoft,Direct,Direct,Logged-In,AREA_C,AREA_C,AREA_C_TO_AREA_C,CA,CA,120_plus,very_high,30_plus,Y,S,0,0.53448164,38.45830605039597
57.0,24.5197467,1.8541666666666667,1,1,0,0,0,0,0,1,1,2,1,46.916666666666664,16.0,84.2920098,2,0,PET,NORTH HORIZON,LANG_02,Round-Trip,apple,Paid Search,Paid Search,Logged-In,AREA_B,AREA_B,AREA_B_TO_AREA_B,BA,BE,31_60,low,1_2,Y,W,0,0.4561912,38.4532741074241
6.0,141.28246439999998,,1,1,0,0,0,0,0,0,0,2,1,5.583333333333333,9.0,52.9220329,4,0,PET,GREAT ZENITH,LANG_02,One-Way,microsoft,Organic Search,Organic Search,Logged-Out,AREA_C,AREA_B,AREA_C_TO_AREA_B,CI,BI,4_7,very_high,unknown_or_oneway,Y,Q,0,0.72591484,38.41688882967871
29.0,139.1011325,116.97569444444444,1,1,0,0,0,0,0,0,0,2,1,2813.3333333333335,15.0,71.9544,2,1,PET,UPPER APEX,LANG_02,Round-Trip,google,Paid Search,Paid Search,Logged-Out,AREA_C,AREA_C,AREA_C_TO_AREA_C,CA,CA,15_30,very_high,30_plus,Y,W,0,0.5338867,38.415495084571845
36.0,133.1563285,7.788194444444445,1,1,0,0,0,0,0,0,0,2,1,192.58333333333334,13.0,87.6635874,2,1,PET,LOWER VERTEX,LANG_02,Round-Trip,microsoft,Paid Search,Paid Search,Logged-Out,AREA_B,AREA_C,AREA_B_TO_AREA_C,BO,CA,31_60,very_high,6_8,Y,W,0,0.43817922,38.41236276394209
19.0,127.7987238,,2,2,0,0,0,0,0,1,0,1,0,12.333333333333334,19.0,51.396,5,1,PET,UPPER APEX,LANG_02,One-Way,google,Paid Search,Paid Search,Logged-In,AREA_C,AREA_C,AREA_C_TO_AREA_C,CA,CE,15_30,very_high,unknown_or_oneway,Y,U,0,0.74724007,38.40515045928955
33.0,110.659871,,2,2,0,0,0,0,0,1,0,1,0,12.333333333333334,22.0,51.396,5,1,PET,UPPER APEX,LANG_02,One-Way,google,Organic Search,Organic Search,Logged-In,AREA_C,AREA_C,AREA_C_TO_AREA_C,CA,CE,31_60,very_high,unknown_or_oneway,Y,U,0,0.74698716,38.392152281999586
109.0,440.0204295,20.64236111111111,3,3,0,0,0,0,0,1,0,2,1,501.3333333333333,20.0,76.2374,2,0,PET,UPPER APEX,LANG_09,Round-Trip,google,Direct,Direct,Logged-In,AREA_B,AREA_C,AREA_B_TO_AREA_C,BE,CA,61_120,very_high,15_30,Y,L,0,0.50353044,38.38785177341699
142.0,177.98948759999996,12.979166666666666,1,1,0,0,0,0,0,0,0,2,1,314.6666666666667,23.0,100.7353034,3,1,PET,LOWER VERTEX,LANG_02,Round-Trip,apple,Organic Search,Organic Search,Logged-Out,AREA_B,AREA_C,AREA_B_TO_AREA_C,BU,CA,120_plus,very_high,9_14,Y,W,0,0.38078934,38.35892965028817
25.0,488.835922,5.010416666666667,2,2,0,0,0,0,0,1,1,2,1,126.91666666666667,16.0,126.4547184,5,1,PET,UPPER APEX,LANG_09,Round-Trip,apple,Email,Email,Logged-In,AREA_C,AREA_B,AREA_C_TO_AREA_B,CA,BU,15_30,very_high,6_8,Y,V,0,0.30324224,38.34641160788913
101.0,171.3191434,13.64236111111111,1,1,0,0,0,0,0,1,0,2,1,333.3333333333333,13.0,76.2374,2,0,PET,UPPER APEX,LANG_09,Round-Trip,apple,Direct,Direct,Logged-In,AREA_B,AREA_C,AREA_B_TO_AREA_C,BE,CA,61_120,very_high,9_14,Y,W,0,0.50291467,38.34090664381981
68.0,71.1440564,,2,2,0,0,0,0,0,1,0,1,0,12.333333333333334,12.0,51.396,5,1,PET,UPPER APEX,LANG_02,One-Way,google,Paid MetaSearches,Paid Search,Logged-In,AREA_C,AREA_C,AREA_C_TO_AREA_C,CA,CE,61_120,high,unknown_or_oneway,Y,O,0,0.7459281,38.33772107434273
63.0,92.8391646,,2,2,0,0,0,0,0,1,0,1,0,12.333333333333334,15.0,51.396,5,1,PET,UPPER APEX,LANG_02,One-Way,google,Direct,Direct,Logged-In,AREA_C,AREA_C,AREA_C_TO_AREA_C,CA,CE,61_120,high,unknown_or_oneway,Y,O,0,0.7459281,38.33772107434273
10.0,95.4115344,,3,2,0,0,1,1,0,1,0,1,0,11.666666666666666,16.0,51.396,4,1,PET,UPPER APEX,LANG_02,One-Way,google,Direct,Direct,Logged-In,AREA_C,AREA_C,AREA_C_TO_AREA_C,CA,CE,8_14,high,unknown_or_oneway,Y,O,0,0.7459281,38.33772107434273
54.0,30.4666922,,1,1,0,0,0,0,0,1,1,2,1,157.41666666666666,23.0,56.19296,4,1,PET,UPPER APEX,LANG_09,One-Way,apple,Direct,Direct,Logged-In,AREA_C,AREA_B,AREA_C_TO_AREA_B,CA,BE,31_60,low,unknown_or_oneway,Y,O,0,0.6810389,38.26959257146835
14.0,103.7102752,,2,2,0,0,0,0,0,1,0,1,0,12.333333333333334,19.0,51.396,5,1,PET,UPPER APEX,LANG_02,One-Way,google,Paid Search,Paid Search,Logged-In,AREA_C,AREA_C,AREA_C_TO_AREA_C,CA,CE,8_14,very_high,unknown_or_oneway,Y,U,0,0.74396914,38.23703804469108
189.0,103.807071,,1,1,0,0,0,0,0,0,0,1,0,20.583333333333332,4.0,74.9525,4,1,PET,GREAT ZENITH,LANG_02,One-Way,opera,Direct,Organic Search,Logged-Out,AREA_D,AREA_C,AREA_D_TO_AREA_C,DA,CA,120_plus,very_high,unknown_or_oneway,Y,V,0,0.5101,38.23327077895403
33.0,92.5736186,,2,2,0,0,0,0,0,0,0,1,0,12.333333333333334,18.0,51.396,5,1,PET,UPPER APEX,LANG_02,One-Way,google,Referrals,Paid Search,Logged-Out,AREA_C,AREA_C,AREA_C_TO_AREA_C,CA,CE,31_60,high,unknown_or_oneway,Y,O,0,0.7436969,38.22304731273651
61.0,123.8356639,,1,1,0,0,0,0,0,0,0,2,1,30.5,5.0,51.3236173,5,0,PET,NORTH MERIDIAN,LANG_02,One-Way,apple,Direct,Email,Logged-Out,AREA_B,AREA_B,AREA_B_TO_AREA_B,BI,BO,61_120,very_high,unknown_or_oneway,Y,V,0,0.74474055,38.222778757848914
123.0,127.9614778,13.64236111111111,1,1,0,0,0,0,0,0,0,2,1,333.3333333333333,20.0,76.2374,2,0,PET,SOUTH HORIZON,LANG_02,Round-Trip,apple,Direct,MetaSearches,Logged-Out,AREA_B,AREA_C,AREA_B_TO_AREA_C,BE,CA,120_plus,very_high,9_14,Y,L,0,0.50070554,38.17248854893446
58.0,541.4230243,9.78125,4,2,0,2,0,1,0,0,0,2,1,238.08333333333334,10.0,80.9649754,3,1,PET,LOWER VERTEX,LANG_02,Round-Trip,google,Paid Search,Paid Search,Logged-Out,AREA_B,AREA_C,AREA_B_TO_AREA_C,BU,CA,31_60,very_high,9_14,Y,L,0,0.47139123,38.166179407247334
21.0,93.1818046,,2,1,1,0,0,0,1,1,0,1,0,12.333333333333334,23.0,51.396,5,1,PET,OLD HORIZON,LANG_02,One-Way,apple,Direct,Direct,Logged-In,AREA_C,AREA_C,AREA_C_TO_AREA_C,CA,CE,15_30,high,unknown_or_oneway,Y,O,0,0.74256414,38.16482662940025
41.0,22.889636900000003,,1,1,0,0,0,0,0,0,0,2,1,8.25,14.0,61.7068942,6,0,PET,NEW MERIDIAN,LANG_02,One-Way,google,MetaSearches,MetaSearches,Logged-Out,AREA_C,AREA_C,AREA_C_TO_AREA_C,CE,CI,31_60,low,unknown_or_oneway,Y,V,0,0.61790663,38.12909904530839
53.0,321.0982232,13.958333333333334,2,2,0,0,0,0,0,1,0,2,1,340.9166666666667,22.0,71.9544,2,1,PET,UPPER APEX,LANG_09,Round-Trip,google,Direct,Direct,Logged-In,AREA_C,AREA_C,AREA_C_TO_AREA_C,CA,CA,31_60,very_high,9_14,Y,W,0,0.52951866,38.101197748518
56.0,366.9250383,14.972222222222221,3,2,1,0,0,0,1,1,0,3,1,365.25,21.0,71.9544,2,1,PET,UPPER APEX,LANG_09,Round-Trip,google,Direct,Paid Search,Logged-In,AREA_C,AREA_C,AREA_C_TO_AREA_C,CA,CA,31_60,very_high,15_30,Y,W,0,0.52951866,38.101197748518
39.0,342.4806724,7.784722222222222,2,2,0,0,0,0,0,1,0,2,1,192.75,19.0,71.9544,5,1,PET,UPPER APEX,LANG_09,Round-Trip,apple,Direct,Direct,Logged-In,AREA_C,AREA_C,AREA_C_TO_AREA_C,CA,CA,31_60,very_high,6_8,Y,T,0,0.52921414,38.07928618526459
7.0,53.539641499999995,,1,1,0,0,0,0,0,1,0,1,0,4.916666666666667,12.0,57.3922,5,1,PET,UPPER APEX,LANG_02,One-Way,apple,Direct,Direct,Logged-In,AREA_C,AREA_B,AREA_C_TO_AREA_B,CA,BU,4_7,mid,unknown_or_oneway,Y,S,0,0.6626258,38.02955184431076
39.0,81.3487322,,1,1,0,0,0,0,0,1,0,1,0,10.083333333333334,18.0,52.9730006,5,1,PET,UPPER APEX,LANG_02,One-Way,apple,Direct,Direct,Logged-In,AREA_C,AREA_C,AREA_C_TO_AREA_C,CA,CE,31_60,high,unknown_or_oneway,Y,Q,0,0.71704185,37.9838583550441
41.0,81.3226059,,1,1,0,0,0,0,0,1,0,1,0,10.083333333333334,10.0,52.9730006,5,1,PET,UPPER APEX,LANG_02,One-Way,apple,Direct,Direct,Logged-In,AREA_C,AREA_C,AREA_C_TO_AREA_C,CA,CE,31_60,high,unknown_or_oneway,Y,Q,0,0.71704185,37.9838583550441
39.0,81.3487322,,1,1,0,0,0,0,0,1,0,1,0,10.083333333333334,18.0,52.9730006,5,1,PET,UPPER APEX,LANG_02,One-Way,apple,Direct,Direct,Logged-In,AREA_C,AREA_C,AREA_C_TO_AREA_C,CA,CE,31_60,high,unknown_or_oneway,Y,Q,0,0.71704185,37.9838583550441
8.0,81.1255879,,1,1,0,0,0,0,0,1,0,1,0,10.083333333333334,18.0,52.9730006,5,1,PET,UPPER APEX,LANG_02,One-Way,apple,Direct,Direct,Logged-In,AREA_C,AREA_C,AREA_C_TO_AREA_C,CA,CE,8_14,high,unknown_or_oneway,Y,Q,0,0.71704185,37.9838583550441
42.0,90.6642572,11.23611111111111,1,1,0,0,0,0,0,1,0,2,1,284.0833333333333,18.0,82.2224642,5,1,PET,UPPER VERTEX,LANG_11,Round-Trip,apple,Paid Search,Organic Search,Logged-In,AREA_C,AREA_B,AREA_C_TO_AREA_B,CA,BI,31_60,high,9_14,Y,U,0,0.4613192,37.93080207648626
1.0,96.328953,,1,1,0,0,0,0,0,1,0,1,0,9.166666666666666,7.0,52.9730006,5,1,PET,UPPER APEX,LANG_09,One-Way,apple,Direct,Direct,Logged-In,AREA_C,AREA_C,AREA_C_TO_AREA_C,CA,CE,0_3,high,unknown_or_oneway,Y,K,0,0.71541256,37.89754981783501
1.0,92.6601352,,1,1,0,0,0,0,0,1,0,1,0,9.166666666666666,11.0,52.9730006,5,1,PET,UPPER APEX,LANG_09,One-Way,apple,Direct,Direct,Logged-In,AREA_C,AREA_C,AREA_C_TO_AREA_C,CA,CE,0_3,high,unknown_or_oneway,Y,K,0,0.71541256,37.89754981783501
60.0,81.2133894,,1,1,0,0,0,0,0,1,0,1,0,10.083333333333334,16.0,52.9730006,5,1,PET,UPPER MERIDIAN,LANG_02,One-Way,apple,Direct,Direct,Logged-In,AREA_C,AREA_C,AREA_C_TO_AREA_C,CA,CE,31_60,high,unknown_or_oneway,Y,Q,0,0.7151542,37.883862328945256
26.0,82.0524291,,1,1,0,0,0,0,0,0,0,1,0,10.083333333333334,19.0,52.9730006,5,1,PET,UPPER APEX,LANG_02,One-Way,apple,Direct,Direct,Logged-Out,AREA_C,AREA_C,AREA_C_TO_AREA_C,CA,CE,15_30,high,unknown_or_oneway,Y,Q,0,0.7149162,37.87125784090652
2.0,93.6961929,,1,1,0,0,0,0,0,1,1,1,0,16.416666666666668,13.0,51.90996,4,1,PET,LOWER VERTEX,LANG_02,One-Way,apple,Direct,Direct,Logged-In,AREA_B,AREA_C,AREA_B_TO_AREA_C,BO,CA,0_3,high,unknown_or_oneway,Y,L,0,0.72950095,37.86836510242224
36.0,146.8829152,13.684027777777779,1,1,0,0,0,0,0,1,0,2,1,333.75,12.0,76.2374,2,0,PET,UPPER APEX,LANG_02,Round-Trip,google,Organic Search,Organic Search,Logged-In,AREA_B,AREA_C,AREA_B_TO_AREA_C,BE,CA,31_60,very_high,9_14,Y,W,0,0.4965661,37.856907401627296
59.0,132.7614359,13.684027777777779,1,1,0,0,0,0,0,0,0,2,1,333.75,15.0,76.2374,2,0,PET,UPPER APEX,LANG_02,Round-Trip,google,Paid Search,Paid Search,Logged-Out,AREA_B,AREA_C,AREA_B_TO_AREA_C,BE,CA,31_60,very_high,9_14,Y,L,0,0.49636722,37.84174600148201
21.0,192.7923922,,2,2,0,0,0,0,0,0,0,1,0,10.083333333333334,17.0,52.9730006,5,1,PET,GREAT APEX,LANG_10,One-Way,google,Paid Search,Organic Search,Logged-Out,AREA_C,AREA_C,AREA_C_TO_AREA_C,CA,CE,15_30,very_high,unknown_or_oneway,Y,K,0,0.7141724,37.83185618603796
29.0,219.4806218,283.0,1,1,0,0,0,0,0,0,0,2,1,6799.25,20.0,126.4547184,3,1,PET,UPPER APEX,LANG_09,Round-Trip,google,Organic Search,Referrals,Logged-Out,AREA_C,AREA_B,AREA_C_TO_AREA_B,CA,BU,15_30,very_high,30_plus,Y,V,0,0.29912668,37.82598067532415
3.0,78.4075961,,1,1,0,0,0,0,0,1,1,1,0,10.083333333333334,20.0,52.9730006,5,1,PET,UPPER APEX,LANG_02,One-Way,apple,Direct,Direct,Logged-In,AREA_C,AREA_C,AREA_C_TO_AREA_C,CA,CE,0_3,high,unknown_or_oneway,Y,Q,0,0.7139901,37.82219758661149
21.0,96.782951,10.277777777777779,1,1,0,0,0,0,0,0,0,2,1,260.0833333333333,16.0,90.2783589,2,1,PET,NORTH MERIDIAN,LANG_02,Round-Trip,google,Paid Search,Paid Search,Logged-Out,AREA_C,AREA_B,AREA_C_TO_AREA_B,CA,BI,15_30,high,9_14,Y,L,0,0.41879195,37.807849943870345
172.0,326.86057139999997,13.64236111111111,2,2,0,0,0,0,0,0,0,2,1,333.3333333333333,22.0,76.2374,2,0,PET,UPPER APEX,LANG_09,Round-Trip,apple,Direct,Direct,Logged-Out,AREA_B,AREA_C,AREA_B_TO_AREA_C,BE,CA,120_plus,very_high,9_14,Y,V,0,0.49586466,37.803432395809885
9.0,93.1436859,,1,1,0,0,0,0,0,0,0,1,0,16.416666666666668,11.0,51.90996,3,1,PET,LOWER VERTEX,LANG_02,One-Way,apple,Direct,Direct,Logged-Out,AREA_B,AREA_C,AREA_B_TO_AREA_C,BO,CA,8_14,high,unknown_or_oneway,Y,L,0,0.72698647,37.73783846602678
38.0,105.1450802,6.236111111111111,1,1,0,0,0,0,0,0,0,2,1,164.08333333333334,20.0,91.3345467,5,1,PET,UPPER VERTEX,LANG_11,Round-Trip,apple,Paid Search,Paid Search,Logged-Out,AREA_C,AREA_B,AREA_C_TO_AREA_B,CA,BI,31_60,very_high,6_8,Y,W,0,0.41300252,37.72139802319215
29.0,81.4378186,,1,1,0,0,0,0,0,0,0,1,0,10.083333333333334,16.0,52.9730006,5,1,PET,UPPER APEX,LANG_02,One-Way,apple,Paid Search,Paid Search,Logged-Out,AREA_C,AREA_C,AREA_C_TO_AREA_C,CA,CE,15_30,high,unknown_or_oneway,Y,Q,0,0.7120769,37.72085017752652
83.0,494.6428134,18.01388888888889,3,2,1,0,0,0,1,1,0,2,1,438.25,23.0,71.9544,2,1,PET,UPPER APEX,LANG_09,Round-Trip,opera,Affiliate,Affiliate,Logged-In,AREA_C,AREA_C,AREA_C_TO_AREA_C,CA,CA,61_120,very_high,15_30,Y,W,0,0.5240112,37.70491110835076
130.0,201.9031898,17.0,1,1,0,0,0,0,0,1,0,2,1,415.25,8.0,126.4547184,4,1,PET,UPPER APEX,LANG_02,Round-Trip,apple,Direct,Direct,Logged-In,AREA_C,AREA_B,AREA_C_TO_AREA_B,CA,BU,120_plus,very_high,15_30,Y,S,0,0.29810753,37.6971043467031
130.0,184.77118979999997,17.0,1,1,0,0,0,0,0,1,0,2,1,415.25,8.0,126.4547184,4,1,PET,UPPER APEX,LANG_02,Round-Trip,apple,Direct,Direct,Logged-In,AREA_C,AREA_B,AREA_C_TO_AREA_B,CA,BU,120_plus,very_high,15_30,Y,S,0,0.29810753,37.6971043467031
0.0,30.4337131,13.916666666666666,1,1,0,0,0,0,0,0,0,5,1,335.25,9.0,57.6046368,6,0,PET,UPPER VERTEX,LANG_11,Round-Trip,google,Paid Search,Paid Search,Logged-Out,AREA_B,AREA_C,AREA_B_TO_AREA_C,BI,CI,invalid_or_past,low,9_14,Y,V,0,0.6534117,37.63954287712498
40.0,211.3437784,42.78125,1,1,0,0,0,0,0,0,0,2,1,1030.0833333333333,20.0,80.9649754,3,1,PET,LOWER VERTEX,LANG_09,Round-Trip,google,Paid Search,Paid Search,Logged-Out,AREA_B,AREA_C,AREA_B_TO_AREA_C,BU,CA,31_60,very_high,30_plus,Y,U,0,0.46439826,37.599994092212555
5.0,155.2304822,,1,1,0,0,0,0,0,1,0,2,1,30.5,11.0,51.3236173,5,0,PET,NORTH MERIDIAN,LANG_02,One-Way,apple,Direct,Direct,Logged-In,AREA_B,AREA_B,AREA_B_TO_AREA_B,BI,BO,4_7,very_high,unknown_or_oneway,Y,T,0,0.73153627,37.545087520870965
18.0,318.9524402,10.78125,1,1,0,0,0,0,0,1,0,2,1,262.0833333333333,20.0,80.9649754,5,1,PET,LOWER VERTEX,LANG_02,Round-Trip,apple,Direct,Direct,Logged-In,AREA_B,AREA_C,AREA_B_TO_AREA_C,BU,CA,15_30,very_high,9_14,P,R,0,0.46365595,37.5398924756135
4.0,192.5773856,,2,2,0,0,0,0,0,1,1,1,0,10.083333333333334,3.0,52.9730006,5,1,PET,UPPER APEX,LANG_02,One-Way,samsung,Direct,Direct,Logged-In,AREA_C,AREA_C,AREA_C_TO_AREA_C,CA,CE,4_7,very_high,unknown_or_oneway,Y,K,0,0.7085208,37.532474335623036
2.0,128.2492954,,1,1,0,0,0,0,0,0,0,1,0,10.083333333333334,15.0,52.9730006,5,1,PET,UPPER APEX,LANG_02,One-Way,apple,Direct,Paid Search,Logged-Out,AREA_C,AREA_C,AREA_C_TO_AREA_C,CA,CE,0_3,very_high,unknown_or_oneway,Y,E,0,0.7083006,37.52080760633869
196.0,918.7656035,,5,4,0,1,0,1,0,0,0,2,1,398.75,12.0,76.2374,2,1,PET,UPPER APEX,LANG_02,Multi-City,google,Direct,Direct,Logged-Out,AREA_C,AREA_C,AREA_C_TO_AREA_C,CA,CA,120_plus,very_high,unknown_or_oneway,Y,V,0,0.49205413,37.51292788171172
2.0,76.8400181,,1,1,0,0,0,0,0,0,0,1,0,9.166666666666666,21.0,52.9730006,5,1,PET,UPPER APEX,LANG_09,One-Way,apple,Paid Search,Paid Search,Logged-Out,AREA_C,AREA_C,AREA_C_TO_AREA_C,CA,CE,0_3,high,unknown_or_oneway,Y,Q,0,0.7076113,37.48429500621848
20.0,88.0601932,,1,1,0,0,0,0,0,1,0,1,0,20.583333333333332,23.0,53.4124364,4,1,PET,LOWER VERTEX,LANG_02,One-Way,apple,Direct,Direct,Logged-In,AREA_D,AREA_C,AREA_D_TO_AREA_C,DA,CA,15_30,high,unknown_or_oneway,Y,V,0,0.7016753,37.47818711195893
58.0,39.6999836,3.8541666666666665,2,2,0,0,0,0,0,0,0,2,1,94.91666666666667,21.0,84.2920098,1,0,PET,NORTH HORIZON,LANG_04,Round-Trip,google,Paid Search,Paid Search,Logged-Out,AREA_B,AREA_B,AREA_B_TO_AREA_B,BA,BE,31_60,mid,3_5,Y,O,0,0.44424042,37.44591792527148
15.0,171.881073,,1,1,0,0,0,0,0,0,0,2,1,30.5,4.0,51.3236173,5,0,PET,NORTH MERIDIAN,LANG_02,One-Way,apple,Direct,Direct,Logged-Out,AREA_B,AREA_B,AREA_B_TO_AREA_B,BI,BO,15_30,very_high,unknown_or_oneway,Y,T,0,0.7294784,37.43947119648898
4.0,181.1267851,,1,1,0,0,0,0,0,0,0,2,1,30.5,1.0,51.3236173,5,0,PET,NORTH MERIDIAN,LANG_02,One-Way,apple,Organic Search,Organic Search,Logged-Out,AREA_B,AREA_B,AREA_B_TO_AREA_B,BI,BO,4_7,very_high,unknown_or_oneway,Y,S,0,0.72941405,37.43616734043301
29.0,293.7761096,12.097222222222221,2,1,1,0,0,0,1,1,0,2,1,304.75,10.0,90.2783589,2,1,PET,UPPER VERTEX,LANG_11,Round-Trip,google,MetaSearches,Organic Search,Logged-In,AREA_C,AREA_B,AREA_C_TO_AREA_B,CA,BI,15_30,very_high,9_14,Y,T,0,0.41457587,37.42722961696792
37.0,152.8893944,37.03125,1,1,0,0,0,0,0,0,0,2,1,894.6666666666666,14.0,71.9544,2,1,PET,EAST ZENITH,LANG_02,Round-Trip,microsoft,Organic Search,Organic Search,Logged-Out,AREA_C,AREA_C,AREA_C_TO_AREA_C,CA,CA,31_60,very_high,30_plus,Y,L,0,0.51981854,37.40323147029877
1.0,83.5236396,,1,1,0,0,0,0,0,0,0,1,0,10.083333333333334,13.0,52.9730006,5,1,PET,UPPER APEX,LANG_02,One-Way,apple,Organic Search,Paid Search,Logged-Out,AREA_C,AREA_C,AREA_C_TO_AREA_C,CA,CE,0_3,high,unknown_or_oneway,Y,Q,0,0.70604336,37.40123547156246
123.0,146.67347650000002,13.64236111111111,1,1,0,0,0,0,0,0,0,2,1,333.3333333333333,16.0,76.2374,2,0,PET,UPPER APEX,LANG_09,Round-Trip,apple,Direct,Direct,Logged-Out,AREA_B,AREA_C,AREA_B_TO_AREA_C,BE,CA,120_plus,very_high,9_14,Y,L,0,0.49054122,37.39758718361854
,769.5129044,138.90277777777777,5,2,1,2,0,1,1,0,0,4,1,3337.0,16.0,46.7420922,3,0,PET,NORTH MERIDIAN,LANG_02,Round-Trip,mozilla,Paid Search,Paid Search,Logged-Out,AREA_B,AREA_C,AREA_B_TO_AREA_C,BI,CI,,very_high,30_plus,Y,V,1,0.7996271,37.3762448146741
83.0,353.8940108,13.010416666666666,2,2,0,0,0,0,0,0,0,2,1,318.9166666666667,11.0,126.4547184,3,1,PET,UPPER VERTEX,LANG_11,Round-Trip,google,Organic Search,Organic Search,Logged-Out,AREA_C,AREA_B,AREA_C_TO_AREA_B,CA,BU,61_120,very_high,9_14,Y,W,0,0.29545167,37.361257842583036
39.0,312.4996724,14.784722222222221,2,2,0,0,0,0,0,0,0,2,1,360.75,19.0,71.9544,2,1,PET,UPPER APEX,LANG_09,Round-Trip,mozilla,Organic Search,Organic Search,Logged-Out,AREA_C,AREA_C,AREA_C_TO_AREA_C,CA,CA,31_60,very_high,15_30,Y,T,0,0.519186,37.357718550109865
5.0,25.5939231,,1,1,0,0,0,0,0,1,0,1,0,2.6666666666666665,17.0,52.869352,4,1,PET,UPPER VERTEX,LANG_02,One-Way,google,Organic Search,Organic Search,Logged-In,AREA_B,AREA_C,AREA_B_TO_AREA_C,BO,CA,4_7,low,unknown_or_oneway,Y,T,0,0.7062657,37.339809261354446
0.0,319.6998237,14.78125,2,2,0,0,0,0,0,0,0,2,1,358.0833333333333,22.0,100.7353034,3,1,PET,LOWER VERTEX,LANG_02,Round-Trip,google,Paid Search,Paid Search,Logged-Out,AREA_B,AREA_C,AREA_B_TO_AREA_C,BU,CA,invalid_or_past,very_high,15_30,Y,W,0,0.3701104,37.28318268708198
241.0,133.5370872,99.78472222222223,1,1,0,0,0,0,0,0,0,2,1,2398.0,22.0,80.9649754,3,1,PET,LOWER VERTEX,LANG_09,Round-Trip,apple,Paid Search,Paid Search,Logged-Out,AREA_B,AREA_C,AREA_B_TO_AREA_C,BU,CA,120_plus,very_high,30_plus,Y,L,0,0.46039724,37.276051494185545
3.0,82.0644215,,1,1,0,0,0,0,0,1,0,1,0,10.666666666666666,13.0,52.9730006,5,1,PET,UPPER APEX,LANG_09,One-Way,apple,Direct,Email,Logged-In,AREA_C,AREA_C,AREA_C_TO_AREA_C,CA,CE,0_3,high,unknown_or_oneway,Y,Q,0,0.7036543,37.274679086400035
101.0,527.425752,15.010416666666666,3,3,0,0,0,0,0,0,0,2,1,366.9166666666667,21.0,126.4547184,3,1,PET,UPPER APEX,LANG_02,Round-Trip,apple,Direct,Direct,Logged-Out,AREA_C,AREA_B,AREA_C_TO_AREA_B,CA,BU,61_120,very_high,15_30,Y,L,0,0.29465756,37.26083854695955
85.0,202.5567756,,2,2,0,0,0,0,0,1,0,1,0,20.583333333333332,18.0,53.4124364,4,1,PET,UPPER VERTEX,LANG_11,One-Way,samsung,Direct,Direct,Logged-In,AREA_D,AREA_C,AREA_D_TO_AREA_C,DA,CA,61_120,very_high,unknown_or_oneway,Y,V,0,0.69712806,37.23530803279848
23.0,152.8208664,6.78125,2,2,0,0,0,0,0,0,0,2,1,166.08333333333334,14.0,80.9649754,4,1,PET,LOWER VERTEX,LANG_02,Round-Trip,google,Paid Search,Paid Search,Logged-Out,AREA_B,AREA_C,AREA_B_TO_AREA_C,BU,CA,15_30,very_high,6_8,Y,U,0,0.45985687,37.23229998815639
20.0,198.8986653,13.684027777777779,1,1,0,0,0,0,0,0,0,2,1,333.75,23.0,76.2374,2,0,PET,EAST ZENITH,LANG_08,Round-Trip,google,Direct,Referrals,Logged-Out,AREA_B,AREA_C,AREA_B_TO_AREA_C,BE,CA,15_30,very_high,9_14,Y,W,0,0.48818547,37.217990594995015
15.0,94.1493343,,1,1,0,0,0,0,0,0,0,1,0,10.083333333333334,10.0,52.9730006,5,1,PET,UPPER APEX,LANG_09,One-Way,apple,Paid Search,Paid Search,Logged-Out,AREA_C,AREA_C,AREA_C_TO_AREA_C,CA,CE,15_30,high,unknown_or_oneway,Y,Q,0,0.7024495,37.21085781467487
17.0,92.8177496,,2,2,0,0,0,0,0,1,0,3,1,42.68333333333333,20.0,51.396,5,1,PET,UPPER APEX,LANG_02,One-Way,samsung,Direct,Direct,Logged-In,AREA_C,AREA_C,AREA_C_TO_AREA_C,CA,CE,15_30,high,unknown_or_oneway,Y,O,0,0.7237466,37.19768013882637
72.0,400.0116416,15.010416666666666,3,2,0,0,1,1,0,0,0,2,1,366.9166666666667,12.0,126.4547184,3,1,PET,UPPER APEX,LANG_09,Round-Trip,google,Direct,Direct,Logged-Out,AREA_C,AREA_B,AREA_C_TO_AREA_B,CA,BU,61_120,very_high,15_30,Y,S,0,0.2941551,37.19729920431104
31.0,351.8415972,15.010416666666666,2,2,0,0,0,0,0,0,0,2,1,366.9166666666667,16.0,126.4547184,4,1,PET,UPPER APEX,LANG_09,Round-Trip,google,Direct,Direct,Logged-Out,AREA_C,AREA_B,AREA_C_TO_AREA_B,CA,BU,31_60,very_high,15_30,Y,T,0,0.2941551,37.19729920431104
11.0,11.6471902,,1,1,0,0,0,0,0,1,0,1,0,3.0833333333333335,22.0,51.396,5,1,PET,UPPER APEX,LANG_09,One-Way,apple,Direct,Direct,Logged-In,AREA_C,AREA_C,AREA_C_TO_AREA_C,CA,CI,8_14,very_low,unknown_or_oneway,Y,O,0,0.72153044,37.08377836418152
7.0,155.6553558,22.739583333333332,1,1,0,0,0,0,0,0,0,2,1,549.0833333333334,10.0,80.9649754,3,1,PET,LOWER VERTEX,LANG_02,Round-Trip,google,Direct,Paid Search,Logged-Out,AREA_B,AREA_C,AREA_B_TO_AREA_C,BU,CA,4_7,very_high,15_30,Y,T,0,0.45791453,37.0750387564145
79.0,109.6289529,38.236111111111114,1,1,0,0,0,0,0,0,0,2,1,932.0833333333334,16.0,91.3345467,3,1,PET,UPPER APEX,LANG_02,Round-Trip,google,Direct,Direct,Logged-Out,AREA_C,AREA_B,AREA_C_TO_AREA_B,CA,BI,61_120,very_high,30_plus,Y,O,0,0.4058435,37.067531767770696
35.0,308.40512440000003,7.875,2,2,0,0,0,0,0,0,0,2,1,194.0,17.0,71.9544,2,1,PET,UPPER APEX,LANG_09,Round-Trip,apple,Email,Email,Logged-Out,AREA_C,AREA_C,AREA_C_TO_AREA_C,CA,CA,31_60,very_high,6_8,Y,S,0,0.514993,37.056013179159166
178.0,296.7103929,,3,2,1,0,0,0,1,0,0,1,0,20.583333333333332,20.0,74.7991686,4,1,PET,UPPER APEX,LANG_09,One-Way,google,Paid Search,Paid Search,Logged-Out,AREA_D,AREA_C,AREA_D_TO_AREA_C,DA,CA,120_plus,very_high,unknown_or_oneway,Y,V,0,0.49499273,37.025044891569614
3.0,162.76599240000002,,1,1,0,0,0,0,0,0,0,2,1,30.5,21.0,51.3236173,5,0,PET,NORTH MERIDIAN,LANG_02,One-Way,apple,Paid Search,Paid Search,Logged-Out,AREA_B,AREA_B,AREA_B_TO_AREA_B,BI,BO,0_3,very_high,unknown_or_oneway,Y,T,0,0.7210007,37.004362531295016
132.0,578.0431026,,3,3,0,0,0,0,0,1,0,2,1,-232.33333333333334,23.0,126.4547184,3,1,PET,UPPER APEX,LANG_09,Round-Trip,apple,Organic Search,Email,Logged-In,AREA_C,AREA_B,AREA_C_TO_AREA_B,CA,BU,120_plus,very_high,unknown_or_oneway,Y,Q,0,0.29258865,36.999215492036534
247.0,213.80650339999997,,2,2,0,0,0,0,0,1,0,1,0,20.583333333333332,20.0,74.7991686,4,1,PET,UPPER APEX,LANG_09,One-Way,other,Direct,Direct,Logged-In,AREA_D,AREA_C,AREA_D_TO_AREA_C,DA,CA,120_plus,very_high,unknown_or_oneway,Y,S,0,0.4945536,36.992197792583674
6.0,133.8544575,6.680555555555555,1,1,0,0,0,0,0,1,1,2,1,166.0,19.0,87.6635874,5,1,PET,LOWER VERTEX,LANG_02,Round-Trip,google,Organic Search,Organic Search,Logged-In,AREA_B,AREA_C,AREA_B_TO_AREA_C,BO,CA,4_7,very_high,6_8,Y,V,0,0.42197174,36.99155636416444
3.0,83.3711648,,1,1,0,0,0,0,0,0,0,1,0,10.083333333333334,13.0,52.9730006,5,1,PET,UPPER APEX,LANG_09,One-Way,apple,Direct,Direct,Logged-Out,AREA_C,AREA_C,AREA_C_TO_AREA_C,CA,CE,0_3,high,unknown_or_oneway,Y,Q,0,0.6978462,36.967005806729176
24.0,27.7058704,1.8541666666666667,1,1,0,0,0,0,0,0,1,2,1,46.916666666666664,19.0,76.6579906,2,0,PET,NORTH HORIZON,LANG_04,Round-Trip,apple,Direct,Direct,Logged-Out,AREA_B,AREA_B,AREA_B_TO_AREA_B,BA,BE,15_30,low,1_2,Y,O,0,0.48204318,36.952461322783265
89.0,158.903583,31.010416666666668,1,1,0,0,0,0,0,0,0,2,1,750.9166666666666,21.0,126.4547184,3,1,PET,UPPER APEX,LANG_02,Round-Trip,microsoft,Direct,Direct,Logged-Out,AREA_C,AREA_B,AREA_C_TO_AREA_B,CA,BU,61_120,very_high,30_plus,Y,L,0,0.29210478,36.938027783421994
33.0,203.2737498,,2,2,0,0,0,0,0,1,0,1,0,12.333333333333334,13.0,51.396,5,1,PET,UPPER APEX,LANG_02,One-Way,google,Paid Search,Paid Search,Logged-In,AREA_C,AREA_C,AREA_C_TO_AREA_C,CA,CE,31_60,very_high,unknown_or_oneway,Y,S,0,0.7186703,36.93677918028831
30.0,111.12371989999998,,2,2,0,0,0,0,0,0,0,1,0,6.666666666666667,15.0,46.551927,3,1,PET,GREAT MERIDIAN,LANG_02,One-Way,mozilla,Direct,Direct,Logged-Out,AREA_B,AREA_C,AREA_B_TO_AREA_C,BE,CA,15_30,very_high,unknown_or_oneway,Y,T,1,0.793123,36.92140431553673
2.0,252.4845632,10.875,1,1,0,0,0,0,0,0,0,3,1,266.0,12.0,76.2374,2,0,PET,EAST ZENITH,LANG_08,Round-Trip,microsoft,MetaSearches,MetaSearches,Logged-Out,AREA_B,AREA_C,AREA_B_TO_AREA_C,BE,CA,0_3,very_high,9_14,P,A,0,0.48390973,36.89201935584545
95.0,325.1542242,13.64236111111111,2,2,0,0,0,0,0,0,0,2,1,333.3333333333333,12.0,76.2374,2,0,PET,UPPER APEX,LANG_09,Round-Trip,google,Paid Search,Paid Search,Logged-Out,AREA_B,AREA_C,AREA_B_TO_AREA_C,BE,CA,61_120,very_high,9_14,Y,W,0,0.48385122,36.88755931860804
24.0,210.299583,31.010416666666668,1,1,0,0,0,0,0,1,0,2,1,750.9166666666666,19.0,126.4547184,4,1,PET,UPPER APEX,LANG_09,Round-Trip,google,Paid Search,Paid Search,Logged-In,AREA_C,AREA_B,AREA_C_TO_AREA_B,CA,BU,15_30,very_high,30_plus,Y,T,0,0.2915339,36.86583563349466
79.0,275.59391800000003,18.010416666666668,2,1,0,1,0,1,0,1,1,2,1,438.9166666666667,19.0,126.4547184,3,1,PET,UPPER APEX,LANG_02,Round-Trip,mozilla,Direct,Direct,Logged-In,AREA_C,AREA_B,AREA_C_TO_AREA_B,CA,BU,61_120,very_high,15_30,Y,L,0,0.29151624,36.86360459607783
28.0,238.7232842,,2,1,1,0,0,0,1,0,0,1,0,20.583333333333332,14.0,53.4124364,4,1,PET,UPPER VERTEX,LANG_10,One-Way,google,Organic Search,Organic Search,Logged-Out,AREA_D,AREA_C,AREA_D_TO_AREA_C,DA,CA,15_30,very_high,unknown_or_oneway,Y,S,0,0.6899206,36.85034039442961
96.0,184.1707132,8.010416666666666,1,1,0,0,0,0,0,1,0,2,1,198.91666666666666,12.0,126.4547184,3,1,PET,UPPER VERTEX,LANG_02,Round-Trip,apple,Direct,Direct,Logged-In,AREA_C,AREA_B,AREA_C_TO_AREA_B,CA,BU,61_120,very_high,9_14,Y,S,0,0.29107887,36.8082959725482
97.0,365.3339038,8.135416666666666,2,2,0,0,0,0,0,1,0,3,1,196.16666666666666,11.0,76.2374,2,0,PET,UPPER APEX,LANG_09,Round-Trip,microsoft,Referrals,Paid Search,Logged-In,AREA_B,AREA_C,AREA_B_TO_AREA_C,BE,CA,61_120,very_high,9_14,Y,V,0,0.48252153,36.78618719358444
13.0,106.8458595,,1,1,0,0,0,0,0,1,0,1,0,16.416666666666668,7.0,51.90996,4,1,PET,UPPER VERTEX,LANG_10,One-Way,google,Organic Search,Organic Search,Logged-In,AREA_B,AREA_C,AREA_B_TO_AREA_C,BO,CA,8_14,very_high,unknown_or_oneway,Y,S,0,0.7085775,36.78223039279461
85.0,152.03193779999998,,2,2,0,0,0,0,0,1,0,1,0,12.333333333333334,18.0,51.396,5,1,PET,UPPER APEX,LANG_09,One-Way,apple,Direct,Direct,Logged-In,AREA_C,AREA_C,AREA_C_TO_AREA_C,CA,CE,61_120,very_high,unknown_or_oneway,Y,W,0,0.7153204,36.76460770726204
121.0,171.080152,,4,3,0,1,0,1,0,1,0,1,0,6.666666666666667,20.0,56.19296,3,1,PET,UPPER APEX,LANG_09,One-Way,apple,Direct,Direct,Logged-In,AREA_B,AREA_C,AREA_B_TO_AREA_C,BE,CA,120_plus,very_high,unknown_or_oneway,Y,W,0,0.65423954,36.76365603931427
33.0,83.0649303,,1,1,0,0,0,0,0,0,0,1,0,16.416666666666668,19.0,51.90996,4,1,PET,UPPER APEX,LANG_02,One-Way,google,Direct,Paid Search,Logged-Out,AREA_B,AREA_C,AREA_B_TO_AREA_C,BO,CA,31_60,high,unknown_or_oneway,P,J,0,0.70778227,36.740949247798916
82.0,154.7045298,14.840277777777779,1,1,0,0,0,0,0,0,0,2,1,362.0833333333333,10.0,76.2374,2,0,PET,UPPER APEX,LANG_09,Round-Trip,google,Direct,Direct,Logged-Out,AREA_B,AREA_C,AREA_B_TO_AREA_C,BE,CA,61_120,very_high,15_30,Y,V,0,0.48189315,36.73828098617196
48.0,105.2401628,,3,1,0,2,0,1,0,0,0,1,0,12.333333333333334,12.0,51.396,4,1,PET,UPPER APEX,LANG_02,One-Way,google,Organic Search,Organic Search,Logged-Out,AREA_C,AREA_C,AREA_C_TO_AREA_C,CA,CE,31_60,very_high,unknown_or_oneway,Y,O,0,0.7141819,36.70609293365479
71.0,491.0099728,15.010416666666666,4,2,0,2,0,1,0,0,0,2,1,366.9166666666667,13.0,126.4547184,4,1,PET,UPPER APEX,LANG_09,Round-Trip,microsoft,Paid Search,Paid Search,Logged-Out,AREA_C,AREA_B,AREA_C_TO_AREA_B,CA,BU,61_120,very_high,15_30,Y,L,0,0.29011542,36.68646324009619
184.0,455.2023796,,2,2,0,0,0,0,0,0,0,2,1,-232.33333333333334,18.0,126.4547184,3,1,PET,UPPER APEX,LANG_09,Round-Trip,apple,Paid Search,Paid Search,Logged-Out,AREA_C,AREA_B,AREA_C_TO_AREA_B,CA,BU,120_plus,very_high,unknown_or_oneway,P,R,0,0.28991568,36.661205786096765
237.0,137.38193629999998,13.64236111111111,1,1,0,0,0,0,0,1,0,2,1,333.3333333333333,15.0,76.2374,2,0,PET,UPPER APEX,LANG_09,Round-Trip,apple,Direct,Direct,Logged-In,AREA_B,AREA_C,AREA_B_TO_AREA_C,BE,CA,120_plus,very_high,9_14,Y,L,0,0.48087972,36.66101987243891
44.0,143.35243830000002,20.03125,1,1,0,0,0,0,0,0,0,2,1,486.6666666666667,,71.9544,2,1,PET,UPPER VERTEX,LANG_11,Round-Trip,samsung,Direct,Direct,Logged-Out,AREA_C,AREA_C,AREA_C_TO_AREA_C,CA,CA,31_60,very_high,15_30,Y,W,0,0.5093045,36.64670140342713
1.0,120.8495563,,1,1,0,0,0,0,0,0,0,1,0,16.416666666666668,2.0,51.90996,3,1,PET,UPPER VERTEX,LANG_10,One-Way,google,Paid Search,Organic Search,Logged-Out,AREA_B,AREA_C,AREA_B_TO_AREA_C,BO,CA,0_3,very_high,unknown_or_oneway,Y,S,0,0.70559466,36.62739051720142
15.0,172.32008050000002,10.0,1,1,0,0,0,0,0,0,0,3,1,245.33333333333334,21.0,76.2374,3,0,PET,EAST ZENITH,LANG_02,Round-Trip,google,Direct,Direct,Logged-Out,AREA_B,AREA_C,AREA_B_TO_AREA_C,BE,CA,15_30,very_high,9_14,Y,T,0,0.48001143,36.59482364986538
38.0,132.653076,,3,2,0,1,0,1,0,1,1,1,0,12.333333333333334,11.0,51.396,4,1,PET,UPPER APEX,LANG_09,One-Way,google,Paid Search,Paid Search,Logged-In,AREA_C,AREA_C,AREA_C_TO_AREA_C,CA,CE,31_60,very_high,unknown_or_oneway,Y,O,0,0.7119995,36.59392506623268
27.0,31.698482999999996,5.430555555555555,1,1,0,0,0,0,0,0,0,4,1,131.58333333333334,17.0,57.6046368,5,0,PET,CENTRAL MERIDIAN,LANG_02,Round-Trip,google,Paid Search,Paid Search,Logged-Out,AREA_B,AREA_C,AREA_B_TO_AREA_C,BI,CI,15_30,low,6_8,Y,S,0,0.6351407,36.58705032138005
95.0,98.9377283,30.23611111111111,1,1,0,0,0,0,0,0,0,2,1,740.0833333333334,16.0,91.3345467,3,1,PET,UPPER APEX,LANG_09,Round-Trip,apple,Direct,Direct,Logged-Out,AREA_C,AREA_B,AREA_C_TO_AREA_B,CA,BI,61_120,high,30_plus,Y,U,0,0.40042174,36.57233798610124
10.0,139.3307013,11.815972222222221,1,1,0,0,0,0,0,1,0,3,1,288.5833333333333,14.0,71.9544,2,1,PET,UPPER APEX,LANG_09,Round-Trip,apple,Direct,Direct,Logged-In,AREA_C,AREA_C,AREA_C_TO_AREA_C,CA,CA,8_14,very_high,9_14,Y,S,0,0.5081646,36.56467778878212
47.0,44.8828419,,1,1,0,0,0,0,0,1,1,1,0,12.333333333333334,8.0,51.396,5,1,PET,UPPER APEX,LANG_02,One-Way,apple,Direct,Direct,Logged-In,AREA_C,AREA_C,AREA_C_TO_AREA_C,CA,CE,31_60,mid,unknown_or_oneway,Y,U,0,0.7112669,36.55627232122421
40.0,52.03845,,1,1,0,0,0,0,0,1,0,1,0,12.333333333333334,16.0,51.396,5,1,PET,UPPER APEX,LANG_02,One-Way,apple,Direct,Direct,Logged-In,AREA_C,AREA_C,AREA_C_TO_AREA_C,CA,CE,31_60,mid,unknown_or_oneway,Y,U,0,0.7112669,36.55627232122421
13.0,51.8894016,,1,1,0,0,0,0,0,1,0,1,0,12.333333333333334,23.0,51.396,5,1,PET,UPPER APEX,LANG_02,One-Way,apple,Direct,Direct,Logged-In,AREA_C,AREA_C,AREA_C_TO_AREA_C,CA,CE,8_14,mid,unknown_or_oneway,Y,U,0,0.7112669,36.55627232122421
39.0,44.8704212,,1,1,0,0,0,0,0,1,0,1,0,12.333333333333334,20.0,51.396,5,1,PET,UPPER APEX,LANG_02,One-Way,apple,Direct,Direct,Logged-In,AREA_C,AREA_C,AREA_C_TO_AREA_C,CA,CE,31_60,mid,unknown_or_oneway,Y,U,0,0.7112669,36.55627232122421
70.0,131.1870051,22.23611111111111,1,1,0,0,0,0,0,0,0,2,1,548.0833333333334,11.0,82.2224642,3,1,PET,NORTH MERIDIAN,LANG_02,Round-Trip,google,Paid Search,Organic Search,Logged-Out,AREA_C,AREA_B,AREA_C_TO_AREA_B,CA,BI,61_120,very_high,15_30,Y,L,0,0.4444167,36.54103635311216
6.0,389.3919431,,1,1,0,0,0,0,0,0,0,1,0,0.8333333333333334,20.0,65.4583739,2,0,PET,NORTH MERIDIAN,LANG_02,Round-Trip,apple,Direct,Direct,Logged-Out,AREA_C,AREA_B,AREA_C_TO_AREA_B,CI,BI,4_7,very_high,unknown_or_oneway,Y,Y,0,0.55766934,36.504128272674805
26.0,89.80594400000001,,2,2,0,0,0,0,0,0,0,1,0,12.333333333333334,15.0,51.396,5,1,PET,UPPER APEX,LANG_09,One-Way,mozilla,Organic Search,Organic Search,Logged-Out,AREA_C,AREA_C,AREA_C_TO_AREA_C,CA,CE,15_30,high,unknown_or_oneway,Y,U,0,0.71024054,36.50352294230461
5.0,53.2873728,,1,1,0,0,0,0,0,1,1,1,0,4.916666666666667,18.0,57.3922,5,1,PET,LOWER VERTEX,LANG_02,One-Way,apple,Direct,Push Notifications,Logged-In,AREA_C,AREA_B,AREA_C_TO_AREA_B,CA,BU,4_7,mid,unknown_or_oneway,Y,S,0,0.63600093,36.50149264723063
21.0,20.010176,,1,1,0,0,0,0,0,0,0,1,0,2.6666666666666665,12.0,52.869352,4,1,PET,NORTH HORIZON,LANG_04,One-Way,google,Paid Search,Paid Search,Logged-Out,AREA_B,AREA_C,AREA_B_TO_AREA_C,BO,CA,15_30,very_low,unknown_or_oneway,Y,W,0,0.6902358,36.492319134337905
30.0,46.2067172,,1,1,0,0,0,0,0,1,0,1,0,12.333333333333334,23.0,51.396,5,1,PET,UPPER APEX,LANG_02,One-Way,apple,Direct,Direct,Logged-In,AREA_C,AREA_C,AREA_C_TO_AREA_C,CA,CE,15_30,mid,unknown_or_oneway,Y,O,0,0.70964795,36.473066218614576
91.0,420.0526552,24.39236111111111,2,2,0,0,0,0,0,1,0,2,1,592.6666666666666,20.0,126.4547184,3,1,PET,UPPER APEX,LANG_09,Round-Trip,google,Paid Search,Paid Search,Logged-In,AREA_C,AREA_B,AREA_C_TO_AREA_B,CA,BU,61_120,very_high,15_30,Y,T,0,0.2883977,36.46924988943
29.0,47.549866,,1,1,0,0,0,0,0,1,0,1,0,5.083333333333333,9.0,57.3922,5,1,PET,UPPER APEX,LANG_02,One-Way,apple,Direct,Direct,Logged-In,AREA_C,AREA_B,AREA_C_TO_AREA_B,CA,BU,15_30,mid,unknown_or_oneway,Y,V,0,0.6354232,36.46833442869187
102.0,50.691018199999995,9.833333333333334,2,1,0,1,0,1,0,0,0,2,1,239.33333333333334,9.0,58.42012,1,0,PET,GREAT MERIDIAN,LANG_03,Round-Trip,apple,Direct,Direct,Logged-Out,AREA_B,AREA_B,AREA_B_TO_AREA_B,BE,BA,61_120,mid,9_14,Y,U,0,0.6242412,36.46824425122023
49.0,44.935094500000005,,1,1,0,0,0,0,0,0,0,1,0,12.333333333333334,22.0,51.396,5,1,PET,LOWER MERIDIAN,LANG_02,One-Way,apple,Direct,Organic Search,Logged-Out,AREA_C,AREA_C,AREA_C_TO_AREA_C,CA,CE,31_60,mid,unknown_or_oneway,Y,U,0,0.70946705,36.46376867723465
17.0,162.5818234,,2,2,0,0,0,0,0,0,0,1,0,10.083333333333334,18.0,52.9730006,5,1,PET,UPPER APEX,LANG_09,One-Way,google,Paid MetaSearches,Paid MetaSearches,Logged-Out,AREA_C,AREA_C,AREA_C_TO_AREA_C,CA,CE,15_30,very_high,unknown_or_oneway,Y,Q,0,0.6882831,36.46042031827476
123.0,181.5323852,19.885416666666668,1,1,0,0,0,0,0,1,0,2,1,483.1666666666667,13.0,71.9544,2,1,PET,UPPER VERTEX,LANG_11,Round-Trip,apple,Direct,Direct,Logged-In,AREA_C,AREA_C,AREA_C_TO_AREA_C,CA,CA,120_plus,very_high,15_30,Y,L,0,0.5066767,36.45761606369019
47.0,309.2163246,8.847222222222221,2,2,0,0,0,0,0,0,0,2,1,218.25,22.0,71.9544,2,1,PET,WEST VERTEX,LANG_02,Round-Trip,google,Paid Search,Paid Search,Logged-Out,AREA_C,AREA_C,AREA_C_TO_AREA_C,CA,CA,31_60,very_high,9_14,Y,S,0,0.5066758,36.45755173144341
14.0,307.2200183,,2,2,0,0,0,0,0,0,0,2,1,30.5,15.0,51.3236173,5,0,PET,NORTH MERIDIAN,LANG_02,One-Way,google,Direct,Paid Search,Logged-Out,AREA_B,AREA_B,AREA_B_TO_AREA_B,BI,BO,8_14,very_high,unknown_or_oneway,Y,V,0,0.709685,36.4236027600482
3.0,83.1720053,,1,1,0,0,0,0,0,0,0,1,0,10.083333333333334,20.0,52.9730006,5,1,PET,LOWER VERTEX,LANG_02,One-Way,apple,Organic Search,Organic Search,Logged-Out,AREA_C,AREA_C,AREA_C_TO_AREA_C,CA,CE,0_3,high,unknown_or_oneway,Y,Q,0,0.6872966,36.40816473785367
307.0,350.80682440000004,,4,2,1,1,0,1,1,1,0,3,1,333.0,19.0,76.2374,2,1,PET,UPPER APEX,LANG_02,Multi-City,microsoft,Direct,Organic Search,Logged-In,AREA_C,AREA_C,AREA_C_TO_AREA_C,CA,CA,120_plus,very_high,unknown_or_oneway,Y,L,0,0.47727856,36.386476520639654
147.0,180.0641728,24.39236111111111,1,1,0,0,0,0,0,1,1,2,1,592.6666666666666,14.0,126.4547184,4,1,PET,UPPER APEX,LANG_09,Round-Trip,google,Direct,Email,Logged-In,AREA_C,AREA_B,AREA_C_TO_AREA_B,CA,BU,120_plus,very_high,15_30,Y,V,0,0.28770337,36.381448014873364
63.0,167.2151728,32.010416666666664,1,1,0,0,0,0,0,0,0,2,1,774.9166666666666,21.0,126.4547184,3,1,PET,UPPER APEX,LANG_09,Round-Trip,google,Direct,Email,Logged-Out,AREA_C,AREA_B,AREA_C_TO_AREA_B,CA,BU,61_120,very_high,30_plus,Y,L,0,0.287692,36.3800121614007
27.0,72.0203582,7.78125,1,1,0,0,0,0,0,1,0,2,1,190.08333333333334,15.0,100.7353034,3,1,PET,LOWER VERTEX,LANG_02,Round-Trip,google,Paid Search,Paid Search,Logged-In,AREA_B,AREA_C,AREA_B_TO_AREA_C,BU,CA,15_30,high,6_8,Y,O,0,0.36100623,36.36607212001445
41.0,158.8067872,11.854166666666666,1,1,0,0,0,0,0,1,0,5,1,287.25,14.0,65.4583739,5,0,PET,UPPER VERTEX,LANG_02,Round-Trip,google,Paid Search,Organic Search,Logged-In,AREA_C,AREA_B,AREA_C_TO_AREA_B,CI,BI,31_60,very_high,9_14,Y,S,0,0.55511045,36.336627690343335
35.0,145.6695413,123.97569444444444,1,1,0,0,0,0,0,0,0,2,1,2981.3333333333335,13.0,71.9544,2,1,PET,UPPER APEX,LANG_09,Round-Trip,google,Paid Search,Organic Search,Logged-Out,AREA_C,AREA_C,AREA_C_TO_AREA_C,CA,CA,31_60,very_high,30_plus,Y,L,0,0.5048913,36.32914885568619
68.0,46.2945187,,1,1,0,0,0,0,0,1,0,1,0,12.333333333333334,18.0,51.396,5,1,PET,UPPER APEX,LANG_02,One-Way,apple,Direct,Direct,Logged-In,AREA_C,AREA_C,AREA_C_TO_AREA_C,CA,CE,61_120,mid,unknown_or_oneway,Y,O,0,0.7068242,36.32793573331833
62.0,46.4067333,,1,1,0,0,0,0,0,1,0,1,0,12.333333333333334,16.0,51.396,5,1,PET,UPPER APEX,LANG_02,One-Way,apple,Direct,Direct,Logged-In,AREA_C,AREA_C,AREA_C_TO_AREA_C,CA,CE,61_120,mid,unknown_or_oneway,Y,O,0,0.7068242,36.32793573331833
13.0,46.4786877,,1,1,0,0,0,0,0,1,1,1,0,11.666666666666666,18.0,51.396,5,1,PET,UPPER APEX,LANG_02,One-Way,apple,Direct,Paid Search,Logged-In,AREA_C,AREA_C,AREA_C_TO_AREA_C,CA,CE,8_14,mid,unknown_or_oneway,Y,O,0,0.7068242,36.32793573331833
61.0,142.16647559999998,13.010416666666666,1,1,0,0,0,0,0,0,0,2,1,318.9166666666667,16.0,126.4547184,4,1,PET,UPPER APEX,LANG_02,Round-Trip,microsoft,Paid Search,Paid Search,Logged-Out,AREA_C,AREA_B,AREA_C_TO_AREA_B,CA,BU,61_120,very_high,9_14,Y,L,0,0.28716576,36.3134654406126
4.0,409.13571649999994,,2,2,0,0,0,0,0,0,0,2,1,30.5,14.0,51.3236173,5,0,PET,NORTH MERIDIAN,LANG_02,One-Way,google,Paid Search,Organic Search,Logged-Out,AREA_B,AREA_B,AREA_B_TO_AREA_B,BI,BO,4_7,very_high,unknown_or_oneway,Y,K,0,0.70727926,36.300130317334066
44.0,81.7423399,,1,1,0,0,0,0,0,0,0,1,0,6.666666666666667,23.0,56.19296,3,1,PET,UPPER APEX,LANG_09,One-Way,mozilla,Direct,Paid Search,Logged-Out,AREA_B,AREA_C,AREA_B_TO_AREA_C,BE,CA,31_60,high,unknown_or_oneway,C,F,0,0.6459742,36.29920344060898
26.0,30.7408042,2.8541666666666665,2,2,0,0,0,0,0,0,0,2,1,70.91666666666667,19.0,76.6579906,2,0,PET,NORTH HORIZON,LANG_04,Round-Trip,microsoft,Paid Search,Paid Search,Logged-Out,AREA_B,AREA_B,AREA_B_TO_AREA_B,BA,BE,15_30,low,3_5,Y,O,0,0.4734579,36.29433145236542
66.0,106.8929725,7.600694444444445,1,1,0,0,0,0,0,0,0,4,1,183.33333333333334,18.0,76.2374,5,0,PET,UPPER APEX,LANG_09,Round-Trip,google,Paid Search,Paid Search,Logged-Out,AREA_B,AREA_C,AREA_B_TO_AREA_C,BE,CA,61_120,very_high,6_8,Y,U,0,0.47589388,36.280912460464236
10.0,46.5240875,,1,1,0,0,0,0,0,1,0,1,0,12.333333333333334,18.0,51.396,5,1,PET,OLD HORIZON,LANG_02,One-Way,apple,Direct,Direct,Logged-In,AREA_C,AREA_C,AREA_C_TO_AREA_C,CA,CE,8_14,mid,unknown_or_oneway,Y,U,0,0.7058126,36.27594302415848
107.0,32.8835891,49.142361111111114,2,2,0,0,0,0,0,0,0,2,1,1181.6666666666667,13.0,55.59334,1,0,PET,NORTH HORIZON,LANG_04,Round-Trip,google,Direct,Paid Search,Logged-Out,AREA_B,AREA_B,AREA_B_TO_AREA_B,BE,BA,61_120,low,30_plus,Y,U,0,0.65237236,36.26755842884064
46.0,44.87941549999999,,1,1,0,0,0,0,0,0,0,1,0,12.333333333333334,17.0,51.396,5,1,PET,UPPER APEX,LANG_02,One-Way,apple,Direct,Direct,Logged-Out,AREA_C,AREA_C,AREA_C_TO_AREA_C,CA,CE,31_60,mid,unknown_or_oneway,Y,U,0,0.70554554,36.26221881151199
176.0,312.5365062,14.21875,3,2,0,0,1,1,0,1,0,2,1,355.6666666666667,21.0,90.2783589,2,1,PET,UPPER APEX,LANG_02,Round-Trip,apple,Direct,Paid Search,Logged-In,AREA_C,AREA_B,AREA_C_TO_AREA_B,CA,BI,120_plus,very_high,15_30,Y,V,0,0.40160146,36.255921061699986
52.0,39.5547899,,1,1,0,0,0,0,0,1,0,1,0,4.5,11.0,51.396,5,1,PET,UPPER APEX,LANG_02,One-Way,microsoft,Organic Search,Organic Search,Logged-In,AREA_C,AREA_B,AREA_C_TO_AREA_B,CA,BO,31_60,mid,unknown_or_oneway,Y,S,0,0.7054015,36.2548144762516
4.0,25.0024408,,1,1,0,0,0,0,0,0,0,1,0,2.6666666666666665,9.0,52.869352,4,1,PET,WEST MERIDIAN,LANG_02,One-Way,google,Direct,Direct,Logged-Out,AREA_B,AREA_C,AREA_B_TO_AREA_C,BO,CA,4_7,low,unknown_or_oneway,Y,O,0,0.68538743,36.23598942919588
18.0,47.682638999999995,,1,1,0,0,0,0,0,0,0,1,0,4.916666666666667,9.0,57.3922,5,1,PET,LOWER APEX,LANG_02,One-Way,apple,Direct,Direct,Logged-Out,AREA_C,AREA_B,AREA_C_TO_AREA_B,CA,BU,15_30,mid,unknown_or_oneway,Y,V,0,0.6308983,36.208641231501105
18.0,111.5481652,,1,1,0,0,0,0,0,1,0,1,0,12.333333333333334,20.0,51.396,5,1,PET,UPPER APEX,LANG_09,One-Way,apple,Direct,Direct,Logged-In,AREA_C,AREA_C,AREA_C_TO_AREA_C,CA,CE,15_30,very_high,unknown_or_oneway,Y,S,0,0.7044766,36.20727907276154
19.0,170.16958620000003,68.97569444444444,1,1,0,0,0,0,0,0,0,2,1,1661.3333333333333,14.0,71.9544,2,1,PET,UPPER APEX,LANG_09,Round-Trip,microsoft,Paid Search,Paid Search,Logged-Out,AREA_C,AREA_C,AREA_C_TO_AREA_C,CA,CA,15_30,very_high,30_plus,Y,V,0,0.50302815,36.19508903102875
1.0,347.82114509999997,,2,2,0,0,0,0,0,1,0,1,0,12.333333333333334,14.0,51.396,5,1,PET,OLD HORIZON,LANG_02,One-Way,google,Organic Search,Paid Search,Logged-In,AREA_C,AREA_C,AREA_C_TO_AREA_C,CA,CE,0_3,very_high,unknown_or_oneway,Y,K,0,0.7039985,36.18270721793175
14.0,46.5287988,,1,1,0,0,0,0,0,0,0,1,0,12.333333333333334,13.0,51.396,5,1,PET,OLD HORIZON,LANG_02,One-Way,apple,Paid Search,Organic Search,Logged-Out,AREA_C,AREA_C,AREA_C_TO_AREA_C,CA,CE,8_14,mid,unknown_or_oneway,Y,U,0,0.70377934,36.171442947864534
3.0,175.2200998,12.78125,1,1,0,0,0,0,0,0,0,2,1,310.0833333333333,21.0,100.7353034,4,1,PET,LOWER VERTEX,LANG_02,Round-Trip,google,MetaSearches,MetaSearches,Logged-Out,AREA_B,AREA_C,AREA_B_TO_AREA_C,BU,CA,0_3,very_high,9_14,Y,V,0,0.3589794,36.16189917353362
48.0,127.2714865,9.847222222222221,1,1,0,0,0,0,0,0,0,2,1,242.25,22.0,71.9544,2,1,PET,UPPER APEX,LANG_09,Round-Trip,apple,Direct,Direct,Logged-Out,AREA_C,AREA_C,AREA_C_TO_AREA_C,CA,CA,31_60,very_high,9_14,Y,V,0,0.5025131,36.15802936806679
53.0,180.2290683,13.64236111111111,1,1,0,0,0,0,0,1,1,2,1,333.3333333333333,20.0,76.2374,2,0,PET,UPPER APEX,LANG_09,Round-Trip,google,Direct,Paid Search,Logged-In,AREA_B,AREA_C,AREA_B_TO_AREA_C,BE,CA,31_60,very_high,9_14,Y,V,0,0.47403464,36.13916825104356
36.0,89.925868,,1,1,0,0,0,0,0,0,0,1,0,12.333333333333334,20.0,51.396,2,1,PET,UPPER APEX,LANG_02,One-Way,apple,MetaSearches,MetaSearches,Logged-Out,AREA_C,AREA_C,AREA_C_TO_AREA_C,CA,CE,31_60,high,unknown_or_oneway,P,R,0,0.7027964,36.12092375349999
135.0,176.048432,25.0,1,1,0,0,0,0,0,1,0,2,1,607.25,2.0,126.4547184,4,1,PET,UPPER APEX,LANG_09,Round-Trip,google,Paid Search,Paid Search,Logged-In,AREA_C,AREA_B,AREA_C_TO_AREA_B,CA,BU,120_plus,very_high,15_30,Y,V,0,0.28559518,36.11485788678246
65.0,117.9563898,38.329861111111114,1,1,0,0,0,0,0,0,0,2,1,934.3333333333334,17.0,82.2224642,3,1,PET,NORTH MERIDIAN,LANG_02,Round-Trip,google,Paid Search,Paid Search,Logged-Out,AREA_C,AREA_B,AREA_C_TO_AREA_B,CA,BI,61_120,very_high,30_plus,Y,U,0,0.43912527,36.10596176322865
6.0,273.3513392,,4,1,0,3,0,1,0,0,0,1,0,10.083333333333334,14.0,52.9730006,5,1,PET,UPPER APEX,LANG_02,One-Way,google,Paid Search,Paid Search,Logged-Out,AREA_C,AREA_C,AREA_C_TO_AREA_C,CA,CE,4_7,very_high,unknown_or_oneway,Y,Q,0,0.6812041,36.08542416937499
64.0,128.3139687,9.23611111111111,1,1,0,0,0,0,0,1,0,2,1,236.08333333333334,12.0,82.2224642,5,1,PET,UPPER VERTEX,LANG_10,Round-Trip,apple,Direct,Direct,Logged-In,AREA_C,AREA_B,AREA_C_TO_AREA_B,CA,BI,61_120,very_high,9_14,Y,L,0,0.43865466,36.06726717491966
47.0,143.3841325,12.684027777777779,1,1,0,0,0,0,0,0,0,2,1,310.4166666666667,17.0,71.9544,2,1,PET,UPPER APEX,LANG_09,Round-Trip,apple,Direct,Direct,Logged-Out,AREA_C,AREA_C,AREA_C_TO_AREA_C,CA,CA,31_60,very_high,9_14,Y,W,0,0.50124085,36.06648458089829
295.0,218.6608556,22.0,1,1,0,0,0,0,0,0,0,2,1,535.25,16.0,126.4547184,3,1,PET,UPPER APEX,LANG_09,Round-Trip,apple,Direct,Direct,Logged-Out,AREA_C,AREA_B,AREA_C_TO_AREA_B,CA,BU,120_plus,very_high,15_30,Y,T,0,0.28516105,36.05996004547992
47.0,69.2154215,,2,1,0,1,0,1,0,1,0,1,0,4.833333333333333,12.0,47.4761984,4,1,PET,NEW HORIZON,LANG_02,One-Way,apple,Direct,Direct,Logged-In,AREA_C,AREA_C,AREA_C_TO_AREA_C,CA,CE,31_60,high,unknown_or_oneway,Y,S,0,0.7593242,36.049826036825564
62.0,46.3116507,,1,1,0,0,0,0,0,1,0,1,0,12.333333333333334,12.0,51.396,5,1,PET,OLD HORIZON,LANG_02,One-Way,apple,Direct,Direct,Logged-In,AREA_C,AREA_C,AREA_C_TO_AREA_C,CA,CE,61_120,mid,unknown_or_oneway,Y,O,0,0.7013212,36.04510360550881
32.0,46.3236431,,1,1,0,0,0,0,0,0,0,1,0,12.333333333333334,16.0,51.396,5,1,PET,UPPER APEX,LANG_02,One-Way,apple,Direct,Direct,Logged-Out,AREA_C,AREA_C,AREA_C_TO_AREA_C,CA,CE,31_60,mid,unknown_or_oneway,Y,O,0,0.7010519,36.03126298213005
26.0,267.3414336,,2,1,0,1,0,1,0,1,1,1,0,12.333333333333334,10.0,51.396,4,1,PET,UPPER APEX,LANG_02,One-Way,google,Paid Search,Paid Search,Logged-In,AREA_C,AREA_C,AREA_C_TO_AREA_C,CA,CE,15_30,very_high,unknown_or_oneway,P,R,0,0.7009166,36.024308972597126
29.0,47.96360380000001,,1,1,0,0,0,0,0,0,0,1,0,12.333333333333334,19.0,51.396,5,1,PET,GREAT HORIZON,LANG_02,One-Way,apple,Paid Search,Paid Search,Logged-Out,AREA_C,AREA_C,AREA_C_TO_AREA_C,CA,CE,15_30,mid,unknown_or_oneway,Y,U,0,0.7007328,36.0148643860817
172.0,459.8173121,,3,2,0,1,0,1,0,0,0,1,0,20.583333333333332,17.0,71.2879652,4,1,PET,LOWER VERTEX,LANG_02,One-Way,google,Direct,Organic Search,Logged-Out,AREA_D,AREA_C,AREA_D_TO_AREA_C,DA,CA,120_plus,very_high,unknown_or_oneway,Y,T,0,0.50507224,36.00557198780961
136.0,193.437412,15.39236111111111,1,1,0,0,0,0,0,0,0,2,1,376.6666666666667,12.0,126.4547184,3,1,PET,UPPER APEX,LANG_02,Round-Trip,apple,Paid Search,Organic Search,Logged-Out,AREA_C,AREA_B,AREA_C_TO_AREA_B,CA,BU,120_plus,very_high,15_30,Y,V,0,0.28453273,35.980505718015
108.0,388.22354070000006,11.885416666666666,3,2,0,1,0,1,0,1,0,2,1,291.1666666666667,11.0,71.9544,2,1,PET,UPPER APEX,LANG_09,Round-Trip,apple,Direct,Direct,Logged-In,AREA_C,AREA_C,AREA_C_TO_AREA_C,CA,CA,61_120,very_high,9_14,Y,L,0,0.49956647,35.94600529353619
22.0,111.370849,,1,1,0,0,0,0,0,0,0,1,0,20.583333333333332,20.0,50.0729813,4,1,PET,UPPER APEX,LANG_02,One-Way,apple,Direct,Organic Search,Logged-Out,AREA_D,AREA_C,AREA_D_TO_AREA_C,DA,CA,15_30,very_high,unknown_or_oneway,Y,S,0,0.7174689,35.92580768279137
14.0,202.2227016,,2,2,0,0,0,0,0,0,0,1,0,16.166666666666668,21.0,50.218175,3,1,PET,UPPER APEX,LANG_09,One-Way,apple,Direct,Direct,Logged-Out,AREA_B,AREA_C,AREA_B_TO_AREA_C,BU,CA,8_14,very_high,unknown_or_oneway,Y,V,0,0.71538526,35.92534208859652
26.0,148.8016992,9.875,1,1,0,0,0,0,0,1,1,2,1,242.0,6.0,71.9544,2,1,PET,UPPER APEX,LANG_09,Round-Trip,apple,Direct,Direct,Logged-In,AREA_C,AREA_C,AREA_C_TO_AREA_C,CA,CA,15_30,very_high,9_14,Y,W,0,0.4989099,35.89876183590889
24.0,53.320351900000006,10.885416666666666,2,2,0,0,0,0,0,1,0,2,1,263.3333333333333,15.0,55.4537142,3,1,PET,NEW ZENITH,LANG_09,Round-Trip,apple,Direct,Direct,Logged-In,AREA_B,AREA_C,AREA_B_TO_AREA_C,BA,CA,15_30,mid,9_14,Y,U,0,0.6469295,35.874643738472415
7.0,191.471515,,2,2,0,0,0,0,0,0,0,1,0,16.166666666666668,16.0,50.218175,3,1,PET,LOWER VERTEX,LANG_09,One-Way,apple,Direct,Direct,Logged-Out,AREA_B,AREA_C,AREA_B_TO_AREA_C,BU,CA,4_7,very_high,unknown_or_oneway,Y,W,0,0.7141908,35.86535762949437
49.0,138.2976417,114.01041666666667,3,1,1,1,0,1,1,1,1,3,1,2737.4166666666665,15.0,55.4537142,3,1,PET,NEW ZENITH,LANG_09,Round-Trip,apple,Direct,Organic Social,Logged-In,AREA_B,AREA_C,AREA_B_TO_AREA_C,BA,CA,31_60,very_high,30_plus,Y,Q,0,0.64618987,35.83362828397104
29.0,128.3705043,102.97569444444444,1,1,0,0,0,0,0,0,0,2,1,2477.3333333333335,22.0,71.9544,2,1,PET,EAST ZENITH,LANG_02,Round-Trip,google,Direct,Direct,Logged-Out,AREA_C,AREA_C,AREA_C_TO_AREA_C,CA,CA,15_30,very_high,30_plus,Y,S,0,0.49798068,35.831901331830025
59.0,41.1403565,,1,1,0,0,0,0,0,1,0,1,0,12.333333333333334,16.0,51.396,5,1,PET,UPPER APEX,LANG_09,One-Way,apple,Direct,Direct,Logged-In,AREA_C,AREA_C,AREA_C_TO_AREA_C,CA,CE,31_60,mid,unknown_or_oneway,Y,O,0,0.69633955,35.78906739020348
52.0,151.3637898,,1,1,0,0,0,0,0,0,0,2,1,-171.41666666666666,18.0,126.4547184,3,1,PET,UPPER APEX,LANG_09,Round-Trip,google,Paid Search,Paid Search,Logged-Out,AREA_C,AREA_B,AREA_C_TO_AREA_B,CA,BU,31_60,very_high,unknown_or_oneway,Y,V,0,0.28285676,35.76857223799238
73.0,46.2589698,,1,1,0,0,0,0,0,0,0,1,0,12.333333333333334,21.0,51.396,5,1,PET,UPPER APEX,LANG_02,One-Way,apple,Direct,Direct,Logged-Out,AREA_C,AREA_C,AREA_C_TO_AREA_C,CA,CE,61_120,mid,unknown_or_oneway,Y,O,0,0.6956004,35.75107766675949
17.0,130.5167156,,1,1,0,0,0,0,0,0,0,2,1,28.583333333333332,22.0,51.3236173,5,0,PET,NORTH MERIDIAN,LANG_02,One-Way,google,Organic Search,Organic Search,Logged-Out,AREA_B,AREA_B,AREA_B_TO_AREA_B,BI,BO,15_30,very_high,unknown_or_oneway,Y,V,0,0.69652116,35.74798561048316
69.0,171.4677635,13.64236111111111,1,1,0,0,0,0,0,0,0,2,1,333.3333333333333,15.0,76.2374,2,0,PET,UPPER APEX,LANG_09,Round-Trip,google,Paid Search,Paid Search,Logged-Out,AREA_B,AREA_C,AREA_B_TO_AREA_C,BE,CA,61_120,very_high,9_14,Y,V,0,0.46854058,35.720315543597934
240.0,562.9656577,29.59027777777778,4,1,0,3,0,1,0,1,0,2,1,713.3333333333334,20.0,80.9649754,3,1,PET,LOWER VERTEX,LANG_02,Round-Trip,google,Paid Search,Organic Search,Logged-In,AREA_B,AREA_C,AREA_B_TO_AREA_C,BU,CA,120_plus,very_high,15_30,Y,L,0,0.44093367,35.70018411490728
39.0,266.8167661,10.78125,3,3,0,0,0,0,0,0,0,2,1,262.0833333333333,20.0,80.9649754,3,1,PET,LOWER VERTEX,LANG_02,Round-Trip,google,Paid Search,Paid Search,Logged-Out,AREA_B,AREA_C,AREA_B_TO_AREA_C,BU,CA,31_60,very_high,9_14,Y,U,0,0.44070026,35.68128593515765
132.0,439.3642739,,3,2,0,1,0,1,0,1,0,2,1,305.8333333333333,22.0,76.2374,4,1,PET,UPPER APEX,LANG_09,Multi-City,mozilla,Paid Search,Paid Search,Logged-In,AREA_C,AREA_C,AREA_C_TO_AREA_C,CA,CA,120_plus,very_high,unknown_or_oneway,Y,L,0,0.46782932,35.6660907607615
4.0,192.6060817,,2,2,0,0,0,0,0,0,0,1,0,10.083333333333334,10.0,52.9730006,2,1,PET,CENTRAL AURORA,LANG_02,One-Way,google,Organic Search,MetaSearches,Logged-Out,AREA_C,AREA_C,AREA_C_TO_AREA_C,CA,CE,4_7,very_high,unknown_or_oneway,Y,Q,0,0.6720605,35.6010607217063
23.0,259.6945654,11.145833333333334,1,1,0,0,0,0,0,0,0,3,1,268.4166666666667,10.0,76.2374,1,0,PET,UPPER APEX,LANG_09,Round-Trip,microsoft,Email,Paid Search,Logged-Out,AREA_B,AREA_C,AREA_B_TO_AREA_C,BE,CA,15_30,very_high,9_14,P,A,0,0.46666512,35.57733533812165
41.0,114.8816241,16.885416666666668,2,2,0,0,0,0,0,0,0,2,1,407.3333333333333,21.0,55.4537142,2,1,PET,NEW ZENITH,LANG_09,Round-Trip,google,Direct,Organic Search,Logged-Out,AREA_B,AREA_C,AREA_B_TO_AREA_C,BA,CA,31_60,very_high,15_30,Y,U,0,0.6415381,35.57566953378121
15.0,276.3254544,,2,2,0,0,0,0,0,1,0,1,0,12.333333333333334,22.0,51.396,5,1,PET,UPPER APEX,LANG_09,One-Way,google,Paid Search,Organic Search,Logged-In,AREA_C,AREA_C,AREA_C_TO_AREA_C,CA,CE,15_30,very_high,unknown_or_oneway,Y,Q,0,0.6921159,35.571988945484165
25.0,319.164877,9.847222222222221,2,2,0,0,0,0,0,0,0,2,1,242.25,16.0,71.9544,2,1,PET,UPPER APEX,LANG_09,Round-Trip,google,Direct,Organic Search,Logged-Out,AREA_C,AREA_C,AREA_C_TO_AREA_C,CA,CA,15_30,very_high,9_14,Y,S,0,0.493973,35.54352989122868
12.0,23.3826102,16.083333333333332,1,1,0,0,0,0,0,0,0,4,1,388.8333333333333,15.0,57.6560328,5,0,PET,NEW APEX,LANG_02,Round-Trip,apple,Direct,Direct,Logged-Out,AREA_C,AREA_B,AREA_C_TO_AREA_B,CU,BE,8_14,low,15_30,Y,L,0,0.6163963,35.538965748690316
38.0,235.7928556,,2,2,0,0,0,0,0,0,0,1,0,3.3333333333333335,21.0,50.5783753,5,1,PET,NORTH MERIDIAN,LANG_02,One-Way,google,Paid Search,Paid Search,Logged-Out,AREA_C,AREA_B,AREA_C_TO_AREA_B,CA,BI,31_60,very_high,unknown_or_oneway,Y,T,0,0.70246834,35.529707115785115
10.0,143.2081012,,1,1,0,0,0,0,0,0,0,1,0,3.3333333333333335,7.0,50.5783753,5,1,PET,UPPER VERTEX,LANG_11,One-Way,apple,Paid Search,Paid Search,Logged-Out,AREA_C,AREA_B,AREA_C_TO_AREA_B,CA,BI,8_14,very_high,unknown_or_oneway,Y,Q,0,0.70246196,35.52938454223315
52.0,168.7651905,7.78125,2,2,0,0,0,0,0,0,0,2,1,190.08333333333334,22.0,80.9649754,3,1,PET,LOWER VERTEX,LANG_02,Round-Trip,google,Paid Search,Paid Search,Logged-Out,AREA_B,AREA_C,AREA_B_TO_AREA_C,BU,CA,31_60,very_high,6_8,Y,U,0,0.43863776,35.51429571200226
67.0,46.2945187,,1,1,0,0,0,0,0,0,0,1,0,12.333333333333334,17.0,51.396,5,1,PET,UPPER APEX,LANG_09,One-Way,apple,Affiliate,Affiliate,Logged-Out,AREA_C,AREA_C,AREA_C_TO_AREA_C,CA,CE,61_120,mid,unknown_or_oneway,Y,O,0,0.6904512,35.48643012070656
16.0,76.1226156,,1,1,0,0,0,0,0,0,0,1,0,10.083333333333334,12.0,52.9730006,5,1,PET,UPPER APEX,LANG_02,One-Way,google,Direct,Organic Search,Logged-Out,AREA_C,AREA_C,AREA_C_TO_AREA_C,CA,CE,15_30,high,unknown_or_oneway,Y,Q,0,0.66987264,35.485163843462395
109.0,363.0943231,16.916666666666668,3,2,0,1,0,1,0,0,0,3,1,411.9166666666667,11.0,71.9544,2,1,PET,UPPER APEX,LANG_09,Round-Trip,opera,Organic Search,Organic Search,Logged-Out,AREA_C,AREA_C,AREA_C_TO_AREA_C,CA,CA,61_120,very_high,15_30,Y,L,0,0.49280515,35.459499110484124
7.0,240.15551939999995,,2,2,0,0,0,0,0,0,0,1,0,3.25,18.0,50.5783753,4,1,PET,LOWER VERTEX,LANG_02,One-Way,google,Email,Email,Logged-Out,AREA_C,AREA_B,AREA_C_TO_AREA_B,CA,BI,4_7,very_high,unknown_or_oneway,Y,Q,0,0.7006281,35.43663107986758
88.0,182.39969269999995,13.64236111111111,1,1,0,0,0,0,0,1,1,2,1,333.3333333333333,14.0,76.2374,2,0,PET,EAST ZENITH,LANG_08,Round-Trip,google,Paid Search,Paid Search,Logged-In,AREA_B,AREA_C,AREA_B_TO_AREA_C,BE,CA,61_120,very_high,9_14,Y,S,0,0.4642382,35.39231309034228
16.0,144.5037087,9.065972222222221,1,1,0,0,0,0,0,0,0,2,1,222.58333333333334,9.0,71.9544,2,1,PET,UPPER APEX,LANG_02,Round-Trip,apple,Paid Search,MetaSearches,Logged-Out,AREA_C,AREA_C,AREA_C_TO_AREA_C,CA,CA,15_30,very_high,9_14,Y,V,0,0.4916767,35.37830109300614
123.0,327.15181540000003,9.135416666666666,2,2,0,0,0,0,0,1,0,3,1,220.16666666666666,2.0,76.2374,2,0,PET,UPPER APEX,LANG_09,Round-Trip,google,Paid Search,Email,Logged-In,AREA_B,AREA_C,AREA_B_TO_AREA_C,BE,CA,120_plus,very_high,9_14,Y,L,0,0.46352053,35.33759981641769
53.0,370.3647156,27.427083333333332,2,2,0,0,0,0,0,0,0,2,1,674.4166666666666,20.0,56.1073,5,1,PET,UPPER VERTEX,LANG_02,Round-Trip,apple,Direct,Direct,Logged-Out,AREA_C,AREA_B,AREA_C_TO_AREA_B,CA,BO,31_60,very_high,15_30,Y,K,0,0.62951225,35.32023268818259
58.0,61.3021507,,1,1,0,0,0,0,0,0,0,1,0,5.083333333333333,13.0,56.19296,4,1,PET,UPPER APEX,LANG_09,One-Way,google,Paid Search,Paid Search,Logged-Out,AREA_C,AREA_B,AREA_C_TO_AREA_B,CA,BE,31_60,high,unknown_or_oneway,Y,K,0,0.62809753,35.29465961425781
6.0,63.554580400000006,12.524305555555555,2,2,0,0,0,0,0,1,0,4,1,301.5,9.0,51.396,3,0,PET,UPPER APEX,LANG_09,Round-Trip,apple,Paid Search,Paid Search,Logged-In,AREA_C,AREA_B,AREA_C_TO_AREA_B,CA,BA,4_7,high,9_14,Y,U,0,0.6861389,35.26479634022713
6.0,123.5080144,,1,1,0,0,0,0,0,1,0,2,1,30.5,15.0,51.3236173,5,0,PET,NORTH MERIDIAN,LANG_02,One-Way,google,Paid Search,Paid Search,Logged-In,AREA_B,AREA_B,AREA_B_TO_AREA_B,BI,BO,4_7,very_high,unknown_or_oneway,Y,V,0,0.6863391,35.225404297081276
67.0,131.0756471,25.21875,1,1,0,0,0,0,0,0,0,2,1,619.6666666666666,16.0,90.2783589,2,1,PET,UPPER APEX,LANG_09,Round-Trip,mozilla,Paid Search,Paid Search,Logged-Out,AREA_C,AREA_B,AREA_C_TO_AREA_B,CA,BI,61_120,very_high,15_30,Y,L,0,0.3896661,35.178416954769865
14.0,155.2112087,13.875,1,1,0,0,0,0,0,0,0,2,1,338.0,9.0,71.9544,2,1,PET,UPPER APEX,LANG_02,Round-Trip,google,Direct,Direct,Logged-Out,AREA_C,AREA_C,AREA_C_TO_AREA_C,CA,CA,8_14,very_high,9_14,Y,V,0,0.48860016,35.15693168742657
29.0,76.8340219,,1,1,0,0,0,0,0,0,0,1,0,10.083333333333334,17.0,52.9730006,5,1,PET,SOUTH HORIZON,LANG_02,One-Way,google,Organic Search,Organic Search,Logged-Out,AREA_C,AREA_C,AREA_C_TO_AREA_C,CA,CE,15_30,high,unknown_or_oneway,Y,Q,0,0.66336536,35.140453829148676
125.0,325.5020038,9.135416666666666,2,2,0,0,0,0,0,0,0,3,1,220.16666666666666,10.0,76.2374,2,0,PET,UPPER APEX,LANG_09,Round-Trip,google,Paid Search,Paid Search,Logged-Out,AREA_B,AREA_C,AREA_B_TO_AREA_C,BE,CA,120_plus,very_high,9_14,Y,W,0,0.46060267,35.11515006307959
244.0,549.6742238,13.67013888888889,4,2,1,1,0,1,1,1,1,2,1,333.4166666666667,9.0,76.2374,2,0,PET,UPPER MERIDIAN,LANG_01,Round-Trip,google,Paid Search,Paid Search,Logged-In,AREA_B,AREA_C,AREA_B_TO_AREA_C,BE,CA,120_plus,very_high,9_14,Y,W,0,0.46045217,35.103676202636954
6.0,44.87084949999999,,1,1,0,0,0,0,0,0,0,1,0,4.416666666666667,22.0,46.2564,5,1,PET,WEST MERIDIAN,LANG_02,One-Way,apple,Email,Paid Search,Logged-Out,AREA_C,AREA_B,AREA_C_TO_AREA_B,CA,BO,4_7,mid,unknown_or_oneway,Y,T,0,0.7588691,35.10255317094326
29.0,364.5543978,49.31944444444444,2,2,0,0,0,0,0,0,0,2,1,1199.8333333333333,20.0,57.0898202,5,1,PET,UPPER APEX,LANG_09,Round-Trip,apple,Paid Search,Paid Search,Logged-Out,AREA_C,AREA_B,AREA_C_TO_AREA_B,CA,BO,15_30,very_high,30_plus,Y,T,0,0.61477196,35.09722078404858
12.0,130.8636386,,1,1,0,0,0,0,0,0,0,2,1,30.5,12.0,51.3236173,5,0,PET,NORTH MERIDIAN,LANG_02,One-Way,google,Paid Search,Paid Search,Logged-Out,AREA_B,AREA_B,AREA_B_TO_AREA_B,BI,BO,8_14,very_high,unknown_or_oneway,Y,V,0,0.6838065,35.095422034286486
42.0,81.4378186,,1,1,0,0,0,0,0,1,0,1,0,10.083333333333334,9.0,52.9730006,5,1,PET,UPPER APEX,LANG_02,One-Way,google,Direct,Paid Search,Logged-In,AREA_C,AREA_C,AREA_C_TO_AREA_C,CA,CE,31_60,high,unknown_or_oneway,Y,Q,0,0.6623687,35.08765832702051
5.0,128.11994879999995,,2,2,0,0,0,0,0,0,0,1,0,14.166666666666666,14.0,50.3676517,4,1,PET,LOWER VERTEX,LANG_02,One-Way,google,Paid Search,Paid Search,Logged-Out,AREA_B,AREA_C,AREA_B_TO_AREA_C,BU,CA,4_7,very_high,unknown_or_oneway,Y,W,0,0.69633687,35.07285270360171
92.0,226.9450342,13.010416666666666,1,1,0,0,0,0,0,0,0,2,1,318.9166666666667,23.0,126.4547184,3,1,PET,UPPER APEX,LANG_09,Round-Trip,apple,Direct,Direct,Logged-Out,AREA_C,AREA_B,AREA_C_TO_AREA_B,CA,BU,61_120,very_high,9_14,Y,Q,0,0.27735275,35.07256393682413
39.0,190.4187536,,2,2,0,0,0,0,0,0,0,1,0,16.083333333333332,14.0,49.9993137,3,0,PET,UPPER APEX,LANG_09,One-Way,google,Direct,Paid Search,Logged-Out,AREA_B,AREA_B,AREA_B_TO_AREA_B,BU,BE,31_60,very_high,unknown_or_oneway,Y,V,0,0.7013714,35.06808723613074
19.0,73.8748972,12.590277777777779,3,1,1,1,0,1,1,1,1,5,1,303.0833333333333,13.0,58.42012,3,0,PET,UPPER APEX,LANG_09,Round-Trip,google,Email,Paid Search,Logged-In,AREA_B,AREA_B,AREA_B_TO_AREA_B,BE,BA,15_30,high,9_14,Y,W,0,0.6002529,35.06684798769712
123.0,98.1256715,15.354166666666666,1,1,0,0,0,0,0,1,1,2,1,382.9166666666667,13.0,90.2783589,2,1,PET,SOUTH HORIZON,LANG_02,Round-Trip,google,Direct,Organic Search,Logged-In,AREA_C,AREA_B,AREA_C_TO_AREA_B,CA,BI,120_plus,high,15_30,Y,U,0,0.3883791,35.0622275068574
1.0,147.5720499,55.875,1,1,0,0,0,0,0,0,0,2,1,1347.0,17.0,71.9544,5,1,PET,UPPER APEX,LANG_09,Round-Trip,google,Direct,Paid Search,Logged-Out,AREA_C,AREA_C,AREA_C_TO_AREA_C,CA,CA,0_3,very_high,30_plus,Y,Q,0,0.48720247,35.05636108603478
13.0,155.1294034,100.97569444444444,1,1,0,0,0,0,0,1,0,2,1,2429.3333333333335,15.0,71.9544,2,1,PET,UPPER APEX,LANG_02,Round-Trip,apple,MetaSearches,MetaSearches,Logged-In,AREA_C,AREA_C,AREA_C_TO_AREA_C,CA,CA,8_14,very_high,30_plus,Y,V,0,0.4870333,35.04418942494393
54.0,157.8782328,6.0,1,1,0,0,0,0,0,0,0,2,1,151.25,10.0,126.4547184,5,1,PET,UPPER APEX,LANG_09,Round-Trip,apple,Direct,Direct,Logged-Out,AREA_C,AREA_B,AREA_C_TO_AREA_B,CA,BU,31_60,very_high,6_8,Y,W,0,0.27709377,35.039814417985724
87.0,322.3394366,6.642361111111111,2,2,0,0,0,0,0,0,0,2,1,165.33333333333334,19.0,76.2374,5,0,PET,UPPER APEX,LANG_09,Round-Trip,google,Paid Search,MetaSearches,Logged-Out,AREA_B,AREA_C,AREA_B_TO_AREA_C,BE,CA,61_120,very_high,6_8,Y,V,0,0.45959967,35.03868416739702
36.0,92.3894496,12.21875,3,2,0,0,1,1,0,0,0,2,1,297.25,12.0,51.396,3,1,PET,UPPER APEX,LANG_09,Round-Trip,mozilla,Paid Search,Paid Search,Logged-Out,AREA_C,AREA_C,AREA_C_TO_AREA_C,CA,CI,31_60,high,9_14,Y,T,0,0.6816794,35.035595862150196
15.0,81.1178785,,1,1,0,0,0,0,0,0,0,1,0,10.083333333333334,22.0,52.9730006,5,1,PET,UPPER APEX,LANG_02,One-Way,google,Paid Search,Paid Search,Logged-Out,AREA_C,AREA_C,AREA_C_TO_AREA_C,CA,CE,15_30,high,unknown_or_oneway,Y,Q,0,0.66129345,35.03069816564308
25.0,96.3092512,,1,1,0,0,0,0,0,0,0,1,0,10.083333333333334,8.0,52.9730006,4,1,PET,UPPER APEX,LANG_02,One-Way,google,Paid Search,Paid Search,Logged-Out,AREA_C,AREA_C,AREA_C_TO_AREA_C,CA,CE,15_30,high,unknown_or_oneway,Y,K,0,0.66129345,35.03069816564308
35.0,228.0817424,12.958333333333334,1,1,0,0,0,0,0,0,1,2,1,316.9166666666667,12.0,71.9544,2,1,PET,UPPER APEX,LANG_09,Round-Trip,apple,Direct,Direct,Logged-Out,AREA_C,AREA_C,AREA_C_TO_AREA_C,CA,CA,31_60,very_high,9_14,Y,K,0,0.4863718,34.99658999555111
83.0,681.0706676000001,16.01388888888889,4,4,0,0,0,0,0,1,1,2,1,390.25,18.0,71.9544,2,1,PET,UPPER APEX,LANG_09,Round-Trip,google,Paid Search,Organic Search,Logged-In,AREA_C,AREA_C,AREA_C_TO_AREA_C,CA,CA,61_120,very_high,15_30,Y,W,0,0.48623133,34.986483399581914
3.0,81.9526352,,1,1,0,0,0,0,0,0,0,1,0,9.166666666666666,19.0,52.9730006,5,1,PET,UPPER APEX,LANG_02,One-Way,google,Paid Search,Organic Search,Logged-Out,AREA_C,AREA_C,AREA_C_TO_AREA_C,CA,CE,0_3,high,unknown_or_oneway,Y,Q,0,0.6603966,34.98318821285782
2.0,105.5181295,0.19791666666666666,1,1,0,0,0,0,0,0,0,2,1,7.583333333333333,18.0,57.6046368,2,0,PET,LOWER VERTEX,LANG_02,Round-Trip,apple,Direct,Direct,Logged-Out,AREA_B,AREA_C,AREA_B_TO_AREA_C,BI,CI,0_3,very_high,1_2,C,C,0,0.6070728,34.97020646132641
24.0,14.6401506,,1,1,0,0,0,0,0,0,0,1,0,2.6666666666666665,16.0,52.869352,4,1,PET,WEST APEX,LANG_02,One-Way,google,Direct,Paid Search,Logged-Out,AREA_B,AREA_C,AREA_B_TO_AREA_C,BO,CA,15_30,very_low,unknown_or_oneway,Y,W,0,0.66117,34.955629768394466
68.0,174.7476849,14.78125,1,1,0,0,0,0,0,0,0,2,1,358.0833333333333,22.0,80.9649754,3,1,PET,LOWER VERTEX,LANG_09,Round-Trip,mozilla,Paid Search,Paid Search,Logged-Out,AREA_B,AREA_C,AREA_B_TO_AREA_C,BU,CA,61_120,very_high,15_30,Y,W,0,0.43173662,34.955544678352645
44.0,148.67749220000002,,1,1,0,0,0,0,0,1,0,1,0,3.25,4.0,50.5783753,4,1,PET,LOWER VERTEX,LANG_02,One-Way,apple,Direct,Direct,Logged-In,AREA_C,AREA_B,AREA_C_TO_AREA_B,CA,BI,31_60,very_high,unknown_or_oneway,Y,T,0,0.69103533,34.95144428124843
11.0,81.3136116,,1,1,0,0,0,0,0,0,0,1,0,10.083333333333334,8.0,52.9730006,5,1,PET,UPPER APEX,LANG_02,One-Way,google,Direct,Paid Search,Logged-Out,AREA_C,AREA_C,AREA_C_TO_AREA_C,CA,CE,8_14,high,unknown_or_oneway,Y,Q,0,0.6597384,34.94832379479077
228.0,331.89052660000004,21.82986111111111,2,2,0,0,0,0,0,0,0,2,1,529.8333333333334,21.0,71.9544,2,1,PET,UPPER APEX,LANG_09,Round-Trip,apple,Direct,Direct,Logged-Out,AREA_C,AREA_C,AREA_C_TO_AREA_C,CA,CA,120_plus,very_high,15_30,Y,L,0,0.48564482,34.944281445693974
12.0,91.896048,,1,1,0,0,0,0,0,0,0,1,0,16.083333333333332,8.0,49.9993137,4,0,PET,UPPER APEX,LANG_09,One-Way,apple,Paid Search,Paid Search,Logged-Out,AREA_B,AREA_B,AREA_B_TO_AREA_B,BU,BE,8_14,high,unknown_or_oneway,Y,S,0,0.69824,34.91151990430743
33.0,202.4124385,20.82986111111111,1,1,0,0,0,0,0,1,0,2,1,505.8333333333333,9.0,71.9544,2,1,PET,UPPER APEX,LANG_09,Round-Trip,google,Paid MetaSearches,Paid Search,Logged-In,AREA_C,AREA_C,AREA_C_TO_AREA_C,CA,CA,31_60,very_high,15_30,Y,H,0,0.48482126,34.885022868776325
78.0,726.5458484,19.958333333333332,4,4,0,0,0,0,0,1,0,2,1,484.9166666666667,21.0,71.9544,2,1,PET,UPPER APEX,LANG_09,Round-Trip,mozilla,Direct,Direct,Logged-In,AREA_C,AREA_C,AREA_C_TO_AREA_C,CA,CA,61_120,very_high,15_30,Y,W,0,0.48479983,34.883481039261824
93.0,214.3778556,89.0,1,1,0,0,0,0,0,0,0,2,1,2143.25,14.0,126.4547184,3,1,PET,UPPER APEX,LANG_09,Round-Trip,google,Direct,Paid Search,Logged-Out,AREA_C,AREA_B,AREA_C_TO_AREA_B,CA,BU,61_120,very_high,30_plus,Y,T,0,0.27544475,34.83128779239693
11.0,170.8664303,7.277777777777778,1,1,0,0,0,0,0,1,0,2,1,188.08333333333334,20.0,82.2224642,3,1,PET,LOWER VERTEX,LANG_02,Round-Trip,apple,Paid Search,Paid Search,Logged-In,AREA_C,AREA_B,AREA_C_TO_AREA_B,CA,BI,8_14,very_high,6_8,Y,S,0,0.42355353,34.825614661332715
14.0,81.2883419,,1,1,0,0,0,0,0,0,0,1,0,10.083333333333334,16.0,52.9730006,5,1,PET,UPPER APEX,LANG_02,One-Way,google,Paid Search,Paid Search,Logged-Out,AREA_C,AREA_C,AREA_C_TO_AREA_C,CA,CE,8_14,high,unknown_or_oneway,Y,Q,0,0.6574202,34.825521602082766
8.0,80.9666886,,1,1,0,0,0,0,0,0,0,1,0,10.083333333333334,17.0,52.9730006,5,1,PET,UPPER APEX,LANG_02,One-Way,google,Paid Search,Paid Search,Logged-Out,AREA_C,AREA_C,AREA_C_TO_AREA_C,CA,CE,8_14,high,unknown_or_oneway,Y,Q,0,0.6574202,34.825521602082766
32.0,96.2527156,,1,1,0,0,0,0,0,0,0,1,0,10.083333333333334,21.0,52.9730006,5,1,PET,UPPER APEX,LANG_02,One-Way,google,Paid Search,Paid Search,Logged-Out,AREA_C,AREA_C,AREA_C_TO_AREA_C,CA,CE,31_60,high,unknown_or_oneway,Y,K,0,0.6574202,34.825521602082766
23.0,154.1575907,34.03125,1,1,0,0,0,0,0,1,0,2,1,822.6666666666666,4.0,71.9544,2,1,PET,UPPER APEX,LANG_09,Round-Trip,google,Paid Search,MetaSearches,Logged-In,AREA_C,AREA_C,AREA_C_TO_AREA_C,CA,CA,15_30,very_high,30_plus,Y,W,0,0.48386025,34.8158742811203
53.0,244.2260826,8.684027777777779,2,2,0,0,0,0,0,1,0,2,1,213.41666666666666,20.0,71.9544,2,1,PET,UPPER APEX,LANG_09,Round-Trip,other,Affiliate,Affiliate,Logged-In,AREA_C,AREA_C,AREA_C_TO_AREA_C,CA,CA,31_60,very_high,9_14,Y,W,0,0.48346177,34.78720139873028
2.0,42.8411358,,1,1,0,0,0,0,0,0,0,1,0,4.916666666666667,10.0,57.3922,5,1,PET,UPPER APEX,LANG_02,One-Way,google,Paid Search,Organic Search,Logged-Out,AREA_C,AREA_B,AREA_C_TO_AREA_B,CA,BU,0_3,mid,unknown_or_oneway,Y,S,0,0.6060916,34.78493138945103
21.0,144.67674190000002,55.65625,1,1,0,0,0,0,0,0,0,2,1,1341.6666666666667,3.0,76.2374,1,0,PET,EAST ZENITH,LANG_08,Round-Trip,google,MetaSearches,MetaSearches,Logged-Out,AREA_B,AREA_C,AREA_B_TO_AREA_C,BE,CA,15_30,very_high,30_plus,Y,W,0,0.456243,34.78278072670102
19.0,154.1828604,,2,2,0,0,0,0,0,0,0,3,1,37.416666666666664,13.0,48.8262,4,1,PET,UPPER APEX,LANG_09,One-Way,apple,Direct,Paid Search,Logged-Out,AREA_B,AREA_C,AREA_B_TO_AREA_C,BU,CA,15_30,very_high,unknown_or_oneway,Y,S,0,0.71234596,34.78114620258808
7.0,174.8796013,,2,2,0,0,0,0,0,0,0,1,0,14.166666666666666,18.0,50.0515663,4,1,PET,LOWER VERTEX,LANG_02,One-Way,apple,Paid Search,Organic Search,Logged-Out,AREA_B,AREA_C,AREA_B_TO_AREA_C,BU,CA,4_7,very_high,unknown_or_oneway,Y,S,0,0.6947758,34.77461800727756
47.0,76.6352907,,1,1,0,0,0,0,0,0,0,1,0,10.083333333333334,21.0,52.9730006,5,1,PET,NEW VERTEX,LANG_02,One-Way,google,Organic Search,Organic Search,Logged-Out,AREA_C,AREA_C,AREA_C_TO_AREA_C,CA,CE,31_60,high,unknown_or_oneway,Y,Q,0,0.65645486,34.774383754318414
12.0,80.6792993,,1,1,0,0,0,0,0,0,0,1,0,10.083333333333334,17.0,52.9730006,5,1,PET,CENTRAL VERTEX,LANG_02,One-Way,google,Organic Search,Organic Search,Logged-Out,AREA_C,AREA_C,AREA_C_TO_AREA_C,CA,CE,8_14,high,unknown_or_oneway,Y,Q,0,0.65645486,34.774383754318414
1.0,83.4221325,,1,1,0,0,0,0,0,0,0,1,0,10.083333333333334,22.0,52.9730006,5,1,PET,UPPER APEX,LANG_02,One-Way,google,Direct,Email,Logged-Out,AREA_C,AREA_C,AREA_C_TO_AREA_C,CA,CE,0_3,high,unknown_or_oneway,Y,Q,0,0.65636486,34.769616024624405
59.0,164.7742911,8.82986111111111,1,1,0,0,0,0,0,0,0,2,1,217.83333333333334,23.0,71.9544,2,1,PET,UPPER APEX,LANG_09,Round-Trip,apple,Direct,Direct,Logged-Out,AREA_C,AREA_C,AREA_C_TO_AREA_C,CA,CA,31_60,very_high,9_14,Y,Q,0,0.48293328,34.74917460765839
2.0,78.1728877,,1,1,0,0,0,0,0,1,0,1,0,10.083333333333334,16.0,52.9730006,1,1,PET,UPPER VERTEX,LANG_02,One-Way,google,Direct,Direct,Logged-In,AREA_C,AREA_C,AREA_C_TO_AREA_C,CA,CE,0_3,high,unknown_or_oneway,Y,Q,0,0.6559705,34.748726422203504
51.0,632.2423261,8.82986111111111,4,2,0,1,1,1,0,0,0,2,1,217.83333333333334,16.0,71.9544,2,1,PET,UPPER APEX,LANG_09,Round-Trip,google,Direct,Paid Search,Logged-Out,AREA_C,AREA_C,AREA_C_TO_AREA_C,CA,CA,31_60,very_high,9_14,Y,W,0,0.48283398,34.74202943944931
9.0,19.2208191,,1,1,0,0,0,0,0,1,0,1,0,4.5,,45.3998,5,1,PET,UPPER APEX,LANG_02,One-Way,apple,Direct,Direct,Logged-In,AREA_C,AREA_B,AREA_C_TO_AREA_B,CA,BO,8_14,very_low,unknown_or_oneway,Y,O,0,0.76477957,34.72083941850662
69.0,81.0502071,,1,1,0,0,0,0,0,0,0,1,0,8.916666666666666,8.0,52.9730006,1,1,PET,UPPER APEX,LANG_02,One-Way,mozilla,Paid Search,Paid Search,Logged-Out,AREA_C,AREA_C,AREA_C_TO_AREA_C,CA,CE,61_120,high,unknown_or_oneway,Y,Q,0,0.65533954,34.71530179535531
88.0,113.1367299,18.23611111111111,1,1,0,0,0,0,0,0,0,2,1,452.0833333333333,21.0,91.3345467,3,1,PET,UPPER APEX,LANG_09,Round-Trip,google,Paid Search,Paid Search,Logged-Out,AREA_C,AREA_B,AREA_C_TO_AREA_B,CA,BI,61_120,very_high,15_30,Y,O,0,0.3798642,34.69472324030492
71.0,160.5649587,14.82986111111111,1,1,0,0,0,0,0,1,0,2,1,361.8333333333333,10.0,71.9544,2,1,PET,UPPER APEX,LANG_02,Round-Trip,google,Direct,Direct,Logged-In,AREA_C,AREA_C,AREA_C_TO_AREA_C,CA,CA,61_120,very_high,15_30,Y,L,0,0.48208585,34.6881983597517
8.0,81.025794,,1,1,0,0,0,0,0,0,0,1,0,10.083333333333334,13.0,52.9730006,5,1,PET,UPPER VERTEX,LANG_11,One-Way,google,Paid Search,Paid Search,Logged-Out,AREA_C,AREA_C,AREA_C_TO_AREA_C,CA,CE,8_14,high,unknown_or_oneway,Y,Q,0,0.65437627,34.66427445788188
75.0,162.9056182,22.010416666666668,1,1,0,0,0,0,0,0,0,2,1,534.9166666666666,10.0,126.4547184,3,1,PET,UPPER APEX,LANG_09,Round-Trip,google,Direct,Organic Search,Logged-Out,AREA_C,AREA_B,AREA_C_TO_AREA_B,CA,BU,61_120,very_high,15_30,P,J,0,0.27403966,34.653607520282506
1.0,83.2670879,,1,1,0,0,0,0,0,0,0,1,0,10.083333333333334,13.0,52.9730006,5,1,PET,UPPER APEX,LANG_02,One-Way,google,Paid Search,Paid Search,Logged-Out,AREA_C,AREA_C,AREA_C_TO_AREA_C,CA,CE,0_3,high,unknown_or_oneway,Y,Q,0,0.6540357,34.646232863529846
1.0,83.45853799999999,,1,1,0,0,0,0,0,0,0,1,0,10.083333333333334,14.0,52.9730006,5,1,PET,UPPER APEX,LANG_02,One-Way,google,Paid Search,Paid Search,Logged-Out,AREA_C,AREA_C,AREA_C_TO_AREA_C,CA,CE,0_3,high,unknown_or_oneway,Y,Q,0,0.6540357,34.646232863529846
180.0,33.287476000000005,86.78472222222223,1,1,0,0,0,0,0,0,0,2,1,2087.0,17.0,52.860786,1,1,PET,GREAT MERIDIAN,LANG_09,Round-Trip,mozilla,Direct,Paid Search,Logged-Out,AREA_C,AREA_C,AREA_C_TO_AREA_C,CI,CA,120_plus,low,30_plus,Y,L,1,0.6554214,34.64608910863137
65.0,176.52598650000002,22.82986111111111,1,1,0,0,0,0,0,0,0,2,1,553.8333333333334,14.0,71.9544,2,1,PET,UPPER APEX,LANG_09,Round-Trip,google,Paid Search,Organic Search,Logged-Out,AREA_C,AREA_C,AREA_C_TO_AREA_C,CA,CA,61_120,very_high,15_30,Y,L,0,0.48139963,34.63882121593952
134.0,187.43350259999997,13.64236111111111,2,2,0,0,0,0,0,0,0,2,1,333.3333333333333,15.0,76.2374,2,0,PET,UPPER APEX,LANG_09,Round-Trip,google,Paid Search,Paid Search,Logged-Out,AREA_B,AREA_C,AREA_B_TO_AREA_C,BE,CA,120_plus,very_high,9_14,Y,O,0,0.4540485,34.61547820913791
24.0,46.399880499999995,,1,1,0,0,0,0,0,1,0,1,0,12.333333333333334,22.0,51.396,5,1,PET,UPPER APEX,LANG_02,One-Way,google,Organic Search,Organic Search,Logged-In,AREA_C,AREA_C,AREA_C_TO_AREA_C,CA,CE,15_30,mid,unknown_or_oneway,Y,B,0,0.67275256,34.576790531873705
43.0,265.5751244,8.975694444444445,2,2,0,0,0,0,0,0,0,2,1,221.33333333333334,21.0,71.9544,2,1,PET,UPPER APEX,LANG_09,Round-Trip,google,Paid Search,Paid Search,Logged-Out,AREA_C,AREA_C,AREA_C_TO_AREA_C,CA,CA,31_60,very_high,9_14,Y,S,0,0.48026004,34.55682333419323
110.0,152.2944857,6.642361111111111,1,1,0,0,0,0,0,0,0,2,1,165.33333333333334,20.0,76.2374,5,0,PET,UPPER APEX,LANG_09,Round-Trip,apple,Direct,Direct,Logged-Out,AREA_B,AREA_C,AREA_B_TO_AREA_C,BE,CA,61_120,very_high,6_8,Y,V,0,0.45299986,34.53553153044581
41.0,241.27081259999997,12.875,2,1,1,0,0,0,1,0,0,2,1,314.0,9.0,71.9544,2,1,PET,UPPER VERTEX,LANG_11,Round-Trip,opera,Affiliate,Affiliate,Logged-Out,AREA_C,AREA_C,AREA_C_TO_AREA_C,CA,CA,31_60,very_high,9_14,Y,L,0,0.47987387,34.52903609240055
58.0,124.0245442,,1,1,0,0,0,0,0,0,0,2,1,30.5,22.0,51.3236173,5,0,PET,NORTH MERIDIAN,LANG_02,One-Way,google,Paid Search,Paid Search,Logged-Out,AREA_B,AREA_B,AREA_B_TO_AREA_B,BI,BO,31_60,very_high,unknown_or_oneway,Y,Q,0,0.672092,34.49419365112251
193.0,252.9132915,36.302083333333336,2,2,0,0,0,0,0,1,0,2,1,887.5,15.0,57.0898202,5,1,PET,UPPER VERTEX,LANG_11,Round-Trip,apple,Direct,Direct,Logged-In,AREA_C,AREA_B,AREA_C_TO_AREA_B,CA,BO,120_plus,very_high,30_plus,Y,O,0,0.60406256,34.48582278126821
37.0,209.8802773,13.684027777777779,1,1,0,0,0,0,0,0,0,2,1,333.75,11.0,76.2374,2,0,PET,UPPER APEX,LANG_09,Round-Trip,google,Internal,Paid Search,Logged-Out,AREA_B,AREA_C,AREA_B_TO_AREA_C,BE,CA,31_60,very_high,9_14,Y,E,0,0.45227915,34.480586507260796
161.0,387.2538695,11.0,2,2,0,0,0,0,0,0,0,2,1,271.25,12.0,126.4547184,4,1,PET,GREAT MERIDIAN,LANG_02,Round-Trip,google,Paid Search,Paid Search,Logged-Out,AREA_C,AREA_B,AREA_C_TO_AREA_B,CA,BU,120_plus,very_high,9_14,Y,V,0,0.27263317,34.47575012188668
35.0,293.9928294,11.211805555555555,2,2,0,0,0,0,0,0,0,2,1,285.25,13.0,57.0898202,5,1,PET,UPPER APEX,LANG_02,Round-Trip,apple,Direct,Direct,Logged-Out,AREA_C,AREA_B,AREA_C_TO_AREA_B,CA,BO,31_60,very_high,9_14,Y,V,0,0.60365707,34.462673407330335
44.0,128.0522774,17.00347222222222,1,1,0,0,0,0,0,0,0,3,1,409.0833333333333,9.0,76.2374,2,0,PET,EAST ZENITH,LANG_08,Round-Trip,microsoft,MetaSearches,MetaSearches,Logged-Out,AREA_B,AREA_C,AREA_B_TO_AREA_C,BE,CA,31_60,very_high,15_30,Y,O,0,0.45167103,34.434225294917816
18.0,51.9887672,,1,1,0,0,0,0,0,1,0,1,0,12.333333333333334,18.0,51.396,5,1,PET,UPPER APEX,LANG_02,One-Way,google,Direct,Organic Search,Logged-In,AREA_C,AREA_C,AREA_C_TO_AREA_C,CA,CE,15_30,mid,unknown_or_oneway,Y,U,0,0.66987264,34.4287742857933
8.0,82.0524291,,1,1,0,0,0,0,0,0,0,1,0,9.083333333333334,12.0,52.9730006,5,1,PET,UPPER APEX,LANG_02,One-Way,samsung,Direct,Direct,Logged-Out,AREA_C,AREA_C,AREA_C_TO_AREA_C,CA,CE,8_14,high,unknown_or_oneway,Y,Q,0,0.6495693,34.40963348810544
16.0,178.6799072,,2,2,0,0,0,0,0,0,0,1,0,14.5,15.0,48.8262,3,1,PET,UPPER VERTEX,LANG_11,One-Way,google,Organic Search,Organic Search,Logged-Out,AREA_B,AREA_C,AREA_B_TO_AREA_C,BU,CA,15_30,very_high,unknown_or_oneway,Y,S,0,0.70418847,34.38284688212872
9.0,46.3840334,,1,1,0,0,0,0,0,0,0,2,1,20.35,23.0,51.396,5,1,PET,UPPER APEX,LANG_02,One-Way,google,Organic Search,Organic Search,Logged-Out,AREA_C,AREA_C,AREA_C_TO_AREA_C,CA,CE,8_14,mid,unknown_or_oneway,,K,0,0.6689448,34.381085710287095
23.0,81.0579165,,1,1,0,0,0,0,0,0,0,1,0,10.083333333333334,11.0,52.9730006,1,1,PET,GREAT APEX,LANG_10,One-Way,other,Direct,Direct,Logged-Out,AREA_C,AREA_C,AREA_C_TO_AREA_C,CA,CE,15_30,high,unknown_or_oneway,Y,Q,0,0.64891374,34.37490799726126
59.0,255.472384,7.097222222222222,2,2,0,0,0,0,0,0,0,2,1,184.75,14.0,90.2783589,5,1,PET,UPPER APEX,LANG_09,Round-Trip,google,Paid Search,Paid Search,Logged-Out,AREA_C,AREA_B,AREA_C_TO_AREA_B,CA,BI,31_60,very_high,6_8,Y,W,0,0.38072383,34.371122931046806
12.0,81.8883902,,1,1,0,0,0,0,0,0,0,1,0,9.083333333333334,15.0,52.9730006,5,1,PET,WEST APEX,LANG_02,One-Way,google,Paid Search,Paid Search,Logged-Out,AREA_C,AREA_C,AREA_C_TO_AREA_C,CA,CE,8_14,high,unknown_or_oneway,Y,Q,0,0.6486397,34.36039010247116
45.0,73.3870635,,1,1,0,0,0,0,0,1,0,1,0,14.166666666666666,20.0,49.888384,4,1,PET,UPPER VERTEX,LANG_11,One-Way,apple,Direct,Direct,Logged-In,AREA_B,AREA_C,AREA_B_TO_AREA_C,BU,CA,31_60,high,unknown_or_oneway,Y,S,0,0.68872994,34.35962381105804
19.0,88.0601932,,1,1,0,0,0,0,0,0,0,1,0,20.583333333333332,9.0,53.4124364,4,1,PET,LOWER VERTEX,LANG_09,One-Way,google,Paid Search,Email,Logged-Out,AREA_D,AREA_C,AREA_D_TO_AREA_C,DA,CA,15_30,high,unknown_or_oneway,Y,V,0,0.64328,34.35915365220947
11.0,84.49759379999999,,2,2,0,0,0,0,0,0,0,1,0,4.416666666666667,15.0,46.2564,4,1,PET,UPPER APEX,LANG_09,One-Way,google,Direct,Direct,Logged-Out,AREA_C,AREA_B,AREA_C_TO_AREA_B,CA,BO,8_14,high,unknown_or_oneway,Y,Q,0,0.7427119,34.355178808164595
50.0,139.6711998,13.684027777777779,1,1,0,0,0,0,0,0,0,2,1,333.75,18.0,76.2374,2,0,PET,UPPER APEX,LANG_02,Round-Trip,apple,MetaSearches,MetaSearches,Logged-Out,AREA_B,AREA_C,AREA_B_TO_AREA_C,BE,CA,31_60,very_high,9_14,Y,W,0,0.4501818,34.32069087782502
56.0,108.5701953,,2,2,0,0,0,0,0,0,0,1,0,10.083333333333334,21.0,52.9730006,5,1,PET,UPPER MERIDIAN,LANG_01,One-Way,yandex,MetaSearches,MetaSearches,Logged-Out,AREA_C,AREA_C,AREA_C_TO_AREA_C,CA,CE,31_60,very_high,unknown_or_oneway,Y,V,0,0.6478314,34.3175721008947
39.0,140.52480169999998,6.684027777777778,1,1,0,0,0,0,0,1,0,2,1,165.75,9.0,76.2374,5,0,PET,EAST ZENITH,LANG_08,Round-Trip,samsung,Direct,Direct,Logged-In,AREA_B,AREA_C,AREA_B_TO_AREA_C,BE,CA,31_60,very_high,6_8,Y,W,0,0.45011464,34.31556967357993
1.0,83.04223040000001,,1,1,0,0,0,0,0,0,0,1,0,10.083333333333334,21.0,52.9730006,5,1,PET,NEW VERTEX,LANG_10,One-Way,google,Organic Search,Organic Search,Logged-Out,AREA_C,AREA_C,AREA_C_TO_AREA_C,CA,CE,0_3,high,unknown_or_oneway,Y,Q,0,0.64761925,34.30633478302651
25.0,191.929796,23.319444444444443,3,2,0,0,1,1,0,0,0,2,1,575.8333333333334,4.0,56.1073,5,1,PET,UPPER APEX,LANG_09,Round-Trip,apple,Direct,MetaSearches,Logged-Out,AREA_C,AREA_B,AREA_C_TO_AREA_B,CA,BO,15_30,very_high,15_30,Y,O,0,0.61141104,34.30462236747146
74.0,153.10268779999998,10.70138888888889,1,1,0,0,0,0,0,1,0,2,1,262.75,17.0,71.9544,2,1,PET,UPPER APEX,LANG_09,Round-Trip,apple,Direct,Direct,Logged-In,AREA_C,AREA_C,AREA_C_TO_AREA_C,CA,CA,61_120,very_high,9_14,Y,W,0,0.47627723,34.2702424744606
63.0,77.5903997,7.236111111111111,1,1,0,0,0,0,0,1,0,2,1,188.08333333333334,17.0,91.3345467,4,1,PET,UPPER APEX,LANG_09,Round-Trip,apple,Direct,Direct,Logged-In,AREA_C,AREA_B,AREA_C_TO_AREA_B,CA,BI,61_120,high,6_8,Y,O,0,0.3752076,34.26941633636661
18.0,18.7222779,22.524305555555557,1,1,0,0,0,0,0,0,0,4,1,541.5,8.0,51.396,3,0,PET,GREAT MERIDIAN,LANG_03,Round-Trip,google,Paid Search,Paid MetaSearches,Logged-Out,AREA_C,AREA_B,AREA_C_TO_AREA_B,CA,BA,15_30,very_low,15_30,Y,U,0,0.6667562,34.26860230851173
63.0,301.12231119999996,10.010416666666666,2,1,0,1,0,1,0,0,0,2,1,246.91666666666666,8.0,126.4547184,3,1,PET,UPPER APEX,LANG_09,Round-Trip,mozilla,Organic Social,Paid Search,Logged-Out,AREA_C,AREA_B,AREA_C_TO_AREA_B,CA,BU,61_120,very_high,9_14,Y,V,0,0.27080145,34.244121706829596
11.0,46.4701217,,1,1,0,0,0,0,0,0,0,1,0,11.666666666666666,16.0,51.396,5,1,PET,UPPER APEX,LANG_02,One-Way,google,Direct,Organic Search,Logged-Out,AREA_C,AREA_C,AREA_C_TO_AREA_C,CA,CE,8_14,mid,unknown_or_oneway,Y,O,0,0.666048,34.23220251059532
7.0,46.4285766,,1,1,0,0,0,0,0,0,0,1,0,11.666666666666666,8.0,51.396,5,1,PET,UPPER APEX,LANG_02,One-Way,google,Direct,Organic Search,Logged-Out,AREA_C,AREA_C,AREA_C_TO_AREA_C,CA,CE,4_7,mid,unknown_or_oneway,Y,O,0,0.666048,34.23220251059532
4.0,81.8635488,,1,1,0,0,0,0,0,0,0,1,0,9.083333333333334,10.0,52.9730006,5,1,PET,UPPER APEX,LANG_02,One-Way,other,Direct,Direct,Logged-Out,AREA_C,AREA_C,AREA_C_TO_AREA_C,CA,CE,4_7,high,unknown_or_oneway,Y,Q,0,0.646149,34.228450287422454
83.0,329.3901112,12.010416666666666,2,2,0,0,0,0,0,0,0,2,1,294.9166666666667,22.0,126.4547184,3,1,PET,UPPER APEX,LANG_09,Round-Trip,google,Direct,Direct,Logged-Out,AREA_C,AREA_B,AREA_C_TO_AREA_B,CA,BU,61_120,very_high,9_14,Y,V,0,0.27064463,34.224291100600865
23.0,98.0777019,4.854166666666667,4,4,0,0,0,0,0,0,0,2,1,118.91666666666667,20.0,76.6579906,2,0,PET,NORTH HORIZON,LANG_04,Round-Trip,apple,Paid Search,Paid Search,Logged-Out,AREA_B,AREA_B,AREA_B_TO_AREA_B,BA,BE,15_30,high,3_5,Y,V,0,0.44634053,34.21556823828792
52.0,57.9408523,,2,2,0,0,0,0,0,0,0,1,0,4.5,16.0,46.2564,5,1,PET,UPPER APEX,LANG_09,One-Way,mozilla,Paid Search,Paid Search,Logged-Out,AREA_C,AREA_B,AREA_C_TO_AREA_B,CA,BO,31_60,high,unknown_or_oneway,Y,W,0,0.7389613,34.18168852407932
60.0,198.7731734,8.319444444444445,1,1,0,0,0,0,0,0,0,2,1,215.83333333333334,22.0,56.1073,5,1,PET,NORTH ZENITH,LANG_06,Round-Trip,apple,Direct,Direct,Logged-Out,AREA_C,AREA_B,AREA_C_TO_AREA_B,CA,BO,31_60,very_high,9_14,Y,T,0,0.60904825,34.17205272783041
34.0,81.1011748,,1,1,0,0,0,0,0,0,0,1,0,10.083333333333334,20.0,52.9730006,5,1,PET,NEW VERTEX,LANG_10,One-Way,samsung,Direct,Direct,Logged-Out,AREA_C,AREA_C,AREA_C_TO_AREA_C,CA,CE,31_60,high,unknown_or_oneway,Y,Q,0,0.6449749,34.166255095692264
93.0,320.86351479999996,14.82986111111111,2,2,0,0,0,0,0,0,0,2,1,361.8333333333333,20.0,71.9544,2,1,PET,UPPER APEX,LANG_09,Round-Trip,google,Paid Search,Paid Search,Logged-Out,AREA_C,AREA_C,AREA_C_TO_AREA_C,CA,CA,61_120,very_high,15_30,Y,L,0,0.47465938,34.15383112950325
166.0,304.1880826,19.958333333333332,2,2,0,0,0,0,0,1,0,2,1,484.9166666666667,22.0,71.9544,2,1,PET,UPPER APEX,LANG_09,Round-Trip,apple,Direct,Direct,Logged-In,AREA_C,AREA_C,AREA_C_TO_AREA_C,CA,CA,120_plus,very_high,15_30,Y,V,0,0.4744709,34.14026989188194
9.0,80.80393459999999,,1,1,0,0,0,0,0,0,0,1,0,10.083333333333334,22.0,52.9730006,5,1,PET,NEW VERTEX,LANG_09,One-Way,samsung,Paid Search,Paid Search,Logged-Out,AREA_C,AREA_C,AREA_C_TO_AREA_C,CA,CE,8_14,high,unknown_or_oneway,Y,Q,0,0.64420736,34.125596780944086
25.0,55.3050941,,1,1,0,0,0,0,0,1,0,1,0,12.333333333333334,14.0,51.396,5,1,PET,UPPER APEX,LANG_02,One-Way,google,Paid Search,Paid Search,Logged-In,AREA_C,AREA_C,AREA_C_TO_AREA_C,CA,CE,15_30,high,unknown_or_oneway,Y,U,0,0.6639178,34.12271821689606
58.0,563.0521742999999,157.27083333333334,2,2,0,0,0,0,0,1,1,4,1,3792.5833333333335,17.0,39.836183,2,0,PET,EAST ZENITH,LANG_08,Round-Trip,google,Paid Search,Paid Search,Logged-In,AREA_C,AREA_C,AREA_C_TO_AREA_C,CA,CI,31_60,very_high,30_plus,C,F,0,0.85644716,34.11758580530983
50.0,46.3994522,,1,1,0,0,0,0,0,1,0,1,0,12.333333333333334,12.0,51.396,5,1,PET,UPPER APEX,LANG_02,One-Way,google,Paid Search,Organic Search,Logged-In,AREA_C,AREA_C,AREA_C_TO_AREA_C,CA,CE,31_60,mid,unknown_or_oneway,Y,O,0,0.66375077,34.11413445711136
14.0,46.2148549,,1,1,0,0,0,0,0,1,0,1,0,12.333333333333334,9.0,51.396,5,1,PET,UPPER APEX,LANG_02,One-Way,google,Paid Search,Organic Search,Logged-In,AREA_C,AREA_C,AREA_C_TO_AREA_C,CA,CE,8_14,mid,unknown_or_oneway,Y,O,0,0.66375077,34.11413445711136
14.0,123.06258239999998,,1,1,0,0,0,0,0,1,0,1,0,20.583333333333332,10.0,53.4124364,4,1,PET,UPPER APEX,LANG_09,One-Way,opera,Organic Search,Organic Search,Logged-In,AREA_D,AREA_C,AREA_D_TO_AREA_C,DA,CA,8_14,very_high,unknown_or_oneway,Y,V,0,0.6386889,34.11393142188554
29.0,55.3474958,,1,1,0,0,0,0,0,1,1,1,0,12.333333333333334,11.0,51.396,5,1,PET,UPPER APEX,LANG_02,One-Way,other,Direct,Direct,Logged-In,AREA_C,AREA_C,AREA_C_TO_AREA_C,CA,CE,15_30,high,unknown_or_oneway,Y,U,0,0.66336095,34.09409955739975
28.0,44.9252436,,1,1,0,0,0,0,0,1,0,1,0,12.333333333333334,23.0,51.396,5,1,PET,UPPER APEX,LANG_02,One-Way,google,Paid Search,Paid Search,Logged-In,AREA_C,AREA_C,AREA_C_TO_AREA_C,CA,CE,15_30,mid,unknown_or_oneway,Y,U,0,0.66311866,34.08164667248726
33.0,44.1059057,,1,1,0,0,0,0,0,0,0,1,0,4.75,11.0,47.4761984,5,1,PET,NEW HORIZON,LANG_02,One-Way,apple,Direct,Paid Search,Logged-Out,AREA_C,AREA_C,AREA_C_TO_AREA_C,CA,CE,31_60,mid,unknown_or_oneway,Y,T,0,0.7176397,34.07080404944458
38.0,56.381412000000005,10.163194444444445,4,2,2,0,0,0,1,1,0,2,1,246.91666666666666,9.0,53.1092,6,1,PET,UPPER APEX,LANG_09,Round-Trip,google,Direct,Paid Search,Logged-In,AREA_C,AREA_C,AREA_C_TO_AREA_C,CA,CI,31_60,high,9_14,Y,O,0,0.64114314,34.050599419617654
17.0,209.8331643,,2,2,0,0,0,0,0,0,0,1,0,16.083333333333332,11.0,49.9993137,4,0,PET,LOWER VERTEX,LANG_02,One-Way,google,Paid Search,Paid Search,Logged-Out,AREA_B,AREA_B,AREA_B_TO_AREA_B,BU,BE,15_30,very_high,unknown_or_oneway,Y,S,0,0.6808964,34.04435277106644
67.0,184.871412,12.010416666666666,1,1,0,0,0,0,0,1,0,2,1,294.9166666666667,12.0,126.4547184,3,1,PET,UPPER APEX,LANG_09,Round-Trip,samsung,Direct,Direct,Logged-In,AREA_C,AREA_B,AREA_C_TO_AREA_B,CA,BU,61_120,very_high,9_14,Y,V,0,0.26921424,34.04341124948831
9.0,46.4088748,,1,1,0,0,0,0,0,1,0,1,0,11.666666666666666,12.0,51.396,5,1,PET,UPPER APEX,LANG_02,One-Way,google,Direct,Direct,Logged-In,AREA_C,AREA_C,AREA_C_TO_AREA_C,CA,CE,8_14,mid,unknown_or_oneway,Y,O,0,0.6623687,34.043102466344834
65.0,101.4724077,,1,1,0,0,0,0,0,1,0,1,0,12.333333333333334,17.0,51.396,5,1,PET,UPPER APEX,LANG_02,One-Way,google,Direct,Direct,Logged-In,AREA_C,AREA_C,AREA_C_TO_AREA_C,CA,CE,61_120,high,unknown_or_oneway,Y,T,1,0.6623687,34.043102466344834
13.0,46.4050201,,1,1,0,0,0,0,0,1,0,1,0,11.666666666666666,15.0,51.396,5,1,PET,UPPER APEX,LANG_02,One-Way,google,Direct,Direct,Logged-In,AREA_C,AREA_C,AREA_C_TO_AREA_C,CA,CE,8_14,mid,unknown_or_oneway,Y,O,0,0.6623687,34.043102466344834
37.0,46.4786877,,1,1,0,0,0,0,0,1,1,1,0,12.333333333333334,18.0,51.396,5,1,PET,UPPER APEX,LANG_02,One-Way,google,Direct,Direct,Logged-In,AREA_C,AREA_C,AREA_C_TO_AREA_C,CA,CE,31_60,mid,unknown_or_oneway,P,J,0,0.6623687,34.043102466344834
33.0,190.1416435,,2,2,0,0,0,0,0,0,0,1,0,16.083333333333332,19.0,49.9993137,2,0,PET,LOWER VERTEX,LANG_02,One-Way,google,Direct,Direct,Logged-Out,AREA_B,AREA_B,AREA_B_TO_AREA_B,BU,BE,31_60,very_high,unknown_or_oneway,Y,V,0,0.68037635,34.018350601693854
3.0,68.6569183,,1,1,0,0,0,0,0,0,0,1,0,5.083333333333333,18.0,51.396,5,1,PET,UPPER VERTEX,LANG_11,One-Way,apple,Paid Search,Paid Search,Logged-Out,AREA_C,AREA_B,AREA_C_TO_AREA_B,CA,BU,0_3,high,unknown_or_oneway,Y,Q,0,0.6615318,34.00008870077133
33.0,142.7596711,38.739583333333336,2,2,0,0,0,0,0,0,0,2,1,932.9166666666666,13.0,55.0862328,3,1,PET,LOWER VERTEX,LANG_02,Round-Trip,apple,Paid Search,Organic Search,Logged-Out,AREA_B,AREA_C,AREA_B_TO_AREA_C,BU,CA,31_60,very_high,30_plus,Y,O,0,0.6171977,33.999095766852804
111.0,387.1249512,21.010416666666668,2,2,0,0,0,0,0,1,0,2,1,510.9166666666667,22.0,126.4547184,3,1,PET,UPPER APEX,LANG_09,Round-Trip,google,Direct,Direct,Logged-In,AREA_C,AREA_B,AREA_C_TO_AREA_B,CA,BU,61_120,very_high,15_30,Y,V,0,0.2687879,33.98949702434421
25.0,51.7827549,,1,1,0,0,0,0,0,0,0,1,0,12.333333333333334,7.0,51.396,5,1,PET,UPPER APEX,LANG_02,One-Way,google,Paid Search,Paid Search,Logged-Out,AREA_C,AREA_C,AREA_C_TO_AREA_C,CA,CE,15_30,mid,unknown_or_oneway,Y,U,0,0.66129345,33.98783800292015
7.0,130.0862741,47.357638888888886,1,1,0,0,0,0,0,0,0,2,1,1151.0,21.0,63.9267731,4,1,PET,NORTH MERIDIAN,LANG_02,Round-Trip,apple,Paid Search,Organic Search,Logged-Out,AREA_C,AREA_B,AREA_C_TO_AREA_B,CA,BI,4_7,very_high,30_plus,Y,S,0,0.53139246,33.970204904294405
44.0,87.99851799999999,,1,1,0,0,0,0,0,0,0,1,0,12.333333333333334,8.0,51.396,5,1,PET,UPPER APEX,LANG_02,One-Way,google,Paid Search,Paid Search,Logged-Out,AREA_C,AREA_C,AREA_C_TO_AREA_C,CA,CE,31_60,high,unknown_or_oneway,Y,V,0,0.66069657,33.957160711526875
18.0,140.3033706,92.34375,1,1,0,0,0,0,0,1,0,2,1,2230.6666666666665,17.0,63.9267731,5,1,PET,UPPER APEX,LANG_09,Round-Trip,apple,Direct,Direct,Logged-In,AREA_C,AREA_B,AREA_C_TO_AREA_B,CA,BI,15_30,very_high,30_plus,Y,V,0,0.53103656,33.9474534083263
47.0,230.0189433,,3,2,0,1,0,1,0,0,0,1,0,16.083333333333332,20.0,49.9993137,3,0,PET,LOWER VERTEX,LANG_09,One-Way,google,Paid Search,Paid Search,Logged-Out,AREA_B,AREA_B,AREA_B_TO_AREA_B,BU,BE,31_60,very_high,unknown_or_oneway,Y,V,0,0.6788088,33.93997454985091
57.0,46.2795282,,1,1,0,0,0,0,0,1,0,1,0,12.333333333333334,12.0,51.396,5,1,PET,UPPER APEX,LANG_02,One-Way,samsung,Direct,Direct,Logged-In,AREA_C,AREA_C,AREA_C_TO_AREA_C,CA,CE,31_60,mid,unknown_or_oneway,Y,O,0,0.6603026,33.93691137099266
38.0,46.2799565,,1,1,0,0,0,0,0,1,0,1,0,12.333333333333334,10.0,51.396,5,1,PET,UPPER APEX,LANG_02,One-Way,samsung,Direct,Direct,Logged-In,AREA_C,AREA_C,AREA_C_TO_AREA_C,CA,CE,31_60,mid,unknown_or_oneway,Y,O,0,0.6603026,33.93691137099266
54.0,46.4285766,,1,1,0,0,0,0,0,1,0,1,0,12.333333333333334,19.0,51.396,5,1,PET,UPPER APEX,LANG_02,One-Way,other,Direct,Direct,Logged-In,AREA_C,AREA_C,AREA_C_TO_AREA_C,CA,CE,31_60,mid,unknown_or_oneway,Y,O,0,0.6603026,33.93691137099266
2.0,137.22603510000002,,1,1,0,0,0,0,0,0,0,2,1,28.583333333333332,,51.3236173,5,0,PET,NORTH MERIDIAN,LANG_02,One-Way,google,Direct,MetaSearches,Logged-Out,AREA_B,AREA_B,AREA_B_TO_AREA_B,BI,BO,0_3,very_high,unknown_or_oneway,Y,V,0,0.66097707,33.923733957042785
99.0,110.625607,,2,2,0,0,0,0,0,0,0,1,0,5.083333333333333,23.0,56.19296,4,1,PET,UPPER APEX,LANG_02,One-Way,google,MetaSearches,MetaSearches,Logged-Out,AREA_C,AREA_B,AREA_C_TO_AREA_B,CA,BE,61_120,very_high,unknown_or_oneway,Y,Q,0,0.60365504,33.92116353136063
12.0,51.774617199999994,,1,1,0,0,0,0,0,0,0,1,0,12.333333333333334,16.0,51.396,5,1,PET,UPPER APEX,LANG_02,One-Way,google,Direct,Paid Search,Logged-Out,AREA_C,AREA_C,AREA_C_TO_AREA_C,CA,CE,8_14,mid,unknown_or_oneway,Y,U,0,0.6597384,33.90791590833664
60.0,55.4207351,,1,1,0,0,0,0,0,0,0,1,0,12.333333333333334,20.0,51.396,5,1,PET,UPPER APEX,LANG_02,One-Way,google,Direct,Direct,Logged-Out,AREA_C,AREA_C,AREA_C_TO_AREA_C,CA,CE,31_60,high,unknown_or_oneway,Y,U,0,0.6597384,33.90791590833664
41.0,55.3299355,,1,1,0,0,0,0,0,0,0,1,0,12.333333333333334,12.0,51.396,5,1,PET,UPPER APEX,LANG_02,One-Way,google,Direct,Paid Search,Logged-Out,AREA_C,AREA_C,AREA_C_TO_AREA_C,CA,CE,31_60,high,unknown_or_oneway,Y,U,0,0.6597384,33.90791590833664
6.0,46.8333201,,1,1,0,0,0,0,0,0,0,1,0,11.666666666666666,19.0,51.396,5,1,PET,UPPER APEX,LANG_02,One-Way,google,Direct,Direct,Logged-Out,AREA_C,AREA_C,AREA_C_TO_AREA_C,CA,CE,4_7,mid,unknown_or_oneway,Y,U,0,0.6597384,33.90791590833664
42.0,46.2859527,,1,1,0,0,0,0,0,0,0,1,0,12.333333333333334,3.0,51.396,5,1,PET,UPPER APEX,LANG_02,One-Way,mozilla,Organic Search,Organic Search,Logged-Out,AREA_C,AREA_C,AREA_C_TO_AREA_C,CA,CE,31_60,mid,unknown_or_oneway,Y,O,0,0.6596428,33.90300215005875
8.0,93.2139271,,1,1,0,0,0,0,0,0,0,1,0,16.416666666666668,10.0,51.90996,4,1,PET,LOWER VERTEX,LANG_02,One-Way,apple,MetaSearches,MetaSearches,Logged-Out,AREA_B,AREA_C,AREA_B_TO_AREA_C,BO,CA,8_14,high,unknown_or_oneway,Y,L,0,0.6528042,33.88703969600916
1.0,179.0649489,,1,1,0,0,0,0,0,0,0,2,1,28.583333333333332,23.0,51.3236173,5,0,PET,NORTH MERIDIAN,LANG_02,One-Way,google,Organic Search,Organic Search,Logged-Out,AREA_B,AREA_B,AREA_B_TO_AREA_B,BI,BO,0_3,very_high,unknown_or_oneway,Y,T,0,0.6600348,33.875372234460464
9.0,142.8461877,,1,1,0,0,0,0,0,1,0,1,0,16.083333333333332,7.0,49.9993137,4,0,PET,LOWER VERTEX,LANG_02,One-Way,apple,Direct,Direct,Logged-In,AREA_B,AREA_B,AREA_B_TO_AREA_B,BU,BE,8_14,very_high,unknown_or_oneway,Y,K,0,0.6768518,33.84212592784401
1.0,175.4813628,,1,1,0,0,0,0,0,0,0,2,1,28.583333333333332,23.0,51.3236173,5,0,PET,NORTH MERIDIAN,LANG_02,One-Way,google,Paid MetaSearches,Organic Search,Logged-Out,AREA_B,AREA_B,AREA_B_TO_AREA_B,BI,BO,0_3,very_high,unknown_or_oneway,Y,Q,0,0.65920955,33.83301863529845
60.0,329.598265,8.82986111111111,2,1,1,0,0,0,1,0,0,2,1,217.83333333333334,10.0,71.9544,2,1,PET,UPPER APEX,LANG_02,Round-Trip,google,Paid Search,Paid Search,Logged-Out,AREA_C,AREA_C,AREA_C_TO_AREA_C,CA,CA,31_60,very_high,9_14,Y,Q,0,0.47006926,33.82355151894093
14.0,46.2148549,,1,1,0,0,0,0,0,0,0,1,0,12.333333333333334,21.0,51.396,5,1,PET,UPPER APEX,LANG_02,One-Way,other,Direct,Direct,Logged-Out,AREA_C,AREA_C,AREA_C_TO_AREA_C,CA,CE,8_14,mid,unknown_or_oneway,Y,O,0,0.6576645,33.80132350230217
45.0,55.4023182,,1,1,0,0,0,0,0,0,0,1,0,12.333333333333334,23.0,51.396,5,1,PET,UPPER APEX,LANG_02,One-Way,other,Direct,Direct,Logged-Out,AREA_C,AREA_C,AREA_C_TO_AREA_C,CA,CE,31_60,high,unknown_or_oneway,Y,U,0,0.6576645,33.80132350230217
49.0,46.2067172,,1,1,0,0,0,0,0,0,0,1,0,12.333333333333334,23.0,51.396,5,1,PET,UPPER APEX,LANG_02,One-Way,google,Paid Search,Paid Search,Logged-Out,AREA_C,AREA_C,AREA_C_TO_AREA_C,CA,CE,31_60,mid,unknown_or_oneway,Y,O,0,0.6574202,33.788769523859024
59.0,46.393027700000005,,1,1,0,0,0,0,0,0,0,1,0,12.333333333333334,12.0,51.396,5,1,PET,UPPER APEX,LANG_02,One-Way,google,Paid Search,Paid Search,Logged-Out,AREA_C,AREA_C,AREA_C_TO_AREA_C,CA,CE,31_60,mid,unknown_or_oneway,Y,O,0,0.6574202,33.788769523859024
36.0,46.3840334,,1,1,0,0,0,0,0,0,0,1,0,12.333333333333334,18.0,51.396,5,1,PET,UPPER APEX,LANG_02,One-Way,google,Paid Search,Paid Search,Logged-Out,AREA_C,AREA_C,AREA_C_TO_AREA_C,CA,CE,31_60,mid,unknown_or_oneway,Y,O,0,0.6574202,33.788769523859024
42.0,46.4088748,,1,1,0,0,0,0,0,0,0,1,0,12.333333333333334,10.0,51.396,5,1,PET,UPPER APEX,LANG_02,One-Way,google,Paid Search,Paid Search,Logged-Out,AREA_C,AREA_C,AREA_C_TO_AREA_C,CA,CE,31_60,mid,unknown_or_oneway,Y,O,0,0.6574202,33.788769523859024
12.0,46.4294332,,1,1,0,0,0,0,0,0,0,1,0,11.666666666666666,16.0,51.396,5,1,PET,UPPER APEX,LANG_02,One-Way,google,Paid Search,Paid Search,Logged-Out,AREA_C,AREA_C,AREA_C_TO_AREA_C,CA,CE,8_14,mid,unknown_or_oneway,Y,O,0,0.6574202,33.788769523859024
33.0,47.620535499999995,,1,1,0,0,0,0,0,0,0,1,0,12.333333333333334,20.0,51.396,5,1,PET,UPPER APEX,LANG_02,One-Way,google,Paid Search,Paid Search,Logged-Out,AREA_C,AREA_C,AREA_C_TO_AREA_C,CA,CE,31_60,mid,unknown_or_oneway,Y,U,0,0.6574202,33.788769523859024
60.0,79.98117029999999,,1,1,0,0,0,0,0,0,0,2,1,-362.8333333333333,19.0,100.7353034,3,1,PET,LOWER VERTEX,LANG_09,Round-Trip,google,Paid Search,Paid Search,Logged-Out,AREA_B,AREA_C,AREA_B_TO_AREA_C,BU,CA,31_60,high,unknown_or_oneway,Y,U,0,0.3353916,33.785775677879904
4.0,134.8609625,,1,1,0,0,0,0,0,1,1,1,0,13.5,11.0,48.8262,4,1,PET,UPPER APEX,LANG_02,One-Way,apple,Direct,Direct,Logged-In,AREA_B,AREA_C,AREA_B_TO_AREA_C,BU,CA,4_7,very_high,unknown_or_oneway,Y,K,0,0.69151103,33.76385609543323
21.0,22.2262002,5.854166666666667,1,1,0,0,0,0,0,0,0,2,1,142.91666666666666,10.0,76.6579906,4,0,PET,NORTH HORIZON,LANG_04,Round-Trip,mozilla,Paid Search,Paid Search,Logged-Out,AREA_B,AREA_B,AREA_B_TO_AREA_B,BA,BE,15_30,low,6_8,Y,O,0,0.44024476,33.748278987278574
90.0,130.8623537,,1,1,0,0,0,0,0,0,0,2,1,28.583333333333332,23.0,51.3236173,5,0,PET,NORTH MERIDIAN,LANG_02,One-Way,google,Paid Search,Paid Search,Logged-Out,AREA_B,AREA_B,AREA_B_TO_AREA_B,BI,BO,61_120,very_high,unknown_or_oneway,Y,V,0,0.65746874,33.74367380199215
115.0,201.5502706,11.958333333333334,1,1,0,0,0,0,0,1,0,2,1,292.9166666666667,10.0,71.9544,2,1,PET,UPPER VERTEX,LANG_11,Round-Trip,apple,Direct,Direct,Logged-In,AREA_C,AREA_C,AREA_C_TO_AREA_C,CA,CA,61_120,very_high,9_14,Y,S,0,0.4689535,33.743267019367224
7.0,26.315180300000005,2.4305555555555554,1,1,0,0,0,0,0,0,0,4,1,59.583333333333336,20.0,57.6046368,3,0,PET,CENTRAL MERIDIAN,LANG_02,Round-Trip,apple,Direct,Direct,Logged-Out,AREA_B,AREA_C,AREA_B_TO_AREA_C,BI,CI,4_7,low,3_5,Y,W,0,0.5857069,33.7394326483572
3.0,54.7345985,,1,1,0,0,0,0,0,0,0,1,0,11.666666666666666,13.0,51.396,5,1,PET,UPPER APEX,LANG_02,One-Way,google,Direct,Paid Search,Logged-Out,AREA_C,AREA_C,AREA_C_TO_AREA_C,CA,CE,0_3,high,unknown_or_oneway,Y,L,0,0.65636486,33.73452824950218
123.0,320.728172,10.010416666666666,2,1,0,1,0,1,0,0,0,2,1,246.91666666666666,22.0,126.4547184,3,1,PET,UPPER APEX,LANG_09,Round-Trip,apple,Paid Search,Paid Search,Logged-Out,AREA_C,AREA_B,AREA_C_TO_AREA_B,CA,BU,120_plus,very_high,9_14,Y,V,0,0.2664279,33.69106562068763
10.0,50.16078279999999,,1,1,0,0,0,0,0,0,0,1,0,6.666666666666667,,46.551927,3,1,PET,LOWER ZENITH,LANG_02,One-Way,apple,Direct,Direct,Logged-Out,AREA_B,AREA_C,AREA_B_TO_AREA_C,BE,CA,8_14,mid,unknown_or_oneway,Y,T,0,0.723627,33.68622994061959
43.0,46.2859527,,1,1,0,0,0,0,0,0,0,1,0,12.333333333333334,17.0,51.396,5,1,PET,UPPER APEX,LANG_02,One-Way,mozilla,Paid Search,Paid Search,Logged-Out,AREA_C,AREA_C,AREA_C_TO_AREA_C,CA,CE,31_60,mid,unknown_or_oneway,Y,O,0,0.65533954,33.68183094906807
13.0,46.4075899,,1,1,0,0,0,0,0,0,0,1,0,11.666666666666666,23.0,51.396,5,1,PET,UPPER APEX,LANG_02,One-Way,microsoft,Paid Search,Paid Search,Logged-Out,AREA_C,AREA_C,AREA_C_TO_AREA_C,CA,CE,8_14,mid,unknown_or_oneway,Y,O,0,0.65533954,33.68183094906807
18.0,124.194151,28.319444444444443,1,1,0,0,0,0,0,0,0,2,1,695.8333333333334,14.0,56.1073,5,1,PET,UPPER APEX,LANG_09,Round-Trip,apple,Direct,Direct,Logged-Out,AREA_C,AREA_B,AREA_C_TO_AREA_B,CA,BO,15_30,very_high,15_30,Y,U,0,0.6002938,33.680865173977615
7.0,171.9817235,,1,1,0,0,0,0,0,0,0,2,1,30.5,,51.3236173,5,0,PET,NORTH MERIDIAN,LANG_02,One-Way,google,Direct,Paid Search,Logged-Out,AREA_B,AREA_B,AREA_B_TO_AREA_B,BI,BO,4_7,very_high,unknown_or_oneway,Y,T,0,0.65622824,33.68000727214312
42.0,172.5903378,,2,2,0,0,0,0,0,0,0,1,0,14.166666666666666,11.0,50.3676517,4,1,PET,LOWER VERTEX,LANG_02,One-Way,google,Paid Search,Paid Search,Logged-Out,AREA_B,AREA_C,AREA_B_TO_AREA_C,BU,CA,31_60,very_high,unknown_or_oneway,Y,S,0,0.668429,33.667199917801774
24.0,80.97868100000001,,1,1,0,0,0,0,0,1,0,1,0,10.083333333333334,16.0,52.9730006,5,1,PET,UPPER APEX,LANG_09,One-Way,samsung,Direct,Affiliate,Logged-In,AREA_C,AREA_C,AREA_C_TO_AREA_C,CA,CE,15_30,high,unknown_or_oneway,Y,Q,0,0.6350938,33.642824681464646
118.0,330.3452202,18.0,1,1,0,0,0,0,0,0,0,2,1,439.25,15.0,126.4547184,3,1,PET,UPPER APEX,LANG_02,Round-Trip,google,Paid Search,Paid Search,Logged-Out,AREA_C,AREA_B,AREA_C_TO_AREA_B,CA,BU,61_120,very_high,15_30,Y,H,0,0.2659225,33.62715318225489
7.0,81.2883419,,1,1,0,0,0,0,0,1,0,1,0,10.083333333333334,19.0,52.9730006,5,1,PET,UPPER APEX,LANG_09,One-Way,google,Paid Search,Organic Search,Logged-In,AREA_C,AREA_C,AREA_C_TO_AREA_C,CA,CE,4_7,high,unknown_or_oneway,Y,Q,0,0.6346688,33.62031215648565
7.0,81.2883419,,1,1,0,0,0,0,0,1,0,1,0,10.083333333333334,19.0,52.9730006,5,1,PET,UPPER APEX,LANG_09,One-Way,google,Paid Search,Organic Search,Logged-In,AREA_C,AREA_C,AREA_C_TO_AREA_C,CA,CE,4_7,high,unknown_or_oneway,Y,Q,0,0.6346688,33.62031215648565
7.0,81.2883419,,1,1,0,0,0,0,0,1,0,1,0,10.083333333333334,19.0,52.9730006,5,1,PET,UPPER APEX,LANG_09,One-Way,google,Paid Search,Organic Search,Logged-In,AREA_C,AREA_C,AREA_C_TO_AREA_C,CA,CE,4_7,high,unknown_or_oneway,Y,Q,0,0.6346688,33.62031215648565
32.0,96.2527156,,1,1,0,0,0,0,0,0,0,1,0,10.083333333333334,21.0,52.9730006,5,1,PET,UPPER APEX,LANG_09,One-Way,google,Paid Search,Organic Search,Logged-Out,AREA_C,AREA_C,AREA_C_TO_AREA_C,CA,CE,31_60,high,unknown_or_oneway,Y,K,0,0.6346688,33.62031215648565
1.0,63.6856402,,1,1,0,0,0,0,0,0,0,1,0,11.666666666666666,17.0,51.396,5,1,PET,UPPER APEX,LANG_02,One-Way,google,Paid Search,Paid Search,Logged-Out,AREA_C,AREA_C,AREA_C_TO_AREA_C,CA,CE,0_3,high,unknown_or_oneway,Y,W,0,0.6540357,33.61481819200516
1.0,71.4412966,,1,1,0,0,0,0,0,0,0,1,0,11.666666666666666,12.0,51.396,5,1,PET,UPPER APEX,LANG_02,One-Way,google,Paid Search,Paid Search,Logged-Out,AREA_C,AREA_C,AREA_C_TO_AREA_C,CA,CE,0_3,high,unknown_or_oneway,Y,W,0,0.6540357,33.61481819200516
22.0,81.4056961,,1,1,0,0,0,0,0,0,0,1,0,10.083333333333334,14.0,52.9730006,5,1,PET,UPPER APEX,LANG_09,One-Way,google,Direct,Direct,Logged-Out,AREA_C,AREA_C,AREA_C_TO_AREA_C,CA,CE,15_30,high,unknown_or_oneway,Y,Q,0,0.63451105,33.61195442105516
2.0,145.8858328,,1,1,0,0,0,0,0,0,0,2,1,30.5,23.0,51.3236173,5,0,PET,NORTH MERIDIAN,LANG_02,One-Way,google,Paid Search,Paid Search,Logged-Out,AREA_B,AREA_B,AREA_B_TO_AREA_B,BI,BO,0_3,very_high,unknown_or_oneway,Y,V,0,0.6538055,33.55566297852533
123.0,353.0129977,14.010416666666666,2,2,0,0,0,0,0,0,0,2,1,342.9166666666667,14.0,126.4547184,4,1,PET,LOWER ZENITH,LANG_02,Round-Trip,google,Paid Search,Paid Search,Logged-Out,AREA_C,AREA_B,AREA_C_TO_AREA_B,CA,BU,120_plus,very_high,15_30,Y,S,0,0.26524007,33.54085876541233
40.0,135.6100592,7.21875,4,2,0,2,0,1,0,0,0,2,1,177.25,21.0,51.396,3,1,PET,UPPER APEX,LANG_09,Round-Trip,apple,Direct,Direct,Logged-Out,AREA_C,AREA_C,AREA_C_TO_AREA_C,CA,CI,31_60,very_high,6_8,Y,W,0,0.652129,33.51682179951668
11.0,81.0163714,,1,1,0,0,0,0,0,0,0,1,0,16.083333333333332,21.0,49.9993137,3,0,PET,LOWER VERTEX,LANG_02,One-Way,apple,Direct,Direct,Logged-Out,AREA_B,AREA_B,AREA_B_TO_AREA_B,BU,BE,8_14,high,unknown_or_oneway,Y,V,0,0.6701535,33.507215006133734
7.0,73.41233319999999,,1,1,0,0,0,0,0,1,0,1,0,14.166666666666666,12.0,50.0515663,4,1,PET,LOWER VERTEX,LANG_02,One-Way,apple,Direct,Direct,Logged-In,AREA_B,AREA_C,AREA_B_TO_AREA_C,BU,CA,4_7,high,unknown_or_oneway,Y,S,0,0.6693433,33.5016801926933
24.0,81.9941803,,1,1,0,0,0,0,0,0,0,1,0,9.166666666666666,18.0,52.9730006,3,1,PET,UPPER APEX,LANG_09,One-Way,samsung,Direct,Direct,Logged-Out,AREA_C,AREA_C,AREA_C_TO_AREA_C,CA,CE,15_30,high,unknown_or_oneway,Y,Q,0,0.63236904,33.49848561177463
134.0,513.6139336,13.64236111111111,4,2,2,0,0,0,1,1,0,2,1,333.3333333333333,23.0,76.2374,2,0,PET,UPPER APEX,LANG_09,Round-Trip,samsung,Direct,Direct,Logged-In,AREA_B,AREA_C,AREA_B_TO_AREA_C,BE,CA,120_plus,very_high,9_14,Y,W,0,0.4392205,33.485028037297724
141.0,237.4478068,13.64236111111111,2,2,0,0,0,0,0,1,0,2,1,333.3333333333333,22.0,76.2374,2,0,PET,UPPER APEX,LANG_09,Round-Trip,other,Direct,Direct,Logged-In,AREA_B,AREA_C,AREA_B_TO_AREA_C,BE,CA,120_plus,very_high,9_14,Y,W,0,0.4392205,33.485028037297724
105.0,156.2001534,22.82986111111111,1,1,0,0,0,0,0,1,0,2,1,553.8333333333334,13.0,71.9544,2,1,PET,UPPER APEX,LANG_02,Round-Trip,google,Paid Search,Organic Search,Logged-In,AREA_C,AREA_C,AREA_C_TO_AREA_C,CA,CA,61_120,very_high,15_30,Y,L,0,0.46525055,33.476824297285084
19.0,22.9949987,0.9270833333333334,1,1,0,0,0,0,0,0,0,5,1,25.0,18.0,57.6046368,3,0,PET,UPPER VERTEX,LANG_10,Round-Trip,google,Organic Search,Organic Search,Logged-Out,AREA_B,AREA_C,AREA_B_TO_AREA_C,BI,CI,15_30,low,1_2,Y,V,0,0.58074254,33.45346297437801
27.0,23.059672,,1,1,0,0,0,0,0,0,0,1,0,6.75,14.0,45.3998,5,1,PET,EAST HORIZON,LANG_02,One-Way,apple,Paid Search,Paid Search,Logged-Out,AREA_C,AREA_C,AREA_C_TO_AREA_C,CA,CE,15_30,low,unknown_or_oneway,Y,V,0,0.73678225,33.44976692014932
28.0,81.4395318,,1,1,0,0,0,0,0,0,0,1,0,10.083333333333334,12.0,52.9730006,5,1,PET,UPPER APEX,LANG_09,One-Way,google,Paid Search,Paid Search,Logged-Out,AREA_C,AREA_C,AREA_C_TO_AREA_C,CA,CE,15_30,high,unknown_or_oneway,Y,Q,0,0.631284,33.44100763074832
50.0,81.4395318,,1,1,0,0,0,0,0,1,0,1,0,10.083333333333334,19.0,52.9730006,5,1,PET,UPPER APEX,LANG_09,One-Way,other,Direct,Direct,Logged-In,AREA_C,AREA_C,AREA_C_TO_AREA_C,CA,CE,31_60,high,unknown_or_oneway,Y,Q,0,0.63108814,33.4306322931493
52.0,98.8066685,,1,1,0,0,0,0,0,1,0,1,0,14.5,12.0,49.888384,4,1,PET,LOWER VERTEX,LANG_02,One-Way,apple,Direct,Direct,Logged-In,AREA_B,AREA_C,AREA_B_TO_AREA_C,BU,CA,31_60,high,unknown_or_oneway,P,J,1,0.6693433,33.39245521469879
4.0,160.8621989,,1,1,0,0,0,0,0,0,0,2,1,30.5,11.0,51.3236173,5,0,PET,SOUTH AURORA,LANG_02,One-Way,google,Paid Search,Paid Search,Logged-Out,AREA_B,AREA_B,AREA_B_TO_AREA_B,BI,BO,4_7,very_high,unknown_or_oneway,Y,S,0,0.65049785,33.385902900641796
70.0,103.7578165,,2,2,0,0,0,0,0,0,0,1,0,12.333333333333334,13.0,51.396,5,1,PET,OLD HORIZON,LANG_02,One-Way,google,MetaSearches,MetaSearches,Logged-Out,AREA_C,AREA_C,AREA_C_TO_AREA_C,CA,CE,61_120,very_high,unknown_or_oneway,Y,U,0,0.6492355,33.36810708904267
85.0,331.54959979999995,10.70138888888889,2,2,0,0,0,0,0,0,0,2,1,262.75,20.0,71.9544,2,1,PET,UPPER APEX,LANG_09,Round-Trip,google,Paid Search,Affiliate,Logged-Out,AREA_C,AREA_C,AREA_C_TO_AREA_C,CA,CA,61_120,very_high,9_14,Y,L,0,0.4634926,33.35033208925724
52.0,151.3637898,12.0,1,1,0,0,0,0,0,1,1,2,1,295.25,18.0,126.4547184,3,1,PET,UPPER APEX,LANG_09,Round-Trip,google,Direct,Paid Search,Logged-In,AREA_C,AREA_B,AREA_C_TO_AREA_B,CA,BU,31_60,very_high,9_14,Y,T,0,0.26362598,33.33674899092579
30.0,81.13629540000001,,1,1,0,0,0,0,0,0,0,1,0,10.083333333333334,15.0,52.9730006,5,1,PET,UPPER APEX,LANG_09,One-Way,opera,Paid Search,Paid Search,Logged-Out,AREA_C,AREA_C,AREA_C_TO_AREA_C,CA,CE,15_30,high,unknown_or_oneway,Y,Q,0,0.6291342,33.32712519723606
87.0,351.8415972,13.010416666666666,2,2,0,0,0,0,0,1,0,2,1,318.9166666666667,19.0,126.4547184,3,1,PET,UPPER APEX,LANG_09,Round-Trip,google,Paid Search,Referrals,Logged-In,AREA_C,AREA_B,AREA_C_TO_AREA_B,CA,BU,61_120,very_high,9_14,Y,L,0,0.2635216,33.32355119863901
55.0,46.119344,,1,1,0,0,0,0,0,0,0,1,0,12.333333333333334,15.0,51.396,5,1,PET,OLD HORIZON,LANG_02,One-Way,google,Paid Search,Paid Search,Logged-Out,AREA_C,AREA_C,AREA_C_TO_AREA_C,CA,CE,31_60,mid,unknown_or_oneway,Y,V,0,0.6480592,33.307650094270706
10.0,75.9611465,,1,1,0,0,0,0,0,1,0,1,0,10.083333333333334,17.0,52.9730006,5,1,PET,UPPER APEX,LANG_09,One-Way,opera,Paid Search,Paid Search,Logged-In,AREA_C,AREA_C,AREA_C_TO_AREA_C,CA,CE,8_14,high,unknown_or_oneway,Y,Q,0,0.6286845,33.30330549338732
88.0,218.43214339999997,27.211805555555557,2,2,0,0,0,0,0,0,0,2,1,669.25,13.0,56.1073,5,1,PET,UPPER APEX,LANG_09,Round-Trip,apple,Direct,Direct,Logged-Out,AREA_C,AREA_B,AREA_C_TO_AREA_B,CA,BO,61_120,very_high,15_30,Y,U,0,0.59355277,33.302643232935665
30.0,51.93522970000001,,1,1,0,0,0,0,0,0,0,1,0,12.333333333333334,23.0,51.396,5,1,PET,OLD HORIZON,LANG_02,One-Way,google,Paid Search,Paid Search,Logged-Out,AREA_C,AREA_C,AREA_C_TO_AREA_C,CA,CE,15_30,mid,unknown_or_oneway,Y,U,0,0.6478503,33.296912735939024
23.0,90.1597198,,2,2,0,0,0,0,0,0,0,1,0,4.916666666666667,20.0,57.3922,5,1,PET,UPPER APEX,LANG_09,One-Way,microsoft,Paid MetaSearches,Paid MetaSearches,Logged-Out,AREA_C,AREA_B,AREA_C_TO_AREA_B,CA,BU,15_30,high,unknown_or_oneway,Y,V,0,0.5801588,33.29659158527851
70.0,82.0524291,,1,1,0,0,0,0,0,0,0,1,0,10.083333333333334,21.0,52.9730006,5,1,PET,UPPER APEX,LANG_02,One-Way,google,Direct,MetaSearches,Logged-Out,AREA_C,AREA_C,AREA_C_TO_AREA_C,CA,CE,61_120,high,unknown_or_oneway,Y,Q,0,0.6283104,33.28348626206991
5.0,83.00454,,1,1,0,0,0,0,0,0,0,1,0,10.083333333333334,18.0,52.9730006,5,1,PET,UPPER APEX,LANG_09,One-Way,google,Paid Search,Paid Search,Logged-Out,AREA_C,AREA_C,AREA_C_TO_AREA_C,CA,CE,4_7,high,unknown_or_oneway,Y,Q,0,0.62809753,33.27221105495911
28.0,232.3201992,26.5625,3,2,0,1,0,1,0,0,0,2,1,646.5833333333334,11.0,53.3935912,2,1,PET,UPPER APEX,LANG_09,Round-Trip,apple,Direct,Direct,Logged-Out,AREA_C,AREA_C,AREA_C_TO_AREA_C,CE,CA,15_30,very_high,15_30,Y,O,0,0.62311286,33.27023317637019
6.0,52.2971432,,1,1,0,0,0,0,0,0,0,1,0,11.666666666666666,21.0,51.396,5,1,PET,OLD HORIZON,LANG_02,One-Way,google,Direct,Paid Search,Logged-Out,AREA_C,AREA_C,AREA_C_TO_AREA_C,CA,CE,4_7,mid,unknown_or_oneway,Y,U,0,0.6470845,33.257553654670716
85.0,72.4662185,7.739583333333333,1,1,0,0,0,0,0,1,0,2,1,190.08333333333334,19.0,100.7353034,3,1,PET,LOWER VERTEX,LANG_02,Round-Trip,google,Internal,Email,Logged-In,AREA_B,AREA_C,AREA_B_TO_AREA_C,BU,CA,61_120,high,6_8,Y,O,0,0.32973713,33.2161695131863
40.0,83.4444041,,3,1,2,0,0,0,1,1,0,1,0,4.75,11.0,47.4761984,5,1,PET,NEW HORIZON,LANG_02,One-Way,other,Direct,Direct,Logged-In,AREA_C,AREA_C,AREA_C_TO_AREA_C,CA,CE,31_60,high,unknown_or_oneway,Y,L,0,0.6995341,33.211220582069394
23.0,132.738736,14.784722222222221,1,1,0,0,0,0,0,0,0,2,1,360.75,14.0,71.9544,2,1,PET,UPPER APEX,LANG_09,Round-Trip,microsoft,Paid Search,Paid Search,Logged-Out,AREA_C,AREA_C,AREA_C_TO_AREA_C,CA,CA,15_30,very_high,15_30,Y,V,0,0.46154702,33.21033868703842
92.0,110.8487513,13.64236111111111,1,1,0,0,0,0,0,0,0,2,1,333.3333333333333,9.0,76.2374,2,0,PET,UPPER APEX,LANG_09,Round-Trip,google,Direct,Direct,Logged-Out,AREA_B,AREA_C,AREA_B_TO_AREA_C,BE,CA,61_120,very_high,9_14,Y,O,0,0.43553948,33.20439785933495
58.0,51.5955878,,2,2,0,0,0,0,0,1,0,1,0,3.4166666666666665,20.0,40.9998741,5,1,PET,UPPER APEX,LANG_02,One-Way,apple,Email,Email,Logged-In,AREA_C,AREA_B,AREA_C_TO_AREA_B,CA,BO,31_60,mid,unknown_or_oneway,Y,L,0,0.8096681,33.19629113538836
77.0,368.1555442,12.958333333333334,2,2,0,0,0,0,0,0,0,2,1,316.9166666666667,20.0,71.9544,2,1,PET,UPPER APEX,LANG_09,Round-Trip,microsoft,Paid Search,Paid Search,Logged-Out,AREA_C,AREA_C,AREA_C_TO_AREA_C,CA,CA,61_120,very_high,9_14,Y,W,0,0.46119937,33.18532416508198
18.0,144.53668779999998,14.875,1,1,0,0,0,0,0,0,0,2,1,362.0,23.0,71.9544,2,1,PET,UPPER APEX,LANG_09,Round-Trip,google,Direct,Paid Search,Logged-Out,AREA_C,AREA_C,AREA_C_TO_AREA_C,CA,CA,15_30,very_high,15_30,Y,V,0,0.46104968,33.174552802562715
24.0,148.9674513,23.916666666666668,1,1,0,0,0,0,0,0,0,3,1,579.9166666666666,11.0,71.9544,2,1,PET,UPPER APEX,LANG_02,Round-Trip,google,MetaSearches,MetaSearches,Logged-Out,AREA_C,AREA_C,AREA_C_TO_AREA_C,CA,CA,15_30,very_high,15_30,Y,W,0,0.46102014,33.172427694010736
79.0,227.34249660000003,26.36111111111111,2,2,0,0,0,0,0,0,0,2,1,647.8333333333334,21.0,57.0898202,5,1,PET,UPPER VERTEX,LANG_11,Round-Trip,apple,Direct,Direct,Logged-Out,AREA_C,AREA_B,AREA_C_TO_AREA_B,CA,BO,61_120,very_high,15_30,Y,O,0,0.5805276,33.14221651215955
66.0,41.2577107,,1,1,0,0,0,0,0,0,0,1,0,12.333333333333334,,51.396,5,1,PET,WEST MERIDIAN,LANG_02,One-Way,google,Paid Search,Paid Search,Logged-Out,AREA_C,AREA_C,AREA_C_TO_AREA_C,CA,CE,61_120,mid,unknown_or_oneway,Y,O,0,0.64472646,33.13636089205742
14.0,51.6311367,,1,1,0,0,0,0,0,0,0,1,0,12.333333333333334,17.0,51.396,5,1,PET,OLD HORIZON,LANG_02,One-Way,google,Paid Search,Paid Search,Logged-Out,AREA_C,AREA_C,AREA_C_TO_AREA_C,CA,CE,8_14,mid,unknown_or_oneway,Y,U,0,0.64472646,33.13636089205742
38.0,46.1925833,,1,1,0,0,0,0,0,0,0,1,0,12.333333333333334,22.0,51.396,5,1,PET,OLD HORIZON,LANG_02,One-Way,google,Paid Search,Paid Search,Logged-Out,AREA_C,AREA_C,AREA_C_TO_AREA_C,CA,CE,31_60,mid,unknown_or_oneway,Y,O,0,0.64472646,33.13636089205742
66.0,46.3244997,,1,1,0,0,0,0,0,0,0,1,0,12.333333333333334,,51.396,5,1,PET,WEST MERIDIAN,LANG_02,One-Way,google,Paid Search,Paid Search,Logged-Out,AREA_C,AREA_C,AREA_C_TO_AREA_C,CA,CE,61_120,mid,unknown_or_oneway,Y,O,0,0.64472646,33.13636089205742
24.0,59.9739924,8.524305555555555,2,2,0,0,0,0,0,0,0,4,1,205.5,21.0,51.396,3,0,PET,UPPER APEX,LANG_02,Round-Trip,google,Direct,Direct,Logged-Out,AREA_C,AREA_B,AREA_C_TO_AREA_B,CA,BA,15_30,high,9_14,Y,O,0,0.6445218,33.125841037988664
49.0,83.17628830000001,11.78125,1,1,0,0,0,0,0,0,0,2,1,286.0833333333333,20.0,80.9649754,3,1,PET,LOWER VERTEX,LANG_02,Round-Trip,apple,MetaSearches,MetaSearches,Logged-Out,AREA_B,AREA_C,AREA_B_TO_AREA_C,BU,CA,31_60,high,9_14,Y,L,0,0.40899965,33.114646736107034
1.0,78.2855306,,1,1,0,0,0,0,0,0,0,1,0,9.083333333333334,21.0,52.9730006,5,1,PET,UPPER APEX,LANG_09,One-Way,google,Paid Search,Paid Search,Logged-Out,AREA_C,AREA_C,AREA_C_TO_AREA_C,CA,CE,0_3,high,unknown_or_oneway,Y,Q,0,0.6245887,33.086339060504194
87.0,157.0040725,14.82986111111111,1,1,0,0,0,0,0,1,0,2,1,361.8333333333333,17.0,71.9544,2,1,PET,UPPER VERTEX,LANG_11,Round-Trip,google,Organic Search,Paid Search,Logged-In,AREA_C,AREA_C,AREA_C_TO_AREA_C,CA,CA,61_120,very_high,15_30,Y,L,0,0.45966095,33.07462766804696
68.0,94.7223997,8.23611111111111,1,1,0,0,0,0,0,0,0,2,1,212.08333333333334,21.0,91.3345467,3,1,PET,UPPER APEX,LANG_02,Round-Trip,google,Email,Email,Logged-Out,AREA_C,AREA_B,AREA_C_TO_AREA_B,CA,BI,61_120,high,9_14,Y,O,0,0.36198378,33.06162410216546
0.0,156.1311971,,1,1,0,0,0,0,0,0,0,1,0,15.916666666666666,9.0,100.7353034,3,1,PET,LOWER VERTEX,LANG_02,Round-Trip,google,Paid Search,Paid Search,Logged-Out,AREA_B,AREA_C,AREA_B_TO_AREA_C,BU,CA,invalid_or_past,very_high,unknown_or_oneway,Y,W,0,0.3281294,33.05421574573119
41.0,122.7888987,,1,1,0,0,0,0,0,0,0,1,0,15.166666666666666,7.0,51.90996,4,1,PET,UPPER APEX,LANG_02,One-Way,google,MetaSearches,MetaSearches,Logged-Out,AREA_B,AREA_C,AREA_B_TO_AREA_C,BO,CA,31_60,very_high,unknown_or_oneway,Y,S,0,0.6367497,33.053650668532846
134.0,162.5771121,15.70138888888889,1,1,0,0,0,0,0,1,0,2,1,382.75,14.0,71.9544,2,1,PET,UPPER APEX,LANG_09,Round-Trip,apple,Direct,Direct,Logged-In,AREA_C,AREA_C,AREA_C_TO_AREA_C,CA,CA,120_plus,very_high,15_30,Y,W,0,0.45892632,33.02176800527573
125.0,437.3217112,25.49652777777778,2,2,0,0,0,0,0,0,0,2,1,619.1666666666666,21.0,126.4547184,3,1,PET,UPPER APEX,LANG_09,Round-Trip,google,Paid Search,Paid Search,Logged-Out,AREA_C,AREA_B,AREA_C_TO_AREA_B,CA,BU,120_plus,very_high,15_30,Y,T,0,0.26113048,33.021181561704395
32.0,53.8779985,16.822916666666668,3,2,0,1,0,1,0,0,0,2,1,407.1666666666667,20.0,48.3979,1,1,PET,CENTRAL AURORA,LANG_01,Round-Trip,apple,Direct,Direct,Logged-Out,AREA_B,AREA_C,AREA_B_TO_AREA_C,BO,CA,31_60,mid,15_30,Y,O,0,0.6822444,33.019197217214106
22.0,147.0679408,77.35763888888889,1,1,0,0,0,0,0,0,0,2,1,1871.0,6.0,63.9267731,5,1,PET,NORTH MERIDIAN,LANG_02,Round-Trip,google,Organic Search,Paid Search,Logged-Out,AREA_C,AREA_B,AREA_C_TO_AREA_B,CA,BI,15_30,very_high,30_plus,Y,S,0,0.5163204,33.00669753015809
90.0,46.304369599999994,,1,1,0,0,0,0,0,1,0,1,0,12.333333333333334,10.0,51.396,5,1,PET,UPPER APEX,LANG_02,One-Way,samsung,Direct,Direct,Logged-In,AREA_C,AREA_C,AREA_C_TO_AREA_C,CA,CE,61_120,mid,unknown_or_oneway,Y,O,0,0.642087,33.0007025642395
86.0,76.1551664,,1,1,0,0,0,0,0,1,0,1,0,12.333333333333334,11.0,51.396,5,1,PET,UPPER APEX,LANG_02,One-Way,other,Direct,Direct,Logged-In,AREA_C,AREA_C,AREA_C_TO_AREA_C,CA,CE,61_120,high,unknown_or_oneway,Y,W,0,0.642087,33.0007025642395
85.0,46.2799565,,1,1,0,0,0,0,0,1,1,1,0,12.333333333333334,14.0,51.396,5,1,PET,UPPER APEX,LANG_02,One-Way,google,Paid Search,Paid Search,Logged-In,AREA_C,AREA_C,AREA_C_TO_AREA_C,CA,CE,61_120,mid,unknown_or_oneway,Y,O,0,0.6418376,32.98788512992859
6.0,80.8437665,,1,1,0,0,0,0,0,1,0,1,0,10.083333333333334,10.0,52.9730006,5,1,PET,UPPER APEX,LANG_09,One-Way,other,Direct,Direct,Logged-In,AREA_C,AREA_C,AREA_C_TO_AREA_C,CA,CE,4_7,high,unknown_or_oneway,Y,Q,0,0.622725,32.9876123240325
2.0,106.4706687,8.125,1,1,0,0,0,0,0,1,0,2,1,214.33333333333334,21.0,77.7827064,1,1,PET,EAST ZENITH,LANG_08,Round-Trip,google,Paid Search,Paid Search,Logged-In,AREA_C,AREA_C,AREA_C_TO_AREA_C,CA,CA,0_3,very_high,9_14,Y,W,0,0.42396975,32.97751424728661
81.0,46.4208672,,1,1,0,0,0,0,0,0,0,1,0,12.333333333333334,18.0,51.396,5,1,PET,UPPER APEX,LANG_02,One-Way,google,Email,Email,Logged-Out,AREA_C,AREA_C,AREA_C_TO_AREA_C,CA,CE,61_120,mid,unknown_or_oneway,Y,O,0,0.641509,32.97099638342858
1.0,101.6167448,,1,1,0,0,0,0,0,0,0,1,0,12.333333333333334,15.0,51.396,2,1,PET,OLD HORIZON,LANG_02,One-Way,google,Paid Search,Paid Search,Logged-Out,AREA_C,AREA_C,AREA_C_TO_AREA_C,CA,CE,0_3,high,unknown_or_oneway,Y,S,0,0.641285,32.9594839746952
50.0,146.91889239999998,10.003472222222221,1,1,0,0,0,0,0,0,0,3,1,241.08333333333334,19.0,76.2374,2,0,PET,UPPER APEX,LANG_02,Round-Trip,apple,MetaSearches,MetaSearches,Logged-Out,AREA_B,AREA_C,AREA_B_TO_AREA_C,BE,CA,31_60,very_high,9_14,Y,W,0,0.43212342,32.94396621985435
13.0,107.7071708,,1,1,0,0,0,0,0,0,0,1,0,20.583333333333332,11.0,53.4124364,4,1,PET,LOWER VERTEX,LANG_02,One-Way,google,Paid Search,Affiliate,Logged-Out,AREA_D,AREA_C,AREA_D_TO_AREA_C,DA,CA,8_14,very_high,unknown_or_oneway,Y,V,0,0.6167058,32.939757998636864
62.0,302.0958371,13.010416666666666,2,2,0,0,0,0,0,1,0,2,1,318.9166666666667,10.0,126.4547184,3,1,PET,CENTRAL MERIDIAN,LANG_02,Round-Trip,google,MetaSearches,MetaSearches,Logged-In,AREA_C,AREA_B,AREA_C_TO_AREA_B,CA,BU,61_120,very_high,9_14,Y,L,0,0.26045224,32.93541475506177
197.0,146.73001209999998,6.642361111111111,1,1,0,0,0,0,0,1,0,2,1,165.33333333333334,19.0,76.2374,5,0,PET,UPPER APEX,LANG_09,Round-Trip,apple,Direct,Direct,Logged-In,AREA_B,AREA_C,AREA_B_TO_AREA_C,BE,CA,120_plus,very_high,6_8,Y,L,0,0.43200344,32.93481894022226
27.0,131.8504418,0.8298611111111112,2,2,0,0,0,0,0,1,0,4,1,22.833333333333332,14.0,76.2374,5,1,PET,UPPER APEX,LANG_09,Round-Trip,apple,Organic Search,Organic Search,Logged-In,AREA_C,AREA_B,AREA_C_TO_AREA_B,CA,BU,15_30,very_high,1_2,Y,O,0,0.4319139,32.92799369729757
63.0,91.07499690000002,,1,1,0,0,0,0,0,0,0,1,0,14.166666666666666,22.0,50.3676517,4,1,PET,LOWER VERTEX,LANG_02,One-Way,apple,Direct,Direct,Logged-Out,AREA_B,AREA_C,AREA_B_TO_AREA_C,BU,CA,61_120,high,unknown_or_oneway,Y,S,0,0.6532917,32.90476891846104
5.0,62.47312290000001,,1,1,0,0,0,0,0,1,0,1,0,11.666666666666666,12.0,51.396,5,1,PET,OLD HORIZON,LANG_02,One-Way,samsung,Direct,Direct,Logged-In,AREA_C,AREA_C,AREA_C_TO_AREA_C,CA,CE,4_7,high,unknown_or_oneway,Y,L,0,0.6394562,32.86549149870873
1.0,149.1229242,,1,1,0,0,0,0,0,0,0,2,1,28.583333333333332,17.0,51.3236173,5,0,PET,NORTH MERIDIAN,LANG_02,One-Way,microsoft,Paid Search,Paid Search,Logged-Out,AREA_B,AREA_B,AREA_B_TO_AREA_B,BI,BO,0_3,very_high,unknown_or_oneway,Y,T,0,0.6402031,32.85753983914196
167.0,253.3103256,,2,2,0,0,0,0,0,0,0,1,0,19.583333333333332,12.0,106.0830572,4,1,PET,UPPER APEX,LANG_02,One-Way,google,MetaSearches,MetaSearches,Logged-Out,AREA_C,AREA_B,AREA_C_TO_AREA_B,CA,BU,120_plus,very_high,unknown_or_oneway,Y,S,0,0.30952317,32.83516364139297
37.0,68.67405029999999,9.875,3,2,0,1,0,1,0,1,0,2,1,239.16666666666666,10.0,52.4401954,3,1,PET,WEST APEX,LANG_09,Round-Trip,apple,Direct,Direct,Logged-In,AREA_B,AREA_C,AREA_B_TO_AREA_C,BE,CA,31_60,high,9_14,Y,W,0,0.6258683,32.82065701985903
11.0,38.0775832,2.3472222222222223,1,1,0,0,0,0,0,0,0,4,1,57.333333333333336,9.0,58.42012,5,0,PET,UPPER APEX,LANG_02,Round-Trip,apple,Direct,Direct,Logged-Out,AREA_C,AREA_C,AREA_C_TO_AREA_C,CE,CI,8_14,mid,3_5,Y,V,0,0.56144375,32.79961101982355
22.0,41.4217496,10.26388888888889,2,2,0,0,0,0,0,0,0,4,1,248.25,13.0,49.8609728,3,0,PET,UPPER APEX,LANG_02,Round-Trip,google,Paid Search,Organic Search,Logged-Out,AREA_C,AREA_B,AREA_C_TO_AREA_B,CU,BE,15_30,mid,9_14,Y,O,0,0.65759337,32.78824510929947
23.0,32.727259600000004,,1,1,0,0,0,0,0,1,0,1,0,5.083333333333333,16.0,51.396,5,1,PET,SOUTH AURORA,LANG_02,One-Way,apple,Direct,Direct,Logged-In,AREA_C,AREA_B,AREA_C_TO_AREA_B,CA,BU,15_30,low,unknown_or_oneway,Y,W,0,0.63776195,32.778413207530974
171.0,203.4279378,20.885416666666668,1,1,0,0,0,0,0,1,0,2,1,507.1666666666667,13.0,71.9544,2,1,PET,UPPER APEX,LANG_09,Round-Trip,apple,Direct,Direct,Logged-In,AREA_C,AREA_C,AREA_C_TO_AREA_C,CA,CA,120_plus,very_high,15_30,Y,T,0,0.4554067,32.7685155381918
50.0,175.5490342,8.36111111111111,2,2,0,0,0,0,0,0,0,2,1,215.83333333333334,16.0,57.0898202,5,1,PET,UPPER APEX,LANG_09,Round-Trip,apple,Direct,Direct,Logged-Out,AREA_C,AREA_B,AREA_C_TO_AREA_B,CA,BO,31_60,very_high,9_14,Y,O,0,0.5738368,32.76023993231993
6.0,81.4442431,,1,1,0,0,0,0,0,0,0,1,0,10.083333333333334,20.0,52.9730006,5,1,PET,GREAT APEX,LANG_10,One-Way,google,Organic Search,MetaSearches,Logged-Out,AREA_C,AREA_C,AREA_C_TO_AREA_C,CA,CE,4_7,high,unknown_or_oneway,Y,Q,0,0.6182546,32.7508014003369
73.0,129.4802296,23.78472222222222,2,2,0,0,0,0,0,0,0,2,1,574.0,15.0,53.8668627,3,1,PET,LOWER VERTEX,LANG_09,Round-Trip,google,Paid Search,Paid Search,Logged-Out,AREA_B,AREA_C,AREA_B_TO_AREA_C,BU,CA,61_120,very_high,15_30,Y,O,0,0.60745084,32.72147114919673
5.0,83.479953,,1,1,0,0,0,0,0,0,0,1,0,10.083333333333334,17.0,52.9730006,5,1,PET,UPPER APEX,LANG_09,One-Way,microsoft,Paid Search,Paid Search,Logged-Out,AREA_C,AREA_C,AREA_C_TO_AREA_C,CA,CE,4_7,high,unknown_or_oneway,Y,Q,0,0.61753094,32.712466959134936
87.0,81.83228290000001,12.23611111111111,1,1,0,0,0,0,0,1,0,2,1,308.0833333333333,23.0,91.3345467,4,1,PET,UPPER APEX,LANG_02,Round-Trip,google,Internal,Paid Search,Logged-In,AREA_C,AREA_B,AREA_C_TO_AREA_B,CA,BI,61_120,high,9_14,Y,U,0,0.35812438,32.709127484203044
98.0,81.6785232,14.23611111111111,1,1,0,0,0,0,0,0,0,2,1,356.0833333333333,23.0,91.3345467,4,1,PET,NORTH MERIDIAN,LANG_02,Round-Trip,google,Direct,Email,Logged-Out,AREA_C,AREA_B,AREA_C_TO_AREA_B,CA,BI,61_120,high,15_30,Y,U,0,0.35777056,32.67681211857795
59.0,266.6544404,6.010416666666667,2,2,0,0,0,0,0,1,0,2,1,150.91666666666666,13.0,126.4547184,5,1,PET,UPPER APEX,LANG_09,Round-Trip,samsung,Direct,Direct,Logged-In,AREA_C,AREA_B,AREA_C_TO_AREA_B,CA,BU,31_60,very_high,6_8,Y,L,0,0.25836247,32.67115364913912
65.0,62.2028656,,1,1,0,0,0,0,0,1,0,1,0,12.333333333333334,22.0,51.396,5,1,PET,UPPER APEX,LANG_09,One-Way,microsoft,Email,Organic Search,Logged-In,AREA_C,AREA_C,AREA_C_TO_AREA_C,CA,CE,61_120,high,unknown_or_oneway,Y,L,0,0.6349204,32.63236981701851
3.0,71.3303669,,1,1,0,0,0,0,0,0,0,1,0,12.333333333333334,10.0,51.396,5,1,PET,UPPER MERIDIAN,LANG_02,One-Way,mozilla,Paid Search,Paid Search,Logged-Out,AREA_C,AREA_C,AREA_C_TO_AREA_C,CA,CE,0_3,high,unknown_or_oneway,Y,W,0,0.6348523,32.628868304729465
18.0,47.5956941,,1,1,0,0,0,0,0,1,0,1,0,12.333333333333334,20.0,51.396,5,1,PET,UPPER APEX,LANG_09,One-Way,google,Paid Search,Paid Search,Logged-In,AREA_C,AREA_C,AREA_C_TO_AREA_C,CA,CE,15_30,mid,unknown_or_oneway,Y,U,0,0.63484234,32.62835671019554
29.0,16.6972755,,2,1,0,1,0,1,0,1,0,4,1,,10.0,55.5350912,4,0,PET,NORTH HORIZON,LANG_09,Round-Trip,google,Direct,Direct,Logged-In,AREA_B,AREA_B,AREA_B_TO_AREA_B,BA,BE,15_30,very_low,unknown_or_oneway,Y,O,0,0.5873676,32.619512914159394
81.0,189.5308877,,2,2,0,0,0,0,0,0,0,1,0,16.083333333333332,20.0,49.9993137,3,0,PET,LOWER VERTEX,LANG_09,One-Way,google,Paid Search,Paid Search,Logged-Out,AREA_B,AREA_B,AREA_B_TO_AREA_B,BU,BE,61_120,very_high,unknown_or_oneway,Y,V,0,0.6523294,32.61602157037334
35.0,50.9193021,,1,1,0,0,0,0,0,0,0,1,0,14.166666666666666,5.0,50.3676517,4,1,PET,LOWER VERTEX,LANG_02,One-Way,apple,Direct,MetaSearches,Logged-Out,AREA_B,AREA_C,AREA_B_TO_AREA_C,BU,CA,31_60,mid,unknown_or_oneway,Y,W,0,0.6473758,32.60679992488497
91.0,321.1641814,17.958333333333332,2,2,0,0,0,0,0,0,0,2,1,436.9166666666667,23.0,71.9544,2,1,PET,UPPER APEX,LANG_09,Round-Trip,mozilla,MetaSearches,MetaSearches,Logged-Out,AREA_C,AREA_C,AREA_C_TO_AREA_C,CA,CA,61_120,very_high,15_30,Y,L,0,0.45266694,32.571377945566184
115.0,146.5612619,13.885416666666666,1,1,0,0,0,0,0,1,0,2,1,339.1666666666667,19.0,71.9544,2,1,PET,LOWER VERTEX,LANG_02,Round-Trip,apple,Direct,Direct,Logged-In,AREA_C,AREA_C,AREA_C_TO_AREA_C,CA,CA,61_120,very_high,9_14,Y,W,0,0.45254278,32.56244434089661
38.0,46.273532,,1,1,0,0,0,0,0,0,0,1,0,12.333333333333334,11.0,51.396,5,1,PET,UPPER APEX,LANG_09,One-Way,google,Organic Search,Paid Search,Logged-Out,AREA_C,AREA_C,AREA_C_TO_AREA_C,CA,CE,31_60,mid,unknown_or_oneway,Y,O,0,0.6335381,32.561325572490695
33.0,41.2898332,,1,1,0,0,0,0,0,0,0,1,0,11.666666666666666,21.0,51.396,5,1,PET,UPPER APEX,LANG_09,One-Way,google,Organic Search,Paid Search,Logged-Out,AREA_C,AREA_C,AREA_C_TO_AREA_C,CA,CE,31_60,mid,unknown_or_oneway,Y,O,0,0.6335381,32.561325572490695
107.0,74.6201392,,1,1,0,0,0,0,0,0,0,2,1,-144.5,13.0,87.6635874,5,1,PET,LOWER VERTEX,LANG_02,Round-Trip,google,Direct,Organic Search,Logged-Out,AREA_B,AREA_C,AREA_B_TO_AREA_C,BO,CA,61_120,high,unknown_or_oneway,Y,O,0,0.37139466,32.55778859176617
39.0,55.3474958,,1,1,0,0,0,0,0,1,0,1,0,12.333333333333334,11.0,51.396,5,1,PET,UPPER APEX,LANG_09,One-Way,google,Direct,Direct,Logged-In,AREA_C,AREA_C,AREA_C_TO_AREA_C,CA,CE,31_60,high,unknown_or_oneway,Y,U,0,0.63323325,32.54565607523918
113.0,110.8487513,13.64236111111111,1,1,0,0,0,0,0,1,0,2,1,333.3333333333333,11.0,76.2374,2,0,PET,UPPER APEX,LANG_09,Round-Trip,google,Direct,Direct,Logged-In,AREA_B,AREA_C,AREA_B_TO_AREA_C,BE,CA,61_120,very_high,9_14,Y,O,0,0.42656147,32.51993777892589
29.0,14.4439892,,1,1,0,0,0,0,0,0,0,1,0,4.5,19.0,45.3998,5,1,PET,WEST MERIDIAN,LANG_02,One-Way,apple,Paid Search,Paid Search,Logged-Out,AREA_C,AREA_B,AREA_C_TO_AREA_B,CA,BO,15_30,very_low,unknown_or_oneway,Y,O,0,0.7160459,32.50834138087034
61.0,196.0453307,17.51388888888889,4,2,2,0,0,0,1,1,0,2,1,422.6666666666667,11.0,55.2061568,4,1,PET,NORTH HORIZON,LANG_04,Round-Trip,samsung,Direct,Direct,Logged-In,AREA_C,AREA_C,AREA_C_TO_AREA_C,CA,CE,61_120,very_high,15_30,Y,W,0,0.5888053,32.50567870348664
24.0,111.5271785,,1,1,0,0,0,0,0,0,0,1,0,12.333333333333334,19.0,51.396,5,1,PET,UPPER APEX,LANG_09,One-Way,google,Paid Search,Paid Search,Logged-Out,AREA_C,AREA_C,AREA_C_TO_AREA_C,CA,CE,15_30,very_high,unknown_or_oneway,Y,S,0,0.6321168,32.48827477455139
78.0,155.108845,97.21875,1,1,0,0,0,0,0,0,0,2,1,2347.6666666666665,17.0,90.2783589,2,1,PET,UPPER APEX,LANG_02,Round-Trip,google,MetaSearches,MetaSearches,Logged-Out,AREA_C,AREA_B,AREA_C_TO_AREA_B,CA,BI,61_120,very_high,30_plus,Y,L,0,0.35983133,32.4849822385201
4.0,70.6378058,11.618055555555555,2,1,0,0,1,1,0,0,0,2,1,285.5833333333333,11.0,54.1568218,2,1,PET,UPPER APEX,LANG_02,Round-Trip,apple,Direct,Direct,Logged-Out,AREA_C,AREA_C,AREA_C_TO_AREA_C,CE,CA,4_7,high,9_14,Y,V,0,0.5996586,32.47560439793608
84.0,495.1657677,8.25,3,2,1,0,0,0,1,0,0,3,1,199.0,11.0,71.9544,3,1,PET,UPPER APEX,LANG_09,Round-Trip,google,Paid Search,Paid Search,Logged-Out,AREA_C,AREA_C,AREA_C_TO_AREA_C,CA,CA,61_120,very_high,9_14,Y,W,0,0.45065862,32.4268705640316
66.0,305.71582870000003,54.31944444444444,3,2,0,0,1,1,0,0,0,2,1,1319.8333333333333,15.0,56.1073,5,1,PET,LOWER VERTEX,LANG_02,Round-Trip,google,Paid Search,Organic Search,Logged-Out,AREA_C,AREA_B,AREA_C_TO_AREA_B,CA,BO,61_120,very_high,30_plus,Y,W,0,0.5777922,32.418361833006145
6.0,130.3068486,,1,1,0,0,0,0,0,0,0,1,0,3.25,22.0,50.5783753,4,1,PET,NORTH MERIDIAN,LANG_02,One-Way,microsoft,Paid Search,Paid Search,Logged-Out,AREA_C,AREA_B,AREA_C_TO_AREA_B,CA,BI,4_7,very_high,unknown_or_oneway,Y,Q,0,0.6409177,32.41657689818558
18.0,144.53668779999998,120.97569444444444,1,1,0,0,0,0,0,1,0,2,1,2909.3333333333335,16.0,71.9544,2,1,PET,UPPER APEX,LANG_09,Round-Trip,google,MetaSearches,Paid Search,Logged-In,AREA_C,AREA_C,AREA_C_TO_AREA_C,CA,CA,15_30,very_high,30_plus,Y,V,0,0.4503774,32.40663592801094
58.0,125.6499427,8.0,1,1,0,0,0,0,0,0,0,3,1,197.33333333333334,21.0,76.2374,2,0,PET,UPPER APEX,LANG_09,Round-Trip,mozilla,Paid Search,Paid Search,Logged-Out,AREA_B,AREA_C,AREA_B_TO_AREA_C,BE,CA,31_60,very_high,6_8,Y,U,0,0.42455813,32.36720820015073
1.0,156.9269785,,1,1,0,0,0,0,0,0,0,1,0,3.25,18.0,50.5783753,4,1,PET,SOUTH HORIZON,LANG_02,One-Way,samsung,Direct,Referrals,Logged-Out,AREA_C,AREA_B,AREA_C_TO_AREA_B,CA,BI,0_3,very_high,unknown_or_oneway,Y,K,0,0.6398394,32.362037850255795
59.0,148.42479519999998,45.427083333333336,1,1,0,0,0,0,0,0,0,2,1,1106.4166666666667,16.0,56.1073,5,1,PET,CENTRAL MERIDIAN,LANG_02,Round-Trip,apple,Direct,Organic Search,Logged-Out,AREA_C,AREA_B,AREA_C_TO_AREA_B,CA,BO,31_60,very_high,30_plus,Y,V,0,0.5765014,32.345938631874326
15.0,92.0292493,,2,2,0,0,0,0,0,1,0,1,0,4.0,18.0,40.024635,4,1,PET,UPPER MERIDIAN,LANG_02,One-Way,apple,Direct,Direct,Logged-In,AREA_B,AREA_C,AREA_B_TO_AREA_C,BO,CA,15_30,high,unknown_or_oneway,Y,W,0,0.80796283,32.33841755783826
76.0,40.91892539999999,12.010416666666666,2,2,0,0,0,0,0,0,0,4,1,291.0833333333333,9.0,57.6560328,5,0,PET,LOWER VERTEX,LANG_02,Round-Trip,google,Direct,Direct,Logged-Out,AREA_C,AREA_B,AREA_C_TO_AREA_B,CU,BE,61_120,mid,9_14,Y,O,0,0.56068134,32.32666190688858
219.0,1239.9285,8.0,2,2,0,0,0,0,0,1,1,2,1,199.25,12.0,126.4547184,2,1,PET,UPPER APEX,LANG_02,Round-Trip,apple,Direct,Direct,Logged-In,AREA_C,AREA_B,AREA_C_TO_AREA_B,CA,BU,120_plus,very_high,6_8,C,F,0,0.255581,32.31942230935693
76.0,203.8797943,24.77777777777778,2,2,0,0,0,0,0,1,0,2,1,598.0,15.0,52.9704308,1,1,PET,NORTH MERIDIAN,LANG_02,Round-Trip,apple,Direct,Direct,Logged-In,AREA_B,AREA_C,AREA_B_TO_AREA_C,BI,CA,61_120,very_high,15_30,Y,O,0,0.61011183,32.317886609990744
122.0,143.7173499,12.833333333333334,1,1,0,0,0,0,0,1,0,3,1,313.9166666666667,20.0,76.2374,2,0,PET,UPPER APEX,LANG_09,Round-Trip,google,Paid Search,Paid Search,Logged-In,AREA_B,AREA_C,AREA_B_TO_AREA_C,BE,CA,120_plus,very_high,9_14,Y,W,0,0.4238354,32.31210867745876
40.0,43.780826000000005,,3,2,0,1,0,1,0,0,0,1,0,3.6666666666666665,18.0,51.396,3,1,PET,UPPER APEX,LANG_02,Round-Trip,apple,Direct,Direct,Logged-Out,AREA_C,AREA_B,AREA_C_TO_AREA_B,CA,BA,31_60,mid,unknown_or_oneway,Y,O,0,0.62863624,32.30938824033737
47.0,94.7922126,,1,1,0,0,0,0,0,1,0,2,1,18.25,21.0,49.9993137,4,0,PET,UPPER APEX,LANG_09,One-Way,google,Direct,Direct,Logged-In,AREA_B,AREA_B,AREA_B_TO_AREA_B,BU,BE,31_60,high,unknown_or_oneway,Y,V,0,0.64610165,32.304639259230015
6.0,120.896241,85.42708333333333,1,1,0,0,0,0,0,0,0,2,1,2066.4166666666665,11.0,56.1073,5,1,PET,UPPER APEX,LANG_02,Round-Trip,google,Internal,Internal,Logged-Out,AREA_C,AREA_B,AREA_C_TO_AREA_B,CA,BO,4_7,very_high,30_plus,Y,V,0,0.5754777,32.2885010404706
2.0,77.9009172,14.871527777777779,2,2,0,0,0,0,0,1,0,2,1,359.9166666666667,10.0,52.76656,6,1,PET,UPPER APEX,LANG_09,Round-Trip,google,Paid Search,Paid Search,Logged-In,AREA_C,AREA_B,AREA_C_TO_AREA_B,CA,BO,0_3,high,15_30,Y,S,0,0.61190194,32.28796037388801
122.0,137.89246989999998,12.975694444444445,1,1,0,0,0,0,0,0,0,3,1,317.3333333333333,19.0,76.2374,2,0,PET,UPPER APEX,LANG_09,Round-Trip,google,Direct,Direct,Logged-Out,AREA_B,AREA_C,AREA_B_TO_AREA_C,BE,CA,120_plus,very_high,9_14,Y,O,0,0.4234865,32.28550976969599
8.0,46.4170125,,1,1,0,0,0,0,0,0,0,1,0,11.666666666666666,10.0,51.396,5,1,PET,UPPER APEX,LANG_09,One-Way,google,Paid Search,Paid MetaSearches,Logged-Out,AREA_C,AREA_C,AREA_C_TO_AREA_C,CA,CE,8_14,mid,unknown_or_oneway,Y,O,0,0.62809753,32.28170086669922
72.0,41.142498,,1,1,0,0,0,0,0,0,0,1,0,12.333333333333334,19.0,51.396,5,1,PET,UPPER APEX,LANG_09,One-Way,google,Paid Search,Paid Search,Logged-Out,AREA_C,AREA_C,AREA_C_TO_AREA_C,CA,CE,61_120,mid,unknown_or_oneway,Y,O,0,0.62809753,32.28170086669922
19.0,232.922389,7.21875,1,1,0,0,0,0,0,0,0,2,1,187.75,11.0,91.3345467,3,1,PET,UPPER APEX,LANG_09,Round-Trip,google,Paid Search,Paid Search,Logged-Out,AREA_C,AREA_B,AREA_C_TO_AREA_B,CA,BI,15_30,very_high,6_8,Y,S,0,0.35333064,32.271294020914446
85.0,348.7835352,11.010416666666666,3,3,0,0,0,0,0,0,0,2,1,270.9166666666667,8.0,126.4547184,4,1,PET,UPPER APEX,LANG_09,Round-Trip,google,Direct,Paid Search,Logged-Out,AREA_C,AREA_B,AREA_C_TO_AREA_B,CA,BU,61_120,very_high,9_14,Y,O,0,0.2550698,32.25477875393286
40.0,527.014584,7.319444444444445,4,2,1,1,0,1,1,1,0,2,1,191.83333333333334,12.0,57.0898202,5,1,PET,UPPER APEX,LANG_09,Round-Trip,apple,Direct,Direct,Logged-In,AREA_C,AREA_B,AREA_C_TO_AREA_B,CA,BO,31_60,very_high,6_8,Y,T,0,0.5647884,32.243668271378006
201.0,158.757961,14.0,1,1,0,0,0,0,0,1,1,2,1,343.25,22.0,126.4547184,4,1,PET,UPPER APEX,LANG_09,Round-Trip,apple,Direct,Direct,Logged-In,AREA_C,AREA_B,AREA_C_TO_AREA_B,CA,BU,120_plus,very_high,9_14,Y,W,0,0.25490606,32.23407382222996
2.0,182.6087031,7.097222222222222,1,1,0,0,0,0,0,0,0,2,1,184.83333333333334,11.0,91.3345467,5,1,PET,UPPER APEX,LANG_09,Round-Trip,google,Organic Search,Organic Search,Logged-Out,AREA_C,AREA_B,AREA_C_TO_AREA_B,CA,BI,0_3,very_high,6_8,Y,Q,0,0.35280845,32.22359945921609
79.0,631.3690224,8.010416666666666,4,3,1,0,0,0,1,1,1,2,1,198.91666666666666,10.0,126.4547184,4,1,PET,UPPER APEX,LANG_09,Round-Trip,google,Direct,Affiliate,Logged-In,AREA_C,AREA_B,AREA_C_TO_AREA_B,CA,BU,61_120,very_high,9_14,Y,V,0,0.25465915,32.20285060432706
192.0,309.74656,,2,2,0,0,0,0,0,0,0,2,1,361.8333333333333,22.0,76.2374,3,1,PET,UPPER APEX,LANG_09,Multi-City,mozilla,Direct,Paid Search,Logged-Out,AREA_C,AREA_C,AREA_C_TO_AREA_C,CA,CA,120_plus,very_high,unknown_or_oneway,Y,L,0,0.42239937,32.20262987242341
153.0,152.2790669,20.041666666666668,1,1,0,0,0,0,0,0,0,4,1,484.3333333333333,20.0,46.7420922,3,0,PET,NORTH MERIDIAN,LANG_02,Round-Trip,google,Paid Search,Paid Search,Logged-Out,AREA_B,AREA_C,AREA_B_TO_AREA_C,BI,CI,120_plus,very_high,15_30,Y,L,0,0.6889402,32.20250761220502
166.0,485.6014004000001,15.097222222222221,4,2,0,2,0,1,0,0,0,2,1,376.75,20.0,90.2783589,2,1,PET,UPPER APEX,LANG_09,Round-Trip,apple,Direct,Affiliate,Logged-Out,AREA_C,AREA_B,AREA_C_TO_AREA_B,CA,BI,120_plus,very_high,15_30,Y,L,0,0.3566149,32.19460682216254
0.0,582.458019,3.78125,2,2,0,0,0,0,0,1,1,2,1,94.08333333333333,16.0,100.7353034,4,1,PET,LOWER VERTEX,LANG_02,Round-Trip,apple,Direct,Direct,Logged-In,AREA_B,AREA_C,AREA_B_TO_AREA_C,BU,CA,invalid_or_past,very_high,3_5,Y,K,0,0.31929493,32.164271597706794
328.0,304.7538669,13.684027777777779,3,2,0,1,0,1,0,1,0,2,1,333.75,23.0,76.2374,2,0,PET,UPPER APEX,LANG_09,Round-Trip,samsung,Direct,Direct,Logged-In,AREA_B,AREA_C,AREA_B_TO_AREA_C,BE,CA,120_plus,very_high,9_14,Y,L,0,0.4218603,32.161533003574604
69.0,184.0726325,13.958333333333334,1,1,0,0,0,0,0,1,0,2,1,340.9166666666667,13.0,71.9544,2,1,PET,UPPER APEX,LANG_09,Round-Trip,google,Paid Search,Organic Search,Logged-In,AREA_C,AREA_C,AREA_C_TO_AREA_C,CA,CA,61_120,very_high,9_14,Y,W,0,0.44691467,32.15747713623047
66.0,136.8401368,7.163194444444445,4,2,1,1,0,1,1,1,0,2,1,174.91666666666666,15.0,53.1092,5,1,PET,UPPER APEX,LANG_09,Round-Trip,google,Direct,Direct,Logged-In,AREA_C,AREA_C,AREA_C_TO_AREA_C,CA,CI,61_120,very_high,6_8,Y,T,0,0.6052799,32.145932459259036
44.0,24.291891100000004,14.243055555555555,1,1,0,0,0,0,0,1,0,4,1,344.6666666666667,11.0,57.6560328,5,0,PET,NEW APEX,LANG_02,Round-Trip,samsung,Direct,Direct,Logged-In,AREA_C,AREA_B,AREA_C_TO_AREA_B,CU,BE,31_60,low,15_30,Y,L,0,0.55747676,32.14189829965725
13.0,265.2967294,,3,1,1,1,0,1,1,0,0,1,0,16.166666666666668,11.0,50.218175,3,1,PET,LOWER VERTEX,LANG_02,One-Way,google,Paid Search,Referrals,Logged-Out,AREA_B,AREA_C,AREA_B_TO_AREA_C,BU,CA,8_14,very_high,unknown_or_oneway,Y,V,0,0.6400261,32.14094231920242
13.0,87.97795959999999,5.885416666666667,2,2,0,0,0,0,0,0,0,2,1,143.33333333333334,20.0,55.4537142,5,1,PET,UPPER APEX,LANG_09,Round-Trip,apple,Direct,Organic Search,Logged-Out,AREA_B,AREA_C,AREA_B_TO_AREA_C,BA,CA,8_14,high,6_8,Y,O,0,0.57946664,32.13357749563369
79.0,189.4315221,9.958333333333334,1,1,0,0,0,0,0,0,0,2,1,244.91666666666666,17.0,71.9544,2,1,PET,UPPER APEX,LANG_09,Round-Trip,apple,Direct,MetaSearches,Logged-Out,AREA_C,AREA_C,AREA_C_TO_AREA_C,CA,CA,61_120,very_high,9_14,Y,L,0,0.44639945,32.12040460681916
97.0,46.4739764,,1,1,0,0,0,0,0,1,0,1,0,12.333333333333334,21.0,51.396,5,1,PET,UPPER APEX,LANG_02,One-Way,google,Direct,Direct,Logged-In,AREA_C,AREA_C,AREA_C_TO_AREA_C,CA,CE,61_120,mid,unknown_or_oneway,Y,O,0,0.6248752,32.1160851559639
193.0,511.4981316,13.64236111111111,4,2,2,0,0,0,1,0,0,2,1,333.3333333333333,18.0,76.2374,3,0,PET,UPPER APEX,LANG_09,Round-Trip,google,Direct,Paid Search,Logged-Out,AREA_B,AREA_C,AREA_B_TO_AREA_C,BE,CA,120_plus,very_high,9_14,Y,L,0,0.42124733,32.11480144682526
169.0,523.5723369,34.90277777777778,2,2,0,0,0,0,0,0,1,4,1,841.0,,45.2601742,4,0,PET,NORTH MERIDIAN,LANG_02,Round-Trip,apple,Direct,Direct,Logged-Out,AREA_B,AREA_C,AREA_B_TO_AREA_C,BI,CE,120_plus,very_high,30_plus,P,R,1,0.7092751,32.10191577918055
47.0,213.9247142,17.319444444444443,2,2,0,0,0,0,0,0,0,2,1,431.8333333333333,20.0,57.0898202,5,1,PET,UPPER APEX,LANG_09,Round-Trip,microsoft,Paid Search,Paid Search,Logged-Out,AREA_C,AREA_B,AREA_C_TO_AREA_B,CA,BO,31_60,very_high,15_30,Y,W,0,0.56230503,32.10189324333921
79.0,497.9424366,11.885416666666666,3,3,0,0,0,0,0,1,0,2,1,291.1666666666667,11.0,71.9544,2,1,PET,UPPER APEX,LANG_09,Round-Trip,google,Direct,Direct,Logged-In,AREA_C,AREA_C,AREA_C_TO_AREA_C,CA,CA,61_120,very_high,9_14,Y,L,0,0.44586816,32.08217624137402
82.0,510.6500976,10.958333333333334,3,3,0,0,0,0,0,1,1,2,1,268.9166666666667,15.0,71.9544,2,1,PET,UPPER APEX,LANG_09,Round-Trip,google,Direct,Paid Search,Logged-In,AREA_C,AREA_C,AREA_C_TO_AREA_C,CA,CA,61_120,very_high,9_14,Y,W,0,0.44586816,32.08217624137402
129.0,386.6743795999999,18.0,2,2,0,0,0,0,0,1,0,2,1,439.25,16.0,126.4547184,4,1,PET,UPPER APEX,LANG_09,Round-Trip,google,Direct,Direct,Logged-In,AREA_C,AREA_B,AREA_C_TO_AREA_B,CA,BU,120_plus,very_high,15_30,Y,S,0,0.25369442,32.08085582017078
12.0,81.6189895,,1,1,0,0,0,0,0,0,0,1,0,14.166666666666666,17.0,50.3676517,4,1,PET,UPPER APEX,LANG_02,One-Way,google,Paid Search,Paid Search,Logged-Out,AREA_B,AREA_C,AREA_B_TO_AREA_C,BU,CA,8_14,high,unknown_or_oneway,Y,T,0,0.63682336,32.07529699706787
48.0,268.33466130000005,15.427083333333334,4,2,1,0,1,1,1,0,0,2,1,386.4166666666667,18.0,57.0898202,5,1,PET,UPPER APEX,LANG_09,Round-Trip,google,Direct,Direct,Logged-Out,AREA_C,AREA_B,AREA_C_TO_AREA_B,CA,BO,31_60,very_high,15_30,Y,O,0,0.56162935,32.06331889335247
63.0,275.8611772,7.319444444444445,2,2,0,0,0,0,0,1,0,2,1,191.83333333333334,14.0,56.1073,5,1,PET,UPPER VERTEX,LANG_10,Round-Trip,apple,Direct,Direct,Logged-In,AREA_C,AREA_B,AREA_C_TO_AREA_B,CA,BO,61_120,very_high,6_8,Y,S,0,0.5714098,32.0602622784257
43.0,157.4336574,13.559027777777779,2,2,0,0,0,0,0,0,0,2,1,334.5,12.0,53.3935912,2,1,PET,SOUTH AURORA,LANG_02,Round-Trip,apple,Organic Search,Organic Search,Logged-Out,AREA_C,AREA_C,AREA_C_TO_AREA_C,CE,CA,31_60,very_high,9_14,Y,O,0,0.60041904,32.05852901044083
54.0,22.815541000000003,,1,1,0,0,0,0,0,0,1,1,0,3.6666666666666665,18.0,51.323189,4,1,PET,UPPER APEX,LANG_09,One-Way,mozilla,Direct,Paid Search,Logged-Out,AREA_C,AREA_C,AREA_C_TO_AREA_C,CA,CA,31_60,low,unknown_or_oneway,Y,T,0,0.6246036,32.05665010701358
8.0,128.5122716,,1,1,0,0,0,0,0,0,0,1,0,10.083333333333334,15.0,52.9730006,5,1,PET,LOWER VERTEX,LANG_02,One-Way,microsoft,Paid Search,Paid Search,Logged-Out,AREA_C,AREA_C,AREA_C_TO_AREA_C,CA,CE,8_14,very_high,unknown_or_oneway,Y,E,0,0.60511404,32.054706550137844
2.0,694.8499352,30.239583333333332,2,2,0,0,0,0,0,0,0,2,1,740.25,10.0,76.2374,4,1,PET,LOWER VERTEX,LANG_02,Round-Trip,google,Paid Search,Paid Search,Logged-Out,AREA_C,AREA_B,AREA_C_TO_AREA_B,CA,BU,0_3,very_high,30_plus,C,F,0,0.41999957,32.01967519157529
21.0,116.6183806,,1,1,0,0,0,0,0,1,0,1,0,3.25,11.0,50.5783753,5,1,PET,LOWER VERTEX,LANG_02,One-Way,google,Paid Search,Paid Search,Logged-In,AREA_C,AREA_B,AREA_C_TO_AREA_B,CA,BI,15_30,very_high,unknown_or_oneway,Y,T,0,0.63303334,32.017797605606084
39.0,27.6099312,18.82986111111111,1,1,0,0,0,0,0,0,0,4,1,455.0833333333333,12.0,42.0783335,5,0,PET,GREAT MERIDIAN,LANG_02,Round-Trip,google,Direct,Direct,Logged-Out,AREA_B,AREA_C,AREA_B_TO_AREA_C,BO,CE,31_60,low,15_30,Y,S,0,0.76054335,32.00239657123685
23.0,10.2393681,,1,1,0,0,0,0,0,0,0,1,0,3.5,13.0,51.323189,4,1,PET,SOUTH HORIZON,LANG_02,One-Way,google,Paid Search,Paid Search,Logged-Out,AREA_C,AREA_C,AREA_C_TO_AREA_C,CA,CA,15_30,very_low,unknown_or_oneway,Y,W,0,0.6235011,32.000065926006855
63.0,70.5718476,7.163194444444445,3,2,1,0,0,0,1,0,0,2,1,174.91666666666666,20.0,53.1092,4,1,PET,UPPER APEX,LANG_09,Round-Trip,google,Direct,Direct,Logged-Out,AREA_C,AREA_C,AREA_C_TO_AREA_C,CA,CI,61_120,high,6_8,Y,O,0,0.6024718,31.996796832084655
16.0,36.9091808,,1,1,0,0,0,0,0,0,0,1,0,4.916666666666667,16.0,57.3922,5,1,PET,NORTH HORIZON,LANG_02,One-Way,google,Paid Search,Paid Search,Logged-Out,AREA_C,AREA_B,AREA_C_TO_AREA_B,CA,BU,15_30,mid,unknown_or_oneway,Y,V,0,0.5574705,31.994458457028866
100.0,454.4537112,14.010416666666666,2,2,0,0,0,0,0,0,0,2,1,342.9166666666667,21.0,126.4547184,3,1,PET,UPPER APEX,LANG_09,Round-Trip,google,Paid Search,Paid Search,Logged-Out,AREA_C,AREA_B,AREA_C_TO_AREA_B,CA,BU,61_120,very_high,15_30,Y,Q,0,0.25297248,31.989564181006052
64.0,50.80066299999999,,2,2,0,0,0,0,0,1,0,2,1,9.416666666666666,23.0,39.797636,5,0,PET,GREAT MERIDIAN,LANG_02,One-Way,microsoft,Paid Search,Organic Search,Logged-In,AREA_C,AREA_B,AREA_C_TO_AREA_B,CU,BA,61_120,mid,unknown_or_oneway,Y,L,0,0.8036842,31.9847302561872
303.0,829.8912120000001,16.06597222222222,5,5,0,0,0,0,0,0,0,2,1,390.5833333333333,14.0,71.9544,2,1,PET,UPPER APEX,LANG_09,Round-Trip,apple,Direct,Direct,Logged-Out,AREA_C,AREA_C,AREA_C_TO_AREA_C,CA,CA,120_plus,very_high,15_30,Y,V,0,0.44439796,31.976388294768338
67.0,90.9126712,,2,2,0,0,0,0,0,1,1,1,0,4.0,21.0,40.024635,4,1,PET,UPPER APEX,LANG_09,One-Way,apple,Direct,Direct,Logged-In,AREA_B,AREA_C,AREA_B_TO_AREA_C,BO,CA,61_120,high,unknown_or_oneway,P,J,0,0.7987958,31.971511106309297
139.0,973.0864642,7.892361111111111,2,1,0,1,0,1,0,0,0,2,1,196.66666666666666,14.0,126.4547184,2,1,PET,UPPER APEX,LANG_09,Round-Trip,apple,Direct,Direct,Logged-Out,AREA_C,AREA_B,AREA_C_TO_AREA_B,CA,BU,120_plus,very_high,6_8,C,Z,0,0.25280967,31.968976077275993
29.0,81.6695289,,2,2,0,0,0,0,0,0,0,1,0,4.0,17.0,40.024635,4,1,PET,OLD HORIZON,LANG_02,One-Way,apple,Paid Search,Paid Search,Logged-Out,AREA_B,AREA_C,AREA_B_TO_AREA_C,BO,CA,15_30,high,unknown_or_oneway,Y,L,0,0.7986877,31.967183529678586
136.0,402.8898176,14.89236111111111,2,2,0,0,0,0,0,1,1,2,1,364.6666666666667,17.0,126.4547184,3,1,PET,UPPER APEX,LANG_09,Round-Trip,apple,Direct,Partners,Logged-In,AREA_C,AREA_B,AREA_C_TO_AREA_B,CA,BU,120_plus,very_high,15_30,Y,S,0,0.25267237,31.951613933054066
216.0,205.4362365,27.885416666666668,1,1,0,0,0,0,0,1,1,2,1,675.1666666666666,18.0,71.9544,2,1,PET,UPPER APEX,LANG_09,Round-Trip,samsung,Direct,Direct,Logged-In,AREA_C,AREA_C,AREA_C_TO_AREA_C,CA,CA,120_plus,very_high,15_30,Y,S,0,0.44399354,31.947288675141337
140.0,176.20518979999997,90.0,1,1,0,0,0,0,0,0,0,2,1,2167.25,16.0,126.4547184,3,1,PET,UPPER APEX,LANG_09,Round-Trip,google,Paid Search,Paid Search,Logged-Out,AREA_C,AREA_B,AREA_C_TO_AREA_B,CA,BU,120_plus,very_high,30_plus,Y,V,0,0.2525151,31.931726797161055
20.0,18.6344764,25.524305555555557,1,1,0,0,0,0,0,0,0,4,1,613.5,12.0,51.396,3,0,PET,UPPER APEX,LANG_02,Round-Trip,google,Direct,Paid Search,Logged-Out,AREA_C,AREA_B,AREA_C_TO_AREA_B,CA,BA,15_30,very_low,15_30,Y,U,0,0.6210729,31.920662170886995
83.0,497.3565222,11.958333333333334,3,3,0,0,0,0,0,1,0,2,1,292.9166666666667,20.0,71.9544,2,1,PET,UPPER APEX,LANG_09,Round-Trip,microsoft,Direct,Direct,Logged-In,AREA_C,AREA_C,AREA_C_TO_AREA_C,CA,CA,61_120,very_high,9_14,Y,L,0,0.4435901,31.918259820985796
6.0,69.1824424,,1,1,0,0,0,0,0,0,0,1,0,14.5,13.0,48.8262,3,1,PET,LOWER VERTEX,LANG_02,One-Way,apple,Paid Search,Paid Search,Logged-Out,AREA_B,AREA_C,AREA_B_TO_AREA_C,BU,CA,4_7,high,unknown_or_oneway,Y,L,0,0.65331197,31.89874080462456
22.0,36.0474412,5.854166666666667,1,1,0,0,0,0,0,0,0,2,1,142.91666666666666,14.0,76.6579906,4,0,PET,NORTH HORIZON,LANG_04,Round-Trip,google,Organic Search,Organic Search,Logged-Out,AREA_B,AREA_B,AREA_B_TO_AREA_B,BA,BE,15_30,mid,6_8,Y,S,0,0.41610903,31.898081763695515
19.0,50.8610533,,2,2,0,0,0,0,0,0,0,2,1,9.416666666666666,16.0,39.797636,5,0,PET,WEST HORIZON,LANG_02,One-Way,apple,Direct,Direct,Logged-Out,AREA_C,AREA_B,AREA_C_TO_AREA_B,CU,BA,15_30,mid,unknown_or_oneway,Y,L,0,0.8013841,31.893192364822863
41.0,325.9954054,13.010416666666666,1,1,0,0,0,0,0,0,0,2,1,318.9166666666667,16.0,126.4547184,3,1,PET,UPPER APEX,LANG_09,Round-Trip,google,Paid Search,Paid Search,Logged-Out,AREA_C,AREA_B,AREA_C_TO_AREA_B,CA,BU,31_60,very_high,9_14,Y,K,0,0.25214422,31.884826019031717
31.0,175.2595034,16.319444444444443,2,2,0,0,0,0,0,1,0,2,1,407.8333333333333,14.0,56.1073,5,1,PET,UPPER APEX,LANG_09,Round-Trip,mozilla,Direct,Organic Search,Logged-In,AREA_C,AREA_B,AREA_C_TO_AREA_B,CA,BO,31_60,very_high,15_30,Y,O,0,0.56823254,31.881993384838104
46.0,82.0978289,,2,1,1,0,0,0,1,1,0,1,0,4.0,20.0,40.024635,4,1,PET,UPPER VERTEX,LANG_11,One-Way,apple,Direct,Direct,Logged-In,AREA_B,AREA_C,AREA_B_TO_AREA_C,BO,CA,31_60,high,unknown_or_oneway,Y,L,0,0.7957541,31.849766403653028
22.0,131.68126329999998,9.239583333333334,2,2,0,0,0,0,0,1,0,2,1,228.41666666666666,15.0,52.6714774,3,1,PET,CENTRAL AURORA,LANG_01,Round-Trip,apple,Direct,Direct,Logged-In,AREA_C,AREA_B,AREA_C_TO_AREA_B,CA,BE,15_30,very_high,9_14,Y,U,0,0.6045142,31.840655054857194
52.0,57.657746,7.163194444444445,2,2,0,0,0,0,0,0,0,2,1,174.91666666666666,13.0,53.1092,4,1,PET,UPPER APEX,LANG_09,Round-Trip,microsoft,Paid Search,Paid Search,Logged-Out,AREA_C,AREA_C,AREA_C_TO_AREA_C,CA,CI,31_60,high,6_8,Y,U,0,0.59934455,31.830709657883645
30.0,83.82944579999999,,1,1,0,0,0,0,0,0,0,1,0,16.416666666666668,13.0,51.90996,4,1,PET,LOWER VERTEX,LANG_02,One-Way,google,MetaSearches,MetaSearches,Logged-Out,AREA_B,AREA_C,AREA_B_TO_AREA_C,BO,CA,15_30,high,unknown_or_oneway,Y,L,0,0.61310184,31.826091991324425
53.0,123.2570306,,1,1,0,0,0,0,0,0,0,2,1,30.5,22.0,51.3236173,5,0,PET,NORTH MERIDIAN,LANG_02,One-Way,apple,MetaSearches,MetaSearches,Logged-Out,AREA_B,AREA_B,AREA_B_TO_AREA_B,BI,BO,31_60,very_high,unknown_or_oneway,Y,V,0,0.6198893,31.81496217378939
2.0,134.858821,,1,1,0,0,0,0,0,0,0,2,1,30.5,1.0,51.3236173,5,0,PET,NORTH MERIDIAN,LANG_02,One-Way,apple,MetaSearches,MetaSearches,Logged-Out,AREA_B,AREA_B,AREA_B_TO_AREA_B,BI,BO,0_3,very_high,unknown_or_oneway,Y,S,0,0.6196701,31.80371070844321
60.0,105.8140848,21.26736111111111,2,2,0,0,0,0,0,1,0,2,1,517.0833333333334,20.0,52.6714774,3,1,PET,UPPER APEX,LANG_09,Round-Trip,microsoft,Direct,Direct,Logged-In,AREA_C,AREA_B,AREA_C_TO_AREA_B,CA,BE,31_60,very_high,15_30,Y,O,0,0.60374796,31.80029723613584
46.0,18.4485942,,1,1,0,0,0,0,0,1,0,1,0,3.9166666666666665,8.0,41.8153573,4,1,PET,UPPER APEX,LANG_09,One-Way,apple,Direct,Direct,Logged-In,AREA_C,AREA_C,AREA_C_TO_AREA_C,CI,CA,31_60,very_low,unknown_or_oneway,Y,O,0,0.7604432,31.798204557673696
32.0,62.2713936,,2,2,0,0,0,0,0,0,0,1,0,4.833333333333333,12.0,40.024635,4,1,PET,UPPER APEX,LANG_09,One-Way,apple,Direct,Paid Search,Logged-Out,AREA_B,AREA_C,AREA_B_TO_AREA_C,BO,CA,31_60,high,unknown_or_oneway,Y,L,0,0.7943073,31.791859420435134
66.0,91.591955,,2,2,0,0,0,0,0,0,0,1,0,4.0,20.0,40.024635,4,1,PET,UPPER APEX,LANG_09,One-Way,apple,Direct,Direct,Logged-Out,AREA_B,AREA_C,AREA_B_TO_AREA_C,BO,CA,61_120,high,unknown_or_oneway,Y,W,0,0.7943073,31.791859420435134
128.0,46.3823202,,1,1,0,0,0,0,0,0,0,1,0,12.333333333333334,22.0,51.396,5,1,PET,UPPER APEX,LANG_02,One-Way,apple,Direct,Direct,Logged-Out,AREA_C,AREA_C,AREA_C_TO_AREA_C,CA,CE,120_plus,mid,unknown_or_oneway,Y,O,0,0.6185621,31.791617810726166
112.0,530.9639383,43.78472222222222,2,2,0,0,0,0,0,0,0,2,1,1054.0,14.0,55.0862328,3,1,PET,LOWER VERTEX,LANG_02,Round-Trip,mozilla,Paid Search,Paid Search,Logged-Out,AREA_B,AREA_C,AREA_B_TO_AREA_C,BU,CA,61_120,very_high,30_plus,P,R,0,0.5765245,31.758562605882453
3.0,78.0782334,,1,1,0,0,0,0,0,0,0,1,0,4.5,17.0,45.3998,5,1,PET,UPPER APEX,LANG_02,One-Way,google,Paid Search,Organic Search,Logged-Out,AREA_C,AREA_B,AREA_C_TO_AREA_B,CA,BO,0_3,high,unknown_or_oneway,Y,E,0,0.6993121,31.748629063248632
10.0,26.9580586,,1,1,0,0,0,0,0,1,0,1,0,3.4166666666666665,23.0,40.9998741,5,1,PET,UPPER VERTEX,LANG_11,One-Way,apple,Direct,Direct,Logged-In,AREA_C,AREA_B,AREA_C_TO_AREA_B,CA,BO,8_14,low,unknown_or_oneway,Y,S,0,0.77435285,31.74836929869881
3.0,107.8232401,,1,1,0,0,0,0,0,0,0,1,0,14.5,8.0,48.8262,4,1,PET,LOWER VERTEX,LANG_02,One-Way,apple,Paid Search,Paid Search,Logged-Out,AREA_B,AREA_C,AREA_B_TO_AREA_C,BU,CA,0_3,very_high,unknown_or_oneway,Y,K,0,0.6499085,31.732561574041842
11.0,42.928080699999995,,1,1,0,0,0,0,0,1,0,1,0,5.083333333333333,15.0,51.396,5,1,PET,UPPER APEX,LANG_09,One-Way,apple,Direct,Direct,Logged-In,AREA_C,AREA_B,AREA_C_TO_AREA_B,CA,BU,8_14,mid,unknown_or_oneway,Y,S,0,0.61709243,31.716082562685013
66.0,39.947112700000005,,1,1,0,0,0,0,0,1,0,1,0,5.083333333333333,16.0,51.396,5,1,PET,UPPER APEX,LANG_09,One-Way,apple,Direct,Direct,Logged-In,AREA_C,AREA_B,AREA_C_TO_AREA_B,CA,BU,61_120,mid,unknown_or_oneway,Y,L,0,0.61709243,31.716082562685013
4.0,87.6091933,,1,1,0,0,0,0,0,0,0,1,0,14.5,19.0,49.888384,4,1,PET,UPPER APEX,LANG_02,One-Way,google,Direct,Affiliate,Logged-Out,AREA_B,AREA_C,AREA_B_TO_AREA_C,BU,CA,4_7,high,unknown_or_oneway,Y,S,0,0.63573974,31.716028458244324
86.0,201.2393248,15.010416666666666,1,1,0,0,0,0,0,0,0,2,1,366.9166666666667,16.0,126.4547184,3,1,PET,UPPER APEX,LANG_09,Round-Trip,google,Paid Search,Paid Search,Logged-Out,AREA_C,AREA_B,AREA_C_TO_AREA_B,CA,BU,61_120,very_high,15_30,Y,T,0,0.25075507,31.70916197160988
11.0,219.6399494,,1,1,0,0,0,0,0,0,0,1,0,14.166666666666666,11.0,50.3676517,3,1,PET,LOWER VERTEX,LANG_02,One-Way,mozilla,Internal,Paid MetaSearches,Logged-Out,AREA_B,AREA_C,AREA_B_TO_AREA_C,BU,CA,8_14,very_high,unknown_or_oneway,C,I,0,0.629239,31.69329193300273
140.0,359.5895442,10.958333333333334,2,2,0,0,0,0,0,0,0,2,1,268.9166666666667,23.0,71.9544,2,1,PET,UPPER APEX,LANG_09,Round-Trip,apple,Direct,Direct,Logged-Out,AREA_C,AREA_C,AREA_C_TO_AREA_C,CA,CA,120_plus,very_high,9_14,Y,T,0,0.44023427,31.676793021512033
83.0,87.2357157,,1,1,0,0,0,0,0,0,0,1,0,14.166666666666666,10.0,50.3676517,4,1,PET,LOWER VERTEX,LANG_02,One-Way,apple,Paid Search,Paid Search,Logged-Out,AREA_B,AREA_C,AREA_B_TO_AREA_C,BU,CA,61_120,high,unknown_or_oneway,Y,S,0,0.6289097,31.676705076420415
86.0,86.6438051,,1,1,0,0,0,0,0,0,0,1,0,14.416666666666666,20.0,50.3676517,4,1,PET,LOWER VERTEX,LANG_02,One-Way,apple,Direct,Direct,Logged-Out,AREA_B,AREA_C,AREA_B_TO_AREA_C,BU,CA,61_120,high,unknown_or_oneway,Y,S,0,0.6288889,31.67565732747069
66.0,567.4401078,,2,1,0,1,0,1,0,0,0,2,1,-482.8333333333333,17.0,80.9649754,4,1,PET,LOWER VERTEX,LANG_02,Round-Trip,google,Direct,Direct,Logged-Out,AREA_B,AREA_C,AREA_B_TO_AREA_C,BU,CA,61_120,very_high,unknown_or_oneway,P,A,0,0.39121884,31.675023843726528
63.0,73.2975488,11.23611111111111,1,1,0,0,0,0,0,0,0,2,1,284.0833333333333,8.0,91.3345467,4,1,PET,UPPER APEX,LANG_02,Round-Trip,google,MetaSearches,Organic Search,Logged-Out,AREA_C,AREA_B,AREA_C_TO_AREA_B,CA,BI,61_120,high,9_14,Y,O,0,0.34660703,31.657195916755004
132.0,312.75408259999995,17.01388888888889,2,2,0,0,0,0,0,0,0,2,1,414.25,8.0,71.9544,2,1,PET,UPPER APEX,LANG_09,Round-Trip,google,Direct,Direct,Logged-Out,AREA_C,AREA_C,AREA_C_TO_AREA_C,CA,CA,120_plus,very_high,15_30,Y,L,0,0.43991882,31.654094460439683
6.0,90.2843551,8.0,3,2,0,0,1,1,0,0,0,2,1,194.16666666666666,15.0,52.4401954,4,1,PET,WEST APEX,LANG_02,Round-Trip,apple,Direct,Organic Search,Logged-Out,AREA_B,AREA_C,AREA_B_TO_AREA_C,BE,CA,4_7,high,6_8,Y,W,0,0.6033366,31.639087761579944
28.0,329.96917279999997,22.010416666666668,1,1,0,0,0,0,0,0,0,2,1,534.9166666666666,2.0,126.4547184,4,1,PET,UPPER APEX,LANG_02,Round-Trip,google,MetaSearches,MetaSearches,Logged-Out,AREA_C,AREA_B,AREA_C_TO_AREA_B,CA,BU,15_30,very_high,15_30,Y,E,0,0.25016615,31.634689791890004
33.0,104.7981572,11.274305555555555,4,2,0,1,1,1,0,1,1,2,1,272.6666666666667,23.0,52.76656,3,1,PET,UPPER APEX,LANG_02,Round-Trip,google,Direct,Direct,Logged-In,AREA_B,AREA_C,AREA_B_TO_AREA_C,BI,CA,31_60,very_high,9_14,Y,L,0,0.5993721,31.626803291749955
165.0,738.406332,18.36111111111111,4,4,0,0,0,0,0,0,0,2,1,447.9166666666667,19.0,126.4547184,3,1,PET,UPPER APEX,LANG_02,Round-Trip,apple,Direct,Email,Logged-Out,AREA_C,AREA_B,AREA_C_TO_AREA_B,CA,BU,120_plus,very_high,15_30,Y,S,0,0.24992527,31.604229724454857
11.0,299.6275442,6.684027777777778,2,2,0,0,0,0,0,0,0,2,1,165.41666666666666,13.0,71.9544,5,1,PET,UPPER APEX,LANG_09,Round-Trip,google,Paid Search,Paid Search,Logged-Out,AREA_C,AREA_C,AREA_C_TO_AREA_C,CA,CA,8_14,very_high,6_8,Y,S,1,0.43920252,31.602553608727458
4.0,83.428557,14.260416666666666,2,2,0,0,0,0,0,0,0,2,1,344.3333333333333,12.0,52.4401954,3,1,PET,WEST APEX,LANG_02,Round-Trip,microsoft,Direct,Direct,Logged-Out,AREA_B,AREA_C,AREA_B_TO_AREA_C,BE,CA,4_7,high,15_30,Y,S,0,0.602484,31.59437804603467
130.0,251.23821020000003,20.34375,2,2,0,0,0,0,0,0,0,2,1,502.8333333333333,21.0,90.2783589,2,1,PET,UPPER APEX,LANG_09,Round-Trip,microsoft,Paid Search,Paid Search,Logged-Out,AREA_C,AREA_B,AREA_C_TO_AREA_B,CA,BI,120_plus,very_high,15_30,Y,O,0,0.3499138,31.58964413714305
132.0,251.11229,16.21875,2,2,0,0,0,0,0,0,0,2,1,403.6666666666667,17.0,90.2783589,2,1,PET,UPPER APEX,LANG_09,Round-Trip,microsoft,Paid Search,Paid Search,Logged-Out,AREA_C,AREA_B,AREA_C_TO_AREA_B,CA,BI,120_plus,very_high,15_30,Y,O,0,0.3499138,31.58964413714305
50.0,350.0290316,49.267361111111114,2,1,0,1,0,1,0,1,1,2,1,1189.0833333333333,10.0,48.3979,3,1,PET,UPPER APEX,LANG_09,Round-Trip,apple,Direct,Direct,Logged-In,AREA_C,AREA_B,AREA_C_TO_AREA_B,CA,BE,31_60,very_high,30_plus,C,Z,1,0.6526966,31.589145236778258
229.0,124.7899163,12.21875,1,1,0,0,0,0,0,0,0,2,1,307.6666666666667,18.0,91.3345467,3,1,PET,UPPER APEX,LANG_02,Round-Trip,apple,Direct,Direct,Logged-Out,AREA_C,AREA_B,AREA_C_TO_AREA_B,CA,BI,120_plus,very_high,9_14,Y,L,0,0.3458184,31.585166839500012
5.0,86.4519267,,1,1,0,0,0,0,0,0,0,1,0,14.166666666666666,17.0,50.3676517,4,1,PET,LOWER VERTEX,LANG_02,One-Way,apple,Paid Search,MetaSearches,Logged-Out,AREA_B,AREA_C,AREA_B_TO_AREA_C,BU,CA,4_7,high,unknown_or_oneway,Y,S,0,0.6270674,31.58391174608508
171.0,406.8241814,13.885416666666666,2,2,0,0,0,0,0,0,0,2,1,339.1666666666667,19.0,71.9544,2,1,PET,UPPER APEX,LANG_09,Round-Trip,apple,Paid Search,Organic Search,Logged-Out,AREA_C,AREA_C,AREA_C_TO_AREA_C,CA,CA,120_plus,very_high,9_14,Y,T,0,0.4387849,31.572504016256335
113.0,629.8477008,22.0,3,3,0,0,0,0,0,1,0,2,1,535.25,22.0,126.4547184,4,1,PET,UPPER APEX,LANG_09,Round-Trip,microsoft,Paid Search,Paid Search,Logged-In,AREA_C,AREA_B,AREA_C_TO_AREA_B,CA,BU,61_120,very_high,15_30,Y,Q,0,0.24960592,31.563846816616774
168.0,176.4304756,12.39236111111111,1,1,0,0,0,0,0,1,0,3,1,304.6666666666667,21.0,126.4547184,4,1,PET,UPPER APEX,LANG_09,Round-Trip,apple,Direct,Direct,Logged-In,AREA_C,AREA_B,AREA_C_TO_AREA_B,CA,BU,120_plus,very_high,9_14,Y,V,0,0.24942325,31.540746911470627
202.0,331.7500442,13.82986111111111,2,2,0,0,0,0,0,1,0,2,1,337.8333333333333,21.0,71.9544,2,1,PET,UPPER APEX,LANG_02,Round-Trip,microsoft,Direct,Paid Search,Logged-In,AREA_C,AREA_C,AREA_C_TO_AREA_C,CA,CA,120_plus,very_high,9_14,Y,V,0,0.43808016,31.5217951949358
106.0,274.14883380000003,11.70138888888889,2,2,0,0,0,0,0,1,0,2,1,286.75,21.0,71.9544,2,1,PET,UPPER APEX,LANG_09,Round-Trip,google,Direct,Paid Search,Logged-In,AREA_C,AREA_C,AREA_C_TO_AREA_C,CA,CA,61_120,very_high,9_14,Y,W,0,0.4379652,31.51352421240807
9.0,179.94767520000002,6.065972222222222,1,1,0,0,0,0,0,0,0,2,1,150.58333333333334,22.0,71.9544,5,1,PET,UPPER APEX,LANG_09,Round-Trip,apple,Direct,Direct,Logged-Out,AREA_C,AREA_C,AREA_C_TO_AREA_C,CA,CA,8_14,very_high,6_8,Y,S,0,0.43782958,31.50376501057148
292.0,210.3201414,15.0,1,1,0,0,0,0,0,0,0,2,1,367.25,12.0,126.4547184,3,1,PET,UPPER APEX,LANG_09,Round-Trip,apple,Direct,Direct,Logged-Out,AREA_C,AREA_B,AREA_C_TO_AREA_B,CA,BU,120_plus,very_high,15_30,Y,T,0,0.24910432,31.500416764652538
121.0,273.9295442,13.82986111111111,2,2,0,0,0,0,0,0,0,2,1,337.8333333333333,18.0,71.9544,2,1,PET,UPPER APEX,LANG_02,Round-Trip,google,MetaSearches,MetaSearches,Logged-Out,AREA_C,AREA_C,AREA_C_TO_AREA_C,CA,CA,120_plus,very_high,9_14,Y,W,0,0.4377217,31.496002252793314
83.0,175.94478339999998,15.010416666666666,1,1,0,0,0,0,0,0,0,2,1,366.9166666666667,21.0,126.4547184,3,1,PET,UPPER APEX,LANG_09,Round-Trip,mozilla,Paid Search,Paid Search,Logged-Out,AREA_C,AREA_B,AREA_C_TO_AREA_B,CA,BU,61_120,very_high,15_30,Y,L,0,0.24902591,31.490501461538173
40.0,144.3619414,19.739583333333332,2,2,0,0,0,0,0,0,0,2,1,476.9166666666667,20.0,55.0862328,2,1,PET,LOWER VERTEX,LANG_02,Round-Trip,google,Organic Search,Paid Search,Logged-Out,AREA_B,AREA_C,AREA_B_TO_AREA_C,BU,CA,31_60,very_high,15_30,Y,U,0,0.5716083,31.48774815839939
5.0,34.9856855,,1,1,0,0,0,0,0,0,0,1,0,4.75,22.0,47.4761984,5,1,PET,UPPER APEX,LANG_02,One-Way,google,Referrals,Referrals,Logged-Out,AREA_C,AREA_C,AREA_C_TO_AREA_C,CA,CE,4_7,mid,unknown_or_oneway,Y,V,0,0.663004,31.476908547331238
148.0,419.5438348,19.958333333333332,4,2,0,1,1,1,0,0,0,2,1,484.9166666666667,10.0,71.9544,2,1,PET,UPPER APEX,LANG_09,Round-Trip,google,Paid Search,Paid Search,Logged-Out,AREA_C,AREA_C,AREA_C_TO_AREA_C,CA,CA,120_plus,very_high,15_30,Y,S,0,0.43738014,31.471425190114978
156.0,192.6810342,13.39236111111111,1,1,0,0,0,0,0,1,0,2,1,328.6666666666667,10.0,126.4547184,3,1,PET,UPPER APEX,LANG_09,Round-Trip,apple,Direct,Direct,Logged-In,AREA_C,AREA_B,AREA_C_TO_AREA_B,CA,BU,120_plus,very_high,9_14,Y,S,0,0.24887179,31.47101191761725
205.0,327.07386479999997,11.01388888888889,2,2,0,0,0,0,0,0,0,2,1,270.25,16.0,71.9544,2,1,PET,UPPER APEX,LANG_02,Round-Trip,apple,Direct,Organic Search,Logged-Out,AREA_C,AREA_C,AREA_C_TO_AREA_C,CA,CA,120_plus,very_high,9_14,Y,W,0,0.43718436,31.457338572478296
13.0,148.0872948,,1,1,0,0,0,0,0,0,0,2,1,30.5,21.0,51.3236173,5,0,PET,LOWER VERTEX,LANG_02,One-Way,google,Direct,Paid Search,Logged-Out,AREA_B,AREA_B,AREA_B_TO_AREA_B,BI,BO,8_14,very_high,unknown_or_oneway,Y,V,0,0.6128503,31.45369469144646
1.0,72.76859830000001,,1,1,0,0,0,0,0,0,0,1,0,14.166666666666666,14.0,50.3676517,4,1,PET,LOWER VERTEX,LANG_02,One-Way,google,Organic Search,Paid Search,Logged-Out,AREA_B,AREA_C,AREA_B_TO_AREA_C,BU,CA,0_3,high,unknown_or_oneway,C,I,0,0.6240978,31.434341830829432
85.0,56.91678700000001,15.875,1,1,0,0,0,0,0,1,0,2,1,383.1666666666667,10.0,59.8660608,3,1,PET,UPPER APEX,LANG_09,Round-Trip,apple,Direct,Direct,Logged-In,AREA_C,AREA_C,AREA_C_TO_AREA_C,CU,CA,61_120,high,15_30,Y,K,0,0.52491146,31.424381574179076
70.0,265.9374662,16.010416666666668,2,2,0,0,0,0,0,0,0,2,1,390.9166666666667,22.0,76.2374,3,1,PET,UPPER APEX,LANG_09,Round-Trip,apple,MetaSearches,MetaSearches,Logged-Out,AREA_C,AREA_B,AREA_C_TO_AREA_B,CA,BU,61_120,very_high,15_30,C,I,0,0.41209996,31.417429297327992
26.0,51.4718091,,1,1,0,0,0,0,0,0,0,1,0,4.75,22.0,47.4761984,4,1,PET,UPPER APEX,LANG_02,One-Way,google,Paid Search,Paid Search,Logged-Out,AREA_C,AREA_C,AREA_C_TO_AREA_C,CA,CE,15_30,mid,unknown_or_oneway,Y,L,0,0.66129345,31.395698891230776
10.0,23.5556434,,1,1,0,0,0,0,0,1,0,1,0,3.4166666666666665,9.0,40.9998741,5,1,PET,UPPER APEX,LANG_09,One-Way,apple,Direct,Direct,Logged-In,AREA_C,AREA_B,AREA_C_TO_AREA_B,CA,BO,8_14,low,unknown_or_oneway,Y,V,0,0.7652304,31.37435076480553
61.0,60.227546,236.26041666666666,1,1,0,0,0,0,0,1,0,3,1,5673.666666666667,22.0,48.3979,1,1,PET,UPPER APEX,LANG_02,Round-Trip,apple,Direct,Direct,Logged-In,AREA_B,AREA_C,AREA_B_TO_AREA_C,BO,CA,61_120,high,30_plus,Y,V,0,0.6478507,31.354613019520045
75.0,41.2542843,,1,1,0,0,0,0,0,1,0,1,0,12.333333333333334,14.0,51.396,4,1,PET,UPPER APEX,LANG_09,One-Way,microsoft,Paid Search,Paid Search,Logged-In,AREA_C,AREA_C,AREA_C_TO_AREA_C,CA,CE,61_120,mid,unknown_or_oneway,Y,O,0,0.6097755,31.340020755529405
35.0,60.09734280000001,6.78125,1,1,0,0,0,0,0,0,0,2,1,166.08333333333334,8.0,100.7353034,3,1,PET,LOWER VERTEX,LANG_02,Round-Trip,google,MetaSearches,MetaSearches,Logged-Out,AREA_B,AREA_C,AREA_B_TO_AREA_C,BU,CA,31_60,high,6_8,Y,O,0,0.31110016,31.33876851330944
29.0,21.1207579,,1,1,0,0,0,0,0,1,1,1,0,4.5,16.0,45.3998,4,1,PET,WEST MERIDIAN,LANG_02,One-Way,microsoft,Direct,Direct,Logged-In,AREA_C,AREA_B,AREA_C_TO_AREA_B,CA,BO,15_30,very_low,unknown_or_oneway,Y,O,0,0.6902717,31.338196017301083
134.0,437.1538176,15.36111111111111,2,2,0,0,0,0,0,0,0,2,1,375.9166666666667,21.0,126.4547184,3,1,PET,UPPER APEX,LANG_09,Round-Trip,apple,Direct,Direct,Logged-Out,AREA_C,AREA_B,AREA_C_TO_AREA_B,CA,BU,120_plus,very_high,15_30,Y,S,0,0.24747814,31.294778804908347
122.0,132.8346752,15.70138888888889,1,1,0,0,0,0,0,1,0,2,1,382.75,11.0,71.9544,2,1,PET,UPPER APEX,LANG_09,Round-Trip,google,Internal,Affiliate,Logged-In,AREA_C,AREA_C,AREA_C_TO_AREA_C,CA,CA,120_plus,very_high,15_30,Y,L,0,0.43488413,31.29182671236992
200.0,326.75435300000004,13.64236111111111,2,1,1,0,0,0,1,0,0,2,1,333.3333333333333,21.0,76.2374,2,0,PET,UPPER APEX,LANG_09,Round-Trip,google,Paid Search,Paid Search,Logged-Out,AREA_B,AREA_C,AREA_B_TO_AREA_C,BE,CA,120_plus,very_high,9_14,Y,V,0,0.41038406,31.286613655972477
176.0,512.1388684,16.21875,4,2,0,2,0,1,0,1,0,2,1,403.6666666666667,14.0,90.2783589,2,1,PET,UPPER APEX,LANG_09,Round-Trip,google,Paid Search,Affiliate,Logged-In,AREA_C,AREA_B,AREA_C_TO_AREA_B,CA,BI,120_plus,very_high,15_30,Y,W,0,0.34651396,31.28271135451356
179.0,265.73188220000003,24.90277777777778,1,1,0,0,0,0,0,0,0,2,1,601.0,15.0,52.9704308,1,1,PET,NORTH MERIDIAN,LANG_02,Round-Trip,apple,Email,Email,Logged-Out,AREA_B,AREA_C,AREA_B_TO_AREA_C,BI,CA,120_plus,very_high,15_30,P,R,0,0.59050244,31.279168684482553
160.0,184.1150342,18.0,1,1,0,0,0,0,0,0,0,2,1,439.25,9.0,126.4547184,3,1,PET,UPPER APEX,LANG_02,Round-Trip,google,Internal,Internal,Logged-Out,AREA_C,AREA_B,AREA_C_TO_AREA_B,CA,BU,120_plus,very_high,15_30,Y,V,0,0.24717502,31.25644792388356
20.0,99.6371422,7.315972222222222,1,1,0,0,0,0,0,1,1,4,1,194.91666666666666,14.0,77.7827064,5,1,PET,UPPER APEX,LANG_09,Round-Trip,google,Email,Partners,Logged-In,AREA_C,AREA_C,AREA_C_TO_AREA_C,CA,CA,15_30,high,6_8,Y,U,0,0.40172285,31.247090372464797
0.0,130.50900620000002,,1,1,0,0,0,0,0,0,0,2,1,30.5,7.0,51.3236173,5,0,PET,NORTH MERIDIAN,LANG_02,One-Way,apple,Paid Search,Paid Search,Logged-Out,AREA_B,AREA_B,AREA_B_TO_AREA_B,BI,BO,invalid_or_past,very_high,unknown_or_oneway,Y,V,0,0.60874027,31.242752659650392
78.0,475.8447264,10.010416666666666,3,3,0,0,0,0,0,0,0,2,1,246.91666666666666,9.0,126.4547184,4,1,PET,UPPER APEX,LANG_09,Round-Trip,google,Paid Search,Paid Search,Logged-Out,AREA_C,AREA_B,AREA_C_TO_AREA_B,CA,BU,61_120,very_high,9_14,Y,L,0,0.24697836,31.23157864024551
105.0,317.2983456,13.010416666666666,2,2,0,0,0,0,0,0,0,2,1,318.9166666666667,7.0,126.4547184,4,1,PET,UPPER APEX,LANG_09,Round-Trip,google,Direct,Direct,Logged-Out,AREA_C,AREA_B,AREA_C_TO_AREA_B,CA,BU,61_120,very_high,9_14,Y,V,0,0.24665406,31.190570137456085
1.0,43.2630113,,1,1,0,0,0,0,0,0,0,1,0,3.4166666666666665,13.0,40.9998741,4,1,PET,GREAT MERIDIAN,LANG_03,One-Way,google,Direct,Direct,Logged-Out,AREA_C,AREA_B,AREA_C_TO_AREA_B,CA,BO,0_3,mid,unknown_or_oneway,Y,T,0,0.7605125,31.180915570640337
87.0,1058.7370416,8.010416666666666,6,4,2,0,0,0,1,0,0,2,1,198.91666666666666,19.0,126.4547184,3,1,PET,UPPER APEX,LANG_09,Round-Trip,mozilla,Paid Search,Paid Search,Logged-Out,AREA_C,AREA_B,AREA_C_TO_AREA_B,CA,BU,61_120,very_high,9_14,Y,V,0,0.24654785,31.177138689223625
192.0,317.3977112,16.0,2,2,0,0,0,0,0,1,0,2,1,391.25,22.0,126.4547184,3,1,PET,UPPER APEX,LANG_09,Round-Trip,apple,Direct,Organic Search,Logged-In,AREA_C,AREA_B,AREA_C_TO_AREA_B,CA,BU,120_plus,very_high,15_30,Y,L,0,0.24651878,31.17346237672341
179.0,542.8471218,14.0,3,2,0,1,0,1,0,1,0,2,1,343.25,17.0,126.4547184,3,1,PET,UPPER APEX,LANG_09,Round-Trip,apple,Direct,Direct,Logged-In,AREA_C,AREA_B,AREA_C_TO_AREA_B,CA,BU,120_plus,very_high,9_14,Y,V,0,0.24649276,31.17017235026243
55.0,95.8484004,,1,1,0,0,0,0,0,0,0,1,0,16.083333333333332,18.0,49.9993137,3,0,PET,LOWER VERTEX,LANG_09,One-Way,google,Paid Search,Paid Search,Logged-Out,AREA_B,AREA_B,AREA_B_TO_AREA_B,BU,BE,31_60,high,unknown_or_oneway,Y,V,0,0.62340826,31.169985052976223
52.0,61.2134926,9.229166666666666,3,2,0,1,0,1,0,0,0,2,1,224.16666666666666,23.0,49.7911599,3,1,PET,UPPER APEX,LANG_09,Round-Trip,apple,Paid Search,Affiliate,Logged-Out,AREA_C,AREA_B,AREA_C_TO_AREA_B,CA,BO,31_60,high,9_14,Y,O,0,0.6259829,31.168413702236116
148.0,761.6630220000001,17.39236111111111,5,3,0,2,0,1,0,1,1,2,1,424.6666666666667,12.0,126.4547184,4,1,PET,UPPER APEX,LANG_02,Round-Trip,microsoft,Direct,Direct,Logged-In,AREA_C,AREA_B,AREA_C_TO_AREA_B,CA,BU,120_plus,very_high,15_30,Y,V,0,0.24642006,31.160978742528677
310.0,448.2789101000001,15.0,2,2,0,0,0,0,0,1,0,2,1,367.25,21.0,126.4547184,3,1,PET,SOUTH HORIZON,LANG_02,Round-Trip,apple,Direct,Organic Search,Logged-In,AREA_C,AREA_B,AREA_C_TO_AREA_B,CA,BU,120_plus,very_high,15_30,Y,T,0,0.24641584,31.160445479362323
76.0,164.9516073,67.65625,2,2,0,0,0,0,0,0,0,2,1,1627.0,17.0,52.9704308,1,1,PET,NORTH MERIDIAN,LANG_02,Round-Trip,google,Paid Search,Paid Search,Logged-Out,AREA_B,AREA_C,AREA_B_TO_AREA_C,BI,CA,61_120,very_high,30_plus,Y,O,0,0.58804125,31.148798125470044
59.0,24.352281400000003,,2,2,0,0,0,0,0,0,1,1,0,2.6666666666666665,21.0,42.87283,4,1,PET,UPPER APEX,LANG_09,One-Way,samsung,Direct,Direct,Logged-Out,AREA_B,AREA_C,AREA_B_TO_AREA_C,BO,CA,31_60,low,unknown_or_oneway,Y,L,0,0.7263077,31.138866127218606
196.0,335.7306644,14.36111111111111,2,2,0,0,0,0,0,1,0,2,1,351.9166666666667,15.0,126.4547184,3,1,PET,UPPER APEX,LANG_09,Round-Trip,apple,Direct,Direct,Logged-In,AREA_C,AREA_B,AREA_C_TO_AREA_B,CA,BU,120_plus,very_high,15_30,Y,L,0,0.24594565,31.10098757847469
8.0,41.0084401,,1,1,0,0,0,0,0,0,0,1,0,11.666666666666666,14.0,51.396,5,1,PET,LOWER VERTEX,LANG_02,One-Way,microsoft,Paid Search,Paid Search,Logged-Out,AREA_C,AREA_C,AREA_C_TO_AREA_C,CA,CE,8_14,mid,unknown_or_oneway,Y,O,0,0.60511404,31.100441341638565
13.0,93.9103429,,1,1,0,0,0,0,0,0,0,1,0,16.166666666666668,14.0,50.218175,4,1,PET,LOWER VERTEX,LANG_02,One-Way,mozilla,Organic Search,Organic Search,Logged-Out,AREA_B,AREA_C,AREA_B_TO_AREA_C,BU,CA,8_14,high,unknown_or_oneway,Y,V,0,0.6192322,31.09670986709595
176.0,360.4555668,22.0,2,2,0,0,0,0,0,0,0,2,1,535.25,17.0,126.4547184,3,1,PET,UPPER APEX,LANG_02,Round-Trip,google,Paid Search,Paid Search,Logged-Out,AREA_C,AREA_B,AREA_C_TO_AREA_B,CA,BU,120_plus,very_high,15_30,Y,W,0,0.24577743,31.079715465806867
151.0,102.4163809,15.34375,1,1,0,0,0,0,0,0,0,2,1,382.8333333333333,12.0,90.2783589,2,1,PET,UPPER APEX,LANG_09,Round-Trip,google,Paid Search,Paid Search,Logged-Out,AREA_C,AREA_B,AREA_C_TO_AREA_B,CA,BI,120_plus,very_high,15_30,Y,U,0,0.34419915,31.073734469061264
31.0,43.296847,,1,1,0,0,0,0,0,0,0,1,0,3.4166666666666665,20.0,40.9998741,5,1,PET,UPPER APEX,LANG_09,One-Way,apple,Paid Search,Organic Search,Logged-Out,AREA_C,AREA_B,AREA_C_TO_AREA_B,CA,BO,31_60,mid,unknown_or_oneway,Y,K,0,0.7578164,31.070375937296802
109.0,216.0854877,32.65625,2,2,0,0,0,0,0,0,0,2,1,787.0,6.0,52.9704308,1,1,PET,NORTH MERIDIAN,LANG_02,Round-Trip,apple,Paid Search,Paid Search,Logged-Out,AREA_B,AREA_C,AREA_B_TO_AREA_C,BI,CA,61_120,very_high,30_plus,Y,O,0,0.586529,31.068694680427267
49.0,20.918172,3.46875,1,1,0,0,0,0,0,1,0,4,1,84.25,15.0,58.42012,4,0,PET,UPPER APEX,LANG_09,Round-Trip,apple,Direct,Email,Logged-In,AREA_C,AREA_C,AREA_C_TO_AREA_C,CE,CI,31_60,very_low,3_5,Y,O,0,0.5316724,31.060366467115877
1.0,154.39529720000002,,2,2,0,0,0,0,0,0,0,1,0,4.0,20.0,40.024635,4,1,PET,UPPER APEX,LANG_09,One-Way,apple,Direct,Paid Search,Logged-Out,AREA_B,AREA_C,AREA_B_TO_AREA_C,BO,CA,0_3,very_high,unknown_or_oneway,Y,T,0,0.7759148,31.05570619065464
32.0,38.6724919,,1,1,0,0,0,0,0,0,0,1,0,4.75,15.0,47.4761984,5,1,PET,NEW HORIZON,LANG_02,One-Way,google,Direct,Organic Search,Logged-Out,AREA_C,AREA_C,AREA_C_TO_AREA_C,CA,CE,31_60,mid,unknown_or_oneway,Y,L,0,0.6535054,31.02595131002655
41.0,22.0570217,,1,1,0,0,0,0,0,0,0,1,0,4.0,15.0,41.8153573,4,1,PET,GREAT MERIDIAN,LANG_03,One-Way,google,Paid Search,Paid Search,Logged-Out,AREA_C,AREA_C,AREA_C_TO_AREA_C,CI,CA,31_60,low,unknown_or_oneway,Y,U,1,0.74197006,31.025743259132007
120.0,177.3063491,14.975694444444445,1,1,0,0,0,0,0,0,0,2,1,365.3333333333333,16.0,51.396,4,1,PET,GREAT MERIDIAN,LANG_09,Round-Trip,apple,Direct,Direct,Logged-Out,AREA_C,AREA_C,AREA_C_TO_AREA_C,CA,CA,61_120,very_high,15_30,Y,Q,0,0.60341686,31.013212941884994
7.0,149.0346944,,1,1,0,0,0,0,0,0,0,2,1,30.5,8.0,51.3236173,5,0,PET,LOWER VERTEX,LANG_02,One-Way,microsoft,Direct,Direct,Logged-Out,AREA_B,AREA_B,AREA_B_TO_AREA_B,BI,BO,4_7,very_high,unknown_or_oneway,Y,T,0,0.60423774,31.01166628329081
72.0,46.731812999999995,,2,2,0,0,0,0,0,0,0,2,1,-112.75,15.0,54.1568218,2,1,PET,EAST HORIZON,LANG_02,Round-Trip,apple,Direct,Direct,Logged-Out,AREA_C,AREA_C,AREA_C_TO_AREA_C,CE,CA,61_120,mid,unknown_or_oneway,Y,W,0,0.5725749,31.008837557664123
3.0,71.1988788,,1,1,0,0,0,0,0,0,0,1,0,12.333333333333334,11.0,51.396,5,1,PET,UPPER APEX,LANG_02,One-Way,google,MetaSearches,Organic Search,Logged-Out,AREA_C,AREA_C,AREA_C_TO_AREA_C,CA,CE,0_3,high,unknown_or_oneway,Y,W,0,0.6031995,31.002040575027465
13.0,116.1412544,,1,1,0,0,0,0,0,0,0,1,0,3.25,11.0,50.5783753,4,1,PET,UPPER APEX,LANG_09,One-Way,google,Paid Search,Paid Search,Logged-Out,AREA_C,AREA_B,AREA_C_TO_AREA_B,CA,BI,8_14,very_high,unknown_or_oneway,Y,T,0,0.6129286,31.000934225706505
52.0,304.9461736,8.010416666666666,1,1,0,0,0,0,0,0,0,2,1,198.91666666666666,12.0,126.4547184,3,1,PET,UPPER APEX,LANG_09,Round-Trip,google,Organic Search,Email,Logged-Out,AREA_C,AREA_B,AREA_C_TO_AREA_B,CA,BU,31_60,very_high,9_14,Y,K,0,0.24509546,30.99347757862859
0.0,124.4130123,,1,1,0,0,0,0,0,0,0,1,0,25.833333333333332,2.0,51.3236173,5,0,PET,NORTH MERIDIAN,LANG_02,One-Way,apple,MetaSearches,MetaSearches,Logged-Out,AREA_B,AREA_B,AREA_B_TO_AREA_B,BI,BO,invalid_or_past,very_high,unknown_or_oneway,,Y,0,0.6038826,30.99344001071535
106.0,165.5884894,16.322916666666668,2,2,0,0,0,0,0,1,1,2,1,408.0,22.0,57.0898202,5,1,PET,UPPER APEX,LANG_02,Round-Trip,samsung,Email,Email,Logged-In,AREA_C,AREA_B,AREA_C_TO_AREA_B,CA,BO,61_120,very_high,15_30,Y,O,0,0.54288346,30.99311887851206
36.0,59.4600324,20.87847222222222,1,1,0,0,0,0,0,1,0,2,1,503.1666666666667,10.0,52.76656,2,1,PET,SOUTH MERIDIAN,LANG_09,Round-Trip,apple,Direct,Direct,Logged-In,AREA_B,AREA_C,AREA_B_TO_AREA_C,BI,CA,31_60,high,15_30,Y,T,0,0.5872215,30.985658684940336
91.0,510.3841233,9.01388888888889,3,3,0,0,0,0,0,1,0,2,1,222.25,11.0,71.9544,2,1,PET,UPPER APEX,LANG_09,Round-Trip,google,Paid Search,Paid Search,Logged-In,AREA_C,AREA_C,AREA_C_TO_AREA_C,CA,CA,61_120,very_high,9_14,Y,W,0,0.4305985,30.983456520652773
18.0,49.5808646,,1,1,0,0,0,0,0,1,0,1,0,4.0,19.0,40.024635,4,1,PET,UPPER APEX,LANG_02,One-Way,apple,Paid Search,Paid Search,Logged-In,AREA_B,AREA_C,AREA_B_TO_AREA_C,BO,CA,15_30,mid,unknown_or_oneway,Y,V,0,0.7739792,30.978234457740786
42.0,55.8186258,14.086805555555555,1,1,0,0,0,0,0,1,1,4,1,339.3333333333333,11.0,55.4537142,4,1,PET,UPPER APEX,LANG_02,Round-Trip,apple,Direct,Direct,Logged-In,AREA_B,AREA_C,AREA_B_TO_AREA_C,BA,CA,31_60,high,15_30,Y,T,0,0.55855674,30.974045575766766
110.0,218.865583,20.0,1,1,0,0,0,0,0,0,0,2,1,487.25,16.0,126.4547184,3,1,PET,UPPER APEX,LANG_09,Round-Trip,google,Paid Search,Paid Search,Logged-Out,AREA_C,AREA_B,AREA_C_TO_AREA_B,CA,BU,61_120,very_high,15_30,Y,Q,0,0.24484828,30.962220442927123
175.0,176.0030322,12.39236111111111,1,1,0,0,0,0,0,1,0,3,1,304.6666666666667,13.0,126.4547184,4,1,PET,UPPER APEX,LANG_09,Round-Trip,apple,Direct,MetaSearches,Logged-In,AREA_C,AREA_B,AREA_C_TO_AREA_B,CA,BU,120_plus,very_high,9_14,Y,V,0,0.24477825,30.953364128856897
72.0,129.6065781,,1,1,0,0,0,0,0,0,0,2,1,30.5,14.0,51.3236173,5,0,PET,NORTH MERIDIAN,LANG_02,One-Way,apple,MetaSearches,MetaSearches,Logged-Out,AREA_B,AREA_B,AREA_B_TO_AREA_B,BI,BO,61_120,very_high,unknown_or_oneway,Y,V,0,0.60301,30.948654406401022
17.0,41.2876917,,1,1,0,0,0,0,0,1,0,1,0,4.0,22.0,40.024635,4,1,PET,UPPER APEX,LANG_02,One-Way,apple,Direct,Direct,Logged-In,AREA_B,AREA_C,AREA_B_TO_AREA_C,BO,CA,15_30,mid,unknown_or_oneway,Y,L,0,0.7732312,30.94829688379437
2.0,87.48241650000001,,1,1,0,0,0,0,0,0,0,1,0,14.75,16.0,48.8262,4,1,PET,LOWER VERTEX,LANG_02,One-Way,apple,Direct,MetaSearches,Logged-Out,AREA_B,AREA_C,AREA_B_TO_AREA_C,BU,CA,0_3,high,unknown_or_oneway,Y,S,0,0.63379985,30.94603828200102
0.0,123.7024626,,1,1,0,0,0,0,0,0,0,2,1,28.583333333333332,23.0,51.3236173,5,0,PET,NORTH MERIDIAN,LANG_02,One-Way,apple,Direct,Direct,Logged-Out,AREA_B,AREA_B,AREA_B_TO_AREA_B,BI,BO,invalid_or_past,very_high,unknown_or_oneway,Y,V,0,0.6028751,30.941731604313365
39.0,45.0550185,,1,1,0,0,0,0,0,0,0,1,0,3.4166666666666665,9.0,40.9998741,5,1,PET,UPPER APEX,LANG_09,One-Way,apple,Direct,Direct,Logged-Out,AREA_C,AREA_B,AREA_C_TO_AREA_B,CA,BO,31_60,mid,unknown_or_oneway,Y,H,0,0.7545113,30.934868173741453
52.0,126.5121106,,2,2,0,0,0,0,0,1,0,1,0,4.0,1.0,40.024635,4,1,PET,UPPER APEX,LANG_02,One-Way,google,Direct,Direct,Logged-In,AREA_B,AREA_C,AREA_B_TO_AREA_C,BO,CA,31_60,very_high,unknown_or_oneway,Y,V,0,0.772889,30.934600843310953
27.0,37.7379413,,2,1,0,0,1,1,0,1,0,2,1,-112.08333333333333,22.0,55.2061568,4,1,PET,NORTH HORIZON,LANG_02,Round-Trip,apple,Direct,Direct,Logged-In,AREA_C,AREA_C,AREA_C_TO_AREA_C,CA,CE,15_30,mid,unknown_or_oneway,Y,W,0,0.5602888,30.93139062222748
7.0,256.7110276,9.29513888888889,3,2,0,1,0,1,0,1,0,2,1,229.75,15.0,54.8403886,3,1,PET,UPPER APEX,LANG_02,Round-Trip,apple,Paid Search,Paid Search,Logged-In,AREA_C,AREA_B,AREA_C_TO_AREA_B,CA,BE,4_7,very_high,9_14,Y,K,0,0.56374824,30.916172579989645
122.0,156.3911752,15.70138888888889,1,1,0,0,0,0,0,1,0,2,1,382.75,11.0,71.9544,2,1,PET,UPPER APEX,LANG_09,Round-Trip,google,Internal,Affiliate,Logged-In,AREA_C,AREA_C,AREA_C_TO_AREA_C,CA,CA,120_plus,very_high,15_30,Y,L,0,0.42959893,30.91153306875229
104.0,193.6421394,21.23611111111111,2,2,0,0,0,0,0,1,0,2,1,524.0833333333334,14.0,63.9267731,4,1,PET,NORTH MERIDIAN,LANG_02,Round-Trip,apple,Direct,Direct,Logged-In,AREA_C,AREA_B,AREA_C_TO_AREA_B,CA,BI,61_120,very_high,15_30,Y,L,0,0.48339063,30.901603077386135
31.0,31.3909636,,1,1,0,0,0,0,0,0,0,1,0,4.75,21.0,47.4761984,2,1,PET,NEW HORIZON,LANG_02,One-Way,google,Direct,Paid Search,Logged-Out,AREA_C,AREA_C,AREA_C_TO_AREA_C,CA,CE,31_60,low,unknown_or_oneway,Y,W,0,0.6508375,30.899289375151064
232.0,145.000965,13.64236111111111,1,1,0,0,0,0,0,1,0,2,1,333.3333333333333,23.0,76.2374,2,0,PET,EAST ZENITH,LANG_08,Round-Trip,google,Paid Search,Organic Search,Logged-In,AREA_B,AREA_C,AREA_B_TO_AREA_C,BE,CA,120_plus,very_high,9_14,Y,W,0,0.40530315,30.89925839948058
81.0,211.45085339999997,,3,2,0,0,1,1,0,1,1,1,0,4.0,12.0,40.024635,3,1,PET,UPPER APEX,LANG_02,One-Way,apple,Direct,Direct,Logged-In,AREA_B,AREA_C,AREA_B_TO_AREA_C,BO,CA,61_120,very_high,unknown_or_oneway,P,R,0,0.771804,30.89117239513815
31.0,86.2476276,,1,1,0,0,0,0,0,0,0,1,0,16.166666666666668,11.0,50.218175,3,1,PET,LOWER VERTEX,LANG_02,One-Way,mozilla,Email,Paid Search,Logged-Out,AREA_B,AREA_C,AREA_B_TO_AREA_C,BU,CA,31_60,high,unknown_or_oneway,Y,V,0,0.6151365,30.891032615461945
8.0,92.4952397,,1,1,0,0,0,0,0,0,0,1,0,16.083333333333332,10.0,49.9993137,3,0,PET,LOWER VERTEX,LANG_02,One-Way,google,Direct,Direct,Logged-Out,AREA_B,AREA_B,AREA_B_TO_AREA_B,BU,BE,8_14,high,unknown_or_oneway,Y,S,0,0.6177883,30.888991752846337
9.0,354.7801635,8.684027777777779,1,1,0,0,0,0,0,1,1,2,1,213.41666666666666,11.0,71.9544,2,1,PET,UPPER APEX,LANG_02,Round-Trip,google,Direct,Direct,Logged-In,AREA_C,AREA_C,AREA_C_TO_AREA_C,CA,CA,8_14,very_high,9_14,Y,K,0,0.4292763,30.888317705297474
51.0,144.7833886,60.760416666666664,2,2,0,0,0,0,0,1,0,2,1,1461.75,14.0,50.5355453,1,1,PET,LOWER VERTEX,LANG_02,Round-Trip,google,Direct,Direct,Logged-In,AREA_B,AREA_C,AREA_B_TO_AREA_C,BU,CA,31_60,very_high,30_plus,Y,O,0,0.6111451,30.884549831544096
1.0,83.2919293,,1,1,0,0,0,0,0,0,0,1,0,10.083333333333334,13.0,52.9730006,5,1,PET,LOWER APEX,LANG_02,One-Way,google,MetaSearches,Paid Search,Logged-Out,AREA_C,AREA_C,AREA_C_TO_AREA_C,CA,CE,0_3,high,unknown_or_oneway,Y,Q,0,0.582902,30.878068750899065
37.0,81.8155792,,2,2,0,0,0,0,0,1,0,1,0,4.0,18.0,40.024635,4,1,PET,UPPER APEX,LANG_02,One-Way,google,Paid Search,Organic Search,Logged-In,AREA_B,AREA_C,AREA_B_TO_AREA_C,BO,CA,31_60,high,unknown_or_oneway,Y,L,0,0.77141213,30.87548910474658
45.0,37.6008853,,1,1,0,0,0,0,0,1,0,1,0,4.0,17.0,40.024635,4,1,PET,UPPER VERTEX,LANG_11,One-Way,apple,Paid Search,Paid Search,Logged-In,AREA_B,AREA_C,AREA_B_TO_AREA_C,BO,CA,31_60,mid,unknown_or_oneway,Y,U,0,0.7711955,30.8668172519061
69.0,367.76493460000006,23.979166666666668,3,3,0,0,0,0,0,1,0,2,1,578.6666666666666,2.0,53.8668627,4,1,PET,LOWER VERTEX,LANG_02,Round-Trip,apple,Direct,Direct,Logged-In,AREA_B,AREA_C,AREA_B_TO_AREA_C,BU,CA,61_120,very_high,15_30,Y,U,0,0.57288593,30.859567763061744
10.0,82.2789998,,1,1,0,0,0,0,0,0,0,1,0,16.083333333333332,14.0,49.9993137,3,0,PET,LOWER VERTEX,LANG_02,One-Way,google,Paid Search,Paid Search,Logged-Out,AREA_B,AREA_B,AREA_B_TO_AREA_B,BU,BE,8_14,high,unknown_or_oneway,Y,V,0,0.61715657,30.85740470491739
19.0,80.5024114,13.78125,1,0,1,0,0,0,1,0,0,2,1,334.0833333333333,11.0,100.7353034,3,1,PET,LOWER VERTEX,LANG_02,Round-Trip,google,Direct,Direct,Logged-Out,AREA_B,AREA_C,AREA_B_TO_AREA_C,BU,CA,15_30,high,9_14,Y,O,0,0.30629045,30.854261178784576
18.0,87.75995490000001,,1,1,0,0,0,0,0,1,0,1,0,14.416666666666666,12.0,50.0515663,4,1,PET,LOWER VERTEX,LANG_02,One-Way,google,Paid Search,Organic Search,Logged-In,AREA_B,AREA_C,AREA_B_TO_AREA_C,BU,CA,15_30,high,unknown_or_oneway,Y,S,0,0.61630887,30.847224164544706
61.0,172.71625799999998,,2,2,0,0,0,0,0,0,0,1,0,4.666666666666667,22.0,40.024635,3,1,PET,UPPER APEX,LANG_09,One-Way,apple,Paid Search,Paid Search,Logged-Out,AREA_B,AREA_C,AREA_B_TO_AREA_C,BO,CA,61_120,very_high,unknown_or_oneway,Y,Q,0,0.770644,30.84474517969698
24.0,23.5290888,12.524305555555555,1,1,0,0,0,0,0,0,0,4,1,301.5,12.0,51.396,3,0,PET,GREAT MERIDIAN,LANG_03,Round-Trip,google,Paid Search,Paid Search,Logged-Out,AREA_C,AREA_B,AREA_C_TO_AREA_B,CA,BA,15_30,low,9_14,Y,U,0,0.60007596,30.841504048347474
24.0,295.41221559999997,,1,1,0,0,0,0,0,0,0,3,1,-188.41666666666666,17.0,74.0959,5,1,PET,SOUTH HORIZON,LANG_02,Multi-City,google,Paid Search,Referrals,Logged-Out,AREA_C,AREA_B,AREA_C_TO_AREA_B,CA,BI,15_30,very_high,unknown_or_oneway,,Q,0,0.4162172,30.839988615477086
8.0,45.8105397,22.73611111111111,1,1,0,0,0,0,0,1,0,2,1,552.3333333333334,18.0,54.1568218,4,1,PET,UPPER VERTEX,LANG_02,Round-Trip,apple,Internal,Organic Search,Logged-In,AREA_C,AREA_C,AREA_C_TO_AREA_C,CE,CA,8_14,mid,15_30,Y,T,0,0.56932664,30.832921343815855
66.0,348.0220178,14.784722222222221,4,2,0,2,0,1,0,0,1,2,1,358.0,7.0,53.8668627,3,1,PET,LOWER VERTEX,LANG_09,Round-Trip,apple,Direct,Direct,Logged-Out,AREA_B,AREA_C,AREA_B_TO_AREA_C,BU,CA,61_120,very_high,15_30,Y,U,0,0.57234657,30.830514001068554
152.0,369.1380644,25.0,2,2,0,0,0,0,0,0,0,2,1,607.25,18.0,126.4547184,4,1,PET,UPPER APEX,LANG_09,Round-Trip,google,Paid Search,Organic Search,Logged-Out,AREA_C,AREA_B,AREA_C_TO_AREA_B,CA,BU,120_plus,very_high,15_30,Y,S,0,0.24379121,30.82854851445315
49.0,40.931346100000006,,1,1,0,0,0,0,0,1,0,1,0,4.0,22.0,40.024635,3,1,PET,UPPER APEX,LANG_02,One-Way,apple,Direct,Direct,Logged-In,AREA_B,AREA_C,AREA_B_TO_AREA_C,BO,CA,31_60,mid,unknown_or_oneway,Y,L,0,0.77019316,30.82670009169549
7.0,37.4779632,,1,1,0,0,0,0,0,1,1,1,0,4.833333333333333,16.0,40.024635,4,1,PET,UPPER APEX,LANG_02,One-Way,apple,Direct,Direct,Logged-In,AREA_B,AREA_C,AREA_B_TO_AREA_C,BO,CA,4_7,mid,unknown_or_oneway,Y,U,0,0.77019316,30.82670009169549
38.0,45.7677097,,1,1,0,0,0,0,0,1,0,1,0,4.0,13.0,40.024635,4,1,PET,UPPER APEX,LANG_02,One-Way,apple,Direct,Direct,Logged-In,AREA_B,AREA_C,AREA_B_TO_AREA_C,BO,CA,31_60,mid,unknown_or_oneway,Y,W,0,0.77019316,30.82670009169549
27.0,132.8667977,6.125,1,1,0,0,0,0,0,1,0,3,1,166.33333333333334,,77.7827064,5,1,PET,EAST ZENITH,LANG_02,Round-Trip,microsoft,Organic Search,Referrals,Logged-In,AREA_C,AREA_C,AREA_C_TO_AREA_C,CA,CA,15_30,very_high,6_8,Y,K,0,0.396051,30.805917845651578
13.0,35.5805942,,1,1,0,0,0,0,0,0,0,1,0,4.75,12.0,47.4761984,5,1,PET,CENTRAL APEX,LANG_02,One-Way,google,Paid Search,Paid Search,Logged-Out,AREA_C,AREA_C,AREA_C_TO_AREA_C,CA,CE,8_14,mid,unknown_or_oneway,Y,U,0,0.6486397,30.794946088183593
27.0,142.7596711,14.739583333333334,2,1,1,0,0,0,1,0,0,2,1,358.0833333333333,8.0,55.0862328,3,1,PET,LOWER VERTEX,LANG_09,Round-Trip,google,Paid Search,Paid Search,Logged-Out,AREA_B,AREA_C,AREA_B_TO_AREA_C,BU,CA,15_30,very_high,15_30,Y,O,0,0.55890214,30.787813640604114
47.0,284.7835228,84.36111111111111,1,1,0,0,0,0,0,1,0,2,1,2039.8333333333333,23.0,50.1762016,4,1,PET,UPPER VERTEX,LANG_10,Round-Trip,apple,Direct,Direct,Logged-In,AREA_C,AREA_B,AREA_C_TO_AREA_B,CA,BO,31_60,very_high,30_plus,P,A,0,0.61313295,30.764682689634704
9.0,45.8846356,,1,1,0,0,0,0,0,1,0,1,0,4.0,19.0,40.024635,4,1,PET,UPPER MERIDIAN,LANG_02,One-Way,apple,Direct,Direct,Logged-In,AREA_B,AREA_C,AREA_B_TO_AREA_C,BO,CA,8_14,mid,unknown_or_oneway,Y,W,0,0.7685456,30.760758225295547
12.0,46.8251824,,1,1,0,0,0,0,0,1,0,1,0,12.333333333333334,19.0,51.396,5,1,PET,WEST MERIDIAN,LANG_02,One-Way,apple,MetaSearches,MetaSearches,Logged-In,AREA_C,AREA_C,AREA_C_TO_AREA_C,CA,CE,8_14,mid,unknown_or_oneway,Y,U,0,0.59848106,30.75953251218796
146.0,226.0528853,33.770833333333336,2,2,0,0,0,0,0,0,0,2,1,814.0,13.0,53.8668627,1,1,PET,LOWER VERTEX,LANG_09,Round-Trip,apple,Direct,Direct,Logged-Out,AREA_B,AREA_C,AREA_B_TO_AREA_C,BU,CA,120_plus,very_high,30_plus,Y,W,0,0.57091874,30.753601318059737
35.0,47.6380958,,1,1,0,0,0,0,0,1,0,1,0,12.333333333333334,16.0,51.396,5,1,PET,UPPER APEX,LANG_09,One-Way,google,Paid Search,MetaSearches,Logged-In,AREA_C,AREA_C,AREA_C_TO_AREA_C,CA,CE,31_60,mid,unknown_or_oneway,Y,U,0,0.59836304,30.753466900348663
33.0,82.507712,,2,2,0,0,0,0,0,0,0,1,0,4.0,1.0,40.024635,4,1,PET,UPPER APEX,LANG_02,One-Way,google,Direct,Direct,Logged-Out,AREA_B,AREA_C,AREA_B_TO_AREA_C,BO,CA,31_60,high,unknown_or_oneway,Y,L,0,0.76823586,30.748359980670514
34.0,82.2575848,,2,2,0,0,0,0,0,0,0,1,0,4.0,19.0,40.024635,4,1,PET,UPPER APEX,LANG_02,One-Way,google,Direct,Direct,Logged-Out,AREA_B,AREA_C,AREA_B_TO_AREA_C,BO,CA,31_60,high,unknown_or_oneway,Y,L,0,0.76823586,30.748359980670514
0.0,131.6774086,18.791666666666668,1,1,0,0,0,0,0,0,0,2,1,455.3333333333333,4.0,80.9649754,3,1,PET,LOWER VERTEX,LANG_02,Round-Trip,google,Direct,MetaSearches,Logged-Out,AREA_B,AREA_C,AREA_B_TO_AREA_C,BU,CA,invalid_or_past,very_high,15_30,Y,S,1,0.37966558,30.73961461795003
71.0,100.7580033,8.489583333333334,3,3,0,0,0,0,0,0,0,3,1,207.08333333333334,21.0,58.42012,3,0,PET,UPPER APEX,LANG_09,Round-Trip,google,Direct,Direct,Logged-Out,AREA_B,AREA_B,AREA_B_TO_AREA_B,BE,BA,61_120,high,9_14,Y,W,0,0.52610946,30.735377612009046
19.0,22.524297,,1,1,0,0,0,0,0,0,0,1,0,4.5,22.0,51.396,5,1,PET,WEST MERIDIAN,LANG_02,One-Way,google,MetaSearches,MetaSearches,Logged-Out,AREA_C,AREA_B,AREA_C_TO_AREA_B,CA,BO,15_30,low,unknown_or_oneway,Y,O,0,0.5978645,30.72784428548813
1.0,87.2087328,,1,1,0,0,0,0,0,1,0,1,0,4.0,1.0,40.024635,4,1,PET,UPPER APEX,LANG_02,One-Way,apple,Direct,Direct,Logged-In,AREA_B,AREA_C,AREA_B_TO_AREA_C,BO,CA,0_3,high,unknown_or_oneway,Y,Q,0,0.76752883,30.720061351126137
166.0,797.0191870000001,14.0,5,2,1,2,0,1,1,0,0,2,1,343.25,22.0,126.4547184,4,1,PET,UPPER APEX,LANG_09,Round-Trip,apple,Display,Organic Search,Logged-Out,AREA_C,AREA_B,AREA_C_TO_AREA_B,CA,BU,120_plus,very_high,9_14,Y,V,0,0.24291621,30.717901118239617
7.0,46.3840334,,1,1,0,0,0,0,0,0,0,3,1,37.083333333333336,7.0,51.396,5,1,PET,UPPER APEX,LANG_09,One-Way,google,Direct,Direct,Logged-Out,AREA_C,AREA_C,AREA_C_TO_AREA_C,CA,CE,4_7,mid,unknown_or_oneway,Y,O,0,0.5973055,30.699112278699875
47.0,87.266125,,1,1,0,0,0,0,0,0,0,1,0,14.166666666666666,9.0,50.3676517,4,1,PET,LOWER VERTEX,LANG_02,One-Way,microsoft,Paid Search,Organic Search,Logged-Out,AREA_B,AREA_C,AREA_B_TO_AREA_C,BU,CA,31_60,high,unknown_or_oneway,Y,S,0,0.6093488,30.69146681045289
13.0,24.4884808,,1,1,0,0,0,0,0,0,0,1,0,4.75,14.0,47.4761984,5,1,PET,NEW HORIZON,LANG_02,One-Way,microsoft,Paid Search,Paid Search,Logged-Out,AREA_C,AREA_C,AREA_C_TO_AREA_C,CA,CE,8_14,low,unknown_or_oneway,Y,U,0,0.64638513,30.68790882976837
54.0,308.33317,30.319444444444443,2,2,0,0,0,0,0,1,0,2,1,743.8333333333334,23.0,50.1762016,5,1,PET,UPPER APEX,LANG_09,Round-Trip,apple,Direct,Direct,Logged-In,AREA_C,AREA_B,AREA_C_TO_AREA_B,CA,BO,31_60,very_high,30_plus,Y,K,0,0.6112765,30.671533267523575
59.0,31.358841100000003,,1,1,0,0,0,0,0,0,0,1,0,4.5,13.0,46.2564,5,1,PET,LOWER VERTEX,LANG_02,One-Way,google,Direct,Organic Search,Logged-Out,AREA_C,AREA_B,AREA_C_TO_AREA_B,CA,BO,31_60,low,unknown_or_oneway,Y,W,0,0.6630417,30.66992259392738
20.0,369.2862562,20.12152777777778,2,2,0,0,0,0,0,0,0,4,1,484.25,13.0,46.5527836,1,0,PET,UPPER HORIZON,LANG_02,Round-Trip,google,Paid Search,Paid Search,Logged-Out,AREA_C,AREA_B,AREA_C_TO_AREA_B,CI,BI,15_30,very_high,15_30,Y,Y,0,0.65879905,30.668929714742326
74.0,300.670883,,2,1,1,0,0,0,1,0,0,1,0,5.083333333333333,12.0,57.3922,5,1,PET,UPPER APEX,LANG_09,One-Way,google,Direct,Organic Search,Logged-Out,AREA_C,AREA_B,AREA_C_TO_AREA_B,CA,BU,61_120,very_high,unknown_or_oneway,Y,Y,0,0.53405994,30.6508749899745
4.0,209.802755,18.010416666666668,2,2,0,0,0,0,0,0,0,4,1,435.25,17.0,44.2082694,5,0,PET,OLD AURORA,LANG_02,Round-Trip,google,Paid Search,Paid Search,Logged-Out,AREA_B,AREA_B,AREA_B_TO_AREA_B,BO,BI,4_7,very_high,15_30,Y,V,0,0.6932566,30.647675269649646
3.0,171.1709516,10.222222222222221,1,1,0,0,0,0,0,0,0,2,1,260.0,10.0,63.9267731,5,1,PET,UPPER VERTEX,LANG_11,Round-Trip,apple,Direct,Direct,Logged-Out,AREA_C,AREA_B,AREA_C_TO_AREA_B,CA,BI,0_3,very_high,9_14,Y,K,0,0.47938332,30.645428701037122
9.0,68.7211633,,1,1,0,0,0,0,0,1,0,1,0,4.0,13.0,40.024635,3,1,PET,OLD HORIZON,LANG_02,One-Way,apple,Direct,Direct,Logged-In,AREA_B,AREA_C,AREA_B_TO_AREA_C,BO,CA,8_14,high,unknown_or_oneway,P,R,0,0.765485,30.63825727027327
14.0,45.35225870000001,,1,1,0,0,0,0,0,1,0,1,0,4.0,23.0,40.024635,4,1,PET,OLD HORIZON,LANG_02,One-Way,apple,Direct,Email,Logged-In,AREA_B,AREA_C,AREA_B_TO_AREA_C,BO,CA,8_14,mid,unknown_or_oneway,Y,W,0,0.765485,30.63825727027327
28.0,57.9181524,17.864583333333332,1,1,0,0,0,0,0,1,0,2,1,431.0,19.0,55.3380732,3,1,PET,CENTRAL APEX,LANG_09,Round-Trip,google,Paid Search,Organic Search,Logged-In,AREA_C,AREA_C,AREA_C_TO_AREA_C,CU,CA,15_30,high,15_30,Y,H,0,0.5535956,30.634913975027057
11.0,45.7818436,,1,1,0,0,0,0,0,0,0,1,0,4.0,18.0,40.024635,4,1,PET,UPPER APEX,LANG_02,One-Way,apple,Direct,Direct,Logged-Out,AREA_B,AREA_C,AREA_B_TO_AREA_C,BO,CA,8_14,mid,unknown_or_oneway,Y,W,0,0.76525414,30.629017631744745
40.0,41.0632625,,1,1,0,0,0,0,0,0,0,1,0,4.0,12.0,40.024635,4,1,PET,UPPER APEX,LANG_02,One-Way,apple,Direct,Direct,Logged-Out,AREA_B,AREA_C,AREA_B_TO_AREA_C,BO,CA,31_60,mid,unknown_or_oneway,Y,W,0,0.76525414,30.629017631744745
37.0,41.0367079,,1,1,0,0,0,0,0,0,0,1,0,4.0,10.0,40.024635,4,1,PET,UPPER APEX,LANG_02,One-Way,apple,Direct,Direct,Logged-Out,AREA_B,AREA_C,AREA_B_TO_AREA_C,BO,CA,31_60,mid,unknown_or_oneway,Y,L,0,0.76525414,30.629017631744745
2.0,308.02350909999996,,1,1,0,0,0,0,0,0,0,2,1,30.5,9.0,51.3236173,5,0,PET,LOWER VERTEX,LANG_02,One-Way,google,Direct,Direct,Logged-Out,AREA_B,AREA_B,AREA_B_TO_AREA_B,BI,BO,0_3,very_high,unknown_or_oneway,Y,Y,0,0.5967118,30.625408800835604
93.0,53.995781,14.256944444444445,1,1,0,0,0,0,0,1,0,2,1,344.3333333333333,21.0,59.8660608,2,1,PET,CENTRAL APEX,LANG_09,Round-Trip,apple,Direct,Direct,Logged-In,AREA_C,AREA_C,AREA_C_TO_AREA_C,CU,CA,61_120,mid,15_30,Y,T,0,0.5114985,30.621400948910523
104.0,364.166358,20.427083333333332,4,2,0,2,0,1,0,1,0,2,1,506.4166666666667,14.0,56.1073,5,1,PET,UPPER APEX,LANG_09,Round-Trip,apple,Direct,Direct,Logged-In,AREA_C,AREA_B,AREA_C_TO_AREA_B,CA,BO,61_120,very_high,15_30,Y,U,0,0.54570556,30.618065390944484
73.0,35.3296104,,1,1,0,0,0,0,0,0,0,1,0,4.833333333333333,9.0,47.4761984,5,1,PET,NEW HORIZON,LANG_02,One-Way,google,Paid Search,Paid Search,Logged-Out,AREA_C,AREA_C,AREA_C_TO_AREA_C,CA,CE,61_120,mid,unknown_or_oneway,Y,U,0,0.64472646,30.609161101356506
41.0,41.184899699999995,,1,1,0,0,0,0,0,0,0,1,0,12.333333333333334,19.0,51.396,5,1,PET,UPPER APEX,LANG_09,One-Way,google,Paid Search,MetaSearches,Logged-Out,AREA_C,AREA_C,AREA_C_TO_AREA_C,CA,CE,31_60,mid,unknown_or_oneway,Y,O,0,0.5955386,30.60830271720886
10.0,144.4852918,7.34375,1,1,0,0,0,0,0,0,0,2,1,190.75,14.0,91.3345467,3,1,PET,UPPER APEX,LANG_09,Round-Trip,google,Paid Search,Paid Search,Logged-Out,AREA_C,AREA_B,AREA_C_TO_AREA_B,CA,BI,8_14,very_high,6_8,Y,V,0,0.33504725,30.601388247500182
5.0,294.15344189999996,,1,1,0,0,0,0,0,1,0,1,0,14.166666666666666,11.0,50.3676517,4,1,PET,LOWER VERTEX,LANG_02,One-Way,google,Direct,Direct,Logged-In,AREA_B,AREA_C,AREA_B_TO_AREA_C,BU,CA,4_7,very_high,unknown_or_oneway,Y,B,0,0.60736495,30.59154638554264
19.0,87.55608409999999,,1,1,0,0,0,0,0,1,1,1,0,14.5,13.0,48.8262,4,1,PET,UPPER APEX,LANG_09,One-Way,google,Referrals,Paid Search,Logged-In,AREA_B,AREA_C,AREA_B_TO_AREA_C,BU,CA,15_30,high,unknown_or_oneway,Y,S,0,0.62647414,30.5883517557621
23.0,180.0466125,,2,2,0,0,0,0,0,1,0,1,0,16.333333333333332,21.0,40.140276,3,0,PET,NEW HORIZON,LANG_02,One-Way,apple,Direct,Direct,Logged-In,AREA_B,AREA_B,AREA_B_TO_AREA_B,BU,BE,15_30,very_high,unknown_or_oneway,P,J,0,0.7619662,30.585534714071272
61.0,34.5402535,21.774305555555557,1,1,0,0,0,0,0,1,0,2,1,525.0,15.0,55.2061568,5,1,PET,NORTH HORIZON,LANG_02,Round-Trip,apple,Direct,Direct,Logged-In,AREA_C,AREA_C,AREA_C_TO_AREA_C,CA,CE,61_120,mid,15_30,Y,U,0,0.5539674,30.582412045601654
85.0,56.8512571,15.875,1,1,0,0,0,0,0,0,0,2,1,383.1666666666667,11.0,59.8660608,3,1,PET,CENTRAL APEX,LANG_09,Round-Trip,google,Email,MetaSearches,Logged-Out,AREA_C,AREA_C,AREA_C_TO_AREA_C,CU,CA,61_120,high,15_30,Y,K,0,0.5107026,30.57375350192871
187.0,326.2562401,38.645833333333336,2,2,0,0,0,0,0,1,0,2,1,930.6666666666666,13.0,52.9704308,1,1,PET,NORTH MERIDIAN,LANG_02,Round-Trip,google,Direct,Direct,Logged-In,AREA_B,AREA_C,AREA_B_TO_AREA_C,BI,CA,120_plus,very_high,30_plus,Y,O,0,0.577026,30.56531630917859
14.0,54.1276974,,1,1,0,0,0,0,0,0,0,1,0,4.0,16.0,40.024635,3,1,PET,OLD HORIZON,LANG_02,One-Way,apple,Direct,Direct,Logged-Out,AREA_B,AREA_C,AREA_B_TO_AREA_C,BO,CA,8_14,high,unknown_or_oneway,Y,V,0,0.7631221,30.543682782747748
33.0,47.646233499999994,,1,1,0,0,0,0,0,0,0,1,0,4.0,6.0,40.024635,4,1,PET,OLD HORIZON,LANG_02,One-Way,apple,Direct,Direct,Logged-Out,AREA_B,AREA_C,AREA_B_TO_AREA_C,BO,CA,31_60,mid,unknown_or_oneway,Y,V,0,0.7631221,30.543682782747748
0.0,60.5033712,23.01388888888889,2,2,0,0,0,0,0,1,0,2,1,554.5833333333334,15.0,52.4401954,4,1,PET,UPPER APEX,LANG_09,Round-Trip,apple,Direct,Direct,Logged-In,AREA_B,AREA_C,AREA_B_TO_AREA_C,BE,CA,invalid_or_past,high,15_30,Y,V,0,0.58223,30.532253493421628
19.0,198.405692,7.253472222222222,2,2,0,0,0,0,0,0,0,2,1,180.75,11.0,54.8403886,3,1,PET,UPPER APEX,LANG_09,Round-Trip,apple,Paid Search,Email,Logged-Out,AREA_C,AREA_B,AREA_C_TO_AREA_B,CA,BE,15_30,very_high,6_8,C,Z,0,0.5567283,30.53119650485507
26.0,73.3360958,,1,1,0,0,0,0,0,1,0,1,0,14.166666666666666,11.0,50.3676517,4,1,PET,UPPER APEX,LANG_09,One-Way,google,Organic Search,MetaSearches,Logged-In,AREA_B,AREA_C,AREA_B_TO_AREA_C,BU,CA,15_30,high,unknown_or_oneway,Y,S,0,0.6061568,30.530695888516952
36.0,8.1496924,,1,1,0,0,0,0,0,0,0,1,0,3.5,11.0,51.323189,4,1,PET,SOUTH HORIZON,LANG_02,One-Way,apple,MetaSearches,MetaSearches,Logged-Out,AREA_C,AREA_C,AREA_C_TO_AREA_C,CA,CA,31_60,very_low,unknown_or_oneway,Y,L,0,0.5948681,30.53052913407439
4.0,37.3636071,,1,1,0,0,0,0,0,1,0,1,0,4.833333333333333,21.0,40.024635,4,1,PET,OLD HORIZON,LANG_02,One-Way,apple,Direct,Direct,Logged-In,AREA_B,AREA_C,AREA_B_TO_AREA_C,BO,CA,4_7,mid,unknown_or_oneway,Y,U,0,0.7627828,30.530103639317755
1.0,120.0345014,,1,1,0,0,0,0,0,0,0,1,0,14.166666666666666,8.0,50.3676517,4,1,PET,LOWER VERTEX,LANG_02,One-Way,google,Direct,Direct,Logged-Out,AREA_B,AREA_C,AREA_B_TO_AREA_C,BU,CA,0_3,very_high,unknown_or_oneway,Y,K,0,0.60612535,30.529110755435422
55.0,39.2866741,,1,1,0,0,0,0,0,1,0,1,0,6.666666666666667,22.0,46.551927,3,1,PET,GREAT AURORA,LANG_10,One-Way,google,Organic Search,Referrals,Logged-In,AREA_B,AREA_C,AREA_B_TO_AREA_C,BE,CA,31_60,mid,unknown_or_oneway,Y,W,0,0.6555787,30.518450522941052
23.0,14.6825523,,1,1,0,0,0,0,0,1,1,1,0,2.6666666666666665,12.0,42.87283,4,1,PET,UPPER MERIDIAN,LANG_02,One-Way,apple,Direct,Direct,Logged-In,AREA_B,AREA_C,AREA_B_TO_AREA_C,BO,CA,15_30,very_low,unknown_or_oneway,Y,W,0,0.71177787,30.515931441922785
50.0,686.1914224,6.010416666666667,4,3,1,0,0,0,1,1,0,2,1,150.91666666666666,12.0,126.4547184,5,1,PET,UPPER APEX,LANG_09,Round-Trip,google,Paid Search,Paid Search,Logged-In,AREA_C,AREA_B,AREA_C_TO_AREA_B,CA,BU,31_60,very_high,6_8,Y,V,0,0.24112052,30.4908271098012
43.0,135.2310137,,1,1,0,0,0,0,0,0,0,1,0,4.0,23.0,40.024635,4,1,PET,NORTH MERIDIAN,LANG_02,One-Way,apple,Paid Search,Paid Search,Logged-Out,AREA_B,AREA_C,AREA_B_TO_AREA_C,BO,CA,31_60,very_high,unknown_or_oneway,Y,E,0,0.76171577,30.48739565869868
123.0,37.446269,,1,1,0,0,0,0,0,0,0,1,0,5.083333333333333,21.0,56.19296,4,1,PET,SOUTH MERIDIAN,LANG_02,One-Way,google,Paid Search,MetaSearches,Logged-Out,AREA_C,AREA_B,AREA_C_TO_AREA_B,CA,BE,120_plus,mid,unknown_or_oneway,C,D,0,0.54219085,30.467308734111786
52.0,170.9358149,,1,1,0,0,0,0,0,0,0,1,0,4.666666666666667,20.0,40.024635,1,1,PET,OLD HORIZON,LANG_02,One-Way,apple,MetaSearches,MetaSearches,Logged-Out,AREA_B,AREA_C,AREA_B_TO_AREA_C,BO,CA,31_60,very_high,unknown_or_oneway,P,A,0,0.76110107,30.462792407434883
33.0,440.7840884,15.78125,4,2,0,1,1,1,0,0,0,4,1,382.0833333333333,20.0,50.059704,3,0,PET,UPPER APEX,LANG_09,Round-Trip,apple,Direct,Direct,Logged-Out,AREA_B,AREA_B,AREA_B_TO_AREA_B,BU,BE,31_60,very_high,15_30,Y,U,0,0.60849684,30.46117193404627
200.0,266.7503796,15.0,2,2,0,0,0,0,0,0,0,2,1,367.25,13.0,126.4547184,4,1,PET,UPPER APEX,LANG_09,Round-Trip,apple,Direct,Direct,Logged-Out,AREA_C,AREA_B,AREA_C_TO_AREA_B,CA,BU,120_plus,very_high,15_30,Y,L,0,0.2408451,30.455999183639502
57.0,196.4946174,23.5625,2,2,0,0,0,0,0,1,0,2,1,574.5833333333334,23.0,53.3935912,2,1,PET,UPPER APEX,LANG_09,Round-Trip,google,Direct,Organic Search,Logged-In,AREA_C,AREA_C,AREA_C_TO_AREA_C,CE,CA,31_60,very_high,15_30,Y,O,0,0.57004255,30.43661891140952
44.0,120.6084234,13.065972222222221,1,1,0,0,0,0,0,1,0,2,1,318.5833333333333,19.0,71.9544,2,1,PET,UPPER APEX,LANG_09,Round-Trip,samsung,Direct,Direct,Logged-In,AREA_C,AREA_C,AREA_C_TO_AREA_C,CA,CA,31_60,very_high,9_14,Y,L,0,0.4229745,30.434876152682307
18.0,63.8788035,,1,1,0,0,0,0,0,0,0,1,0,4.0,18.0,40.024635,4,1,PET,UPPER APEX,LANG_09,One-Way,apple,Paid Search,Paid Search,Logged-Out,AREA_B,AREA_C,AREA_B_TO_AREA_C,BO,CA,15_30,high,unknown_or_oneway,Y,V,0,0.76008356,30.422066905415658
5.0,102.83483,51.02430555555556,1,1,0,0,0,0,0,1,1,4,1,1227.3333333333333,11.0,42.2350913,3,0,PET,NEW MERIDIAN,LANG_02,Round-Trip,apple,Direct,Direct,Logged-In,AREA_C,AREA_B,AREA_C_TO_AREA_B,CI,BO,4_7,very_high,30_plus,Y,S,0,0.72027403,30.42083946715718
63.0,132.8449544,13.684027777777779,1,1,0,0,0,0,0,1,0,2,1,333.75,19.0,76.2374,3,0,PET,UPPER APEX,LANG_02,Round-Trip,google,MetaSearches,Paid Search,Logged-In,AREA_B,AREA_C,AREA_B_TO_AREA_C,BE,CA,61_120,very_high,9_14,Y,L,0,0.398954,30.415215988308187
15.0,81.9641993,,2,2,0,0,0,0,0,0,0,1,0,4.0,16.0,40.024635,4,1,PET,OLD HORIZON,LANG_02,One-Way,google,Paid Search,Paid Search,Logged-Out,AREA_B,AREA_C,AREA_B_TO_AREA_C,BO,CA,15_30,high,unknown_or_oneway,Y,L,0,0.75940686,30.394982573834362
23.0,45.4563356,,1,1,0,0,0,0,0,0,0,1,0,4.0,15.0,40.024635,4,1,PET,UPPER APEX,LANG_09,One-Way,apple,Direct,Direct,Logged-Out,AREA_B,AREA_C,AREA_B_TO_AREA_C,BO,CA,15_30,mid,unknown_or_oneway,Y,W,0,0.7593038,30.390857777806524
28.0,105.6718892,77.64236111111111,1,1,0,0,0,0,0,0,0,2,1,1866.6666666666667,14.0,52.9704308,4,1,PET,NORTH MERIDIAN,LANG_02,Round-Trip,apple,Direct,Paid Search,Logged-Out,AREA_B,AREA_C,AREA_B_TO_AREA_C,BI,CA,15_30,very_high,30_plus,Y,O,0,0.5730063,30.352389095679523
106.0,334.647922,11.010416666666666,2,2,0,0,0,0,0,1,1,2,1,270.9166666666667,19.0,126.4547184,3,1,PET,UPPER APEX,LANG_09,Round-Trip,google,Paid Search,Paid Search,Logged-In,AREA_C,AREA_B,AREA_C_TO_AREA_B,CA,BU,61_120,very_high,9_14,Y,L,0,0.2399547,30.343403398330523
178.0,219.3358564,16.34375,2,2,0,0,0,0,0,0,0,2,1,406.8333333333333,18.0,90.2783589,2,1,PET,UPPER APEX,LANG_09,Round-Trip,google,Paid Search,Paid Search,Logged-Out,AREA_C,AREA_B,AREA_C_TO_AREA_B,CA,BI,120_plus,very_high,15_30,Y,L,0,0.3360363,30.33680521623678
19.0,58.78888630000001,0.9895833333333334,1,1,0,0,0,0,0,0,0,3,1,26.25,12.0,76.6579906,4,0,PET,LOWER VERTEX,LANG_02,Round-Trip,microsoft,Direct,Direct,Logged-Out,AREA_B,AREA_B,AREA_B_TO_AREA_B,BA,BE,15_30,high,1_2,Y,T,0,0.39568436,30.33236806120093
103.0,46.4786877,,1,1,0,0,0,0,0,0,0,1,0,12.333333333333334,19.0,51.396,5,1,PET,UPPER APEX,LANG_09,One-Way,google,Paid Search,Paid Search,Logged-Out,AREA_C,AREA_C,AREA_C_TO_AREA_C,CA,CE,61_120,mid,unknown_or_oneway,Y,O,0,0.5901539,30.331548454999925
17.0,126.6907117,9.319444444444445,1,1,0,0,0,0,0,0,0,2,1,239.83333333333334,20.0,56.1073,5,1,PET,UPPER APEX,LANG_09,Round-Trip,apple,Direct,Direct,Logged-Out,AREA_C,AREA_B,AREA_C_TO_AREA_B,CA,BO,15_30,very_high,9_14,Y,O,0,0.5405752,30.33021527130008
3.0,91.1739342,,1,1,0,0,0,0,0,1,0,1,0,15.083333333333334,11.0,49.9993137,3,0,PET,LOWER VERTEX,LANG_02,One-Way,google,Paid Search,Paid Search,Logged-In,AREA_B,AREA_B,AREA_B_TO_AREA_B,BU,BE,0_3,high,unknown_or_oneway,Y,S,0,0.60659665,30.329416127374238
315.0,222.0555614,,1,0,1,0,0,0,1,1,0,2,1,326.75,10.0,76.2374,2,1,PET,UPPER APEX,LANG_09,Multi-City,apple,Direct,Organic Search,Logged-In,AREA_C,AREA_C,AREA_C_TO_AREA_C,CA,CA,120_plus,very_high,unknown_or_oneway,Y,W,0,0.39779073,30.3265309992671
32.0,50.0322928,,1,1,0,0,0,0,0,1,1,1,0,14.166666666666666,22.0,50.3676517,4,1,PET,LOWER VERTEX,LANG_02,One-Way,google,Email,Email,Logged-In,AREA_B,AREA_C,AREA_B_TO_AREA_C,BU,CA,31_60,mid,unknown_or_oneway,Y,W,0,0.60200036,30.321344240207257
29.0,22.423218199999997,,2,2,0,0,0,0,0,1,0,1,0,3.0,21.0,37.767494,4,1,PET,UPPER APEX,LANG_09,One-Way,apple,Direct,Direct,Logged-In,AREA_C,AREA_C,AREA_C_TO_AREA_C,CI,CA,15_30,low,unknown_or_oneway,Y,U,0,0.80276805,30.31853757311237
7.0,100.30828830000002,18.76388888888889,1,1,0,0,0,0,0,0,0,2,1,454.0,13.0,52.9704308,1,1,PET,NORTH MERIDIAN,LANG_09,Round-Trip,apple,Organic Search,Organic Search,Logged-Out,AREA_B,AREA_C,AREA_B_TO_AREA_C,BI,CA,4_7,high,15_30,Y,U,0,0.5723334,30.31674651986115
119.0,479.5726496,11.027777777777779,2,2,0,0,0,0,0,0,0,2,1,271.9166666666667,18.0,126.4547184,3,1,PET,UPPER APEX,LANG_09,Round-Trip,google,Direct,Direct,Logged-Out,AREA_C,AREA_B,AREA_C_TO_AREA_B,CA,BU,61_120,very_high,9_14,Y,T,0,0.23969418,30.31045979431143
41.0,78.031977,,2,2,0,0,0,0,0,0,0,1,0,3.4166666666666665,19.0,40.9998741,5,1,PET,UPPER APEX,LANG_09,One-Way,mozilla,Paid Search,Paid Search,Logged-Out,AREA_C,AREA_B,AREA_C_TO_AREA_B,CA,BO,31_60,high,unknown_or_oneway,Y,K,0,0.7389613,30.297319419856866
37.0,73.5797985,,2,2,0,0,0,0,0,0,0,2,1,4.416666666666667,13.0,37.7113867,5,0,PET,UPPER MERIDIAN,LANG_02,One-Way,apple,Paid Search,Paid Search,Logged-Out,AREA_C,AREA_C,AREA_C_TO_AREA_C,CU,CU,31_60,high,unknown_or_oneway,Y,S,0,0.80293447,30.279772209682076
38.0,113.5444715,81.21875,1,1,0,0,0,0,0,0,0,2,1,1965.1666666666667,10.0,80.2094542,3,1,PET,UPPER APEX,LANG_02,Round-Trip,apple,Direct,Direct,Logged-Out,AREA_C,AREA_B,AREA_C_TO_AREA_B,CA,BU,31_60,very_high,30_plus,Y,O,0,0.37737927,30.269385145386675
36.0,45.8576527,,1,1,0,0,0,0,0,0,0,1,0,4.0,8.0,40.024635,4,1,PET,UPPER APEX,LANG_09,One-Way,apple,Email,Email,Logged-Out,AREA_B,AREA_C,AREA_B_TO_AREA_C,BO,CA,31_60,mid,unknown_or_oneway,Y,T,0,0.7561381,30.26415091451526
1.0,69.28266459999999,,2,2,0,0,0,0,0,1,0,1,0,2.75,20.0,36.5279938,4,1,PET,UPPER VERTEX,LANG_11,One-Way,apple,Direct,Direct,Logged-In,AREA_C,AREA_C,AREA_C_TO_AREA_C,CA,CI,0_3,high,unknown_or_oneway,Y,K,0,0.8281561,30.250881383910485
5.0,64.519112,22.774305555555557,1,1,0,0,0,0,0,1,0,2,1,551.0833333333334,13.0,50.4614494,3,1,PET,NORTH HORIZON,LANG_02,Round-Trip,samsung,Direct,Direct,Logged-In,AREA_B,AREA_C,AREA_B_TO_AREA_C,BO,CA,4_7,high,15_30,Y,E,0,0.5993396,30.243545119723677
100.0,72.0203582,,1,1,0,0,0,0,0,0,0,2,1,-314.75,18.0,100.7353034,3,1,PET,LOWER VERTEX,LANG_02,Round-Trip,google,Direct,Direct,Logged-Out,AREA_B,AREA_C,AREA_B_TO_AREA_C,BU,CA,61_120,high,unknown_or_oneway,Y,U,0,0.30022195,30.242949202029166
31.0,18.9419958,42.77430555555556,1,1,0,0,0,0,0,1,0,2,1,1030.0,21.0,48.3979,1,1,PET,LOWER APEX,LANG_02,Round-Trip,google,Paid Search,Paid Search,Logged-In,AREA_B,AREA_C,AREA_B_TO_AREA_C,BO,CA,31_60,very_low,30_plus,Y,O,0,0.6248196,30.239955393117665
17.0,80.40475900000001,,1,1,0,0,0,0,0,1,1,2,1,11.166666666666666,21.0,37.51908,5,0,PET,NORTH ZENITH,LANG_06,One-Way,apple,Direct,Direct,Logged-In,AREA_C,AREA_B,AREA_C_TO_AREA_B,CE,BA,15_30,high,unknown_or_oneway,Y,S,0,0.805719,30.229836293206215
93.0,116.2684595,13.78125,1,1,0,0,0,0,0,0,0,2,1,334.0833333333333,10.0,80.9649754,3,1,PET,LOWER VERTEX,LANG_02,Round-Trip,google,Paid Search,Paid Search,Logged-Out,AREA_B,AREA_C,AREA_B_TO_AREA_C,BU,CA,61_120,very_high,9_14,Y,U,0,0.37293047,30.194306096990047
44.0,164.9828732,69.31944444444444,1,1,0,0,0,0,0,1,0,2,1,1679.8333333333333,16.0,56.1073,5,1,PET,UPPER VERTEX,LANG_10,Round-Trip,google,Direct,Direct,Logged-In,AREA_C,AREA_B,AREA_C_TO_AREA_B,CA,BO,31_60,very_high,30_plus,Y,S,0,0.5381491,30.194094032120706
35.0,30.5125203,26.11111111111111,1,1,0,0,0,0,0,0,0,2,1,628.5,14.0,53.640292,3,1,PET,WEST APEX,LANG_02,Round-Trip,microsoft,Direct,Referrals,Logged-Out,AREA_C,AREA_B,AREA_C_TO_AREA_B,CA,BA,31_60,low,15_30,Y,L,0,0.56252337,30.173917556535724
58.0,229.8720364,14.784722222222221,2,2,0,0,0,0,0,1,0,2,1,358.0,9.0,53.8668627,3,1,PET,LOWER VERTEX,LANG_02,Round-Trip,apple,Direct,Direct,Logged-In,AREA_B,AREA_C,AREA_B_TO_AREA_C,BU,CA,31_60,very_high,15_30,Y,U,0,0.5600833,30.169931820301134
37.0,104.2657803,40.701388888888886,1,1,0,0,0,0,0,0,0,2,1,982.0833333333334,,49.5495987,1,1,PET,LOWER VERTEX,LANG_02,Round-Trip,apple,Paid Search,Paid Search,Logged-Out,AREA_B,AREA_C,AREA_B_TO_AREA_C,BO,CA,31_60,very_high,30_plus,Y,W,0,0.60884887,30.168217167566674
53.0,198.4146863,,2,2,0,0,0,0,0,0,0,1,0,16.083333333333332,13.0,40.140276,4,0,PET,UPPER VERTEX,LANG_11,One-Way,apple,Paid Search,Paid Search,Logged-Out,AREA_B,AREA_B,AREA_B_TO_AREA_B,BU,BE,31_60,very_high,unknown_or_oneway,Y,V,0,0.75127363,30.156330941991808
53.0,23.4477118,42.72222222222222,1,1,0,0,0,0,0,0,0,2,1,1027.1666666666667,21.0,53.640292,3,1,PET,UPPER MERIDIAN,LANG_09,Round-Trip,mozilla,Paid Search,Paid Search,Logged-Out,AREA_C,AREA_B,AREA_C_TO_AREA_B,CA,BA,31_60,low,30_plus,Y,O,0,0.5621093,30.15170653484273
22.0,360.7429561,16.71875,4,2,0,2,0,1,0,0,0,2,1,404.75,21.0,53.8668627,1,1,PET,LOWER VERTEX,LANG_02,Round-Trip,apple,Direct,Direct,Logged-Out,AREA_B,AREA_C,AREA_B_TO_AREA_C,BU,CA,15_30,very_high,15_30,Y,L,0,0.55926394,30.125794118221307
121.0,46.3754674,,1,1,0,0,0,0,0,0,0,1,0,12.333333333333334,16.0,51.396,5,1,PET,UPPER APEX,LANG_02,One-Way,google,Paid Search,Paid Search,Logged-Out,AREA_C,AREA_C,AREA_C_TO_AREA_C,CA,CE,120_plus,mid,unknown_or_oneway,Y,O,0,0.58604276,30.1202537856102
68.0,89.8038025,,2,2,0,0,0,0,0,0,0,2,1,7.916666666666667,21.0,39.797636,5,0,PET,WEST AURORA,LANG_02,One-Way,google,Paid Search,Paid Search,Logged-Out,AREA_C,AREA_B,AREA_C_TO_AREA_B,CU,BA,61_120,high,unknown_or_oneway,Y,T,0,0.75678825,30.118383453178403
17.0,118.6917809,,3,2,0,1,0,1,0,1,0,1,0,4.083333333333333,17.0,38.1187,4,1,PET,UPPER APEX,LANG_02,One-Way,apple,Direct,Direct,Logged-In,AREA_C,AREA_C,AREA_C_TO_AREA_C,CE,CA,15_30,very_high,unknown_or_oneway,Y,L,0,0.7901156,30.118179325938222
41.0,154.17686419999998,24.5625,2,1,1,0,0,0,1,0,0,2,1,598.5833333333334,8.0,53.3935912,2,1,PET,UPPER APEX,LANG_09,Round-Trip,microsoft,Paid Search,Paid Search,Logged-Out,AREA_C,AREA_C,AREA_C_TO_AREA_C,CE,CA,31_60,very_high,15_30,Y,O,0,0.5640784,30.118170992359403
4.0,253.7574708,64.04166666666667,3,2,0,0,1,1,0,1,0,4,1,1539.75,21.0,42.2350913,3,0,PET,NEW MERIDIAN,LANG_02,Round-Trip,apple,Direct,Direct,Logged-In,AREA_C,AREA_B,AREA_C_TO_AREA_B,CI,BO,4_7,very_high,30_plus,Y,V,0,0.7127958,30.1049954382752
38.0,22.832673,14.506944444444445,1,1,0,0,0,0,0,0,0,2,1,349.75,16.0,55.5342346,3,1,PET,UPPER APEX,LANG_02,Round-Trip,apple,Paid Search,Paid Search,Logged-Out,AREA_B,AREA_C,AREA_B_TO_AREA_C,BA,CA,31_60,low,15_30,Y,T,0,0.54205555,30.102639926512943
131.0,804.9572992,,4,2,2,0,0,0,1,0,0,2,1,-193.75,13.0,126.4547184,3,1,PET,UPPER APEX,LANG_09,Round-Trip,google,Paid Search,Paid Search,Logged-Out,AREA_C,AREA_B,AREA_C_TO_AREA_B,CA,BU,120_plus,very_high,unknown_or_oneway,Y,T,0,0.23785475,30.077855300384474
10.0,69.5267956,,1,1,0,0,0,0,0,0,0,1,0,14.5,11.0,48.8262,4,1,PET,LOWER VERTEX,LANG_09,One-Way,google,Paid Search,Paid Search,Logged-Out,AREA_B,AREA_C,AREA_B_TO_AREA_C,BU,CA,8_14,high,unknown_or_oneway,Y,L,0,0.61601776,30.07780629698038
140.0,41.2971143,,1,1,0,0,0,0,0,1,1,1,0,12.333333333333334,16.0,51.396,5,1,PET,UPPER APEX,LANG_09,One-Way,apple,Email,Email,Logged-In,AREA_C,AREA_C,AREA_C_TO_AREA_C,CA,CE,120_plus,mid,unknown_or_oneway,Y,O,0,0.5851904,30.076446588993072
4.0,77.535149,,1,1,0,0,0,0,0,0,0,1,0,4.0,19.0,40.024635,4,1,PET,UPPER APEX,LANG_09,One-Way,apple,Paid Search,Paid Search,Logged-Out,AREA_B,AREA_C,AREA_B_TO_AREA_C,BO,CA,4_7,high,unknown_or_oneway,Y,T,0,0.7514423,30.07620430915654
78.0,40.8816633,,1,1,0,0,0,0,0,1,0,1,0,4.0,15.0,40.024635,4,1,PET,UPPER APEX,LANG_02,One-Way,apple,Direct,Direct,Logged-In,AREA_B,AREA_C,AREA_B_TO_AREA_C,BO,CA,61_120,mid,unknown_or_oneway,Y,L,0,0.7508808,30.053729061395828
153.0,234.952531,27.302083333333332,2,2,0,0,0,0,0,0,0,2,1,671.5,15.0,57.0898202,5,1,PET,UPPER APEX,LANG_09,Round-Trip,google,Email,Display,Logged-Out,AREA_C,AREA_B,AREA_C_TO_AREA_B,CA,BO,120_plus,very_high,15_30,Y,O,0,0.5263994,30.052045615519475
88.0,160.48401,133.22222222222223,1,1,0,0,0,0,0,0,0,2,1,3211.9166666666665,13.0,63.9267731,3,1,PET,NORTH MERIDIAN,LANG_02,Round-Trip,apple,Direct,Direct,Logged-Out,AREA_C,AREA_B,AREA_C_TO_AREA_B,CA,BI,61_120,very_high,30_plus,Y,S,0,0.46994308,30.041944413158188
7.0,26.3772838,1.78125,1,1,0,0,0,0,0,0,0,4,1,47.0,9.0,58.42012,5,0,PET,UPPER APEX,LANG_09,Round-Trip,apple,Direct,Direct,Logged-Out,AREA_C,AREA_C,AREA_C_TO_AREA_C,CI,CE,4_7,low,1_2,Y,L,0,0.51414025,30.036135002436637
65.0,116.3142876,12.239583333333334,3,2,0,1,0,1,0,1,0,2,1,300.4166666666667,23.0,54.8403886,3,1,PET,UPPER APEX,LANG_09,Round-Trip,google,Paid Search,Paid Search,Logged-In,AREA_C,AREA_B,AREA_C_TO_AREA_B,CA,BE,61_120,very_high,9_14,Y,O,0,0.5474658,30.02323728515787
8.0,132.09243130000002,46.84722222222222,1,1,0,0,0,0,0,0,0,4,1,1127.4166666666667,10.0,44.2082694,5,0,PET,NORTH MERIDIAN,LANG_02,Round-Trip,apple,Paid Search,Paid Search,Logged-Out,AREA_B,AREA_B,AREA_B_TO_AREA_B,BO,BI,8_14,very_high,30_plus,Y,T,0,0.6790448,30.019394706629598
1.0,82.2096152,,2,2,0,0,0,0,0,1,0,1,0,2.75,21.0,36.5279938,5,1,PET,UPPER APEX,LANG_09,One-Way,apple,Direct,Direct,Logged-In,AREA_C,AREA_C,AREA_C_TO_AREA_C,CA,CI,0_3,high,unknown_or_oneway,Y,H,0,0.821811,30.019107857004034
2.0,69.3606152,,2,2,0,0,0,0,0,1,0,1,0,2.75,22.0,36.5279938,5,1,PET,UPPER APEX,LANG_09,One-Way,apple,Direct,Direct,Logged-In,AREA_C,AREA_C,AREA_C_TO_AREA_C,CA,CI,0_3,high,unknown_or_oneway,Y,K,0,0.821811,30.019107857004034
65.0,179.83845870000002,10.958333333333334,1,1,0,0,0,0,0,0,0,2,1,268.9166666666667,20.0,71.9544,2,1,PET,UPPER APEX,LANG_09,Round-Trip,google,Direct,Paid Search,Logged-Out,AREA_C,AREA_C,AREA_C_TO_AREA_C,CA,CA,61_120,very_high,9_14,Y,L,0,0.41711566,30.013306939530377
6.0,115.2666658,62.041666666666664,1,1,0,0,0,0,0,1,0,4,1,1491.6666666666667,20.0,42.2350913,2,0,PET,NEW MERIDIAN,LANG_02,Round-Trip,apple,Direct,Direct,Logged-In,AREA_C,AREA_B,AREA_C_TO_AREA_B,CI,BO,4_7,very_high,30_plus,Y,V,0,0.7105894,30.011808560628033
55.0,99.3296228,,2,2,0,0,0,0,0,1,0,1,0,4.083333333333333,16.0,38.1187,4,1,PET,UPPER APEX,LANG_02,One-Way,apple,Direct,Direct,Logged-In,AREA_C,AREA_C,AREA_C_TO_AREA_C,CE,CA,31_60,high,unknown_or_oneway,Y,W,1,0.7872415,30.008623271149393
18.0,333.1878473,196.66666666666666,2,2,0,0,0,0,0,1,0,4,1,4725.666666666667,20.0,42.8989563,1,0,PET,NORTH MERIDIAN,LANG_02,Round-Trip,apple,Direct,Direct,Logged-In,AREA_C,AREA_B,AREA_C_TO_AREA_B,CE,BI,15_30,very_high,30_plus,Y,Y,0,0.6993202,30.000106575332275
100.0,167.4370322,15.010416666666666,1,1,0,0,0,0,0,0,0,2,1,366.9166666666667,23.0,126.4547184,3,1,PET,UPPER APEX,LANG_09,Round-Trip,google,Paid Search,Paid Search,Logged-Out,AREA_C,AREA_B,AREA_C_TO_AREA_B,CA,BU,61_120,very_high,15_30,Y,L,0,0.23702128,29.97245950998237
40.0,120.2979059,13.23611111111111,1,1,0,0,0,0,0,0,0,2,1,332.0833333333333,14.0,82.2224642,3,1,PET,NORTH MERIDIAN,LANG_02,Round-Trip,google,MetaSearches,MetaSearches,Logged-Out,AREA_C,AREA_B,AREA_C_TO_AREA_B,CA,BI,31_60,very_high,9_14,Y,L,0,0.36450225,29.97027329585425
209.0,510.6565221,13.958333333333334,3,3,0,0,0,0,0,0,0,2,1,340.9166666666667,18.0,71.9544,2,1,PET,UPPER APEX,LANG_09,Round-Trip,apple,Direct,Direct,Logged-Out,AREA_C,AREA_C,AREA_C_TO_AREA_C,CA,CA,120_plus,very_high,9_14,Y,W,0,0.41647273,29.967045620870593
178.0,386.2700644,14.0,2,2,0,0,0,0,0,0,0,2,1,343.25,12.0,126.4547184,3,1,PET,UPPER APEX,LANG_09,Round-Trip,apple,Direct,MetaSearches,Logged-Out,AREA_C,AREA_B,AREA_C_TO_AREA_B,CA,BU,120_plus,very_high,9_14,Y,V,0,0.23684199,29.949787345962598
99.0,132.0444617,16.211805555555557,1,1,0,0,0,0,0,1,0,2,1,405.25,21.0,56.1073,5,1,PET,UPPER APEX,LANG_09,Round-Trip,apple,Direct,Direct,Logged-In,AREA_C,AREA_B,AREA_C_TO_AREA_B,CA,BO,61_120,very_high,15_30,Y,L,0,0.5337546,29.94752874891758
6.0,298.961966,,2,2,0,0,0,0,0,0,0,1,0,4.416666666666667,11.0,37.1781532,4,1,PET,NEW MERIDIAN,LANG_02,One-Way,apple,Email,Email,Logged-Out,AREA_C,AREA_B,AREA_C_TO_AREA_B,CA,BO,4_7,very_high,unknown_or_oneway,C,C,0,0.8051741,29.93488650050497
8.0,44.098624599999994,4.854166666666667,2,1,0,0,1,1,0,0,0,2,1,118.91666666666667,14.0,76.6579906,1,0,PET,NORTH HORIZON,LANG_04,Round-Trip,apple,MetaSearches,MetaSearches,Logged-Out,AREA_B,AREA_B,AREA_B_TO_AREA_B,BA,BE,8_14,mid,3_5,Y,T,0,0.39040682,29.92780212292485
0.0,283.8635344,3.78125,1,1,0,0,0,0,0,0,0,2,1,94.08333333333333,10.0,100.7353034,3,1,PET,LOWER VERTEX,LANG_09,Round-Trip,apple,Direct,Paid Search,Logged-Out,AREA_B,AREA_C,AREA_B_TO_AREA_C,BU,CA,invalid_or_past,very_high,3_5,Y,K,0,0.29706803,29.925238096437653
6.0,86.3255782,,1,1,0,0,0,0,0,0,0,1,0,14.166666666666666,9.0,50.3676517,4,1,PET,LOWER VERTEX,LANG_02,One-Way,microsoft,Paid Search,Email,Logged-Out,AREA_B,AREA_C,AREA_B_TO_AREA_C,BU,CA,4_7,high,unknown_or_oneway,Y,S,0,0.5940137,29.919074690724806
20.0,18.9839692,17.84375,1,1,0,0,0,0,0,0,0,2,1,431.6666666666667,13.0,48.3979,4,1,PET,UPPER APEX,LANG_02,Round-Trip,google,Paid Search,Paid Search,Logged-Out,AREA_B,AREA_C,AREA_B_TO_AREA_C,BO,CA,15_30,very_low,15_30,Y,O,0,0.6181365,29.91650973075628
0.0,161.67939529999998,,1,1,0,0,0,0,0,1,0,2,1,30.5,7.0,51.3236173,5,0,PET,NORTH MERIDIAN,LANG_02,One-Way,apple,Paid Search,Paid Search,Logged-In,AREA_B,AREA_B,AREA_B_TO_AREA_B,BI,BO,invalid_or_past,very_high,unknown_or_oneway,Y,T,0,0.5828826,29.915642627980894
55.0,329.8029924,14.319444444444445,3,2,0,0,1,1,0,1,1,2,1,359.8333333333333,12.0,50.1762016,5,1,PET,UPPER APEX,LANG_09,Round-Trip,apple,Direct,Paid Search,Logged-In,AREA_C,AREA_B,AREA_C_TO_AREA_B,CA,BO,31_60,very_high,15_30,Y,T,0,0.59588295,29.89914314025707
55.0,299.60098960000005,50.010416666666664,2,2,0,0,0,0,0,0,0,2,1,1206.9166666666667,14.0,76.2374,4,1,PET,LOWER ZENITH,LANG_02,Round-Trip,apple,Paid Search,Paid Search,Logged-Out,AREA_C,AREA_B,AREA_C_TO_AREA_B,CA,BU,31_60,very_high,30_plus,Y,W,0,0.39217737,29.89858326937556
2.0,65.2724917,,1,1,0,0,0,0,0,0,0,2,1,9.083333333333334,16.0,39.797636,4,0,PET,CENTRAL AURORA,LANG_02,One-Way,apple,Direct,Organic Search,Logged-Out,AREA_C,AREA_B,AREA_C_TO_AREA_B,CU,BA,0_3,high,unknown_or_oneway,Y,H,1,0.75080913,29.880428582711932
158.0,331.68065959999996,35.0,2,1,0,1,0,1,0,0,0,2,1,859.5833333333334,6.0,51.396,2,1,PET,UPPER VERTEX,LANG_11,Round-Trip,apple,Email,MetaSearches,Logged-Out,AREA_B,AREA_C,AREA_B_TO_AREA_C,BU,CA,120_plus,very_high,30_plus,Y,V,0,0.581164,29.869505068302153
127.0,705.0828788,6.010416666666667,4,2,1,1,0,1,1,0,0,2,1,150.91666666666666,7.0,126.4547184,4,1,PET,UPPER APEX,LANG_09,Round-Trip,apple,Paid Search,Paid Search,Logged-Out,AREA_C,AREA_B,AREA_C_TO_AREA_B,CA,BU,120_plus,very_high,6_8,Y,S,0,0.23619507,29.867981384463718
131.0,265.3635442,14.82986111111111,2,2,0,0,0,0,0,1,0,2,1,361.8333333333333,13.0,71.9544,2,1,PET,UPPER APEX,LANG_09,Round-Trip,google,Paid Search,Paid Search,Logged-In,AREA_C,AREA_C,AREA_C_TO_AREA_C,CA,CA,120_plus,very_high,15_30,Y,L,0,0.414896,29.85359355926514
29.0,227.2354216,105.36111111111111,2,2,0,0,0,0,0,0,0,2,1,2543.8333333333335,10.0,50.1762016,5,1,PET,LOWER VERTEX,LANG_02,Round-Trip,google,Paid Search,Paid Search,Logged-Out,AREA_C,AREA_B,AREA_C_TO_AREA_B,CA,BO,15_30,very_high,30_plus,Y,L,0,0.5949304,29.851348209455107
53.0,235.2206468,42.041666666666664,2,2,0,0,0,0,0,0,0,4,1,1011.6666666666666,18.0,42.2350913,2,0,PET,OLD HORIZON,LANG_02,Round-Trip,apple,Direct,Direct,Logged-Out,AREA_C,AREA_B,AREA_C_TO_AREA_B,CI,BO,31_60,very_high,30_plus,Y,L,1,0.7067406,29.849254516177297
2.0,45.6966119,,1,1,0,0,0,0,0,1,1,1,0,4.75,11.0,47.4761984,5,1,PET,UPPER APEX,LANG_02,One-Way,google,Paid Search,MetaSearches,Logged-In,AREA_C,AREA_C,AREA_C_TO_AREA_C,CA,CE,0_3,mid,unknown_or_oneway,Y,V,0,0.62854797,29.84106796053314
7.0,20.449611800000003,35.53472222222222,1,1,0,0,0,0,0,0,0,4,1,853.75,12.0,51.396,3,0,PET,UPPER APEX,LANG_09,Round-Trip,mozilla,Organic Search,Organic Search,Logged-Out,AREA_C,AREA_B,AREA_C_TO_AREA_B,CA,BA,4_7,very_low,30_plus,Y,U,0,0.58041894,29.831212064266204
154.0,151.51712120000002,60.645833333333336,1,1,0,0,0,0,0,1,0,2,1,1458.6666666666667,9.0,52.9704308,1,1,PET,NORTH MERIDIAN,LANG_02,Round-Trip,apple,Paid Search,Paid Search,Logged-In,AREA_B,AREA_C,AREA_B_TO_AREA_C,BI,CA,120_plus,very_high,30_plus,Y,U,0,0.5631209,29.828756749422002
7.0,22.3898108,,1,1,0,0,0,0,0,0,0,2,1,7.916666666666667,21.0,39.797636,5,0,PET,WEST APEX,LANG_02,One-Way,apple,Paid Search,Paid Search,Logged-Out,AREA_C,AREA_B,AREA_C_TO_AREA_B,CU,BA,4_7,low,unknown_or_oneway,Y,W,0,0.7494824,29.827627475560185
60.0,78.7682247,5.854166666666667,2,2,0,0,0,0,0,0,0,2,1,142.91666666666666,11.0,55.5350912,4,0,PET,NORTH HORIZON,LANG_04,Round-Trip,microsoft,Organic Search,Paid Search,Logged-Out,AREA_B,AREA_B,AREA_B_TO_AREA_B,BA,BE,31_60,high,6_8,Y,O,0,0.5369063,29.81714044605026
29.0,131.8572946,3.2395833333333335,2,2,0,0,0,0,0,0,1,2,1,92.25,17.0,76.2374,5,1,PET,UPPER APEX,LANG_09,Round-Trip,apple,Direct,Direct,Logged-Out,AREA_C,AREA_B,AREA_C_TO_AREA_B,CA,BU,15_30,very_high,3_5,Y,O,0,0.39069226,29.785362395399808
10.0,224.8973319,,2,2,0,0,0,0,0,0,0,1,0,4.0,15.0,40.024635,3,1,PET,OLD HORIZON,LANG_02,One-Way,google,Paid Search,Paid Search,Logged-Out,AREA_B,AREA_C,AREA_B_TO_AREA_C,BO,CA,8_14,very_high,unknown_or_oneway,P,R,0,0.7439748,29.77732001444757
27.0,100.0106198,269.21875,1,1,0,0,0,0,0,0,0,2,1,6477.166666666667,14.0,74.0959,3,1,PET,UPPER VERTEX,LANG_02,Round-Trip,apple,Paid Search,Paid Search,Logged-Out,AREA_C,AREA_B,AREA_C_TO_AREA_B,CA,BU,15_30,high,30_plus,Y,L,0,0.40186554,29.776589008659126
25.0,81.87211479999999,,2,2,0,0,0,0,0,1,0,1,0,4.0,19.0,40.024635,4,1,PET,UPPER APEX,LANG_09,One-Way,google,Direct,Referrals,Logged-In,AREA_B,AREA_C,AREA_B_TO_AREA_C,BO,CA,15_30,high,unknown_or_oneway,Y,L,0,0.74379236,29.770017527090015
3.0,313.656939,,2,2,0,0,0,0,0,0,0,1,0,3.6666666666666665,10.0,41.7995102,5,1,PET,NORTH MERIDIAN,LANG_02,One-Way,google,Paid Search,Paid Search,Logged-Out,AREA_C,AREA_B,AREA_C_TO_AREA_B,CA,BI,0_3,very_high,unknown_or_oneway,Y,K,0,0.7120156,29.761904539199353
140.0,155.5709807,290.2361111111111,1,1,0,0,0,0,0,0,0,2,1,6980.083333333333,16.0,82.2224642,3,1,PET,NORTH MERIDIAN,LANG_02,Round-Trip,google,Direct,MetaSearches,Logged-Out,AREA_C,AREA_B,AREA_C_TO_AREA_B,CA,BI,120_plus,very_high,30_plus,Y,L,0,0.36195,29.760421744451925
280.0,127.6753734,13.67013888888889,1,1,0,0,0,0,0,1,0,2,1,333.4166666666667,22.0,76.2374,2,0,PET,UPPER APEX,LANG_09,Round-Trip,samsung,Direct,Direct,Logged-In,AREA_B,AREA_C,AREA_B_TO_AREA_C,BE,CA,120_plus,very_high,9_14,Y,L,0,0.39021617,29.749066371524332
132.0,369.4464404,11.027777777777779,2,2,0,0,0,0,0,0,0,2,1,271.9166666666667,19.0,126.4547184,4,1,PET,UPPER APEX,LANG_09,Round-Trip,apple,Direct,Paid Search,Logged-Out,AREA_C,AREA_B,AREA_C_TO_AREA_B,CA,BU,120_plus,very_high,9_14,Y,S,0,0.23523162,29.746148652011705
46.0,138.4616806,35.31944444444444,1,1,0,0,0,0,0,0,0,2,1,863.8333333333334,18.0,57.0898202,5,1,PET,LOWER VERTEX,LANG_02,Round-Trip,google,Direct,Paid Search,Logged-Out,AREA_C,AREA_B,AREA_C_TO_AREA_B,CA,BO,31_60,very_high,30_plus,Y,U,0,0.5209325,29.73994250980016
30.0,227.4298698,58.31944444444444,2,2,0,0,0,0,0,0,0,2,1,1415.8333333333333,15.0,50.1762016,5,1,PET,UPPER APEX,LANG_09,Round-Trip,mozilla,Organic Search,Organic Search,Logged-Out,AREA_C,AREA_B,AREA_C_TO_AREA_B,CA,BO,15_30,very_high,30_plus,Y,O,0,0.59214514,29.711594168941687
39.0,180.8363977,81.01041666666667,2,2,0,0,0,0,0,0,0,4,1,1947.25,17.0,43.6711812,4,0,PET,NORTH MERIDIAN,LANG_02,Round-Trip,google,Direct,Direct,Logged-Out,AREA_B,AREA_B,AREA_B_TO_AREA_B,BO,BI,31_60,very_high,30_plus,Y,L,0,0.68012416,29.70182558828044
24.0,545.1303891,11.430555555555555,2,2,0,0,0,0,0,0,0,4,1,275.5833333333333,16.0,46.7095414,5,0,PET,CENTRAL MERIDIAN,LANG_02,Round-Trip,google,Paid Search,Paid Search,Logged-Out,AREA_B,AREA_B,AREA_B_TO_AREA_B,BI,BO,15_30,very_high,9_14,Y,M,0,0.6358298,29.69931866202328
0.0,161.8734152,,1,1,0,0,0,0,0,0,0,2,1,30.5,,51.3236173,5,0,PET,NORTH MERIDIAN,LANG_02,One-Way,apple,Direct,Paid Search,Logged-Out,AREA_B,AREA_B,AREA_B_TO_AREA_B,BI,BO,invalid_or_past,very_high,unknown_or_oneway,Y,Q,0,0.5786491,29.698365146284896
342.0,386.1604195999999,10.010416666666666,2,1,1,0,0,0,1,0,1,2,1,246.91666666666666,20.0,126.4547184,4,1,PET,UPPER APEX,LANG_02,Round-Trip,apple,Direct,Direct,Logged-Out,AREA_C,AREA_B,AREA_C_TO_AREA_B,CA,BU,120_plus,very_high,9_14,Y,Q,0,0.23484844,29.69769330811472
11.0,128.62320129999998,8.006944444444445,1,1,0,0,0,0,0,0,0,3,1,197.16666666666666,20.0,71.9544,2,1,PET,UPPER APEX,LANG_09,Round-Trip,google,Organic Search,Organic Search,Logged-Out,AREA_C,AREA_C,AREA_C_TO_AREA_C,CA,CA,8_14,very_high,9_14,Y,S,0,0.4127068,29.696069619798664
71.0,16.0963706,45.52430555555556,1,1,0,0,0,0,0,0,0,4,1,1093.5,21.0,51.396,3,0,PET,UPPER APEX,LANG_09,Round-Trip,microsoft,Paid Search,Paid Search,Logged-Out,AREA_C,AREA_B,AREA_C_TO_AREA_B,CA,BA,61_120,very_low,30_plus,Y,O,0,0.577764,29.69475724196434
4.0,87.2567024,27.77777777777778,1,1,0,0,0,0,0,0,0,2,1,670.3333333333334,9.0,53.5006662,4,1,PET,NORTH MERIDIAN,LANG_02,Round-Trip,apple,Direct,Direct,Logged-Out,AREA_B,AREA_C,AREA_B_TO_AREA_C,BI,CA,4_7,high,15_30,Y,O,0,0.5549088,29.687991124714312
209.0,213.0912424,13.885416666666666,1,1,0,0,0,0,0,0,0,2,1,339.1666666666667,11.0,71.9544,2,1,PET,UPPER APEX,LANG_09,Round-Trip,apple,Direct,Direct,Logged-Out,AREA_C,AREA_C,AREA_C_TO_AREA_C,CA,CA,120_plus,very_high,9_14,Y,T,0,0.41253957,29.684037345242505
24.0,110.1172149,62.763888888888886,1,1,0,0,0,0,0,0,0,2,1,1509.6666666666667,8.0,52.9704308,1,1,PET,NORTH MERIDIAN,LANG_02,Round-Trip,apple,Paid Search,Paid Search,Logged-Out,AREA_B,AREA_C,AREA_B_TO_AREA_C,BI,CA,15_30,very_high,30_plus,Y,O,0,0.56031775,29.680272853757
46.0,414.9571701,13.76388888888889,2,2,0,0,0,0,0,0,0,2,1,334.0,18.0,51.396,2,1,PET,NORTH MERIDIAN,LANG_02,Round-Trip,apple,Paid Search,Paid Search,Logged-Out,AREA_B,AREA_C,AREA_B_TO_AREA_C,BI,CA,31_60,very_high,9_14,Y,S,0,0.5772859,29.670185387134552
35.0,45.4661865,19.87847222222222,1,1,0,0,0,0,0,0,0,2,1,479.1666666666667,8.0,52.76656,3,1,PET,SOUTH MERIDIAN,LANG_09,Round-Trip,google,Direct,Direct,Logged-Out,AREA_B,AREA_C,AREA_B_TO_AREA_C,BI,CA,31_60,mid,15_30,Y,U,0,0.5619167,29.650411737613677
29.0,17.3131709,9.26388888888889,1,1,0,0,0,0,0,1,0,4,1,224.25,8.0,49.8609728,3,0,PET,NEW APEX,LANG_02,Round-Trip,apple,Direct,Direct,Logged-In,AREA_C,AREA_B,AREA_C_TO_AREA_B,CU,BE,15_30,very_low,9_14,Y,O,0,0.59465504,29.65007862156372
82.0,36.8273755,,1,1,0,0,0,0,0,1,1,1,0,5.083333333333333,10.0,57.3922,4,1,PET,UPPER APEX,LANG_09,One-Way,google,Internal,Display,Logged-In,AREA_C,AREA_B,AREA_C_TO_AREA_B,CA,BU,61_120,mid,unknown_or_oneway,Y,V,0,0.516618,29.64984434762001
40.0,63.619682000000005,,1,1,0,0,0,0,0,0,0,1,0,14.166666666666666,15.0,50.3676517,4,1,PET,LOWER VERTEX,LANG_02,One-Way,google,Paid Search,Paid Search,Logged-Out,AREA_B,AREA_C,AREA_B_TO_AREA_C,BU,CA,31_60,high,unknown_or_oneway,Y,W,0,0.5885995,29.646374759927614
39.0,128.7868119,,3,2,1,0,0,0,1,0,0,1,0,5.083333333333333,8.0,51.396,5,1,PET,UPPER APEX,LANG_09,One-Way,microsoft,Paid Search,Organic Search,Logged-Out,AREA_C,AREA_B,AREA_C_TO_AREA_B,CA,BU,31_60,very_high,unknown_or_oneway,Y,S,0,0.57676935,29.64363761329651
6.0,42.928080699999995,,1,1,0,0,0,0,0,0,0,1,0,5.083333333333333,12.0,51.396,5,1,PET,UPPER APEX,LANG_09,One-Way,google,Organic Search,Organic Search,Logged-Out,AREA_C,AREA_B,AREA_C_TO_AREA_B,CA,BU,4_7,mid,unknown_or_oneway,Y,S,0,0.57673466,29.641854691028595
47.0,214.9200834,6.416666666666667,3,2,1,0,0,0,1,1,0,2,1,157.0,19.0,53.1092,4,1,PET,UPPER APEX,LANG_09,Round-Trip,google,Direct,Paid Search,Logged-In,AREA_C,AREA_C,AREA_C_TO_AREA_C,CA,CI,31_60,very_high,6_8,Y,Q,0,0.55802065,29.636030376172066
26.0,100.1939322,61.21875,1,1,0,0,0,0,0,0,0,2,1,1485.1666666666667,20.0,80.2094542,3,1,PET,UPPER VERTEX,LANG_02,Round-Trip,apple,Email,Organic Search,Logged-Out,AREA_C,AREA_B,AREA_C_TO_AREA_B,CA,BU,15_30,high,30_plus,Y,L,0,0.3691558,29.60978478215529
75.0,82.25972630000001,46.5625,1,1,0,0,0,0,0,0,0,2,1,1126.5833333333333,13.0,53.3935912,2,1,PET,UPPER APEX,LANG_02,Round-Trip,apple,Direct,Direct,Logged-Out,AREA_C,AREA_C,AREA_C_TO_AREA_C,CE,CA,61_120,high,30_plus,Y,O,0,0.5544627,29.60475320597935
26.0,19.2854924,12.864583333333334,1,1,0,0,0,0,0,0,0,2,1,311.0,18.0,55.3380732,3,1,PET,CENTRAL APEX,LANG_02,Round-Trip,apple,Paid Search,Organic Search,Logged-Out,AREA_C,AREA_C,AREA_C_TO_AREA_C,CU,CA,15_30,very_low,9_14,Y,V,0,0.5347879,29.59413158564844
220.0,325.713584,15.222222222222221,2,2,0,0,0,0,0,0,0,2,1,379.9166666666667,18.0,90.2783589,2,1,PET,UPPER APEX,LANG_09,Round-Trip,google,Direct,Paid Search,Logged-Out,AREA_C,AREA_B,AREA_C_TO_AREA_B,CA,BI,120_plus,very_high,15_30,Y,W,0,0.32773677,29.587537308598666
28.0,104.8936681,30.21875,1,1,0,0,0,0,0,0,0,2,1,741.1666666666666,11.0,80.2094542,3,1,PET,UPPER APEX,LANG_09,Round-Trip,apple,Direct,Direct,Logged-Out,AREA_C,AREA_B,AREA_C_TO_AREA_B,CA,BU,15_30,very_high,30_plus,Y,O,0,0.36886153,29.586181695958786
4.0,57.130937,50.986111111111114,1,1,0,0,0,0,0,0,0,2,1,1225.5,7.0,53.640292,1,1,PET,UPPER MERIDIAN,LANG_01,Round-Trip,apple,Direct,Email,Logged-Out,AREA_C,AREA_B,AREA_C_TO_AREA_B,CA,BA,4_7,high,30_plus,C,I,0,0.5515273,29.58408656258321
38.0,266.1473332,26.875,2,2,0,0,0,0,0,0,0,2,1,650.0,8.0,47.9987244,3,1,PET,UPPER APEX,LANG_09,Round-Trip,apple,Organic Search,Paid Search,Logged-Out,AREA_C,AREA_C,AREA_C_TO_AREA_C,CA,CA,31_60,very_high,15_30,Y,L,0,0.6162853,29.58090942308121
26.0,52.3271242,17.114583333333332,1,1,0,0,0,0,0,0,0,2,1,412.5,19.0,53.640292,3,1,PET,UPPER MERIDIAN,LANG_01,Round-Trip,apple,Direct,Direct,Logged-Out,AREA_C,AREA_B,AREA_C_TO_AREA_B,CA,BA,15_30,mid,15_30,Y,S,0,0.55138314,29.576352510262012
124.0,118.7157657,20.64236111111111,1,1,0,0,0,0,0,0,0,2,1,501.3333333333333,13.0,76.2374,2,0,PET,UPPER APEX,LANG_09,Round-Trip,google,MetaSearches,MetaSearches,Logged-Out,AREA_B,AREA_C,AREA_B_TO_AREA_C,BE,CA,120_plus,very_high,15_30,Y,W,0,0.38793454,29.57512037516236
42.0,78.00927709999999,,1,1,0,0,0,0,0,0,0,1,0,14.5,15.0,48.8262,4,1,PET,LOWER VERTEX,LANG_09,One-Way,google,Paid Search,Paid Search,Logged-Out,AREA_B,AREA_C,AREA_B_TO_AREA_C,BU,CA,31_60,high,unknown_or_oneway,Y,S,0,0.60556346,29.5673626975894
103.0,84.77470389999999,,1,1,0,0,0,0,0,1,0,2,1,-458.75,22.0,100.7353034,3,1,PET,LOWER VERTEX,LANG_02,Round-Trip,google,Paid Search,Email,Logged-In,AREA_B,AREA_C,AREA_B_TO_AREA_C,BU,CA,61_120,high,unknown_or_oneway,Y,U,0,0.29351118,29.566937977091772
6.0,210.1029933,14.5625,2,1,0,1,0,1,0,0,0,2,1,358.5833333333333,13.0,53.3935912,2,1,PET,SOUTH AURORA,LANG_02,Round-Trip,apple,Direct,Direct,Logged-Out,AREA_C,AREA_C,AREA_C_TO_AREA_C,CE,CA,4_7,very_high,15_30,Y,L,1,0.5537218,29.56519465594244
42.0,142.2367168,,2,2,0,0,0,0,0,0,0,1,0,4.0,16.0,40.024635,4,1,PET,UPPER APEX,LANG_09,One-Way,google,Direct,Direct,Logged-Out,AREA_B,AREA_C,AREA_B_TO_AREA_C,BO,CA,31_60,very_high,unknown_or_oneway,Y,T,0,0.73823017,29.547393052985967
17.0,208.1353831,,3,2,0,1,0,1,0,0,0,1,0,4.0,11.0,40.024635,4,1,PET,OLD HORIZON,LANG_02,One-Way,google,Paid Search,Paid Search,Logged-Out,AREA_B,AREA_C,AREA_B_TO_AREA_C,BO,CA,15_30,very_high,unknown_or_oneway,Y,V,0,0.7379199,29.534975723127726
5.0,48.9444108,,1,1,0,0,0,0,0,1,0,1,0,2.4166666666666665,23.0,55.2061568,4,1,PET,UPPER APEX,LANG_02,Round-Trip,apple,Direct,Direct,Logged-In,AREA_C,AREA_C,AREA_C_TO_AREA_C,CA,CE,4_7,mid,unknown_or_oneway,Y,S,0,0.5348852,29.528957749317172
9.0,33.5461692,,1,1,0,0,0,0,0,0,0,2,1,7.916666666666667,15.0,39.797636,5,0,PET,GREAT MERIDIAN,LANG_02,One-Way,google,Paid Search,Paid Search,Logged-Out,AREA_C,AREA_B,AREA_C_TO_AREA_B,CU,BA,8_14,low,unknown_or_oneway,Y,V,0,0.74196917,29.52861887869668
147.0,33.205242399999996,26.18402777777778,1,1,0,0,0,0,0,0,0,2,1,631.75,20.0,58.42012,1,0,PET,UPPER APEX,LANG_09,Round-Trip,google,Direct,Organic Search,Logged-Out,AREA_B,AREA_B,AREA_B_TO_AREA_B,BE,BA,120_plus,low,15_30,Y,W,0,0.50545037,29.528471148371693
23.0,107.2047749,21.319444444444443,1,1,0,0,0,0,0,0,0,2,1,527.8333333333334,15.0,50.1762016,5,1,PET,UPPER APEX,LANG_09,Round-Trip,apple,Direct,Direct,Logged-Out,AREA_C,AREA_B,AREA_C_TO_AREA_B,CA,BO,15_30,very_high,15_30,Y,O,0,0.58846766,29.52707182111492
10.0,194.3865248,,2,2,0,0,0,0,0,0,0,3,1,9.916666666666666,10.0,53.5006662,3,1,PET,NORTH MERIDIAN,LANG_02,Round-Trip,google,Paid Search,Paid Search,Logged-Out,AREA_B,AREA_C,AREA_B_TO_AREA_C,BI,CA,8_14,very_high,unknown_or_oneway,Y,U,0,0.5517488,29.518929027685868
51.0,186.2325494,12.427083333333334,2,2,0,0,0,0,0,0,0,2,1,314.4166666666667,22.0,57.0898202,5,1,PET,UPPER APEX,LANG_09,Round-Trip,google,Paid Search,Paid MetaSearches,Logged-Out,AREA_C,AREA_B,AREA_C_TO_AREA_B,CA,BO,31_60,very_high,9_14,Y,O,0,0.5170223,29.51671081362599
148.0,352.096864,15.39236111111111,2,2,0,0,0,0,0,0,0,2,1,376.6666666666667,16.0,126.4547184,4,1,PET,UPPER APEX,LANG_02,Round-Trip,google,Paid Search,Paid Search,Logged-Out,AREA_C,AREA_B,AREA_C_TO_AREA_B,CA,BU,120_plus,very_high,15_30,Y,V,0,0.2333282,29.50545099448228
103.0,271.075353,13.64236111111111,2,2,0,0,0,0,0,0,0,2,1,333.3333333333333,23.0,76.2374,2,0,PET,UPPER APEX,LANG_09,Round-Trip,google,MetaSearches,Paid Search,Logged-Out,AREA_B,AREA_C,AREA_B_TO_AREA_C,BE,CA,61_120,very_high,9_14,Y,L,0,0.38675746,29.485383426243065
8.0,81.1003182,,1,1,0,0,0,0,0,0,0,1,0,10.083333333333334,19.0,52.9730006,5,1,PET,UPPER VERTEX,LANG_10,One-Way,google,MetaSearches,MetaSearches,Logged-Out,AREA_C,AREA_C,AREA_C_TO_AREA_C,CA,CE,8_14,high,unknown_or_oneway,Y,Q,0,0.5563317,29.470559166742454
138.0,408.0105724,20.22222222222222,4,4,0,0,0,0,0,0,0,2,1,499.9166666666667,18.0,90.2783589,2,1,PET,UPPER APEX,LANG_09,Round-Trip,google,Direct,Paid Search,Logged-Out,AREA_C,AREA_B,AREA_C_TO_AREA_B,CA,BI,120_plus,very_high,15_30,Y,O,0,0.32643947,29.470419636545177
27.0,123.7512888,5.454861111111111,2,2,0,0,0,0,0,0,0,2,1,132.5,11.0,51.396,4,1,PET,UPPER APEX,LANG_09,Round-Trip,apple,Direct,Direct,Logged-Out,AREA_C,AREA_B,AREA_C_TO_AREA_B,CA,BA,15_30,very_high,6_8,Y,U,0,0.5733135,29.46601934337616
33.0,87.45286379999999,,1,1,0,0,0,0,0,0,0,1,0,14.166666666666666,18.0,50.0515663,4,1,PET,LOWER VERTEX,LANG_02,One-Way,google,Paid Search,Paid Search,Logged-Out,AREA_B,AREA_C,AREA_B_TO_AREA_C,BU,CA,31_60,high,unknown_or_oneway,Y,S,0,0.5885995,29.460327050569312
35.0,139.0762911,9.065972222222221,1,1,0,0,0,0,0,0,0,2,1,222.58333333333334,12.0,71.9544,2,1,PET,UPPER APEX,LANG_09,Round-Trip,google,Paid Search,Organic Search,Logged-Out,AREA_C,AREA_C,AREA_C_TO_AREA_C,CA,CA,31_60,very_high,9_14,Y,W,0,0.40932116,29.45245841209889
162.0,75.1242483,8.784722222222221,1,1,0,0,0,0,0,1,0,2,1,214.0,21.0,80.9649754,3,1,PET,LOWER VERTEX,LANG_02,Round-Trip,apple,Direct,Direct,Logged-In,AREA_B,AREA_C,AREA_B_TO_AREA_C,BU,CA,120_plus,high,9_14,Y,O,0,0.36339283,29.42209153298664
30.0,148.9862965,,2,2,0,0,0,0,0,0,0,3,1,346.0,14.0,49.6883679,4,0,PET,UPPER APEX,LANG_09,Multi-City,google,Paid Search,Paid Search,Logged-Out,AREA_B,AREA_B,AREA_B_TO_AREA_B,BE,BU,15_30,very_high,unknown_or_oneway,Y,L,0,0.59185076,29.40809818546672
29.0,19.0781952,6.465277777777778,1,1,0,0,0,0,0,1,0,4,1,156.08333333333334,1.0,57.8736092,5,0,PET,LOWER VERTEX,LANG_02,Round-Trip,apple,Direct,Direct,Logged-In,AREA_B,AREA_B,AREA_B_TO_AREA_B,BE,BA,15_30,very_low,6_8,Y,W,0,0.5081395,29.40786632592244
2.0,74.0650624,,1,1,0,0,0,0,0,0,0,1,0,14.5,11.0,49.888384,4,1,PET,LOWER VERTEX,LANG_02,One-Way,google,Direct,MetaSearches,Logged-Out,AREA_B,AREA_C,AREA_B_TO_AREA_C,BU,CA,0_3,high,unknown_or_oneway,Y,S,0,0.58929706,29.3990778296814
28.0,37.026535,14.774305555555555,1,1,0,0,0,0,0,0,0,2,1,357.0,17.0,55.2061568,4,1,PET,UPPER VERTEX,LANG_02,Round-Trip,apple,Direct,Direct,Logged-Out,AREA_C,AREA_C,AREA_C_TO_AREA_C,CA,CE,15_30,mid,15_30,Y,O,0,0.53246725,29.395470276609803
4.0,213.4728577,,3,2,0,1,0,1,0,1,1,1,0,4.0,19.0,40.024635,4,1,PET,OLD HORIZON,LANG_02,One-Way,google,Paid Search,Organic Search,Logged-In,AREA_B,AREA_C,AREA_B_TO_AREA_C,BO,CA,4_7,very_high,unknown_or_oneway,Y,T,0,0.73431027,29.39050050771654
48.0,186.2565342,12.427083333333334,2,2,0,0,0,0,0,0,0,2,1,314.4166666666667,16.0,57.0898202,5,1,PET,UPPER APEX,LANG_09,Round-Trip,opera,Paid Search,Affiliate,Logged-Out,AREA_C,AREA_B,AREA_C_TO_AREA_B,CA,BO,31_60,very_high,9_14,Y,O,0,0.51471835,29.38517826913167
124.0,160.4060594,59.34027777777778,2,2,0,0,0,0,0,1,1,4,1,1425.4166666666667,18.0,46.7095414,5,0,PET,LOWER HORIZON,LANG_02,Round-Trip,google,Referrals,Affiliate,Logged-In,AREA_B,AREA_B,AREA_B_TO_AREA_B,BI,BO,120_plus,very_high,30_plus,Y,L,0,0.6290548,29.382860512305687
204.0,340.7002293,21.354166666666668,3,3,0,0,0,0,0,0,0,2,1,526.9166666666666,15.0,90.2783589,2,1,PET,UPPER APEX,LANG_09,Round-Trip,google,Direct,Direct,Logged-Out,AREA_C,AREA_B,AREA_C_TO_AREA_B,CA,BI,120_plus,very_high,15_30,Y,U,0,0.32542178,29.37854428011783
64.0,87.7646662,24.21875,2,2,0,0,0,0,0,0,0,2,1,586.3333333333334,14.0,45.3998,2,1,PET,UPPER APEX,LANG_02,Round-Trip,google,Paid Search,Paid Search,Logged-Out,AREA_B,AREA_C,AREA_B_TO_AREA_C,BU,CA,61_120,high,15_30,Y,U,0,0.64698756,29.373105708956718
22.0,93.6914816,16.319444444444443,1,1,0,0,0,0,0,1,0,2,1,407.8333333333333,13.0,56.1073,5,1,PET,LOWER VERTEX,LANG_02,Round-Trip,google,Direct,MetaSearches,Logged-In,AREA_C,AREA_B,AREA_C_TO_AREA_B,CA,BO,15_30,high,15_30,Y,O,0,0.5233484,29.36366518149972
38.0,82.4618839,,2,2,0,0,0,0,0,0,0,1,0,4.0,18.0,40.024635,4,1,PET,UPPER VERTEX,LANG_11,One-Way,apple,MetaSearches,MetaSearches,Logged-Out,AREA_B,AREA_C,AREA_B_TO_AREA_C,BO,CA,31_60,high,unknown_or_oneway,Y,L,0,0.733317,29.350745966936948
39.0,75.3670944,48.892361111111114,1,1,0,0,0,0,0,0,0,4,1,1177.0833333333333,11.0,46.4996744,5,0,PET,NORTH MERIDIAN,LANG_02,Round-Trip,apple,Direct,Direct,Logged-Out,AREA_B,AREA_B,AREA_B_TO_AREA_B,BI,BE,31_60,high,30_plus,Y,O,0,0.6308905,29.33620230309954
4.0,107.4587568,18.76388888888889,1,1,0,0,0,0,0,0,0,2,1,454.0,10.0,52.9704308,1,1,PET,NORTH MERIDIAN,LANG_02,Round-Trip,apple,Internal,Internal,Logged-Out,AREA_B,AREA_C,AREA_B_TO_AREA_C,BI,CA,4_7,very_high,15_30,Y,U,0,0.5534301,29.315429777198602
334.0,250.551217,25.76388888888889,2,2,0,0,0,0,0,0,0,2,1,622.0,15.0,52.9704308,1,1,PET,NORTH MERIDIAN,LANG_02,Round-Trip,mozilla,Paid Search,Paid Search,Logged-Out,AREA_B,AREA_C,AREA_B_TO_AREA_C,BI,CA,120_plus,very_high,15_30,Y,W,0,0.55336076,29.311757856242206
53.0,410.855341,,4,2,0,1,1,1,0,0,0,2,1,30.5,12.0,51.3236173,4,0,PET,NORTH MERIDIAN,LANG_02,One-Way,google,MetaSearches,MetaSearches,Logged-Out,AREA_B,AREA_B,AREA_B_TO_AREA_B,BI,BO,31_60,very_high,unknown_or_oneway,Y,S,0,0.5705857,29.28452352488828
199.0,351.2351244,13.958333333333334,2,2,0,0,0,0,0,1,0,2,1,340.9166666666667,14.0,71.9544,2,1,PET,UPPER APEX,LANG_09,Round-Trip,google,Paid Search,Paid Search,Logged-In,AREA_C,AREA_C,AREA_C_TO_AREA_C,CA,CA,120_plus,very_high,9_14,Y,V,0,0.40690917,29.27890502114296
6.0,90.3995678,,1,1,0,0,0,0,0,0,0,1,0,2.4166666666666665,13.0,57.5566672,3,0,PET,UPPER APEX,LANG_09,Round-Trip,mozilla,Direct,Partners,Logged-Out,AREA_B,AREA_B,AREA_B_TO_AREA_B,BE,BA,4_7,high,unknown_or_oneway,C,Z,0,0.5086394,29.27558839646349
63.0,76.9235366,24.770833333333332,1,1,0,0,0,0,0,0,0,2,1,598.0,15.0,53.8668627,1,1,PET,LOWER VERTEX,LANG_02,Round-Trip,apple,Direct,Direct,Logged-Out,AREA_B,AREA_C,AREA_B_TO_AREA_C,BU,CA,61_120,high,15_30,Y,V,0,0.5433122,29.26652324771751
108.0,37.5811835,8.14236111111111,2,2,0,0,0,0,0,1,1,2,1,197.66666666666666,21.0,55.59334,1,0,PET,WEST VERTEX,LANG_02,Round-Trip,other,Direct,Direct,Logged-In,AREA_B,AREA_B,AREA_B_TO_AREA_B,BE,BA,61_120,mid,9_14,Y,U,0,0.52639204,29.263891799606082
34.0,118.840401,15.319444444444445,1,1,0,0,0,0,0,0,0,2,1,383.8333333333333,11.0,56.1073,5,1,PET,UPPER APEX,LANG_09,Round-Trip,microsoft,Paid Search,Paid Search,Logged-Out,AREA_C,AREA_B,AREA_C_TO_AREA_B,CA,BO,31_60,very_high,15_30,Y,O,0,0.52153957,29.262177054202557
14.0,84.028177,30.5625,1,1,0,0,0,0,0,1,0,2,1,742.5833333333334,22.0,53.3935912,2,1,PET,SOUTH AURORA,LANG_02,Round-Trip,apple,Direct,Direct,Logged-In,AREA_C,AREA_C,AREA_C_TO_AREA_C,CE,CA,8_14,high,30_plus,Y,O,0,0.5480442,29.262048225917056
9.0,55.1513344,,1,1,0,0,0,0,0,0,0,1,0,14.5,10.0,48.8262,3,1,PET,LOWER VERTEX,LANG_02,One-Way,google,Paid Search,Paid Search,Logged-Out,AREA_B,AREA_C,AREA_B_TO_AREA_C,BU,CA,8_14,high,unknown_or_oneway,Y,L,0,0.5992059,29.25694765945673
28.0,1345.6063854,60.21180555555556,2,2,0,0,0,0,0,0,0,2,1,1461.25,14.0,43.3799372,4,1,PET,LOWER VERTEX,LANG_02,Round-Trip,google,Direct,Organic Search,Logged-Out,AREA_C,AREA_B,AREA_C_TO_AREA_B,CA,BO,15_30,very_high,30_plus,C,D,0,0.6738612,29.23205677948344
12.0,264.5317856,11.319444444444445,2,2,0,0,0,0,0,0,0,2,1,287.8333333333333,10.0,50.1762016,5,1,PET,UPPER APEX,LANG_09,Round-Trip,apple,Direct,Direct,Logged-Out,AREA_C,AREA_B,AREA_C_TO_AREA_B,CA,BO,8_14,very_high,9_14,Y,U,0,0.5824466,29.224956776698303
15.0,177.2313966,,2,2,0,0,0,0,0,0,0,1,0,14.5,13.0,42.500209,4,1,PET,LOWER VERTEX,LANG_02,One-Way,google,Email,Email,Logged-Out,AREA_B,AREA_C,AREA_B_TO_AREA_C,BU,CA,15_30,very_high,unknown_or_oneway,Y,S,0,0.6875081,29.219238204041
2.0,68.6243675,,1,1,0,0,0,0,0,0,0,1,0,5.083333333333333,16.0,51.396,5,1,PET,UPPER APEX,LANG_09,One-Way,google,Paid Search,Paid Search,Logged-Out,AREA_C,AREA_B,AREA_C_TO_AREA_B,CA,BU,0_3,high,unknown_or_oneway,Y,Q,0,0.5683009,29.20839320254326
53.0,131.9874978,17.28125,2,1,1,0,0,0,1,0,0,2,1,428.25,14.0,76.2374,5,1,PET,LOWER VERTEX,LANG_02,Round-Trip,apple,Direct,Direct,Logged-Out,AREA_C,AREA_B,AREA_C_TO_AREA_B,CA,BU,31_60,very_high,15_30,Y,O,0,0.38309178,29.205921082788702
16.0,52.3284091,26.114583333333332,1,1,0,0,0,0,0,0,0,2,1,628.5,15.0,53.640292,3,1,PET,WEST APEX,LANG_02,Round-Trip,microsoft,Direct,Direct,Logged-Out,AREA_C,AREA_B,AREA_C_TO_AREA_B,CA,BA,15_30,mid,15_30,Y,H,0,0.54436916,29.200120758754494
41.0,81.728206,6.934027777777778,1,1,0,0,0,0,0,0,0,2,1,185.75,21.0,77.7827064,5,1,PET,EAST ZENITH,LANG_02,Round-Trip,mozilla,Email,Email,Logged-Out,AREA_C,AREA_C,AREA_C_TO_AREA_C,CA,CA,31_60,high,6_8,Y,O,0,0.37539014,29.19886121638176
9.0,50.329533,,2,2,0,0,0,0,0,0,0,1,0,2.6666666666666665,17.0,36.5455541,2,1,PET,WEST MERIDIAN,LANG_02,One-Way,apple,Paid Search,Organic Search,Logged-Out,AREA_B,AREA_C,AREA_B_TO_AREA_C,BO,CA,8_14,mid,unknown_or_oneway,Y,S,1,0.7987357,29.190237939110403
9.0,215.2879931,27.78125,2,2,0,0,0,0,0,0,0,2,1,669.9166666666666,23.0,53.8668627,3,1,PET,LOWER VERTEX,LANG_02,Round-Trip,microsoft,Direct,MetaSearches,Logged-Out,AREA_B,AREA_C,AREA_B_TO_AREA_C,BU,CA,8_14,very_high,15_30,Y,U,0,0.5418814,29.18945002894787
6.0,215.8439265,,2,2,0,0,0,0,0,1,0,1,0,14.5,,40.2075191,4,1,PET,UPPER VERTEX,LANG_11,One-Way,apple,Direct,Direct,Logged-In,AREA_B,AREA_C,AREA_B_TO_AREA_C,BU,CA,4_7,very_high,unknown_or_oneway,Y,T,0,0.7259622,29.189139891763777
100.0,318.8689217,36.576388888888886,2,2,0,0,0,0,0,0,0,2,1,881.3333333333334,10.0,53.8668627,1,1,PET,LOWER VERTEX,LANG_02,Round-Trip,google,Direct,Direct,Logged-Out,AREA_B,AREA_C,AREA_B_TO_AREA_C,BU,CA,61_120,very_high,30_plus,Y,W,0,0.5414599,29.166747061652718
33.0,118.9684627,7.319444444444445,1,1,0,0,0,0,0,1,1,2,1,191.83333333333334,20.0,56.1073,5,1,PET,UPPER APEX,LANG_09,Round-Trip,apple,Direct,Direct,Logged-In,AREA_C,AREA_B,AREA_C_TO_AREA_B,CA,BO,31_60,very_high,6_8,Y,O,0,0.5198252,29.165989572167398
19.0,55.3333619,,1,1,0,0,0,0,0,1,0,1,0,12.333333333333334,20.0,51.396,5,1,PET,UPPER APEX,LANG_02,One-Way,google,MetaSearches,MetaSearches,Logged-In,AREA_C,AREA_C,AREA_C_TO_AREA_C,CA,CE,15_30,high,unknown_or_oneway,Y,U,0,0.566788,29.13063696026802
44.0,131.2448256,182.34375,1,1,0,0,0,0,0,1,0,2,1,4390.833333333333,13.0,54.1486841,4,1,PET,NORTH MERIDIAN,LANG_02,Round-Trip,apple,Direct,Direct,Logged-In,AREA_C,AREA_B,AREA_C_TO_AREA_B,CA,BI,31_60,very_high,30_plus,Y,L,0,0.53793406,29.128421745009874
63.0,210.4614804,12.194444444444445,2,2,0,0,0,0,0,1,0,2,1,299.3333333333333,9.0,51.396,4,1,PET,UPPER APEX,LANG_09,Round-Trip,apple,Direct,Direct,Logged-In,AREA_C,AREA_B,AREA_C_TO_AREA_B,CA,BE,61_120,very_high,9_14,Y,Q,0,0.56668437,29.12530963754654
45.0,141.3351453,,1,1,0,0,0,0,0,0,0,2,1,30.5,12.0,51.3236173,5,0,PET,NORTH MERIDIAN,LANG_02,One-Way,google,MetaSearches,Paid Search,Logged-Out,AREA_B,AREA_B,AREA_B_TO_AREA_B,BI,BO,31_60,very_high,unknown_or_oneway,Y,S,0,0.56733936,29.117908228509876
19.0,53.9996357,19.618055555555557,1,1,0,0,0,0,0,0,0,2,1,477.5833333333333,17.0,54.1568218,2,1,PET,SOUTH VERTEX,LANG_02,Round-Trip,google,Paid Search,Paid Search,Logged-Out,AREA_C,AREA_C,AREA_C_TO_AREA_C,CE,CA,15_30,mid,15_30,Y,S,0,0.5376388,29.11680778833554
174.0,19.8401409,34.56944444444444,1,1,0,0,0,0,0,0,0,2,1,833.5833333333334,16.0,46.517663,1,1,PET,GREAT MERIDIAN,LANG_03,Round-Trip,google,Paid Search,Organic Search,Logged-Out,AREA_B,AREA_C,AREA_B_TO_AREA_C,BA,CA,120_plus,very_low,30_plus,Y,O,0,0.62569904,29.106057234438897
53.0,168.7454887,,1,1,0,0,0,0,0,0,0,1,0,14.5,20.0,49.888384,3,1,PET,LOWER VERTEX,LANG_02,One-Way,google,Paid Search,Paid Search,Logged-Out,AREA_B,AREA_C,AREA_B_TO_AREA_C,BU,CA,31_60,very_high,unknown_or_oneway,Y,E,0,0.5833747,29.103620006248477
,659.8908043,29.006944444444443,4,3,1,0,0,0,1,1,0,2,1,699.5,11.0,50.4417476,1,1,PET,LOWER VERTEX,LANG_02,Round-Trip,google,Paid Search,Paid Search,Logged-In,AREA_D,AREA_C,AREA_D_TO_AREA_C,DA,CA,,very_high,15_30,Y,O,1,0.5768394,29.09678678581884
158.0,180.2166476,35.78125,2,2,0,0,0,0,0,1,0,4,1,862.0,15.0,46.4996744,5,0,PET,NORTH MERIDIAN,LANG_02,Round-Trip,google,Paid Search,Paid Search,Logged-In,AREA_B,AREA_B,AREA_B_TO_AREA_B,BI,BE,120_plus,very_high,30_plus,Y,O,0,0.6256941,29.094571742113352
5.0,218.7139648,315.22222222222223,1,1,0,0,0,0,0,0,0,2,1,7579.916666666667,15.0,54.1486841,4,1,PET,UPPER APEX,LANG_02,Round-Trip,microsoft,Organic Search,Organic Search,Logged-Out,AREA_C,AREA_B,AREA_C_TO_AREA_B,CA,BI,4_7,very_high,30_plus,P,R,0,0.5372898,29.093535556119125
35.0,84.31342479999999,12.114583333333334,2,2,0,0,0,0,0,0,0,2,1,292.5,10.0,53.640292,4,1,PET,UPPER APEX,LANG_09,Round-Trip,microsoft,Paid Search,Paid Search,Logged-Out,AREA_C,AREA_B,AREA_C_TO_AREA_B,CA,BA,31_60,high,9_14,Y,W,0,0.5422671,29.087364734276772
80.0,38.7714292,,1,1,0,0,0,0,0,0,0,2,1,9.416666666666666,12.0,39.797636,4,0,PET,GREAT MERIDIAN,LANG_02,One-Way,microsoft,Paid Search,Paid Search,Logged-Out,AREA_C,AREA_B,AREA_C_TO_AREA_B,CU,BA,61_120,mid,unknown_or_oneway,Y,S,0,0.73063815,29.077670998159885
2.0,116.6093863,,2,2,0,0,0,0,0,0,0,1,0,4.833333333333333,8.0,40.024635,3,1,PET,UPPER APEX,LANG_09,One-Way,microsoft,Direct,Direct,Logged-Out,AREA_B,AREA_C,AREA_B_TO_AREA_C,BO,CA,0_3,very_high,unknown_or_oneway,P,R,0,0.72647583,29.07693012605131
10.0,77.1244093,,2,1,0,1,0,1,0,0,0,2,1,5.416666666666667,1.0,42.2552214,4,0,PET,EAST HORIZON,LANG_02,One-Way,google,Paid Search,Paid Search,Logged-Out,AREA_C,AREA_B,AREA_C_TO_AREA_B,CE,BI,8_14,high,unknown_or_oneway,Y,S,0,0.68793875,29.069004182023754
36.0,157.51589099999998,,2,1,0,1,0,1,0,1,0,1,0,4.0,17.0,40.024635,4,1,PET,UPPER APEX,LANG_02,One-Way,google,Paid Search,Paid Search,Logged-In,AREA_B,AREA_C,AREA_B_TO_AREA_C,BO,CA,31_60,very_high,unknown_or_oneway,Y,Q,0,0.7259939,29.057639726582767
50.0,118.1114344,12.13888888888889,1,1,0,0,0,0,0,1,0,2,1,305.75,18.0,82.2224642,4,1,PET,GREAT MERIDIAN,LANG_02,Round-Trip,google,MetaSearches,MetaSearches,Logged-In,AREA_C,AREA_B,AREA_C_TO_AREA_B,CA,BI,31_60,very_high,9_14,Y,L,0,0.3532621,29.046080094482836
50.0,141.66065329999998,12.13888888888889,1,1,0,0,0,0,0,1,0,2,1,305.75,18.0,82.2224642,3,1,PET,GREAT MERIDIAN,LANG_02,Round-Trip,google,MetaSearches,MetaSearches,Logged-In,AREA_C,AREA_B,AREA_C_TO_AREA_B,CA,BI,31_60,very_high,9_14,Y,L,0,0.3532621,29.046080094482836
32.0,36.8158114,35.482638888888886,1,1,0,0,0,0,0,0,0,2,1,853.6666666666666,16.0,52.76656,3,1,PET,UPPER APEX,LANG_09,Round-Trip,google,Direct,Direct,Logged-Out,AREA_B,AREA_C,AREA_B_TO_AREA_C,BI,CA,31_60,mid,30_plus,Y,L,0,0.550356,29.040391357717514
42.0,222.6337664,11.958333333333334,1,1,0,0,0,0,0,0,0,2,1,292.9166666666667,19.0,71.9544,2,1,PET,UPPER APEX,LANG_09,Round-Trip,opera,Paid Search,Paid Search,Logged-Out,AREA_C,AREA_C,AREA_C_TO_AREA_C,CA,CA,31_60,very_high,9_14,Y,Q,0,0.40320867,29.01263814053536
233.0,85.0552404,9.20486111111111,2,2,0,0,0,0,0,0,0,2,1,222.75,18.0,53.1092,5,1,PET,UPPER APEX,LANG_09,Round-Trip,opera,Paid Search,Paid Search,Logged-Out,AREA_C,AREA_C,AREA_C_TO_AREA_C,CA,CI,120_plus,high,9_14,Y,S,0,0.54626846,29.011881062316895
33.0,78.1780273,,1,1,0,0,0,0,0,0,1,2,1,-338.0,17.0,76.2374,5,1,PET,UPPER APEX,LANG_02,Round-Trip,apple,Direct,Direct,Logged-Out,AREA_C,AREA_B,AREA_C_TO_AREA_B,CA,BU,31_60,high,unknown_or_oneway,Y,O,0,0.38053128,29.010715499860044
88.0,84.0170412,31.17013888888889,2,2,0,0,0,0,0,0,0,2,1,751.0833333333334,23.0,48.3979,4,1,PET,UPPER APEX,LANG_09,Round-Trip,google,Paid Search,Paid Search,Logged-Out,AREA_C,AREA_B,AREA_C_TO_AREA_B,CA,BO,61_120,high,30_plus,Y,T,0,0.5992188,29.000930871468782
7.0,87.74153799999999,,1,1,0,0,0,0,0,1,0,1,0,13.166666666666666,22.0,40.5818533,4,1,PET,UPPER VERTEX,LANG_02,One-Way,apple,Direct,Direct,Logged-In,AREA_C,AREA_C,AREA_C_TO_AREA_C,CA,CA,4_7,high,unknown_or_oneway,Y,S,0,0.7145378,28.99726815086612
19.0,69.5627728,5.048611111111111,2,2,0,0,0,0,0,1,0,4,1,122.75,9.0,52.779409,5,0,PET,CENTRAL AURORA,LANG_01,Round-Trip,microsoft,Direct,Paid Search,Logged-In,AREA_B,AREA_C,AREA_B_TO_AREA_C,BI,CU,15_30,high,6_8,Y,O,0,0.5491146,28.981943265505194
1.0,76.245966,29.618055555555557,1,1,0,0,0,0,0,1,0,2,1,717.5833333333334,17.0,54.1568218,4,1,PET,EAST HORIZON,LANG_02,Round-Trip,google,Direct,Paid Search,Logged-In,AREA_C,AREA_C,AREA_C_TO_AREA_C,CE,CA,0_3,high,15_30,Y,H,0,0.53512657,28.980754123339725
60.0,70.6078248,7.267361111111111,2,2,0,0,0,0,0,0,1,2,1,181.08333333333334,20.0,52.6714774,3,1,PET,UPPER APEX,LANG_09,Round-Trip,apple,Direct,Direct,Logged-Out,AREA_C,AREA_B,AREA_C_TO_AREA_B,CA,BE,31_60,high,6_8,Y,O,0,0.5493552,28.93535046876594
30.0,29.8786363,13.677083333333334,1,1,0,0,0,0,0,0,0,2,1,334.9166666666667,23.0,54.1568218,3,1,PET,EAST HORIZON,LANG_02,Round-Trip,apple,Direct,Direct,Logged-Out,AREA_C,AREA_C,AREA_C_TO_AREA_C,CE,CA,15_30,low,9_14,Y,V,0,0.53422344,28.931843495741344
73.0,478.2295008,,3,2,0,1,0,1,0,0,0,1,0,14.166666666666666,18.0,40.4824877,3,1,PET,UPPER APEX,LANG_09,One-Way,apple,Direct,Paid Search,Logged-Out,AREA_B,AREA_C,AREA_B_TO_AREA_C,BU,CA,61_120,very_high,unknown_or_oneway,P,R,0,0.714627,28.929879851325776
84.0,153.4753088,102.6875,1,1,0,0,0,0,0,0,0,2,1,2468.0,16.0,53.8668627,1,1,PET,UPPER VERTEX,LANG_02,Round-Trip,apple,Direct,Organic Search,Logged-Out,AREA_B,AREA_C,AREA_B_TO_AREA_C,BU,CA,61_120,very_high,30_plus,Y,V,0,0.5367334,28.912143766422773
44.0,249.6372248,7.236111111111111,2,2,0,0,0,0,0,0,0,2,1,188.08333333333334,16.0,82.2224642,3,1,PET,UPPER APEX,LANG_09,Round-Trip,google,MetaSearches,MetaSearches,Logged-Out,AREA_C,AREA_B,AREA_C_TO_AREA_B,CA,BI,31_60,very_high,6_8,Y,L,0,0.35155636,28.90583028371307
22.0,123.2570306,20.67013888888889,1,1,0,0,0,0,0,0,0,2,1,499.75,21.0,51.396,2,1,PET,UPPER VERTEX,LANG_11,Round-Trip,apple,Direct,Direct,Logged-Out,AREA_B,AREA_C,AREA_B_TO_AREA_C,BI,CA,15_30,very_high,15_30,Y,O,0,0.5623017,28.90005793404579
19.0,253.51077,9.319444444444445,2,2,0,0,0,0,0,1,0,2,1,239.83333333333334,6.0,50.1762016,5,1,PET,UPPER APEX,LANG_09,Round-Trip,apple,Direct,Direct,Logged-In,AREA_C,AREA_B,AREA_C_TO_AREA_B,CA,BO,15_30,very_high,9_14,Y,O,0,0.5755452,28.878671571902846
51.0,56.17754119999999,9.17013888888889,2,1,1,0,0,0,1,0,0,2,1,223.08333333333334,17.0,48.3979,6,1,PET,UPPER APEX,LANG_09,Round-Trip,apple,Direct,Direct,Logged-Out,AREA_C,AREA_B,AREA_C_TO_AREA_B,CA,BO,31_60,high,9_14,Y,U,0,0.59649146,28.86893383988142
5.0,170.2955064,13.32986111111111,1,1,0,0,0,0,0,0,0,2,1,334.5833333333333,19.0,63.9267731,3,1,PET,UPPER VERTEX,LANG_11,Round-Trip,google,Organic Search,Organic Search,Logged-Out,AREA_C,AREA_B,AREA_C_TO_AREA_B,CA,BI,4_7,very_high,9_14,Y,T,1,0.45148483,28.86196823355474
37.0,58.40598609999999,15.48263888888889,1,1,0,0,0,0,0,0,0,2,1,373.6666666666667,23.0,52.76656,3,1,PET,SOUTH MERIDIAN,LANG_02,Round-Trip,apple,Paid Search,Paid Search,Logged-Out,AREA_B,AREA_C,AREA_B_TO_AREA_C,BI,CA,31_60,high,15_30,Y,T,0,0.5469359,28.859926824970245
42.0,181.8835912,18.01736111111111,2,2,0,0,0,0,0,0,0,2,1,436.0833333333333,14.0,50.4417476,1,1,PET,LOWER VERTEX,LANG_02,Round-Trip,google,Direct,Direct,Logged-Out,AREA_D,AREA_C,AREA_D_TO_AREA_C,DA,CA,31_60,very_high,15_30,Y,O,0,0.5721316,28.859316457461713
38.0,292.1151622,146.11111111111111,1,1,0,0,0,0,0,1,0,4,1,3508.0,15.0,46.5527836,1,0,PET,CENTRAL AURORA,LANG_02,Round-Trip,google,MetaSearches,MetaSearches,Logged-In,AREA_C,AREA_B,AREA_C_TO_AREA_B,CI,BI,31_60,very_high,30_plus,Y,Y,1,0.6198908,28.857642689759206
128.0,325.1259564,13.64236111111111,2,2,0,0,0,0,0,0,0,2,1,333.3333333333333,16.0,76.2374,2,0,PET,UPPER APEX,LANG_09,Round-Trip,google,MetaSearches,Email,Logged-Out,AREA_B,AREA_C,AREA_B_TO_AREA_C,BE,CA,120_plus,very_high,9_14,Y,W,0,0.37850258,28.856052405196426
46.0,189.4966237,,2,2,0,0,0,0,0,0,0,1,0,16.083333333333332,9.0,40.140276,4,0,PET,LOWER VERTEX,LANG_02,One-Way,apple,Direct,Direct,Logged-Out,AREA_B,AREA_B,AREA_B_TO_AREA_B,BU,BE,31_60,very_high,unknown_or_oneway,Y,V,0,0.71842825,28.83790840687609
135.0,280.0285362,37.770833333333336,2,1,0,1,0,1,0,0,0,2,1,910.0,11.0,53.8668627,1,1,PET,LOWER VERTEX,LANG_02,Round-Trip,apple,Paid Search,Paid Search,Logged-Out,AREA_B,AREA_C,AREA_B_TO_AREA_C,BU,CA,120_plus,very_high,30_plus,Y,V,0,0.5353456,28.83738868403937
17.0,192.0848406,13.76388888888889,2,1,0,1,0,1,0,0,0,2,1,334.0,14.0,52.9704308,1,1,PET,NORTH MERIDIAN,LANG_02,Round-Trip,apple,Direct,MetaSearches,Logged-Out,AREA_B,AREA_C,AREA_B_TO_AREA_C,BI,CA,15_30,very_high,9_14,Y,O,0,0.5443688,28.83545003553536
74.0,172.3110862,11.885416666666666,1,1,0,0,0,0,0,1,0,2,1,291.1666666666667,13.0,71.9544,2,1,PET,UPPER APEX,LANG_09,Round-Trip,google,Direct,Direct,Logged-In,AREA_C,AREA_C,AREA_C_TO_AREA_C,CA,CA,61_120,very_high,9_14,Y,L,0,0.4005689,28.822695037508012
52.0,186.8981276,8.770833333333334,2,2,0,0,0,0,0,0,0,2,1,214.0,11.0,53.8668627,1,1,PET,LOWER VERTEX,LANG_02,Round-Trip,apple,Email,MetaSearches,Logged-Out,AREA_B,AREA_C,AREA_B_TO_AREA_C,BU,CA,31_60,very_high,9_14,Y,W,0,0.5350577,28.821880929544168
12.0,83.0310946,6.274305555555555,2,2,0,0,0,0,0,1,1,2,1,152.66666666666666,20.0,52.76656,5,1,PET,SOUTH MERIDIAN,LANG_02,Round-Trip,mozilla,Internal,Internal,Logged-In,AREA_B,AREA_C,AREA_B_TO_AREA_C,BI,CA,8_14,high,6_8,Y,L,0,0.54615754,28.818854545335768
32.0,97.06305919999998,40.739583333333336,1,1,0,0,0,0,0,0,0,2,1,980.9166666666666,13.0,55.0862328,3,1,PET,LOWER VERTEX,LANG_02,Round-Trip,apple,Direct,Direct,Logged-Out,AREA_B,AREA_C,AREA_B_TO_AREA_C,BU,CA,31_60,high,30_plus,Y,O,0,0.52314836,28.818272230465077
22.0,18.3303834,,1,1,0,0,0,0,0,1,1,1,0,3.5,13.0,40.9998741,5,1,PET,UPPER APEX,LANG_02,One-Way,samsung,Direct,Direct,Logged-In,AREA_C,AREA_B,AREA_C_TO_AREA_B,CA,BO,15_30,very_low,unknown_or_oneway,Y,L,0,0.7028382,28.8162769930958
3.0,32.4257364,,1,1,0,0,0,0,0,1,0,1,0,2.75,15.0,36.5279938,5,1,PET,UPPER VERTEX,LANG_02,One-Way,apple,Direct,Direct,Logged-In,AREA_C,AREA_C,AREA_C_TO_AREA_C,CA,CI,0_3,low,unknown_or_oneway,Y,Q,0,0.788858,28.815400003909215
6.0,170.44070010000002,,2,1,0,0,1,1,0,0,0,2,1,30.5,20.0,51.3236173,4,0,PET,NORTH MERIDIAN,LANG_02,One-Way,google,MetaSearches,Paid Search,Logged-Out,AREA_B,AREA_B,AREA_B_TO_AREA_B,BI,BO,4_7,very_high,unknown_or_oneway,Y,S,0,0.56132686,28.809325013755835
13.0,26.7040767,,1,1,0,0,0,0,0,0,0,1,0,6.75,10.0,45.3998,5,1,PET,UPPER APEX,LANG_09,One-Way,google,Direct,Paid Search,Logged-Out,AREA_C,AREA_C,AREA_C_TO_AREA_C,CA,CE,8_14,low,unknown_or_oneway,Y,S,0,0.63433236,28.79856222473383
48.0,107.27972739999998,6.78125,1,1,0,0,0,0,0,1,1,2,1,166.08333333333334,20.0,80.9649754,3,1,PET,UPPER APEX,LANG_09,Round-Trip,google,Direct,Direct,Logged-In,AREA_B,AREA_C,AREA_B_TO_AREA_C,BU,CA,31_60,very_high,6_8,Y,U,0,0.35566175,28.79614482649896
27.0,446.7845714,16.76388888888889,2,2,0,0,0,0,0,0,0,2,1,406.0,9.0,47.62696,2,1,PET,NORTH MERIDIAN,LANG_02,Round-Trip,google,Paid Search,Paid Search,Logged-Out,AREA_B,AREA_C,AREA_B_TO_AREA_C,BI,CA,15_30,very_high,15_30,Y,T,0,0.6045715,28.793903661246297
6.0,50.2340221,,1,1,0,0,0,0,0,1,0,1,0,14.5,14.0,40.5818533,4,1,PET,SOUTH HORIZON,LANG_02,One-Way,apple,Direct,Direct,Logged-In,AREA_C,AREA_C,AREA_C_TO_AREA_C,CA,CA,4_7,mid,unknown_or_oneway,Y,W,0,0.70935625,28.786991209144944
2.0,31.8196919,,1,1,0,0,0,0,0,0,0,2,1,7.916666666666667,18.0,37.827456,2,0,PET,CENTRAL AURORA,LANG_02,One-Way,apple,Direct,Organic Search,Logged-Out,AREA_C,AREA_B,AREA_C_TO_AREA_B,CU,BA,0_3,low,unknown_or_oneway,Y,S,1,0.76073825,28.776792815322874
53.0,63.29674380000001,5.631944444444445,3,2,0,1,0,1,0,0,0,4,1,136.08333333333334,16.0,51.396,3,0,PET,UPPER APEX,LANG_09,Round-Trip,google,Paid Search,Paid Search,Logged-Out,AREA_C,AREA_B,AREA_C_TO_AREA_B,CA,BA,31_60,high,6_8,Y,L,0,0.559838,28.773433691740035
13.0,229.22830149999996,,3,2,0,1,0,1,0,1,0,1,0,3.3333333333333335,13.0,37.51908,3,1,PET,WEST ZENITH,LANG_10,One-Way,apple,Direct,Direct,Logged-In,AREA_C,AREA_C,AREA_C_TO_AREA_C,CE,CA,8_14,very_high,unknown_or_oneway,Y,S,1,0.7668239,28.770526793217662
69.0,37.2826584,6.111111111111111,2,2,0,0,0,0,0,0,0,4,1,147.58333333333334,12.0,51.396,3,0,PET,UPPER APEX,LANG_09,Round-Trip,microsoft,Paid Search,Organic Search,Logged-Out,AREA_C,AREA_B,AREA_C_TO_AREA_B,CA,BA,61_120,mid,6_8,Y,U,0,0.5596215,28.762307276487352
28.0,18.1483559,,1,1,0,0,0,0,0,1,0,1,0,3.4166666666666665,15.0,40.9998741,5,1,PET,UPPER VERTEX,LANG_11,One-Way,google,Direct,Direct,Logged-In,AREA_C,AREA_B,AREA_C_TO_AREA_B,CA,BO,15_30,very_low,unknown_or_oneway,Y,L,1,0.7011979,28.74902653060203
17.0,63.8698092,,1,1,0,0,0,0,0,1,0,1,0,4.0,11.0,40.024635,4,1,PET,UPPER VERTEX,LANG_02,One-Way,opera,Organic Search,Organic Search,Logged-In,AREA_B,AREA_C,AREA_B_TO_AREA_C,BO,CA,15_30,high,unknown_or_oneway,Y,V,0,0.7180963,28.741542937171165
123.0,75.2343214,,2,2,0,0,0,0,0,0,0,1,0,4.0,21.0,40.024635,4,1,PET,UPPER MERIDIAN,LANG_02,One-Way,apple,Direct,Direct,Logged-Out,AREA_B,AREA_C,AREA_B_TO_AREA_C,BO,CA,120_plus,high,unknown_or_oneway,Y,U,0,0.71804833,28.739622485579254
98.0,21.4758186,,1,1,0,0,0,0,0,0,0,1,0,3.9166666666666665,12.0,41.8003668,5,1,PET,GREAT MERIDIAN,LANG_02,One-Way,google,Paid Search,Paid Search,Logged-Out,AREA_C,AREA_B,AREA_C_TO_AREA_B,CA,BA,61_120,low,unknown_or_oneway,Y,L,0,0.6874138,28.734149471762894
6.0,42.8321415,,1,1,0,0,0,0,0,0,0,1,0,6.083333333333333,14.0,57.3922,5,1,PET,UPPER APEX,LANG_02,One-Way,google,MetaSearches,MetaSearches,Logged-Out,AREA_C,AREA_B,AREA_C_TO_AREA_B,CA,BU,4_7,mid,unknown_or_oneway,Y,S,0,0.50053483,28.72679521251917
45.0,33.7209156,16.17013888888889,1,1,0,0,0,0,0,0,0,2,1,391.0833333333333,20.0,48.3979,4,1,PET,UPPER APEX,LANG_09,Round-Trip,apple,Direct,Direct,Logged-Out,AREA_C,AREA_B,AREA_C_TO_AREA_B,CA,BO,31_60,low,15_30,Y,U,0,0.59348696,28.723522768980263
35.0,132.9798689,23.06597222222222,1,1,0,0,0,0,0,0,0,2,1,558.5833333333334,20.0,51.396,3,1,PET,UPPER APEX,LANG_02,Round-Trip,apple,Direct,Direct,Logged-Out,AREA_C,AREA_C,AREA_C_TO_AREA_C,CA,CA,31_60,very_high,15_30,Y,V,0,0.5587573,28.71789045524597
1.0,39.0639581,,1,1,0,0,0,0,0,1,0,1,0,2.75,1.0,36.5279938,5,1,PET,UPPER VERTEX,LANG_10,One-Way,apple,Direct,Direct,Logged-In,AREA_C,AREA_C,AREA_C_TO_AREA_C,CA,CI,0_3,mid,unknown_or_oneway,Y,K,0,0.786101,28.714691855833934
185.0,235.5572906,22.0,1,1,0,0,0,0,0,0,0,2,1,535.25,20.0,126.4547184,3,1,PET,UPPER APEX,LANG_09,Round-Trip,google,Direct,Paid Search,Logged-Out,AREA_C,AREA_B,AREA_C_TO_AREA_B,CA,BU,120_plus,very_high,15_30,Y,S,0,0.22706406,28.71332153649781
286.0,428.9407368,12.0,2,2,0,0,0,0,0,0,0,2,1,295.25,15.0,126.4547184,3,1,PET,UPPER APEX,LANG_09,Round-Trip,apple,Paid Search,Paid Search,Logged-Out,AREA_C,AREA_B,AREA_C_TO_AREA_B,CA,BU,120_plus,very_high,9_14,Y,T,0,0.22701278,28.706837584005118
6.0,80.6154826,,2,2,0,0,0,0,0,0,0,1,0,1.5,21.0,43.6977358,3,1,PET,NORTH ZENITH,LANG_02,One-Way,apple,Paid Search,Paid Search,Logged-Out,AREA_B,AREA_C,AREA_B_TO_AREA_C,BI,CA,4_7,high,unknown_or_oneway,Y,S,0,0.6565824,28.691164906136688
39.0,217.186647,7.315972222222222,1,1,0,0,0,0,0,0,0,2,1,194.91666666666666,3.0,77.7827064,1,1,PET,EAST ZENITH,LANG_02,Round-Trip,google,Paid Search,Paid Search,Logged-Out,AREA_C,AREA_C,AREA_C_TO_AREA_C,CA,CA,31_60,very_high,6_8,P,R,0,0.3688281,28.688446884486936
13.0,96.4728618,,1,1,0,0,0,0,0,0,0,1,0,14.5,15.0,42.500209,4,1,PET,SOUTH MERIDIAN,LANG_02,One-Way,apple,Paid Search,Paid Search,Logged-Out,AREA_B,AREA_C,AREA_B_TO_AREA_C,BU,CA,8_14,high,unknown_or_oneway,Y,S,0,0.67500573,28.68788476978856
2.0,68.6046657,,1,1,0,0,0,0,0,0,0,1,0,5.083333333333333,14.0,51.396,5,1,PET,UPPER VERTEX,LANG_10,One-Way,apple,MetaSearches,MetaSearches,Logged-Out,AREA_C,AREA_B,AREA_C_TO_AREA_B,CA,BU,0_3,high,unknown_or_oneway,Y,Q,0,0.5580098,28.679471850156784
29.0,49.5808646,,1,1,0,0,0,0,0,1,0,1,0,4.0,15.0,40.024635,4,1,PET,UPPER APEX,LANG_02,One-Way,google,Direct,Organic Search,Logged-In,AREA_B,AREA_C,AREA_B_TO_AREA_C,BO,CA,15_30,mid,unknown_or_oneway,Y,L,0,0.71637243,28.672545047803226
20.0,47.64494859999999,,1,1,0,0,0,0,0,1,0,1,0,4.916666666666667,19.0,57.3922,5,1,PET,NORTH VERTEX,LANG_02,One-Way,google,MetaSearches,Organic Search,Logged-In,AREA_C,AREA_B,AREA_C_TO_AREA_B,CA,BU,15_30,mid,unknown_or_oneway,Y,V,0,0.49954242,28.6698381983161
68.0,818.9185943,5.829861111111111,1,1,0,0,0,0,0,0,0,2,1,145.83333333333334,18.0,71.9544,4,1,PET,UPPER VERTEX,LANG_11,Round-Trip,google,Organic Search,Organic Search,Logged-Out,AREA_C,AREA_C,AREA_C_TO_AREA_C,CA,CA,61_120,very_high,6_8,C,D,0,0.39822263,28.65387006669045
231.0,415.2865328,14.82986111111111,2,2,0,0,0,0,0,0,0,2,1,361.8333333333333,21.0,71.9544,2,1,PET,UPPER APEX,LANG_09,Round-Trip,google,Direct,Paid Search,Logged-Out,AREA_C,AREA_C,AREA_C_TO_AREA_C,CA,CA,120_plus,very_high,15_30,Y,V,0,0.39817917,28.65074351949692
104.0,182.4969168,18.65625,2,2,0,0,0,0,0,0,0,2,1,451.0,22.0,52.9704308,1,1,PET,NORTH MERIDIAN,LANG_02,Round-Trip,google,Paid Search,Paid Search,Logged-Out,AREA_B,AREA_C,AREA_B_TO_AREA_C,BI,CA,61_120,very_high,15_30,Y,U,0,0.5407806,28.64538155610707
14.0,66.62634800000001,50.982638888888886,1,1,0,0,0,0,0,0,0,2,1,1225.4166666666667,13.0,53.640292,2,1,PET,UPPER MERIDIAN,LANG_01,Round-Trip,google,Direct,Paid Search,Logged-Out,AREA_C,AREA_B,AREA_C_TO_AREA_B,CA,BA,8_14,high,30_plus,C,Z,0,0.53399986,28.64390843373847
52.0,19.8427107,8.802083333333334,1,1,0,0,0,0,0,0,0,2,1,215.08333333333334,9.0,46.517663,1,1,PET,GREAT MERIDIAN,LANG_03,Round-Trip,apple,Direct,Direct,Logged-Out,AREA_B,AREA_C,AREA_B_TO_AREA_C,BA,CA,31_60,very_low,9_14,Y,O,0,0.61564785,28.638499325584828
252.0,753.216946,12.885416666666666,4,4,0,0,0,0,0,0,0,2,1,315.1666666666667,19.0,71.9544,2,1,PET,UPPER APEX,LANG_09,Round-Trip,apple,Paid Search,Paid Search,Logged-Out,AREA_C,AREA_C,AREA_C_TO_AREA_C,CA,CA,120_plus,very_high,9_14,Y,S,0,0.3978397,28.626316565394404
89.0,164.9100622,10.958333333333334,1,1,0,0,0,0,0,0,0,2,1,268.9166666666667,16.0,71.9544,2,1,PET,UPPER APEX,LANG_09,Round-Trip,google,Direct,Direct,Logged-Out,AREA_C,AREA_C,AREA_C_TO_AREA_C,CA,CA,61_120,very_high,9_14,Y,W,0,0.39775354,28.620117081213
93.0,209.92653369999996,22.65625,2,2,0,0,0,0,0,0,0,2,1,547.0,19.0,52.9704308,1,1,PET,NORTH MERIDIAN,LANG_02,Round-Trip,google,Direct,Paid Search,Logged-Out,AREA_B,AREA_C,AREA_B_TO_AREA_C,BI,CA,61_120,very_high,15_30,Y,O,0,0.5402789,28.618806699107935
1.0,53.9096927,57.59722222222222,1,1,0,0,0,0,0,0,0,4,1,1387.4166666666667,16.0,47.75545,5,0,PET,UPPER APEX,LANG_02,Round-Trip,microsoft,Organic Search,Organic Search,Logged-Out,AREA_B,AREA_B,AREA_B_TO_AREA_B,BU,BE,0_3,mid,30_plus,Y,V,0,0.599274,28.618598572137955
16.0,16.3233696,7.881944444444445,1,1,0,0,0,0,0,0,0,2,1,191.16666666666666,10.0,59.8660608,3,1,PET,UPPER APEX,LANG_09,Round-Trip,apple,Direct,Direct,Logged-Out,AREA_C,AREA_C,AREA_C_TO_AREA_C,CU,CA,15_30,very_low,6_8,Y,L,0,0.47804025,28.61838656092987
48.0,177.91667660000002,79.59027777777777,2,1,0,1,0,1,0,0,0,2,1,1913.3333333333333,14.0,55.0862328,3,1,PET,LOWER VERTEX,LANG_02,Round-Trip,google,Paid Search,Paid Search,Logged-Out,AREA_B,AREA_C,AREA_B_TO_AREA_C,BU,CA,31_60,very_high,30_plus,Y,O,0,0.5195081,28.61774542698383
39.0,131.0914942,163.39930555555554,1,1,0,0,0,0,0,0,0,2,1,3935.0,12.0,54.1486841,4,1,PET,NORTH MERIDIAN,LANG_02,Round-Trip,apple,Paid Search,Paid Search,Logged-Out,AREA_C,AREA_B,AREA_C_TO_AREA_B,CA,BI,31_60,very_high,30_plus,Y,L,0,0.5284743,28.616186371463577
15.0,269.5595993,,2,2,0,0,0,0,0,1,0,1,0,14.416666666666666,9.0,38.1187,4,1,PET,NEW MERIDIAN,LANG_10,One-Way,apple,Direct,Direct,Logged-In,AREA_B,AREA_C,AREA_B_TO_AREA_C,BI,CA,15_30,very_high,unknown_or_oneway,Y,T,0,0.7506649,28.614369735294577
47.0,118.3581352,31.01388888888889,1,1,0,0,0,0,0,0,0,4,1,747.4166666666666,15.0,44.2082694,2,0,PET,NORTH MERIDIAN,LANG_02,Round-Trip,google,Paid Search,Paid Search,Logged-Out,AREA_B,AREA_B,AREA_B_TO_AREA_B,BO,BI,31_60,very_high,30_plus,Y,W,0,0.6472066,28.61188392834395
42.0,95.1121527,6.086805555555555,3,1,0,2,0,1,0,0,0,4,1,147.33333333333334,12.0,55.4537142,4,1,PET,NORTH HORIZON,LANG_04,Round-Trip,google,Direct,Paid Search,Logged-Out,AREA_B,AREA_C,AREA_B_TO_AREA_C,BA,CA,31_60,high,6_8,Y,L,0,0.51574636,28.600050973009445
153.0,436.5760409,37.78125,3,1,1,1,0,1,1,1,0,2,1,910.0,21.0,52.9704308,1,1,PET,NORTH MERIDIAN,LANG_02,Round-Trip,apple,Paid Search,Paid Search,Logged-In,AREA_B,AREA_C,AREA_B_TO_AREA_C,BI,CA,120_plus,very_high,30_plus,Y,U,0,0.5398801,28.597681313794734
93.0,209.3500419,20.90277777777778,2,2,0,0,0,0,0,0,0,2,1,505.0,8.0,52.9704308,1,1,PET,NORTH MERIDIAN,LANG_02,Round-Trip,google,Paid Search,Organic Search,Logged-Out,AREA_B,AREA_C,AREA_B_TO_AREA_C,BI,CA,61_120,very_high,15_30,Y,O,0,0.5397912,28.592973803780986
6.0,116.2658897,38.21875,1,1,0,0,0,0,0,1,0,2,1,933.1666666666666,10.0,74.0959,3,1,PET,LOWER VERTEX,LANG_02,Round-Trip,apple,Direct,Direct,Logged-In,AREA_C,AREA_B,AREA_C_TO_AREA_B,CA,BU,4_7,very_high,30_plus,Y,U,0,0.38564447,28.574673764941096
4.0,62.4123043,,1,1,0,0,0,0,0,0,0,1,0,11.666666666666666,22.0,51.396,5,1,PET,UPPER APEX,LANG_02,One-Way,google,MetaSearches,MetaSearches,Logged-Out,AREA_C,AREA_C,AREA_C_TO_AREA_C,CA,CE,4_7,high,unknown_or_oneway,Y,L,0,0.55596006,28.574123200893403
0.0,83.4041439,,1,1,0,0,0,0,0,0,0,1,0,10.083333333333334,16.0,52.9730006,5,1,PET,UPPER APEX,LANG_09,One-Way,apple,Direct,Direct,Logged-Out,AREA_C,AREA_C,AREA_C_TO_AREA_C,CA,CE,invalid_or_past,high,unknown_or_oneway,Y,Q,0,0.5394052,28.573913398017336
27.0,47.7220426,18.48263888888889,1,1,0,0,0,0,0,0,0,2,1,445.6666666666667,21.0,52.76656,3,1,PET,UPPER APEX,LANG_09,Round-Trip,microsoft,Organic Search,Paid Search,Logged-Out,AREA_B,AREA_C,AREA_B_TO_AREA_C,BI,CA,15_30,mid,15_30,Y,L,0,0.5413986,28.567740911016465
5.0,296.242261,10.902777777777779,2,2,0,0,0,0,0,0,0,2,1,265.3333333333333,13.0,53.5006662,3,1,PET,NORTH MERIDIAN,LANG_02,Round-Trip,google,Paid Search,Paid Search,Logged-Out,AREA_B,AREA_C,AREA_B_TO_AREA_C,BI,CA,4_7,very_high,9_14,Y,U,0,0.53396463,28.567463643117428
18.0,40.9360574,,1,1,0,0,0,0,0,1,1,1,0,4.0,12.0,40.024635,4,1,PET,UPPER APEX,LANG_02,One-Way,google,Direct,Direct,Logged-In,AREA_B,AREA_C,AREA_B_TO_AREA_C,BO,CA,15_30,mid,unknown_or_oneway,Y,L,0,0.7137406,28.567206488746407
53.0,35.7167936,,1,1,0,0,0,0,0,1,0,1,0,4.0,14.0,40.024635,4,1,PET,UPPER APEX,LANG_02,One-Way,google,Email,Organic Search,Logged-In,AREA_B,AREA_C,AREA_B_TO_AREA_C,BO,CA,31_60,mid,unknown_or_oneway,Y,O,0,0.71358764,28.561084900193812
31.0,63.4959033,,1,1,0,0,0,0,0,1,0,1,0,4.0,15.0,40.024635,4,1,PET,UPPER APEX,LANG_02,One-Way,google,Direct,Direct,Logged-In,AREA_B,AREA_C,AREA_B_TO_AREA_C,BO,CA,31_60,high,unknown_or_oneway,Y,V,0,0.71319604,28.545411152418854
1.0,45.658493199999995,,1,1,0,0,0,0,0,1,0,1,0,4.833333333333333,22.0,40.024635,4,1,PET,UPPER APEX,LANG_02,One-Way,google,Organic Search,Organic Search,Logged-In,AREA_B,AREA_C,AREA_B_TO_AREA_C,BO,CA,0_3,mid,unknown_or_oneway,Y,W,0,0.71319085,28.54520360050768
27.0,52.3476826,8.82986111111111,1,1,0,0,0,0,0,0,0,2,1,215.33333333333334,11.0,48.3979,4,1,PET,UPPER APEX,LANG_09,Round-Trip,apple,Direct,Direct,Logged-Out,AREA_B,AREA_C,AREA_B_TO_AREA_C,BO,CA,15_30,mid,9_14,Y,Q,0,0.589426,28.52697968800664
47.0,18.4485942,,1,1,0,0,0,0,0,0,0,1,0,3.9166666666666665,10.0,41.8153573,4,1,PET,UPPER APEX,LANG_09,One-Way,google,Paid Search,Paid Search,Logged-Out,AREA_C,AREA_C,AREA_C_TO_AREA_C,CI,CA,31_60,very_low,unknown_or_oneway,Y,O,0,0.6821994,28.526412436301776
150.0,188.3556325,20.885416666666668,1,1,0,0,0,0,0,0,0,2,1,507.1666666666667,17.0,71.9544,2,1,PET,UPPER APEX,LANG_09,Round-Trip,google,Paid Search,Paid Search,Logged-Out,AREA_C,AREA_C,AREA_C_TO_AREA_C,CA,CA,120_plus,very_high,15_30,Y,S,0,0.39644444,28.525921805477147
89.0,208.8887628,19.78472222222222,2,2,0,0,0,0,0,0,0,2,1,478.0,13.0,55.0862328,3,1,PET,LOWER VERTEX,LANG_02,Round-Trip,microsoft,Paid Search,MetaSearches,Logged-Out,AREA_B,AREA_C,AREA_B_TO_AREA_C,BU,CA,61_120,very_high,15_30,Y,O,0,0.5178294,28.52527188068275
62.0,83.7917554,,3,2,0,1,0,1,0,1,0,1,0,4.083333333333333,13.0,38.1187,4,1,PET,UPPER APEX,LANG_02,One-Way,google,Paid MetaSearches,Paid MetaSearches,Logged-In,AREA_C,AREA_C,AREA_C_TO_AREA_C,CE,CA,61_120,high,unknown_or_oneway,Y,W,0,0.74831116,28.524648690736292
36.0,38.4424948,7.524305555555555,2,2,0,0,0,0,0,0,0,4,1,181.5,21.0,51.396,3,0,PET,UPPER APEX,LANG_09,Round-Trip,google,Direct,MetaSearches,Logged-Out,AREA_C,AREA_B,AREA_C_TO_AREA_B,CA,BA,31_60,mid,6_8,Y,O,0,0.5548478,28.516956341028212
2.0,182.4026908,290.34375,1,1,0,0,0,0,0,1,0,2,1,6982.833333333333,14.0,54.1486841,4,1,PET,UPPER VERTEX,LANG_11,Round-Trip,apple,Organic Search,Paid Search,Logged-In,AREA_C,AREA_B,AREA_C_TO_AREA_B,CA,BI,0_3,very_high,30_plus,Y,T,0,0.52658695,28.513990397272007
122.0,46.8898557,,1,1,0,0,0,0,0,0,0,1,0,12.333333333333334,20.0,51.396,5,1,PET,UPPER APEX,LANG_09,One-Way,google,Paid MetaSearches,Organic Search,Logged-Out,AREA_C,AREA_C,AREA_C_TO_AREA_C,CA,CE,120_plus,mid,unknown_or_oneway,Y,U,0,0.55468667,28.50867586183548
1.0,74.4826549,,1,1,0,0,0,0,0,0,0,1,0,14.166666666666666,,40.5818533,4,1,PET,UPPER APEX,LANG_02,One-Way,apple,Direct,Direct,Logged-Out,AREA_C,AREA_C,AREA_C_TO_AREA_C,CA,CA,0_3,high,unknown_or_oneway,Y,S,0,0.7024213,28.50555845834757
9.0,97.1560003,18.95138888888889,1,1,0,0,0,0,0,0,0,2,1,458.5,11.0,51.396,3,1,PET,NORTH MERIDIAN,LANG_02,Round-Trip,apple,Paid Search,Paid Search,Logged-Out,AREA_B,AREA_C,AREA_B_TO_AREA_C,BI,CA,8_14,high,15_30,Y,U,0,0.5545871,28.50355991649628
44.0,154.25952610000002,,2,2,0,0,0,0,0,1,0,2,1,6.083333333333333,13.0,39.1457634,4,0,PET,UPPER VERTEX,LANG_11,One-Way,google,Direct,Paid Search,Logged-In,AREA_C,AREA_B,AREA_C_TO_AREA_B,CU,BI,31_60,very_high,unknown_or_oneway,Y,S,0,0.7279793,28.4973055320945
26.0,35.6658259,,1,1,0,0,0,0,0,1,0,1,0,4.833333333333333,16.0,40.024635,4,1,PET,UPPER APEX,LANG_02,One-Way,other,Direct,Direct,Logged-In,AREA_B,AREA_C,AREA_B_TO_AREA_C,BO,CA,15_30,mid,unknown_or_oneway,Y,O,0,0.711852,28.49161703695804
52.0,25.0654009,17.052083333333332,1,1,0,0,0,0,0,1,1,2,1,410.75,19.0,52.7074546,2,1,PET,LOWER MERIDIAN,LANG_02,Round-Trip,google,Paid Search,Email,Logged-In,AREA_B,AREA_C,AREA_B_TO_AREA_C,BA,CA,31_60,low,15_30,Y,U,0,0.54036427,28.481224988241003
138.0,428.99041959999994,7.892361111111111,2,2,0,0,0,0,0,0,0,2,1,196.66666666666666,15.0,126.4547184,4,1,PET,UPPER APEX,LANG_09,Round-Trip,apple,Direct,Direct,Logged-Out,AREA_C,AREA_B,AREA_C_TO_AREA_B,CA,BU,120_plus,very_high,6_8,Y,S,0,0.22521727,28.47978618743241
97.0,552.0637095,6.885416666666667,3,2,1,0,0,0,1,0,0,2,1,171.16666666666666,20.0,71.9544,5,1,PET,UPPER APEX,LANG_09,Round-Trip,google,Paid Search,Paid Search,Logged-Out,AREA_C,AREA_C,AREA_C_TO_AREA_C,CA,CA,61_120,very_high,6_8,Y,T,0,0.3957939,28.47911366271973
52.0,140.3436308,,3,2,0,1,0,1,0,1,0,1,0,4.0,17.0,40.024635,4,1,PET,OLD HORIZON,LANG_02,One-Way,google,MetaSearches,Paid Search,Logged-In,AREA_B,AREA_C,AREA_B_TO_AREA_C,BO,CA,31_60,very_high,unknown_or_oneway,Y,L,1,0.71120125,28.46557046493262
41.0,34.0614141,22.510416666666668,1,1,0,0,0,0,0,1,1,2,1,542.0,10.0,53.640292,3,1,PET,WEST APEX,LANG_02,Round-Trip,microsoft,Direct,Direct,Logged-In,AREA_C,AREA_B,AREA_C_TO_AREA_B,CA,BA,31_60,low,15_30,Y,W,0,0.5305564,28.459199185826066
15.0,102.4523581,15.76388888888889,1,1,0,0,0,0,0,0,0,2,1,382.0,16.0,52.9704308,1,1,PET,NORTH MERIDIAN,LANG_02,Round-Trip,apple,Direct,Direct,Logged-Out,AREA_B,AREA_C,AREA_B_TO_AREA_C,BI,CA,15_30,very_high,15_30,Y,O,0,0.5371515,28.453147180052735
13.0,74.3991364,,1,1,0,0,0,0,0,0,0,1,0,14.5,9.0,42.500209,4,1,PET,LOWER VERTEX,LANG_02,One-Way,apple,Direct,Organic Search,Logged-Out,AREA_B,AREA_C,AREA_B_TO_AREA_C,BU,CA,8_14,high,unknown_or_oneway,Y,S,0,0.66946226,28.452286119938908
57.0,74.0984698,,1,1,0,0,0,0,0,0,0,1,0,4.0,22.0,40.024635,4,1,PET,UPPER APEX,LANG_02,One-Way,google,Internal,Internal,Logged-Out,AREA_B,AREA_C,AREA_B_TO_AREA_C,BO,CA,31_60,high,unknown_or_oneway,Y,V,0,0.7107888,28.449061738204662
80.0,773.76678,14.319444444444445,4,2,2,0,0,0,1,0,0,2,1,359.8333333333333,14.0,50.1762016,5,1,PET,UPPER APEX,LANG_02,Round-Trip,apple,Direct,Direct,Logged-Out,AREA_C,AREA_B,AREA_C_TO_AREA_B,CA,BO,61_120,very_high,15_30,Y,V,0,0.56682605,28.441177931798745
52.0,82.2909922,,2,2,0,0,0,0,0,0,0,1,0,4.083333333333333,18.0,38.1187,4,1,PET,UPPER APEX,LANG_02,One-Way,google,Direct,Paid Search,Logged-Out,AREA_C,AREA_C,AREA_C_TO_AREA_C,CE,CA,31_60,high,unknown_or_oneway,Y,L,0,0.7460938,28.44012610017657
219.0,212.1836747,15.82986111111111,1,1,0,0,0,0,0,1,0,2,1,385.8333333333333,22.0,71.9544,2,1,PET,UPPER VERTEX,LANG_11,Round-Trip,other,Direct,Direct,Logged-In,AREA_C,AREA_C,AREA_C_TO_AREA_C,CA,CA,120_plus,very_high,15_30,Y,W,0,0.39524862,28.439877425408365
58.0,37.5058027,,1,1,0,0,0,0,0,0,0,1,0,4.0,17.0,40.024635,4,1,PET,UPPER APEX,LANG_02,One-Way,google,Organic Search,Paid Search,Logged-Out,AREA_B,AREA_C,AREA_B_TO_AREA_C,BO,CA,31_60,mid,unknown_or_oneway,Y,U,0,0.7104744,28.436477412555817
13.0,45.5462786,,1,1,0,0,0,0,0,1,0,1,0,4.0,20.0,40.024635,4,1,PET,UPPER APEX,LANG_02,One-Way,google,Direct,Direct,Logged-In,AREA_B,AREA_C,AREA_B_TO_AREA_C,BO,CA,8_14,mid,unknown_or_oneway,Y,W,0,0.71020424,28.42566562794149
8.0,70.4275105,,1,1,0,0,0,0,0,1,0,1,0,4.0,13.0,40.024635,4,1,PET,UPPER APEX,LANG_02,One-Way,google,Direct,Direct,Logged-In,AREA_B,AREA_C,AREA_B_TO_AREA_C,BO,CA,8_14,high,unknown_or_oneway,Y,S,0,0.71020424,28.42566562794149
6.0,70.6001154,,1,1,0,0,0,0,0,1,0,1,0,4.0,12.0,40.024635,4,1,PET,UPPER APEX,LANG_02,One-Way,google,Direct,Direct,Logged-In,AREA_B,AREA_C,AREA_B_TO_AREA_C,BO,CA,4_7,high,unknown_or_oneway,Y,S,0,0.71020424,28.42566562794149
11.0,45.7677097,,1,1,0,0,0,0,0,1,0,1,0,4.0,10.0,40.024635,4,1,PET,UPPER APEX,LANG_02,One-Way,google,Direct,Email,Logged-In,AREA_B,AREA_C,AREA_B_TO_AREA_C,BO,CA,8_14,mid,unknown_or_oneway,Y,W,0,0.71020424,28.42566562794149
106.0,169.238462,17.041666666666668,1,1,0,0,0,0,0,1,0,4,1,427.0833333333333,13.0,39.836183,2,0,PET,UPPER HORIZON,LANG_02,Round-Trip,samsung,Direct,Direct,Logged-In,AREA_C,AREA_C,AREA_C_TO_AREA_C,CA,CI,61_120,very_high,15_30,P,R,0,0.71354187,28.42478432619679
172.0,48.09809,6.489583333333333,2,2,0,0,0,0,0,0,0,3,1,159.08333333333334,19.0,57.8736092,4,0,PET,UPPER APEX,LANG_09,Round-Trip,apple,Direct,Direct,Logged-Out,AREA_B,AREA_B,AREA_B_TO_AREA_B,BE,BA,120_plus,mid,6_8,Y,W,0,0.49110237,28.421866501965557
101.0,142.7489636,47.197916666666664,3,1,1,1,0,1,1,1,1,2,1,1136.25,21.0,51.396,4,1,PET,UPPER APEX,LANG_02,Round-Trip,google,Internal,Paid Search,Logged-In,AREA_C,AREA_B,AREA_C_TO_AREA_B,CA,BA,61_120,very_high,30_plus,Y,V,1,0.5529235,28.418056233644485
39.0,68.7712744,12.239583333333334,2,2,0,0,0,0,0,0,0,2,1,300.4166666666667,18.0,48.3979,6,1,PET,UPPER APEX,LANG_02,Round-Trip,google,Direct,Affiliate,Logged-Out,AREA_C,AREA_B,AREA_C_TO_AREA_B,CA,BE,31_60,high,9_14,Y,O,0,0.5867617,28.39803471095562
82.0,93.1668141,,1,1,0,0,0,0,0,0,0,1,0,14.5,22.0,49.888384,4,1,PET,LOWER VERTEX,LANG_02,One-Way,google,Paid Search,Paid Search,Logged-Out,AREA_B,AREA_C,AREA_B_TO_AREA_C,BU,CA,61_120,high,unknown_or_oneway,Y,S,0,0.56904846,28.3889083015213
16.0,41.1472093,,1,1,0,0,0,0,0,0,0,1,0,4.0,11.0,40.024635,4,1,PET,UPPER APEX,LANG_02,One-Way,google,Paid Search,Paid Search,Logged-Out,AREA_B,AREA_C,AREA_B_TO_AREA_C,BO,CA,15_30,mid,unknown_or_oneway,Y,L,0,0.70921445,28.386049455102686
51.0,137.24530860000002,244.33680555555554,4,2,0,2,0,1,0,0,0,2,1,5869.0,19.0,45.3998,3,1,PET,UPPER APEX,LANG_09,Round-Trip,apple,Organic Search,Organic Search,Logged-Out,AREA_B,AREA_C,AREA_B_TO_AREA_C,BU,CA,31_60,very_high,30_plus,Y,V,0,0.6251009,28.379456323945522
67.0,137.3039857,6.684027777777778,1,1,0,0,0,0,0,1,0,2,1,165.75,10.0,76.2374,5,0,PET,UPPER APEX,LANG_02,Round-Trip,samsung,MetaSearches,Referrals,Logged-In,AREA_B,AREA_C,AREA_B_TO_AREA_C,BE,CA,61_120,very_high,6_8,Y,S,0,0.3721751,28.373661775517462
61.0,201.061152,9.319444444444445,2,2,0,0,0,0,0,0,0,2,1,239.83333333333334,23.0,57.0898202,5,1,PET,UPPER APEX,LANG_09,Round-Trip,google,Direct,Direct,Logged-Out,AREA_C,AREA_B,AREA_C_TO_AREA_B,CA,BO,61_120,very_high,9_14,Y,O,0,0.49690706,28.36833444763919
12.0,49.5080536,,1,1,0,0,0,0,0,0,0,1,0,4.0,11.0,40.024635,4,1,PET,UPPER APEX,LANG_02,One-Way,google,Paid Search,Paid Search,Logged-Out,AREA_B,AREA_C,AREA_B_TO_AREA_C,BO,CA,8_14,mid,unknown_or_oneway,Y,V,0,0.70866483,28.36405133817226
27.0,177.7920413,,2,2,0,0,0,0,0,0,0,1,0,16.333333333333332,22.0,40.140276,3,0,PET,LOWER VERTEX,LANG_09,One-Way,google,Paid Search,Organic Search,Logged-Out,AREA_B,AREA_B,AREA_B_TO_AREA_B,BU,BE,15_30,very_high,unknown_or_oneway,Y,V,0,0.70653063,28.360334514277696
50.0,339.4011954,17.427083333333332,2,2,0,0,0,0,0,1,0,2,1,434.4166666666667,17.0,50.1762016,5,1,PET,UPPER APEX,LANG_09,Round-Trip,mozilla,Paid Search,Paid Search,Logged-In,AREA_C,AREA_B,AREA_C_TO_AREA_B,CA,BO,31_60,very_high,15_30,Y,Q,0,0.56519204,28.359189931485556
16.0,41.3527933,,1,1,0,0,0,0,0,0,1,1,0,4.0,19.0,40.024635,4,1,PET,OLD HORIZON,LANG_02,One-Way,google,Organic Search,Organic Search,Logged-Out,AREA_B,AREA_C,AREA_B_TO_AREA_C,BO,CA,15_30,mid,unknown_or_oneway,Y,L,0,0.70833033,28.35066304707438
23.0,35.7215049,,1,1,0,0,0,0,0,0,0,1,0,4.833333333333333,15.0,40.024635,4,1,PET,OLD HORIZON,LANG_02,One-Way,google,Organic Search,Organic Search,Logged-Out,AREA_B,AREA_C,AREA_B_TO_AREA_C,BO,CA,15_30,mid,unknown_or_oneway,Y,O,0,0.70833033,28.35066304707438
80.0,113.3316064,69.65625,1,1,0,0,0,0,0,0,0,2,1,1675.0,20.0,52.9704308,1,1,PET,NORTH MERIDIAN,LANG_02,Round-Trip,apple,Direct,Organic Search,Logged-Out,AREA_B,AREA_C,AREA_B_TO_AREA_C,BI,CA,61_120,very_high,30_plus,Y,U,0,0.53520507,28.350042923172165
11.0,45.8884903,,1,1,0,0,0,0,0,0,0,1,0,4.0,13.0,40.024635,4,1,PET,UPPER MERIDIAN,LANG_02,One-Way,google,Organic Search,Organic Search,Logged-Out,AREA_B,AREA_C,AREA_B_TO_AREA_C,BO,CA,8_14,mid,unknown_or_oneway,Y,W,0,0.70830595,28.34968731452644
12.0,45.748007900000005,,1,1,0,0,0,0,0,1,0,1,0,4.0,14.0,40.024635,4,1,PET,UPPER APEX,LANG_02,One-Way,samsung,Direct,Direct,Logged-In,AREA_B,AREA_C,AREA_B_TO_AREA_C,BO,CA,8_14,mid,unknown_or_oneway,Y,W,0,0.7083019,28.349525090044143
112.0,152.6653935,,1,1,0,0,0,0,0,0,0,1,0,14.166666666666666,21.0,50.0515663,3,1,PET,LOWER VERTEX,LANG_02,One-Way,apple,Paid Search,Organic Search,Logged-Out,AREA_B,AREA_C,AREA_B_TO_AREA_C,BU,CA,61_120,very_high,unknown_or_oneway,P,R,0,0.5661801,28.33820131229125
7.0,114.5989461,14.76388888888889,1,1,0,0,0,0,0,0,0,2,1,358.0,15.0,52.9704308,4,1,PET,NORTH MERIDIAN,LANG_02,Round-Trip,apple,Direct,Organic Search,Logged-Out,AREA_B,AREA_C,AREA_B_TO_AREA_C,BI,CA,4_7,very_high,15_30,Y,O,0,0.5349386,28.335926707698345
22.0,87.1800367,28.76388888888889,1,1,0,0,0,0,0,0,0,2,1,694.0,11.0,53.5006662,3,1,PET,NORTH MERIDIAN,LANG_02,Round-Trip,google,Organic Search,Organic Search,Logged-Out,AREA_B,AREA_C,AREA_B_TO_AREA_C,BI,CA,15_30,high,15_30,Y,O,0,0.5295863,28.33322067119722
62.0,35.6611146,,1,1,0,0,0,0,0,0,0,1,0,4.0,7.0,40.024635,4,1,PET,UPPER APEX,LANG_02,One-Way,google,Direct,Email,Logged-Out,AREA_B,AREA_C,AREA_B_TO_AREA_C,BO,CA,61_120,mid,unknown_or_oneway,Y,O,0,0.70778227,28.328726957151893
9.0,37.5285026,,1,1,0,0,0,0,0,0,0,1,0,4.833333333333333,8.0,40.024635,4,1,PET,UPPER APEX,LANG_02,One-Way,google,Direct,Direct,Logged-Out,AREA_B,AREA_C,AREA_B_TO_AREA_C,BO,CA,8_14,mid,unknown_or_oneway,Y,U,0,0.70778227,28.328726957151893
47.0,45.8400924,,1,1,0,0,0,0,0,0,0,1,0,4.0,23.0,40.024635,4,1,PET,UPPER APEX,LANG_02,One-Way,google,Direct,Direct,Logged-Out,AREA_B,AREA_C,AREA_B_TO_AREA_C,BO,CA,31_60,mid,unknown_or_oneway,Y,W,0,0.70778227,28.328726957151893
6.0,250.1224887,,2,1,0,1,0,1,0,0,0,2,1,30.5,21.0,51.3236173,4,0,PET,NORTH MERIDIAN,LANG_02,One-Way,google,MetaSearches,Paid Search,Logged-Out,AREA_B,AREA_B,AREA_B_TO_AREA_B,BI,BO,4_7,very_high,unknown_or_oneway,Y,S,0,0.55196065,28.328617016737457
185.0,130.305992,21.34375,1,1,0,0,0,0,0,1,0,2,1,526.8333333333334,20.0,90.2783589,2,1,PET,UPPER APEX,LANG_09,Round-Trip,google,Email,Organic Search,Logged-In,AREA_C,AREA_B,AREA_C_TO_AREA_B,CA,BI,120_plus,very_high,15_30,Y,W,0,0.31376353,28.32605648641429
34.0,31.7648695,8.274305555555555,1,1,0,0,0,0,0,0,0,2,1,200.66666666666666,23.0,52.76656,2,1,PET,SOUTH MERIDIAN,LANG_09,Round-Trip,apple,Direct,Direct,Logged-Out,AREA_B,AREA_C,AREA_B_TO_AREA_C,BI,CA,31_60,low,9_14,Y,L,0,0.53650784,28.309673389701842
21.0,97.7089356,21.89236111111111,1,1,0,0,0,0,0,0,0,4,1,528.75,11.0,46.4996744,5,0,PET,NORTH MERIDIAN,LANG_02,Round-Trip,apple,Direct,Email,Logged-Out,AREA_B,AREA_B,AREA_B_TO_AREA_B,BI,BE,15_30,high,15_30,Y,O,0,0.60868865,28.303824152941374
10.0,220.5123965,,1,1,0,0,0,0,0,1,0,1,0,3.6666666666666665,12.0,38.2480466,4,1,PET,NORTH MERIDIAN,LANG_02,One-Way,apple,Direct,Direct,Logged-In,AREA_C,AREA_B,AREA_C_TO_AREA_B,CA,BI,8_14,very_high,unknown_or_oneway,C,I,0,0.7395434,28.286089597971525
9.0,46.4799726,,1,1,0,0,0,0,0,0,0,1,0,11.666666666666666,16.0,51.396,5,1,PET,LOWER ZENITH,LANG_02,One-Way,google,MetaSearches,MetaSearches,Logged-Out,AREA_C,AREA_C,AREA_C_TO_AREA_C,CA,CE,8_14,mid,unknown_or_oneway,Y,O,0,0.55008656,28.27224872803688
65.0,35.6148582,,1,1,0,0,0,0,0,1,1,1,0,4.0,13.0,40.024635,4,1,PET,UPPER APEX,LANG_02,One-Way,microsoft,Paid Search,Paid Search,Logged-In,AREA_B,AREA_C,AREA_B_TO_AREA_C,BO,CA,61_120,mid,unknown_or_oneway,Y,O,0,0.70616716,28.264082886610332
26.0,116.0003437,17.427083333333332,1,1,0,0,0,0,0,1,0,2,1,434.4166666666667,3.0,50.1762016,5,1,PET,UPPER VERTEX,LANG_11,Round-Trip,google,Direct,Direct,Logged-In,AREA_C,AREA_B,AREA_C_TO_AREA_B,CA,BO,15_30,very_high,15_30,Y,O,0,0.56325763,28.262128628422737
34.0,183.993397,217.0,1,1,0,0,0,0,0,0,0,2,1,5215.25,5.0,76.2374,3,1,PET,UPPER APEX,LANG_09,Round-Trip,apple,Email,Email,Logged-Out,AREA_C,AREA_B,AREA_C_TO_AREA_B,CA,BU,31_60,very_high,30_plus,Y,S,0,0.3706955,28.260861231082675
27.0,47.8286893,,1,1,0,0,0,0,0,0,1,1,0,4.0,17.0,40.024635,4,1,PET,UPPER APEX,LANG_09,One-Way,google,Direct,Organic Search,Logged-Out,AREA_B,AREA_C,AREA_B_TO_AREA_C,BO,CA,15_30,mid,unknown_or_oneway,Y,V,0,0.7058849,28.252784428549113
42.0,70.7744335,,1,1,0,0,0,0,0,0,0,1,0,4.0,8.0,40.024635,4,1,PET,UPPER APEX,LANG_02,One-Way,other,Direct,Direct,Logged-Out,AREA_B,AREA_C,AREA_B_TO_AREA_C,BO,CA,31_60,high,unknown_or_oneway,Y,S,0,0.7058706,28.25221425720692
123.0,26.5768716,,1,1,0,0,0,0,0,0,0,2,1,9.083333333333334,23.0,37.827456,5,0,PET,GREAT MERIDIAN,LANG_03,One-Way,apple,Paid Search,Paid Search,Logged-Out,AREA_C,AREA_B,AREA_C_TO_AREA_B,CU,BA,120_plus,low,unknown_or_oneway,Y,V,0,0.7468047,28.24972246710205
12.0,47.4153798,,1,1,0,0,0,0,0,0,0,1,0,4.0,16.0,40.024635,4,1,PET,UPPER APEX,LANG_02,One-Way,google,Paid Search,Paid Search,Logged-Out,AREA_B,AREA_C,AREA_B_TO_AREA_C,BO,CA,8_14,mid,unknown_or_oneway,Y,W,0,0.70564526,28.243194098860325
15.0,49.385988100000006,,1,1,0,0,0,0,0,1,0,1,0,14.5,14.0,40.5818533,4,1,PET,LOWER VERTEX,LANG_02,One-Way,apple,Direct,Direct,Logged-In,AREA_C,AREA_C,AREA_C_TO_AREA_C,CA,CA,15_30,mid,unknown_or_oneway,Y,W,0,0.69595164,28.24300738296403
24.0,102.1816725,,1,1,0,0,0,0,0,0,0,3,1,-633.25,13.0,76.2374,5,1,PET,UPPER APEX,LANG_09,Round-Trip,apple,Paid Search,Paid Search,Logged-Out,AREA_C,AREA_B,AREA_C_TO_AREA_B,CA,BU,15_30,high,unknown_or_oneway,Y,O,0,0.3704139,28.23939261577129
19.0,63.424377199999995,,1,1,0,0,0,0,0,1,0,1,0,4.0,11.0,40.024635,4,1,PET,OLD HORIZON,LANG_02,One-Way,google,Direct,Direct,Logged-In,AREA_B,AREA_C,AREA_B_TO_AREA_C,BO,CA,15_30,high,unknown_or_oneway,Y,V,0,0.70522845,28.226511219379308
24.0,98.4781624,7.402777777777778,2,2,0,0,0,0,0,0,0,2,1,179.33333333333334,21.0,51.396,4,1,PET,UPPER APEX,LANG_09,Round-Trip,apple,Paid Search,Paid Search,Logged-Out,AREA_C,AREA_B,AREA_C_TO_AREA_B,CA,BA,15_30,high,6_8,Y,W,0,0.54914916,28.22407000207901
102.0,141.3398566,166.71875,2,2,0,0,0,0,0,0,0,2,1,4004.75,16.0,50.6045016,1,1,PET,LOWER VERTEX,LANG_02,Round-Trip,apple,Direct,Direct,Logged-Out,AREA_B,AREA_C,AREA_B_TO_AREA_C,BU,CA,61_120,very_high,30_plus,Y,O,1,0.55773425,28.22386379823475
69.0,166.78044830000002,191.32291666666666,1,1,0,0,0,0,0,1,1,2,1,4608.0,12.0,56.1073,5,1,PET,LOWER VERTEX,LANG_02,Round-Trip,google,Direct,Organic Search,Logged-In,AREA_C,AREA_B,AREA_C_TO_AREA_B,CA,BO,61_120,very_high,30_plus,Y,W,0,0.5029509,28.2192174104929
96.0,92.9051228,21.197916666666668,4,2,0,2,0,1,0,0,0,2,1,512.25,21.0,48.3979,5,1,PET,UPPER APEX,LANG_02,Round-Trip,google,Email,Affiliate,Logged-Out,AREA_C,AREA_B,AREA_C_TO_AREA_B,CA,BA,61_120,high,15_30,Y,O,0,0.5830165,28.216774980580805
7.0,63.20208950000001,,1,1,0,0,0,0,0,1,0,1,0,4.0,12.0,40.024635,4,1,PET,OLD HORIZON,LANG_02,One-Way,google,Organic Search,Organic Search,Logged-In,AREA_B,AREA_C,AREA_B_TO_AREA_C,BO,CA,4_7,high,unknown_or_oneway,P,J,0,0.7047548,28.207554811491967
15.0,268.5166888,10.5625,2,2,0,0,0,0,0,0,0,2,1,262.5833333333333,1.0,53.3935912,2,1,PET,SOUTH HORIZON,LANG_02,Round-Trip,google,Organic Search,MetaSearches,Logged-Out,AREA_C,AREA_C,AREA_C_TO_AREA_C,CE,CA,15_30,very_high,9_14,Y,O,0,0.5281942,28.202184605507473
42.0,371.8958881,18.21527777777778,3,1,0,2,0,1,0,1,0,2,1,453.25,22.0,74.0959,3,1,PET,UPPER VERTEX,LANG_11,Round-Trip,apple,Direct,Direct,Logged-In,AREA_C,AREA_B,AREA_C_TO_AREA_B,CA,BU,31_60,very_high,15_30,Y,V,0,0.38059226,28.200325799474122
93.0,323.6508912,,3,2,1,0,0,0,1,1,0,1,0,4.666666666666667,14.0,40.024635,4,1,PET,UPPER APEX,LANG_02,One-Way,google,Paid Search,Paid Search,Logged-In,AREA_B,AREA_C,AREA_B_TO_AREA_C,BO,CA,61_120,very_high,unknown_or_oneway,Y,Q,0,0.70445526,28.195564513726833
0.0,42.6856629,4.854166666666667,1,1,0,0,0,0,0,1,0,2,1,118.91666666666667,16.0,76.6579906,2,0,PET,NORTH HORIZON,LANG_09,Round-Trip,apple,Direct,Direct,Logged-In,AREA_B,AREA_B,AREA_B_TO_AREA_B,BA,BE,invalid_or_past,mid,3_5,Y,K,0,0.36776608,28.192208878943003
26.0,63.1978065,20.51388888888889,2,2,0,0,0,0,0,0,0,2,1,498.4166666666667,16.0,45.3998,2,1,PET,OLD MERIDIAN,LANG_02,Round-Trip,google,Paid Search,MetaSearches,Logged-Out,AREA_B,AREA_C,AREA_B_TO_AREA_C,BU,CA,15_30,high,15_30,Y,O,0,0.6209572,28.191332496011256
2.0,84.9828577,,1,1,0,0,0,0,0,1,0,1,0,4.0,13.0,40.024635,4,1,PET,UPPER VERTEX,LANG_10,One-Way,google,Internal,Internal,Logged-In,AREA_B,AREA_C,AREA_B_TO_AREA_C,BO,CA,0_3,high,unknown_or_oneway,Y,Q,0,0.7043079,28.189667176664475
3.0,135.32823779999998,15.76388888888889,1,1,0,0,0,0,0,0,0,2,1,382.0,19.0,52.9704308,1,1,PET,NORTH MERIDIAN,LANG_02,Round-Trip,apple,Paid Search,Paid Search,Logged-Out,AREA_B,AREA_C,AREA_B_TO_AREA_C,BI,CA,0_3,very_high,15_30,Y,S,0,0.53192365,28.176224983006623
22.0,87.66358740000001,27.76388888888889,1,1,0,0,0,0,0,0,0,2,1,670.0,14.0,53.5006662,3,1,PET,NORTH MERIDIAN,LANG_02,Round-Trip,google,Direct,Paid Search,Logged-Out,AREA_B,AREA_C,AREA_B_TO_AREA_C,BI,CA,15_30,high,15_30,Y,O,0,0.5265902,28.172928016730044
93.0,54.595400999999995,8.875,2,1,0,1,0,1,0,0,0,2,1,215.16666666666666,18.0,59.8660608,2,1,PET,CENTRAL APEX,LANG_09,Round-Trip,google,Paid Search,Paid Search,Logged-Out,AREA_C,AREA_C,AREA_C_TO_AREA_C,CU,CA,61_120,high,9_14,Y,U,0,0.47059828,28.172865268588257
31.0,195.1103518,11.76388888888889,2,2,0,0,0,0,0,0,0,2,1,286.0,16.0,51.396,3,1,PET,NORTH MERIDIAN,LANG_02,Round-Trip,google,Direct,Organic Search,Logged-Out,AREA_B,AREA_C,AREA_B_TO_AREA_C,BI,CA,31_60,very_high,9_14,Y,U,0,0.54802096,28.166085203647615
104.0,209.532926,21.78125,2,2,0,0,0,0,0,0,0,2,1,526.0,15.0,52.9704308,1,1,PET,NORTH MERIDIAN,LANG_02,Round-Trip,microsoft,Direct,Direct,Logged-Out,AREA_B,AREA_C,AREA_B_TO_AREA_C,BI,CA,61_120,very_high,15_30,Y,O,0,0.53161216,28.159725018330672
173.0,379.7813194,21.0,3,2,0,1,0,1,0,1,0,2,1,511.25,15.0,126.4547184,4,1,PET,UPPER APEX,LANG_02,Round-Trip,mozilla,Paid Search,Paid Search,Logged-In,AREA_C,AREA_B,AREA_C_TO_AREA_B,CA,BU,120_plus,very_high,15_30,Y,L,0,0.2226337,28.153082414348244
5.0,457.4355358,134.71875,5,2,0,3,0,1,0,0,0,3,1,3247.6666666666665,14.0,44.9676453,3,0,PET,UPPER MERIDIAN,LANG_02,Round-Trip,apple,Paid Search,Organic Search,Logged-Out,AREA_C,AREA_B,AREA_C_TO_AREA_B,CE,BI,4_7,very_high,30_plus,Y,Q,1,0.6259965,28.149587242308463
91.0,132.7849924,8.70138888888889,1,1,0,0,0,0,0,1,0,2,1,214.75,16.0,71.9544,2,1,PET,UPPER APEX,LANG_09,Round-Trip,samsung,Direct,Direct,Logged-In,AREA_C,AREA_C,AREA_C_TO_AREA_C,CA,CA,61_120,very_high,9_14,Y,L,0,0.39114448,28.144566679787637
18.0,64.223585,,1,1,0,0,0,0,0,1,0,1,0,4.0,,40.024635,4,1,PET,OLD HORIZON,LANG_02,One-Way,google,Paid Search,Paid Search,Logged-In,AREA_B,AREA_C,AREA_B_TO_AREA_C,BO,CA,15_30,high,unknown_or_oneway,Y,V,0,0.70308065,28.14054655768633
115.0,218.7507986,11.010416666666666,1,1,0,0,0,0,0,1,0,2,1,270.9166666666667,11.0,126.4547184,3,1,PET,UPPER APEX,LANG_09,Round-Trip,google,Paid Search,Paid Search,Logged-In,AREA_C,AREA_B,AREA_C_TO_AREA_B,CA,BU,61_120,very_high,9_14,Y,S,0,0.22250515,28.136826367224028
112.0,245.16148979999997,13.0,1,1,0,0,0,0,0,1,1,2,1,319.25,9.0,126.4547184,3,1,PET,UPPER APEX,LANG_09,Round-Trip,google,Paid Search,Display,Logged-In,AREA_C,AREA_B,AREA_C_TO_AREA_B,CA,BU,61_120,very_high,9_14,Y,E,0,0.22250515,28.136826367224028
28.0,65.9894659,,1,1,0,0,0,0,0,1,1,3,1,-224.33333333333334,2.0,76.2374,5,1,PET,LOWER VERTEX,LANG_02,Round-Trip,apple,Direct,Direct,Logged-In,AREA_C,AREA_B,AREA_C_TO_AREA_B,CA,BU,15_30,high,unknown_or_oneway,Y,O,0,0.36897266,28.1295162017107
67.0,79.689498,28.743055555555557,1,1,0,0,0,0,0,0,0,2,1,693.1666666666666,12.0,52.9704308,1,1,PET,NORTH MERIDIAN,LANG_02,Round-Trip,google,Paid Search,Paid Search,Logged-Out,AREA_B,AREA_C,AREA_B_TO_AREA_C,BI,CA,61_120,high,15_30,Y,O,0,0.5309234,28.123242605045057
2.0,87.3530699,,1,1,0,0,0,0,0,0,0,1,0,14.5,16.0,48.8262,4,1,PET,LOWER VERTEX,LANG_02,One-Way,google,Organic Search,MetaSearches,Logged-Out,AREA_B,AREA_C,AREA_B_TO_AREA_C,BU,CA,0_3,high,unknown_or_oneway,Y,T,0,0.57595277,28.121585056829453
21.0,59.5996582,,1,1,0,0,0,0,0,0,0,1,0,4.0,17.0,40.024635,4,1,PET,OLD HORIZON,LANG_02,One-Way,google,Organic Search,Paid Search,Logged-Out,AREA_B,AREA_C,AREA_B_TO_AREA_C,BO,CA,15_30,high,unknown_or_oneway,Y,T,0,0.70246273,28.115814481098358
62.0,74.6762465,,1,1,0,0,0,0,0,0,0,3,1,7.083333333333333,5.0,49.6883679,5,0,PET,LOWER VERTEX,LANG_02,Multi-City,google,Email,Organic Search,Logged-Out,AREA_B,AREA_B,AREA_B_TO_AREA_B,BE,BU,61_120,high,unknown_or_oneway,Y,O,0,0.5658312,28.11522805912428
105.0,226.3783933,22.041666666666668,1,1,0,0,0,0,0,1,0,4,1,547.0833333333334,22.0,39.836183,2,0,PET,UPPER HORIZON,LANG_02,Round-Trip,samsung,Direct,Direct,Logged-In,AREA_C,AREA_C,AREA_C_TO_AREA_C,CA,CI,61_120,very_high,15_30,P,R,0,0.70572186,28.113264969395637
2.0,30.6251632,9.878472222222221,1,1,0,0,0,0,0,0,0,2,1,239.16666666666666,14.0,52.76656,3,1,PET,SOUTH MERIDIAN,LANG_09,Round-Trip,apple,Direct,Direct,Logged-Out,AREA_B,AREA_C,AREA_B_TO_AREA_C,BI,CA,0_3,low,9_14,Y,W,0,0.5327777,28.112847879953385
23.0,175.21153379999998,,2,1,1,0,0,0,1,0,0,1,0,14.5,18.0,40.2075191,3,1,PET,UPPER VERTEX,LANG_10,One-Way,apple,Direct,Direct,Logged-Out,AREA_B,AREA_C,AREA_B_TO_AREA_C,BU,CA,15_30,very_high,unknown_or_oneway,Y,S,0,0.699182,28.112372571333985
219.0,142.5579418,18.12152777777778,1,1,0,0,0,0,0,1,0,3,1,435.9166666666667,17.0,71.9544,2,1,PET,UPPER APEX,LANG_09,Round-Trip,google,Paid Search,Paid Search,Logged-In,AREA_C,AREA_C,AREA_C_TO_AREA_C,CA,CA,120_plus,very_high,15_30,Y,L,0,0.3906828,28.111345507550244
77.0,587.1611813000001,12.427083333333334,1,1,0,0,0,0,0,1,0,2,1,314.4166666666667,12.0,56.1073,4,1,PET,UPPER APEX,LANG_09,Round-Trip,apple,Direct,Direct,Logged-In,AREA_C,AREA_B,AREA_C_TO_AREA_B,CA,BO,61_120,very_high,9_14,C,Z,0,0.5010257,28.111197951841355
30.0,46.3017998,,1,1,0,0,0,0,0,0,0,1,0,12.333333333333334,22.0,51.396,5,1,PET,OLD HORIZON,LANG_02,One-Way,microsoft,MetaSearches,MetaSearches,Logged-Out,AREA_C,AREA_C,AREA_C_TO_AREA_C,CA,CE,15_30,mid,unknown_or_oneway,Y,O,0,0.5469448,28.110774788618087
109.0,548.4184482000001,57.697916666666664,4,2,0,2,0,1,0,0,0,2,1,1390.0,21.0,49.5495987,1,1,PET,LOWER VERTEX,LANG_02,Round-Trip,google,Organic Search,Organic Search,Logged-Out,AREA_B,AREA_C,AREA_B_TO_AREA_C,BO,CA,61_120,very_high,30_plus,Y,O,0,0.567135,28.10131048871101
2.0,106.4548216,13.28125,3,2,0,1,0,1,0,0,0,2,1,325.4166666666667,12.0,48.3979,6,1,PET,UPPER APEX,LANG_02,Round-Trip,google,Paid Search,Paid Search,Logged-Out,AREA_C,AREA_B,AREA_C_TO_AREA_B,CA,BE,0_3,very_high,9_14,Y,O,0,0.5806133,28.10046516314149
5.0,87.19674040000001,30.72222222222222,1,1,0,0,0,0,0,1,0,2,1,741.0,13.0,53.5006662,3,1,PET,NORTH MERIDIAN,LANG_02,Round-Trip,google,Direct,Direct,Logged-In,AREA_B,AREA_C,AREA_B_TO_AREA_C,BI,CA,4_7,high,30_plus,Y,O,0,0.52521753,28.099487921389674
43.0,79.008501,,1,1,0,0,0,0,0,0,0,1,0,4.0,16.0,40.024635,4,1,PET,OLD HORIZON,LANG_02,One-Way,google,Email,Organic Search,Logged-Out,AREA_B,AREA_C,AREA_B_TO_AREA_C,BO,CA,31_60,high,unknown_or_oneway,Y,T,0,0.7020318,28.09856620158345
18.0,22.413795599999997,,2,2,0,0,0,0,0,1,0,1,0,3.0,18.0,37.767494,4,1,PET,UPPER APEX,LANG_09,One-Way,google,Paid Search,Paid Search,Logged-In,AREA_C,AREA_C,AREA_C_TO_AREA_C,CI,CA,15_30,low,unknown_or_oneway,Y,U,0,0.74396855,28.097827611993193
61.0,19.1754193,11.677083333333334,1,1,0,0,0,0,0,1,0,2,1,287.0,23.0,54.1568218,2,1,PET,EAST HORIZON,LANG_02,Round-Trip,apple,Direct,Direct,Logged-In,AREA_C,AREA_C,AREA_C_TO_AREA_C,CE,CA,61_120,very_low,9_14,Y,O,0,0.51881915,28.09759643217527
19.0,33.5268957,8.878472222222221,1,1,0,0,0,0,0,0,0,2,1,215.16666666666666,9.0,59.8660608,3,1,PET,CENTRAL APEX,LANG_09,Round-Trip,google,Organic Search,Organic Search,Logged-Out,AREA_C,AREA_C,AREA_C_TO_AREA_C,CU,CA,15_30,low,9_14,Y,U,0,0.46931827,28.09623612727661
46.0,78.0092771,23.5625,1,1,0,0,0,0,0,1,0,2,1,574.5833333333334,20.0,53.3935912,2,1,PET,SOUTH AURORA,LANG_02,Round-Trip,google,Paid Search,Paid Search,Logged-In,AREA_C,AREA_C,AREA_C_TO_AREA_C,CE,CA,31_60,high,15_30,Y,O,0,0.5262003,28.09572341356583
35.0,652.7853073,163.76388888888889,2,2,0,0,0,0,0,0,0,2,1,3933.6666666666665,10.0,42.457379,2,1,PET,NORTH MERIDIAN,LANG_02,Round-Trip,google,Direct,Paid Search,Logged-Out,AREA_B,AREA_C,AREA_B_TO_AREA_C,BI,CA,31_60,very_high,30_plus,P,R,0,0.6616939,28.09378746392721
128.0,113.4399663,123.02083333333333,1,1,0,0,0,0,0,1,1,2,1,2968.5833333333335,12.0,80.2094542,3,1,PET,UPPER APEX,LANG_02,Round-Trip,apple,Direct,Direct,Logged-In,AREA_C,AREA_B,AREA_C_TO_AREA_B,CA,BU,120_plus,very_high,30_plus,Y,L,0,0.35025227,28.093543465041137
7.0,55.0155633,,1,1,0,0,0,0,0,1,0,1,0,4.0,16.0,40.024635,4,1,PET,UPPER APEX,LANG_02,One-Way,mozilla,Paid Search,Paid Search,Logged-In,AREA_B,AREA_C,AREA_B_TO_AREA_C,BO,CA,4_7,high,unknown_or_oneway,Y,V,0,0.7017541,28.08745143889189
2.0,97.125591,,1,1,0,0,0,0,0,1,1,3,1,35.75,11.0,48.8262,4,1,PET,LOWER VERTEX,LANG_02,One-Way,google,Direct,Direct,Logged-In,AREA_B,AREA_C,AREA_B_TO_AREA_C,BU,CA,0_3,high,unknown_or_oneway,Y,S,0,0.57509506,28.079706295895576
23.0,222.93015,15.54513888888889,2,1,0,1,0,1,0,1,0,2,1,376.25,21.0,53.8668627,3,1,PET,LOWER VERTEX,LANG_02,Round-Trip,apple,Direct,Direct,Logged-In,AREA_B,AREA_C,AREA_B_TO_AREA_C,BU,CA,15_30,very_high,15_30,Y,W,0,0.52124715,28.077948581759046
52.0,17.8455478,9.427083333333334,1,1,0,0,0,0,0,0,0,2,1,227.83333333333334,8.0,55.5342346,2,1,PET,UPPER APEX,LANG_02,Round-Trip,apple,Direct,Direct,Logged-Out,AREA_B,AREA_C,AREA_B_TO_AREA_C,BA,CA,31_60,very_low,9_14,Y,O,0,0.5055764,28.076796859006546
140.0,603.4472888,15.82986111111111,4,2,0,2,0,1,0,0,0,2,1,385.8333333333333,10.0,71.9544,2,1,PET,UPPER APEX,LANG_09,Round-Trip,google,MetaSearches,MetaSearches,Logged-Out,AREA_C,AREA_C,AREA_C_TO_AREA_C,CA,CA,120_plus,very_high,15_30,Y,V,0,0.3901204,28.070878379917147
1.0,38.966733999999995,,1,1,0,0,0,0,0,0,0,1,0,2.75,10.0,36.5279938,5,1,PET,UPPER APEX,LANG_09,One-Way,apple,Direct,Paid Search,Logged-Out,AREA_C,AREA_C,AREA_C_TO_AREA_C,CA,CI,0_3,mid,unknown_or_oneway,Y,K,0,0.76840305,28.068221966247748
27.0,56.64909949999999,6.815972222222222,2,2,0,0,0,0,0,0,0,2,1,167.0,23.0,48.3979,4,1,PET,LOWER VERTEX,LANG_02,Round-Trip,google,Organic Search,Organic Search,Logged-Out,AREA_B,AREA_C,AREA_B_TO_AREA_C,BO,CA,15_30,high,6_8,Y,U,0,0.57974726,28.058549896210433
6.0,128.280133,14.239583333333334,1,1,0,0,0,0,0,0,0,2,1,356.25,14.0,76.2374,5,1,PET,UPPER APEX,LANG_09,Round-Trip,apple,Paid Search,Paid Search,Logged-Out,AREA_C,AREA_B,AREA_C_TO_AREA_B,CA,BU,4_7,very_high,15_30,Y,W,0,0.36803392,28.05794884921908
4.0,40.5959872,24.21875,1,1,0,0,0,0,0,0,0,4,1,586.3333333333334,21.0,47.75545,4,0,PET,WEST APEX,LANG_02,Round-Trip,microsoft,Paid Search,Paid Search,Logged-Out,AREA_B,AREA_B,AREA_B_TO_AREA_B,BU,BE,4_7,mid,15_30,Y,V,0,0.5874556,28.05420513367951
16.0,63.8985053,,1,1,0,0,0,0,0,0,0,1,0,4.0,18.0,40.024635,4,1,PET,OLD HORIZON,LANG_02,One-Way,google,Paid Search,Paid Search,Logged-Out,AREA_B,AREA_C,AREA_B_TO_AREA_C,BO,CA,15_30,high,unknown_or_oneway,Y,V,0,0.7006243,28.04223136445135
19.0,131.57290339999997,1.09375,1,1,0,0,0,0,0,0,0,5,1,29.583333333333332,17.0,65.4583739,4,0,PET,NORTH MERIDIAN,LANG_02,Round-Trip,google,Direct,Paid Search,Logged-Out,AREA_C,AREA_B,AREA_C_TO_AREA_B,CI,BI,15_30,very_high,1_2,Y,S,0,0.42838362,28.04129507850972
235.0,771.1267388,23.0,5,2,1,1,1,1,1,0,0,2,1,559.25,22.0,126.4547184,4,1,PET,UPPER APEX,LANG_09,Round-Trip,google,Direct,Direct,Logged-Out,AREA_C,AREA_B,AREA_C_TO_AREA_B,CA,BU,120_plus,very_high,15_30,Y,S,0,0.22172315,28.037939025502467
0.0,426.8296461,,5,3,0,0,2,1,0,0,0,2,1,31.583333333333332,13.0,51.3236173,5,0,PET,NORTH MERIDIAN,LANG_02,One-Way,apple,Organic Search,Paid Search,Logged-Out,AREA_B,AREA_B,AREA_B_TO_AREA_B,BI,BO,invalid_or_past,very_high,unknown_or_oneway,Y,V,0,0.54611385,28.028538172201575
21.0,43.9230216,,1,1,0,0,0,0,0,1,0,1,0,4.833333333333333,10.0,40.024635,4,1,PET,OLD HORIZON,LANG_02,One-Way,google,Paid Search,Paid Search,Logged-In,AREA_B,AREA_C,AREA_B_TO_AREA_C,BO,CA,15_30,mid,unknown_or_oneway,Y,O,0,0.70002776,28.018355737703743
15.0,177.2510984,3.1458333333333335,2,2,0,0,0,0,0,0,0,2,1,77.83333333333333,10.0,57.5566672,3,0,PET,UPPER APEX,LANG_09,Round-Trip,apple,Affiliate,Affiliate,Logged-Out,AREA_B,AREA_B,AREA_B_TO_AREA_B,BE,BA,15_30,very_high,3_5,C,Z,0,0.4867785,28.017347992000197
113.0,328.0375398,34.697916666666664,1,1,0,0,0,0,0,0,0,2,1,838.0,11.0,49.5495987,1,1,PET,LOWER VERTEX,LANG_02,Round-Trip,microsoft,Email,Email,Logged-Out,AREA_B,AREA_C,AREA_B_TO_AREA_C,BO,CA,61_120,very_high,30_plus,P,R,0,0.56543285,28.016970638161556
144.0,134.0827414,92.78472222222223,1,1,0,0,0,0,0,0,0,2,1,2230.0,14.0,55.0862328,2,1,PET,LOWER VERTEX,LANG_09,Round-Trip,apple,Paid Search,MetaSearches,Logged-Out,AREA_B,AREA_C,AREA_B_TO_AREA_C,BU,CA,120_plus,very_high,30_plus,Y,L,0,0.5085811,28.015816976634262
28.0,173.3098818,42.22222222222222,2,1,0,1,0,1,0,1,0,2,1,1027.9166666666667,22.0,51.3741567,5,1,PET,UPPER VERTEX,LANG_11,Round-Trip,apple,Direct,Direct,Logged-In,AREA_C,AREA_B,AREA_C_TO_AREA_B,CA,BI,15_30,very_high,30_plus,Y,U,0,0.54520553,28.00947451196657
17.0,118.9453345,14.319444444444445,1,1,0,0,0,0,0,0,0,2,1,359.8333333333333,17.0,56.1073,5,1,PET,UPPER APEX,LANG_09,Round-Trip,google,Paid Search,Paid Search,Logged-Out,AREA_C,AREA_B,AREA_C_TO_AREA_B,CA,BO,15_30,very_high,15_30,Y,O,0,0.4990631,28.001083317002657
36.0,104.9313585,16.447916666666668,1,1,0,0,0,0,0,0,0,2,1,409.6666666666667,9.0,80.2094542,3,1,PET,UPPER APEX,LANG_09,Round-Trip,apple,Direct,Direct,Logged-Out,AREA_C,AREA_B,AREA_C_TO_AREA_B,CA,BU,31_60,very_high,15_30,Y,O,0,0.34904617,27.99680284337083
12.0,365.69881540000006,7.319444444444445,2,2,0,0,0,0,0,0,0,2,1,191.83333333333334,16.0,50.1762016,5,1,PET,UPPER APEX,LANG_09,Round-Trip,apple,Direct,Direct,Logged-Out,AREA_C,AREA_B,AREA_C_TO_AREA_B,CA,BO,8_14,very_high,6_8,Y,Q,0,0.5579684,27.996733824315644
33.0,551.1912623999999,9.71875,5,2,2,1,0,1,1,1,1,2,1,236.75,20.0,53.8668627,1,1,PET,LOWER VERTEX,LANG_02,Round-Trip,apple,Direct,Affiliate,Logged-In,AREA_B,AREA_C,AREA_B_TO_AREA_C,BU,CA,31_60,very_high,9_14,Y,W,0,0.5197165,27.99549741500194
25.0,41.5018417,,1,1,0,0,0,0,0,1,0,1,0,4.083333333333333,18.0,38.1187,4,1,PET,UPPER APEX,LANG_02,One-Way,apple,Direct,Direct,Logged-In,AREA_C,AREA_C,AREA_C_TO_AREA_C,CE,CA,15_30,mid,unknown_or_oneway,Y,L,0,0.7343395,27.99206616976261
49.0,63.8955072,6.524305555555555,3,3,0,0,0,0,0,0,0,4,1,157.5,22.0,51.396,3,0,PET,UPPER APEX,LANG_09,Round-Trip,google,Direct,Direct,Logged-Out,AREA_C,AREA_B,AREA_C_TO_AREA_B,CA,BA,31_60,high,6_8,Y,W,0,0.54455686,27.988044178962706
28.0,62.9403982,13.864583333333334,1,1,0,0,0,0,0,1,0,2,1,335.0,21.0,55.3380732,2,1,PET,CENTRAL APEX,LANG_09,Round-Trip,samsung,Organic Search,Organic Search,Logged-In,AREA_C,AREA_C,AREA_C_TO_AREA_C,CU,CA,15_30,high,9_14,Y,T,1,0.5057508,27.987273426567793
47.0,286.7734046,17.427083333333332,2,2,0,0,0,0,0,0,0,2,1,434.4166666666667,11.0,50.1762016,5,1,PET,UPPER APEX,LANG_09,Round-Trip,mozilla,Organic Search,Email,Logged-Out,AREA_C,AREA_B,AREA_C_TO_AREA_B,CA,BO,31_60,very_high,15_30,Y,Q,0,0.55774605,27.985578383987043
27.0,25.9070104,,1,1,0,0,0,0,0,1,0,1,0,3.4166666666666665,21.0,40.9998741,5,1,PET,LOWER APEX,LANG_02,One-Way,google,Organic Search,MetaSearches,Logged-In,AREA_C,AREA_B,AREA_C_TO_AREA_B,CA,BO,15_30,low,unknown_or_oneway,Y,L,0,0.68246084,27.980808703366595
182.0,185.2166218,,1,1,0,0,0,0,0,0,0,3,1,7.666666666666667,10.0,126.4547184,4,1,PET,UPPER APEX,LANG_09,Round-Trip,google,MetaSearches,MetaSearches,Logged-Out,AREA_C,AREA_B,AREA_C_TO_AREA_B,CA,BU,120_plus,very_high,unknown_or_oneway,Y,S,0,0.22121343,27.973482017970515
31.0,43.7230055,,1,1,0,0,0,0,0,0,0,1,0,4.833333333333333,18.0,40.024635,4,1,PET,OLD HORIZON,LANG_02,One-Way,google,Organic Search,Email,Logged-Out,AREA_B,AREA_C,AREA_B_TO_AREA_C,BO,CA,31_60,mid,unknown_or_oneway,Y,O,0,0.698846,27.97105537284315
10.0,78.5776312,14.26736111111111,2,2,0,0,0,0,0,1,0,2,1,349.0833333333333,19.0,48.3979,5,1,PET,UPPER APEX,LANG_09,Round-Trip,google,Paid Search,Paid Search,Logged-In,AREA_C,AREA_B,AREA_C_TO_AREA_B,CA,BE,8_14,high,15_30,Y,O,0,0.57783216,27.965863211661578
34.0,63.1031522,,1,1,0,0,0,0,0,1,0,1,0,4.0,11.0,40.024635,4,1,PET,OLD HORIZON,LANG_02,One-Way,google,Direct,Direct,Logged-In,AREA_B,AREA_C,AREA_B_TO_AREA_C,BO,CA,31_60,high,unknown_or_oneway,Y,Q,0,0.6985696,27.959993094542924
76.0,258.7882826,16.770833333333332,2,2,0,0,0,0,0,0,0,2,1,406.0,20.0,53.8668627,1,1,PET,LOWER VERTEX,LANG_02,Round-Trip,google,Direct,Direct,Logged-Out,AREA_B,AREA_C,AREA_B_TO_AREA_C,BU,CA,61_120,very_high,15_30,Y,V,0,0.51905453,27.95983921180862
33.0,471.64909959999994,16.010416666666668,2,2,0,0,0,0,0,0,1,2,1,390.9166666666667,9.0,76.2374,3,1,PET,LOWER ZENITH,LANG_02,Round-Trip,apple,Direct,Direct,Logged-Out,AREA_C,AREA_B,AREA_C_TO_AREA_B,CA,BU,31_60,very_high,15_30,Y,K,0,0.3666378,27.951512321239708
71.0,519.9686207000001,57.25347222222222,1,1,0,0,0,0,0,0,0,2,1,1389.25,11.0,50.1762016,4,1,PET,LOWER VERTEX,LANG_02,Round-Trip,google,Direct,Direct,Logged-Out,AREA_C,AREA_B,AREA_C_TO_AREA_B,CA,BO,61_120,very_high,30_plus,C,F,0,0.55704194,27.950248835300254
48.0,61.29015829999999,12.381944444444445,1,1,0,0,0,0,0,1,0,4,1,299.0,19.0,49.8609728,3,0,PET,SOUTH VERTEX,LANG_02,Round-Trip,mozilla,Direct,Organic Search,Logged-In,AREA_C,AREA_B,AREA_C_TO_AREA_B,CU,BE,31_60,high,9_14,Y,T,0,0.56055397,27.949766149023056
3.0,47.7357482,,1,1,0,0,0,0,0,0,0,1,0,4.833333333333333,8.0,40.024635,4,1,PET,UPPER APEX,LANG_02,One-Way,samsung,Direct,Email,Logged-Out,AREA_B,AREA_C,AREA_B_TO_AREA_C,BO,CA,0_3,mid,unknown_or_oneway,Y,V,0,0.69830585,27.949436574922803
20.0,83.1227508,,1,1,0,0,0,0,0,1,0,1,0,3.3333333333333335,14.0,37.51908,3,1,PET,GREAT MERIDIAN,LANG_03,One-Way,google,Direct,Direct,Logged-In,AREA_C,AREA_C,AREA_C_TO_AREA_C,CE,CA,15_30,high,unknown_or_oneway,Y,S,0,0.7446812,27.93975274903536
187.0,351.1640266,6.958333333333333,2,2,0,0,0,0,0,0,0,2,1,172.91666666666666,14.0,71.9544,2,1,PET,UPPER APEX,LANG_09,Round-Trip,apple,Direct,Direct,Logged-Out,AREA_C,AREA_C,AREA_C_TO_AREA_C,CA,CA,120_plus,very_high,6_8,Y,V,0,0.38798574,27.9172808519125
20.0,187.9684493,,2,2,0,0,0,0,0,0,0,1,0,15.916666666666666,7.0,40.2700509,3,1,PET,LOWER VERTEX,LANG_02,One-Way,google,Paid Search,Organic Search,Logged-Out,AREA_B,AREA_C,AREA_B_TO_AREA_C,BU,CA,15_30,very_high,unknown_or_oneway,Y,V,0,0.69297314,27.90606349537039
109.0,207.9070992,,4,3,1,0,0,0,1,0,0,1,0,12.333333333333334,22.0,51.396,5,1,PET,UPPER APEX,LANG_09,One-Way,google,Paid MetaSearches,MetaSearches,Logged-Out,AREA_C,AREA_C,AREA_C_TO_AREA_C,CA,CE,61_120,very_high,unknown_or_oneway,Y,U,0,0.54285526,27.900589084625246
11.0,448.7761664,115.21527777777777,4,1,2,1,0,1,1,0,0,2,1,2781.25,8.0,74.0959,3,1,PET,UPPER APEX,LANG_02,Round-Trip,apple,Paid Search,Paid Search,Logged-Out,AREA_C,AREA_B,AREA_C_TO_AREA_B,CA,BU,8_14,very_high,30_plus,Y,L,0,0.3763712,27.88756315767169
98.0,226.9450342,10.36111111111111,2,2,0,0,0,0,0,0,0,2,1,263.8333333333333,22.0,57.0898202,5,1,PET,UPPER APEX,LANG_09,Round-Trip,apple,Paid Search,Organic Search,Logged-Out,AREA_C,AREA_B,AREA_C_TO_AREA_B,CA,BO,61_120,very_high,9_14,Y,O,0,0.48841763,27.883674418152427
107.0,273.56163449999997,22.90277777777778,2,2,0,0,0,0,0,0,0,2,1,553.0,21.0,52.9704308,4,1,PET,NORTH MERIDIAN,LANG_02,Round-Trip,microsoft,Direct,Direct,Logged-Out,AREA_B,AREA_C,AREA_B_TO_AREA_C,BI,CA,61_120,very_high,15_30,Y,U,0,0.5263906,27.88313749335797
66.0,40.7416092,14.770833333333334,1,1,0,0,0,0,0,0,0,2,1,359.0,15.0,51.396,2,1,PET,UPPER APEX,LANG_09,Round-Trip,google,Paid Search,Paid Search,Logged-Out,AREA_B,AREA_C,AREA_B_TO_AREA_C,BO,CA,61_120,mid,15_30,Y,V,1,0.54250515,27.88259443616867
62.0,37.1969984,,1,1,0,0,0,0,0,0,0,4,1,-63.916666666666664,17.0,51.396,4,0,PET,UPPER APEX,LANG_09,Round-Trip,apple,Direct,Direct,Logged-Out,AREA_C,AREA_B,AREA_C_TO_AREA_B,CA,BA,61_120,mid,unknown_or_oneway,Y,U,0,0.5423271,27.87344393992424
8.0,70.3863937,,1,1,0,0,0,0,0,1,1,1,0,4.0,,40.024635,4,1,PET,OLD HORIZON,LANG_02,One-Way,google,Paid Search,Paid Search,Logged-In,AREA_B,AREA_C,AREA_B_TO_AREA_C,BO,CA,8_14,high,unknown_or_oneway,Y,S,0,0.69639415,27.872921489323677
6.0,84.9764332,29.59722222222222,2,2,0,0,0,0,0,0,0,2,1,715.4166666666666,22.0,45.3998,2,1,PET,UPPER APEX,LANG_02,Round-Trip,apple,Direct,Direct,Logged-Out,AREA_B,AREA_C,AREA_B_TO_AREA_C,BU,CA,4_7,high,15_30,Y,O,0,0.61380357,27.86655911308527
5.0,45.38138310000001,,1,1,0,0,0,0,0,1,0,1,0,2.75,20.0,36.5279938,5,1,PET,UPPER VERTEX,LANG_10,One-Way,apple,Direct,Direct,Logged-In,AREA_C,AREA_C,AREA_C_TO_AREA_C,CA,CI,4_7,mid,unknown_or_oneway,Y,H,0,0.76286787,27.866032750573527
7.0,85.8548765,29.760416666666668,1,1,0,0,0,0,0,0,0,2,1,719.0,10.0,53.8668627,1,1,PET,LOWER VERTEX,LANG_02,Round-Trip,apple,Direct,Direct,Logged-Out,AREA_B,AREA_C,AREA_B_TO_AREA_C,BU,CA,4_7,high,15_30,Y,W,0,0.51730555,27.865627195213847
41.0,68.5956714,29.010416666666668,1,1,0,0,0,0,0,0,0,4,1,699.25,8.0,44.2082694,5,0,PET,NORTH MERIDIAN,LANG_02,Round-Trip,mozilla,Paid Search,Paid Search,Logged-Out,AREA_B,AREA_B,AREA_B_TO_AREA_B,BO,BI,31_60,high,15_30,Y,O,0,0.6302829,27.86371530754595
13.0,41.091958600000005,,1,1,0,0,0,0,0,1,0,1,0,4.083333333333333,12.0,38.1187,4,1,PET,UPPER APEX,LANG_02,One-Way,apple,Direct,Direct,Logged-In,AREA_C,AREA_C,AREA_C_TO_AREA_C,CE,CA,8_14,mid,unknown_or_oneway,Y,L,0,0.73096174,27.863311279183623
82.0,313.3875383,27.76388888888889,2,2,0,0,0,0,0,0,0,2,1,670.0,19.0,47.62696,2,1,PET,NORTH MERIDIAN,LANG_02,Round-Trip,apple,Direct,Paid Search,Logged-Out,AREA_B,AREA_C,AREA_B_TO_AREA_C,BI,CA,61_120,very_high,15_30,Y,W,0,0.58500606,27.862060134415625
26.0,35.021234400000004,17.145833333333332,1,1,0,0,0,0,0,1,1,2,1,413.8333333333333,10.0,47.79828,2,0,PET,UPPER APEX,LANG_02,Round-Trip,google,Direct,Direct,Logged-In,AREA_B,AREA_B,AREA_B_TO_AREA_B,BE,BA,15_30,mid,15_30,Y,V,0,0.58286685,27.86003278024435
58.0,67.8093126,13.46875,4,2,0,1,1,1,0,1,0,2,1,326.25,12.0,48.3979,5,1,PET,UPPER APEX,LANG_09,Round-Trip,google,Paid Search,Organic Search,Logged-In,AREA_C,AREA_B,AREA_C_TO_AREA_B,CA,BO,31_60,high,9_14,Y,W,0,0.575516,27.853765114092827
217.0,424.0182849,15.82986111111111,3,3,0,0,0,0,0,0,0,2,1,385.8333333333333,16.0,71.9544,2,1,PET,UPPER APEX,LANG_09,Round-Trip,google,Direct,Direct,Logged-Out,AREA_C,AREA_C,AREA_C_TO_AREA_C,CA,CA,120_plus,very_high,15_30,Y,W,0,0.38694927,27.842702622628213
1.0,111.6976419,,1,1,0,0,0,0,0,1,0,4,1,13.333333333333334,13.0,51.396,5,1,PET,OLD HORIZON,LANG_02,One-Way,google,MetaSearches,MetaSearches,Logged-In,AREA_C,AREA_C,AREA_C_TO_AREA_C,CA,CE,0_3,very_high,unknown_or_oneway,Y,S,0,0.5416267,27.837445452690126
21.0,266.0012829,20.010416666666668,1,1,0,0,0,0,0,0,0,2,1,486.9166666666667,15.0,76.2374,2,1,PET,NEW AURORA,LANG_09,Round-Trip,apple,Direct,Direct,Logged-Out,AREA_C,AREA_B,AREA_C_TO_AREA_B,CA,BU,15_30,very_high,15_30,Y,H,0,0.36509368,27.83379278514981
35.0,205.0344911,39.78125,2,2,0,0,0,0,0,0,0,3,1,958.0833333333334,15.0,47.6856371,3,0,PET,LOWER VERTEX,LANG_02,Round-Trip,apple,Direct,Direct,Logged-Out,AREA_B,AREA_B,AREA_B_TO_AREA_B,BU,BE,31_60,very_high,30_plus,Y,U,0,0.5836619,27.83229021398045
79.0,100.1789417,,1,1,0,0,0,0,0,1,0,4,1,467.5833333333333,19.0,49.6883679,2,0,PET,UPPER APEX,LANG_09,Multi-City,google,Direct,Paid Search,Logged-In,AREA_B,AREA_B,AREA_B_TO_AREA_B,BE,BU,61_120,high,unknown_or_oneway,Y,L,0,0.5601209,27.83149238391311
7.0,136.2396602,8.989583333333334,2,2,0,0,0,0,0,1,1,2,1,217.41666666666666,12.0,51.396,4,1,PET,LOWER VERTEX,LANG_02,Round-Trip,google,Direct,Direct,Logged-In,AREA_C,AREA_B,AREA_C_TO_AREA_B,CA,BA,4_7,very_high,9_14,Y,V,0,0.5409086,27.800537123680115
66.0,309.9894061,,3,3,0,0,0,0,0,0,0,1,0,16.083333333333332,20.0,39.7299646,3,1,PET,UPPER VERTEX,LANG_11,One-Way,apple,Paid Search,Paid Search,Logged-Out,AREA_B,AREA_C,AREA_B_TO_AREA_C,BU,CA,61_120,very_high,unknown_or_oneway,Y,V,0,0.699714,27.799612648513545
7.0,124.4883931,68.24305555555556,1,1,0,0,0,0,0,1,0,2,1,1652.4166666666667,18.0,51.3741567,2,1,PET,UPPER APEX,LANG_02,Round-Trip,apple,Direct,Direct,Logged-In,AREA_C,AREA_B,AREA_C_TO_AREA_B,CA,BI,4_7,very_high,30_plus,Y,L,0,0.5410776,27.797406119793607
4.0,61.7775637,,1,1,0,0,0,0,0,0,0,1,0,4.0,14.0,40.024635,4,1,PET,NEW APEX,LANG_02,One-Way,google,Paid Search,Paid Search,Logged-Out,AREA_B,AREA_C,AREA_B_TO_AREA_C,BO,CA,4_7,high,unknown_or_oneway,Y,S,0,0.69435966,27.79149195617259
26.0,41.428602399999995,,1,1,0,0,0,0,0,0,0,1,0,4.083333333333333,22.0,38.1187,3,1,PET,UPPER APEX,LANG_02,One-Way,apple,Direct,Direct,Logged-Out,AREA_C,AREA_C,AREA_C_TO_AREA_C,CE,CA,15_30,mid,unknown_or_oneway,Y,L,0,0.7289011,27.784761912208793
38.0,82.9604251,51.5625,1,1,0,0,0,0,0,0,0,2,1,1246.5833333333333,19.0,53.3935912,1,1,PET,NORTH ZENITH,LANG_06,Round-Trip,google,MetaSearches,MetaSearches,Logged-Out,AREA_C,AREA_C,AREA_C_TO_AREA_C,CE,CA,31_60,high,30_plus,Y,O,0,0.52022654,27.77676311104379
12.0,45.65678,,1,1,0,0,0,0,0,0,0,1,0,4.0,22.0,40.024635,4,1,PET,OLD HORIZON,LANG_02,One-Way,google,Paid Search,Paid Search,Logged-Out,AREA_B,AREA_C,AREA_B_TO_AREA_C,BO,CA,8_14,mid,unknown_or_oneway,Y,W,0,0.6939064,27.77335144200504
37.0,100.0821459,83.76388888888889,1,1,0,0,0,0,0,0,0,2,1,2014.0,18.0,53.5006662,2,1,PET,NORTH MERIDIAN,LANG_02,Round-Trip,google,Direct,Direct,Logged-Out,AREA_B,AREA_C,AREA_B_TO_AREA_C,BI,CA,31_60,high,30_plus,Y,O,0,0.5190967,27.77201780282267
11.0,48.85232630000001,,1,1,0,0,0,0,0,0,0,1,0,4.083333333333333,20.0,38.1187,4,1,PET,UPPER APEX,LANG_02,One-Way,apple,Direct,Direct,Logged-Out,AREA_C,AREA_C,AREA_C_TO_AREA_C,CE,CA,8_14,mid,unknown_or_oneway,Y,V,0,0.7283744,27.764686064511537
133.0,439.1912407,43.0,2,2,0,0,0,0,0,0,0,2,1,1051.5833333333333,,51.396,1,1,PET,SOUTH ZENITH,LANG_07,Round-Trip,google,Organic Search,Organic Search,Logged-Out,AREA_B,AREA_C,AREA_B_TO_AREA_C,BU,CA,120_plus,very_high,30_plus,Y,L,0,0.5401076,27.759370612621307
40.0,64.0548348,6.524305555555555,1,1,0,0,0,0,0,0,0,4,1,157.5,19.0,51.396,3,0,PET,UPPER APEX,LANG_02,Round-Trip,apple,Direct,Direct,Logged-Out,AREA_C,AREA_B,AREA_C_TO_AREA_B,CA,BA,31_60,high,6_8,Y,Q,0,0.54006517,27.75718944311142
3.0,201.7597093,13.760416666666666,2,2,0,0,0,0,0,0,0,2,1,335.0,19.0,53.8668627,1,1,PET,LOWER VERTEX,LANG_02,Round-Trip,apple,Paid Search,Paid Search,Logged-Out,AREA_B,AREA_C,AREA_B_TO_AREA_C,BU,CA,0_3,very_high,9_14,Y,O,0,0.5151118,27.74745682167431
17.0,60.6999609,,2,2,0,0,0,0,0,0,0,2,1,5.083333333333333,14.0,42.2552214,6,0,PET,CENTRAL MERIDIAN,LANG_02,One-Way,apple,MetaSearches,MetaSearches,Logged-Out,AREA_C,AREA_B,AREA_C_TO_AREA_B,CE,BI,15_30,high,unknown_or_oneway,Y,V,0,0.6566547,27.747090388413266
11.0,262.90338899999995,25.00347222222222,2,2,0,0,0,0,0,0,0,4,1,602.8333333333334,14.0,43.4840141,5,0,PET,UPPER VERTEX,LANG_11,Round-Trip,google,Paid Search,Paid Search,Logged-Out,AREA_C,AREA_B,AREA_C_TO_AREA_B,CI,BI,8_14,very_high,15_30,Y,T,0,0.6380127,27.743353557317597
1.0,78.4958259,,1,1,0,0,0,0,0,0,0,1,0,4.833333333333333,17.0,40.024635,3,1,PET,UPPER APEX,LANG_02,One-Way,mozilla,Paid Search,Paid Search,Logged-Out,AREA_B,AREA_C,AREA_B_TO_AREA_C,BO,CA,0_3,high,unknown_or_oneway,P,R,0,0.69303626,27.738523277048174
7.0,23.6237431,19.958333333333332,1,1,0,0,0,0,0,1,0,2,1,480.4166666666667,18.0,51.396,3,1,PET,SOUTH VERTEX,LANG_02,Round-Trip,google,Paid Search,Paid Search,Logged-In,AREA_C,AREA_B,AREA_C_TO_AREA_B,CA,BA,4_7,low,15_30,Y,V,0,0.5396943,27.738128717422487
135.0,437.0304672,21.0,2,2,0,0,0,0,0,0,0,2,1,511.25,10.0,126.4547184,3,1,PET,UPPER APEX,LANG_09,Round-Trip,microsoft,Direct,Paid Search,Logged-Out,AREA_C,AREA_B,AREA_C_TO_AREA_B,CA,BU,120_plus,very_high,15_30,Y,S,0,0.21934676,27.737432983166887
80.0,174.56308760000002,,2,2,0,0,0,0,0,1,0,1,0,14.5,12.0,40.2075191,4,1,PET,UPPER APEX,LANG_02,One-Way,google,Paid MetaSearches,Organic Search,Logged-In,AREA_B,AREA_C,AREA_B_TO_AREA_C,BU,CA,61_120,very_high,unknown_or_oneway,Y,S,0,0.6898538,27.737309333984648
60.0,255.4843764,177.61458333333334,2,2,0,0,0,0,0,1,0,4,1,4268.416666666667,11.0,42.8989563,4,0,PET,NORTH MERIDIAN,LANG_02,Round-Trip,apple,Direct,Direct,Logged-In,AREA_C,AREA_B,AREA_C_TO_AREA_B,CE,BI,31_60,very_high,30_plus,Y,Q,0,0.64643854,27.73153863640521
64.0,32.521675599999995,4.909722222222222,2,2,0,0,0,0,0,0,0,2,1,120.83333333333333,16.0,53.1092,4,1,PET,UPPER APEX,LANG_09,Round-Trip,apple,Email,Email,Logged-Out,AREA_C,AREA_C,AREA_C_TO_AREA_C,CA,CI,61_120,low,3_5,Y,O,0,0.5221571,27.731344422483446
23.0,28.177857,,1,1,0,0,0,0,0,0,0,1,0,3.5,13.0,40.9998741,5,1,PET,UPPER APEX,LANG_09,One-Way,google,Paid Search,Paid Search,Logged-Out,AREA_C,AREA_B,AREA_C_TO_AREA_B,CA,BO,15_30,low,unknown_or_oneway,Y,W,0,0.6762837,27.72754725925373
4.0,217.3305558,,2,2,0,0,0,0,0,0,0,4,1,-267.8333333333333,21.0,42.6612498,4,0,PET,NORTH MERIDIAN,LANG_02,Round-Trip,apple,Organic Search,Organic Search,Logged-Out,AREA_C,AREA_B,AREA_C_TO_AREA_B,CO,BI,4_7,very_high,unknown_or_oneway,Y,V,0,0.6497885,27.720789467821813
0.0,136.340739,,1,1,0,0,0,0,0,0,0,2,1,28.583333333333332,20.0,51.3236173,5,0,PET,NORTH MERIDIAN,LANG_02,One-Way,google,Direct,Organic Search,Logged-Out,AREA_B,AREA_B,AREA_B_TO_AREA_B,BI,BO,invalid_or_past,very_high,unknown_or_oneway,Y,V,0,0.5400284,27.716210587250764
15.0,105.263291,29.010416666666668,1,1,0,0,0,0,0,0,0,4,1,699.25,2.0,44.2082694,5,0,PET,NORTH MERIDIAN,LANG_02,Round-Trip,google,Paid Search,Paid Search,Logged-Out,AREA_B,AREA_B,AREA_B_TO_AREA_B,BO,BI,15_30,very_high,15_30,Y,V,0,0.6268705,27.712860515955377
21.0,32.2150128,,1,1,0,0,0,0,0,1,0,1,0,5.083333333333333,10.0,51.396,5,1,PET,UPPER APEX,LANG_09,One-Way,other,Direct,Direct,Logged-In,AREA_C,AREA_B,AREA_C_TO_AREA_B,CA,BU,15_30,low,unknown_or_oneway,Y,W,0,0.53907484,27.706290382146836
68.0,100.0607309,,1,1,0,0,0,0,0,0,0,2,1,-242.0,16.0,74.0959,4,1,PET,UPPER APEX,LANG_09,Round-Trip,apple,Direct,Direct,Logged-Out,AREA_C,AREA_B,AREA_C_TO_AREA_B,CA,BU,61_120,high,unknown_or_oneway,Y,L,0,0.37382525,27.698918493825197
75.0,102.4442204,16.77777777777778,1,1,0,0,0,0,0,0,0,2,1,406.0,17.0,52.9704308,1,1,PET,NORTH MERIDIAN,LANG_02,Round-Trip,apple,Paid Search,Paid Search,Logged-Out,AREA_B,AREA_C,AREA_B_TO_AREA_C,BI,CA,61_120,very_high,15_30,Y,O,0,0.522884,27.697391335330632
176.0,201.7541414,,1,1,0,0,0,0,0,1,0,2,1,-397.8333333333333,10.0,126.4547184,3,1,PET,UPPER APEX,LANG_09,Round-Trip,google,Paid Search,Email,Logged-In,AREA_C,AREA_B,AREA_C_TO_AREA_B,CA,BU,120_plus,very_high,unknown_or_oneway,Y,L,0,0.21894751,27.686946340000176
173.0,99.0876333,23.78472222222222,1,1,0,0,0,0,0,1,0,2,1,574.0,14.0,55.0862328,3,1,PET,LOWER VERTEX,LANG_02,Round-Trip,apple,Direct,Direct,Logged-In,AREA_B,AREA_C,AREA_B_TO_AREA_C,BU,CA,120_plus,high,15_30,Y,U,0,0.5025572,27.683983910188722
8.0,89.78752709999999,29.77777777777778,2,2,0,0,0,0,0,0,0,4,1,718.0,9.0,44.5851734,4,0,PET,LOWER VERTEX,LANG_02,Round-Trip,apple,Direct,Direct,Logged-Out,AREA_B,AREA_B,AREA_B_TO_AREA_B,BU,BE,8_14,high,15_30,Y,O,0,0.6209164,27.68366652822355
3.0,522.3426876,10.0,2,2,0,0,0,0,0,0,0,2,1,247.16666666666666,13.0,76.2374,4,1,PET,UPPER APEX,LANG_09,Round-Trip,apple,Organic Search,Email,Logged-Out,AREA_C,AREA_B,AREA_C_TO_AREA_B,CA,BU,0_3,very_high,9_14,Y,H,0,0.36300144,27.674285676532982
22.0,116.313431,,1,1,0,0,0,0,0,0,0,4,1,314.6666666666667,13.0,39.3410682,5,0,PET,OLD APEX,LANG_02,Multi-City,apple,Organic Search,Organic Search,Logged-Out,AREA_C,AREA_D,AREA_C_TO_AREA_D,CO,DA,15_30,very_high,unknown_or_oneway,Y,L,1,0.7031864,27.664103835832
58.0,104.13172240000002,44.020833333333336,1,1,0,0,0,0,0,0,0,2,1,1059.8333333333333,5.0,50.4417476,1,1,PET,LOWER VERTEX,LANG_02,Round-Trip,apple,Direct,Direct,Logged-Out,AREA_D,AREA_C,AREA_D_TO_AREA_C,DA,CA,31_60,very_high,30_plus,Y,U,0,0.54842615,27.663573499884986
6.0,99.4572562,45.010416666666664,1,1,0,0,0,0,0,0,0,4,1,1083.25,15.0,44.2082694,5,0,PET,NORTH MERIDIAN,LANG_02,Round-Trip,google,Paid MetaSearches,Paid MetaSearches,Logged-Out,AREA_B,AREA_B,AREA_B_TO_AREA_B,BO,BI,4_7,high,30_plus,Y,W,0,0.62569714,27.66098754779377
72.0,74.13316209999999,9.29513888888889,2,1,0,1,0,1,0,0,0,2,1,229.75,,54.8403886,3,1,PET,LOWER ZENITH,LANG_02,Round-Trip,google,Paid Search,Organic Search,Logged-Out,AREA_C,AREA_B,AREA_C_TO_AREA_B,CA,BE,61_120,high,9_14,Y,O,0,0.50412637,27.646486031738412
1.0,43.2630113,,1,1,0,0,0,0,0,0,0,1,0,3.4166666666666665,12.0,40.9998741,4,1,PET,LOWER APEX,LANG_02,One-Way,microsoft,Direct,Direct,Logged-Out,AREA_C,AREA_B,AREA_C_TO_AREA_B,CA,BO,0_3,mid,unknown_or_oneway,Y,T,0,0.6737589,27.624031058055515
56.0,85.2920903,,1,1,0,0,0,0,0,0,0,1,0,14.666666666666666,11.0,40.5818533,4,1,PET,LOWER VERTEX,LANG_02,One-Way,apple,Direct,Direct,Logged-Out,AREA_C,AREA_C,AREA_C_TO_AREA_C,CA,CA,31_60,high,unknown_or_oneway,Y,S,0,0.6806756,27.623078391145384
23.0,686.3490367999999,19.86111111111111,3,1,1,1,0,1,1,0,0,4,1,480.3333333333333,21.0,46.4996744,4,0,PET,NORTH MERIDIAN,LANG_02,Round-Trip,google,Paid Search,Paid Search,Logged-Out,AREA_B,AREA_B,AREA_B_TO_AREA_B,BI,BE,15_30,very_high,15_30,Y,K,0,0.59390265,27.616279733828023
24.0,39.6807101,6.802083333333333,2,2,0,0,0,0,0,0,0,2,1,167.08333333333334,15.0,46.517663,1,1,PET,GREAT MERIDIAN,LANG_03,Round-Trip,microsoft,Paid Search,Paid Search,Logged-Out,AREA_B,AREA_C,AREA_B_TO_AREA_C,BA,CA,15_30,mid,6_8,Y,L,0,0.59362435,27.614017620464086
137.0,146.7347234,20.958333333333332,1,1,0,0,0,0,0,1,0,2,1,508.9166666666667,19.0,71.9544,2,1,PET,UPPER APEX,LANG_09,Round-Trip,mozilla,Paid Search,Paid Search,Logged-In,AREA_C,AREA_C,AREA_C_TO_AREA_C,CA,CA,120_plus,very_high,15_30,Y,L,0,0.3836674,27.606558244371417
14.0,203.5984012,,2,1,0,1,0,1,0,0,0,1,0,13.5,13.0,40.4824877,4,1,PET,LOWER VERTEX,LANG_02,One-Way,apple,Direct,Paid Search,Logged-Out,AREA_B,AREA_C,AREA_B_TO_AREA_C,BU,CA,8_14,very_high,unknown_or_oneway,Y,S,0,0.68174493,27.59873086990603
12.0,268.8516194,23.680555555555557,2,2,0,0,0,0,0,1,0,4,1,574.9166666666666,16.0,40.7480337,5,0,PET,WEST AURORA,LANG_02,Round-Trip,apple,Direct,Direct,Logged-In,AREA_C,AREA_D,AREA_C_TO_AREA_D,CU,DA,8_14,very_high,15_30,Y,Q,0,0.67687845,27.581465985166027
189.0,133.60047559999998,7.888888888888889,1,1,0,0,0,0,0,0,0,2,1,196.58333333333334,12.0,126.4547184,4,1,PET,UPPER APEX,LANG_09,Round-Trip,apple,Email,Affiliate,Logged-Out,AREA_C,AREA_B,AREA_C_TO_AREA_B,CA,BU,120_plus,very_high,6_8,Y,L,0,0.21804887,27.573308524546338
131.0,95.0333455,14.302083333333334,1,1,0,0,0,0,0,0,0,2,1,359.5,13.0,57.0898202,5,1,PET,UPPER APEX,LANG_02,Round-Trip,apple,Direct,Direct,Logged-Out,AREA_C,AREA_B,AREA_C_TO_AREA_B,CA,BO,120_plus,high,15_30,Y,O,0,0.48297203,27.572786118620943
28.0,445.81918320000005,,4,4,0,0,0,0,0,0,0,1,0,5.083333333333333,18.0,51.396,5,1,PET,UPPER APEX,LANG_09,One-Way,google,Paid Search,Paid Search,Logged-Out,AREA_C,AREA_B,AREA_C_TO_AREA_B,CA,BU,15_30,very_high,unknown_or_oneway,Y,M,0,0.5364011,27.568870576143265
236.0,364.0258756,13.82986111111111,2,2,0,0,0,0,0,1,0,2,1,337.8333333333333,17.0,71.9544,2,1,PET,UPPER APEX,LANG_09,Round-Trip,mozilla,Paid Search,Referrals,Logged-In,AREA_C,AREA_C,AREA_C_TO_AREA_C,CA,CA,120_plus,very_high,9_14,Y,V,0,0.3829428,27.554419102764133
231.0,37.3015036,9.11111111111111,2,1,1,0,0,0,1,0,0,4,1,219.58333333333334,15.0,51.396,3,0,PET,UPPER APEX,LANG_09,Round-Trip,apple,Direct,Direct,Logged-Out,AREA_C,AREA_B,AREA_C_TO_AREA_B,CA,BA,120_plus,mid,9_14,Y,U,0,0.53603864,27.550241795539858
24.0,74.30105569999999,37.21527777777778,1,1,0,0,0,0,0,1,1,2,1,909.25,17.0,74.0959,3,1,PET,UPPER APEX,LANG_09,Round-Trip,apple,Direct,Affiliate,Logged-In,AREA_C,AREA_B,AREA_C_TO_AREA_B,CA,BU,15_30,high,30_plus,Y,O,0,0.37178898,27.548038977718353
70.0,156.869158,14.003472222222221,2,2,0,0,0,0,0,1,0,4,1,338.8333333333333,13.0,43.4840141,2,0,PET,NORTH MERIDIAN,LANG_02,Round-Trip,apple,Internal,Internal,Logged-In,AREA_C,AREA_B,AREA_C_TO_AREA_B,CI,BI,61_120,very_high,15_30,Y,L,0,0.6333994,27.54274961186492
22.0,97.8781141,15.03125,1,1,0,0,0,0,0,1,1,4,1,363.5,12.0,42.2350913,4,0,PET,NEW MERIDIAN,LANG_02,Round-Trip,google,Direct,Paid Search,Logged-In,AREA_C,AREA_B,AREA_C_TO_AREA_B,CI,BO,15_30,high,15_30,Y,W,0,0.65211743,27.542239243524044
1.0,68.5871054,,2,2,0,0,0,0,0,0,0,1,0,3.8333333333333335,1.0,41.8003668,4,1,PET,UPPER APEX,LANG_02,One-Way,google,MetaSearches,MetaSearches,Logged-Out,AREA_C,AREA_B,AREA_C_TO_AREA_B,CA,BA,0_3,high,unknown_or_oneway,Y,S,0,0.6584892,27.525091234776305
0.0,371.9108786,42.239583333333336,2,2,0,0,0,0,0,1,0,2,1,1028.25,18.0,76.2374,5,1,PET,UPPER APEX,LANG_09,Round-Trip,apple,Direct,Direct,Logged-In,AREA_C,AREA_B,AREA_C_TO_AREA_B,CA,BU,invalid_or_past,very_high,30_plus,Y,E,0,0.36099523,27.521337980806827
139.0,479.6805811999999,16.0,2,2,0,0,0,0,0,0,0,2,1,391.25,11.0,126.4547184,3,1,PET,UPPER APEX,LANG_09,Round-Trip,microsoft,Paid Search,Paid Search,Logged-Out,AREA_C,AREA_B,AREA_C_TO_AREA_B,CA,BU,120_plus,very_high,15_30,Y,K,0,0.21758643,27.514830471172857
63.0,22.4052296,,2,2,0,0,0,0,0,0,0,1,0,2.9166666666666665,19.0,37.767494,4,1,PET,UPPER APEX,LANG_09,One-Way,google,Paid Search,Paid Search,Logged-Out,AREA_C,AREA_C,AREA_C_TO_AREA_C,CI,CA,61_120,low,unknown_or_oneway,Y,U,0,0.72832054,27.506841586670518
47.0,41.1472093,,1,1,0,0,0,0,0,0,0,1,0,12.333333333333334,9.0,51.396,5,1,PET,UPPER APEX,LANG_09,One-Way,google,MetaSearches,MetaSearches,Logged-Out,AREA_C,AREA_C,AREA_C_TO_AREA_C,CA,CE,31_60,mid,unknown_or_oneway,Y,O,0,0.53510773,27.502396984577178
71.0,79.2937488,182.78472222222223,1,1,0,0,0,0,0,0,0,2,1,4390.0,13.0,55.0862328,3,1,PET,LOWER VERTEX,LANG_02,Round-Trip,google,Paid Search,Paid Search,Logged-Out,AREA_B,AREA_C,AREA_B_TO_AREA_C,BU,CA,61_120,high,30_plus,Y,O,0,0.49921998,27.5001482469085
30.0,276.2907621,89.84722222222223,2,2,0,0,0,0,0,0,0,4,1,2159.1666666666665,20.0,43.4840141,2,0,PET,NORTH MERIDIAN,LANG_02,Round-Trip,google,Paid Search,Paid Search,Logged-Out,AREA_C,AREA_B,AREA_C_TO_AREA_B,CI,BI,15_30,very_high,30_plus,Y,T,0,0.6323859,27.49867780783281
26.0,111.7918679,88.04166666666667,1,1,0,0,0,0,0,0,0,4,1,2115.6666666666665,23.0,42.2350913,2,0,PET,NEW MERIDIAN,LANG_02,Round-Trip,microsoft,Organic Search,Paid Search,Logged-Out,AREA_C,AREA_B,AREA_C_TO_AREA_B,CI,BO,15_30,very_high,30_plus,Y,W,0,0.6507764,27.485600089616824
33.0,433.1188033,15.78125,3,2,0,1,0,1,0,0,0,4,1,382.0833333333333,13.0,50.059704,3,0,PET,LOWER VERTEX,LANG_02,Round-Trip,google,Direct,Direct,Logged-Out,AREA_B,AREA_B,AREA_B_TO_AREA_B,BU,BE,31_60,very_high,15_30,Y,U,0,0.5490024,27.482898088891986
24.0,248.25210259999997,15.902777777777779,2,2,0,0,0,0,0,0,0,4,1,383.3333333333333,22.0,42.6612498,3,0,PET,OLD APEX,LANG_02,Round-Trip,mozilla,Direct,Paid Search,Logged-Out,AREA_C,AREA_B,AREA_C_TO_AREA_B,CO,BI,15_30,very_high,15_30,Y,T,0,0.64417285,27.48121875180391
46.0,63.245347800000005,7.9375,2,2,0,0,0,0,0,1,0,2,1,192.16666666666666,18.0,51.396,3,1,PET,SOUTH MERIDIAN,LANG_04,Round-Trip,google,Paid Search,Email,Logged-In,AREA_C,AREA_B,AREA_C_TO_AREA_B,CA,BA,31_60,high,6_8,Y,U,0,0.5346591,27.479338469266892
119.0,346.69942740000005,8.302083333333334,3,2,1,0,0,0,1,0,0,2,1,215.5,11.0,57.0898202,5,1,PET,UPPER APEX,LANG_09,Round-Trip,apple,Paid Search,Paid Search,Logged-Out,AREA_C,AREA_B,AREA_C_TO_AREA_B,CA,BO,61_120,very_high,9_14,Y,O,0,0.48109868,27.465837236042578
15.0,73.5078441,,1,1,0,0,0,0,0,1,0,1,0,14.166666666666666,16.0,40.4824877,4,1,PET,UPPER APEX,LANG_09,One-Way,apple,Direct,Direct,Logged-In,AREA_B,AREA_C,AREA_B_TO_AREA_C,BU,CA,15_30,high,unknown_or_oneway,Y,S,0,0.6781688,27.45395903785567
4.0,42.0517789,11.572916666666666,1,1,0,0,0,0,0,0,0,2,1,279.75,15.0,59.8660608,3,1,PET,CENTRAL APEX,LANG_09,Round-Trip,google,Paid Search,Paid Search,Logged-Out,AREA_C,AREA_C,AREA_C_TO_AREA_C,CU,CA,4_7,mid,9_14,Y,H,0,0.45855606,27.451944730059815
7.0,68.091134,6.416666666666667,2,2,0,0,0,0,0,1,0,2,1,157.0,22.0,53.1092,4,1,PET,UPPER APEX,LANG_09,Round-Trip,google,Paid Search,Referrals,Logged-In,AREA_C,AREA_C,AREA_C_TO_AREA_C,CA,CI,4_7,high,6_8,Y,V,0,0.516824,27.44810955438614
42.0,39.9137053,,1,1,0,0,0,0,0,1,0,1,0,5.083333333333333,20.0,51.396,5,1,PET,UPPER APEX,LANG_09,One-Way,google,Paid Search,Paid Search,Logged-In,AREA_C,AREA_B,AREA_C_TO_AREA_B,CA,BU,31_60,mid,unknown_or_oneway,Y,V,0,0.5340462,27.447837112426757
0.0,80.53667540000001,,1,1,0,0,0,0,0,0,0,1,0,16.416666666666668,13.0,51.90996,3,1,PET,LOWER VERTEX,LANG_09,One-Way,google,Paid Search,Paid Search,Logged-Out,AREA_B,AREA_C,AREA_B_TO_AREA_C,BO,CA,invalid_or_past,high,unknown_or_oneway,Y,L,0,0.52856517,27.437796748037336
52.0,35.0580682,13.725694444444445,1,1,0,0,0,0,0,0,0,2,1,331.25,16.0,53.640292,3,1,PET,UPPER APEX,LANG_02,Round-Trip,apple,Paid Search,Paid Search,Logged-Out,AREA_C,AREA_B,AREA_C_TO_AREA_B,CA,BA,31_60,mid,9_14,Y,W,0,0.51118207,27.419955488080024
3.0,151.3736407,,1,1,0,0,0,0,0,0,0,1,0,14.5,6.0,42.500209,3,1,PET,LOWER VERTEX,LANG_02,One-Way,apple,Paid Search,Paid Search,Logged-Out,AREA_B,AREA_C,AREA_B_TO_AREA_C,BU,CA,0_3,very_high,unknown_or_oneway,Y,H,0,0.64499265,27.412322409560023
125.0,123.8536525,9.878472222222221,3,2,0,0,1,1,0,1,0,2,1,239.16666666666666,17.0,52.76656,2,1,PET,SOUTH MERIDIAN,LANG_02,Round-Trip,samsung,Direct,Direct,Logged-In,AREA_B,AREA_C,AREA_B_TO_AREA_C,BI,CA,120_plus,very_high,9_14,Y,V,0,0.519366,27.40515856891632
71.0,45.6563517,,1,1,0,0,0,0,0,0,0,1,0,4.0,17.0,40.024635,4,1,PET,UPPER APEX,LANG_02,One-Way,google,Paid Search,MetaSearches,Logged-Out,AREA_B,AREA_C,AREA_B_TO_AREA_C,BO,CA,61_120,mid,unknown_or_oneway,Y,W,0,0.68467504,27.403868483992518
8.0,188.0986525,10.222222222222221,1,1,0,0,0,0,0,0,0,2,1,260.0,20.0,63.9267731,3,1,PET,UPPER VERTEX,LANG_10,Round-Trip,google,Direct,Organic Search,Logged-Out,AREA_C,AREA_B,AREA_C_TO_AREA_B,CA,BI,8_14,very_high,9_14,Y,K,0,0.42858467,27.398034637432886
0.0,159.36314890000003,11.010416666666666,1,1,0,0,0,0,0,0,0,4,1,267.25,11.0,44.2082694,5,0,PET,OLD AURORA,LANG_02,Round-Trip,apple,Direct,Direct,Logged-Out,AREA_B,AREA_B,AREA_B_TO_AREA_B,BO,BI,invalid_or_past,very_high,9_14,Y,V,0,0.61972916,27.397153716129182
176.0,159.3241736,16.39236111111111,1,1,0,0,0,0,0,0,0,2,1,400.6666666666667,18.0,126.4547184,4,1,PET,UPPER APEX,LANG_09,Round-Trip,google,Organic Search,Organic Search,Logged-Out,AREA_C,AREA_B,AREA_C_TO_AREA_B,CA,BU,120_plus,very_high,15_30,Y,S,0,0.21665375,27.396888863945318
60.0,173.097445,12.784722222222221,2,2,0,0,0,0,0,0,0,2,1,310.0,8.0,55.0862328,3,1,PET,LOWER VERTEX,LANG_02,Round-Trip,microsoft,Paid Search,Paid Search,Logged-Out,AREA_B,AREA_C,AREA_B_TO_AREA_C,BU,CA,31_60,very_high,9_14,Y,L,0,0.49732396,27.395703441204855
31.0,251.9063582,44.763888888888886,1,1,0,0,0,0,0,0,0,2,1,1078.0,15.0,47.62696,2,1,PET,NORTH MERIDIAN,LANG_02,Round-Trip,apple,Direct,Direct,Logged-Out,AREA_B,AREA_C,AREA_B_TO_AREA_C,BI,CA,31_60,very_high,30_plus,Y,Q,0,0.5749307,27.38220276054859
40.0,167.4550208,11.784722222222221,2,2,0,0,0,0,0,0,0,2,1,286.0,8.0,53.8668627,3,1,PET,LOWER VERTEX,LANG_02,Round-Trip,microsoft,Direct,Paid Search,Logged-Out,AREA_B,AREA_C,AREA_B_TO_AREA_C,BU,CA,31_60,very_high,9_14,Y,U,0,0.5082955,27.380282640242225
36.0,129.4142714,31.76388888888889,1,1,0,0,0,0,0,0,0,2,1,766.0,20.0,51.396,3,1,PET,UPPER APEX,LANG_09,Round-Trip,apple,Paid Search,Paid Search,Logged-Out,AREA_B,AREA_C,AREA_B_TO_AREA_C,BI,CA,31_60,very_high,30_plus,Y,O,1,0.5327265,27.380012543678284
32.0,234.147327,35.763888888888886,1,1,0,0,0,0,0,1,0,2,1,862.0,19.0,47.62696,2,1,PET,NORTH MERIDIAN,LANG_02,Round-Trip,apple,Direct,Direct,Logged-In,AREA_B,AREA_C,AREA_B_TO_AREA_C,BI,CA,31_60,very_high,30_plus,Y,M,0,0.57471806,27.372073964848518
32.0,49.4151125,,1,1,0,0,0,0,0,0,0,1,0,4.0,19.0,40.024635,4,1,PET,UPPER APEX,LANG_09,One-Way,google,Affiliate,Affiliate,Logged-Out,AREA_B,AREA_C,AREA_B_TO_AREA_C,BO,CA,31_60,mid,unknown_or_oneway,Y,V,0,0.68383735,27.370340500548185
9.0,147.7236681,9.788194444444445,2,2,0,0,0,0,0,1,0,2,1,240.58333333333334,19.0,49.5495987,1,1,PET,LOWER VERTEX,LANG_02,Round-Trip,mozilla,Paid Search,Organic Search,Logged-In,AREA_B,AREA_C,AREA_B_TO_AREA_C,BO,CA,8_14,very_high,9_14,Y,O,0,0.5522937,27.36593208455227
16.0,62.5630659,,2,2,0,0,0,0,0,0,0,1,0,5.416666666666667,12.0,38.1187,4,1,PET,UPPER APEX,LANG_09,One-Way,google,Direct,Direct,Logged-Out,AREA_C,AREA_C,AREA_C_TO_AREA_C,CE,CA,15_30,high,unknown_or_oneway,Y,L,0,0.7177939,27.361369645720718
39.0,87.8713129,12.76388888888889,1,1,0,0,0,0,0,0,0,2,1,310.0,19.0,52.9704308,1,1,PET,NORTH MERIDIAN,LANG_02,Round-Trip,apple,Direct,Direct,Logged-Out,AREA_B,AREA_C,AREA_B_TO_AREA_C,BI,CA,31_60,high,9_14,Y,O,0,0.51617974,27.34226322075231
67.0,214.9697662,19.010416666666668,2,2,0,0,0,0,0,1,0,2,1,462.9166666666667,23.0,76.2374,3,1,PET,UPPER APEX,LANG_09,Round-Trip,apple,Direct,Paid Search,Logged-In,AREA_C,AREA_B,AREA_C_TO_AREA_B,CA,BU,61_120,very_high,15_30,Y,O,0,0.3586329,27.341239268785714
65.0,194.8653642,,2,2,0,0,0,0,0,1,1,1,0,15.916666666666666,7.0,37.5156536,3,1,PET,LOWER VERTEX,LANG_02,One-Way,apple,Direct,Direct,Logged-In,AREA_B,AREA_C,AREA_B_TO_AREA_C,BU,CA,61_120,very_high,unknown_or_oneway,Y,V,0,0.72877425,27.34044229885583
35.0,36.0007565,,1,1,0,0,0,0,0,0,0,2,1,6.666666666666667,9.0,42.2552214,6,0,PET,CENTRAL MERIDIAN,LANG_02,One-Way,google,Organic Search,Organic Search,Logged-Out,AREA_C,AREA_B,AREA_C_TO_AREA_B,CE,BI,31_60,mid,unknown_or_oneway,Y,W,0,0.6469774,27.338174318186763
94.0,148.94989099999998,10.36111111111111,2,2,0,0,0,0,0,0,0,2,1,263.8333333333333,21.0,57.0898202,5,1,PET,UPPER APEX,LANG_09,Round-Trip,google,Paid Search,Paid Search,Logged-Out,AREA_C,AREA_B,AREA_C_TO_AREA_B,CA,BO,61_120,very_high,9_14,Y,O,0,0.4786809,27.32780700971166
13.0,37.298077199999994,3.5243055555555554,2,2,0,0,0,0,0,1,0,4,1,85.5,10.0,51.396,3,0,PET,UPPER APEX,LANG_09,Round-Trip,apple,Direct,Direct,Logged-In,AREA_C,AREA_B,AREA_C_TO_AREA_B,CA,BA,8_14,mid,3_5,Y,O,0,0.5316373,27.324031235218047
36.0,176.3323949,,2,2,0,0,0,0,0,1,0,1,0,14.166666666666666,8.0,40.4824877,4,1,PET,LOWER VERTEX,LANG_02,One-Way,google,Paid Search,Organic Search,Logged-In,AREA_B,AREA_C,AREA_B_TO_AREA_C,BU,CA,31_60,very_high,unknown_or_oneway,Y,S,0,0.67465687,27.311788359759618
8.0,88.319743,,2,1,0,1,0,1,0,1,0,1,0,5.416666666666667,17.0,38.1187,4,1,PET,UPPER APEX,LANG_02,One-Way,google,Paid Search,Paid Search,Logged-In,AREA_C,AREA_C,AREA_C_TO_AREA_C,CE,CA,8_14,high,unknown_or_oneway,Y,V,0,0.7164806,27.311309533417223
28.0,36.9014714,16.375,2,2,0,0,0,0,0,0,0,2,1,394.8333333333333,11.0,40.9716063,3,1,PET,SOUTH HORIZON,LANG_09,Round-Trip,google,Direct,Organic Search,Logged-Out,AREA_C,AREA_C,AREA_C_TO_AREA_C,CA,CA,15_30,mid,15_30,Y,V,0,0.66648966,27.307151982855693
17.0,88.78787489999999,,1,1,0,0,0,0,0,0,0,1,0,14.5,8.0,42.500209,4,1,PET,NORTH MERIDIAN,LANG_02,One-Way,microsoft,Paid MetaSearches,Paid Search,Logged-Out,AREA_B,AREA_C,AREA_B_TO_AREA_C,BU,CA,15_30,high,unknown_or_oneway,Y,S,0,0.64225334,27.295901150799214
85.0,116.2611784,6.010416666666667,1,1,0,0,0,0,0,0,0,2,1,150.91666666666666,7.0,126.4547184,5,1,PET,UPPER APEX,LANG_09,Round-Trip,google,Direct,Paid Search,Logged-Out,AREA_C,AREA_B,AREA_C_TO_AREA_B,CA,BU,61_120,very_high,6_8,Y,O,0,0.21584432,27.29453248515923
69.0,131.29322349999998,30.229166666666668,2,2,0,0,0,0,0,0,0,2,1,740.1666666666666,12.0,76.2374,5,1,PET,LOWER VERTEX,LANG_02,Round-Trip,google,Paid Search,Paid Search,Logged-Out,AREA_C,AREA_B,AREA_C_TO_AREA_B,CA,BU,61_120,very_high,30_plus,Y,O,0,0.35772145,27.27175311553478
9.0,33.6969308,,1,1,0,0,0,0,0,1,0,2,1,6.833333333333333,14.0,42.2552214,6,0,PET,UPPER MERIDIAN,LANG_02,One-Way,google,Paid Search,Organic Search,Logged-In,AREA_C,AREA_B,AREA_C_TO_AREA_B,CE,BI,8_14,low,unknown_or_oneway,Y,S,0,0.6454027,27.27163522766265
10.0,316.6306259,17.319444444444443,1,1,0,0,0,0,0,0,1,2,1,431.8333333333333,15.0,57.0898202,5,1,PET,LOWER VERTEX,LANG_02,Round-Trip,google,Direct,Direct,Logged-Out,AREA_C,AREA_B,AREA_C_TO_AREA_B,CA,BO,8_14,very_high,15_30,Y,B,0,0.4776598,27.269511625378744
1.0,49.3654297,,1,1,0,0,0,0,0,0,0,1,0,4.083333333333333,15.0,38.1187,4,1,PET,UPPER APEX,LANG_09,One-Way,apple,Direct,Paid Search,Logged-Out,AREA_C,AREA_C,AREA_C_TO_AREA_C,CE,CA,0_3,mid,unknown_or_oneway,Y,V,0,0.71531016,27.266693256682156
149.0,835.7589220000001,16.0,2,2,0,0,0,0,0,0,0,2,1,391.25,21.0,126.4547184,3,1,PET,UPPER APEX,LANG_09,Round-Trip,google,Paid MetaSearches,MetaSearches,Logged-Out,AREA_C,AREA_B,AREA_C_TO_AREA_B,CA,BU,120_plus,very_high,15_30,Y,M,0,0.21558367,27.261571922240854
15.0,27.8827583,7.815972222222222,1,1,0,0,0,0,0,0,0,2,1,191.0,12.0,48.3979,1,1,PET,UPPER APEX,LANG_02,Round-Trip,apple,Direct,Direct,Logged-Out,AREA_B,AREA_C,AREA_B_TO_AREA_C,BO,CA,15_30,low,6_8,Y,U,0,0.56325847,27.260527061885597
20.0,125.7583026,234.84722222222223,1,1,0,0,0,0,0,1,0,4,1,5639.166666666667,12.0,43.4840141,5,0,PET,UPPER VERTEX,LANG_10,Round-Trip,apple,Direct,Direct,Logged-In,AREA_C,AREA_B,AREA_C_TO_AREA_B,CI,BI,15_30,very_high,30_plus,Y,L,0,0.62682825,27.257008603436073
228.0,369.1380644,17.0,2,2,0,0,0,0,0,1,0,2,1,415.25,13.0,126.4547184,3,1,PET,UPPER APEX,LANG_09,Round-Trip,google,Paid Search,Paid Search,Logged-In,AREA_C,AREA_B,AREA_C_TO_AREA_B,CA,BU,120_plus,very_high,15_30,Y,V,0,0.21554504,27.25668775924723
7.0,35.2953464,12.722222222222221,1,1,0,0,0,0,0,0,0,2,1,307.1666666666667,17.0,53.640292,3,1,PET,UPPER APEX,LANG_09,Round-Trip,apple,Paid Search,Paid Search,Logged-Out,AREA_C,AREA_B,AREA_C_TO_AREA_B,CA,BA,4_7,mid,9_14,Y,V,0,0.5081174,27.25556451321483
29.0,100.826103,,1,1,0,0,0,0,0,0,0,2,1,18.25,11.0,40.140276,3,0,PET,LOWER VERTEX,LANG_02,One-Way,apple,Paid Search,Paid Search,Logged-Out,AREA_B,AREA_B,AREA_B_TO_AREA_B,BU,BE,15_30,high,unknown_or_oneway,Y,V,0,0.6789405,27.252858053550483
88.0,105.1810574,63.77777777777778,1,1,0,0,0,0,0,0,0,2,1,1534.0,15.0,52.9704308,1,1,PET,LOWER VERTEX,LANG_02,Round-Trip,apple,Paid Search,Paid Search,Logged-Out,AREA_B,AREA_C,AREA_B_TO_AREA_C,BI,CA,61_120,very_high,30_plus,Y,O,0,0.5144611,27.25122610221684
70.0,77.5300094,12.177083333333334,1,1,0,0,0,0,0,0,0,2,1,297.0,12.0,53.2017128,2,1,PET,LOWER VERTEX,LANG_02,Round-Trip,apple,Direct,Direct,Logged-Out,AREA_C,AREA_C,AREA_C_TO_AREA_C,CE,CA,61_120,high,9_14,C,I,0,0.5122052,27.250193067558147
7.0,32.1083661,15.965277777777779,1,1,0,0,0,0,0,0,0,2,1,384.5,11.0,51.396,5,1,PET,LOWER MERIDIAN,LANG_09,Round-Trip,google,Direct,Email,Logged-Out,AREA_C,AREA_B,AREA_C_TO_AREA_B,CA,BA,4_7,low,15_30,Y,S,0,0.53012747,27.246431228399278
81.0,105.9065976,7.267361111111111,3,3,0,0,0,0,0,1,0,2,1,181.08333333333334,22.0,54.8403886,3,1,PET,UPPER APEX,LANG_09,Round-Trip,apple,Direct,Direct,Logged-In,AREA_C,AREA_B,AREA_C_TO_AREA_B,CA,BE,61_120,very_high,6_8,Y,O,0,0.49682796,27.246238394531844
11.0,150.3465773,179.22916666666666,1,1,0,0,0,0,0,0,0,2,1,4316.166666666667,17.0,76.2374,5,1,PET,UPPER APEX,LANG_09,Round-Trip,apple,Direct,Direct,Logged-Out,AREA_C,AREA_B,AREA_C_TO_AREA_B,CA,BU,8_14,very_high,30_plus,Y,W,0,0.35732985,27.24189835786819
8.0,94.2504131,20.21875,1,1,0,0,0,0,0,0,0,2,1,501.1666666666667,6.0,74.0959,3,1,PET,LOWER VERTEX,LANG_02,Round-Trip,apple,Direct,Direct,Logged-Out,AREA_C,AREA_B,AREA_C_TO_AREA_B,CA,BU,8_14,high,15_30,Y,O,0,0.3676269,27.23964642288685
42.0,72.0837466,29.78472222222222,1,1,0,0,0,0,0,1,0,2,1,718.0,15.0,53.8668627,3,1,PET,LOWER VERTEX,LANG_02,Round-Trip,other,Direct,Direct,Logged-In,AREA_B,AREA_C,AREA_B_TO_AREA_C,BU,CA,31_60,high,15_30,Y,U,0,0.50567776,27.239274449368445
70.0,135.02585800000003,17.78125,2,2,0,0,0,0,0,0,0,3,1,430.0,19.0,47.6856371,3,0,PET,LOWER VERTEX,LANG_02,Round-Trip,google,Paid Search,Paid Search,Logged-Out,AREA_B,AREA_B,AREA_B_TO_AREA_B,BU,BE,61_120,very_high,15_30,Y,O,0,0.57112545,27.234480839985878
9.0,35.9562133,22.21875,1,1,0,0,0,0,0,0,0,4,1,538.3333333333334,4.0,47.75545,4,0,PET,OLD MERIDIAN,LANG_02,Round-Trip,google,Direct,Paid Search,Logged-Out,AREA_B,AREA_B,AREA_B_TO_AREA_B,BU,BE,8_14,mid,15_30,Y,W,0,0.5701976,27.230042129015924
31.0,52.1635136,,2,2,0,0,0,0,0,0,0,1,0,5.416666666666667,23.0,38.1187,4,1,PET,UPPER APEX,LANG_09,One-Way,google,Paid MetaSearches,Paid MetaSearches,Logged-Out,AREA_C,AREA_C,AREA_C_TO_AREA_C,CE,CA,31_60,mid,unknown_or_oneway,Y,O,0,0.71428764,27.227716211950778
153.0,352.096864,18.0,2,2,0,0,0,0,0,0,0,2,1,439.25,9.0,126.4547184,3,1,PET,UPPER APEX,LANG_09,Round-Trip,google,Direct,Paid Search,Logged-Out,AREA_C,AREA_B,AREA_C_TO_AREA_B,CA,BU,120_plus,very_high,15_30,Y,V,0,0.21530353,27.226146665959956
31.0,98.0194531,7.21875,3,2,1,0,0,0,1,0,0,4,1,178.33333333333334,22.0,47.75545,4,0,PET,OLD MERIDIAN,LANG_02,Round-Trip,google,Paid Search,Paid Search,Logged-Out,AREA_B,AREA_B,AREA_B_TO_AREA_B,BU,BE,31_60,high,6_8,Y,U,0,0.5699179,27.2166866014123
35.0,482.9151028,33.21527777777778,2,2,0,0,0,0,0,0,0,2,1,813.25,17.0,74.0959,3,1,PET,LOWER VERTEX,LANG_02,Round-Trip,google,Direct,Organic Search,Logged-Out,AREA_C,AREA_B,AREA_C_TO_AREA_B,CA,BU,31_60,very_high,30_plus,P,R,0,0.36718917,27.207211942124367
197.0,370.4332436,12.496527777777779,2,2,0,0,0,0,0,1,0,2,1,307.1666666666667,21.0,126.4547184,3,1,PET,UPPER APEX,LANG_02,Round-Trip,google,Direct,Direct,Logged-In,AREA_C,AREA_B,AREA_C_TO_AREA_B,CA,BU,120_plus,very_high,9_14,Y,L,0,0.21514468,27.206059791919827
7.0,171.31957169999998,,1,1,0,0,0,0,0,1,0,1,0,0.9166666666666666,16.0,71.9544,2,1,PET,UPPER APEX,LANG_02,Round-Trip,google,Paid Search,Paid Search,Logged-In,AREA_C,AREA_C,AREA_C_TO_AREA_C,CA,CA,4_7,very_high,unknown_or_oneway,Y,T,0,0.3778977,27.19140295622349
54.0,131.0465227,,1,1,0,0,0,0,0,0,0,2,1,30.5,20.0,51.3236173,5,0,PET,NORTH MERIDIAN,LANG_02,One-Way,google,MetaSearches,MetaSearches,Logged-Out,AREA_B,AREA_B,AREA_B_TO_AREA_B,BI,BO,31_60,very_high,unknown_or_oneway,Y,V,0,0.52968454,27.185326805945255
58.0,153.95286330000002,9.26388888888889,1,1,0,0,0,0,0,0,0,4,1,226.0,21.0,46.4996744,4,0,PET,NORTH MERIDIAN,LANG_02,Round-Trip,apple,Organic Search,Organic Search,Logged-Out,AREA_B,AREA_B,AREA_B_TO_AREA_B,BI,BE,31_60,very_high,9_14,Y,L,0,0.584597,27.183569761783126
10.0,15.9995748,,1,1,0,0,0,0,0,1,0,1,0,4.5,17.0,35.4216949,5,1,PET,UPPER VERTEX,LANG_02,One-Way,apple,Direct,Direct,Logged-In,AREA_C,AREA_B,AREA_C_TO_AREA_B,CA,BO,8_14,very_low,unknown_or_oneway,Y,O,0,0.76742125,27.183361220533893
66.0,110.8504645,22.743055555555557,1,1,0,0,0,0,0,0,0,2,1,549.1666666666666,13.0,52.9704308,1,1,PET,NORTH MERIDIAN,LANG_02,Round-Trip,google,Paid Search,Paid Search,Logged-Out,AREA_B,AREA_C,AREA_B_TO_AREA_C,BI,CA,61_120,very_high,15_30,Y,U,0,0.51284385,27.165559523274517
64.0,186.2565342,6.211805555555555,2,2,0,0,0,0,0,0,0,2,1,165.25,16.0,57.0898202,5,1,PET,UPPER APEX,LANG_09,Round-Trip,google,Direct,Direct,Logged-Out,AREA_C,AREA_B,AREA_C_TO_AREA_B,CA,BO,61_120,very_high,6_8,Y,O,0,0.4757625,27.161194809782145
31.0,66.1226672,29.28125,1,1,0,0,0,0,0,0,0,2,1,716.25,14.0,76.2374,5,1,PET,UPPER VERTEX,LANG_11,Round-Trip,google,Paid Search,Organic Search,Logged-Out,AREA_C,AREA_B,AREA_C_TO_AREA_B,CA,BU,31_60,high,15_30,Y,O,0,0.35624173,27.158943482893704
6.0,300.5192648,4.788194444444445,1,1,0,0,0,0,0,0,0,2,1,120.58333333333333,13.0,87.6635874,5,1,PET,LOWER VERTEX,LANG_02,Round-Trip,google,Paid Search,Paid Search,Logged-Out,AREA_B,AREA_C,AREA_B_TO_AREA_C,BO,CA,4_7,very_high,3_5,Y,E,0,0.30979052,27.157348488776474
16.0,232.1745772,15.260416666666666,3,2,0,1,0,1,0,0,0,2,1,381.1666666666667,13.0,74.0959,3,1,PET,UPPER VERTEX,LANG_11,Round-Trip,apple,Direct,Direct,Logged-Out,AREA_C,AREA_B,AREA_C_TO_AREA_B,CA,BU,15_30,very_high,15_30,Y,U,0,0.3663402,27.144306096979975
131.0,548.6296001,26.697916666666668,3,1,1,1,0,1,1,0,0,2,1,646.0,11.0,49.5495987,1,1,PET,LOWER VERTEX,LANG_02,Round-Trip,microsoft,Organic Search,Organic Search,Logged-Out,AREA_B,AREA_C,AREA_B_TO_AREA_C,BO,CA,120_plus,very_high,15_30,Y,L,0,0.54778296,27.14242572149307
19.0,110.0289851,50.739583333333336,1,1,0,0,0,0,0,0,0,2,1,1220.9166666666667,20.0,53.8668627,3,1,PET,LOWER VERTEX,LANG_02,Round-Trip,apple,Direct,Affiliate,Logged-Out,AREA_B,AREA_C,AREA_B_TO_AREA_C,BU,CA,15_30,very_high,30_plus,Y,U,0,0.50386804,27.141790713968163
61.0,180.8642372,,2,2,0,0,0,0,0,0,0,1,0,4.083333333333333,12.0,38.1187,3,1,PET,UPPER APEX,LANG_09,One-Way,mozilla,Direct,Direct,Logged-Out,AREA_C,AREA_C,AREA_C_TO_AREA_C,CE,CA,61_120,very_high,unknown_or_oneway,C,I,0,0.71202666,27.141530479639766
151.0,285.8598407,34.65625,2,2,0,0,0,0,0,0,0,2,1,835.0,22.0,52.9704308,1,1,PET,NORTH MERIDIAN,LANG_02,Round-Trip,google,Paid Search,Paid Search,Logged-Out,AREA_B,AREA_C,AREA_B_TO_AREA_C,BI,CA,120_plus,very_high,30_plus,Y,O,0,0.51234585,27.139180417865493
163.0,58.5199139,10.753472222222221,5,2,0,3,0,1,0,0,0,2,1,260.75,13.0,51.396,1,0,PET,UPPER VERTEX,LANG_11,Round-Trip,microsoft,Organic Search,Organic Search,Logged-Out,AREA_B,AREA_B,AREA_B_TO_AREA_B,BE,BO,120_plus,high,9_14,Y,O,0,0.5276559,27.1194026119709
38.0,67.9446554,,2,1,0,1,0,1,0,0,0,2,1,7.083333333333333,16.0,38.1187,4,1,PET,UPPER APEX,LANG_02,One-Way,google,Paid Search,Paid MetaSearches,Logged-Out,AREA_C,AREA_C,AREA_C_TO_AREA_C,CE,CA,31_60,high,unknown_or_oneway,,T,0,0.71110374,27.106350033086535
34.0,47.3888252,5.225694444444445,2,2,0,0,0,0,0,0,0,2,1,130.5,13.0,46.560493,4,1,PET,UPPER APEX,LANG_02,Round-Trip,google,Direct,Direct,Logged-Out,AREA_C,AREA_B,AREA_C_TO_AREA_B,CA,BO,31_60,mid,6_8,Y,O,0,0.5821113,27.1033890640766
129.0,122.4351229,61.770833333333336,1,1,0,0,0,0,0,0,0,2,1,1486.0,10.0,53.8668627,4,1,PET,LOWER VERTEX,LANG_02,Round-Trip,apple,Direct,Direct,Logged-Out,AREA_B,AREA_C,AREA_B_TO_AREA_C,BU,CA,120_plus,very_high,30_plus,Y,V,0,0.5030427,27.097331940366697
6.0,31.3451355,,1,1,0,0,0,0,0,0,0,1,0,4.75,8.0,47.4761984,5,1,PET,UPPER APEX,LANG_02,One-Way,google,MetaSearches,MetaSearches,Logged-Out,AREA_C,AREA_C,AREA_C_TO_AREA_C,CA,CE,4_7,low,unknown_or_oneway,Y,W,0,0.57074505,27.09680527268524
244.0,82.4755895,27.90277777777778,1,1,0,0,0,0,0,1,1,2,1,673.0,19.0,52.9704308,1,1,PET,NORTH MERIDIAN,LANG_02,Round-Trip,apple,Direct,Direct,Logged-In,AREA_B,AREA_C,AREA_B_TO_AREA_C,BI,CA,120_plus,high,15_30,Y,O,0,0.5113631,27.08712312403138
7.0,184.361735,7.875,1,1,0,0,0,0,0,0,0,2,1,194.0,17.0,71.9544,2,1,PET,EAST ZENITH,LANG_08,Round-Trip,samsung,Direct,Direct,Logged-Out,AREA_C,AREA_C,AREA_C_TO_AREA_C,CA,CA,4_7,very_high,6_8,Y,K,0,0.37644506,27.08687806606293
31.0,127.7884446,,1,1,0,0,0,0,0,1,0,1,0,3.6666666666666665,18.0,38.2480466,5,1,PET,NORTH MERIDIAN,LANG_02,One-Way,apple,Direct,Direct,Logged-In,AREA_C,AREA_B,AREA_C_TO_AREA_B,CA,BI,31_60,very_high,unknown_or_oneway,Y,T,0,0.7081415,27.085029310105075
62.0,47.7580198,30.239583333333332,1,1,0,0,0,0,0,0,0,2,1,732.4166666666666,13.0,48.3979,4,1,PET,UPPER APEX,LANG_09,Round-Trip,apple,Email,Email,Logged-Out,AREA_C,AREA_B,AREA_C_TO_AREA_B,CA,BE,61_120,mid,30_plus,Y,O,0,0.5592612,27.067067767584323
62.0,52.212339799999995,30.239583333333332,1,1,0,0,0,0,0,0,0,2,1,732.4166666666666,14.0,48.3979,4,1,PET,UPPER APEX,LANG_09,Round-Trip,apple,Email,Email,Logged-Out,AREA_C,AREA_B,AREA_C_TO_AREA_B,CA,BE,61_120,mid,30_plus,Y,O,0,0.5592612,27.067067767584323
70.0,146.4246342,7.142361111111111,3,3,0,0,0,0,0,0,0,2,1,173.75,18.0,55.2061568,4,1,PET,UPPER APEX,LANG_02,Round-Trip,microsoft,Direct,Direct,Logged-Out,AREA_C,AREA_C,AREA_C_TO_AREA_C,CA,CE,61_120,very_high,6_8,Y,W,0,0.49022335,27.063347024477387
27.0,51.7420664,,2,2,0,0,0,0,0,1,0,1,0,0.5833333333333334,10.0,43.6977358,3,1,PET,UPPER APEX,LANG_09,One-Way,apple,Internal,Internal,Logged-In,AREA_B,AREA_C,AREA_B_TO_AREA_C,BI,CA,15_30,mid,unknown_or_oneway,Y,W,0,0.6192725,27.060804802996778
130.0,186.3777431,45.322916666666664,2,1,0,1,0,1,0,0,0,2,1,1104.0,9.0,50.1762016,5,1,PET,LOWER VERTEX,LANG_02,Round-Trip,apple,Direct,Direct,Logged-Out,AREA_C,AREA_B,AREA_C_TO_AREA_B,CA,BO,120_plus,very_high,30_plus,Y,O,0,0.539291,27.059575151734542
33.0,144.9898292,21.055555555555557,2,2,0,0,0,0,0,1,0,4,1,506.25,22.0,40.5698609,2,0,PET,UPPER VERTEX,LANG_10,Round-Trip,apple,Organic Search,Organic Search,Logged-In,AREA_B,AREA_B,AREA_B_TO_AREA_B,BE,BI,31_60,very_high,15_30,Y,O,0,0.66695976,27.058464793493464
51.0,514.1835726,13.211805555555555,6,4,1,1,0,1,1,0,0,2,1,333.25,23.0,57.0898202,5,1,PET,UPPER APEX,LANG_09,Round-Trip,google,Paid Search,Organic Search,Logged-Out,AREA_C,AREA_B,AREA_C_TO_AREA_B,CA,BO,31_60,very_high,9_14,Y,O,0,0.47379592,27.0489239191428
6.0,357.2017717,12.239583333333334,1,1,0,0,0,0,0,0,0,2,1,308.25,17.0,76.2374,4,1,PET,UPPER APEX,LANG_02,Round-Trip,mozilla,MetaSearches,MetaSearches,Logged-Out,AREA_C,AREA_B,AREA_C_TO_AREA_B,CA,BU,4_7,very_high,9_14,C,Z,0,0.3547791,27.04743573580384
4.0,82.2914205,,1,1,0,0,0,0,0,0,0,1,0,16.333333333333332,12.0,40.140276,2,0,PET,LOWER VERTEX,LANG_02,One-Way,apple,Direct,Organic Search,Logged-Out,AREA_B,AREA_B,AREA_B_TO_AREA_B,BU,BE,4_7,high,unknown_or_oneway,Y,S,0,0.67368215,27.041787566723585
201.0,170.4569755,27.65625,1,1,0,0,0,0,0,0,0,2,1,667.0,14.0,52.9704308,1,1,PET,NORTH MERIDIAN,LANG_02,Round-Trip,google,Affiliate,Affiliate,Logged-Out,AREA_B,AREA_C,AREA_B_TO_AREA_C,BI,CA,120_plus,very_high,15_30,Y,O,0,0.51044303,27.038387292661692
115.0,116.0161908,21.65625,1,1,0,0,0,0,0,0,0,2,1,523.0,12.0,52.9704308,1,1,PET,NEW MERIDIAN,LANG_02,Round-Trip,apple,Direct,Direct,Logged-Out,AREA_B,AREA_C,AREA_B_TO_AREA_C,BI,CA,61_120,very_high,15_30,Y,O,0,0.5103786,27.034974268969634
141.0,92.9402434,,2,2,0,0,0,0,0,0,0,1,0,12.333333333333334,13.0,51.396,5,1,PET,UPPER APEX,LANG_09,One-Way,apple,MetaSearches,MetaSearches,Logged-Out,AREA_C,AREA_C,AREA_C_TO_AREA_C,CA,CE,120_plus,high,unknown_or_oneway,Y,O,0,0.52582735,27.025422389745714
4.0,116.0573076,,1,1,0,0,0,0,0,1,0,1,0,14.416666666666666,15.0,38.1187,4,1,PET,NORTH MERIDIAN,LANG_02,One-Way,apple,Direct,Direct,Logged-In,AREA_B,AREA_C,AREA_B_TO_AREA_C,BI,CA,4_7,very_high,unknown_or_oneway,Y,T,0,0.7088656,27.021034496527907
4.0,237.8268523,,2,2,0,0,0,0,0,0,0,1,0,16.333333333333332,10.0,40.140276,3,0,PET,LOWER VERTEX,LANG_02,One-Way,microsoft,Direct,Direct,Logged-Out,AREA_B,AREA_B,AREA_B_TO_AREA_B,BU,BE,4_7,very_high,unknown_or_oneway,Y,T,0,0.672981,27.013644037631035
55.0,57.5510993,6.170138888888889,1,1,0,0,0,0,0,0,0,2,1,151.08333333333334,20.0,52.76656,4,1,PET,UPPER APEX,LANG_02,Round-Trip,apple,Direct,Direct,Logged-Out,AREA_C,AREA_B,AREA_C_TO_AREA_B,CA,BO,31_60,high,6_8,Y,K,0,0.5119264,27.01259576511383
23.0,93.3518397,16.211805555555557,1,1,0,0,0,0,0,0,0,2,1,405.25,11.0,50.1762016,5,1,PET,UPPER APEX,LANG_09,Round-Trip,google,Paid MetaSearches,Organic Search,Logged-Out,AREA_C,AREA_B,AREA_C_TO_AREA_B,CA,BO,15_30,high,15_30,Y,O,0,0.5383291,27.011310675588987
21.0,112.9662665,21.21875,1,1,0,0,0,0,0,0,0,2,1,525.1666666666666,22.0,74.0959,4,1,PET,UPPER APEX,LANG_02,Round-Trip,apple,Direct,Direct,Logged-Out,AREA_C,AREA_B,AREA_C_TO_AREA_B,CA,BU,15_30,very_high,15_30,Y,O,0,0.36449495,27.00758133452833
156.0,385.3466496,16.36111111111111,2,2,0,0,0,0,0,0,0,2,1,399.9166666666667,11.0,126.4547184,3,1,PET,UPPER APEX,LANG_09,Round-Trip,google,Paid Search,Paid Search,Logged-Out,AREA_C,AREA_B,AREA_C_TO_AREA_B,CA,BU,120_plus,very_high,15_30,Y,V,0,0.2135668,27.006528920239806
4.0,157.3779784,,1,1,0,0,0,0,0,1,0,1,0,3.6666666666666665,22.0,38.1773771,5,1,PET,UPPER VERTEX,LANG_11,One-Way,apple,Direct,Direct,Logged-In,AREA_C,AREA_B,AREA_C_TO_AREA_B,CA,BI,4_7,very_high,unknown_or_oneway,Y,K,0,0.7072499,27.000945366468216
71.0,307.5656564,18.680555555555557,2,2,0,0,0,0,0,0,0,4,1,454.0,22.0,42.83,5,0,PET,LOWER VERTEX,LANG_02,Round-Trip,apple,Direct,MetaSearches,Logged-Out,AREA_B,AREA_B,AREA_B_TO_AREA_B,BO,BE,61_120,very_high,15_30,Y,O,0,0.6303819,26.999256014227868
24.0,73.6157757,,1,1,0,0,0,0,0,0,0,1,0,14.166666666666666,15.0,50.3676517,4,1,PET,LOWER VERTEX,LANG_02,One-Way,google,MetaSearches,MetaSearches,Logged-Out,AREA_B,AREA_C,AREA_B_TO_AREA_C,BU,CA,15_30,high,unknown_or_oneway,Y,S,0,0.5358372,26.988860120842173
112.0,334.6063769,18.78472222222222,2,2,0,0,0,0,0,0,0,2,1,454.0,9.0,53.8668627,3,1,PET,LOWER VERTEX,LANG_02,Round-Trip,apple,Direct,Paid Search,Logged-Out,AREA_B,AREA_C,AREA_B_TO_AREA_C,BU,CA,61_120,very_high,15_30,Y,L,0,0.500906,26.982234221289254
80.0,72.0730391,,2,2,0,0,0,0,0,0,0,2,1,5.416666666666667,20.0,42.2552214,6,0,PET,CENTRAL MERIDIAN,LANG_02,One-Way,google,Direct,MetaSearches,Logged-Out,AREA_C,AREA_B,AREA_C_TO_AREA_B,CE,BI,61_120,high,unknown_or_oneway,Y,W,0,0.6381266,26.96418125902076
108.0,149.6548728,70.02083333333333,2,2,0,0,0,0,0,1,0,2,1,1696.5833333333333,14.0,74.0959,3,1,PET,LOWER VERTEX,LANG_02,Round-Trip,apple,Direct,Direct,Logged-In,AREA_C,AREA_B,AREA_C_TO_AREA_B,CA,BU,61_120,very_high,30_plus,Y,O,0,0.36383465,26.958655792877078
29.0,93.3762528,9.211805555555555,1,1,0,0,0,0,0,0,0,2,1,237.25,14.0,50.1762016,5,1,PET,UPPER APEX,LANG_09,Round-Trip,apple,Paid Search,Paid Search,Logged-Out,AREA_C,AREA_B,AREA_C_TO_AREA_B,CA,BO,15_30,high,9_14,Y,O,0,0.53712386,26.95083502977543
94.0,90.8347206,72.52083333333333,1,1,0,0,0,0,0,0,0,2,1,1743.6666666666667,15.0,52.9704308,4,1,PET,NORTH MERIDIAN,LANG_09,Round-Trip,google,Direct,Email,Logged-Out,AREA_B,AREA_C,AREA_B_TO_AREA_C,BI,CA,61_120,high,30_plus,Y,O,0,0.50873685,26.94801004642191
42.0,156.2990907,9.63888888888889,1,1,0,0,0,0,0,0,0,2,1,238.0,11.0,49.5495987,1,1,PET,LOWER VERTEX,LANG_02,Round-Trip,apple,Direct,Direct,Logged-Out,AREA_B,AREA_C,AREA_B_TO_AREA_C,BO,CA,31_60,very_high,9_14,Y,O,0,0.54385024,26.947561298085397
235.0,215.5094242,22.78125,2,2,0,0,0,0,0,0,0,2,1,550.0,19.0,52.9704308,1,1,PET,NORTH MERIDIAN,LANG_02,Round-Trip,apple,Direct,Organic Search,Logged-Out,AREA_B,AREA_C,AREA_B_TO_AREA_C,BI,CA,120_plus,very_high,15_30,Y,O,0,0.50866455,26.944180261279943
35.0,126.6204705,28.78125,1,1,0,0,0,0,0,0,0,2,1,694.0,6.0,50.5299774,4,0,PET,LOWER VERTEX,LANG_02,Round-Trip,apple,Organic Search,Paid Search,Logged-Out,AREA_B,AREA_B,AREA_B_TO_AREA_B,BU,BE,31_60,very_high,15_30,Y,S,0,0.5330145,26.93320944127575
195.0,168.0297994,9.097222222222221,2,2,0,0,0,0,0,1,0,2,1,232.75,22.0,91.3345467,4,1,PET,UPPER APEX,LANG_09,Round-Trip,google,Paid Search,Referrals,Logged-In,AREA_C,AREA_B,AREA_C_TO_AREA_B,CA,BI,120_plus,very_high,9_14,Y,U,0,0.2947906,26.92456543606513
93.0,33.5268957,6.875,1,1,0,0,0,0,0,0,0,2,1,167.16666666666666,10.0,59.8660608,5,1,PET,CENTRAL APEX,LANG_09,Round-Trip,apple,Direct,Direct,Logged-Out,AREA_C,AREA_C,AREA_C_TO_AREA_C,CU,CA,61_120,low,6_8,Y,T,0,0.4497077,26.92222772624817
14.0,83.1655808,7.267361111111111,2,2,0,0,0,0,0,1,0,2,1,181.08333333333334,23.0,48.3979,6,1,PET,UPPER APEX,LANG_09,Round-Trip,apple,Direct,Direct,Logged-In,AREA_C,AREA_B,AREA_C_TO_AREA_B,CA,BE,8_14,high,6_8,Y,O,0,0.55620235,26.91902581413388
6.0,64.4244577,,1,1,0,0,0,0,0,0,0,1,0,14.5,13.0,40.2075191,4,1,PET,LOWER VERTEX,LANG_02,One-Way,apple,Direct,Organic Search,Logged-Out,AREA_B,AREA_C,AREA_B_TO_AREA_C,BU,CA,4_7,high,unknown_or_oneway,Y,W,0,0.66946226,26.91741674978842
12.0,84.6693421,,1,1,0,0,0,0,0,1,0,1,0,14.5,10.0,40.2075191,4,1,PET,LOWER VERTEX,LANG_02,One-Way,apple,Direct,Direct,Logged-In,AREA_B,AREA_C,AREA_B_TO_AREA_C,BU,CA,8_14,high,unknown_or_oneway,Y,W,0,0.6693433,26.912633226221484
69.0,56.5039058,11.118055555555555,1,1,0,0,0,0,0,1,1,2,1,268.6666666666667,9.0,53.640292,3,1,PET,UPPER APEX,LANG_09,Round-Trip,apple,Direct,Direct,Logged-In,AREA_C,AREA_B,AREA_C_TO_AREA_B,CA,BA,61_120,high,9_14,Y,L,0,0.50169575,26.91110664015627
66.0,22.8292466,11.14236111111111,2,2,0,0,0,0,0,0,0,2,1,269.8333333333333,22.0,48.3979,5,1,PET,UPPER APEX,LANG_09,Round-Trip,google,Organic Search,Organic Search,Logged-Out,AREA_C,AREA_B,AREA_C_TO_AREA_B,CA,BA,61_120,low,9_14,Y,O,0,0.5560095,26.909690796667338
11.0,34.7711072,,2,2,0,0,0,0,0,1,0,1,0,2.6666666666666665,12.0,36.5455541,4,1,PET,UPPER APEX,LANG_09,One-Way,samsung,Direct,Direct,Logged-In,AREA_B,AREA_C,AREA_B_TO_AREA_C,BO,CA,8_14,mid,unknown_or_oneway,Y,O,0,0.73595166,26.89576128093016
179.0,368.7937112,,2,2,0,0,0,0,0,1,0,2,1,-328.3333333333333,20.0,126.4547184,3,1,PET,UPPER APEX,LANG_09,Round-Trip,mozilla,Paid Search,Paid Search,Logged-In,AREA_C,AREA_B,AREA_C_TO_AREA_B,CA,BU,120_plus,very_high,unknown_or_oneway,Y,V,0,0.21260561,26.88498260475347
29.0,141.3959639,88.73958333333333,1,1,0,0,0,0,0,0,0,2,1,2132.9166666666665,6.0,55.0862328,3,1,PET,LOWER VERTEX,LANG_02,Round-Trip,google,Paid Search,Paid Search,Logged-Out,AREA_B,AREA_C,AREA_B_TO_AREA_C,BU,CA,15_30,very_high,30_plus,Y,S,0,0.48803306,26.883902551187322
22.0,242.1625332,16.875,2,1,1,0,0,0,1,1,0,2,1,410.0,10.0,47.9987244,4,1,PET,UPPER APEX,LANG_09,Round-Trip,apple,Direct,Direct,Logged-In,AREA_C,AREA_C,AREA_C_TO_AREA_C,CA,CA,15_30,very_high,15_30,Y,W,0,0.55978,26.86872602336526
12.0,126.87059769999998,,1,1,0,0,0,0,0,0,0,2,1,6.083333333333333,20.0,39.1457634,4,0,PET,NORTH MERIDIAN,LANG_02,One-Way,microsoft,Organic Search,Organic Search,Logged-Out,AREA_C,AREA_B,AREA_C_TO_AREA_B,CU,BI,8_14,very_high,unknown_or_oneway,Y,H,0,0.68622524,26.86281070651213
100.0,48.0544034,17.875,1,1,0,0,0,0,0,0,0,2,1,431.1666666666667,13.0,52.4401954,4,1,PET,NEW APEX,LANG_02,Round-Trip,apple,Direct,Direct,Logged-Out,AREA_B,AREA_C,AREA_B_TO_AREA_C,BE,CA,61_120,mid,15_30,Y,U,0,0.5122361,26.861762135462666
100.0,122.78333080000002,3.861111111111111,1,1,0,0,0,0,0,1,0,2,1,101.66666666666667,11.0,97.8185804,1,1,PET,NEW VERTEX,LANG_10,Round-Trip,google,Paid Search,Paid Search,Logged-In,AREA_C,AREA_C,AREA_C_TO_AREA_C,CE,CA,61_120,very_high,3_5,Y,S,0,0.27457577,26.85861202397983
19.0,172.4652742,156.76388888888889,1,1,0,0,0,0,0,0,0,4,1,3765.6666666666665,,46.4996744,5,0,PET,NORTH MERIDIAN,LANG_02,Round-Trip,google,Paid Search,Paid Search,Logged-Out,AREA_B,AREA_B,AREA_B_TO_AREA_B,BI,BE,15_30,very_high,30_plus,Y,K,1,0.5775474,26.855764720093777
282.0,983.0885541,29.770833333333332,2,2,0,0,0,0,0,1,0,2,1,718.0,6.0,41.6710202,2,1,PET,LOWER VERTEX,LANG_02,Round-Trip,apple,Direct,Paid Search,Logged-In,AREA_B,AREA_C,AREA_B_TO_AREA_C,BU,CA,120_plus,very_high,15_30,C,F,0,0.6441367,26.841834556387912
172.0,266.809485,40.78125,2,1,0,1,0,1,0,0,0,2,1,982.0,17.0,52.9704308,1,1,PET,NORTH MERIDIAN,LANG_02,Round-Trip,microsoft,Email,Email,Logged-Out,AREA_B,AREA_C,AREA_B_TO_AREA_C,BI,CA,120_plus,very_high,30_plus,Y,O,0,0.5067296,26.84168536015568
56.0,105.3883546,84.60069444444444,1,1,0,0,0,0,0,0,0,2,1,2033.6666666666667,19.0,52.9704308,1,1,PET,NORTH MERIDIAN,LANG_02,Round-Trip,microsoft,Email,Email,Logged-Out,AREA_B,AREA_C,AREA_B_TO_AREA_C,BI,CA,31_60,very_high,30_plus,Y,O,0,0.50666845,26.838445987067747
32.0,85.8210408,80.01041666666667,1,1,0,0,0,0,0,1,0,4,1,1923.25,13.0,43.6711812,4,0,PET,NORTH MERIDIAN,LANG_02,Round-Trip,google,Paid Search,Organic Search,Logged-In,AREA_B,AREA_B,AREA_B_TO_AREA_B,BO,BI,31_60,high,30_plus,Y,L,0,0.61450934,26.836348915325832
54.0,23.2241392,8.9375,3,2,0,0,1,1,0,0,0,2,1,216.08333333333334,21.0,51.396,5,1,PET,UPPER APEX,LANG_09,Round-Trip,google,Paid Search,Email,Logged-Out,AREA_C,AREA_B,AREA_C_TO_AREA_B,CA,BA,31_60,low,9_14,Y,O,0,0.5219305,26.825140788316727
73.0,92.2506804,9.29513888888889,2,2,0,0,0,0,0,0,0,2,1,229.75,21.0,51.396,5,1,PET,UPPER APEX,LANG_09,Round-Trip,google,Paid Search,Paid Search,Logged-Out,AREA_C,AREA_B,AREA_C_TO_AREA_B,CA,BE,61_120,high,9_14,Y,O,0,0.5219305,26.825140788316727
101.0,46.283811199999995,17.020833333333332,1,1,0,0,0,0,0,0,1,2,1,410.75,12.0,52.4401954,4,1,PET,UPPER APEX,LANG_09,Round-Trip,apple,Direct,Direct,Logged-Out,AREA_B,AREA_C,AREA_B_TO_AREA_C,BE,CA,61_120,mid,15_30,Y,V,0,0.511492,26.822741156095553
15.0,87.6447422,,1,1,0,0,0,0,0,0,0,1,0,14.166666666666666,,50.0515663,4,1,PET,LOWER VERTEX,LANG_02,One-Way,google,MetaSearches,MetaSearches,Logged-Out,AREA_B,AREA_C,AREA_B_TO_AREA_C,BU,CA,15_30,high,unknown_or_oneway,Y,S,0,0.5358372,26.81948981353359
230.0,126.3716282,45.21527777777778,1,1,0,0,0,0,0,1,1,2,1,1101.25,11.0,74.0959,3,1,PET,UPPER APEX,LANG_09,Round-Trip,apple,Direct,Partners,Logged-In,AREA_C,AREA_B,AREA_C_TO_AREA_B,CA,BU,120_plus,very_high,30_plus,Y,L,0,0.36191007,26.81605272243321
110.0,742.8743576,18.77777777777778,4,2,0,2,0,1,0,0,0,4,1,454.0,14.0,46.7420922,3,0,PET,NORTH MERIDIAN,LANG_02,Round-Trip,google,MetaSearches,MetaSearches,Logged-Out,AREA_B,AREA_C,AREA_B_TO_AREA_C,BI,CI,61_120,very_high,15_30,Y,S,0,0.5736812,26.815058408383763
4.0,365.2807946,0.1701388888888889,2,2,0,0,0,0,0,1,0,4,1,7.75,22.0,46.5527836,5,0,PET,UPPER HORIZON,LANG_05,Round-Trip,google,Direct,Organic Search,Logged-In,AREA_C,AREA_B,AREA_C_TO_AREA_B,CI,BI,4_7,very_high,1_2,Y,Y,0,0.57598466,26.813689085431598
22.0,814.1965868,6.298611111111111,4,2,1,1,0,1,1,1,1,6,1,170.41666666666666,15.0,39.836183,4,0,PET,EAST ZENITH,LANG_08,Round-Trip,google,Paid Search,Paid Search,Logged-In,AREA_C,AREA_C,AREA_C_TO_AREA_C,CA,CI,15_30,very_high,6_8,P,A,0,0.6730403,26.811355394171834
40.0,156.01812589999997,33.59375,1,1,0,0,0,0,0,1,1,2,1,811.5,22.0,49.5495987,1,1,PET,LOWER VERTEX,LANG_02,Round-Trip,google,Paid Search,Paid Search,Logged-In,AREA_B,AREA_C,AREA_B_TO_AREA_C,BO,CA,31_60,very_high,30_plus,Y,S,0,0.5410848,26.810535990591877
19.0,289.07294729999995,14.78125,3,2,0,1,0,1,0,1,0,2,1,358.0,22.0,50.059704,4,0,PET,LOWER VERTEX,LANG_02,Round-Trip,google,Direct,Paid Search,Logged-In,AREA_B,AREA_B,AREA_B_TO_AREA_B,BU,BE,15_30,very_high,15_30,Y,U,0,0.53556246,26.81009800355959
20.0,78.2062951,31.239583333333332,1,1,0,0,0,0,0,0,0,2,1,764.25,19.0,76.2374,5,1,PET,LOWER VERTEX,LANG_02,Round-Trip,apple,Direct,Email,Logged-Out,AREA_C,AREA_B,AREA_C_TO_AREA_B,CA,BU,15_30,high,30_plus,Y,U,0,0.3516375,26.807929691308736
72.0,89.97083950000001,17.520833333333332,1,1,0,0,0,0,0,0,0,3,1,423.6666666666667,23.0,47.62696,3,1,PET,NORTH MERIDIAN,LANG_02,Round-Trip,google,MetaSearches,MetaSearches,Logged-Out,AREA_B,AREA_C,AREA_B_TO_AREA_C,BI,CA,61_120,high,15_30,P,J,0,0.5626852,26.798985114417075
6.0,96.5152635,20.760416666666668,1,1,0,0,0,0,0,0,0,2,1,503.0,10.0,53.8668627,1,1,PET,LOWER VERTEX,LANG_02,Round-Trip,apple,Direct,Direct,Logged-Out,AREA_B,AREA_C,AREA_B_TO_AREA_C,BU,CA,4_7,high,15_30,Y,O,0,0.4973453,26.790430910334447
12.0,314.95211820000003,16.680555555555557,2,2,0,0,0,0,0,0,0,4,1,406.9166666666667,11.0,40.7480337,5,0,PET,WEST AURORA,LANG_02,Round-Trip,apple,Internal,Internal,Logged-Out,AREA_C,AREA_D,AREA_C_TO_AREA_D,CU,DA,8_14,very_high,15_30,Y,T,0,0.65716684,26.778256487667026
10.0,273.8909972,8.197916666666666,3,1,1,1,0,1,1,0,0,2,1,200.25,9.0,52.685183,3,1,PET,UPPER APEX,LANG_09,Round-Trip,apple,Email,Email,Logged-Out,AREA_C,AREA_B,AREA_C_TO_AREA_B,CA,BA,8_14,very_high,9_14,Y,S,0,0.50822896,26.77613563984996
2.0,59.1602224,9.274305555555555,1,1,0,0,0,0,0,0,0,2,1,224.66666666666666,14.0,52.76656,2,1,PET,UPPER APEX,LANG_02,Round-Trip,apple,Direct,Direct,Logged-Out,AREA_B,AREA_C,AREA_B_TO_AREA_C,BI,CA,0_3,high,9_14,Y,T,0,0.5072118,26.76382210905075
24.0,175.2582185,13.76388888888889,2,2,0,0,0,0,0,0,0,2,1,334.0,21.0,53.5006662,3,1,PET,NEW HORIZON,LANG_02,Round-Trip,google,MetaSearches,MetaSearches,Logged-Out,AREA_B,AREA_C,AREA_B_TO_AREA_C,BI,CA,15_30,very_high,9_14,Y,O,0,0.5001913,26.76056624224695
27.0,21.4454093,,1,1,0,0,0,0,0,0,0,1,0,3.8333333333333335,18.0,36.31984,5,1,PET,UPPER APEX,LANG_09,One-Way,apple,Paid Search,Paid Search,Logged-Out,AREA_C,AREA_B,AREA_C_TO_AREA_B,CA,BA,15_30,low,unknown_or_oneway,Y,L,0,0.7366026,26.7532887349987
117.0,297.89978199999996,18.302083333333332,4,4,0,0,0,0,0,1,0,2,1,455.5,23.0,57.0898202,5,1,PET,UPPER APEX,LANG_09,Round-Trip,google,Direct,Paid Search,Logged-In,AREA_C,AREA_B,AREA_C_TO_AREA_B,CA,BO,61_120,very_high,15_30,Y,O,0,0.4685606,26.7500407631146
48.0,110.2422785,15.76388888888889,1,1,0,0,0,0,0,0,0,2,1,383.0,1.0,52.9704308,1,1,PET,NORTH MERIDIAN,LANG_02,Round-Trip,microsoft,Paid Search,Paid Search,Logged-Out,AREA_B,AREA_C,AREA_B_TO_AREA_C,BI,CA,31_60,very_high,15_30,Y,O,0,0.50497025,26.7484918168453
6.0,167.2888404,,3,3,0,0,0,0,0,0,0,1,0,4.0,15.0,40.024635,4,1,PET,UPPER APEX,LANG_09,One-Way,google,Paid Search,Paid Search,Logged-Out,AREA_B,AREA_C,AREA_B_TO_AREA_C,BO,CA,4_7,very_high,unknown_or_oneway,Y,S,0,0.6682827,26.747770650571884
5.0,46.2996583,1.8541666666666667,1,1,0,0,0,0,0,0,0,2,1,46.916666666666664,17.0,76.6579906,2,0,PET,NORTH HORIZON,LANG_04,Round-Trip,google,Organic Search,Organic Search,Logged-Out,AREA_B,AREA_B,AREA_B_TO_AREA_B,BA,BE,4_7,mid,1_2,Y,H,0,0.34891817,26.74736577585759
16.0,33.3765624,9.878472222222221,1,1,0,0,0,0,0,0,0,2,1,239.16666666666666,11.0,52.76656,3,1,PET,UPPER APEX,LANG_09,Round-Trip,apple,Direct,Direct,Logged-Out,AREA_B,AREA_C,AREA_B_TO_AREA_C,BI,CA,15_30,low,9_14,Y,W,0,0.50686914,26.745740744810103
16.0,56.33729710000001,,2,2,0,0,0,0,0,0,0,2,1,15.5,10.0,34.6923,5,0,PET,NEW HORIZON,LANG_02,One-Way,google,Organic Search,Paid Search,Logged-Out,AREA_C,AREA_B,AREA_C_TO_AREA_B,CE,BE,15_30,high,unknown_or_oneway,Y,S,0,0.77084386,26.742346565258504
24.0,79.1489834,,1,1,0,0,0,0,0,1,0,1,0,14.5,12.0,42.500209,4,1,PET,LOWER VERTEX,LANG_02,One-Way,microsoft,Organic Search,Paid Search,Logged-In,AREA_B,AREA_C,AREA_B_TO_AREA_C,BU,CA,15_30,high,unknown_or_oneway,Y,S,0,0.629142,26.738665911403835
123.0,228.9276349,27.57638888888889,2,2,0,0,0,0,0,1,0,2,1,665.3333333333334,23.0,50.5355453,1,1,PET,LOWER VERTEX,LANG_09,Round-Trip,apple,Direct,Direct,Logged-In,AREA_B,AREA_C,AREA_B_TO_AREA_C,BU,CA,120_plus,very_high,15_30,Y,L,0,0.5290507,26.735866010886994
164.0,334.3618176,20.53125,2,2,0,0,0,0,0,1,0,2,1,500.0,16.0,126.4547184,4,1,PET,UPPER APEX,LANG_09,Round-Trip,google,Direct,Paid Search,Logged-In,AREA_C,AREA_B,AREA_C_TO_AREA_B,CA,BU,120_plus,very_high,15_30,Y,V,0,0.21142116,26.735203490604544
47.0,77.2528993,15.5625,1,1,0,0,0,0,0,0,0,2,1,382.5833333333333,10.0,53.3935912,2,1,PET,UPPER APEX,LANG_09,Round-Trip,google,Paid Search,Paid Search,Logged-Out,AREA_C,AREA_C,AREA_C_TO_AREA_C,CE,CA,31_60,high,15_30,Y,O,0,0.5006674,26.732430120093586
41.0,172.155185,7.163194444444445,5,3,0,2,0,1,0,0,0,2,1,174.91666666666666,20.0,53.1092,5,1,PET,UPPER APEX,LANG_09,Round-Trip,google,Paid Search,Paid Search,Logged-Out,AREA_C,AREA_C,AREA_C_TO_AREA_C,CA,CI,31_60,very_high,6_8,Y,V,0,0.50326014,26.727743196296693
124.0,38.8044083,,1,1,0,0,0,0,0,0,0,1,0,4.833333333333333,22.0,47.4761984,5,1,PET,NEW HORIZON,LANG_02,One-Way,google,Paid Search,Paid Search,Logged-Out,AREA_C,AREA_C,AREA_C_TO_AREA_C,CA,CE,120_plus,mid,unknown_or_oneway,Y,L,0,0.56290346,26.724516529338075
26.0,213.4638634,28.78125,1,1,0,0,0,0,0,1,0,2,1,694.0,20.0,50.059704,3,0,PET,LOWER VERTEX,LANG_09,Round-Trip,apple,Direct,Direct,Logged-In,AREA_B,AREA_B,AREA_B_TO_AREA_B,BU,BE,15_30,very_high,15_30,Y,H,0,0.53374344,26.719038673652175
198.0,97.579589,29.71527777777778,1,1,0,0,0,0,0,0,0,2,1,716.3333333333334,14.0,50.5175567,3,1,PET,UPPER APEX,LANG_09,Round-Trip,apple,Email,Email,Logged-Out,AREA_B,AREA_C,AREA_B_TO_AREA_C,BU,CA,120_plus,high,15_30,Y,U,0,0.52885145,26.716283085467726
57.0,82.19719450000001,,1,1,0,0,0,0,0,0,0,1,0,16.083333333333332,14.0,39.7299646,3,1,PET,LOWER VERTEX,LANG_02,One-Way,apple,Internal,Internal,Logged-Out,AREA_B,AREA_C,AREA_B_TO_AREA_C,BU,CA,31_60,high,unknown_or_oneway,Y,V,0,0.672328,26.71156745286961
101.0,109.5424363,42.361111111111114,1,1,0,0,0,0,0,0,0,2,1,1031.8333333333333,13.0,56.1073,5,1,PET,LOWER VERTEX,LANG_02,Round-Trip,google,Paid Search,Paid Search,Logged-Out,AREA_C,AREA_B,AREA_C_TO_AREA_B,CA,BO,61_120,very_high,30_plus,Y,O,0,0.47598115,26.70601695841849
51.0,238.0208722,15.010416666666666,1,1,0,0,0,0,0,0,0,4,1,363.25,5.0,43.6711812,2,0,PET,OLD AURORA,LANG_02,Round-Trip,google,Paid Search,Paid Search,Logged-Out,AREA_B,AREA_B,AREA_B_TO_AREA_B,BO,BI,31_60,very_high,15_30,Y,Y,0,0.61150277,26.705048124891327
10.0,36.5528352,14.194444444444445,1,1,0,0,0,0,0,1,0,2,1,342.3333333333333,11.0,51.396,2,1,PET,UPPER APEX,LANG_09,Round-Trip,apple,Direct,Direct,Logged-In,AREA_C,AREA_B,AREA_C_TO_AREA_B,CA,BA,8_14,mid,15_30,Y,O,0,0.5194952,26.69997474360466
14.0,137.74085169999998,23.76388888888889,1,1,0,0,0,0,0,1,0,2,1,574.0,17.0,51.396,2,1,PET,NORTH MERIDIAN,LANG_02,Round-Trip,google,Paid Search,Paid Search,Logged-In,AREA_B,AREA_C,AREA_B_TO_AREA_C,BI,CA,8_14,very_high,15_30,Y,L,0,0.51945335,26.697824208498
6.0,109.3287146,,1,1,0,0,0,0,0,0,0,1,0,16.166666666666668,19.0,40.2700509,4,1,PET,LOWER VERTEX,LANG_02,One-Way,apple,Direct,Paid Search,Logged-Out,AREA_B,AREA_C,AREA_B_TO_AREA_C,BU,CA,4_7,very_high,unknown_or_oneway,Y,V,0,0.66256696,26.68160519813753
38.0,258.09272339999995,39.21180555555556,2,2,0,0,0,0,0,1,0,2,1,957.25,11.0,42.0701958,5,1,PET,LOWER VERTEX,LANG_02,Round-Trip,apple,Direct,Direct,Logged-In,AREA_C,AREA_B,AREA_C_TO_AREA_B,CA,BO,31_60,very_high,30_plus,Y,S,0,0.63361263,26.65620752120762
29.0,119.4635775,,1,1,0,0,0,0,0,0,0,2,1,6.083333333333333,18.0,39.1457634,4,0,PET,NORTH MERIDIAN,LANG_02,One-Way,google,Email,Email,Logged-Out,AREA_C,AREA_B,AREA_C_TO_AREA_B,CU,BI,15_30,very_high,unknown_or_oneway,Y,Q,0,0.6807702,26.64926989817015
77.0,176.5448317,9.777777777777779,2,2,0,0,0,0,0,0,0,2,1,238.0,21.0,52.9704308,1,1,PET,NORTH MERIDIAN,LANG_09,Round-Trip,google,Paid Search,Paid Search,Logged-Out,AREA_B,AREA_C,AREA_B_TO_AREA_C,BI,CA,61_120,very_high,9_14,Y,O,0,0.50304425,26.64647050827775
17.0,461.4195824,,3,2,0,1,0,1,0,0,0,2,1,-1178.6666666666667,10.0,50.059704,4,0,PET,LOWER VERTEX,LANG_02,Round-Trip,apple,Direct,Direct,Logged-Out,AREA_B,AREA_B,AREA_B_TO_AREA_B,BU,BE,15_30,very_high,unknown_or_oneway,Y,U,1,0.5322589,26.644724378132345
48.0,77.6739182,8.5625,1,1,0,0,0,0,0,0,1,2,1,214.58333333333334,9.0,53.3935912,2,1,PET,SOUTH AURORA,LANG_02,Round-Trip,apple,Direct,Direct,Logged-Out,AREA_C,AREA_C,AREA_C_TO_AREA_C,CE,CA,31_60,high,9_14,Y,O,0,0.49897358,26.641991254794004
35.0,21.3096382,5.513888888888889,1,1,0,0,0,0,0,0,0,2,1,134.41666666666666,19.0,55.4537142,4,1,PET,NORTH HORIZON,LANG_04,Round-Trip,apple,Direct,Direct,Logged-Out,AREA_B,AREA_C,AREA_B_TO_AREA_C,BA,CA,31_60,low,6_8,Y,O,0,0.4803774,26.638711373911267
29.0,108.5380728,56.229166666666664,1,1,0,0,0,0,0,0,0,2,1,1364.1666666666667,14.0,76.2374,5,1,PET,LOWER VERTEX,LANG_02,Round-Trip,apple,Paid Search,Paid Search,Logged-Out,AREA_C,AREA_B,AREA_C_TO_AREA_B,CA,BU,15_30,very_high,30_plus,Y,O,0,0.34941608,26.63857323912382
4.0,272.9324618,42.21527777777778,2,2,0,0,0,0,0,0,0,2,1,1029.25,13.0,74.0959,4,1,PET,UPPER APEX,LANG_09,Round-Trip,google,Paid Search,Paid Search,Logged-Out,AREA_C,AREA_B,AREA_C_TO_AREA_B,CA,BU,4_7,very_high,30_plus,Y,L,0,0.35945147,26.63388038042188
0.0,77.97843950000001,,1,1,0,0,0,0,0,0,0,1,0,10.083333333333334,2.0,52.9730006,5,1,PET,UPPER APEX,LANG_02,One-Way,google,Direct,Paid Search,Logged-Out,AREA_C,AREA_C,AREA_C_TO_AREA_C,CA,CE,invalid_or_past,high,unknown_or_oneway,Y,Q,0,0.50277877,26.633700007506416
29.0,1849.8825224,84.07986111111111,4,2,1,1,0,1,1,0,0,4,1,2018.8333333333333,22.0,42.83,2,0,PET,UPPER APEX,LANG_09,Round-Trip,google,Direct,Paid Search,Logged-Out,AREA_C,AREA_B,AREA_C_TO_AREA_B,CA,BI,15_30,very_high,30_plus,Y,Y,1,0.6218379,26.633317856192587
19.0,117.52252190000002,331.2361111111111,1,1,0,0,0,0,0,0,0,2,1,7964.083333333333,13.0,51.3741567,2,1,PET,NORTH MERIDIAN,LANG_02,Round-Trip,google,Organic Search,Organic Search,Logged-Out,AREA_C,AREA_B,AREA_C_TO_AREA_B,CA,BI,15_30,very_high,30_plus,Y,W,0,0.5184045,26.63259318447547
14.0,77.4255042,24.802083333333332,1,1,0,0,0,0,0,0,0,2,1,599.0833333333334,21.0,43.5341252,4,1,PET,UPPER VERTEX,LANG_02,Round-Trip,apple,Direct,Direct,Logged-Out,AREA_B,AREA_C,AREA_B_TO_AREA_C,BA,CA,8_14,high,15_30,C,I,0,0.61175877,26.632382822623658
9.0,205.3587142,52.31944444444444,2,2,0,0,0,0,0,1,0,2,1,1271.8333333333333,13.0,42.0701958,5,1,PET,UPPER APEX,LANG_09,Round-Trip,apple,Direct,Direct,Logged-In,AREA_C,AREA_B,AREA_C_TO_AREA_B,CA,BO,8_14,very_high,30_plus,Y,U,0,0.63299215,26.630103623023437
26.0,131.8667172,5.239583333333333,2,2,0,0,0,0,0,0,0,2,1,140.25,9.0,76.2374,5,1,PET,UPPER APEX,LANG_09,Round-Trip,google,Paid Search,Paid Search,Logged-Out,AREA_C,AREA_B,AREA_C_TO_AREA_B,CA,BU,15_30,very_high,6_8,Y,O,0,0.34926608,26.627138003557917
4.0,326.7008155,,3,3,0,0,0,0,0,1,0,1,0,14.5,13.0,42.500209,4,1,PET,LOWER VERTEX,LANG_02,One-Way,google,Paid Search,Organic Search,Logged-In,AREA_B,AREA_C,AREA_B_TO_AREA_C,BU,CA,4_7,very_high,unknown_or_oneway,Y,S,1,0.6264708,26.625140111513375
1.0,62.583196,,1,1,0,0,0,0,0,0,0,1,0,4.0,13.0,40.024635,4,1,PET,UPPER APEX,LANG_09,One-Way,mozilla,Paid Search,Paid Search,Logged-Out,AREA_B,AREA_C,AREA_B_TO_AREA_C,BO,CA,0_3,high,unknown_or_oneway,Y,T,0,0.6652096,26.62477109383196
9.0,241.90598149999997,,1,1,0,0,0,0,0,1,0,1,0,14.75,14.0,40.2075191,3,1,PET,LOWER VERTEX,LANG_02,One-Way,apple,Organic Search,Paid Search,Logged-In,AREA_B,AREA_C,AREA_B_TO_AREA_C,BU,CA,8_14,very_high,unknown_or_oneway,P,A,0,0.6621253,26.62241522175806
55.0,58.8381408,,5,3,1,1,0,1,1,0,0,1,0,2.5833333333333335,21.0,36.5455541,2,1,PET,WEST MERIDIAN,LANG_02,One-Way,google,Paid Search,Paid Search,Logged-Out,AREA_B,AREA_C,AREA_B_TO_AREA_C,BO,CA,31_60,high,unknown_or_oneway,Y,L,0,0.72837865,26.619001487730774
66.0,53.8493024,21.20138888888889,1,1,0,0,0,0,0,0,0,2,1,512.3333333333334,9.0,52.685183,3,1,PET,UPPER APEX,LANG_09,Round-Trip,google,Paid Search,Paid Search,Logged-Out,AREA_C,AREA_B,AREA_C_TO_AREA_B,CA,BA,61_120,mid,15_30,Y,Q,0,0.50524056,26.618691340386274
17.0,124.3860294,,2,2,0,0,0,0,0,1,0,1,0,4.083333333333333,2.0,33.3941227,3,1,PET,WEST APEX,LANG_02,One-Way,apple,Direct,Direct,Logged-In,AREA_C,AREA_C,AREA_C_TO_AREA_C,CE,CA,15_30,very_high,unknown_or_oneway,Y,V,0,0.797096,26.618322095959208
11.0,121.971274,,1,1,0,0,0,0,0,0,0,1,0,16.333333333333332,20.0,40.140276,4,0,PET,UPPER APEX,LANG_02,One-Way,google,Direct,Direct,Logged-Out,AREA_B,AREA_B,AREA_B_TO_AREA_B,BU,BE,8_14,very_high,unknown_or_oneway,Y,S,0,0.6630126,26.613509710291385
6.0,36.9464429,,2,2,0,0,0,0,0,0,0,1,0,4.5,12.0,35.4216949,5,1,PET,LOWER VERTEX,LANG_02,One-Way,microsoft,Organic Search,Paid Search,Logged-Out,AREA_C,AREA_B,AREA_C_TO_AREA_B,CA,BO,4_7,mid,unknown_or_oneway,Y,U,0,0.7512459,26.61040362751743
22.0,167.2794178,9.010416666666666,1,1,0,0,0,0,0,0,0,4,1,219.25,21.0,43.6711812,4,0,PET,OLD AURORA,LANG_02,Round-Trip,google,Organic Search,Organic Search,Logged-Out,AREA_B,AREA_B,AREA_B_TO_AREA_B,BO,BI,15_30,very_high,9_14,Y,K,0,0.6092736,26.607698331832765
15.0,212.3207307,20.76388888888889,2,2,0,0,0,0,0,0,0,2,1,502.0,20.0,45.0717222,1,1,PET,NORTH MERIDIAN,LANG_02,Round-Trip,opera,Paid Search,Organic Search,Logged-Out,AREA_B,AREA_C,AREA_B_TO_AREA_C,BI,CA,15_30,very_high,15_30,Y,L,0,0.59028274,26.605059596001045
180.0,415.832187,40.78472222222222,3,1,0,2,0,1,0,0,0,2,1,982.0,17.0,52.9704308,1,1,PET,NORTH MERIDIAN,LANG_02,Round-Trip,samsung,Organic Search,MetaSearches,Logged-Out,AREA_B,AREA_C,AREA_B_TO_AREA_C,BI,CA,120_plus,very_high,30_plus,Y,O,0,0.50223094,26.60338937203524
38.0,199.2952711,11.784722222222221,2,2,0,0,0,0,0,0,0,2,1,286.0,19.0,53.8668627,3,1,PET,LOWER VERTEX,LANG_02,Round-Trip,google,Direct,Referrals,Logged-Out,AREA_B,AREA_C,AREA_B_TO_AREA_C,BU,CA,31_60,very_high,9_14,Y,W,0,0.4937562,26.597097693579027
44.0,65.9286473,56.03472222222222,1,1,0,0,0,0,0,1,0,2,1,1359.4166666666667,14.0,76.2374,5,1,PET,UPPER APEX,LANG_02,Round-Trip,google,Internal,MetaSearches,Logged-In,AREA_C,AREA_B,AREA_C_TO_AREA_B,CA,BU,31_60,high,30_plus,Y,O,0,0.34878966,26.590816987115144
6.0,95.4762077,,1,1,0,0,0,0,0,0,0,1,0,15.916666666666666,10.0,39.7299646,3,1,PET,LOWER VERTEX,LANG_02,One-Way,apple,Paid Search,Organic Search,Logged-Out,AREA_B,AREA_C,AREA_B_TO_AREA_C,BU,CA,4_7,high,unknown_or_oneway,Y,V,0,0.66887015,26.574187422932592
22.0,456.0846776000001,17.78125,4,2,0,1,1,1,0,0,0,3,1,430.0,23.0,47.6856371,3,0,PET,LOWER VERTEX,LANG_09,Round-Trip,google,Direct,Organic Search,Logged-Out,AREA_B,AREA_B,AREA_B_TO_AREA_B,BU,BE,15_30,very_high,15_30,Y,T,0,0.5571971,26.57029841592393
17.0,107.4557587,117.09722222222223,1,1,0,0,0,0,0,0,0,2,1,2824.75,15.0,51.3741567,5,1,PET,NORTH MERIDIAN,LANG_02,Round-Trip,apple,Direct,Paid Search,Logged-Out,AREA_C,AREA_B,AREA_C_TO_AREA_B,CA,BI,15_30,very_high,30_plus,Y,L,0,0.51714766,26.56802493500093
6.0,285.61099839999997,31.76388888888889,2,1,0,1,0,1,0,1,0,2,1,766.0,12.0,45.0717222,4,1,PET,NORTH MERIDIAN,LANG_02,Round-Trip,google,Paid Search,Organic Search,Logged-In,AREA_B,AREA_C,AREA_B_TO_AREA_C,BI,CA,4_7,very_high,30_plus,Y,Y,0,0.5894258,26.566436015660337
5.0,29.3059992,,1,1,0,0,0,0,0,1,0,2,1,16.083333333333332,14.0,38.3979516,4,0,PET,NEW MERIDIAN,LANG_02,One-Way,google,Paid Search,Paid Search,Logged-In,AREA_B,AREA_C,AREA_B_TO_AREA_C,BA,CI,4_7,low,unknown_or_oneway,Y,H,0,0.6913586,26.546755055121587
26.0,119.958264,255.40277777777777,1,1,0,0,0,0,0,0,0,2,1,6145.75,14.0,80.2094542,3,1,PET,UPPER VERTEX,LANG_11,Round-Trip,google,Paid Search,Paid Search,Logged-Out,AREA_C,AREA_B,AREA_C_TO_AREA_B,CA,BU,15_30,very_high,30_plus,Y,L,0,0.33091703,26.542674407736317
100.0,337.59548259999997,32.979166666666664,2,1,1,0,0,0,1,0,0,2,1,794.6666666666666,21.0,53.8668627,3,1,PET,LOWER VERTEX,LANG_02,Round-Trip,apple,Direct,Direct,Logged-Out,AREA_B,AREA_C,AREA_B_TO_AREA_C,BU,CA,61_120,very_high,30_plus,Y,L,0,0.4926866,26.53948140902076
33.0,356.60172339999997,17.78125,2,2,0,0,0,0,0,0,0,4,1,430.0833333333333,22.0,50.059704,3,0,PET,LOWER VERTEX,LANG_02,Round-Trip,google,Paid Search,Organic Search,Logged-Out,AREA_B,AREA_B,AREA_B_TO_AREA_B,BU,BE,31_60,very_high,15_30,Y,U,0,0.53007376,26.53533562088299
21.0,88.0824648,,1,1,0,0,0,0,0,0,0,1,0,14.5,12.0,42.500209,4,1,PET,LOWER VERTEX,LANG_02,One-Way,google,Organic Search,Organic Search,Logged-Out,AREA_B,AREA_C,AREA_B_TO_AREA_C,BU,CA,15_30,high,unknown_or_oneway,Y,S,0,0.6240793,26.52350013228756
17.0,211.8920024,13.427083333333334,2,2,0,0,0,0,0,0,0,2,1,338.4166666666667,15.0,50.1762016,5,1,PET,UPPER APEX,LANG_09,Round-Trip,google,Paid MetaSearches,Paid MetaSearches,Logged-Out,AREA_C,AREA_B,AREA_C_TO_AREA_B,CA,BO,15_30,very_high,9_14,Y,L,0,0.52853566,26.51991203374691
22.0,114.5090031,9.71875,1,1,0,0,0,0,0,0,0,2,1,238.0,13.0,53.8668627,1,1,PET,UPPER APEX,LANG_02,Round-Trip,apple,Direct,Direct,Logged-Out,AREA_B,AREA_C,AREA_B_TO_AREA_C,BU,CA,15_30,very_high,9_14,Y,L,0,0.4922789,26.517520116940595
96.0,204.7638055,178.77777777777777,2,2,0,0,0,0,0,1,1,2,1,4294.0,10.0,45.0717222,1,1,PET,NORTH MERIDIAN,LANG_02,Round-Trip,google,Email,Email,Logged-In,AREA_B,AREA_C,AREA_B_TO_AREA_C,BI,CA,61_120,very_high,30_plus,Y,O,0,0.588328,26.516956353511407
6.0,168.4516749,98.35763888888889,1,1,0,0,0,0,0,0,0,2,1,2375.0,12.0,54.1486841,4,1,PET,LOWER ZENITH,LANG_02,Round-Trip,opera,Paid Search,Referrals,Logged-Out,AREA_C,AREA_B,AREA_C_TO_AREA_B,CA,BI,4_7,very_high,30_plus,Y,T,0,0.48969096,26.51612107007796
147.0,226.9805831,12.0,1,1,0,0,0,0,0,1,0,2,1,295.25,10.0,126.4547184,3,1,PET,UPPER VERTEX,LANG_11,Round-Trip,mozilla,Paid Search,Email,Logged-In,AREA_C,AREA_B,AREA_C_TO_AREA_B,CA,BU,120_plus,very_high,9_14,Y,Q,0,0.20967987,26.51500914230876
84.0,76.25024900000001,43.59027777777778,1,1,0,0,0,0,0,0,0,2,1,1049.3333333333333,14.0,55.0862328,3,1,PET,LOWER VERTEX,LANG_02,Round-Trip,google,Paid Search,Organic Search,Logged-Out,AREA_B,AREA_C,AREA_B_TO_AREA_C,BU,CA,61_120,high,30_plus,Y,U,0,0.4812632,26.510976150388313
11.0,80.7812347,70.21527777777777,1,1,0,0,0,0,0,0,0,2,1,1701.25,15.0,74.0959,3,1,PET,LOWER VERTEX,LANG_09,Round-Trip,apple,Direct,Direct,Logged-Out,AREA_C,AREA_B,AREA_C_TO_AREA_B,CA,BU,8_14,high,30_plus,Y,O,0,0.35778937,26.510725190702082
25.0,68.091134,7.243055555555555,2,1,0,1,0,1,0,1,0,2,1,175.41666666666666,20.0,51.396,5,1,PET,UPPER APEX,LANG_09,Round-Trip,apple,Direct,Direct,Logged-In,AREA_C,AREA_B,AREA_C_TO_AREA_B,CA,BA,15_30,high,6_8,Y,U,0,0.51573455,26.506693103313445
98.0,157.3085938,30.78472222222222,1,1,0,0,0,0,0,0,0,2,1,742.0,15.0,55.0862328,3,1,PET,LOWER VERTEX,LANG_02,Round-Trip,apple,Direct,Direct,Logged-Out,AREA_B,AREA_C,AREA_B_TO_AREA_C,BU,CA,61_120,very_high,30_plus,Y,W,0,0.48118302,26.506559983658622
41.0,71.3445008,14.82986111111111,1,1,0,0,0,0,0,1,1,2,1,359.25,18.0,48.3979,1,1,PET,UPPER APEX,LANG_09,Round-Trip,google,Display,Paid Search,Logged-In,AREA_B,AREA_C,AREA_B_TO_AREA_C,BO,CA,31_60,high,15_30,C,Z,0,0.5475807,26.501756879806518
12.0,141.544584,10.260416666666666,2,2,0,0,0,0,0,0,0,2,1,261.1666666666667,10.0,74.0959,3,1,PET,UPPER APEX,LANG_09,Round-Trip,apple,Direct,Direct,Logged-Out,AREA_C,AREA_B,AREA_C_TO_AREA_B,CA,BU,8_14,very_high,9_14,Y,O,0,0.35763615,26.499372680789232
48.0,216.651272,12.940972222222221,2,2,0,0,0,0,0,0,0,4,1,311.6666666666667,18.0,45.2576044,2,0,PET,UPPER APEX,LANG_09,Round-Trip,microsoft,Paid Search,MetaSearches,Logged-Out,AREA_C,AREA_B,AREA_C_TO_AREA_B,CE,BO,31_60,very_high,9_14,Y,U,0,0.5854756,26.497224159077668
0.0,81.8635488,,1,1,0,0,0,0,0,0,0,1,0,9.083333333333334,14.0,52.9730006,5,1,PET,UPPER APEX,LANG_02,One-Way,google,Paid Search,Paid Search,Logged-Out,AREA_C,AREA_C,AREA_C_TO_AREA_C,CA,CE,invalid_or_past,high,unknown_or_oneway,Y,Q,0,0.5002013,26.497162964355407
9.0,111.23550620000002,16.76388888888889,1,1,0,0,0,0,0,0,0,2,1,406.0,1.0,51.396,3,1,PET,NORTH MERIDIAN,LANG_02,Round-Trip,google,Internal,Email,Logged-Out,AREA_B,AREA_C,AREA_B_TO_AREA_C,BI,CA,8_14,very_high,15_30,Y,L,0,0.5154193,26.490490567445754
185.0,170.18115029999998,35.920138888888886,1,1,0,0,0,0,0,0,0,2,1,865.3333333333334,10.0,52.9704308,1,1,PET,NORTH MERIDIAN,LANG_02,Round-Trip,mozilla,Direct,Direct,Logged-Out,AREA_B,AREA_C,AREA_B_TO_AREA_C,BI,CA,120_plus,very_high,30_plus,Y,O,0,0.5000163,26.48607733845322
26.0,574.6963664,11.010416666666666,2,2,0,0,0,0,0,0,0,2,1,270.9166666666667,16.0,76.2374,4,1,PET,UPPER APEX,LANG_02,Round-Trip,apple,Direct,Direct,Logged-Out,AREA_C,AREA_B,AREA_C_TO_AREA_B,CA,BU,15_30,very_high,9_14,Y,H,0,0.3473233,26.479025233578678
6.0,37.5237913,,1,1,0,0,0,0,0,0,0,2,1,4.333333333333333,14.0,31.43722,4,0,PET,GREAT MERIDIAN,LANG_09,One-Way,apple,Direct,Direct,Logged-Out,AREA_C,AREA_B,AREA_C_TO_AREA_B,CU,BE,4_7,mid,unknown_or_oneway,Y,S,0,0.8422592,26.478288654881716
2.0,80.867323,,2,2,0,0,0,0,0,0,0,1,0,1.5,14.0,43.6977358,3,1,PET,UPPER APEX,LANG_09,One-Way,apple,Direct,Organic Search,Logged-Out,AREA_B,AREA_C,AREA_B_TO_AREA_C,BI,CA,0_3,high,unknown_or_oneway,Y,S,0,0.6058718,26.475225696846458
57.0,117.7379568,,3,2,0,1,0,1,0,1,0,1,0,4.083333333333333,15.0,38.1187,4,1,PET,UPPER APEX,LANG_02,One-Way,google,MetaSearches,Organic Search,Logged-In,AREA_C,AREA_C,AREA_C_TO_AREA_C,CE,CA,31_60,very_high,unknown_or_oneway,Y,L,0,0.69443184,26.470839031761884
64.0,186.2565342,6.211805555555555,2,2,0,0,0,0,0,0,0,2,1,165.25,19.0,57.0898202,5,1,PET,UPPER APEX,LANG_09,Round-Trip,opera,Paid Search,Paid Search,Logged-Out,AREA_C,AREA_B,AREA_C_TO_AREA_B,CA,BO,61_120,very_high,6_8,Y,O,0,0.46359876,26.466769738150198
33.0,79.8573916,,2,2,0,0,0,0,0,0,0,1,0,5.083333333333333,9.0,51.396,5,1,PET,UPPER APEX,LANG_02,One-Way,samsung,MetaSearches,MetaSearches,Logged-Out,AREA_C,AREA_B,AREA_C_TO_AREA_B,CA,BU,31_60,high,unknown_or_oneway,Y,L,0,0.5148643,26.461966874599458
37.0,216.8894068,9.28125,2,2,0,0,0,0,0,0,0,2,1,229.41666666666666,14.0,48.3979,4,1,PET,GREAT AURORA,LANG_10,Round-Trip,yandex,Direct,Direct,Logged-Out,AREA_C,AREA_B,AREA_C_TO_AREA_B,CA,BE,31_60,very_high,9_14,C,F,0,0.54668283,26.4583011619091
27.0,114.0669975,18.260416666666668,1,1,0,0,0,0,0,0,0,2,1,453.1666666666667,15.0,74.0959,3,1,PET,LOWER VERTEX,LANG_02,Round-Trip,apple,Direct,Direct,Logged-Out,AREA_C,AREA_B,AREA_C_TO_AREA_B,CA,BU,15_30,very_high,15_30,Y,O,0,0.35707873,26.458069948750733
13.0,51.176710400000005,5.9375,4,3,1,0,0,0,1,1,0,2,1,144.16666666666666,15.0,51.396,5,1,PET,UPPER APEX,LANG_09,Round-Trip,apple,Direct,Direct,Logged-In,AREA_C,AREA_B,AREA_C_TO_AREA_B,CA,BA,8_14,mid,6_8,Y,O,0,0.514652,26.451054900169375
39.0,1121.3133848,43.010416666666664,4,2,0,2,0,1,0,1,0,2,1,1038.9166666666667,23.0,76.2374,4,1,PET,UPPER APEX,LANG_02,Round-Trip,google,Direct,Organic Search,Logged-In,AREA_C,AREA_B,AREA_C_TO_AREA_B,CA,BU,31_60,very_high,30_plus,Y,K,0,0.34693253,26.44923409335613
93.0,102.5371615,27.697916666666668,2,2,0,0,0,0,0,0,1,4,1,670.0,10.0,42.83,5,0,PET,LOWER VERTEX,LANG_02,Round-Trip,google,Direct,Direct,Logged-Out,AREA_B,AREA_B,AREA_B_TO_AREA_B,BO,BE,61_120,very_high,15_30,Y,O,0,0.61753404,26.448982993364332
146.0,608.4703912,16.0,2,2,0,0,0,0,0,0,0,2,1,391.25,11.0,126.4547184,3,1,PET,UPPER APEX,LANG_09,Round-Trip,google,Paid Search,MetaSearches,Logged-Out,AREA_C,AREA_B,AREA_C_TO_AREA_B,CA,BU,120_plus,very_high,15_30,Y,H,0,0.20909294,26.44078946175599
90.0,127.1939642,18.319444444444443,1,1,0,0,0,0,0,1,0,2,1,455.8333333333333,9.0,50.1762016,5,1,PET,UPPER VERTEX,LANG_02,Round-Trip,google,Paid Search,Paid Search,Logged-In,AREA_C,AREA_B,AREA_C_TO_AREA_B,CA,BO,61_120,very_high,15_30,Y,O,0,0.52686226,26.43594715781517
4.0,82.9124555,,2,2,0,0,0,0,0,0,0,1,0,1.5,23.0,43.6977358,3,1,PET,GREAT APEX,LANG_10,One-Way,apple,Referrals,Referrals,Logged-Out,AREA_B,AREA_C,AREA_B_TO_AREA_C,BI,CA,4_7,high,unknown_or_oneway,Y,T,0,0.6047811,26.427564340671264
130.0,805.0116933,45.78472222222222,2,2,0,0,0,0,0,0,0,3,1,1102.0,21.0,44.9997678,2,0,PET,LOWER VERTEX,LANG_02,Round-Trip,google,Paid Search,Paid Search,Logged-Out,AREA_B,AREA_B,AREA_B_TO_AREA_B,BU,BE,120_plus,very_high,30_plus,C,F,0,0.5872662,26.42684294014678
7.0,42.3044759,13.815972222222221,1,1,0,0,0,0,0,1,0,2,1,335.0,17.0,48.3979,1,1,PET,LOWER APEX,LANG_02,Round-Trip,google,Organic Search,Organic Search,Logged-In,AREA_B,AREA_C,AREA_B_TO_AREA_C,BO,CA,4_7,mid,9_14,Y,U,0,0.5458402,26.417519597655534
21.0,78.47141280000001,6.256944444444445,1,1,0,0,0,0,0,0,0,2,1,152.25,22.0,55.4537142,5,1,PET,NEW ZENITH,LANG_02,Round-Trip,apple,Direct,Email,Logged-Out,AREA_B,AREA_C,AREA_B_TO_AREA_C,BA,CA,15_30,high,6_8,Y,O,0,0.476296,26.412382681893003
0.0,453.6305186,6.684027777777778,2,2,0,0,0,0,0,0,0,2,1,165.75,7.0,76.2374,5,0,PET,UPPER APEX,LANG_02,Round-Trip,google,MetaSearches,MetaSearches,Logged-Out,AREA_B,AREA_C,AREA_B_TO_AREA_C,BE,CA,invalid_or_past,very_high,6_8,Y,E,0,0.34644035,26.411711161631345
233.0,167.7158555,21.302083333333332,1,1,0,0,0,0,0,0,0,2,1,527.5,20.0,57.0898202,5,1,PET,UPPER APEX,LANG_02,Round-Trip,apple,Direct,Direct,Logged-Out,AREA_C,AREA_B,AREA_C_TO_AREA_B,CA,BO,120_plus,very_high,15_30,Y,T,0,0.46246275,26.401915421248525
105.0,150.7581736,11.010416666666666,1,1,0,0,0,0,0,0,0,2,1,270.9166666666667,11.0,126.4547184,4,1,PET,UPPER APEX,LANG_02,Round-Trip,google,MetaSearches,MetaSearches,Logged-Out,AREA_C,AREA_B,AREA_C_TO_AREA_B,CA,BU,61_120,very_high,9_14,Y,L,0,0.20874853,26.397237124074056
71.0,260.3888397,21.77777777777778,2,2,0,0,0,0,0,0,0,4,1,526.0,21.0,39.9244128,6,0,PET,NORTH MERIDIAN,LANG_02,Round-Trip,apple,Direct,Organic Search,Logged-Out,AREA_B,AREA_C,AREA_B_TO_AREA_C,BI,CO,61_120,very_high,15_30,Y,L,0,0.66110456,26.394211353345106
77.0,63.97345779999999,28.78472222222222,1,1,0,0,0,0,0,0,0,2,1,694.0,16.0,53.8668627,3,1,PET,LOWER VERTEX,LANG_02,Round-Trip,apple,Direct,Direct,Logged-Out,AREA_B,AREA_C,AREA_B_TO_AREA_C,BU,CA,61_120,high,15_30,Y,O,0,0.48973373,26.380419366485174
19.0,123.7153116,7.972222222222222,2,2,0,0,0,0,0,0,0,2,1,193.08333333333334,23.0,53.640292,4,1,PET,UPPER APEX,LANG_09,Round-Trip,microsoft,Paid Search,Paid Search,Logged-Out,AREA_C,AREA_B,AREA_C_TO_AREA_B,CA,BA,15_30,very_high,6_8,Y,T,1,0.49171817,26.375906382876874
2.0,221.0760393,4.239583333333333,1,1,0,0,0,0,0,1,0,2,1,116.25,13.0,76.2374,5,1,PET,UPPER APEX,LANG_09,Round-Trip,apple,Direct,Direct,Logged-In,AREA_C,AREA_B,AREA_C_TO_AREA_B,CA,BU,0_3,very_high,3_5,Y,K,0,0.34595263,26.37452903764248
31.0,171.1713799,9.277777777777779,2,2,0,0,0,0,0,0,0,2,1,236.08333333333334,21.0,51.3741567,2,1,PET,NORTH MERIDIAN,LANG_02,Round-Trip,google,Paid Search,Paid Search,Logged-Out,AREA_C,AREA_B,AREA_C_TO_AREA_B,CA,BI,31_60,very_high,9_14,Y,O,0,0.5133672,26.373805747332717
18.0,130.2815789,181.72569444444446,1,1,0,0,0,0,0,0,0,4,1,4367.083333333333,4.0,42.8989563,5,0,PET,NORTH MERIDIAN,LANG_02,Round-Trip,apple,Direct,Email,Logged-Out,AREA_C,AREA_B,AREA_C_TO_AREA_B,CE,BI,15_30,very_high,30_plus,Y,S,0,0.61478657,26.37370199879492
103.0,132.07272949999998,88.65625,1,1,0,0,0,0,0,1,0,2,1,2131.0,9.0,52.9704308,1,1,PET,NORTH MERIDIAN,LANG_02,Round-Trip,google,Direct,Paid Search,Logged-In,AREA_B,AREA_C,AREA_B_TO_AREA_C,BI,CA,61_120,very_high,30_plus,Y,O,0,0.4978003,26.368695844629553
30.0,33.232653600000006,18.145833333333332,1,1,0,0,0,0,0,1,0,2,1,437.8333333333333,20.0,45.48546,2,0,PET,CENTRAL APEX,LANG_09,Round-Trip,samsung,Direct,Direct,Logged-In,AREA_B,AREA_B,AREA_B_TO_AREA_B,BE,BA,15_30,low,15_30,Y,U,0,0.5796293,26.36470543207884
1.0,228.0633255,9.78125,2,2,0,0,0,0,0,0,0,3,1,238.08333333333334,3.0,55.0862328,3,1,PET,LOWER VERTEX,LANG_02,Round-Trip,google,Direct,Email,Logged-Out,AREA_B,AREA_C,AREA_B_TO_AREA_C,BU,CA,0_3,very_high,9_14,Y,W,0,0.47859722,26.364118085405302
1.0,115.59817,9.972222222222221,1,1,0,0,0,0,0,1,0,2,1,241.08333333333334,12.0,53.640292,3,1,PET,UPPER APEX,LANG_09,Round-Trip,apple,Direct,Direct,Logged-In,AREA_C,AREA_B,AREA_C_TO_AREA_B,CA,BA,0_3,very_high,9_14,Y,M,0,0.49148795,26.36355715712631
5.0,283.0531908,5.0,1,1,0,0,0,0,0,0,1,3,1,125.33333333333333,14.0,76.2374,5,0,PET,UPPER APEX,LANG_02,Round-Trip,google,Paid Search,Paid Search,Logged-Out,AREA_B,AREA_C,AREA_B_TO_AREA_C,BE,CA,4_7,very_high,3_5,Y,S,0,0.3458006,26.362939302569625
132.0,403.8063796,14.89236111111111,2,2,0,0,0,0,0,1,0,2,1,364.6666666666667,20.0,126.4547184,3,1,PET,UPPER APEX,LANG_09,Round-Trip,google,Paid Search,Paid Search,Logged-In,AREA_C,AREA_B,AREA_C_TO_AREA_B,CA,BU,120_plus,very_high,15_30,Y,S,0,0.20843557,26.357660706113005
58.0,117.080088,55.763888888888886,1,1,0,0,0,0,0,0,0,2,1,1342.0,20.0,51.396,2,1,PET,UPPER VERTEX,LANG_11,Round-Trip,google,Paid Search,Paid Search,Logged-Out,AREA_B,AREA_C,AREA_B_TO_AREA_C,BI,CA,31_60,very_high,30_plus,Y,O,0,0.5127116,26.351324600458145
80.0,186.2565342,10.427083333333334,2,2,0,0,0,0,0,0,0,2,1,266.4166666666667,13.0,57.0898202,5,1,PET,UPPER APEX,LANG_09,Round-Trip,mozilla,Direct,Direct,Logged-Out,AREA_C,AREA_B,AREA_C_TO_AREA_B,CA,BO,61_120,very_high,9_14,Y,O,0,0.4615501,26.349811465091413
27.0,68.12325650000001,17.524305555555557,1,1,0,0,0,0,0,0,0,2,1,424.0833333333333,12.0,53.8668627,1,1,PET,LOWER VERTEX,LANG_02,Round-Trip,google,Paid Search,Paid Search,Logged-Out,AREA_B,AREA_C,AREA_B_TO_AREA_C,BU,CA,15_30,high,15_30,Y,O,0,0.4891619,26.34961737005666
22.0,141.2786097,55.22222222222222,1,1,0,0,0,0,0,0,0,2,1,1339.9166666666667,9.0,51.3741567,5,1,PET,NORTH MERIDIAN,LANG_02,Round-Trip,google,Paid Search,Paid Search,Logged-Out,AREA_C,AREA_B,AREA_C_TO_AREA_B,CA,BI,15_30,very_high,30_plus,Y,W,0,0.512827,26.34605358736934
103.0,52.4085012,212.20138888888889,1,1,0,0,0,0,0,1,1,2,1,5096.333333333333,21.0,51.396,4,1,PET,UPPER APEX,LANG_02,Round-Trip,google,Internal,Paid Search,Logged-In,AREA_C,AREA_B,AREA_C_TO_AREA_B,CA,BA,61_120,mid,30_plus,Y,V,0,0.5125526,26.343154405117037
101.0,553.0333807000001,90.59027777777777,1,1,0,0,0,0,0,0,0,2,1,2177.3333333333335,20.0,53.8668627,3,1,PET,LOWER VERTEX,LANG_02,Round-Trip,apple,Direct,Direct,Logged-Out,AREA_B,AREA_C,AREA_B_TO_AREA_C,BU,CA,61_120,very_high,30_plus,P,R,0,0.48900872,26.341365831950515
213.0,750.244544,9.0,5,4,1,0,0,0,1,0,0,2,1,223.25,17.0,126.4547184,4,1,PET,UPPER APEX,LANG_09,Round-Trip,apple,Paid Search,Paid Search,Logged-Out,AREA_C,AREA_B,AREA_C_TO_AREA_B,CA,BU,120_plus,very_high,9_14,Y,W,0,0.20826142,26.335638633232428
183.0,359.476473,11.885416666666666,2,2,0,0,0,0,0,0,0,2,1,291.1666666666667,13.0,71.9544,2,1,PET,UPPER APEX,LANG_09,Round-Trip,google,Paid Search,Paid Search,Logged-Out,AREA_C,AREA_C,AREA_C_TO_AREA_C,CA,CA,120_plus,very_high,9_14,Y,T,0,0.36592025,26.32957172341347
50.0,140.7804968,5.239583333333333,2,2,0,0,0,0,0,0,0,2,1,140.25,19.0,76.2374,5,1,PET,UPPER APEX,LANG_09,Round-Trip,google,Paid Search,Paid Search,Logged-Out,AREA_C,AREA_B,AREA_C_TO_AREA_B,CA,BU,31_60,very_high,6_8,Y,O,0,0.345357,26.329119814908502
13.0,122.4055702,93.04166666666667,1,1,0,0,0,0,0,0,0,4,1,2234.6666666666665,18.0,42.6612498,3,0,PET,NORTH MERIDIAN,LANG_02,Round-Trip,apple,Direct,Direct,Logged-Out,AREA_C,AREA_B,AREA_C_TO_AREA_B,CO,BI,8_14,very_high,30_plus,Y,S,0,0.61708176,26.325479168410133
68.0,142.345505,42.21527777777778,1,1,0,0,0,0,0,0,0,2,1,1029.25,15.0,74.0959,3,1,PET,LOWER VERTEX,LANG_02,Round-Trip,apple,Direct,Direct,Logged-Out,AREA_C,AREA_B,AREA_C_TO_AREA_B,CA,BU,61_120,very_high,30_plus,Y,W,0,0.35523173,26.321214900735022
68.0,88.80029560000001,30.020833333333332,1,1,0,0,0,0,0,0,0,2,1,736.5833333333334,15.0,74.0959,3,1,PET,LOWER VERTEX,LANG_02,Round-Trip,apple,Internal,Internal,Logged-Out,AREA_C,AREA_B,AREA_C_TO_AREA_B,CA,BU,61_120,high,30_plus,Y,U,0,0.35523173,26.321214900735022
36.0,100.0020538,69.21527777777777,1,1,0,0,0,0,0,0,0,2,1,1677.25,9.0,74.0959,3,1,PET,LOWER VERTEX,LANG_02,Round-Trip,apple,Direct,Direct,Logged-Out,AREA_C,AREA_B,AREA_C_TO_AREA_B,CA,BU,31_60,high,30_plus,Y,L,0,0.35523173,26.321214900735022
80.0,63.7498852,24.78472222222222,1,1,0,0,0,0,0,0,0,2,1,598.0,20.0,53.8668627,3,1,PET,LOWER VERTEX,LANG_02,Round-Trip,apple,Organic Search,Organic Search,Logged-Out,AREA_B,AREA_C,AREA_B_TO_AREA_C,BU,CA,61_120,high,15_30,Y,O,0,0.4885971,26.31919263266607
3.0,147.1792988,,1,1,0,0,0,0,0,0,0,2,1,29.5,11.0,51.3236173,5,0,PET,NORTH MERIDIAN,LANG_02,One-Way,google,MetaSearches,MetaSearches,Logged-Out,AREA_B,AREA_B,AREA_B_TO_AREA_B,BI,BO,0_3,very_high,unknown_or_oneway,Y,V,0,0.512769,26.317159089962413
11.0,41.3232406,,2,2,0,0,0,0,0,0,0,1,0,2.9166666666666665,12.0,34.6923,3,0,PET,NEW HORIZON,LANG_02,One-Way,google,Organic Search,Email,Logged-Out,AREA_C,AREA_B,AREA_C_TO_AREA_B,CE,BE,8_14,mid,unknown_or_oneway,Y,W,0,0.7584575,26.312634497970343
24.0,149.8745907,7.065972222222222,1,1,0,0,0,0,0,0,0,2,1,174.58333333333334,13.0,71.9544,5,1,PET,UPPER APEX,LANG_09,Round-Trip,google,Direct,Paid Search,Logged-Out,AREA_C,AREA_C,AREA_C_TO_AREA_C,CA,CA,15_30,very_high,6_8,Y,S,0,0.3656829,26.312493656301502
199.0,625.9476010000001,18.0,5,2,1,2,0,1,1,0,0,2,1,439.25,11.0,126.4547184,4,1,PET,UPPER APEX,LANG_09,Round-Trip,microsoft,Organic Search,Paid Search,Logged-Out,AREA_C,AREA_B,AREA_C_TO_AREA_B,CA,BU,120_plus,very_high,15_30,Y,L,0,0.20806697,26.311050113593627
147.0,123.4647561,67.65625,1,1,0,0,0,0,0,0,0,2,1,1627.0,11.0,52.9704308,1,1,PET,NORTH MERIDIAN,LANG_02,Round-Trip,google,Direct,Direct,Logged-Out,AREA_B,AREA_C,AREA_B_TO_AREA_C,BI,CA,120_plus,very_high,30_plus,Y,O,0,0.49659958,26.30509394290458
34.0,114.4002149,11.875,1,1,0,0,0,0,0,0,0,2,1,290.0,18.0,71.9544,2,1,PET,SOUTH ZENITH,LANG_07,Round-Trip,google,MetaSearches,MetaSearches,Logged-Out,AREA_C,AREA_C,AREA_C_TO_AREA_C,CA,CA,31_60,very_high,9_14,Y,L,0,0.36544546,26.295409155964855
146.0,340.9083831,17.322916666666668,3,2,1,0,0,0,1,0,0,2,1,432.0,9.0,56.1073,5,1,PET,UPPER HORIZON,LANG_05,Round-Trip,google,Direct,Organic Search,Logged-Out,AREA_C,AREA_B,AREA_C_TO_AREA_B,CA,BO,120_plus,very_high,15_30,Y,L,0,0.46855208,26.28919227399528
149.0,417.8794610000001,17.0,1,1,0,0,0,0,0,0,0,2,1,415.25,21.0,126.4547184,3,1,PET,UPPER APEX,LANG_09,Round-Trip,google,Paid MetaSearches,MetaSearches,Logged-Out,AREA_C,AREA_B,AREA_C_TO_AREA_B,CA,BU,120_plus,very_high,15_30,Y,M,0,0.2078931,26.28906384283376
10.0,88.41225580000001,,1,1,0,0,0,0,0,0,0,1,0,14.5,11.0,42.500209,4,1,PET,UPPER VERTEX,LANG_11,One-Way,samsung,Organic Search,MetaSearches,Logged-Out,AREA_B,AREA_C,AREA_B_TO_AREA_C,BU,CA,8_14,high,unknown_or_oneway,Y,S,0,0.6185251,26.287445504663047
1.0,39.0635298,,1,1,0,0,0,0,0,1,1,2,1,6.0,9.0,34.6923,4,0,PET,UPPER APEX,LANG_02,One-Way,apple,Paid Search,Paid Search,Logged-In,AREA_C,AREA_B,AREA_C_TO_AREA_B,CE,BE,0_3,mid,unknown_or_oneway,Y,Q,0,0.7574398,26.277328501421216
154.0,503.8915236,14.21875,4,4,0,0,0,0,0,0,0,2,1,355.6666666666667,17.0,90.2783589,2,1,PET,UPPER APEX,LANG_09,Round-Trip,google,Paid Search,Paid Search,Logged-Out,AREA_C,AREA_B,AREA_C_TO_AREA_B,CA,BI,120_plus,very_high,15_30,Y,U,0,0.29106897,26.277229042772074
87.0,82.96513639999999,20.756944444444443,1,1,0,0,0,0,0,0,0,2,1,501.5,22.0,52.9704308,1,1,PET,NORTH MERIDIAN,LANG_02,Round-Trip,other,Organic Search,Organic Search,Logged-Out,AREA_B,AREA_C,AREA_B_TO_AREA_C,BI,CA,61_120,high,15_30,Y,O,0,0.49607122,26.277106201444578
177.0,821.7946288,16.0,4,2,0,2,0,1,0,0,0,2,1,391.25,20.0,126.4547184,3,1,PET,UPPER APEX,LANG_09,Round-Trip,google,Paid Search,Paid Search,Logged-Out,AREA_C,AREA_B,AREA_C_TO_AREA_B,CA,BU,120_plus,very_high,15_30,Y,V,0,0.20776847,26.273303372433045
40.0,48.3028174,,2,2,0,0,0,0,0,1,0,1,0,0.5833333333333334,15.0,43.6977358,3,1,PET,UPPER APEX,LANG_09,One-Way,apple,Direct,Direct,Logged-In,AREA_B,AREA_C,AREA_B_TO_AREA_C,BI,CA,31_60,mid,unknown_or_oneway,Y,L,0,0.6012508,26.273299801431712
62.0,122.1276035,23.21527777777778,1,1,0,0,0,0,0,0,0,2,1,573.25,9.0,74.0959,2,1,PET,LOWER VERTEX,LANG_02,Round-Trip,apple,Direct,Direct,Logged-Out,AREA_C,AREA_B,AREA_C_TO_AREA_B,CA,BU,61_120,very_high,15_30,Y,W,0,0.3545437,26.270233497047425
7.0,425.6950794,201.625,3,2,0,1,0,1,0,0,0,4,1,4844.583333333333,3.0,40.7480337,5,0,PET,WEST AURORA,LANG_02,Round-Trip,microsoft,Paid Search,Paid Search,Logged-Out,AREA_C,AREA_D,AREA_C_TO_AREA_D,CU,DA,4_7,very_high,30_plus,Y,Q,0,0.64467305,26.269159144467135
0.0,78.0281223,,1,1,0,0,0,0,0,0,0,1,0,9.083333333333334,11.0,52.9730006,5,1,PET,NEW VERTEX,LANG_10,One-Way,google,Direct,Organic Search,Logged-Out,AREA_C,AREA_C,AREA_C_TO_AREA_C,CA,CE,invalid_or_past,high,unknown_or_oneway,Y,Q,0,0.4958676,26.267595200870442
45.0,109.4529216,14.840277777777779,1,1,0,0,0,0,0,0,0,4,1,359.25,20.0,44.2082694,2,0,PET,OLD AURORA,LANG_02,Round-Trip,mozilla,Direct,MetaSearches,Logged-Out,AREA_B,AREA_B,AREA_B_TO_AREA_B,BO,BI,31_60,very_high,15_30,Y,T,0,0.59391284,26.255858825955247
81.0,73.56266649999999,,1,1,0,0,0,0,0,0,0,1,0,14.166666666666666,9.0,40.4824877,4,1,PET,LOWER VERTEX,LANG_02,One-Way,apple,Organic Search,Organic Search,Logged-Out,AREA_B,AREA_C,AREA_B_TO_AREA_C,BU,CA,61_120,high,unknown_or_oneway,Y,S,0,0.64856076,26.255353086779046
27.0,333.1891322,4.236111111111111,2,2,0,0,0,0,0,0,0,2,1,116.08333333333333,9.0,82.2224642,5,1,PET,UPPER APEX,LANG_09,Round-Trip,mozilla,Paid Search,Paid Search,Logged-Out,AREA_C,AREA_B,AREA_C_TO_AREA_B,CA,BI,15_30,very_high,3_5,Y,S,0,0.3192843,26.252341110338946
53.0,353.92741820000003,17.65625,1,1,0,0,0,0,0,0,0,2,1,429.0,10.0,49.5495987,1,1,PET,LOWER VERTEX,LANG_02,Round-Trip,google,Paid Search,Paid Search,Logged-Out,AREA_B,AREA_C,AREA_B_TO_AREA_C,BO,CA,31_60,very_high,15_30,P,A,0,0.52978426,26.250597588610855
62.0,113.854989,51.65625,1,1,0,0,0,0,0,0,0,2,1,1245.0,15.0,49.5495987,1,1,PET,LOWER VERTEX,LANG_02,Round-Trip,mozilla,MetaSearches,MetaSearches,Logged-Out,AREA_B,AREA_C,AREA_B_TO_AREA_C,BO,CA,61_120,very_high,30_plus,Y,U,0,0.52973413,26.248113790792033
10.0,126.6521647,33.28819444444444,2,2,0,0,0,0,0,1,1,4,1,812.4166666666666,11.0,40.47435,3,0,PET,UPPER APEX,LANG_09,Round-Trip,google,Paid Search,Email,Logged-In,AREA_C,AREA_B,AREA_C_TO_AREA_B,CA,BI,8_14,very_high,30_plus,Y,U,0,0.6484388,26.245139402228595
0.0,131.57376,,1,1,0,0,0,0,0,1,0,2,1,30.5,21.0,51.3236173,2,0,PET,NORTH MERIDIAN,LANG_02,One-Way,google,Direct,MetaSearches,Logged-In,AREA_B,AREA_B,AREA_B_TO_AREA_B,BI,BO,invalid_or_past,very_high,unknown_or_oneway,Y,V,0,0.5112416,26.23876898678245
88.0,123.6703401,184.57638888888889,1,1,0,0,0,0,0,0,0,2,1,4433.333333333333,15.0,50.5355453,1,1,PET,LOWER VERTEX,LANG_09,Round-Trip,apple,Direct,Paid Search,Logged-Out,AREA_B,AREA_C,AREA_B_TO_AREA_C,BU,CA,61_120,very_high,30_plus,Y,W,0,0.51919466,26.23778538987263
18.0,56.8388364,8.26388888888889,3,3,0,0,0,0,0,0,0,4,1,200.25,15.0,49.8609728,3,0,PET,LOWER VERTEX,LANG_02,Round-Trip,google,Paid Search,Paid Search,Logged-Out,AREA_C,AREA_B,AREA_C_TO_AREA_B,CU,BE,15_30,high,9_14,Y,U,0,0.5262092,26.237301391038894
59.0,130.7647013,20.21527777777778,1,1,0,0,0,0,0,0,0,2,1,501.25,9.0,74.0959,3,1,PET,UPPER APEX,LANG_09,Round-Trip,apple,Direct,Direct,Logged-Out,AREA_C,AREA_B,AREA_C_TO_AREA_B,CA,BU,31_60,very_high,15_30,Y,L,0,0.353955,26.22661433184445
29.0,138.5199294,53.21180555555556,1,1,0,0,0,0,0,0,0,2,1,1293.25,12.0,43.3799372,5,1,PET,UPPER APEX,LANG_09,Round-Trip,apple,Paid Search,Organic Search,Logged-Out,AREA_C,AREA_B,AREA_C_TO_AREA_B,CA,BO,15_30,very_high,30_plus,Y,O,0,0.60457313,26.226344438565302
79.0,88.4490896,13.777777777777779,1,1,0,0,0,0,0,0,0,2,1,334.0,9.0,52.9704308,1,1,PET,NORTH MERIDIAN,LANG_02,Round-Trip,apple,Email,Email,Logged-Out,AREA_B,AREA_C,AREA_B_TO_AREA_C,BI,CA,61_120,high,9_14,Y,U,0,0.4950475,26.22287985370071
9.0,111.1986724,8.26388888888889,1,1,0,0,0,0,0,0,0,4,1,200.25,15.0,49.8609728,3,0,PET,LOWER HORIZON,LANG_02,Round-Trip,google,Direct,Direct,Logged-Out,AREA_C,AREA_B,AREA_C_TO_AREA_B,CU,BE,8_14,very_high,9_14,Y,Y,0,0.5258943,26.221600602582548
59.0,133.3272202,13.010416666666666,1,0,1,0,0,0,1,0,0,2,1,318.9166666666667,14.0,126.4547184,3,1,PET,UPPER APEX,LANG_02,Round-Trip,google,Direct,Direct,Logged-Out,AREA_C,AREA_B,AREA_C_TO_AREA_B,CA,BU,31_60,very_high,9_14,Y,L,0,0.20720884,26.202535770045518
25.0,396.0215988000001,8.010416666666666,1,1,0,0,0,0,0,0,0,2,1,198.91666666666666,20.0,126.4547184,3,1,PET,SOUTH HORIZON,LANG_02,Round-Trip,microsoft,MetaSearches,MetaSearches,Logged-Out,AREA_C,AREA_B,AREA_C_TO_AREA_B,CA,BU,15_30,very_high,9_14,Y,H,0,0.20715016,26.195115309447957
64.0,620.9202156,15.319444444444445,4,2,0,2,0,1,0,1,0,2,1,383.8333333333333,10.0,43.3799372,5,1,PET,UPPER APEX,LANG_09,Round-Trip,apple,Direct,Direct,Logged-In,AREA_C,AREA_B,AREA_C_TO_AREA_B,CA,BO,61_120,very_high,15_30,Y,T,0,0.60384583,26.194794389158155
57.0,33.2279423,,2,2,0,0,0,0,0,1,0,1,0,0.4166666666666667,18.0,42.1006051,3,1,PET,NEW APEX,LANG_02,One-Way,apple,Direct,Direct,Logged-In,AREA_B,AREA_C,AREA_B_TO_AREA_C,BE,CA,31_60,low,unknown_or_oneway,Y,L,0,0.62214595,26.19272098895149
9.0,62.1913015,6.677083333333333,1,1,0,0,0,0,0,1,1,2,1,167.0,13.0,54.1568218,5,1,PET,UPPER APEX,LANG_02,Round-Trip,apple,Direct,Push Notifications,Logged-In,AREA_C,AREA_C,AREA_C_TO_AREA_C,CE,CA,8_14,high,6_8,Y,S,0,0.4836392,26.19236253651411
95.0,31.886935,5.875,1,1,0,0,0,0,0,0,0,2,1,143.16666666666666,17.0,59.8660608,4,1,PET,CENTRAL APEX,LANG_02,Round-Trip,apple,Direct,Direct,Logged-Out,AREA_C,AREA_C,AREA_C_TO_AREA_C,CU,CA,61_120,low,6_8,Y,L,0,0.43741116,26.18608305587311
94.0,82.4755895,30.65625,1,1,0,0,0,0,0,0,0,2,1,739.0,16.0,52.9704308,4,1,PET,NORTH MERIDIAN,LANG_09,Round-Trip,google,Direct,Email,Logged-Out,AREA_B,AREA_C,AREA_B_TO_AREA_C,BI,CA,61_120,high,30_plus,Y,O,0,0.49430344,26.183465902489033
0.0,83.1137565,,1,1,0,0,0,0,0,0,0,1,0,10.083333333333334,17.0,52.9730006,5,1,PET,UPPER APEX,LANG_02,One-Way,google,Internal,Internal,Logged-Out,AREA_C,AREA_C,AREA_C_TO_AREA_C,CA,CE,invalid_or_past,high,unknown_or_oneway,Y,Q,0,0.49406132,26.171910654835944
146.0,158.736546,31.520833333333332,1,1,0,0,0,0,0,0,0,2,1,759.6666666666666,15.0,52.9704308,1,1,PET,NORTH MERIDIAN,LANG_02,Round-Trip,google,Paid Search,Email,Logged-Out,AREA_B,AREA_C,AREA_B_TO_AREA_C,BI,CA,120_plus,very_high,30_plus,Y,U,0,0.49402228,26.1685729952222
16.0,66.326538,6.114583333333333,2,2,0,0,0,0,0,1,0,2,1,148.5,20.0,53.640292,5,1,PET,UPPER APEX,LANG_09,Round-Trip,google,Paid Search,Paid Search,Logged-In,AREA_C,AREA_B,AREA_C_TO_AREA_B,CA,BA,15_30,high,6_8,Y,W,0,0.4878433,26.16805732360661
92.0,277.3486631,,3,2,0,1,0,1,0,1,0,1,0,16.333333333333332,13.0,40.140276,3,0,PET,LOWER VERTEX,LANG_02,One-Way,microsoft,Paid Search,Organic Search,Logged-In,AREA_B,AREA_B,AREA_B_TO_AREA_B,BU,BE,61_120,very_high,unknown_or_oneway,Y,V,0,0.6518403,26.165050720823764
235.0,257.8331736,44.0,1,0,1,0,0,0,1,0,0,2,1,1063.25,14.0,126.4547184,2,1,PET,UPPER APEX,LANG_09,Round-Trip,microsoft,Direct,Paid Search,Logged-Out,AREA_C,AREA_B,AREA_C_TO_AREA_B,CA,BU,120_plus,very_high,30_plus,Y,V,0,0.20689923,26.163383324566556
14.0,26.8891023,,1,1,0,0,0,0,0,1,0,1,0,2.8333333333333335,22.0,34.6923,3,0,PET,EAST AURORA,LANG_02,One-Way,apple,Direct,Direct,Logged-In,AREA_C,AREA_B,AREA_C_TO_AREA_B,CE,BE,8_14,low,unknown_or_oneway,Y,W,0,0.7539126,26.15496305385232
4.0,217.6723392,,2,2,0,0,0,0,0,0,0,1,0,5.666666666666667,12.0,42.0701958,5,1,PET,UPPER APEX,LANG_02,Round-Trip,apple,Direct,Direct,Logged-Out,AREA_C,AREA_B,AREA_C_TO_AREA_B,CA,BO,4_7,very_high,unknown_or_oneway,Y,L,0,0.6215833,26.15013041960982
80.0,120.1788385,28.770833333333332,1,1,0,0,0,0,0,0,0,2,1,694.0,17.0,53.8668627,1,1,PET,LOWER VERTEX,LANG_02,Round-Trip,apple,Direct,Paid Search,Logged-Out,AREA_B,AREA_C,AREA_B_TO_AREA_C,BU,CA,61_120,very_high,15_30,Y,W,0,0.48536646,26.14516865722207
286.0,129.9432219,22.77777777777778,1,1,0,0,0,0,0,0,0,2,1,550.3333333333334,18.0,52.9704308,1,1,PET,NORTH MERIDIAN,LANG_02,Round-Trip,apple,Direct,Paid Search,Logged-Out,AREA_B,AREA_C,AREA_B_TO_AREA_C,BI,CA,120_plus,very_high,15_30,Y,O,0,0.49353945,26.142997418517734
13.0,76.74964680000001,5.871527777777778,3,2,0,1,0,1,0,0,0,2,1,143.91666666666666,13.0,48.3979,4,1,PET,UPPER APEX,LANG_09,Round-Trip,microsoft,Direct,Paid Search,Logged-Out,AREA_C,AREA_B,AREA_C_TO_AREA_B,CA,BO,8_14,high,6_8,Y,L,0,0.5400726,26.13838065138459
2.0,173.8932264,,1,1,0,0,0,0,0,0,0,2,1,28.583333333333332,13.0,51.3236173,5,0,PET,NORTH MERIDIAN,LANG_02,One-Way,google,MetaSearches,MetaSearches,Logged-Out,AREA_B,AREA_B,AREA_B_TO_AREA_B,BI,BO,0_3,very_high,unknown_or_oneway,Y,T,0,0.5091255,26.13016083719423
27.0,53.4287118,,1,1,0,0,0,0,0,1,0,1,0,4.083333333333333,18.0,38.1187,4,1,PET,UPPER APEX,LANG_02,One-Way,google,Direct,Organic Search,Logged-In,AREA_C,AREA_C,AREA_C_TO_AREA_C,CE,CA,15_30,mid,unknown_or_oneway,Y,W,0,0.6854128,26.12704582007527
91.0,227.7596608,69.77777777777777,2,2,0,0,0,0,0,1,0,4,1,1678.0,6.0,39.8481754,3,0,PET,NORTH MERIDIAN,LANG_02,Round-Trip,google,Paid Search,Paid Search,Logged-In,AREA_B,AREA_C,AREA_B_TO_AREA_C,BI,CU,61_120,very_high,30_plus,Y,O,0,0.6555229,26.121390818042435
6.0,51.905677,11.96875,1,1,0,0,0,0,0,1,0,2,1,288.6666666666667,23.0,51.396,4,1,PET,UPPER APEX,LANG_09,Round-Trip,apple,Direct,Direct,Logged-In,AREA_C,AREA_B,AREA_C_TO_AREA_B,CA,BA,4_7,mid,9_14,Y,S,0,0.5081646,26.11762699198723
144.0,462.85181759999995,14.0,2,2,0,0,0,0,0,0,0,2,1,343.25,23.0,126.4547184,3,1,PET,UPPER APEX,LANG_09,Round-Trip,google,Paid Search,Paid Search,Logged-Out,AREA_C,AREA_B,AREA_C_TO_AREA_B,CA,BU,120_plus,very_high,9_14,Y,S,0,0.20650536,26.113576921693326
101.0,145.55004559999998,57.90277777777778,1,1,0,0,0,0,0,1,0,2,1,1393.0,11.0,52.9704308,1,1,PET,NORTH MERIDIAN,LANG_02,Round-Trip,microsoft,Paid Search,Paid Search,Logged-In,AREA_B,AREA_C,AREA_B_TO_AREA_C,BI,CA,61_120,very_high,30_plus,Y,L,0,0.49291697,26.11002432607738
24.0,144.78253199999995,,1,1,0,0,0,0,0,1,0,1,0,13.5,11.0,40.2075191,4,1,PET,UPPER VERTEX,LANG_11,One-Way,google,Organic Search,Organic Search,Logged-In,AREA_B,AREA_C,AREA_B_TO_AREA_C,BU,CA,15_30,very_high,unknown_or_oneway,Y,H,0,0.64918256,26.102020102571938
5.0,185.959294,10.902777777777779,1,1,0,0,0,0,0,0,0,4,1,263.3333333333333,11.0,42.6612498,3,0,PET,NORTH MERIDIAN,LANG_02,Round-Trip,apple,Paid Search,Paid Search,Logged-Out,AREA_C,AREA_B,AREA_C_TO_AREA_B,CO,BI,4_7,very_high,9_14,Y,H,0,0.6117977,26.10005409685657
89.0,104.6748068,19.65625,1,1,0,0,0,0,0,1,0,2,1,475.0,16.0,52.9704308,1,1,PET,NORTH MERIDIAN,LANG_02,Round-Trip,microsoft,Paid Search,Organic Search,Logged-In,AREA_B,AREA_C,AREA_B_TO_AREA_C,BI,CA,61_120,very_high,15_30,Y,O,0,0.49257538,26.091929933127155
87.0,82.6306341,20.65625,1,1,0,0,0,0,0,0,0,2,1,499.0,11.0,52.9704308,1,1,PET,NORTH MERIDIAN,LANG_02,Round-Trip,microsoft,Paid Search,Organic Search,Logged-Out,AREA_B,AREA_C,AREA_B_TO_AREA_C,BI,CA,61_120,high,15_30,Y,O,0,0.49257538,26.091929933127155
197.0,325.6082222,29.78125,2,1,1,0,0,0,1,0,0,2,1,718.0,9.0,45.0717222,1,1,PET,NORTH MERIDIAN,LANG_02,Round-Trip,apple,Direct,Direct,Logged-Out,AREA_B,AREA_C,AREA_B_TO_AREA_C,BI,CA,120_plus,very_high,15_30,Y,O,0,0.5788586,26.090154641838026
77.0,343.706467,14.065972222222221,3,2,0,1,0,1,0,1,1,2,1,342.5833333333333,7.0,51.396,3,1,PET,LOWER VERTEX,LANG_02,Round-Trip,microsoft,Direct,Direct,Logged-In,AREA_C,AREA_C,AREA_C_TO_AREA_C,CA,CA,61_120,very_high,15_30,Y,W,0,0.50743455,26.080105974912644
102.0,104.7249179,52.77777777777778,1,1,0,0,0,0,0,0,0,2,1,1270.0,14.0,52.9704308,1,1,PET,NORTH MERIDIAN,LANG_02,Round-Trip,google,Paid Search,Paid Search,Logged-Out,AREA_B,AREA_C,AREA_B_TO_AREA_C,BI,CA,61_120,very_high,30_plus,Y,O,0,0.49228862,26.076740241191448
22.0,995.8420432,14.319444444444445,4,2,0,2,0,1,0,0,0,2,1,359.8333333333333,19.0,42.0701958,5,1,PET,UPPER APEX,LANG_09,Round-Trip,apple,Direct,Organic Search,Logged-Out,AREA_C,AREA_B,AREA_C_TO_AREA_B,CA,BO,15_30,very_high,15_30,Y,B,0,0.61979604,26.07494066100726
39.0,120.4825032,238.04166666666666,1,1,0,0,0,0,0,0,0,4,1,5714.666666666667,8.0,42.6612498,3,0,PET,NORTH MERIDIAN,LANG_02,Round-Trip,apple,Direct,MetaSearches,Logged-Out,AREA_C,AREA_B,AREA_C_TO_AREA_B,CO,BI,31_60,very_high,30_plus,Y,W,0,0.61114794,26.072334939871894
0.0,202.692975,,1,1,0,0,0,0,0,0,0,2,1,30.5,,51.3236173,5,0,PET,NORTH MERIDIAN,LANG_02,One-Way,google,Direct,Direct,Logged-Out,AREA_B,AREA_B,AREA_B_TO_AREA_B,BI,BO,invalid_or_past,very_high,unknown_or_oneway,Y,K,0,0.50799745,26.072266878065225
101.0,201.2333286,26.78472222222222,2,1,1,0,0,0,1,0,0,2,1,646.0,14.0,55.0862328,3,1,PET,LOWER VERTEX,LANG_02,Round-Trip,google,Paid Search,Organic Search,Logged-Out,AREA_B,AREA_C,AREA_B_TO_AREA_C,BU,CA,61_120,very_high,15_30,Y,W,0,0.47325522,26.069847061627147
10.0,130.0520101,343.2395833333333,1,1,0,0,0,0,0,1,1,2,1,8252.25,8.0,76.2374,5,1,PET,LOWER VERTEX,LANG_09,Round-Trip,samsung,Direct,Organic Search,Logged-In,AREA_C,AREA_B,AREA_C_TO_AREA_B,CA,BU,8_14,very_high,30_plus,Y,S,0,0.34194642,26.069106232917306
226.0,39.979235200000005,8.159722222222221,2,2,0,0,0,0,0,1,0,2,1,198.5,15.0,51.396,1,0,PET,CENTRAL MERIDIAN,LANG_02,Round-Trip,microsoft,Direct,Email,Logged-In,AREA_B,AREA_B,AREA_B_TO_AREA_B,BE,BO,120_plus,mid,9_14,Y,U,0,0.5071257,26.0642312271595
29.0,15.7854248,29.96527777777778,1,1,0,0,0,0,0,1,0,2,1,720.5,20.0,51.396,4,1,PET,UPPER APEX,LANG_09,Round-Trip,samsung,Direct,Direct,Logged-In,AREA_C,AREA_B,AREA_C_TO_AREA_B,CA,BA,15_30,very_low,15_30,Y,L,0,0.50712174,26.06402904009819
14.0,325.2617275,14.010416666666666,1,1,0,0,0,0,0,1,0,2,1,342.9166666666667,19.0,76.2374,2,1,PET,LOWER APEX,LANG_02,Round-Trip,apple,Direct,Direct,Logged-In,AREA_C,AREA_B,AREA_C_TO_AREA_B,CA,BU,8_14,very_high,15_30,P,A,0,0.34183377,26.060517877972124
26.0,87.3483586,,1,1,0,0,0,0,0,1,0,1,0,3.75,23.0,76.2374,5,1,PET,UPPER APEX,LANG_09,Round-Trip,samsung,Direct,Direct,Logged-In,AREA_C,AREA_B,AREA_C_TO_AREA_B,CA,BU,15_30,high,unknown_or_oneway,Y,O,0,0.34177703,26.056191891777512
24.0,127.9918871,22.27777777777778,1,1,0,0,0,0,0,0,0,2,1,548.0833333333334,15.0,51.3741567,2,1,PET,NORTH MERIDIAN,LANG_02,Round-Trip,google,Paid Search,MetaSearches,Logged-Out,AREA_C,AREA_B,AREA_C_TO_AREA_B,CA,BI,15_30,very_high,15_30,Y,V,0,0.50718373,26.056136451651316
24.0,55.9462592,5.46875,2,2,0,0,0,0,0,1,1,2,1,134.25,9.0,48.3979,4,1,PET,UPPER APEX,LANG_09,Round-Trip,mozilla,Direct,Organic Search,Logged-In,AREA_C,AREA_B,AREA_C_TO_AREA_B,CA,BO,15_30,high,6_8,Y,O,0,0.538359,26.055444386810063
67.0,98.6010845,10.319444444444445,1,1,0,0,0,0,0,0,0,2,1,263.8333333333333,22.0,50.1762016,5,1,PET,UPPER APEX,LANG_09,Round-Trip,apple,Paid Search,MetaSearches,Logged-Out,AREA_C,AREA_B,AREA_C_TO_AREA_B,CA,BO,61_120,high,9_14,Y,U,0,0.5191688,26.049918079956246
45.0,87.8631752,15.319444444444445,1,1,0,0,0,0,0,1,0,2,1,383.8333333333333,15.0,43.3799372,5,1,PET,UPPER APEX,LANG_02,Round-Trip,apple,Direct,Direct,Logged-In,AREA_C,AREA_B,AREA_C_TO_AREA_B,CA,BO,31_60,high,15_30,Y,O,0,0.6005009,26.049690535471893
1.0,39.7492381,,1,1,0,0,0,0,0,0,0,2,1,17.0,18.0,37.7113867,5,0,PET,WEST AURORA,LANG_02,One-Way,google,Paid Search,Organic Search,Logged-Out,AREA_C,AREA_C,AREA_C_TO_AREA_C,CU,CU,0_3,mid,unknown_or_oneway,Y,Q,0,0.6907037,26.04739395066914
41.0,156.4824031,96.02083333333333,1,1,0,0,0,0,0,1,0,2,1,2320.5833333333335,5.0,74.0959,3,1,PET,LOWER VERTEX,LANG_02,Round-Trip,apple,Paid Search,Paid Search,Logged-In,AREA_C,AREA_B,AREA_C_TO_AREA_B,CA,BU,31_60,very_high,30_plus,Y,L,0,0.35153198,26.047078616333007
258.0,379.3457383,21.34375,3,2,0,1,0,1,0,0,0,2,1,526.8333333333334,18.0,82.2224642,3,1,PET,UPPER APEX,LANG_09,Round-Trip,mozilla,Direct,Direct,Logged-Out,AREA_C,AREA_B,AREA_C_TO_AREA_B,CA,BI,120_plus,very_high,15_30,Y,O,0,0.3167747,26.045996110508412
27.0,53.6518561,,1,1,0,0,0,0,0,0,0,1,0,4.083333333333333,21.0,38.1187,4,1,PET,UPPER APEX,LANG_02,One-Way,google,Paid Search,Organic Search,Logged-Out,AREA_C,AREA_C,AREA_C_TO_AREA_C,CE,CA,15_30,mid,unknown_or_oneway,Y,W,0,0.6831855,26.04214379690289
22.0,83.0233852,10.23611111111111,2,2,0,0,0,0,0,0,0,2,1,247.83333333333334,17.0,47.9696,4,1,PET,UPPER APEX,LANG_09,Round-Trip,apple,Paid Search,Paid Search,Logged-Out,AREA_C,AREA_B,AREA_C_TO_AREA_B,CA,BI,15_30,high,9_14,Y,B,0,0.5428697,26.041241741371156
9.0,310.166294,5.125,2,2,0,0,0,0,0,0,0,2,1,142.33333333333334,8.0,77.7827064,5,1,PET,UPPER APEX,LANG_09,Round-Trip,google,Direct,Affiliate,Logged-Out,AREA_C,AREA_C,AREA_C_TO_AREA_C,CA,CA,8_14,very_high,6_8,Y,W,0,0.33479267,26.041080234550808
10.0,63.3952528,11.524305555555555,2,2,0,0,0,0,0,0,0,4,1,277.5,9.0,51.396,3,0,PET,UPPER APEX,LANG_09,Round-Trip,google,MetaSearches,MetaSearches,Logged-Out,AREA_C,AREA_B,AREA_C_TO_AREA_B,CA,BA,8_14,high,9_14,Y,L,0,0.5066002,26.037223937273026
123.0,175.73149,16.322916666666668,2,2,0,0,0,0,0,0,0,2,1,408.0,15.0,50.1762016,5,1,PET,UPPER APEX,LANG_09,Round-Trip,apple,Direct,Direct,Logged-Out,AREA_C,AREA_B,AREA_C_TO_AREA_B,CA,BO,120_plus,very_high,15_30,Y,O,0,0.5188997,26.0364149129097
39.0,551.3951332,16.78125,2,2,0,0,0,0,0,0,0,3,1,406.0833333333333,23.0,50.059704,3,0,PET,LOWER VERTEX,LANG_02,Round-Trip,google,Paid Search,Paid Search,Logged-Out,AREA_B,AREA_B,AREA_B_TO_AREA_B,BU,BE,31_60,very_high,15_30,Y,H,0,0.5201056,26.0363324026165
145.0,590.5948624,13.0,3,2,0,1,0,1,0,1,1,2,1,319.25,12.0,126.4547184,3,1,PET,UPPER APEX,LANG_09,Round-Trip,google,Direct,Email,Logged-In,AREA_C,AREA_B,AREA_C_TO_AREA_B,CA,BU,120_plus,very_high,9_14,Y,S,0,0.2058558,26.031437435175206
186.0,283.8823796,17.0,2,2,0,0,0,0,0,0,0,2,1,415.25,15.0,126.4547184,4,1,PET,UPPER APEX,LANG_09,Round-Trip,microsoft,Paid Search,Paid Search,Logged-Out,AREA_C,AREA_B,AREA_C_TO_AREA_B,CA,BU,120_plus,very_high,15_30,Y,L,0,0.20577191,26.02082870151236
44.0,155.8767869,45.0,1,1,0,0,0,0,0,0,0,4,1,1082.8333333333333,13.0,43.4840141,2,0,PET,NORTH MERIDIAN,LANG_02,Round-Trip,google,Organic Search,Paid Search,Logged-Out,AREA_C,AREA_B,AREA_C_TO_AREA_B,CI,BI,31_60,very_high,30_plus,Y,S,0,0.59838146,26.020027831337902
58.0,41.497987,15.041666666666666,2,2,0,0,0,0,0,1,1,2,1,362.5,17.0,48.3979,3,1,PET,SOUTH HORIZON,LANG_02,Round-Trip,google,Paid Search,Organic Search,Logged-In,AREA_C,AREA_B,AREA_C_TO_AREA_B,CA,BI,31_60,mid,15_30,Y,O,0,0.53757423,26.017463904744385
37.0,175.3353125,,3,2,0,1,0,1,0,1,0,2,1,-171.75,14.0,50.5355453,4,1,PET,LOWER VERTEX,LANG_02,Round-Trip,apple,Direct,Direct,Logged-In,AREA_B,AREA_C,AREA_B_TO_AREA_C,BU,CA,31_60,very_high,unknown_or_oneway,Y,L,0,0.5147951,26.015452335944993
7.0,167.8559096,52.68055555555556,1,1,0,0,0,0,0,1,1,2,1,1270.0,12.0,40.3077413,3,1,PET,LOWER VERTEX,LANG_02,Round-Trip,apple,Email,Email,Logged-In,AREA_B,AREA_C,AREA_B_TO_AREA_C,BO,CA,4_7,very_high,30_plus,P,J,0,0.64536136,26.013058900604076
47.0,125.5535752,119.84722222222223,1,1,0,0,0,0,0,1,0,4,1,2879.1666666666665,15.0,43.4840141,5,0,PET,NORTH MERIDIAN,LANG_02,Round-Trip,google,Paid Search,Paid Search,Logged-In,AREA_C,AREA_B,AREA_C_TO_AREA_B,CI,BI,31_60,very_high,30_plus,Y,L,0,0.59784144,25.996545677460524
59.0,93.69190989999998,27.020833333333332,1,1,0,0,0,0,0,0,0,2,1,664.5833333333334,21.0,74.0959,2,1,PET,UPPER APEX,LANG_09,Round-Trip,apple,Organic Search,Organic Search,Logged-Out,AREA_C,AREA_B,AREA_C_TO_AREA_B,CA,BU,31_60,high,15_30,Y,L,0,0.35081163,25.993703491434456
9.0,206.97340520000003,8.760416666666666,3,2,0,1,0,1,0,0,0,2,1,215.0,9.0,53.8668627,1,1,PET,LOWER VERTEX,LANG_02,Round-Trip,apple,MetaSearches,MetaSearches,Logged-Out,AREA_B,AREA_C,AREA_B_TO_AREA_C,BU,CA,8_14,very_high,9_14,Y,O,0,0.48238364,25.98449323029024
35.0,120.6619609,35.0,1,1,0,0,0,0,0,0,0,4,1,842.8333333333334,15.0,43.4840141,2,0,PET,NORTH MERIDIAN,LANG_02,Round-Trip,google,Direct,Direct,Logged-Out,AREA_C,AREA_B,AREA_C_TO_AREA_B,CI,BI,31_60,very_high,30_plus,Y,Q,0,0.5974978,25.981603666742743
171.0,150.9573331,41.979166666666664,1,1,0,0,0,0,0,0,0,2,1,1010.6666666666666,10.0,50.5175567,3,1,PET,LOWER VERTEX,LANG_02,Round-Trip,apple,Direct,Organic Search,Logged-Out,AREA_B,AREA_C,AREA_B_TO_AREA_C,BU,CA,120_plus,very_high,30_plus,Y,W,0,0.51424474,25.978387570210487
69.0,275.546805,18.875,2,2,0,0,0,0,0,1,0,2,1,458.0,19.0,47.9987244,4,1,PET,UPPER APEX,LANG_09,Round-Trip,google,Direct,MetaSearches,Logged-In,AREA_C,AREA_C,AREA_C_TO_AREA_C,CA,CA,61_120,very_high,15_30,Y,L,0,0.54103595,25.96903546336763
28.0,67.60415689999999,14.71875,1,1,0,0,0,0,0,0,0,2,1,356.75,17.0,53.8668627,1,1,PET,LOWER VERTEX,LANG_02,Round-Trip,apple,Direct,Direct,Logged-Out,AREA_B,AREA_C,AREA_B_TO_AREA_C,BU,CA,15_30,high,15_30,Y,O,0,0.48199245,25.96342130632502
84.0,114.8619223,16.78472222222222,1,1,0,0,0,0,0,0,0,2,1,406.0,22.0,53.8668627,3,1,PET,UPPER APEX,LANG_09,Round-Trip,apple,Direct,Paid Search,Logged-Out,AREA_B,AREA_C,AREA_B_TO_AREA_C,BU,CA,61_120,very_high,15_30,Y,W,0,0.48194203,25.96070504125195
147.0,158.9267112,185.01041666666666,1,1,0,0,0,0,0,0,0,4,1,4443.25,13.0,44.2082694,2,0,PET,NORTH MERIDIAN,LANG_02,Round-Trip,google,Direct,Paid Search,Logged-Out,AREA_B,AREA_B,AREA_B_TO_AREA_B,BO,BI,120_plus,very_high,30_plus,Y,V,0,0.58695465,25.94824943703836
172.0,669.3772210000001,17.0,5,2,0,3,0,1,0,1,0,2,1,415.25,17.0,126.4547184,4,1,PET,UPPER APEX,LANG_09,Round-Trip,google,Direct,Referrals,Logged-In,AREA_C,AREA_B,AREA_C_TO_AREA_B,CA,BU,120_plus,very_high,15_30,Y,W,0,0.20518468,25.94657133451674
17.0,566.366788,11.010416666666666,2,1,0,1,0,1,0,0,1,2,1,270.9166666666667,16.0,76.2374,1,1,PET,UPPER APEX,LANG_02,Round-Trip,apple,Direct,Direct,Logged-Out,AREA_C,AREA_B,AREA_C_TO_AREA_B,CA,BU,15_30,very_high,9_14,Y,H,0,0.34029582,25.943268656557795
3.0,52.1566608,,3,3,0,0,0,0,0,0,0,1,0,2.6666666666666665,14.0,36.5455541,2,1,PET,UPPER APEX,LANG_02,One-Way,mozilla,Direct,Direct,Logged-Out,AREA_B,AREA_C,AREA_B_TO_AREA_C,BO,CA,0_3,mid,unknown_or_oneway,Y,O,0,0.7098007,25.940060620830533
108.0,74.81929869999999,,1,1,0,0,0,0,0,1,0,1,0,14.5,16.0,42.500209,4,1,PET,UPPER APEX,LANG_02,One-Way,apple,Direct,Direct,Logged-In,AREA_B,AREA_C,AREA_B_TO_AREA_C,BU,CA,61_120,high,unknown_or_oneway,Y,S,0,0.6101968,25.93349275692916
128.0,79.9657515,6.270833333333333,4,2,0,1,1,1,0,0,0,2,1,152.58333333333334,19.0,52.76656,4,1,PET,SOUTH MERIDIAN,LANG_01,Round-Trip,microsoft,Direct,Direct,Logged-Out,AREA_B,AREA_C,AREA_B_TO_AREA_C,BI,CA,120_plus,high,6_8,Y,L,0,0.49137694,25.92827059905052
13.0,63.6115443,14.753472222222221,2,2,0,0,0,0,0,0,0,2,1,359.0,20.0,45.3998,2,1,PET,UPPER APEX,LANG_09,Round-Trip,google,Organic Search,Organic Search,Logged-Out,AREA_B,AREA_C,AREA_B_TO_AREA_C,BU,CA,8_14,high,15_30,Y,O,0,0.57104427,25.925295477712154
105.0,49.3688561,,1,1,0,0,0,0,0,1,0,1,0,4.083333333333333,13.0,38.1187,4,1,PET,NORTH ZENITH,LANG_02,One-Way,samsung,Direct,Direct,Logged-In,AREA_C,AREA_C,AREA_C_TO_AREA_C,CE,CA,61_120,mid,unknown_or_oneway,Y,V,0,0.68006366,25.923142823725936
115.0,87.865745,14.36111111111111,1,1,0,0,0,0,0,1,1,2,1,359.8333333333333,12.0,50.1762016,5,1,PET,UPPER APEX,LANG_02,Round-Trip,apple,Direct,Direct,Logged-In,AREA_C,AREA_B,AREA_C_TO_AREA_B,CA,BO,61_120,high,15_30,Y,O,0,0.5166072,25.92138826666889
35.0,131.894985,7.239583333333333,2,2,0,0,0,0,0,0,0,2,1,188.25,18.0,76.2374,5,1,PET,UPPER APEX,LANG_09,Round-Trip,apple,Direct,Direct,Logged-Out,AREA_C,AREA_B,AREA_C_TO_AREA_B,CA,BU,31_60,very_high,6_8,Y,O,0,0.3400021,25.920875316256282
103.0,129.1611461,83.77777777777777,1,1,0,0,0,0,0,1,0,2,1,2014.0,13.0,50.4417476,1,1,PET,LOWER VERTEX,LANG_02,Round-Trip,apple,Direct,Direct,Logged-In,AREA_D,AREA_C,AREA_D_TO_AREA_C,DA,CA,61_120,very_high,30_plus,Y,O,0,0.5137357,25.913727096350073
13.0,474.9697095,4.875,3,3,0,0,0,0,0,1,0,2,1,122.0,8.0,71.9544,5,1,PET,UPPER APEX,LANG_09,Round-Trip,apple,Direct,Direct,Logged-In,AREA_C,AREA_C,AREA_C_TO_AREA_C,CA,CA,8_14,very_high,3_5,Y,K,0,0.36007547,25.909014670944217
34.0,28.2772226,,1,1,0,0,0,0,0,0,0,1,0,2.9166666666666665,21.0,34.6923,3,0,PET,NEW HORIZON,LANG_02,One-Way,apple,Paid Search,Paid Search,Logged-Out,AREA_C,AREA_B,AREA_C_TO_AREA_B,CE,BE,31_60,low,unknown_or_oneway,Y,S,0,0.74679315,25.907972029030326
23.0,163.7270976,,2,1,1,0,0,0,1,1,1,1,0,14.916666666666666,23.0,39.7299646,3,1,PET,UPPER APEX,LANG_09,One-Way,google,Paid Search,Organic Search,Logged-In,AREA_B,AREA_C,AREA_B_TO_AREA_C,BU,CA,15_30,very_high,unknown_or_oneway,Y,V,0,0.65204376,25.905675495412552
105.0,90.71351169999998,,1,1,0,0,0,0,0,1,1,1,0,4.0,13.0,40.024635,3,1,PET,UPPER APEX,LANG_02,One-Way,google,Paid Search,MetaSearches,Logged-In,AREA_B,AREA_C,AREA_B_TO_AREA_C,BO,CA,61_120,high,unknown_or_oneway,P,R,0,0.6471787,25.90309162778825
93.0,104.9630527,43.90277777777778,1,1,0,0,0,0,0,0,0,2,1,1057.0,13.0,52.9704308,1,1,PET,NORTH MERIDIAN,LANG_02,Round-Trip,microsoft,Paid Search,Paid Search,Logged-Out,AREA_B,AREA_C,AREA_B_TO_AREA_C,BI,CA,61_120,very_high,30_plus,Y,O,0,0.4889554,25.90017862148067
84.0,118.3628465,101.65625,1,1,0,0,0,0,0,0,0,2,1,2443.0,21.0,52.9704308,1,1,PET,NORTH MERIDIAN,LANG_02,Round-Trip,google,Email,Email,Logged-Out,AREA_B,AREA_C,AREA_B_TO_AREA_C,BI,CA,61_120,very_high,30_plus,Y,O,0,0.48892468,25.898551041727426
33.0,30.7296684,6.46875,2,2,0,0,0,0,0,0,0,2,1,158.25,15.0,48.3979,4,1,PET,UPPER APEX,LANG_09,Round-Trip,google,Email,Paid Search,Logged-Out,AREA_C,AREA_B,AREA_C_TO_AREA_B,CA,BO,31_60,low,6_8,Y,O,0,0.5350818,25.89683563206792
237.0,309.5349798,13.64236111111111,2,2,0,0,0,0,0,0,0,2,1,333.3333333333333,14.0,76.2374,2,0,PET,UPPER APEX,LANG_09,Round-Trip,mozilla,MetaSearches,MetaSearches,Logged-Out,AREA_B,AREA_C,AREA_B_TO_AREA_C,BE,CA,120_plus,very_high,9_14,Y,W,0,0.33945274,25.878994589614866
6.0,81.1851216,6.524305555555555,3,3,0,0,0,0,0,1,0,4,1,157.5,11.0,51.396,5,0,PET,UPPER APEX,LANG_09,Round-Trip,google,Paid Search,Paid Search,Logged-In,AREA_C,AREA_B,AREA_C_TO_AREA_B,CA,BA,4_7,high,6_8,Y,V,0,0.50342923,25.874248912096025
33.0,87.4562902,15.01736111111111,1,1,0,0,0,0,0,1,0,2,1,364.0833333333333,8.0,50.4417476,1,1,PET,LOWER VERTEX,LANG_02,Round-Trip,apple,Direct,Direct,Logged-In,AREA_D,AREA_C,AREA_D_TO_AREA_C,DA,CA,31_60,high,15_30,Y,O,0,0.51290965,25.872059147389507
35.0,522.4934492,20.010416666666668,2,2,0,0,0,0,0,0,0,2,1,486.9166666666667,17.0,76.2374,2,1,PET,UPPER APEX,LANG_09,Round-Trip,mozilla,Paid Search,Paid Search,Logged-Out,AREA_C,AREA_B,AREA_C_TO_AREA_B,CA,BU,31_60,very_high,15_30,C,I,0,0.33934948,25.871121930915116
26.0,90.8497111,,1,1,0,0,0,0,0,1,0,1,0,20.583333333333332,,50.4417476,4,1,PET,LOWER VERTEX,LANG_02,Round-Trip,apple,Internal,Internal,Logged-In,AREA_D,AREA_C,AREA_D_TO_AREA_C,DA,CA,15_30,high,unknown_or_oneway,Y,O,0,0.5128835,25.870739266475034
23.0,358.0862112,,4,4,0,0,0,0,0,1,1,1,0,4.0,11.0,40.024635,4,1,PET,UPPER APEX,LANG_09,One-Way,google,Paid Search,Paid Search,Logged-In,AREA_B,AREA_C,AREA_B_TO_AREA_C,BO,CA,15_30,very_high,unknown_or_oneway,Y,K,0,0.64635444,25.87010041652799
5.0,61.1385401,,1,1,0,0,0,0,0,0,0,1,0,14.75,16.0,40.2075191,4,1,PET,LOWER VERTEX,LANG_02,One-Way,apple,Paid Search,Paid Search,Logged-Out,AREA_B,AREA_C,AREA_B_TO_AREA_C,BU,CA,4_7,high,unknown_or_oneway,Y,W,0,0.64328504,25.864895375213695
33.0,87.6040537,,1,1,0,0,0,0,0,0,0,1,0,14.5,22.0,40.2075191,4,1,PET,LOWER VERTEX,LANG_02,One-Way,apple,Paid Search,Paid Search,Logged-Out,AREA_B,AREA_C,AREA_B_TO_AREA_C,BU,CA,31_60,high,unknown_or_oneway,Y,S,0,0.64328504,25.864895375213695
11.0,118.369271,16.23611111111111,1,1,0,0,0,0,0,0,0,2,1,404.0833333333333,9.0,51.3741567,2,1,PET,NORTH MERIDIAN,LANG_02,Round-Trip,google,Internal,Internal,Logged-Out,AREA_C,AREA_B,AREA_C_TO_AREA_B,CA,BI,8_14,very_high,15_30,Y,U,0,0.50337195,25.86030964134371
0.0,338.5677236,,2,1,0,1,0,1,0,0,0,2,1,30.5,21.0,51.3236173,4,0,PET,NORTH MERIDIAN,LANG_02,One-Way,google,Direct,Paid Search,Logged-Out,AREA_B,AREA_B,AREA_B_TO_AREA_B,BI,BO,invalid_or_past,very_high,unknown_or_oneway,Y,Q,0,0.50385207,25.859510784564346
25.0,48.95982959999999,3.5243055555555554,3,3,0,0,0,0,0,1,0,4,1,85.5,11.0,51.396,3,0,PET,UPPER APEX,LANG_09,Round-Trip,apple,Direct,Direct,Logged-In,AREA_C,AREA_B,AREA_C_TO_AREA_B,CA,BA,15_30,mid,3_5,Y,O,0,0.5031153,25.858113771915438
81.0,89.4144778,35.576388888888886,1,1,0,0,0,0,0,0,0,2,1,857.3333333333334,10.0,53.8668627,1,1,PET,LOWER VERTEX,LANG_09,Round-Trip,google,Paid Search,Paid Search,Logged-Out,AREA_B,AREA_C,AREA_B_TO_AREA_C,BU,CA,61_120,high,30_plus,Y,L,0,0.47985664,25.848371747975822
168.0,224.831802,23.302083333333332,2,2,0,0,0,0,0,0,0,2,1,575.5,19.0,56.1073,5,1,PET,UPPER APEX,LANG_09,Round-Trip,google,Direct,Direct,Logged-Out,AREA_C,AREA_B,AREA_C_TO_AREA_B,CA,BO,120_plus,very_high,15_30,Y,O,0,0.46068797,25.847957867321373
58.0,208.9487248,17.90277777777778,2,2,0,0,0,0,0,0,0,4,1,433.0,15.0,39.8481754,3,0,PET,NORTH MERIDIAN,LANG_02,Round-Trip,google,Paid Search,Organic Search,Logged-Out,AREA_B,AREA_C,AREA_B_TO_AREA_C,BI,CU,31_60,very_high,15_30,Y,O,0,0.64865273,25.84762785326003
1.0,58.8419955,,1,1,0,0,0,0,0,0,0,1,0,4.416666666666667,14.0,37.1781532,5,1,PET,LOWER ZENITH,LANG_02,One-Way,google,Direct,Email,Logged-Out,AREA_C,AREA_B,AREA_C_TO_AREA_B,CA,BO,0_3,high,unknown_or_oneway,Y,K,0,0.69522667,25.847243620389555
53.0,66.7068684,7.229166666666667,2,2,0,0,0,0,0,0,0,2,1,176.16666666666666,11.0,49.7911599,3,1,PET,UPPER APEX,LANG_09,Round-Trip,apple,MetaSearches,MetaSearches,Logged-Out,AREA_C,AREA_B,AREA_C_TO_AREA_B,CA,BO,31_60,high,6_8,Y,O,0,0.5189381,25.83853111924447
75.0,162.0378824,8.46875,4,2,0,2,0,1,0,0,0,2,1,206.25,10.0,48.3979,4,1,PET,UPPER APEX,LANG_09,Round-Trip,apple,Direct,Direct,Logged-Out,AREA_C,AREA_B,AREA_C_TO_AREA_B,CA,BO,61_120,very_high,9_14,Y,Q,0,0.5337231,25.831077992033958
117.0,126.06967670000002,,1,1,0,0,0,0,0,0,0,1,0,14.416666666666666,11.0,40.5818533,1,1,PET,UPPER VERTEX,LANG_11,One-Way,apple,Direct,Direct,Logged-Out,AREA_C,AREA_C,AREA_C_TO_AREA_C,CA,CA,61_120,very_high,unknown_or_oneway,Y,S,0,0.6363974,25.82618679413045
184.0,418.6623934,38.77777777777778,3,2,0,1,0,1,0,0,0,2,1,933.9166666666666,14.0,47.6856371,3,0,PET,LOWER VERTEX,LANG_09,Round-Trip,google,Paid Search,Paid Search,Logged-Out,AREA_B,AREA_B,AREA_B_TO_AREA_B,BU,BE,120_plus,very_high,30_plus,Y,L,0,0.5415015,25.821845070251513
53.0,95.7340443,23.49652777777778,1,1,0,0,0,0,0,0,0,4,1,565.75,15.0,30.3570474,2,0,PET,LOWER MERIDIAN,LANG_09,Round-Trip,samsung,Direct,Direct,Logged-Out,AREA_B,AREA_C,AREA_B_TO_AREA_C,BO,CI,31_60,high,15_30,C,D,0,0.850597,25.821614174771906
16.0,180.0371899,17.89236111111111,2,2,0,0,0,0,0,0,0,4,1,434.0833333333333,21.0,39.9244128,4,0,PET,NORTH MERIDIAN,LANG_02,Round-Trip,mozilla,Organic Search,Organic Search,Logged-Out,AREA_B,AREA_C,AREA_B_TO_AREA_C,BI,CO,15_30,very_high,15_30,Y,O,0,0.64625996,25.80154955938282
116.0,116.600392,29.65625,1,1,0,0,0,0,0,0,0,2,1,715.0,14.0,52.9704308,1,1,PET,NORTH MERIDIAN,LANG_02,Round-Trip,google,Paid Search,Paid Search,Logged-Out,AREA_B,AREA_C,AREA_B_TO_AREA_C,BI,CA,61_120,very_high,15_30,Y,U,0,0.4870517,25.7993381370212
106.0,90.6522648,30.65625,1,1,0,0,0,0,0,0,0,2,1,739.0,10.0,52.9704308,1,1,PET,NORTH MERIDIAN,LANG_02,Round-Trip,google,Paid Search,Paid Search,Logged-Out,AREA_B,AREA_C,AREA_B_TO_AREA_C,BI,CA,61_120,high,30_plus,Y,O,0,0.4870517,25.7993381370212
56.0,20.3793706,5.871527777777778,2,1,0,0,1,1,0,0,0,2,1,143.91666666666666,2.0,48.3979,4,1,PET,UPPER APEX,LANG_09,Round-Trip,apple,Paid MetaSearches,MetaSearches,Logged-Out,AREA_C,AREA_B,AREA_C_TO_AREA_B,CA,BO,31_60,very_low,6_8,Y,U,0,0.53305405,25.798696789604424
26.0,82.1530796,20.677083333333332,3,2,0,1,0,1,0,1,0,4,1,503.0,16.0,30.2217046,5,0,PET,EAST ZENITH,LANG_02,Round-Trip,apple,Organic Search,Organic Search,Logged-In,AREA_C,AREA_C,AREA_C_TO_AREA_C,CE,CI,15_30,high,15_30,Y,L,0,0.85359,25.79694517998543
174.0,243.14162699999997,7.184027777777778,5,5,0,0,0,0,0,0,0,2,1,175.75,20.0,58.42012,1,0,PET,UPPER APEX,LANG_09,Round-Trip,apple,Direct,Direct,Logged-Out,AREA_B,AREA_B,AREA_B_TO_AREA_B,BE,BA,120_plus,very_high,6_8,Y,Q,0,0.44151506,25.793362686468363
204.0,252.72055649999996,20.57638888888889,2,2,0,0,0,0,0,0,0,2,1,497.3333333333333,22.0,50.5355453,1,1,PET,LOWER VERTEX,LANG_02,Round-Trip,apple,MetaSearches,MetaSearches,Logged-Out,AREA_B,AREA_C,AREA_B_TO_AREA_C,BU,CA,120_plus,very_high,15_30,P,R,0,0.51036566,25.791607181097838
1.0,33.229227200000004,,1,1,0,0,0,0,0,1,0,1,0,2.9166666666666665,11.0,34.6923,3,0,PET,UPPER APEX,LANG_09,One-Way,apple,Direct,Direct,Logged-In,AREA_C,AREA_B,AREA_C_TO_AREA_B,CE,BE,0_3,low,unknown_or_oneway,Y,S,0,0.7434161,25.790813357806208
29.0,106.4445424,156.40277777777777,1,1,0,0,0,0,0,0,0,4,1,3759.25,13.0,40.7480337,5,0,PET,WEST AURORA,LANG_02,Round-Trip,apple,Paid Search,Paid Search,Logged-Out,AREA_C,AREA_D,AREA_C_TO_AREA_D,CU,DA,15_30,very_high,30_plus,Y,W,0,0.632799,25.78531617329253
28.0,146.9034736,64.68055555555556,1,1,0,0,0,0,0,0,0,4,1,1558.9166666666667,1.0,40.7480337,5,0,PET,WEST AURORA,LANG_02,Round-Trip,apple,Paid Search,Paid Search,Logged-Out,AREA_C,AREA_D,AREA_C_TO_AREA_D,CU,DA,15_30,very_high,30_plus,Y,Q,0,0.632799,25.78531617329253
99.0,29.8876306,9.260416666666666,1,1,0,0,0,0,0,0,0,2,1,224.41666666666666,15.0,52.4401954,3,1,PET,SOUTH HORIZON,LANG_09,Round-Trip,apple,Paid Search,Paid Search,Logged-Out,AREA_B,AREA_C,AREA_B_TO_AREA_C,BE,CA,61_120,low,9_14,Y,V,0,0.49169478,25.784570246175544
42.0,188.649018,8.770833333333334,5,3,0,2,0,1,0,1,0,2,1,215.0,14.0,50.4614494,3,1,PET,UPPER APEX,LANG_09,Round-Trip,google,Paid Search,Email,Logged-In,AREA_B,AREA_C,AREA_B_TO_AREA_C,BO,CA,31_60,very_high,9_14,Y,T,0,0.51096207,25.783886591907585
20.0,48.57521619999999,,2,2,0,0,0,0,0,0,0,1,0,2.9166666666666665,13.0,34.6923,3,0,PET,NEW HORIZON,LANG_02,One-Way,google,Organic Search,MetaSearches,Logged-Out,AREA_C,AREA_B,AREA_C_TO_AREA_B,CE,BE,15_30,mid,unknown_or_oneway,Y,W,0,0.7431678,25.782200878268483
83.0,175.9302212,19.77777777777778,2,2,0,0,0,0,0,1,0,2,1,478.0,16.0,45.0717222,1,1,PET,NORTH MERIDIAN,LANG_02,Round-Trip,google,Affiliate,Affiliate,Logged-In,AREA_B,AREA_C,AREA_B_TO_AREA_C,BI,CA,61_120,very_high,15_30,Y,U,0,0.5719376,25.7782135532061
